DateTime,pm10_standard,pm25_standard,pm100_standard,pm10_env,pm25_env,pm100_env,particles_03um,particles_05um,particles_10um,particles_25um,particles_50um,particles_100um,skip,checksum
2025-11-17 16:54:45.364115,0.00000,0.00000,0.00000,0.00000,0.00000,0.00000,168.00000,42.00000,8.00000,2.00000,0.00000,0.00000,38656.00000,542.00000
2025-11-17 16:54:46.305718,0.00000,0.00000,0.00000,0.00000,0.00000,0.00000,192.00000,44.00000,8.00000,2.00000,0.00000,0.00000,38656.00000,568.00000
2025-11-17 16:54:47.045235,0.00000,0.00000,0.00000,0.00000,0.00000,0.00000,192.00000,44.00000,8.00000,2.00000,0.00000,0.00000,38656.00000,568.00000
2025-11-17 16:54:47.755145,0.00000,0.00000,0.00000,0.00000,0.00000,0.00000,192.00000,44.00000,8.00000,2.00000,0.00000,0.00000,38656.00000,568.00000
2025-11-17 16:54:48.619939,0.00000,0.00000,0.00000,0.00000,0.00000,0.00000,144.00000,36.00000,6.00000,0.00000,0.00000,0.00000,38656.00000,508.00000
2025-11-17 16:54:49.563874,0.00000,0.00000,0.00000,0.00000,0.00000,0.00000,144.00000,36.00000,6.00000,0.00000,0.00000,0.00000,38656.00000,508.00000
2025-11-17 16:54:50.437001,0.00000,0.00000,0.00000,0.00000,0.00000,0.00000,144.00000,36.00000,6.00000,0.00000,0.00000,0.00000,38656.00000,508.00000
2025-11-17 16:54:51.268981,0.00000,0.00000,0.00000,0.00000,0.00000,0.00000,174.00000,46.00000,4.00000,0.00000,0.00000,0.00000,38656.00000,546.00000
2025-11-17 16:54:52.205478,0.00000,0.00000,0.00000,0.00000,0.00000,0.00000,174.00000,46.00000,4.00000,0.00000,0.00000,0.00000,38656.00000,546.00000
2025-11-17 16:54:53.034028,0.00000,0.00000,0.00000,0.00000,0.00000,0.00000,174.00000,46.00000,4.00000,0.00000,0.00000,0.00000,38656.00000,546.00000
2025-11-17 16:54:53.890477,0.00000,0.00000,0.00000,0.00000,0.00000,0.00000,180.00000,50.00000,2.00000,0.00000,0.00000,0.00000,38656.00000,554.00000
2025-11-17 16:54:54.794867,0.00000,0.00000,0.00000,0.00000,0.00000,0.00000,180.00000,50.00000,2.00000,0.00000,0.00000,0.00000,38656.00000,554.00000
2025-11-17 16:54:55.642604,0.00000,0.00000,0.00000,0.00000,0.00000,0.00000,180.00000,50.00000,2.00000,0.00000,0.00000,0.00000,38656.00000,554.00000
2025-11-17 16:54:56.588459,0.00000,0.00000,0.00000,0.00000,0.00000,0.00000,186.00000,52.00000,2.00000,0.00000,0.00000,0.00000,38656.00000,562.00000
2025-11-17 16:54:57.491342,0.00000,0.00000,0.00000,0.00000,0.00000,0.00000,186.00000,52.00000,2.00000,0.00000,0.00000,0.00000,38656.00000,562.00000
2025-11-17 16:54:58.320082,0.00000,0.00000,0.00000,0.00000,0.00000,0.00000,186.00000,52.00000,2.00000,0.00000,0.00000,0.00000,38656.00000,562.00000
2025-11-17 16:54:59.084763,0.00000,0.00000,0.00000,0.00000,0.00000,0.00000,180.00000,50.00000,4.00000,0.00000,0.00000,0.00000,38656.00000,556.00000
2025-11-17 16:55:00.067738,0.00000,0.00000,0.00000,0.00000,0.00000,0.00000,180.00000,50.00000,4.00000,0.00000,0.00000,0.00000,38656.00000,556.00000
2025-11-17 16:55:00.883159,0.00000,0.00000,0.00000,0.00000,0.00000,0.00000,180.00000,50.00000,4.00000,0.00000,0.00000,0.00000,38656.00000,556.00000
2025-11-17 16:55:01.723126,0.00000,0.00000,0.00000,0.00000,0.00000,0.00000,180.00000,48.00000,4.00000,0.00000,0.00000,0.00000,38656.00000,554.00000
2025-11-17 16:55:02.594510,0.00000,0.00000,0.00000,0.00000,0.00000,0.00000,180.00000,48.00000,4.00000,0.00000,0.00000,0.00000,38656.00000,554.00000
2025-11-17 16:55:03.220373,0.00000,0.00000,0.00000,0.00000,0.00000,0.00000,180.00000,48.00000,4.00000,0.00000,0.00000,0.00000,38656.00000,554.00000
2025-11-17 16:55:04.295794,0.00000,0.00000,0.00000,0.00000,0.00000,0.00000,174.00000,50.00000,4.00000,0.00000,0.00000,0.00000,38656.00000,550.00000
2025-11-17 16:55:05.125097,0.00000,0.00000,0.00000,0.00000,0.00000,0.00000,174.00000,50.00000,4.00000,0.00000,0.00000,0.00000,38656.00000,550.00000
2025-11-17 16:55:06.028017,0.00000,0.00000,0.00000,0.00000,0.00000,0.00000,174.00000,50.00000,4.00000,0.00000,0.00000,0.00000,38656.00000,550.00000
2025-11-17 16:55:06.804012,0.00000,0.00000,0.00000,0.00000,0.00000,0.00000,174.00000,50.00000,6.00000,0.00000,0.00000,0.00000,38656.00000,552.00000
2025-11-17 16:55:07.687625,0.00000,0.00000,0.00000,0.00000,0.00000,0.00000,174.00000,50.00000,6.00000,0.00000,0.00000,0.00000,38656.00000,552.00000
2025-11-17 16:55:08.643179,0.00000,0.00000,0.00000,0.00000,0.00000,0.00000,174.00000,50.00000,6.00000,0.00000,0.00000,0.00000,38656.00000,552.00000
2025-11-17 16:55:09.430974,0.00000,0.00000,0.00000,0.00000,0.00000,0.00000,192.00000,52.00000,6.00000,0.00000,0.00000,0.00000,38656.00000,572.00000
2025-11-17 16:55:10.357233,0.00000,0.00000,0.00000,0.00000,0.00000,0.00000,192.00000,52.00000,6.00000,0.00000,0.00000,0.00000,38656.00000,572.00000
2025-11-17 16:55:11.156779,0.00000,0.00000,0.00000,0.00000,0.00000,0.00000,192.00000,52.00000,6.00000,0.00000,0.00000,0.00000,38656.00000,572.00000
2025-11-17 16:55:11.939828,0.00000,0.00000,0.00000,0.00000,0.00000,0.00000,168.00000,50.00000,6.00000,0.00000,0.00000,0.00000,38656.00000,546.00000
2025-11-17 16:55:12.907270,0.00000,0.00000,0.00000,0.00000,0.00000,0.00000,168.00000,50.00000,6.00000,0.00000,0.00000,0.00000,38656.00000,546.00000
2025-11-17 16:55:13.792780,0.00000,0.00000,0.00000,0.00000,0.00000,0.00000,168.00000,50.00000,6.00000,0.00000,0.00000,0.00000,38656.00000,546.00000
2025-11-17 16:55:14.544777,0.00000,0.00000,0.00000,0.00000,0.00000,0.00000,174.00000,52.00000,6.00000,0.00000,0.00000,0.00000,38656.00000,554.00000
2025-11-17 16:55:15.505926,0.00000,0.00000,0.00000,0.00000,0.00000,0.00000,174.00000,52.00000,6.00000,0.00000,0.00000,0.00000,38656.00000,554.00000
2025-11-17 16:55:16.433126,0.00000,0.00000,0.00000,0.00000,0.00000,0.00000,174.00000,52.00000,6.00000,0.00000,0.00000,0.00000,38656.00000,554.00000
2025-11-17 16:55:17.362175,0.00000,0.00000,0.00000,0.00000,0.00000,0.00000,144.00000,42.00000,6.00000,0.00000,0.00000,0.00000,38656.00000,514.00000
2025-11-17 16:55:18.172395,0.00000,0.00000,0.00000,0.00000,0.00000,0.00000,144.00000,42.00000,6.00000,0.00000,0.00000,0.00000,38656.00000,514.00000
2025-11-17 16:55:18.875783,0.00000,0.00000,0.00000,0.00000,0.00000,0.00000,144.00000,42.00000,6.00000,0.00000,0.00000,0.00000,38656.00000,514.00000
2025-11-17 16:55:19.822725,0.00000,0.00000,0.00000,0.00000,0.00000,0.00000,132.00000,38.00000,6.00000,0.00000,0.00000,0.00000,38656.00000,498.00000
2025-11-17 16:55:20.676791,0.00000,0.00000,0.00000,0.00000,0.00000,0.00000,132.00000,38.00000,6.00000,0.00000,0.00000,0.00000,38656.00000,498.00000
2025-11-17 16:55:21.616088,0.00000,0.00000,0.00000,0.00000,0.00000,0.00000,132.00000,38.00000,6.00000,0.00000,0.00000,0.00000,38656.00000,498.00000
2025-11-17 16:55:22.338813,0.00000,0.00000,0.00000,0.00000,0.00000,0.00000,132.00000,38.00000,8.00000,0.00000,0.00000,0.00000,38656.00000,500.00000
2025-11-17 16:55:23.335936,0.00000,0.00000,0.00000,0.00000,0.00000,0.00000,132.00000,38.00000,8.00000,0.00000,0.00000,0.00000,38656.00000,500.00000
2025-11-17 16:55:24.037651,0.00000,0.00000,0.00000,0.00000,0.00000,0.00000,132.00000,38.00000,8.00000,0.00000,0.00000,0.00000,38656.00000,500.00000
2025-11-17 16:55:24.947426,0.00000,0.00000,0.00000,0.00000,0.00000,0.00000,126.00000,34.00000,6.00000,0.00000,0.00000,0.00000,38656.00000,488.00000
2025-11-17 16:55:25.868181,0.00000,0.00000,0.00000,0.00000,0.00000,0.00000,126.00000,34.00000,6.00000,0.00000,0.00000,0.00000,38656.00000,488.00000
2025-11-17 16:55:26.691342,0.00000,0.00000,0.00000,0.00000,0.00000,0.00000,126.00000,34.00000,6.00000,0.00000,0.00000,0.00000,38656.00000,488.00000
2025-11-17 16:55:27.465908,0.00000,0.00000,0.00000,0.00000,0.00000,0.00000,114.00000,32.00000,6.00000,0.00000,0.00000,0.00000,38656.00000,474.00000
2025-11-17 16:55:28.239539,0.00000,0.00000,0.00000,0.00000,0.00000,0.00000,114.00000,32.00000,6.00000,0.00000,0.00000,0.00000,38656.00000,474.00000
2025-11-17 16:55:29.255708,0.00000,0.00000,0.00000,0.00000,0.00000,0.00000,114.00000,32.00000,6.00000,0.00000,0.00000,0.00000,38656.00000,474.00000
2025-11-17 16:55:30.154264,0.00000,0.00000,0.00000,0.00000,0.00000,0.00000,126.00000,36.00000,6.00000,0.00000,0.00000,0.00000,38656.00000,490.00000
2025-11-17 16:55:31.001506,0.00000,0.00000,0.00000,0.00000,0.00000,0.00000,126.00000,36.00000,6.00000,0.00000,0.00000,0.00000,38656.00000,490.00000
2025-11-17 16:55:31.881840,0.00000,0.00000,0.00000,0.00000,0.00000,0.00000,126.00000,36.00000,6.00000,0.00000,0.00000,0.00000,38656.00000,490.00000
2025-11-17 16:55:32.710752,0.00000,0.00000,0.00000,0.00000,0.00000,0.00000,120.00000,34.00000,4.00000,0.00000,0.00000,0.00000,38656.00000,480.00000
2025-11-17 16:55:33.619853,0.00000,0.00000,0.00000,0.00000,0.00000,0.00000,120.00000,34.00000,4.00000,0.00000,0.00000,0.00000,38656.00000,480.00000
2025-11-17 16:55:34.429451,0.00000,0.00000,0.00000,0.00000,0.00000,0.00000,120.00000,34.00000,4.00000,0.00000,0.00000,0.00000,38656.00000,480.00000
2025-11-17 16:55:35.368396,0.00000,0.00000,0.00000,0.00000,0.00000,0.00000,90.00000,28.00000,2.00000,0.00000,0.00000,0.00000,38656.00000,442.00000
2025-11-17 16:55:36.228671,0.00000,0.00000,0.00000,0.00000,0.00000,0.00000,90.00000,28.00000,2.00000,0.00000,0.00000,0.00000,38656.00000,442.00000
2025-11-17 16:55:36.993245,0.00000,0.00000,0.00000,0.00000,0.00000,0.00000,90.00000,28.00000,2.00000,0.00000,0.00000,0.00000,38656.00000,442.00000
2025-11-17 16:55:37.841735,0.00000,0.00000,0.00000,0.00000,0.00000,0.00000,102.00000,32.00000,4.00000,2.00000,0.00000,0.00000,38656.00000,462.00000
2025-11-17 16:55:38.795960,0.00000,0.00000,0.00000,0.00000,0.00000,0.00000,102.00000,32.00000,4.00000,2.00000,0.00000,0.00000,38656.00000,462.00000
2025-11-17 16:55:39.640886,0.00000,0.00000,0.00000,0.00000,0.00000,0.00000,102.00000,32.00000,4.00000,2.00000,0.00000,0.00000,38656.00000,462.00000
2025-11-17 16:55:40.402461,0.00000,0.00000,0.00000,0.00000,0.00000,0.00000,108.00000,34.00000,4.00000,2.00000,0.00000,0.00000,38656.00000,470.00000
2025-11-17 16:55:41.493113,0.00000,0.00000,0.00000,0.00000,0.00000,0.00000,108.00000,34.00000,4.00000,2.00000,0.00000,0.00000,38656.00000,470.00000
2025-11-17 16:55:42.320705,0.00000,0.00000,0.00000,0.00000,0.00000,0.00000,108.00000,34.00000,4.00000,2.00000,0.00000,0.00000,38656.00000,470.00000
2025-11-17 16:55:43.066526,0.00000,0.00000,0.00000,0.00000,0.00000,0.00000,132.00000,40.00000,4.00000,2.00000,0.00000,0.00000,38656.00000,500.00000
2025-11-17 16:55:43.961743,0.00000,0.00000,0.00000,0.00000,0.00000,0.00000,132.00000,40.00000,4.00000,2.00000,0.00000,0.00000,38656.00000,500.00000
2025-11-17 16:55:44.791090,0.00000,0.00000,0.00000,0.00000,0.00000,0.00000,132.00000,40.00000,4.00000,2.00000,0.00000,0.00000,38656.00000,500.00000
2025-11-17 16:55:45.596487,0.00000,0.00000,0.00000,0.00000,0.00000,0.00000,144.00000,42.00000,4.00000,2.00000,0.00000,0.00000,38656.00000,514.00000
2025-11-17 16:55:46.616449,0.00000,0.00000,0.00000,0.00000,0.00000,0.00000,144.00000,42.00000,4.00000,2.00000,0.00000,0.00000,38656.00000,514.00000
2025-11-17 16:55:47.449605,0.00000,0.00000,0.00000,0.00000,0.00000,0.00000,144.00000,42.00000,4.00000,2.00000,0.00000,0.00000,38656.00000,514.00000
2025-11-17 16:55:48.327973,0.00000,0.00000,0.00000,0.00000,0.00000,0.00000,144.00000,42.00000,2.00000,2.00000,0.00000,0.00000,38656.00000,512.00000
2025-11-17 16:55:49.167963,0.00000,0.00000,0.00000,0.00000,0.00000,0.00000,144.00000,42.00000,2.00000,2.00000,0.00000,0.00000,38656.00000,512.00000
2025-11-17 16:55:50.095904,0.00000,0.00000,0.00000,0.00000,0.00000,0.00000,144.00000,42.00000,2.00000,2.00000,0.00000,0.00000,38656.00000,512.00000
2025-11-17 16:55:50.752209,0.00000,0.00000,0.00000,0.00000,0.00000,0.00000,150.00000,46.00000,4.00000,2.00000,0.00000,0.00000,38656.00000,524.00000
2025-11-17 16:55:51.810398,0.00000,0.00000,0.00000,0.00000,0.00000,0.00000,150.00000,46.00000,4.00000,2.00000,0.00000,0.00000,38656.00000,524.00000
2025-11-17 16:55:52.623741,0.00000,0.00000,0.00000,0.00000,0.00000,0.00000,150.00000,46.00000,4.00000,2.00000,0.00000,0.00000,38656.00000,524.00000
2025-11-17 16:55:53.398831,0.00000,0.00000,0.00000,0.00000,0.00000,0.00000,150.00000,46.00000,4.00000,2.00000,0.00000,0.00000,38656.00000,524.00000
2025-11-17 16:55:54.307336,0.00000,0.00000,0.00000,0.00000,0.00000,0.00000,150.00000,46.00000,4.00000,2.00000,0.00000,0.00000,38656.00000,524.00000
2025-11-17 16:55:55.184648,0.00000,0.00000,0.00000,0.00000,0.00000,0.00000,150.00000,46.00000,4.00000,2.00000,0.00000,0.00000,38656.00000,524.00000
2025-11-17 16:55:56.021805,0.00000,0.00000,0.00000,0.00000,0.00000,0.00000,156.00000,46.00000,6.00000,2.00000,0.00000,0.00000,38656.00000,532.00000
2025-11-17 16:55:56.902123,0.00000,0.00000,0.00000,0.00000,0.00000,0.00000,156.00000,46.00000,6.00000,2.00000,0.00000,0.00000,38656.00000,532.00000
2025-11-17 16:55:57.755091,0.00000,0.00000,0.00000,0.00000,0.00000,0.00000,156.00000,46.00000,6.00000,2.00000,0.00000,0.00000,38656.00000,532.00000
2025-11-17 16:55:58.634501,0.00000,0.00000,0.00000,0.00000,0.00000,0.00000,180.00000,54.00000,10.00000,2.00000,0.00000,0.00000,38656.00000,568.00000
2025-11-17 16:55:59.516955,0.00000,0.00000,0.00000,0.00000,0.00000,0.00000,180.00000,54.00000,10.00000,2.00000,0.00000,0.00000,38656.00000,568.00000
2025-11-17 16:56:00.111452,0.00000,0.00000,0.00000,0.00000,0.00000,0.00000,180.00000,54.00000,10.00000,2.00000,0.00000,0.00000,38656.00000,568.00000
2025-11-17 16:56:01.174142,0.00000,0.00000,1.00000,0.00000,0.00000,1.00000,186.00000,56.00000,12.00000,4.00000,0.00000,0.00000,38656.00000,582.00000
2025-11-17 16:56:02.034521,0.00000,0.00000,1.00000,0.00000,0.00000,1.00000,186.00000,56.00000,12.00000,4.00000,0.00000,0.00000,38656.00000,582.00000
2025-11-17 16:56:02.881463,0.00000,0.00000,1.00000,0.00000,0.00000,1.00000,186.00000,56.00000,12.00000,4.00000,0.00000,0.00000,38656.00000,582.00000
2025-11-17 16:56:03.696764,0.00000,0.00000,0.00000,0.00000,0.00000,0.00000,198.00000,60.00000,12.00000,2.00000,0.00000,0.00000,38656.00000,594.00000
2025-11-17 16:56:04.734083,0.00000,0.00000,0.00000,0.00000,0.00000,0.00000,198.00000,60.00000,12.00000,2.00000,0.00000,0.00000,38656.00000,594.00000
2025-11-17 16:56:05.503810,0.00000,0.00000,0.00000,0.00000,0.00000,0.00000,198.00000,60.00000,12.00000,2.00000,0.00000,0.00000,38656.00000,594.00000
2025-11-17 16:56:06.347380,0.00000,0.00000,0.00000,0.00000,0.00000,0.00000,186.00000,56.00000,12.00000,2.00000,0.00000,0.00000,38656.00000,578.00000
2025-11-17 16:56:07.347307,0.00000,0.00000,0.00000,0.00000,0.00000,0.00000,186.00000,56.00000,12.00000,2.00000,0.00000,0.00000,38656.00000,578.00000
2025-11-17 16:56:08.102144,0.00000,0.00000,0.00000,0.00000,0.00000,0.00000,186.00000,56.00000,12.00000,2.00000,0.00000,0.00000,38656.00000,578.00000
2025-11-17 16:56:08.877471,0.00000,0.00000,0.00000,0.00000,0.00000,0.00000,174.00000,54.00000,12.00000,2.00000,0.00000,0.00000,38656.00000,564.00000
2025-11-17 16:56:09.855718,0.00000,1.00000,1.00000,0.00000,1.00000,1.00000,174.00000,54.00000,12.00000,2.00000,0.00000,0.00000,38656.00000,568.00000
2025-11-17 16:56:10.706882,0.00000,1.00000,1.00000,0.00000,1.00000,1.00000,174.00000,54.00000,12.00000,2.00000,0.00000,0.00000,38656.00000,568.00000
2025-11-17 16:56:11.499204,0.00000,1.00000,1.00000,0.00000,1.00000,1.00000,162.00000,52.00000,12.00000,2.00000,0.00000,0.00000,38656.00000,554.00000
2025-11-17 16:56:12.439354,0.00000,0.00000,0.00000,0.00000,0.00000,0.00000,162.00000,52.00000,12.00000,2.00000,0.00000,0.00000,38656.00000,550.00000
2025-11-17 16:56:13.317954,0.00000,0.00000,0.00000,0.00000,0.00000,0.00000,162.00000,52.00000,12.00000,2.00000,0.00000,0.00000,38656.00000,550.00000
2025-11-17 16:56:14.145307,0.00000,0.00000,1.00000,0.00000,0.00000,1.00000,162.00000,52.00000,14.00000,2.00000,0.00000,0.00000,38656.00000,554.00000
2025-11-17 16:56:15.070301,0.00000,0.00000,1.00000,0.00000,0.00000,1.00000,162.00000,52.00000,14.00000,2.00000,0.00000,0.00000,38656.00000,554.00000
2025-11-17 16:56:15.918516,0.00000,0.00000,1.00000,0.00000,0.00000,1.00000,162.00000,52.00000,14.00000,2.00000,0.00000,0.00000,38656.00000,554.00000
2025-11-17 16:56:16.673402,0.00000,0.00000,0.00000,0.00000,0.00000,0.00000,150.00000,48.00000,12.00000,2.00000,0.00000,0.00000,38656.00000,534.00000
2025-11-17 16:56:17.558309,0.00000,0.00000,0.00000,0.00000,0.00000,0.00000,150.00000,48.00000,12.00000,2.00000,0.00000,0.00000,38656.00000,534.00000
2025-11-17 16:56:18.413407,0.00000,0.00000,0.00000,0.00000,0.00000,0.00000,150.00000,48.00000,12.00000,2.00000,0.00000,0.00000,38656.00000,534.00000
2025-11-17 16:56:19.268167,0.00000,0.00000,1.00000,0.00000,0.00000,1.00000,180.00000,56.00000,12.00000,2.00000,0.00000,0.00000,38656.00000,574.00000
2025-11-17 16:56:20.230751,0.00000,0.00000,1.00000,0.00000,0.00000,1.00000,180.00000,56.00000,12.00000,2.00000,0.00000,0.00000,38656.00000,574.00000
2025-11-17 16:56:21.060930,0.00000,0.00000,1.00000,0.00000,0.00000,1.00000,180.00000,56.00000,12.00000,2.00000,0.00000,0.00000,38656.00000,574.00000
2025-11-17 16:56:21.903753,0.00000,0.00000,0.00000,0.00000,0.00000,0.00000,168.00000,54.00000,10.00000,2.00000,0.00000,0.00000,38656.00000,556.00000
2025-11-17 16:56:22.890921,0.00000,0.00000,0.00000,0.00000,0.00000,0.00000,168.00000,54.00000,10.00000,2.00000,0.00000,0.00000,38656.00000,556.00000
2025-11-17 16:56:23.646048,0.00000,0.00000,0.00000,0.00000,0.00000,0.00000,168.00000,54.00000,10.00000,2.00000,0.00000,0.00000,38656.00000,556.00000
2025-11-17 16:56:24.402418,0.00000,0.00000,0.00000,0.00000,0.00000,0.00000,162.00000,46.00000,6.00000,2.00000,0.00000,0.00000,38656.00000,538.00000
2025-11-17 16:56:25.432378,0.00000,0.00000,0.00000,0.00000,0.00000,0.00000,162.00000,46.00000,6.00000,2.00000,0.00000,0.00000,38656.00000,538.00000
2025-11-17 16:56:26.214966,0.00000,0.00000,0.00000,0.00000,0.00000,0.00000,162.00000,46.00000,6.00000,2.00000,0.00000,0.00000,38656.00000,538.00000
2025-11-17 16:56:27.125508,0.00000,0.00000,0.00000,0.00000,0.00000,0.00000,150.00000,42.00000,4.00000,0.00000,0.00000,0.00000,38656.00000,518.00000
2025-11-17 16:56:27.931575,0.00000,0.00000,0.00000,0.00000,0.00000,0.00000,150.00000,42.00000,4.00000,0.00000,0.00000,0.00000,38656.00000,518.00000
2025-11-17 16:56:28.840967,0.00000,0.00000,0.00000,0.00000,0.00000,0.00000,150.00000,42.00000,4.00000,0.00000,0.00000,0.00000,38656.00000,518.00000
2025-11-17 16:56:29.653786,0.00000,0.00000,0.00000,0.00000,0.00000,0.00000,156.00000,42.00000,8.00000,0.00000,0.00000,0.00000,38656.00000,528.00000
2025-11-17 16:56:30.593745,0.00000,0.00000,0.00000,0.00000,0.00000,0.00000,156.00000,42.00000,8.00000,0.00000,0.00000,0.00000,38656.00000,528.00000
2025-11-17 16:56:31.415299,0.00000,0.00000,0.00000,0.00000,0.00000,0.00000,156.00000,42.00000,8.00000,0.00000,0.00000,0.00000,38656.00000,528.00000
2025-11-17 16:56:32.235821,0.00000,1.00000,1.00000,0.00000,1.00000,1.00000,192.00000,52.00000,8.00000,0.00000,0.00000,0.00000,38656.00000,578.00000
2025-11-17 16:56:33.221792,0.00000,0.00000,0.00000,0.00000,0.00000,0.00000,192.00000,52.00000,8.00000,0.00000,0.00000,0.00000,38656.00000,574.00000
2025-11-17 16:56:34.004475,0.00000,0.00000,0.00000,0.00000,0.00000,0.00000,192.00000,52.00000,8.00000,0.00000,0.00000,0.00000,38656.00000,574.00000
2025-11-17 16:56:34.933331,0.00000,0.00000,0.00000,0.00000,0.00000,0.00000,198.00000,54.00000,12.00000,0.00000,0.00000,0.00000,38656.00000,586.00000
2025-11-17 16:56:35.633638,0.00000,0.00000,0.00000,0.00000,0.00000,0.00000,198.00000,54.00000,12.00000,0.00000,0.00000,0.00000,38656.00000,586.00000
2025-11-17 16:56:36.514279,0.00000,0.00000,0.00000,0.00000,0.00000,0.00000,198.00000,54.00000,12.00000,0.00000,0.00000,0.00000,38656.00000,586.00000
2025-11-17 16:56:37.435499,0.00000,0.00000,0.00000,0.00000,0.00000,0.00000,204.00000,54.00000,12.00000,0.00000,0.00000,0.00000,38656.00000,592.00000
2025-11-17 16:56:38.272358,0.00000,0.00000,0.00000,0.00000,0.00000,0.00000,204.00000,54.00000,12.00000,0.00000,0.00000,0.00000,38656.00000,592.00000
2025-11-17 16:56:39.255571,0.00000,0.00000,0.00000,0.00000,0.00000,0.00000,204.00000,54.00000,12.00000,0.00000,0.00000,0.00000,38656.00000,592.00000
2025-11-17 16:56:39.970653,0.00000,0.00000,0.00000,0.00000,0.00000,0.00000,204.00000,52.00000,12.00000,0.00000,0.00000,0.00000,38656.00000,590.00000
2025-11-17 16:56:40.911649,0.00000,0.00000,0.00000,0.00000,0.00000,0.00000,204.00000,52.00000,12.00000,0.00000,0.00000,0.00000,38656.00000,590.00000
2025-11-17 16:56:41.730950,0.00000,0.00000,0.00000,0.00000,0.00000,0.00000,204.00000,52.00000,12.00000,0.00000,0.00000,0.00000,38656.00000,590.00000
2025-11-17 16:56:42.532161,0.00000,0.00000,0.00000,0.00000,0.00000,0.00000,210.00000,54.00000,12.00000,0.00000,0.00000,0.00000,38656.00000,598.00000
2025-11-17 16:56:43.531035,0.00000,0.00000,0.00000,0.00000,0.00000,0.00000,210.00000,54.00000,12.00000,0.00000,0.00000,0.00000,38656.00000,598.00000
2025-11-17 16:56:44.368392,0.00000,0.00000,0.00000,0.00000,0.00000,0.00000,210.00000,54.00000,12.00000,0.00000,0.00000,0.00000,38656.00000,598.00000
2025-11-17 16:56:45.254448,0.00000,0.00000,0.00000,0.00000,0.00000,0.00000,198.00000,52.00000,12.00000,0.00000,0.00000,0.00000,38656.00000,584.00000
2025-11-17 16:56:46.084749,0.00000,0.00000,0.00000,0.00000,0.00000,0.00000,198.00000,52.00000,12.00000,0.00000,0.00000,0.00000,38656.00000,584.00000
2025-11-17 16:56:46.984421,0.00000,0.00000,0.00000,0.00000,0.00000,0.00000,198.00000,52.00000,12.00000,0.00000,0.00000,0.00000,38656.00000,584.00000
2025-11-17 16:56:47.772571,0.00000,0.00000,0.00000,0.00000,0.00000,0.00000,198.00000,52.00000,12.00000,0.00000,0.00000,0.00000,38656.00000,584.00000
2025-11-17 16:56:48.771105,0.00000,0.00000,0.00000,0.00000,0.00000,0.00000,198.00000,52.00000,12.00000,0.00000,0.00000,0.00000,38656.00000,584.00000
2025-11-17 16:56:49.453422,0.00000,0.00000,0.00000,0.00000,0.00000,0.00000,198.00000,52.00000,12.00000,0.00000,0.00000,0.00000,38656.00000,584.00000
2025-11-17 16:56:50.414868,0.00000,0.00000,0.00000,0.00000,0.00000,0.00000,198.00000,58.00000,16.00000,0.00000,0.00000,0.00000,38656.00000,594.00000
2025-11-17 16:56:51.301375,0.00000,1.00000,1.00000,0.00000,1.00000,1.00000,198.00000,58.00000,16.00000,0.00000,0.00000,0.00000,38656.00000,598.00000
2025-11-17 16:56:52.134184,0.00000,1.00000,1.00000,0.00000,1.00000,1.00000,198.00000,58.00000,16.00000,0.00000,0.00000,0.00000,38656.00000,598.00000
2025-11-17 16:56:53.042389,0.00000,1.00000,1.00000,0.00000,1.00000,1.00000,204.00000,60.00000,16.00000,0.00000,0.00000,0.00000,38656.00000,606.00000
2025-11-17 16:56:53.838345,0.00000,1.00000,1.00000,0.00000,1.00000,1.00000,204.00000,60.00000,16.00000,0.00000,0.00000,0.00000,38656.00000,606.00000
2025-11-17 16:56:54.621503,0.00000,1.00000,1.00000,0.00000,1.00000,1.00000,204.00000,60.00000,16.00000,0.00000,0.00000,0.00000,38656.00000,606.00000
2025-11-17 16:56:55.525842,0.00000,1.00000,1.00000,0.00000,1.00000,1.00000,174.00000,52.00000,10.00000,0.00000,0.00000,0.00000,38656.00000,562.00000
2025-11-17 16:56:56.492176,0.00000,1.00000,1.00000,0.00000,1.00000,1.00000,174.00000,52.00000,10.00000,0.00000,0.00000,0.00000,38656.00000,562.00000
2025-11-17 16:56:57.294326,0.00000,1.00000,1.00000,0.00000,1.00000,1.00000,174.00000,52.00000,10.00000,0.00000,0.00000,0.00000,38656.00000,562.00000
2025-11-17 16:56:58.099048,0.00000,1.00000,1.00000,0.00000,1.00000,1.00000,168.00000,48.00000,14.00000,0.00000,0.00000,0.00000,38656.00000,556.00000
2025-11-17 16:56:59.038316,0.00000,1.00000,1.00000,0.00000,1.00000,1.00000,168.00000,48.00000,14.00000,0.00000,0.00000,0.00000,38656.00000,556.00000
2025-11-17 16:56:59.798840,0.00000,0.00000,0.00000,0.00000,0.00000,0.00000,168.00000,48.00000,14.00000,0.00000,0.00000,0.00000,38656.00000,552.00000
2025-11-17 16:57:00.717675,0.00000,0.00000,0.00000,0.00000,0.00000,0.00000,156.00000,44.00000,10.00000,0.00000,0.00000,0.00000,38656.00000,532.00000
2025-11-17 16:57:01.601152,0.00000,0.00000,0.00000,0.00000,0.00000,0.00000,156.00000,44.00000,10.00000,0.00000,0.00000,0.00000,38656.00000,532.00000
2025-11-17 16:57:02.460839,0.00000,0.00000,0.00000,0.00000,0.00000,0.00000,156.00000,44.00000,10.00000,0.00000,0.00000,0.00000,38656.00000,532.00000
2025-11-17 16:57:03.246131,0.00000,0.00000,0.00000,0.00000,0.00000,0.00000,144.00000,42.00000,10.00000,0.00000,0.00000,0.00000,38656.00000,518.00000
2025-11-17 16:57:04.217229,0.00000,0.00000,0.00000,0.00000,0.00000,0.00000,144.00000,42.00000,10.00000,0.00000,0.00000,0.00000,38656.00000,518.00000
2025-11-17 16:57:05.014033,0.00000,0.00000,0.00000,0.00000,0.00000,0.00000,144.00000,42.00000,10.00000,0.00000,0.00000,0.00000,38656.00000,518.00000
2025-11-17 16:57:05.927710,0.00000,0.00000,0.00000,0.00000,0.00000,0.00000,180.00000,50.00000,14.00000,2.00000,0.00000,0.00000,38656.00000,568.00000
2025-11-17 16:57:06.727752,0.00000,0.00000,0.00000,0.00000,0.00000,0.00000,180.00000,50.00000,14.00000,2.00000,0.00000,0.00000,38656.00000,568.00000
2025-11-17 16:57:07.661994,0.00000,0.00000,0.00000,0.00000,0.00000,0.00000,180.00000,50.00000,14.00000,2.00000,0.00000,0.00000,38656.00000,568.00000
2025-11-17 16:57:08.450173,0.00000,0.00000,0.00000,0.00000,0.00000,0.00000,174.00000,48.00000,14.00000,2.00000,0.00000,0.00000,38656.00000,560.00000
2025-11-17 16:57:09.397247,0.00000,0.00000,0.00000,0.00000,0.00000,0.00000,174.00000,48.00000,14.00000,2.00000,0.00000,0.00000,38656.00000,560.00000
2025-11-17 16:57:10.179326,0.00000,0.00000,0.00000,0.00000,0.00000,0.00000,174.00000,48.00000,14.00000,2.00000,0.00000,0.00000,38656.00000,560.00000
2025-11-17 16:57:11.148779,0.00000,0.00000,0.00000,0.00000,0.00000,0.00000,168.00000,46.00000,18.00000,2.00000,0.00000,0.00000,38656.00000,556.00000
2025-11-17 16:57:11.945336,0.00000,1.00000,1.00000,0.00000,1.00000,1.00000,168.00000,46.00000,18.00000,2.00000,0.00000,0.00000,38656.00000,560.00000
2025-11-17 16:57:12.856395,0.00000,1.00000,1.00000,0.00000,1.00000,1.00000,168.00000,46.00000,18.00000,2.00000,0.00000,0.00000,38656.00000,560.00000
2025-11-17 16:57:13.664552,0.00000,1.00000,1.00000,0.00000,1.00000,1.00000,162.00000,44.00000,20.00000,2.00000,0.00000,0.00000,38656.00000,554.00000
2025-11-17 16:57:14.600008,0.00000,1.00000,1.00000,0.00000,1.00000,1.00000,162.00000,44.00000,20.00000,2.00000,0.00000,0.00000,38656.00000,554.00000
2025-11-17 16:57:15.413127,0.00000,0.00000,0.00000,0.00000,0.00000,0.00000,162.00000,44.00000,20.00000,2.00000,0.00000,0.00000,38656.00000,550.00000
2025-11-17 16:57:16.318842,0.00000,0.00000,0.00000,0.00000,0.00000,0.00000,162.00000,44.00000,16.00000,2.00000,0.00000,0.00000,38656.00000,546.00000
2025-11-17 16:57:17.128361,0.00000,0.00000,0.00000,0.00000,0.00000,0.00000,162.00000,44.00000,16.00000,2.00000,0.00000,0.00000,38656.00000,546.00000
2025-11-17 16:57:18.037489,0.00000,1.00000,1.00000,0.00000,1.00000,1.00000,162.00000,44.00000,16.00000,2.00000,0.00000,0.00000,38656.00000,550.00000
2025-11-17 16:57:18.816965,0.00000,1.00000,1.00000,0.00000,1.00000,1.00000,168.00000,44.00000,16.00000,2.00000,0.00000,0.00000,38656.00000,556.00000
2025-11-17 16:57:19.697304,0.00000,1.00000,1.00000,0.00000,1.00000,1.00000,168.00000,44.00000,16.00000,2.00000,0.00000,0.00000,38656.00000,556.00000
2025-11-17 16:57:20.520252,0.00000,1.00000,1.00000,0.00000,1.00000,1.00000,168.00000,44.00000,16.00000,2.00000,0.00000,0.00000,38656.00000,556.00000
2025-11-17 16:57:21.454468,0.00000,1.00000,1.00000,0.00000,1.00000,1.00000,192.00000,50.00000,16.00000,2.00000,0.00000,0.00000,38656.00000,586.00000
2025-11-17 16:57:22.316844,0.00000,1.00000,1.00000,0.00000,1.00000,1.00000,192.00000,50.00000,16.00000,2.00000,0.00000,0.00000,38656.00000,586.00000
2025-11-17 16:57:23.225783,0.00000,1.00000,1.00000,0.00000,1.00000,1.00000,192.00000,50.00000,16.00000,2.00000,0.00000,0.00000,38656.00000,586.00000
2025-11-17 16:57:24.078963,0.00000,0.00000,0.00000,0.00000,0.00000,0.00000,180.00000,50.00000,12.00000,2.00000,0.00000,0.00000,38656.00000,566.00000
2025-11-17 16:57:24.935624,0.00000,0.00000,0.00000,0.00000,0.00000,0.00000,180.00000,50.00000,12.00000,2.00000,0.00000,0.00000,38656.00000,566.00000
2025-11-17 16:57:25.743667,0.00000,0.00000,0.00000,0.00000,0.00000,0.00000,180.00000,50.00000,12.00000,2.00000,0.00000,0.00000,38656.00000,566.00000
2025-11-17 16:57:26.579028,0.00000,1.00000,1.00000,0.00000,1.00000,1.00000,198.00000,54.00000,14.00000,2.00000,0.00000,0.00000,38656.00000,594.00000
2025-11-17 16:57:27.539463,0.00000,1.00000,1.00000,0.00000,1.00000,1.00000,198.00000,54.00000,14.00000,2.00000,0.00000,0.00000,38656.00000,594.00000
2025-11-17 16:57:28.443617,0.00000,1.00000,1.00000,0.00000,1.00000,1.00000,198.00000,54.00000,14.00000,2.00000,0.00000,0.00000,38656.00000,594.00000
2025-11-17 16:57:29.203745,0.00000,1.00000,1.00000,0.00000,1.00000,1.00000,204.00000,56.00000,14.00000,2.00000,0.00000,0.00000,38656.00000,602.00000
2025-11-17 16:57:30.166747,0.00000,0.00000,0.00000,0.00000,0.00000,0.00000,204.00000,56.00000,14.00000,2.00000,0.00000,0.00000,38656.00000,598.00000
2025-11-17 16:57:30.918630,0.00000,0.00000,0.00000,0.00000,0.00000,0.00000,204.00000,56.00000,14.00000,2.00000,0.00000,0.00000,38656.00000,598.00000
2025-11-17 16:57:31.689828,0.00000,0.00000,0.00000,0.00000,0.00000,0.00000,174.00000,52.00000,12.00000,0.00000,0.00000,0.00000,38656.00000,560.00000
2025-11-17 16:57:32.680570,0.00000,0.00000,0.00000,0.00000,0.00000,0.00000,174.00000,52.00000,12.00000,0.00000,0.00000,0.00000,38656.00000,560.00000
2025-11-17 16:57:33.515507,0.00000,0.00000,0.00000,0.00000,0.00000,0.00000,174.00000,52.00000,12.00000,0.00000,0.00000,0.00000,38656.00000,560.00000
2025-11-17 16:57:34.309999,0.00000,0.00000,0.00000,0.00000,0.00000,0.00000,192.00000,54.00000,16.00000,0.00000,0.00000,0.00000,38656.00000,584.00000
2025-11-17 16:57:35.303416,0.00000,0.00000,0.00000,0.00000,0.00000,0.00000,192.00000,54.00000,16.00000,0.00000,0.00000,0.00000,38656.00000,584.00000
2025-11-17 16:57:36.131222,0.00000,0.00000,0.00000,0.00000,0.00000,0.00000,192.00000,54.00000,16.00000,0.00000,0.00000,0.00000,38656.00000,584.00000
2025-11-17 16:57:36.994324,0.00000,0.00000,0.00000,0.00000,0.00000,0.00000,186.00000,52.00000,12.00000,0.00000,0.00000,0.00000,38656.00000,572.00000
2025-11-17 16:57:37.896860,0.00000,0.00000,0.00000,0.00000,0.00000,0.00000,186.00000,52.00000,12.00000,0.00000,0.00000,0.00000,38656.00000,572.00000
2025-11-17 16:57:38.647805,0.00000,0.00000,0.00000,0.00000,0.00000,0.00000,186.00000,52.00000,12.00000,0.00000,0.00000,0.00000,38656.00000,572.00000
2025-11-17 16:57:39.487342,0.00000,0.00000,0.00000,0.00000,0.00000,0.00000,186.00000,52.00000,10.00000,0.00000,0.00000,0.00000,38656.00000,570.00000
2025-11-17 16:57:40.440905,0.00000,0.00000,0.00000,0.00000,0.00000,0.00000,186.00000,52.00000,10.00000,0.00000,0.00000,0.00000,38656.00000,570.00000
2025-11-17 16:57:41.327628,0.00000,0.00000,0.00000,0.00000,0.00000,0.00000,186.00000,52.00000,10.00000,0.00000,0.00000,0.00000,38656.00000,570.00000
2025-11-17 16:57:42.087374,0.00000,0.00000,0.00000,0.00000,0.00000,0.00000,192.00000,54.00000,10.00000,0.00000,0.00000,0.00000,38656.00000,578.00000
2025-11-17 16:57:43.045228,0.00000,0.00000,0.00000,0.00000,0.00000,0.00000,192.00000,54.00000,10.00000,0.00000,0.00000,0.00000,38656.00000,578.00000
2025-11-17 16:57:43.874584,0.00000,0.00000,0.00000,0.00000,0.00000,0.00000,192.00000,54.00000,10.00000,0.00000,0.00000,0.00000,38656.00000,578.00000
2025-11-17 16:57:44.703429,0.00000,1.00000,1.00000,0.00000,1.00000,1.00000,192.00000,56.00000,12.00000,0.00000,0.00000,0.00000,38656.00000,586.00000
2025-11-17 16:57:45.603265,0.00000,1.00000,1.00000,0.00000,1.00000,1.00000,192.00000,56.00000,12.00000,0.00000,0.00000,0.00000,38656.00000,586.00000
2025-11-17 16:57:46.403549,0.00000,1.00000,1.00000,0.00000,1.00000,1.00000,192.00000,56.00000,12.00000,0.00000,0.00000,0.00000,38656.00000,586.00000
2025-11-17 16:57:47.264166,0.00000,0.00000,0.00000,0.00000,0.00000,0.00000,162.00000,48.00000,12.00000,0.00000,0.00000,0.00000,38656.00000,544.00000
2025-11-17 16:57:48.222545,0.00000,0.00000,0.00000,0.00000,0.00000,0.00000,162.00000,48.00000,12.00000,0.00000,0.00000,0.00000,38656.00000,544.00000
2025-11-17 16:57:49.059986,0.00000,0.00000,0.00000,0.00000,0.00000,0.00000,162.00000,48.00000,12.00000,0.00000,0.00000,0.00000,38656.00000,544.00000
2025-11-17 16:57:49.923715,0.00000,0.00000,0.00000,0.00000,0.00000,0.00000,198.00000,50.00000,12.00000,0.00000,0.00000,0.00000,38656.00000,582.00000
2025-11-17 16:57:50.827158,0.00000,0.00000,0.00000,0.00000,0.00000,0.00000,198.00000,50.00000,12.00000,0.00000,0.00000,0.00000,38656.00000,582.00000
2025-11-17 16:57:51.634439,0.00000,0.00000,0.00000,0.00000,0.00000,0.00000,198.00000,50.00000,12.00000,0.00000,0.00000,0.00000,38656.00000,582.00000
2025-11-17 16:57:52.488025,0.00000,0.00000,0.00000,0.00000,0.00000,0.00000,228.00000,54.00000,10.00000,0.00000,0.00000,0.00000,38656.00000,614.00000
2025-11-17 16:57:53.386953,0.00000,0.00000,0.00000,0.00000,0.00000,0.00000,228.00000,54.00000,10.00000,0.00000,0.00000,0.00000,38656.00000,614.00000
2025-11-17 16:57:54.225833,0.00000,0.00000,0.00000,0.00000,0.00000,0.00000,228.00000,54.00000,10.00000,0.00000,0.00000,0.00000,38656.00000,614.00000
2025-11-17 16:57:55.084072,0.00000,0.00000,0.00000,0.00000,0.00000,0.00000,228.00000,54.00000,10.00000,0.00000,0.00000,0.00000,38656.00000,614.00000
2025-11-17 16:57:55.972386,0.00000,0.00000,0.00000,0.00000,0.00000,0.00000,228.00000,54.00000,10.00000,0.00000,0.00000,0.00000,38656.00000,614.00000
2025-11-17 16:57:56.848691,0.00000,0.00000,0.00000,0.00000,0.00000,0.00000,228.00000,54.00000,10.00000,0.00000,0.00000,0.00000,38656.00000,614.00000
2025-11-17 16:57:57.606087,0.00000,0.00000,0.00000,0.00000,0.00000,0.00000,216.00000,48.00000,6.00000,0.00000,0.00000,0.00000,38656.00000,592.00000
2025-11-17 16:57:58.602166,0.00000,0.00000,0.00000,0.00000,0.00000,0.00000,216.00000,48.00000,6.00000,0.00000,0.00000,0.00000,38656.00000,592.00000
2025-11-17 16:57:59.323138,0.00000,0.00000,0.00000,0.00000,0.00000,0.00000,216.00000,48.00000,6.00000,0.00000,0.00000,0.00000,38656.00000,592.00000
2025-11-17 16:58:00.227968,0.00000,0.00000,0.00000,0.00000,0.00000,0.00000,210.00000,50.00000,4.00000,0.00000,0.00000,0.00000,38656.00000,586.00000
2025-11-17 16:58:01.170445,0.00000,0.00000,0.00000,0.00000,0.00000,0.00000,210.00000,50.00000,4.00000,0.00000,0.00000,0.00000,38656.00000,586.00000
2025-11-17 16:58:01.956855,0.00000,0.00000,0.00000,0.00000,0.00000,0.00000,210.00000,50.00000,4.00000,0.00000,0.00000,0.00000,38656.00000,586.00000
2025-11-17 16:58:02.817175,0.00000,0.00000,0.00000,0.00000,0.00000,0.00000,198.00000,46.00000,4.00000,0.00000,0.00000,0.00000,38656.00000,570.00000
2025-11-17 16:58:03.676666,0.00000,0.00000,0.00000,0.00000,0.00000,0.00000,198.00000,46.00000,4.00000,0.00000,0.00000,0.00000,38656.00000,570.00000
2025-11-17 16:58:04.523933,0.00000,0.00000,0.00000,0.00000,0.00000,0.00000,198.00000,46.00000,4.00000,0.00000,0.00000,0.00000,38656.00000,570.00000
2025-11-17 16:58:05.387210,0.00000,0.00000,0.00000,0.00000,0.00000,0.00000,228.00000,56.00000,8.00000,0.00000,0.00000,0.00000,38656.00000,614.00000
2025-11-17 16:58:06.326915,0.00000,0.00000,0.00000,0.00000,0.00000,0.00000,228.00000,56.00000,8.00000,0.00000,0.00000,0.00000,38656.00000,614.00000
2025-11-17 16:58:07.178244,0.00000,0.00000,0.00000,0.00000,0.00000,0.00000,228.00000,56.00000,8.00000,0.00000,0.00000,0.00000,38656.00000,614.00000
2025-11-17 16:58:08.022828,0.00000,0.00000,0.00000,0.00000,0.00000,0.00000,216.00000,52.00000,8.00000,0.00000,0.00000,0.00000,38656.00000,598.00000
2025-11-17 16:58:08.977518,0.00000,0.00000,0.00000,0.00000,0.00000,0.00000,216.00000,52.00000,8.00000,0.00000,0.00000,0.00000,38656.00000,598.00000
2025-11-17 16:58:09.747994,0.00000,0.00000,0.00000,0.00000,0.00000,0.00000,216.00000,52.00000,8.00000,0.00000,0.00000,0.00000,38656.00000,598.00000
2025-11-17 16:58:10.592163,0.00000,0.00000,0.00000,0.00000,0.00000,0.00000,204.00000,48.00000,8.00000,0.00000,0.00000,0.00000,38656.00000,582.00000
2025-11-17 16:58:11.498225,0.00000,1.00000,1.00000,0.00000,1.00000,1.00000,204.00000,48.00000,8.00000,0.00000,0.00000,0.00000,38656.00000,586.00000
2025-11-17 16:58:12.343596,0.00000,1.00000,1.00000,0.00000,1.00000,1.00000,204.00000,48.00000,8.00000,0.00000,0.00000,0.00000,38656.00000,586.00000
2025-11-17 16:58:13.151599,0.00000,1.00000,1.00000,0.00000,1.00000,1.00000,216.00000,52.00000,10.00000,0.00000,0.00000,0.00000,38656.00000,604.00000
2025-11-17 16:58:14.082897,0.00000,1.00000,1.00000,0.00000,1.00000,1.00000,216.00000,52.00000,10.00000,0.00000,0.00000,0.00000,38656.00000,604.00000
2025-11-17 16:58:14.953237,0.00000,1.00000,1.00000,0.00000,1.00000,1.00000,216.00000,52.00000,10.00000,0.00000,0.00000,0.00000,38656.00000,604.00000
2025-11-17 16:58:15.798544,0.00000,1.00000,1.00000,0.00000,1.00000,1.00000,180.00000,50.00000,12.00000,0.00000,0.00000,0.00000,38656.00000,568.00000
2025-11-17 16:58:16.661445,0.00000,1.00000,1.00000,0.00000,1.00000,1.00000,180.00000,50.00000,12.00000,0.00000,0.00000,0.00000,38656.00000,568.00000
2025-11-17 16:58:17.605785,0.00000,1.00000,1.00000,0.00000,1.00000,1.00000,180.00000,50.00000,12.00000,0.00000,0.00000,0.00000,38656.00000,568.00000
2025-11-17 16:58:18.363265,0.00000,1.00000,1.00000,0.00000,1.00000,1.00000,132.00000,42.00000,12.00000,0.00000,0.00000,0.00000,38656.00000,512.00000
2025-11-17 16:58:19.219168,0.00000,1.00000,1.00000,0.00000,1.00000,1.00000,132.00000,42.00000,12.00000,0.00000,0.00000,0.00000,38656.00000,512.00000
2025-11-17 16:58:20.049875,0.00000,0.00000,0.00000,0.00000,0.00000,0.00000,132.00000,42.00000,12.00000,0.00000,0.00000,0.00000,38656.00000,508.00000
2025-11-17 16:58:20.918621,0.00000,0.00000,0.00000,0.00000,0.00000,0.00000,156.00000,48.00000,12.00000,0.00000,0.00000,0.00000,38656.00000,538.00000
2025-11-17 16:58:21.832617,0.00000,0.00000,0.00000,0.00000,0.00000,0.00000,156.00000,48.00000,12.00000,0.00000,0.00000,0.00000,38656.00000,538.00000
2025-11-17 16:58:22.631738,0.00000,0.00000,0.00000,0.00000,0.00000,0.00000,156.00000,48.00000,12.00000,0.00000,0.00000,0.00000,38656.00000,538.00000
2025-11-17 16:58:23.472662,0.00000,1.00000,2.00000,0.00000,1.00000,2.00000,180.00000,56.00000,14.00000,2.00000,2.00000,0.00000,38656.00000,582.00000
2025-11-17 16:58:24.455104,0.00000,1.00000,2.00000,0.00000,1.00000,2.00000,180.00000,56.00000,14.00000,2.00000,2.00000,0.00000,38656.00000,582.00000
2025-11-17 16:58:25.229211,0.00000,1.00000,2.00000,0.00000,1.00000,2.00000,180.00000,56.00000,14.00000,2.00000,2.00000,0.00000,38656.00000,582.00000
2025-11-17 16:58:26.055780,0.00000,0.00000,1.00000,0.00000,0.00000,1.00000,168.00000,52.00000,12.00000,2.00000,2.00000,0.00000,38656.00000,560.00000
2025-11-17 16:58:27.041580,0.00000,0.00000,1.00000,0.00000,0.00000,1.00000,168.00000,52.00000,12.00000,2.00000,2.00000,0.00000,38656.00000,560.00000
2025-11-17 16:58:27.857456,0.00000,0.00000,1.00000,0.00000,0.00000,1.00000,168.00000,52.00000,12.00000,2.00000,2.00000,0.00000,38656.00000,560.00000
2025-11-17 16:58:28.724114,0.00000,0.00000,1.00000,0.00000,0.00000,1.00000,186.00000,58.00000,12.00000,2.00000,2.00000,0.00000,38656.00000,584.00000
2025-11-17 16:58:29.553090,0.00000,0.00000,1.00000,0.00000,0.00000,1.00000,186.00000,58.00000,12.00000,2.00000,2.00000,0.00000,38656.00000,584.00000
2025-11-17 16:58:30.405286,0.00000,0.00000,1.00000,0.00000,0.00000,1.00000,186.00000,58.00000,12.00000,2.00000,2.00000,0.00000,38656.00000,584.00000
2025-11-17 16:58:31.255893,0.00000,0.00000,1.00000,0.00000,0.00000,1.00000,186.00000,58.00000,8.00000,2.00000,2.00000,0.00000,38656.00000,580.00000
2025-11-17 16:58:32.225264,0.00000,0.00000,1.00000,0.00000,0.00000,1.00000,186.00000,58.00000,8.00000,2.00000,2.00000,0.00000,38656.00000,580.00000
2025-11-17 16:58:33.131396,0.00000,0.00000,1.00000,0.00000,0.00000,1.00000,186.00000,58.00000,8.00000,2.00000,2.00000,0.00000,38656.00000,580.00000
2025-11-17 16:58:33.976820,0.00000,0.00000,1.00000,0.00000,0.00000,1.00000,174.00000,52.00000,8.00000,2.00000,2.00000,0.00000,38656.00000,562.00000
2025-11-17 16:58:34.815466,0.00000,0.00000,1.00000,0.00000,0.00000,1.00000,174.00000,52.00000,8.00000,2.00000,2.00000,0.00000,38656.00000,562.00000
2025-11-17 16:58:35.667973,0.00000,0.00000,1.00000,0.00000,0.00000,1.00000,174.00000,52.00000,8.00000,2.00000,2.00000,0.00000,38656.00000,562.00000
2025-11-17 16:58:36.438453,0.00000,0.00000,1.00000,0.00000,0.00000,1.00000,174.00000,52.00000,6.00000,2.00000,2.00000,0.00000,38656.00000,560.00000
2025-11-17 16:58:37.396526,0.00000,0.00000,1.00000,0.00000,0.00000,1.00000,174.00000,52.00000,6.00000,2.00000,2.00000,0.00000,38656.00000,560.00000
2025-11-17 16:58:38.180588,0.00000,0.00000,1.00000,0.00000,0.00000,1.00000,174.00000,52.00000,6.00000,2.00000,2.00000,0.00000,38656.00000,560.00000
2025-11-17 16:58:39.000481,0.00000,0.00000,1.00000,0.00000,0.00000,1.00000,192.00000,58.00000,8.00000,2.00000,2.00000,0.00000,38656.00000,586.00000
2025-11-17 16:58:40.065668,0.00000,0.00000,1.00000,0.00000,0.00000,1.00000,192.00000,58.00000,8.00000,2.00000,2.00000,0.00000,38656.00000,586.00000
2025-11-17 16:58:40.790166,0.00000,0.00000,1.00000,0.00000,0.00000,1.00000,192.00000,58.00000,8.00000,2.00000,2.00000,0.00000,38656.00000,586.00000
2025-11-17 16:58:41.679281,0.00000,0.00000,1.00000,0.00000,0.00000,1.00000,180.00000,52.00000,6.00000,2.00000,2.00000,0.00000,38656.00000,566.00000
2025-11-17 16:58:42.540635,0.00000,0.00000,1.00000,0.00000,0.00000,1.00000,180.00000,52.00000,6.00000,2.00000,2.00000,0.00000,38656.00000,566.00000
2025-11-17 16:58:43.465577,0.00000,0.00000,1.00000,0.00000,0.00000,1.00000,180.00000,52.00000,6.00000,2.00000,2.00000,0.00000,38656.00000,566.00000
2025-11-17 16:58:44.225877,0.00000,1.00000,2.00000,0.00000,1.00000,2.00000,168.00000,48.00000,6.00000,2.00000,2.00000,0.00000,38656.00000,554.00000
2025-11-17 16:58:45.225341,0.00000,1.00000,2.00000,0.00000,1.00000,2.00000,168.00000,48.00000,6.00000,2.00000,2.00000,0.00000,38656.00000,554.00000
2025-11-17 16:58:45.991432,0.00000,1.00000,2.00000,0.00000,1.00000,2.00000,168.00000,48.00000,6.00000,2.00000,2.00000,0.00000,38656.00000,554.00000
2025-11-17 16:58:46.890841,0.00000,0.00000,2.00000,0.00000,0.00000,2.00000,150.00000,44.00000,8.00000,2.00000,2.00000,0.00000,38656.00000,532.00000
2025-11-17 16:58:47.781269,0.00000,0.00000,2.00000,0.00000,0.00000,2.00000,150.00000,44.00000,8.00000,2.00000,2.00000,0.00000,38656.00000,532.00000
2025-11-17 16:58:48.569255,0.00000,0.00000,2.00000,0.00000,0.00000,2.00000,150.00000,44.00000,8.00000,2.00000,2.00000,0.00000,38656.00000,532.00000
2025-11-17 16:58:49.381137,0.00000,0.00000,0.00000,0.00000,0.00000,0.00000,132.00000,36.00000,6.00000,0.00000,0.00000,0.00000,38656.00000,496.00000
2025-11-17 16:58:50.369593,0.00000,0.00000,0.00000,0.00000,0.00000,0.00000,132.00000,36.00000,6.00000,0.00000,0.00000,0.00000,38656.00000,496.00000
2025-11-17 16:58:51.169472,0.00000,0.00000,0.00000,0.00000,0.00000,0.00000,132.00000,36.00000,6.00000,0.00000,0.00000,0.00000,38656.00000,496.00000
2025-11-17 16:58:51.988485,0.00000,0.00000,0.00000,0.00000,0.00000,0.00000,150.00000,40.00000,8.00000,0.00000,0.00000,0.00000,38656.00000,520.00000
2025-11-17 16:58:52.949880,0.00000,0.00000,0.00000,0.00000,0.00000,0.00000,150.00000,40.00000,8.00000,0.00000,0.00000,0.00000,38656.00000,520.00000
2025-11-17 16:58:53.844087,0.00000,0.00000,0.00000,0.00000,0.00000,0.00000,150.00000,40.00000,8.00000,0.00000,0.00000,0.00000,38656.00000,520.00000
2025-11-17 16:58:54.522739,0.00000,0.00000,0.00000,0.00000,0.00000,0.00000,138.00000,34.00000,8.00000,0.00000,0.00000,0.00000,38656.00000,502.00000
2025-11-17 16:58:55.590385,0.00000,0.00000,0.00000,0.00000,0.00000,0.00000,138.00000,34.00000,8.00000,0.00000,0.00000,0.00000,38656.00000,502.00000
2025-11-17 16:58:56.250991,0.00000,0.00000,0.00000,0.00000,0.00000,0.00000,138.00000,34.00000,8.00000,0.00000,0.00000,0.00000,38656.00000,502.00000
2025-11-17 16:58:57.240495,0.00000,0.00000,0.00000,0.00000,0.00000,0.00000,108.00000,24.00000,8.00000,0.00000,0.00000,0.00000,38656.00000,462.00000
2025-11-17 16:58:58.067943,0.00000,0.00000,0.00000,0.00000,0.00000,0.00000,108.00000,24.00000,8.00000,0.00000,0.00000,0.00000,38656.00000,462.00000
2025-11-17 16:58:59.006105,0.00000,0.00000,0.00000,0.00000,0.00000,0.00000,108.00000,24.00000,8.00000,0.00000,0.00000,0.00000,38656.00000,462.00000
2025-11-17 16:58:59.860620,0.00000,0.00000,0.00000,0.00000,0.00000,0.00000,114.00000,28.00000,10.00000,0.00000,0.00000,0.00000,38656.00000,474.00000
2025-11-17 16:59:00.723115,0.00000,0.00000,0.00000,0.00000,0.00000,0.00000,114.00000,28.00000,10.00000,0.00000,0.00000,0.00000,38656.00000,474.00000
2025-11-17 16:59:01.495753,0.00000,0.00000,0.00000,0.00000,0.00000,0.00000,114.00000,28.00000,10.00000,0.00000,0.00000,0.00000,38656.00000,474.00000
2025-11-17 16:59:02.358090,0.00000,0.00000,0.00000,0.00000,0.00000,0.00000,132.00000,32.00000,10.00000,0.00000,0.00000,0.00000,38656.00000,496.00000
2025-11-17 16:59:03.307678,0.00000,0.00000,0.00000,0.00000,0.00000,0.00000,132.00000,32.00000,10.00000,0.00000,0.00000,0.00000,38656.00000,496.00000
2025-11-17 16:59:04.116072,0.00000,0.00000,0.00000,0.00000,0.00000,0.00000,132.00000,32.00000,10.00000,0.00000,0.00000,0.00000,38656.00000,496.00000
2025-11-17 16:59:04.910462,0.00000,0.00000,0.00000,0.00000,0.00000,0.00000,120.00000,26.00000,8.00000,0.00000,0.00000,0.00000,38656.00000,476.00000
2025-11-17 16:59:05.912170,0.00000,0.00000,0.00000,0.00000,0.00000,0.00000,120.00000,26.00000,8.00000,0.00000,0.00000,0.00000,38656.00000,476.00000
2025-11-17 16:59:06.687668,0.00000,0.00000,0.00000,0.00000,0.00000,0.00000,120.00000,26.00000,8.00000,0.00000,0.00000,0.00000,38656.00000,476.00000
2025-11-17 16:59:07.583882,0.00000,0.00000,0.00000,0.00000,0.00000,0.00000,132.00000,32.00000,10.00000,2.00000,0.00000,0.00000,38656.00000,498.00000
2025-11-17 16:59:08.419152,0.00000,0.00000,0.00000,0.00000,0.00000,0.00000,132.00000,32.00000,10.00000,2.00000,0.00000,0.00000,38656.00000,498.00000
2025-11-17 16:59:09.328442,0.00000,0.00000,0.00000,0.00000,0.00000,0.00000,132.00000,32.00000,10.00000,2.00000,0.00000,0.00000,38656.00000,498.00000
2025-11-17 16:59:10.175342,0.00000,0.00000,0.00000,0.00000,0.00000,0.00000,162.00000,42.00000,12.00000,2.00000,0.00000,0.00000,38656.00000,540.00000
2025-11-17 16:59:11.124015,0.00000,0.00000,0.00000,0.00000,0.00000,0.00000,162.00000,42.00000,12.00000,2.00000,0.00000,0.00000,38656.00000,540.00000
2025-11-17 16:59:11.950134,0.00000,0.00000,0.00000,0.00000,0.00000,0.00000,162.00000,42.00000,12.00000,2.00000,0.00000,0.00000,38656.00000,540.00000
2025-11-17 16:59:12.756438,0.00000,0.00000,0.00000,0.00000,0.00000,0.00000,168.00000,44.00000,10.00000,2.00000,0.00000,0.00000,38656.00000,546.00000
2025-11-17 16:59:13.642430,0.00000,0.00000,0.00000,0.00000,0.00000,0.00000,168.00000,44.00000,10.00000,2.00000,0.00000,0.00000,38656.00000,546.00000
2025-11-17 16:59:14.454467,0.00000,1.00000,1.00000,0.00000,1.00000,1.00000,168.00000,44.00000,10.00000,2.00000,0.00000,0.00000,38656.00000,550.00000
2025-11-17 16:59:15.220708,0.00000,1.00000,1.00000,0.00000,1.00000,1.00000,156.00000,44.00000,10.00000,2.00000,0.00000,0.00000,38656.00000,538.00000
2025-11-17 16:59:16.276638,0.00000,1.00000,1.00000,0.00000,1.00000,1.00000,156.00000,44.00000,10.00000,2.00000,0.00000,0.00000,38656.00000,538.00000
2025-11-17 16:59:17.053187,0.00000,0.00000,0.00000,0.00000,0.00000,0.00000,156.00000,44.00000,10.00000,2.00000,0.00000,0.00000,38656.00000,534.00000
2025-11-17 16:59:17.927362,0.00000,0.00000,0.00000,0.00000,0.00000,0.00000,162.00000,44.00000,8.00000,2.00000,0.00000,0.00000,38656.00000,538.00000
2025-11-17 16:59:18.760712,0.00000,0.00000,0.00000,0.00000,0.00000,0.00000,162.00000,44.00000,8.00000,2.00000,0.00000,0.00000,38656.00000,538.00000
2025-11-17 16:59:19.667137,0.00000,0.00000,0.00000,0.00000,0.00000,0.00000,162.00000,44.00000,8.00000,2.00000,0.00000,0.00000,38656.00000,538.00000
2025-11-17 16:59:20.462384,0.00000,0.00000,0.00000,0.00000,0.00000,0.00000,174.00000,50.00000,10.00000,2.00000,0.00000,0.00000,38656.00000,558.00000
2025-11-17 16:59:21.407354,0.00000,0.00000,0.00000,0.00000,0.00000,0.00000,174.00000,50.00000,10.00000,2.00000,0.00000,0.00000,38656.00000,558.00000
2025-11-17 16:59:22.164814,0.00000,0.00000,0.00000,0.00000,0.00000,0.00000,174.00000,50.00000,10.00000,2.00000,0.00000,0.00000,38656.00000,558.00000
2025-11-17 16:59:23.087065,0.00000,1.00000,1.00000,0.00000,1.00000,1.00000,180.00000,52.00000,10.00000,2.00000,0.00000,0.00000,38656.00000,570.00000
2025-11-17 16:59:23.964669,0.00000,1.00000,1.00000,0.00000,1.00000,1.00000,180.00000,52.00000,10.00000,2.00000,0.00000,0.00000,38656.00000,570.00000
2025-11-17 16:59:24.638769,0.00000,1.00000,1.00000,0.00000,1.00000,1.00000,180.00000,52.00000,10.00000,2.00000,0.00000,0.00000,38656.00000,570.00000
2025-11-17 16:59:25.618672,0.00000,0.00000,0.00000,0.00000,0.00000,0.00000,168.00000,48.00000,8.00000,2.00000,0.00000,0.00000,38656.00000,548.00000
2025-11-17 16:59:26.608167,0.00000,0.00000,0.00000,0.00000,0.00000,0.00000,168.00000,48.00000,8.00000,2.00000,0.00000,0.00000,38656.00000,548.00000
2025-11-17 16:59:27.366433,0.00000,0.00000,0.00000,0.00000,0.00000,0.00000,168.00000,48.00000,8.00000,2.00000,0.00000,0.00000,38656.00000,548.00000
2025-11-17 16:59:28.172864,0.00000,0.00000,0.00000,0.00000,0.00000,0.00000,150.00000,42.00000,8.00000,2.00000,0.00000,0.00000,38656.00000,524.00000
2025-11-17 16:59:29.155123,0.00000,1.00000,1.00000,0.00000,1.00000,1.00000,150.00000,42.00000,8.00000,2.00000,0.00000,0.00000,38656.00000,528.00000
2025-11-17 16:59:29.999133,0.00000,1.00000,1.00000,0.00000,1.00000,1.00000,150.00000,42.00000,8.00000,2.00000,0.00000,0.00000,38656.00000,528.00000
2025-11-17 16:59:30.900546,0.00000,1.00000,1.00000,0.00000,1.00000,1.00000,150.00000,42.00000,8.00000,2.00000,0.00000,0.00000,38656.00000,528.00000
2025-11-17 16:59:31.789490,0.00000,1.00000,1.00000,0.00000,1.00000,1.00000,150.00000,42.00000,8.00000,2.00000,0.00000,0.00000,38656.00000,528.00000
2025-11-17 16:59:32.599133,0.00000,1.00000,1.00000,0.00000,1.00000,1.00000,150.00000,42.00000,8.00000,2.00000,0.00000,0.00000,38656.00000,528.00000
2025-11-17 16:59:33.353305,0.00000,0.00000,0.00000,0.00000,0.00000,0.00000,138.00000,36.00000,6.00000,0.00000,0.00000,0.00000,38656.00000,502.00000
2025-11-17 16:59:34.377875,0.00000,0.00000,0.00000,0.00000,0.00000,0.00000,138.00000,36.00000,6.00000,0.00000,0.00000,0.00000,38656.00000,502.00000
2025-11-17 16:59:35.113886,0.00000,0.00000,0.00000,0.00000,0.00000,0.00000,138.00000,36.00000,6.00000,0.00000,0.00000,0.00000,38656.00000,502.00000
2025-11-17 16:59:35.988438,0.00000,0.00000,0.00000,0.00000,0.00000,0.00000,138.00000,36.00000,6.00000,2.00000,0.00000,0.00000,38656.00000,504.00000
2025-11-17 16:59:36.951719,0.00000,0.00000,0.00000,0.00000,0.00000,0.00000,138.00000,36.00000,6.00000,2.00000,0.00000,0.00000,38656.00000,504.00000
2025-11-17 16:59:37.762281,0.00000,0.00000,0.00000,0.00000,0.00000,0.00000,138.00000,36.00000,6.00000,2.00000,0.00000,0.00000,38656.00000,504.00000
2025-11-17 16:59:38.635316,0.00000,0.00000,0.00000,0.00000,0.00000,0.00000,126.00000,32.00000,8.00000,2.00000,0.00000,0.00000,38656.00000,490.00000
2025-11-17 16:59:39.513039,0.00000,0.00000,0.00000,0.00000,0.00000,0.00000,126.00000,32.00000,8.00000,2.00000,0.00000,0.00000,38656.00000,490.00000
2025-11-17 16:59:40.394994,0.00000,0.00000,0.00000,0.00000,0.00000,0.00000,126.00000,32.00000,8.00000,2.00000,0.00000,0.00000,38656.00000,490.00000
2025-11-17 16:59:41.188183,0.00000,0.00000,0.00000,0.00000,0.00000,0.00000,156.00000,40.00000,10.00000,2.00000,0.00000,0.00000,38656.00000,530.00000
2025-11-17 16:59:42.033857,0.00000,0.00000,0.00000,0.00000,0.00000,0.00000,156.00000,40.00000,10.00000,2.00000,0.00000,0.00000,38656.00000,530.00000
2025-11-17 16:59:42.906849,0.00000,0.00000,0.00000,0.00000,0.00000,0.00000,156.00000,40.00000,10.00000,2.00000,0.00000,0.00000,38656.00000,530.00000
2025-11-17 16:59:43.752608,0.00000,0.00000,0.00000,0.00000,0.00000,0.00000,150.00000,38.00000,10.00000,2.00000,0.00000,0.00000,38656.00000,522.00000
2025-11-17 16:59:44.677520,0.00000,0.00000,0.00000,0.00000,0.00000,0.00000,150.00000,38.00000,10.00000,2.00000,0.00000,0.00000,38656.00000,522.00000
2025-11-17 16:59:45.480336,0.00000,0.00000,0.00000,0.00000,0.00000,0.00000,150.00000,38.00000,10.00000,2.00000,0.00000,0.00000,38656.00000,522.00000
2025-11-17 16:59:46.360805,0.00000,0.00000,0.00000,0.00000,0.00000,0.00000,156.00000,40.00000,10.00000,2.00000,0.00000,0.00000,38656.00000,530.00000
2025-11-17 16:59:47.216487,0.00000,0.00000,0.00000,0.00000,0.00000,0.00000,156.00000,40.00000,10.00000,2.00000,0.00000,0.00000,38656.00000,530.00000
2025-11-17 16:59:48.069455,0.00000,0.00000,0.00000,0.00000,0.00000,0.00000,156.00000,40.00000,10.00000,2.00000,0.00000,0.00000,38656.00000,530.00000
2025-11-17 16:59:48.893046,0.00000,0.00000,1.00000,0.00000,0.00000,1.00000,156.00000,40.00000,12.00000,4.00000,0.00000,0.00000,38656.00000,536.00000
2025-11-17 16:59:49.896615,0.00000,0.00000,1.00000,0.00000,0.00000,1.00000,156.00000,40.00000,12.00000,4.00000,0.00000,0.00000,38656.00000,536.00000
2025-11-17 16:59:50.677734,0.00000,0.00000,1.00000,0.00000,0.00000,1.00000,156.00000,40.00000,12.00000,4.00000,0.00000,0.00000,38656.00000,536.00000
2025-11-17 16:59:51.556507,0.00000,0.00000,1.00000,0.00000,0.00000,1.00000,162.00000,42.00000,14.00000,4.00000,0.00000,0.00000,38656.00000,546.00000
2025-11-17 16:59:52.499845,0.00000,0.00000,2.00000,0.00000,0.00000,2.00000,162.00000,42.00000,14.00000,4.00000,0.00000,0.00000,38656.00000,548.00000
2025-11-17 16:59:53.343722,0.00000,0.00000,2.00000,0.00000,0.00000,2.00000,162.00000,42.00000,14.00000,4.00000,0.00000,0.00000,38656.00000,548.00000
2025-11-17 16:59:54.108598,0.00000,1.00000,2.00000,0.00000,1.00000,2.00000,180.00000,50.00000,16.00000,4.00000,0.00000,0.00000,38656.00000,578.00000
2025-11-17 16:59:55.038241,0.00000,1.00000,2.00000,0.00000,1.00000,2.00000,180.00000,50.00000,16.00000,4.00000,0.00000,0.00000,38656.00000,578.00000
2025-11-17 16:59:55.871886,0.00000,1.00000,2.00000,0.00000,1.00000,2.00000,180.00000,50.00000,16.00000,4.00000,0.00000,0.00000,38656.00000,578.00000
2025-11-17 16:59:56.704588,0.00000,1.00000,2.00000,0.00000,1.00000,2.00000,168.00000,48.00000,14.00000,4.00000,0.00000,0.00000,38656.00000,562.00000
2025-11-17 16:59:57.608073,0.00000,1.00000,2.00000,0.00000,1.00000,2.00000,168.00000,48.00000,14.00000,4.00000,0.00000,0.00000,38656.00000,562.00000
2025-11-17 16:59:58.401711,0.00000,1.00000,2.00000,0.00000,1.00000,2.00000,168.00000,48.00000,14.00000,4.00000,0.00000,0.00000,38656.00000,562.00000
2025-11-17 16:59:59.242772,0.00000,1.00000,2.00000,0.00000,1.00000,2.00000,180.00000,54.00000,14.00000,4.00000,0.00000,0.00000,38656.00000,580.00000
2025-11-17 17:00:00.247650,0.00000,1.00000,2.00000,0.00000,1.00000,2.00000,180.00000,54.00000,14.00000,4.00000,0.00000,0.00000,38656.00000,580.00000
2025-11-17 17:00:00.993623,0.00000,1.00000,2.00000,0.00000,1.00000,2.00000,180.00000,54.00000,14.00000,4.00000,0.00000,0.00000,38656.00000,580.00000
2025-11-17 17:00:01.867011,0.00000,1.00000,2.00000,0.00000,1.00000,2.00000,192.00000,56.00000,12.00000,2.00000,0.00000,0.00000,38656.00000,590.00000
2025-11-17 17:00:02.766376,0.00000,1.00000,2.00000,0.00000,1.00000,2.00000,192.00000,56.00000,12.00000,2.00000,0.00000,0.00000,38656.00000,590.00000
2025-11-17 17:00:03.594455,0.00000,1.00000,2.00000,0.00000,1.00000,2.00000,192.00000,56.00000,12.00000,2.00000,0.00000,0.00000,38656.00000,590.00000
2025-11-17 17:00:04.441719,0.00000,0.00000,1.00000,0.00000,0.00000,1.00000,204.00000,56.00000,10.00000,2.00000,0.00000,0.00000,38656.00000,596.00000
2025-11-17 17:00:05.413021,0.00000,0.00000,1.00000,0.00000,0.00000,1.00000,204.00000,56.00000,10.00000,2.00000,0.00000,0.00000,38656.00000,596.00000
2025-11-17 17:00:06.189026,0.00000,0.00000,1.00000,0.00000,0.00000,1.00000,204.00000,56.00000,10.00000,2.00000,0.00000,0.00000,38656.00000,596.00000
2025-11-17 17:00:07.011067,0.00000,0.00000,0.00000,0.00000,0.00000,0.00000,180.00000,50.00000,8.00000,2.00000,0.00000,0.00000,38656.00000,562.00000
2025-11-17 17:00:07.991704,0.00000,1.00000,1.00000,0.00000,1.00000,1.00000,180.00000,50.00000,8.00000,2.00000,0.00000,0.00000,38656.00000,566.00000
2025-11-17 17:00:08.846938,0.00000,1.00000,1.00000,0.00000,1.00000,1.00000,180.00000,50.00000,8.00000,2.00000,0.00000,0.00000,38656.00000,566.00000
2025-11-17 17:00:09.725708,0.00000,1.00000,1.00000,0.00000,1.00000,1.00000,168.00000,50.00000,8.00000,2.00000,0.00000,0.00000,38656.00000,554.00000
2025-11-17 17:00:10.615001,0.00000,0.00000,0.00000,0.00000,0.00000,0.00000,168.00000,50.00000,8.00000,2.00000,0.00000,0.00000,38656.00000,550.00000
2025-11-17 17:00:11.393027,0.00000,0.00000,0.00000,0.00000,0.00000,0.00000,168.00000,50.00000,8.00000,2.00000,0.00000,0.00000,38656.00000,550.00000
2025-11-17 17:00:12.237870,0.00000,0.00000,0.00000,0.00000,0.00000,0.00000,156.00000,46.00000,6.00000,2.00000,0.00000,0.00000,38656.00000,532.00000
2025-11-17 17:00:13.139347,0.00000,0.00000,0.00000,0.00000,0.00000,0.00000,156.00000,46.00000,6.00000,2.00000,0.00000,0.00000,38656.00000,532.00000
2025-11-17 17:00:13.961480,0.00000,0.00000,0.00000,0.00000,0.00000,0.00000,156.00000,46.00000,6.00000,2.00000,0.00000,0.00000,38656.00000,532.00000
2025-11-17 17:00:14.766721,0.00000,0.00000,0.00000,0.00000,0.00000,0.00000,162.00000,46.00000,4.00000,0.00000,0.00000,0.00000,38656.00000,534.00000
2025-11-17 17:00:15.764144,0.00000,0.00000,0.00000,0.00000,0.00000,0.00000,162.00000,46.00000,4.00000,0.00000,0.00000,0.00000,38656.00000,534.00000
2025-11-17 17:00:16.574687,0.00000,0.00000,0.00000,0.00000,0.00000,0.00000,162.00000,46.00000,4.00000,0.00000,0.00000,0.00000,38656.00000,534.00000
2025-11-17 17:00:17.462535,0.00000,0.00000,0.00000,0.00000,0.00000,0.00000,192.00000,54.00000,2.00000,0.00000,0.00000,0.00000,38656.00000,570.00000
2025-11-17 17:00:18.359600,0.00000,0.00000,0.00000,0.00000,0.00000,0.00000,192.00000,54.00000,2.00000,0.00000,0.00000,0.00000,38656.00000,570.00000
2025-11-17 17:00:19.227698,0.00000,0.00000,0.00000,0.00000,0.00000,0.00000,192.00000,54.00000,2.00000,0.00000,0.00000,0.00000,38656.00000,570.00000
2025-11-17 17:00:19.956345,0.00000,0.00000,0.00000,0.00000,0.00000,0.00000,168.00000,46.00000,0.00000,0.00000,0.00000,0.00000,38656.00000,536.00000
2025-11-17 17:00:20.985569,0.00000,0.00000,0.00000,0.00000,0.00000,0.00000,168.00000,46.00000,0.00000,0.00000,0.00000,0.00000,38656.00000,536.00000
2025-11-17 17:00:21.804408,0.00000,0.00000,0.00000,0.00000,0.00000,0.00000,168.00000,46.00000,0.00000,0.00000,0.00000,0.00000,38656.00000,536.00000
2025-11-17 17:00:22.600966,0.00000,0.00000,0.00000,0.00000,0.00000,0.00000,180.00000,48.00000,0.00000,0.00000,0.00000,0.00000,38656.00000,550.00000
2025-11-17 17:00:23.532110,0.00000,0.00000,0.00000,0.00000,0.00000,0.00000,180.00000,48.00000,0.00000,0.00000,0.00000,0.00000,38656.00000,550.00000
2025-11-17 17:00:24.311456,0.00000,0.00000,0.00000,0.00000,0.00000,0.00000,180.00000,48.00000,0.00000,0.00000,0.00000,0.00000,38656.00000,550.00000
2025-11-17 17:00:25.144140,0.00000,0.00000,0.00000,0.00000,0.00000,0.00000,174.00000,46.00000,2.00000,0.00000,0.00000,0.00000,38656.00000,544.00000
2025-11-17 17:00:26.047714,0.00000,0.00000,0.00000,0.00000,0.00000,0.00000,174.00000,46.00000,2.00000,0.00000,0.00000,0.00000,38656.00000,544.00000
2025-11-17 17:00:26.949425,0.00000,0.00000,0.00000,0.00000,0.00000,0.00000,174.00000,46.00000,2.00000,0.00000,0.00000,0.00000,38656.00000,544.00000
2025-11-17 17:00:27.804811,0.00000,0.00000,0.00000,0.00000,0.00000,0.00000,168.00000,44.00000,4.00000,0.00000,0.00000,0.00000,38656.00000,538.00000
2025-11-17 17:00:28.665245,0.00000,0.00000,0.00000,0.00000,0.00000,0.00000,168.00000,44.00000,4.00000,0.00000,0.00000,0.00000,38656.00000,538.00000
2025-11-17 17:00:29.537343,0.00000,0.00000,0.00000,0.00000,0.00000,0.00000,168.00000,44.00000,4.00000,0.00000,0.00000,0.00000,38656.00000,538.00000
2025-11-17 17:00:30.367263,0.00000,0.00000,0.00000,0.00000,0.00000,0.00000,156.00000,44.00000,4.00000,0.00000,0.00000,0.00000,38656.00000,526.00000
2025-11-17 17:00:31.281877,0.00000,0.00000,0.00000,0.00000,0.00000,0.00000,156.00000,44.00000,4.00000,0.00000,0.00000,0.00000,38656.00000,526.00000
2025-11-17 17:00:32.106783,0.00000,0.00000,0.00000,0.00000,0.00000,0.00000,156.00000,44.00000,4.00000,0.00000,0.00000,0.00000,38656.00000,526.00000
2025-11-17 17:00:32.999060,0.00000,0.00000,0.00000,0.00000,0.00000,0.00000,162.00000,46.00000,4.00000,0.00000,0.00000,0.00000,38656.00000,534.00000
2025-11-17 17:00:33.888686,0.00000,0.00000,0.00000,0.00000,0.00000,0.00000,162.00000,46.00000,4.00000,0.00000,0.00000,0.00000,38656.00000,534.00000
2025-11-17 17:00:34.751141,0.00000,0.00000,0.00000,0.00000,0.00000,0.00000,162.00000,46.00000,4.00000,0.00000,0.00000,0.00000,38656.00000,534.00000
2025-11-17 17:00:35.578235,0.00000,0.00000,0.00000,0.00000,0.00000,0.00000,156.00000,44.00000,4.00000,0.00000,0.00000,0.00000,38656.00000,526.00000
2025-11-17 17:00:36.469541,0.00000,0.00000,0.00000,0.00000,0.00000,0.00000,156.00000,44.00000,4.00000,0.00000,0.00000,0.00000,38656.00000,526.00000
2025-11-17 17:00:37.336930,0.00000,0.00000,0.00000,0.00000,0.00000,0.00000,156.00000,44.00000,4.00000,0.00000,0.00000,0.00000,38656.00000,526.00000
2025-11-17 17:00:38.084271,0.00000,0.00000,0.00000,0.00000,0.00000,0.00000,150.00000,42.00000,4.00000,0.00000,0.00000,0.00000,38656.00000,518.00000
2025-11-17 17:00:39.079926,0.00000,0.00000,0.00000,0.00000,0.00000,0.00000,150.00000,42.00000,4.00000,0.00000,0.00000,0.00000,38656.00000,518.00000
2025-11-17 17:00:39.831809,0.00000,0.00000,0.00000,0.00000,0.00000,0.00000,150.00000,42.00000,4.00000,0.00000,0.00000,0.00000,38656.00000,518.00000
2025-11-17 17:00:40.698465,0.00000,0.00000,0.00000,0.00000,0.00000,0.00000,138.00000,40.00000,4.00000,0.00000,0.00000,0.00000,38656.00000,504.00000
2025-11-17 17:00:41.633308,0.00000,0.00000,0.00000,0.00000,0.00000,0.00000,138.00000,40.00000,4.00000,0.00000,0.00000,0.00000,38656.00000,504.00000
2025-11-17 17:00:42.471828,0.00000,0.00000,0.00000,0.00000,0.00000,0.00000,138.00000,40.00000,4.00000,0.00000,0.00000,0.00000,38656.00000,504.00000
2025-11-17 17:00:43.341509,0.00000,0.00000,0.00000,0.00000,0.00000,0.00000,108.00000,32.00000,4.00000,0.00000,0.00000,0.00000,38656.00000,466.00000
2025-11-17 17:00:44.240079,0.00000,0.00000,0.00000,0.00000,0.00000,0.00000,108.00000,32.00000,4.00000,0.00000,0.00000,0.00000,38656.00000,466.00000
2025-11-17 17:00:45.087851,0.00000,0.00000,0.00000,0.00000,0.00000,0.00000,108.00000,32.00000,4.00000,0.00000,0.00000,0.00000,38656.00000,466.00000
2025-11-17 17:00:45.823182,0.00000,0.00000,0.00000,0.00000,0.00000,0.00000,114.00000,34.00000,6.00000,0.00000,0.00000,0.00000,38656.00000,476.00000
2025-11-17 17:00:46.923441,0.00000,0.00000,0.00000,0.00000,0.00000,0.00000,114.00000,34.00000,6.00000,0.00000,0.00000,0.00000,38656.00000,476.00000
2025-11-17 17:00:47.703653,0.00000,0.00000,0.00000,0.00000,0.00000,0.00000,114.00000,34.00000,6.00000,0.00000,0.00000,0.00000,38656.00000,476.00000
2025-11-17 17:00:48.511020,0.00000,0.00000,0.00000,0.00000,0.00000,0.00000,102.00000,32.00000,6.00000,0.00000,0.00000,0.00000,38656.00000,462.00000
2025-11-17 17:00:49.446332,0.00000,0.00000,0.00000,0.00000,0.00000,0.00000,102.00000,32.00000,6.00000,0.00000,0.00000,0.00000,38656.00000,462.00000
2025-11-17 17:00:50.257902,0.00000,0.00000,0.00000,0.00000,0.00000,0.00000,102.00000,32.00000,6.00000,0.00000,0.00000,0.00000,38656.00000,462.00000
2025-11-17 17:00:51.062984,0.00000,0.00000,0.00000,0.00000,0.00000,0.00000,108.00000,34.00000,4.00000,0.00000,0.00000,0.00000,38656.00000,468.00000
2025-11-17 17:00:52.018489,0.00000,0.00000,0.00000,0.00000,0.00000,0.00000,108.00000,34.00000,4.00000,0.00000,0.00000,0.00000,38656.00000,468.00000
2025-11-17 17:00:52.831239,0.00000,0.00000,0.00000,0.00000,0.00000,0.00000,108.00000,34.00000,4.00000,0.00000,0.00000,0.00000,38656.00000,468.00000
2025-11-17 17:00:53.729394,0.00000,0.00000,0.00000,0.00000,0.00000,0.00000,96.00000,28.00000,4.00000,0.00000,0.00000,0.00000,38656.00000,450.00000
2025-11-17 17:00:54.570087,0.00000,0.00000,0.00000,0.00000,0.00000,0.00000,96.00000,28.00000,4.00000,0.00000,0.00000,0.00000,38656.00000,450.00000
2025-11-17 17:00:55.478220,0.00000,0.00000,0.00000,0.00000,0.00000,0.00000,96.00000,28.00000,4.00000,0.00000,0.00000,0.00000,38656.00000,450.00000
2025-11-17 17:00:56.207138,0.00000,0.00000,0.00000,0.00000,0.00000,0.00000,108.00000,32.00000,4.00000,0.00000,0.00000,0.00000,38656.00000,466.00000
2025-11-17 17:00:57.238807,0.00000,0.00000,0.00000,0.00000,0.00000,0.00000,108.00000,32.00000,4.00000,0.00000,0.00000,0.00000,38656.00000,466.00000
2025-11-17 17:00:57.954052,0.00000,0.00000,0.00000,0.00000,0.00000,0.00000,108.00000,32.00000,4.00000,0.00000,0.00000,0.00000,38656.00000,466.00000
2025-11-17 17:00:58.841280,0.00000,0.00000,0.00000,0.00000,0.00000,0.00000,120.00000,32.00000,4.00000,0.00000,0.00000,0.00000,38656.00000,478.00000
2025-11-17 17:00:59.737058,0.00000,0.00000,0.00000,0.00000,0.00000,0.00000,120.00000,32.00000,4.00000,0.00000,0.00000,0.00000,38656.00000,478.00000
2025-11-17 17:01:00.620049,0.00000,0.00000,0.00000,0.00000,0.00000,0.00000,120.00000,32.00000,4.00000,0.00000,0.00000,0.00000,38656.00000,478.00000
2025-11-17 17:01:01.465740,0.00000,0.00000,0.00000,0.00000,0.00000,0.00000,114.00000,30.00000,4.00000,0.00000,0.00000,0.00000,38656.00000,470.00000
2025-11-17 17:01:02.341151,0.00000,0.00000,0.00000,0.00000,0.00000,0.00000,114.00000,30.00000,4.00000,0.00000,0.00000,0.00000,38656.00000,470.00000
2025-11-17 17:01:03.218157,0.00000,0.00000,0.00000,0.00000,0.00000,0.00000,114.00000,30.00000,4.00000,0.00000,0.00000,0.00000,38656.00000,470.00000
2025-11-17 17:01:04.065108,0.00000,0.00000,0.00000,0.00000,0.00000,0.00000,114.00000,30.00000,4.00000,0.00000,0.00000,0.00000,38656.00000,470.00000
2025-11-17 17:01:04.950439,0.00000,0.00000,0.00000,0.00000,0.00000,0.00000,114.00000,30.00000,4.00000,0.00000,0.00000,0.00000,38656.00000,470.00000
2025-11-17 17:01:05.824626,0.00000,0.00000,0.00000,0.00000,0.00000,0.00000,114.00000,30.00000,4.00000,0.00000,0.00000,0.00000,38656.00000,470.00000
2025-11-17 17:01:06.579172,0.00000,0.00000,0.00000,0.00000,0.00000,0.00000,132.00000,36.00000,6.00000,2.00000,0.00000,0.00000,38656.00000,498.00000
2025-11-17 17:01:07.524416,0.00000,0.00000,0.00000,0.00000,0.00000,0.00000,132.00000,36.00000,6.00000,2.00000,0.00000,0.00000,38656.00000,498.00000
2025-11-17 17:01:08.294308,0.00000,0.00000,0.00000,0.00000,0.00000,0.00000,132.00000,36.00000,6.00000,2.00000,0.00000,0.00000,38656.00000,498.00000
2025-11-17 17:01:09.194251,0.00000,1.00000,1.00000,0.00000,1.00000,1.00000,156.00000,44.00000,8.00000,2.00000,0.00000,0.00000,38656.00000,536.00000
2025-11-17 17:01:10.107313,0.00000,1.00000,1.00000,0.00000,1.00000,1.00000,156.00000,44.00000,8.00000,2.00000,0.00000,0.00000,38656.00000,536.00000
2025-11-17 17:01:10.943242,0.00000,1.00000,1.00000,0.00000,1.00000,1.00000,156.00000,44.00000,8.00000,2.00000,0.00000,0.00000,38656.00000,536.00000
2025-11-17 17:01:11.697914,0.00000,1.00000,1.00000,0.00000,1.00000,1.00000,162.00000,46.00000,6.00000,2.00000,0.00000,0.00000,38656.00000,542.00000
2025-11-17 17:01:12.769403,0.00000,1.00000,1.00000,0.00000,1.00000,1.00000,162.00000,46.00000,6.00000,2.00000,0.00000,0.00000,38656.00000,542.00000
2025-11-17 17:01:13.568726,0.00000,1.00000,1.00000,0.00000,1.00000,1.00000,162.00000,46.00000,6.00000,2.00000,0.00000,0.00000,38656.00000,542.00000
2025-11-17 17:01:14.463443,0.00000,1.00000,1.00000,0.00000,1.00000,1.00000,174.00000,50.00000,6.00000,2.00000,0.00000,0.00000,38656.00000,558.00000
2025-11-17 17:01:15.234511,0.00000,1.00000,1.00000,0.00000,1.00000,1.00000,174.00000,50.00000,6.00000,2.00000,0.00000,0.00000,38656.00000,558.00000
2025-11-17 17:01:16.178358,0.00000,1.00000,1.00000,0.00000,1.00000,1.00000,174.00000,50.00000,6.00000,2.00000,0.00000,0.00000,38656.00000,558.00000
2025-11-17 17:01:16.934619,0.00000,1.00000,1.00000,0.00000,1.00000,1.00000,180.00000,48.00000,6.00000,2.00000,0.00000,0.00000,38656.00000,562.00000
2025-11-17 17:01:17.946943,0.00000,1.00000,1.00000,0.00000,1.00000,1.00000,180.00000,48.00000,6.00000,2.00000,0.00000,0.00000,38656.00000,562.00000
2025-11-17 17:01:18.726726,0.00000,1.00000,1.00000,0.00000,1.00000,1.00000,180.00000,48.00000,6.00000,2.00000,0.00000,0.00000,38656.00000,562.00000
2025-11-17 17:01:19.609594,0.00000,1.00000,2.00000,0.00000,1.00000,2.00000,180.00000,50.00000,8.00000,4.00000,2.00000,2.00000,38656.00000,574.00000
2025-11-17 17:01:20.503427,0.00000,1.00000,2.00000,0.00000,1.00000,2.00000,180.00000,50.00000,8.00000,4.00000,2.00000,2.00000,38656.00000,574.00000
2025-11-17 17:01:21.292994,0.00000,1.00000,2.00000,0.00000,1.00000,2.00000,180.00000,50.00000,8.00000,4.00000,2.00000,2.00000,38656.00000,574.00000
2025-11-17 17:01:22.097276,0.00000,0.00000,2.00000,0.00000,0.00000,2.00000,168.00000,44.00000,8.00000,4.00000,2.00000,2.00000,38656.00000,554.00000
2025-11-17 17:01:23.092531,0.00000,0.00000,2.00000,0.00000,0.00000,2.00000,168.00000,44.00000,8.00000,4.00000,2.00000,2.00000,38656.00000,554.00000
2025-11-17 17:01:23.886820,0.00000,0.00000,2.00000,0.00000,0.00000,2.00000,168.00000,44.00000,8.00000,4.00000,2.00000,2.00000,38656.00000,554.00000
2025-11-17 17:01:24.701737,0.00000,0.00000,1.00000,0.00000,0.00000,1.00000,168.00000,48.00000,10.00000,4.00000,2.00000,2.00000,38656.00000,558.00000
2025-11-17 17:01:25.660546,0.00000,0.00000,1.00000,0.00000,0.00000,1.00000,168.00000,48.00000,10.00000,4.00000,2.00000,2.00000,38656.00000,558.00000
2025-11-17 17:01:26.521132,0.00000,0.00000,1.00000,0.00000,0.00000,1.00000,168.00000,48.00000,10.00000,4.00000,2.00000,2.00000,38656.00000,558.00000
2025-11-17 17:01:27.328386,0.00000,0.00000,1.00000,0.00000,0.00000,1.00000,174.00000,50.00000,10.00000,4.00000,2.00000,2.00000,38656.00000,566.00000
2025-11-17 17:01:28.288923,0.00000,1.00000,2.00000,0.00000,1.00000,2.00000,174.00000,50.00000,10.00000,4.00000,2.00000,2.00000,38656.00000,570.00000
2025-11-17 17:01:29.059965,0.00000,1.00000,2.00000,0.00000,1.00000,2.00000,174.00000,50.00000,10.00000,4.00000,2.00000,2.00000,38656.00000,570.00000
2025-11-17 17:01:29.954519,0.00000,1.00000,2.00000,0.00000,1.00000,2.00000,192.00000,52.00000,10.00000,4.00000,2.00000,2.00000,38656.00000,590.00000
2025-11-17 17:01:30.797888,0.00000,1.00000,2.00000,0.00000,1.00000,2.00000,192.00000,52.00000,10.00000,4.00000,2.00000,2.00000,38656.00000,590.00000
2025-11-17 17:01:31.733118,0.00000,1.00000,2.00000,0.00000,1.00000,2.00000,192.00000,52.00000,10.00000,4.00000,2.00000,2.00000,38656.00000,590.00000
2025-11-17 17:01:32.581216,0.00000,1.00000,2.00000,0.00000,1.00000,2.00000,186.00000,48.00000,10.00000,2.00000,2.00000,2.00000,38656.00000,578.00000
2025-11-17 17:01:33.423639,0.00000,1.00000,2.00000,0.00000,1.00000,2.00000,186.00000,48.00000,10.00000,2.00000,2.00000,2.00000,38656.00000,578.00000
2025-11-17 17:01:34.207357,0.00000,1.00000,2.00000,0.00000,1.00000,2.00000,186.00000,48.00000,10.00000,2.00000,2.00000,2.00000,38656.00000,578.00000
2025-11-17 17:01:35.062779,0.00000,0.00000,2.00000,0.00000,0.00000,2.00000,186.00000,42.00000,8.00000,2.00000,2.00000,2.00000,38656.00000,568.00000
2025-11-17 17:01:36.027772,0.00000,0.00000,2.00000,0.00000,0.00000,2.00000,186.00000,42.00000,8.00000,2.00000,2.00000,2.00000,38656.00000,568.00000
2025-11-17 17:01:36.819718,0.00000,0.00000,2.00000,0.00000,0.00000,2.00000,186.00000,42.00000,8.00000,2.00000,2.00000,2.00000,38656.00000,568.00000
2025-11-17 17:01:37.658938,0.00000,0.00000,2.00000,0.00000,0.00000,2.00000,186.00000,42.00000,10.00000,2.00000,2.00000,2.00000,38656.00000,570.00000
2025-11-17 17:01:38.622011,0.00000,0.00000,2.00000,0.00000,0.00000,2.00000,186.00000,42.00000,10.00000,2.00000,2.00000,2.00000,38656.00000,570.00000
2025-11-17 17:01:39.410751,0.00000,0.00000,2.00000,0.00000,0.00000,2.00000,186.00000,42.00000,10.00000,2.00000,2.00000,2.00000,38656.00000,570.00000
2025-11-17 17:01:40.329983,0.00000,0.00000,2.00000,0.00000,0.00000,2.00000,186.00000,40.00000,10.00000,2.00000,2.00000,2.00000,38656.00000,568.00000
2025-11-17 17:01:41.167107,0.00000,0.00000,2.00000,0.00000,0.00000,2.00000,186.00000,40.00000,10.00000,2.00000,2.00000,2.00000,38656.00000,568.00000
2025-11-17 17:01:42.070931,0.00000,0.00000,2.00000,0.00000,0.00000,2.00000,186.00000,40.00000,10.00000,2.00000,2.00000,2.00000,38656.00000,568.00000
2025-11-17 17:01:42.815636,0.00000,0.00000,2.00000,0.00000,0.00000,2.00000,162.00000,36.00000,10.00000,2.00000,2.00000,2.00000,38656.00000,540.00000
2025-11-17 17:01:43.778409,0.00000,0.00000,2.00000,0.00000,0.00000,2.00000,162.00000,36.00000,10.00000,2.00000,2.00000,2.00000,38656.00000,540.00000
2025-11-17 17:01:44.665014,0.00000,0.00000,2.00000,0.00000,0.00000,2.00000,162.00000,36.00000,10.00000,2.00000,2.00000,2.00000,38656.00000,540.00000
2025-11-17 17:01:45.479284,0.00000,0.00000,0.00000,0.00000,0.00000,0.00000,144.00000,30.00000,6.00000,0.00000,0.00000,0.00000,38656.00000,502.00000
2025-11-17 17:01:46.333274,0.00000,0.00000,0.00000,0.00000,0.00000,0.00000,144.00000,30.00000,6.00000,0.00000,0.00000,0.00000,38656.00000,502.00000
2025-11-17 17:01:47.179007,0.00000,0.00000,0.00000,0.00000,0.00000,0.00000,144.00000,30.00000,6.00000,0.00000,0.00000,0.00000,38656.00000,502.00000
2025-11-17 17:01:47.958355,0.00000,0.00000,0.00000,0.00000,0.00000,0.00000,156.00000,32.00000,6.00000,0.00000,0.00000,0.00000,38656.00000,516.00000
2025-11-17 17:01:48.970674,0.00000,0.00000,0.00000,0.00000,0.00000,0.00000,156.00000,32.00000,6.00000,0.00000,0.00000,0.00000,38656.00000,516.00000
2025-11-17 17:01:49.771379,0.00000,0.00000,0.00000,0.00000,0.00000,0.00000,156.00000,32.00000,6.00000,0.00000,0.00000,0.00000,38656.00000,516.00000
2025-11-17 17:01:50.651471,0.00000,0.00000,0.00000,0.00000,0.00000,0.00000,156.00000,30.00000,4.00000,0.00000,0.00000,0.00000,38656.00000,512.00000
2025-11-17 17:01:51.478772,0.00000,0.00000,0.00000,0.00000,0.00000,0.00000,156.00000,30.00000,4.00000,0.00000,0.00000,0.00000,38656.00000,512.00000
2025-11-17 17:01:52.402938,0.00000,0.00000,0.00000,0.00000,0.00000,0.00000,156.00000,30.00000,4.00000,0.00000,0.00000,0.00000,38656.00000,512.00000
2025-11-17 17:01:53.220911,0.00000,0.00000,0.00000,0.00000,0.00000,0.00000,162.00000,30.00000,4.00000,0.00000,0.00000,0.00000,38656.00000,518.00000
2025-11-17 17:01:54.193777,0.00000,0.00000,0.00000,0.00000,0.00000,0.00000,162.00000,30.00000,4.00000,0.00000,0.00000,0.00000,38656.00000,518.00000
2025-11-17 17:01:54.882703,0.00000,0.00000,0.00000,0.00000,0.00000,0.00000,162.00000,30.00000,4.00000,0.00000,0.00000,0.00000,38656.00000,518.00000
2025-11-17 17:01:55.788978,0.00000,0.00000,0.00000,0.00000,0.00000,0.00000,150.00000,28.00000,6.00000,0.00000,0.00000,0.00000,38656.00000,506.00000
2025-11-17 17:01:56.676172,0.00000,0.00000,0.00000,0.00000,0.00000,0.00000,150.00000,28.00000,6.00000,0.00000,0.00000,0.00000,38656.00000,506.00000
2025-11-17 17:01:57.625208,0.00000,0.00000,0.00000,0.00000,0.00000,0.00000,150.00000,28.00000,6.00000,0.00000,0.00000,0.00000,38656.00000,506.00000
2025-11-17 17:01:58.369851,0.00000,0.00000,0.00000,0.00000,0.00000,0.00000,162.00000,34.00000,6.00000,0.00000,0.00000,0.00000,38656.00000,524.00000
2025-11-17 17:01:59.259201,0.00000,0.00000,0.00000,0.00000,0.00000,0.00000,162.00000,34.00000,6.00000,0.00000,0.00000,0.00000,38656.00000,524.00000
2025-11-17 17:02:00.103406,0.00000,0.00000,0.00000,0.00000,0.00000,0.00000,162.00000,34.00000,6.00000,0.00000,0.00000,0.00000,38656.00000,524.00000
2025-11-17 17:02:00.937148,0.00000,0.00000,0.00000,0.00000,0.00000,0.00000,156.00000,36.00000,8.00000,0.00000,0.00000,0.00000,38656.00000,522.00000
2025-11-17 17:02:01.836025,0.00000,0.00000,0.00000,0.00000,0.00000,0.00000,156.00000,36.00000,8.00000,0.00000,0.00000,0.00000,38656.00000,522.00000
2025-11-17 17:02:02.773066,0.00000,0.00000,0.00000,0.00000,0.00000,0.00000,156.00000,36.00000,8.00000,0.00000,0.00000,0.00000,38656.00000,522.00000
2025-11-17 17:02:03.574101,0.00000,0.00000,0.00000,0.00000,0.00000,0.00000,162.00000,38.00000,8.00000,0.00000,0.00000,0.00000,38656.00000,530.00000
2025-11-17 17:02:04.524925,0.00000,0.00000,0.00000,0.00000,0.00000,0.00000,162.00000,38.00000,8.00000,0.00000,0.00000,0.00000,38656.00000,530.00000
2025-11-17 17:02:05.329729,0.00000,0.00000,0.00000,0.00000,0.00000,0.00000,162.00000,38.00000,8.00000,0.00000,0.00000,0.00000,38656.00000,530.00000
2025-11-17 17:02:06.136104,0.00000,0.00000,0.00000,0.00000,0.00000,0.00000,156.00000,38.00000,8.00000,0.00000,0.00000,0.00000,38656.00000,524.00000
2025-11-17 17:02:07.070402,0.00000,0.00000,0.00000,0.00000,0.00000,0.00000,156.00000,38.00000,8.00000,0.00000,0.00000,0.00000,38656.00000,524.00000
2025-11-17 17:02:07.885795,0.00000,0.00000,0.00000,0.00000,0.00000,0.00000,156.00000,38.00000,8.00000,0.00000,0.00000,0.00000,38656.00000,524.00000
2025-11-17 17:02:08.667320,0.00000,0.00000,0.00000,0.00000,0.00000,0.00000,156.00000,38.00000,8.00000,0.00000,0.00000,0.00000,38656.00000,524.00000
2025-11-17 17:02:09.455188,0.00000,0.00000,0.00000,0.00000,0.00000,0.00000,156.00000,38.00000,8.00000,0.00000,0.00000,0.00000,38656.00000,524.00000
2025-11-17 17:02:10.466172,0.00000,0.00000,0.00000,0.00000,0.00000,0.00000,156.00000,38.00000,8.00000,0.00000,0.00000,0.00000,38656.00000,524.00000
2025-11-17 17:02:11.337718,0.00000,0.00000,0.00000,0.00000,0.00000,0.00000,156.00000,38.00000,8.00000,0.00000,0.00000,0.00000,38656.00000,524.00000
2025-11-17 17:02:12.184873,0.00000,0.00000,0.00000,0.00000,0.00000,0.00000,156.00000,38.00000,8.00000,0.00000,0.00000,0.00000,38656.00000,524.00000
2025-11-17 17:02:13.044830,0.00000,0.00000,0.00000,0.00000,0.00000,0.00000,156.00000,38.00000,8.00000,0.00000,0.00000,0.00000,38656.00000,524.00000
2025-11-17 17:02:13.867897,0.00000,0.00000,0.00000,0.00000,0.00000,0.00000,138.00000,36.00000,8.00000,0.00000,0.00000,0.00000,38656.00000,504.00000
2025-11-17 17:02:14.767465,0.00000,0.00000,0.00000,0.00000,0.00000,0.00000,138.00000,36.00000,8.00000,0.00000,0.00000,0.00000,38656.00000,504.00000
2025-11-17 17:02:15.577007,0.00000,0.00000,0.00000,0.00000,0.00000,0.00000,138.00000,36.00000,8.00000,0.00000,0.00000,0.00000,38656.00000,504.00000
2025-11-17 17:02:16.614591,0.00000,0.00000,0.00000,0.00000,0.00000,0.00000,120.00000,32.00000,8.00000,0.00000,0.00000,0.00000,38656.00000,482.00000
2025-11-17 17:02:17.488075,0.00000,0.00000,0.00000,0.00000,0.00000,0.00000,120.00000,32.00000,8.00000,0.00000,0.00000,0.00000,38656.00000,482.00000
2025-11-17 17:02:18.185351,0.00000,0.00000,0.00000,0.00000,0.00000,0.00000,120.00000,32.00000,8.00000,0.00000,0.00000,0.00000,38656.00000,482.00000
2025-11-17 17:02:19.027030,0.00000,0.00000,0.00000,0.00000,0.00000,0.00000,150.00000,42.00000,8.00000,0.00000,0.00000,0.00000,38656.00000,522.00000
2025-11-17 17:02:20.037082,0.00000,0.00000,0.00000,0.00000,0.00000,0.00000,150.00000,42.00000,8.00000,0.00000,0.00000,0.00000,38656.00000,522.00000
2025-11-17 17:02:20.780378,0.00000,0.00000,0.00000,0.00000,0.00000,0.00000,150.00000,42.00000,8.00000,0.00000,0.00000,0.00000,38656.00000,522.00000
2025-11-17 17:02:21.649488,0.00000,0.00000,0.00000,0.00000,0.00000,0.00000,144.00000,42.00000,6.00000,0.00000,0.00000,0.00000,38656.00000,514.00000
2025-11-17 17:02:22.583525,0.00000,0.00000,0.00000,0.00000,0.00000,0.00000,144.00000,42.00000,6.00000,0.00000,0.00000,0.00000,38656.00000,514.00000
2025-11-17 17:02:23.390484,0.00000,0.00000,0.00000,0.00000,0.00000,0.00000,144.00000,42.00000,6.00000,0.00000,0.00000,0.00000,38656.00000,514.00000
2025-11-17 17:02:24.275149,0.00000,0.00000,0.00000,0.00000,0.00000,0.00000,120.00000,34.00000,4.00000,0.00000,0.00000,0.00000,38656.00000,480.00000
2025-11-17 17:02:25.108498,0.00000,0.00000,0.00000,0.00000,0.00000,0.00000,120.00000,34.00000,4.00000,0.00000,0.00000,0.00000,38656.00000,480.00000
2025-11-17 17:02:26.050177,0.00000,0.00000,0.00000,0.00000,0.00000,0.00000,120.00000,34.00000,4.00000,0.00000,0.00000,0.00000,38656.00000,480.00000
2025-11-17 17:02:26.847129,0.00000,0.00000,0.00000,0.00000,0.00000,0.00000,126.00000,34.00000,4.00000,0.00000,0.00000,0.00000,38656.00000,486.00000
2025-11-17 17:02:27.803538,0.00000,0.00000,0.00000,0.00000,0.00000,0.00000,126.00000,34.00000,4.00000,0.00000,0.00000,0.00000,38656.00000,486.00000
2025-11-17 17:02:28.525374,0.00000,0.00000,0.00000,0.00000,0.00000,0.00000,126.00000,34.00000,4.00000,0.00000,0.00000,0.00000,38656.00000,486.00000
2025-11-17 17:02:29.437955,0.00000,0.00000,0.00000,0.00000,0.00000,0.00000,132.00000,34.00000,4.00000,0.00000,0.00000,0.00000,38656.00000,492.00000
2025-11-17 17:02:30.295788,0.00000,0.00000,0.00000,0.00000,0.00000,0.00000,132.00000,34.00000,4.00000,0.00000,0.00000,0.00000,38656.00000,492.00000
2025-11-17 17:02:31.143082,0.00000,0.00000,0.00000,0.00000,0.00000,0.00000,132.00000,34.00000,4.00000,0.00000,0.00000,0.00000,38656.00000,492.00000
2025-11-17 17:02:31.958765,0.00000,0.00000,0.00000,0.00000,0.00000,0.00000,174.00000,42.00000,4.00000,0.00000,0.00000,0.00000,38656.00000,542.00000
2025-11-17 17:02:32.972722,0.00000,0.00000,0.00000,0.00000,0.00000,0.00000,174.00000,42.00000,4.00000,0.00000,0.00000,0.00000,38656.00000,542.00000
2025-11-17 17:02:33.707982,0.00000,0.00000,0.00000,0.00000,0.00000,0.00000,174.00000,42.00000,4.00000,0.00000,0.00000,0.00000,38656.00000,542.00000
2025-11-17 17:02:34.597081,0.00000,0.00000,0.00000,0.00000,0.00000,0.00000,198.00000,48.00000,4.00000,0.00000,0.00000,0.00000,38656.00000,572.00000
2025-11-17 17:02:35.502945,0.00000,0.00000,0.00000,0.00000,0.00000,0.00000,198.00000,48.00000,4.00000,0.00000,0.00000,0.00000,38656.00000,572.00000
2025-11-17 17:02:36.353919,0.00000,0.00000,0.00000,0.00000,0.00000,0.00000,198.00000,48.00000,4.00000,0.00000,0.00000,0.00000,38656.00000,572.00000
2025-11-17 17:02:37.184863,0.00000,0.00000,0.00000,0.00000,0.00000,0.00000,216.00000,56.00000,4.00000,0.00000,0.00000,0.00000,38656.00000,598.00000
2025-11-17 17:02:38.064078,0.00000,0.00000,0.00000,0.00000,0.00000,0.00000,216.00000,56.00000,4.00000,0.00000,0.00000,0.00000,38656.00000,598.00000
2025-11-17 17:02:38.897533,0.00000,0.00000,0.00000,0.00000,0.00000,0.00000,216.00000,56.00000,4.00000,0.00000,0.00000,0.00000,38656.00000,598.00000
2025-11-17 17:02:39.780150,0.00000,0.00000,0.00000,0.00000,0.00000,0.00000,228.00000,56.00000,4.00000,0.00000,0.00000,0.00000,38656.00000,610.00000
2025-11-17 17:02:40.696088,0.00000,0.00000,0.00000,0.00000,0.00000,0.00000,228.00000,56.00000,4.00000,0.00000,0.00000,0.00000,38656.00000,610.00000
2025-11-17 17:02:41.603487,0.00000,0.00000,0.00000,0.00000,0.00000,0.00000,228.00000,56.00000,4.00000,0.00000,0.00000,0.00000,38656.00000,610.00000
2025-11-17 17:02:42.461545,0.00000,1.00000,1.00000,0.00000,1.00000,1.00000,258.00000,62.00000,4.00000,0.00000,0.00000,0.00000,38656.00000,395.00000
2025-11-17 17:02:43.269807,0.00000,1.00000,1.00000,0.00000,1.00000,1.00000,258.00000,62.00000,4.00000,0.00000,0.00000,0.00000,38656.00000,395.00000
2025-11-17 17:02:44.137036,0.00000,1.00000,1.00000,0.00000,1.00000,1.00000,258.00000,62.00000,4.00000,0.00000,0.00000,0.00000,38656.00000,395.00000
2025-11-17 17:02:44.978530,0.00000,1.00000,1.00000,0.00000,1.00000,1.00000,222.00000,52.00000,6.00000,2.00000,0.00000,0.00000,38656.00000,608.00000
2025-11-17 17:02:45.806209,0.00000,1.00000,1.00000,0.00000,1.00000,1.00000,222.00000,52.00000,6.00000,2.00000,0.00000,0.00000,38656.00000,608.00000
2025-11-17 17:02:46.680884,0.00000,1.00000,1.00000,0.00000,1.00000,1.00000,222.00000,52.00000,6.00000,2.00000,0.00000,0.00000,38656.00000,608.00000
2025-11-17 17:02:47.482521,0.00000,1.00000,1.00000,0.00000,1.00000,1.00000,240.00000,54.00000,6.00000,2.00000,0.00000,0.00000,38656.00000,628.00000
2025-11-17 17:02:48.452417,0.00000,1.00000,1.00000,0.00000,1.00000,1.00000,240.00000,54.00000,6.00000,2.00000,0.00000,0.00000,38656.00000,628.00000
2025-11-17 17:02:49.257944,0.00000,1.00000,1.00000,0.00000,1.00000,1.00000,240.00000,54.00000,6.00000,2.00000,0.00000,0.00000,38656.00000,628.00000
2025-11-17 17:02:50.139993,1.00000,1.00000,1.00000,1.00000,1.00000,1.00000,300.00000,68.00000,6.00000,2.00000,0.00000,0.00000,38656.00000,449.00000
2025-11-17 17:02:50.970506,1.00000,1.00000,1.00000,1.00000,1.00000,1.00000,300.00000,68.00000,6.00000,2.00000,0.00000,0.00000,38656.00000,449.00000
2025-11-17 17:02:51.844765,1.00000,1.00000,1.00000,1.00000,1.00000,1.00000,300.00000,68.00000,6.00000,2.00000,0.00000,0.00000,38656.00000,449.00000
2025-11-17 17:02:52.687959,1.00000,1.00000,1.00000,1.00000,1.00000,1.00000,288.00000,68.00000,6.00000,2.00000,0.00000,0.00000,38656.00000,437.00000
2025-11-17 17:02:53.629575,1.00000,1.00000,1.00000,1.00000,1.00000,1.00000,288.00000,68.00000,6.00000,2.00000,0.00000,0.00000,38656.00000,437.00000
2025-11-17 17:02:54.498821,1.00000,1.00000,1.00000,1.00000,1.00000,1.00000,288.00000,68.00000,6.00000,2.00000,0.00000,0.00000,38656.00000,437.00000
2025-11-17 17:02:55.426122,1.00000,1.00000,2.00000,1.00000,1.00000,2.00000,282.00000,66.00000,8.00000,4.00000,0.00000,0.00000,38656.00000,435.00000
2025-11-17 17:02:56.188027,1.00000,1.00000,2.00000,1.00000,1.00000,2.00000,282.00000,66.00000,8.00000,4.00000,0.00000,0.00000,38656.00000,435.00000
2025-11-17 17:02:57.023000,1.00000,1.00000,2.00000,1.00000,1.00000,2.00000,282.00000,66.00000,8.00000,4.00000,0.00000,0.00000,38656.00000,435.00000
2025-11-17 17:02:57.856496,0.00000,1.00000,1.00000,0.00000,1.00000,1.00000,246.00000,56.00000,8.00000,4.00000,0.00000,0.00000,38656.00000,640.00000
2025-11-17 17:02:58.848810,0.00000,1.00000,1.00000,0.00000,1.00000,1.00000,246.00000,56.00000,8.00000,4.00000,0.00000,0.00000,38656.00000,640.00000
2025-11-17 17:02:59.608848,0.00000,1.00000,1.00000,0.00000,1.00000,1.00000,246.00000,56.00000,8.00000,4.00000,0.00000,0.00000,38656.00000,640.00000
2025-11-17 17:03:00.478801,0.00000,1.00000,2.00000,0.00000,1.00000,2.00000,240.00000,56.00000,8.00000,4.00000,0.00000,0.00000,38656.00000,636.00000
2025-11-17 17:03:01.410677,0.00000,1.00000,2.00000,0.00000,1.00000,2.00000,240.00000,56.00000,8.00000,4.00000,0.00000,0.00000,38656.00000,636.00000
2025-11-17 17:03:02.201779,0.00000,1.00000,2.00000,0.00000,1.00000,2.00000,240.00000,56.00000,8.00000,4.00000,0.00000,0.00000,38656.00000,636.00000
2025-11-17 17:03:03.062694,0.00000,1.00000,1.00000,0.00000,1.00000,1.00000,228.00000,52.00000,8.00000,4.00000,0.00000,0.00000,38656.00000,618.00000
2025-11-17 17:03:03.932168,0.00000,1.00000,1.00000,0.00000,1.00000,1.00000,228.00000,52.00000,8.00000,4.00000,0.00000,0.00000,38656.00000,618.00000
2025-11-17 17:03:04.779133,0.00000,1.00000,1.00000,0.00000,1.00000,1.00000,228.00000,52.00000,8.00000,4.00000,0.00000,0.00000,38656.00000,618.00000
2025-11-17 17:03:05.649499,0.00000,1.00000,2.00000,0.00000,1.00000,2.00000,234.00000,56.00000,12.00000,4.00000,0.00000,0.00000,38656.00000,634.00000
2025-11-17 17:03:06.577384,0.00000,0.00000,1.00000,0.00000,0.00000,1.00000,234.00000,56.00000,12.00000,4.00000,0.00000,0.00000,38656.00000,630.00000
2025-11-17 17:03:07.417978,0.00000,0.00000,1.00000,0.00000,0.00000,1.00000,234.00000,56.00000,12.00000,4.00000,0.00000,0.00000,38656.00000,630.00000
2025-11-17 17:03:08.327443,0.00000,0.00000,0.00000,0.00000,0.00000,0.00000,204.00000,50.00000,12.00000,4.00000,0.00000,0.00000,38656.00000,592.00000
2025-11-17 17:03:09.190123,0.00000,1.00000,1.00000,0.00000,1.00000,1.00000,204.00000,50.00000,12.00000,4.00000,0.00000,0.00000,38656.00000,596.00000
2025-11-17 17:03:10.049864,0.00000,1.00000,1.00000,0.00000,1.00000,1.00000,204.00000,50.00000,12.00000,4.00000,0.00000,0.00000,38656.00000,596.00000
2025-11-17 17:03:10.813141,0.00000,0.00000,1.00000,0.00000,0.00000,1.00000,222.00000,54.00000,10.00000,2.00000,0.00000,0.00000,38656.00000,612.00000
2025-11-17 17:03:11.777070,0.00000,0.00000,1.00000,0.00000,0.00000,1.00000,222.00000,54.00000,10.00000,2.00000,0.00000,0.00000,38656.00000,612.00000
2025-11-17 17:03:12.556536,0.00000,0.00000,0.00000,0.00000,0.00000,0.00000,222.00000,54.00000,10.00000,2.00000,0.00000,0.00000,38656.00000,610.00000
2025-11-17 17:03:13.408908,0.00000,0.00000,0.00000,0.00000,0.00000,0.00000,210.00000,54.00000,12.00000,2.00000,0.00000,0.00000,38656.00000,600.00000
2025-11-17 17:03:14.350998,0.00000,0.00000,0.00000,0.00000,0.00000,0.00000,210.00000,54.00000,12.00000,2.00000,0.00000,0.00000,38656.00000,600.00000
2025-11-17 17:03:15.206543,0.00000,0.00000,0.00000,0.00000,0.00000,0.00000,210.00000,54.00000,12.00000,2.00000,0.00000,0.00000,38656.00000,600.00000
2025-11-17 17:03:16.077864,0.00000,0.00000,0.00000,0.00000,0.00000,0.00000,162.00000,44.00000,16.00000,2.00000,0.00000,0.00000,38656.00000,546.00000
2025-11-17 17:03:16.931460,0.00000,0.00000,0.00000,0.00000,0.00000,0.00000,162.00000,44.00000,16.00000,2.00000,0.00000,0.00000,38656.00000,546.00000
2025-11-17 17:03:17.815914,0.00000,0.00000,0.00000,0.00000,0.00000,0.00000,162.00000,44.00000,16.00000,2.00000,0.00000,0.00000,38656.00000,546.00000
2025-11-17 17:03:18.558841,0.00000,0.00000,0.00000,0.00000,0.00000,0.00000,162.00000,44.00000,16.00000,2.00000,0.00000,0.00000,38656.00000,546.00000
2025-11-17 17:03:19.604039,0.00000,0.00000,0.00000,0.00000,0.00000,0.00000,162.00000,44.00000,16.00000,2.00000,0.00000,0.00000,38656.00000,546.00000
2025-11-17 17:03:20.428837,0.00000,0.00000,0.00000,0.00000,0.00000,0.00000,162.00000,44.00000,16.00000,2.00000,0.00000,0.00000,38656.00000,546.00000
2025-11-17 17:03:21.188851,0.00000,0.00000,0.00000,0.00000,0.00000,0.00000,150.00000,42.00000,12.00000,0.00000,0.00000,0.00000,38656.00000,526.00000
2025-11-17 17:03:22.154781,0.00000,0.00000,0.00000,0.00000,0.00000,0.00000,150.00000,42.00000,12.00000,0.00000,0.00000,0.00000,38656.00000,526.00000
2025-11-17 17:03:22.905226,0.00000,0.00000,0.00000,0.00000,0.00000,0.00000,150.00000,42.00000,12.00000,0.00000,0.00000,0.00000,38656.00000,526.00000
2025-11-17 17:03:23.765662,0.00000,0.00000,0.00000,0.00000,0.00000,0.00000,132.00000,40.00000,12.00000,0.00000,0.00000,0.00000,38656.00000,506.00000
2025-11-17 17:03:24.710654,0.00000,0.00000,0.00000,0.00000,0.00000,0.00000,132.00000,40.00000,12.00000,0.00000,0.00000,0.00000,38656.00000,506.00000
2025-11-17 17:03:25.536946,0.00000,0.00000,0.00000,0.00000,0.00000,0.00000,132.00000,40.00000,12.00000,0.00000,0.00000,0.00000,38656.00000,506.00000
2025-11-17 17:03:26.478716,0.00000,0.00000,0.00000,0.00000,0.00000,0.00000,114.00000,34.00000,12.00000,0.00000,0.00000,0.00000,38656.00000,482.00000
2025-11-17 17:03:27.356449,0.00000,0.00000,0.00000,0.00000,0.00000,0.00000,114.00000,34.00000,12.00000,0.00000,0.00000,0.00000,38656.00000,482.00000
2025-11-17 17:03:28.110888,0.00000,0.00000,0.00000,0.00000,0.00000,0.00000,114.00000,34.00000,12.00000,0.00000,0.00000,0.00000,38656.00000,482.00000
2025-11-17 17:03:29.018761,0.00000,0.00000,0.00000,0.00000,0.00000,0.00000,132.00000,38.00000,12.00000,0.00000,0.00000,0.00000,38656.00000,504.00000
2025-11-17 17:03:29.814969,0.00000,0.00000,0.00000,0.00000,0.00000,0.00000,132.00000,38.00000,12.00000,0.00000,0.00000,0.00000,38656.00000,504.00000
2025-11-17 17:03:30.664046,0.00000,0.00000,0.00000,0.00000,0.00000,0.00000,132.00000,38.00000,12.00000,0.00000,0.00000,0.00000,38656.00000,504.00000
2025-11-17 17:03:31.530491,0.00000,0.00000,0.00000,0.00000,0.00000,0.00000,114.00000,34.00000,8.00000,0.00000,0.00000,0.00000,38656.00000,478.00000
2025-11-17 17:03:32.520846,0.00000,0.00000,0.00000,0.00000,0.00000,0.00000,114.00000,34.00000,8.00000,0.00000,0.00000,0.00000,38656.00000,478.00000
2025-11-17 17:03:33.312108,0.00000,0.00000,0.00000,0.00000,0.00000,0.00000,114.00000,34.00000,8.00000,0.00000,0.00000,0.00000,38656.00000,478.00000
2025-11-17 17:03:34.184171,0.00000,0.00000,0.00000,0.00000,0.00000,0.00000,126.00000,36.00000,8.00000,0.00000,0.00000,0.00000,38656.00000,492.00000
2025-11-17 17:03:35.060374,0.00000,0.00000,0.00000,0.00000,0.00000,0.00000,126.00000,36.00000,8.00000,0.00000,0.00000,0.00000,38656.00000,492.00000
2025-11-17 17:03:35.910180,0.00000,0.00000,0.00000,0.00000,0.00000,0.00000,126.00000,36.00000,8.00000,0.00000,0.00000,0.00000,38656.00000,492.00000
2025-11-17 17:03:36.698876,0.00000,0.00000,0.00000,0.00000,0.00000,0.00000,114.00000,34.00000,10.00000,0.00000,0.00000,0.00000,38656.00000,480.00000
2025-11-17 17:03:37.656967,0.00000,0.00000,0.00000,0.00000,0.00000,0.00000,114.00000,34.00000,10.00000,0.00000,0.00000,0.00000,38656.00000,480.00000
2025-11-17 17:03:38.451019,0.00000,0.00000,0.00000,0.00000,0.00000,0.00000,114.00000,34.00000,10.00000,0.00000,0.00000,0.00000,38656.00000,480.00000
2025-11-17 17:03:39.298158,0.00000,0.00000,0.00000,0.00000,0.00000,0.00000,132.00000,34.00000,10.00000,0.00000,0.00000,0.00000,38656.00000,498.00000
2025-11-17 17:03:40.243428,0.00000,0.00000,0.00000,0.00000,0.00000,0.00000,132.00000,34.00000,10.00000,0.00000,0.00000,0.00000,38656.00000,498.00000
2025-11-17 17:03:41.046335,0.00000,0.00000,0.00000,0.00000,0.00000,0.00000,132.00000,34.00000,10.00000,0.00000,0.00000,0.00000,38656.00000,498.00000
2025-11-17 17:03:41.944694,0.00000,0.00000,0.00000,0.00000,0.00000,0.00000,138.00000,36.00000,6.00000,0.00000,0.00000,0.00000,38656.00000,502.00000
2025-11-17 17:03:42.811463,0.00000,0.00000,0.00000,0.00000,0.00000,0.00000,138.00000,36.00000,6.00000,0.00000,0.00000,0.00000,38656.00000,502.00000
2025-11-17 17:03:43.704906,0.00000,0.00000,0.00000,0.00000,0.00000,0.00000,138.00000,36.00000,6.00000,0.00000,0.00000,0.00000,38656.00000,502.00000
2025-11-17 17:03:44.478211,0.00000,0.00000,2.00000,0.00000,0.00000,2.00000,144.00000,38.00000,10.00000,4.00000,2.00000,2.00000,38656.00000,526.00000
2025-11-17 17:03:45.488730,0.00000,0.00000,2.00000,0.00000,0.00000,2.00000,144.00000,38.00000,10.00000,4.00000,2.00000,2.00000,38656.00000,526.00000
2025-11-17 17:03:46.319777,0.00000,0.00000,2.00000,0.00000,0.00000,2.00000,144.00000,38.00000,10.00000,4.00000,2.00000,2.00000,38656.00000,526.00000
2025-11-17 17:03:47.085478,0.00000,0.00000,2.00000,0.00000,0.00000,2.00000,150.00000,38.00000,10.00000,4.00000,2.00000,2.00000,38656.00000,532.00000
2025-11-17 17:03:47.980631,0.00000,0.00000,2.00000,0.00000,0.00000,2.00000,150.00000,38.00000,10.00000,4.00000,2.00000,2.00000,38656.00000,532.00000
2025-11-17 17:03:48.791597,0.00000,0.00000,2.00000,0.00000,0.00000,2.00000,150.00000,38.00000,10.00000,4.00000,2.00000,2.00000,38656.00000,532.00000
2025-11-17 17:03:49.606535,0.00000,0.00000,2.00000,0.00000,0.00000,2.00000,162.00000,42.00000,10.00000,4.00000,2.00000,2.00000,38656.00000,548.00000
2025-11-17 17:03:50.586426,0.00000,0.00000,2.00000,0.00000,0.00000,2.00000,162.00000,42.00000,10.00000,4.00000,2.00000,2.00000,38656.00000,548.00000
2025-11-17 17:03:51.446594,0.00000,0.00000,2.00000,0.00000,0.00000,2.00000,162.00000,42.00000,10.00000,4.00000,2.00000,2.00000,38656.00000,548.00000
2025-11-17 17:03:52.347701,0.00000,0.00000,2.00000,0.00000,0.00000,2.00000,162.00000,42.00000,10.00000,4.00000,2.00000,2.00000,38656.00000,548.00000
2025-11-17 17:03:53.180238,0.00000,0.00000,2.00000,0.00000,0.00000,2.00000,162.00000,42.00000,10.00000,4.00000,2.00000,2.00000,38656.00000,548.00000
2025-11-17 17:03:54.038595,0.00000,0.00000,2.00000,0.00000,0.00000,2.00000,162.00000,42.00000,10.00000,4.00000,2.00000,2.00000,38656.00000,548.00000
2025-11-17 17:03:54.792796,0.00000,0.00000,2.00000,0.00000,0.00000,2.00000,138.00000,34.00000,10.00000,4.00000,2.00000,2.00000,38656.00000,516.00000
2025-11-17 17:03:55.795643,0.00000,0.00000,2.00000,0.00000,0.00000,2.00000,138.00000,34.00000,10.00000,4.00000,2.00000,2.00000,38656.00000,516.00000
2025-11-17 17:03:56.681793,0.00000,0.00000,2.00000,0.00000,0.00000,2.00000,138.00000,34.00000,10.00000,4.00000,2.00000,2.00000,38656.00000,516.00000
2025-11-17 17:03:57.428475,0.00000,0.00000,2.00000,0.00000,0.00000,2.00000,162.00000,42.00000,10.00000,4.00000,2.00000,2.00000,38656.00000,548.00000
2025-11-17 17:03:58.338565,0.00000,0.00000,2.00000,0.00000,0.00000,2.00000,162.00000,42.00000,10.00000,4.00000,2.00000,2.00000,38656.00000,548.00000
2025-11-17 17:03:59.182516,0.00000,0.00000,2.00000,0.00000,0.00000,2.00000,162.00000,42.00000,10.00000,4.00000,2.00000,2.00000,38656.00000,548.00000
2025-11-17 17:04:00.038869,0.00000,1.00000,2.00000,0.00000,1.00000,2.00000,186.00000,44.00000,10.00000,4.00000,2.00000,2.00000,38656.00000,576.00000
2025-11-17 17:04:00.867394,0.00000,1.00000,2.00000,0.00000,1.00000,2.00000,186.00000,44.00000,10.00000,4.00000,2.00000,2.00000,38656.00000,576.00000
2025-11-17 17:04:01.722988,0.00000,1.00000,2.00000,0.00000,1.00000,2.00000,186.00000,44.00000,10.00000,4.00000,2.00000,2.00000,38656.00000,576.00000
2025-11-17 17:04:02.549698,0.00000,0.00000,1.00000,0.00000,0.00000,1.00000,174.00000,40.00000,8.00000,4.00000,2.00000,2.00000,38656.00000,554.00000
2025-11-17 17:04:03.536921,0.00000,0.00000,1.00000,0.00000,0.00000,1.00000,174.00000,40.00000,8.00000,4.00000,2.00000,2.00000,38656.00000,554.00000
2025-11-17 17:04:04.449336,0.00000,0.00000,1.00000,0.00000,0.00000,1.00000,174.00000,40.00000,8.00000,4.00000,2.00000,2.00000,38656.00000,554.00000
2025-11-17 17:04:05.270443,0.00000,0.00000,1.00000,0.00000,0.00000,1.00000,180.00000,44.00000,6.00000,4.00000,2.00000,2.00000,38656.00000,562.00000
2025-11-17 17:04:06.118333,0.00000,0.00000,2.00000,0.00000,0.00000,2.00000,180.00000,44.00000,6.00000,4.00000,2.00000,2.00000,38656.00000,564.00000
2025-11-17 17:04:06.982161,0.00000,0.00000,2.00000,0.00000,0.00000,2.00000,180.00000,44.00000,6.00000,4.00000,2.00000,2.00000,38656.00000,564.00000
2025-11-17 17:04:07.749869,0.00000,0.00000,3.00000,0.00000,0.00000,3.00000,168.00000,40.00000,8.00000,6.00000,2.00000,2.00000,38656.00000,554.00000
2025-11-17 17:04:08.733517,0.00000,0.00000,3.00000,0.00000,0.00000,3.00000,168.00000,40.00000,8.00000,6.00000,2.00000,2.00000,38656.00000,554.00000
2025-11-17 17:04:09.508769,0.00000,0.00000,3.00000,0.00000,0.00000,3.00000,168.00000,40.00000,8.00000,6.00000,2.00000,2.00000,38656.00000,554.00000
2025-11-17 17:04:10.294835,0.00000,0.00000,1.00000,0.00000,0.00000,1.00000,168.00000,40.00000,2.00000,2.00000,0.00000,0.00000,38656.00000,536.00000
2025-11-17 17:04:11.321185,0.00000,0.00000,1.00000,0.00000,0.00000,1.00000,168.00000,40.00000,2.00000,2.00000,0.00000,0.00000,38656.00000,536.00000
2025-11-17 17:04:12.095893,0.00000,0.00000,0.00000,0.00000,0.00000,0.00000,168.00000,40.00000,2.00000,2.00000,0.00000,0.00000,38656.00000,534.00000
2025-11-17 17:04:12.972819,0.00000,0.00000,0.00000,0.00000,0.00000,0.00000,186.00000,46.00000,2.00000,2.00000,0.00000,0.00000,38656.00000,558.00000
2025-11-17 17:04:13.797521,0.00000,0.00000,0.00000,0.00000,0.00000,0.00000,186.00000,46.00000,2.00000,2.00000,0.00000,0.00000,38656.00000,558.00000
2025-11-17 17:04:14.663314,0.00000,0.00000,1.00000,0.00000,0.00000,1.00000,186.00000,46.00000,2.00000,2.00000,0.00000,0.00000,38656.00000,560.00000
2025-11-17 17:04:15.487496,0.00000,0.00000,1.00000,0.00000,0.00000,1.00000,186.00000,46.00000,4.00000,2.00000,0.00000,0.00000,38656.00000,562.00000
2025-11-17 17:04:16.445623,0.00000,0.00000,1.00000,0.00000,0.00000,1.00000,186.00000,46.00000,4.00000,2.00000,0.00000,0.00000,38656.00000,562.00000
2025-11-17 17:04:17.343358,0.00000,0.00000,1.00000,0.00000,0.00000,1.00000,186.00000,46.00000,4.00000,2.00000,0.00000,0.00000,38656.00000,562.00000
2025-11-17 17:04:18.244993,0.00000,0.00000,1.00000,0.00000,0.00000,1.00000,216.00000,54.00000,6.00000,2.00000,0.00000,0.00000,38656.00000,602.00000
2025-11-17 17:04:19.061856,0.00000,0.00000,1.00000,0.00000,0.00000,1.00000,216.00000,54.00000,6.00000,2.00000,0.00000,0.00000,38656.00000,602.00000
2025-11-17 17:04:19.927872,0.00000,0.00000,1.00000,0.00000,0.00000,1.00000,216.00000,54.00000,6.00000,2.00000,0.00000,0.00000,38656.00000,602.00000
2025-11-17 17:04:20.677700,0.00000,1.00000,1.00000,0.00000,1.00000,1.00000,228.00000,60.00000,6.00000,2.00000,0.00000,0.00000,38656.00000,622.00000
2025-11-17 17:04:21.670949,0.00000,1.00000,1.00000,0.00000,1.00000,1.00000,228.00000,60.00000,6.00000,2.00000,0.00000,0.00000,38656.00000,622.00000
2025-11-17 17:04:22.437667,0.00000,1.00000,1.00000,0.00000,1.00000,1.00000,228.00000,60.00000,6.00000,2.00000,0.00000,0.00000,38656.00000,622.00000
2025-11-17 17:04:23.259418,0.00000,0.00000,1.00000,0.00000,0.00000,1.00000,204.00000,52.00000,6.00000,2.00000,0.00000,0.00000,38656.00000,588.00000
2025-11-17 17:04:24.215404,0.00000,0.00000,1.00000,0.00000,0.00000,1.00000,204.00000,52.00000,6.00000,2.00000,0.00000,0.00000,38656.00000,588.00000
2025-11-17 17:04:25.026947,0.00000,0.00000,1.00000,0.00000,0.00000,1.00000,204.00000,52.00000,6.00000,2.00000,0.00000,0.00000,38656.00000,588.00000
2025-11-17 17:04:25.888885,0.00000,0.00000,1.00000,0.00000,0.00000,1.00000,174.00000,50.00000,6.00000,2.00000,0.00000,0.00000,38656.00000,556.00000
2025-11-17 17:04:26.875728,0.00000,0.00000,1.00000,0.00000,0.00000,1.00000,174.00000,50.00000,6.00000,2.00000,0.00000,0.00000,38656.00000,556.00000
2025-11-17 17:04:27.654438,0.00000,0.00000,1.00000,0.00000,0.00000,1.00000,174.00000,50.00000,6.00000,2.00000,0.00000,0.00000,38656.00000,556.00000
2025-11-17 17:04:28.462398,0.00000,0.00000,1.00000,0.00000,0.00000,1.00000,186.00000,50.00000,6.00000,2.00000,0.00000,0.00000,38656.00000,568.00000
2025-11-17 17:04:29.348056,0.00000,0.00000,1.00000,0.00000,0.00000,1.00000,186.00000,50.00000,6.00000,2.00000,0.00000,0.00000,38656.00000,568.00000
2025-11-17 17:04:30.225502,0.00000,0.00000,1.00000,0.00000,0.00000,1.00000,186.00000,50.00000,6.00000,2.00000,0.00000,0.00000,38656.00000,568.00000
2025-11-17 17:04:31.145931,0.00000,0.00000,1.00000,0.00000,0.00000,1.00000,162.00000,46.00000,8.00000,2.00000,0.00000,0.00000,38656.00000,542.00000
2025-11-17 17:04:31.987040,0.00000,0.00000,1.00000,0.00000,0.00000,1.00000,162.00000,46.00000,8.00000,2.00000,0.00000,0.00000,38656.00000,542.00000
2025-11-17 17:04:32.878304,0.00000,0.00000,1.00000,0.00000,0.00000,1.00000,162.00000,46.00000,8.00000,2.00000,0.00000,0.00000,38656.00000,542.00000
2025-11-17 17:04:33.626159,0.00000,0.00000,0.00000,0.00000,0.00000,0.00000,168.00000,46.00000,6.00000,0.00000,0.00000,0.00000,38656.00000,542.00000
2025-11-17 17:04:34.622937,0.00000,0.00000,0.00000,0.00000,0.00000,0.00000,168.00000,46.00000,6.00000,0.00000,0.00000,0.00000,38656.00000,542.00000
2025-11-17 17:04:35.378725,0.00000,0.00000,0.00000,0.00000,0.00000,0.00000,168.00000,46.00000,6.00000,0.00000,0.00000,0.00000,38656.00000,542.00000
2025-11-17 17:04:36.282069,0.00000,1.00000,1.00000,0.00000,1.00000,1.00000,180.00000,48.00000,10.00000,2.00000,0.00000,0.00000,38656.00000,566.00000
2025-11-17 17:04:37.211855,0.00000,1.00000,1.00000,0.00000,1.00000,1.00000,180.00000,48.00000,10.00000,2.00000,0.00000,0.00000,38656.00000,566.00000
2025-11-17 17:04:38.028329,0.00000,1.00000,1.00000,0.00000,1.00000,1.00000,180.00000,48.00000,10.00000,2.00000,0.00000,0.00000,38656.00000,566.00000
2025-11-17 17:04:38.895668,0.00000,0.00000,0.00000,0.00000,0.00000,0.00000,168.00000,44.00000,12.00000,2.00000,0.00000,0.00000,38656.00000,548.00000
2025-11-17 17:04:39.751422,0.00000,0.00000,0.00000,0.00000,0.00000,0.00000,168.00000,44.00000,12.00000,2.00000,0.00000,0.00000,38656.00000,548.00000
2025-11-17 17:04:40.648623,0.00000,0.00000,0.00000,0.00000,0.00000,0.00000,168.00000,44.00000,12.00000,2.00000,0.00000,0.00000,38656.00000,548.00000
2025-11-17 17:04:41.422850,0.00000,1.00000,1.00000,0.00000,1.00000,1.00000,174.00000,46.00000,10.00000,2.00000,0.00000,0.00000,38656.00000,558.00000
2025-11-17 17:04:42.297853,0.00000,1.00000,1.00000,0.00000,1.00000,1.00000,174.00000,46.00000,10.00000,2.00000,0.00000,0.00000,38656.00000,558.00000
2025-11-17 17:04:43.226778,0.00000,1.00000,1.00000,0.00000,1.00000,1.00000,174.00000,46.00000,10.00000,2.00000,0.00000,0.00000,38656.00000,558.00000
2025-11-17 17:04:44.038116,0.00000,1.00000,2.00000,0.00000,1.00000,2.00000,186.00000,50.00000,10.00000,4.00000,2.00000,2.00000,38656.00000,582.00000
2025-11-17 17:04:44.964559,0.00000,1.00000,2.00000,0.00000,1.00000,2.00000,186.00000,50.00000,10.00000,4.00000,2.00000,2.00000,38656.00000,582.00000
2025-11-17 17:04:45.726929,0.00000,1.00000,2.00000,0.00000,1.00000,2.00000,186.00000,50.00000,10.00000,4.00000,2.00000,2.00000,38656.00000,582.00000
2025-11-17 17:04:46.617511,0.00000,1.00000,2.00000,0.00000,1.00000,2.00000,186.00000,50.00000,12.00000,4.00000,2.00000,2.00000,38656.00000,584.00000
2025-11-17 17:04:47.461829,0.00000,0.00000,1.00000,0.00000,0.00000,1.00000,186.00000,50.00000,12.00000,4.00000,2.00000,2.00000,38656.00000,580.00000
2025-11-17 17:04:48.344254,0.00000,0.00000,1.00000,0.00000,0.00000,1.00000,186.00000,50.00000,12.00000,4.00000,2.00000,2.00000,38656.00000,580.00000
2025-11-17 17:04:49.233558,0.00000,0.00000,2.00000,0.00000,0.00000,2.00000,216.00000,60.00000,14.00000,4.00000,2.00000,2.00000,38656.00000,624.00000
2025-11-17 17:04:50.147369,0.00000,0.00000,2.00000,0.00000,0.00000,2.00000,216.00000,60.00000,14.00000,4.00000,2.00000,2.00000,38656.00000,624.00000
2025-11-17 17:04:51.006343,0.00000,1.00000,3.00000,0.00000,1.00000,3.00000,216.00000,60.00000,14.00000,4.00000,2.00000,2.00000,38656.00000,628.00000
2025-11-17 17:04:51.737076,0.00000,2.00000,3.00000,0.00000,2.00000,3.00000,228.00000,64.00000,16.00000,4.00000,2.00000,2.00000,38656.00000,648.00000
2025-11-17 17:04:52.731124,0.00000,2.00000,3.00000,0.00000,2.00000,3.00000,228.00000,64.00000,16.00000,4.00000,2.00000,2.00000,38656.00000,648.00000
2025-11-17 17:04:53.471830,0.00000,1.00000,2.00000,0.00000,1.00000,2.00000,228.00000,64.00000,16.00000,4.00000,2.00000,2.00000,38656.00000,644.00000
2025-11-17 17:04:54.353052,0.00000,1.00000,2.00000,0.00000,1.00000,2.00000,234.00000,64.00000,16.00000,4.00000,2.00000,2.00000,38656.00000,650.00000
2025-11-17 17:04:55.380677,0.00000,1.00000,2.00000,0.00000,1.00000,2.00000,234.00000,64.00000,16.00000,4.00000,2.00000,2.00000,38656.00000,650.00000
2025-11-17 17:04:56.169030,0.00000,1.00000,2.00000,0.00000,1.00000,2.00000,234.00000,64.00000,16.00000,4.00000,2.00000,2.00000,38656.00000,650.00000
2025-11-17 17:04:57.065888,0.00000,0.00000,2.00000,0.00000,0.00000,2.00000,240.00000,64.00000,14.00000,4.00000,2.00000,2.00000,38656.00000,652.00000
2025-11-17 17:04:57.867285,0.00000,0.00000,2.00000,0.00000,0.00000,2.00000,240.00000,64.00000,14.00000,4.00000,2.00000,2.00000,38656.00000,652.00000
2025-11-17 17:04:58.710088,0.00000,0.00000,2.00000,0.00000,0.00000,2.00000,240.00000,64.00000,14.00000,4.00000,2.00000,2.00000,38656.00000,652.00000
2025-11-17 17:04:59.537296,0.00000,0.00000,2.00000,0.00000,0.00000,2.00000,228.00000,62.00000,14.00000,4.00000,2.00000,2.00000,38656.00000,638.00000
2025-11-17 17:05:00.471116,0.00000,0.00000,2.00000,0.00000,0.00000,2.00000,228.00000,62.00000,14.00000,4.00000,2.00000,2.00000,38656.00000,638.00000
2025-11-17 17:05:01.288430,0.00000,0.00000,2.00000,0.00000,0.00000,2.00000,228.00000,62.00000,14.00000,4.00000,2.00000,2.00000,38656.00000,638.00000
2025-11-17 17:05:02.139404,0.00000,0.00000,1.00000,0.00000,0.00000,1.00000,204.00000,56.00000,10.00000,2.00000,2.00000,2.00000,38656.00000,600.00000
2025-11-17 17:05:03.073208,0.00000,0.00000,1.00000,0.00000,0.00000,1.00000,204.00000,56.00000,10.00000,2.00000,2.00000,2.00000,38656.00000,600.00000
2025-11-17 17:05:03.896542,0.00000,0.00000,1.00000,0.00000,0.00000,1.00000,204.00000,56.00000,10.00000,2.00000,2.00000,2.00000,38656.00000,600.00000
2025-11-17 17:05:04.782554,0.00000,0.00000,1.00000,0.00000,0.00000,1.00000,198.00000,56.00000,8.00000,2.00000,2.00000,2.00000,38656.00000,592.00000
2025-11-17 17:05:05.661877,0.00000,1.00000,2.00000,0.00000,1.00000,2.00000,198.00000,56.00000,8.00000,2.00000,2.00000,2.00000,38656.00000,596.00000
2025-11-17 17:05:06.516338,0.00000,1.00000,2.00000,0.00000,1.00000,2.00000,198.00000,56.00000,8.00000,2.00000,2.00000,2.00000,38656.00000,596.00000
2025-11-17 17:05:07.258978,0.00000,1.00000,2.00000,0.00000,1.00000,2.00000,198.00000,54.00000,10.00000,2.00000,2.00000,2.00000,38656.00000,596.00000
2025-11-17 17:05:08.331212,0.00000,1.00000,2.00000,0.00000,1.00000,2.00000,198.00000,54.00000,10.00000,2.00000,2.00000,2.00000,38656.00000,596.00000
2025-11-17 17:05:09.088430,0.00000,1.00000,2.00000,0.00000,1.00000,2.00000,198.00000,54.00000,10.00000,2.00000,2.00000,2.00000,38656.00000,596.00000
2025-11-17 17:05:09.951505,0.00000,1.00000,1.00000,0.00000,1.00000,1.00000,168.00000,44.00000,8.00000,0.00000,0.00000,0.00000,38656.00000,546.00000
2025-11-17 17:05:10.856499,0.00000,1.00000,1.00000,0.00000,1.00000,1.00000,168.00000,44.00000,8.00000,0.00000,0.00000,0.00000,38656.00000,546.00000
2025-11-17 17:05:11.690914,0.00000,0.00000,0.00000,0.00000,0.00000,0.00000,168.00000,44.00000,8.00000,0.00000,0.00000,0.00000,38656.00000,542.00000
2025-11-17 17:05:12.497139,0.00000,0.00000,0.00000,0.00000,0.00000,0.00000,150.00000,38.00000,6.00000,0.00000,0.00000,0.00000,38656.00000,516.00000
2025-11-17 17:05:13.430681,0.00000,0.00000,0.00000,0.00000,0.00000,0.00000,150.00000,38.00000,6.00000,0.00000,0.00000,0.00000,38656.00000,516.00000
2025-11-17 17:05:14.282498,0.00000,0.00000,0.00000,0.00000,0.00000,0.00000,150.00000,38.00000,6.00000,0.00000,0.00000,0.00000,38656.00000,516.00000
2025-11-17 17:05:15.188254,0.00000,0.00000,0.00000,0.00000,0.00000,0.00000,132.00000,32.00000,4.00000,0.00000,0.00000,0.00000,38656.00000,490.00000
2025-11-17 17:05:15.981439,0.00000,0.00000,0.00000,0.00000,0.00000,0.00000,132.00000,32.00000,4.00000,0.00000,0.00000,0.00000,38656.00000,490.00000
2025-11-17 17:05:16.896842,0.00000,0.00000,0.00000,0.00000,0.00000,0.00000,132.00000,32.00000,4.00000,0.00000,0.00000,0.00000,38656.00000,490.00000
2025-11-17 17:05:17.634963,0.00000,0.00000,0.00000,0.00000,0.00000,0.00000,132.00000,32.00000,4.00000,0.00000,0.00000,0.00000,38656.00000,490.00000
2025-11-17 17:05:18.589624,0.00000,0.00000,0.00000,0.00000,0.00000,0.00000,132.00000,32.00000,4.00000,0.00000,0.00000,0.00000,38656.00000,490.00000
2025-11-17 17:05:19.387107,0.00000,0.00000,0.00000,0.00000,0.00000,0.00000,132.00000,32.00000,4.00000,0.00000,0.00000,0.00000,38656.00000,490.00000
2025-11-17 17:05:20.260190,0.00000,0.00000,0.00000,0.00000,0.00000,0.00000,132.00000,36.00000,4.00000,0.00000,0.00000,0.00000,38656.00000,494.00000
2025-11-17 17:05:21.186589,0.00000,0.00000,0.00000,0.00000,0.00000,0.00000,132.00000,36.00000,4.00000,0.00000,0.00000,0.00000,38656.00000,494.00000
2025-11-17 17:05:22.041671,0.00000,0.00000,0.00000,0.00000,0.00000,0.00000,132.00000,36.00000,4.00000,0.00000,0.00000,0.00000,38656.00000,494.00000
2025-11-17 17:05:22.858823,0.00000,0.00000,0.00000,0.00000,0.00000,0.00000,120.00000,34.00000,4.00000,0.00000,0.00000,0.00000,38656.00000,480.00000
2025-11-17 17:05:23.753471,0.00000,0.00000,0.00000,0.00000,0.00000,0.00000,120.00000,34.00000,4.00000,0.00000,0.00000,0.00000,38656.00000,480.00000
2025-11-17 17:05:24.562532,0.00000,0.00000,0.00000,0.00000,0.00000,0.00000,120.00000,34.00000,4.00000,0.00000,0.00000,0.00000,38656.00000,480.00000
2025-11-17 17:05:25.436944,0.00000,1.00000,1.00000,0.00000,1.00000,1.00000,138.00000,40.00000,6.00000,2.00000,0.00000,0.00000,38656.00000,512.00000
2025-11-17 17:05:26.338938,0.00000,1.00000,1.00000,0.00000,1.00000,1.00000,138.00000,40.00000,6.00000,2.00000,0.00000,0.00000,38656.00000,512.00000
2025-11-17 17:05:27.087203,0.00000,1.00000,1.00000,0.00000,1.00000,1.00000,138.00000,40.00000,6.00000,2.00000,0.00000,0.00000,38656.00000,512.00000
2025-11-17 17:05:28.136732,0.00000,1.00000,1.00000,0.00000,1.00000,1.00000,138.00000,40.00000,8.00000,2.00000,0.00000,0.00000,38656.00000,514.00000
2025-11-17 17:05:28.947249,0.00000,1.00000,1.00000,0.00000,1.00000,1.00000,138.00000,40.00000,8.00000,2.00000,0.00000,0.00000,38656.00000,514.00000
2025-11-17 17:05:29.729009,0.00000,0.00000,0.00000,0.00000,0.00000,0.00000,138.00000,40.00000,8.00000,2.00000,0.00000,0.00000,38656.00000,510.00000
2025-11-17 17:05:30.617232,0.00000,0.00000,0.00000,0.00000,0.00000,0.00000,138.00000,38.00000,10.00000,2.00000,0.00000,0.00000,38656.00000,510.00000
2025-11-17 17:05:31.563170,0.00000,0.00000,0.00000,0.00000,0.00000,0.00000,138.00000,38.00000,10.00000,2.00000,0.00000,0.00000,38656.00000,510.00000
2025-11-17 17:05:32.367366,0.00000,1.00000,1.00000,0.00000,1.00000,1.00000,138.00000,38.00000,10.00000,2.00000,0.00000,0.00000,38656.00000,514.00000
2025-11-17 17:05:33.155108,0.00000,0.00000,0.00000,0.00000,0.00000,0.00000,126.00000,34.00000,8.00000,2.00000,0.00000,0.00000,38656.00000,492.00000
2025-11-17 17:05:34.185243,0.00000,0.00000,0.00000,0.00000,0.00000,0.00000,126.00000,34.00000,8.00000,2.00000,0.00000,0.00000,38656.00000,492.00000
2025-11-17 17:05:34.917970,0.00000,0.00000,0.00000,0.00000,0.00000,0.00000,126.00000,34.00000,8.00000,2.00000,0.00000,0.00000,38656.00000,492.00000
2025-11-17 17:05:35.824420,0.00000,0.00000,0.00000,0.00000,0.00000,0.00000,126.00000,34.00000,8.00000,2.00000,0.00000,0.00000,38656.00000,492.00000
2025-11-17 17:05:36.624752,0.00000,0.00000,0.00000,0.00000,0.00000,0.00000,126.00000,34.00000,8.00000,2.00000,0.00000,0.00000,38656.00000,492.00000
2025-11-17 17:05:37.537044,0.00000,0.00000,0.00000,0.00000,0.00000,0.00000,126.00000,34.00000,8.00000,2.00000,0.00000,0.00000,38656.00000,492.00000
2025-11-17 17:05:38.310403,0.00000,0.00000,0.00000,0.00000,0.00000,0.00000,144.00000,38.00000,8.00000,2.00000,0.00000,0.00000,38656.00000,514.00000
2025-11-17 17:05:39.357852,0.00000,0.00000,0.00000,0.00000,0.00000,0.00000,144.00000,38.00000,8.00000,2.00000,0.00000,0.00000,38656.00000,514.00000
2025-11-17 17:05:40.172706,0.00000,0.00000,0.00000,0.00000,0.00000,0.00000,144.00000,38.00000,8.00000,2.00000,0.00000,0.00000,38656.00000,514.00000
2025-11-17 17:05:41.057399,0.00000,1.00000,1.00000,0.00000,1.00000,1.00000,156.00000,42.00000,10.00000,2.00000,0.00000,0.00000,38656.00000,536.00000
2025-11-17 17:05:41.872979,0.00000,1.00000,1.00000,0.00000,1.00000,1.00000,156.00000,42.00000,10.00000,2.00000,0.00000,0.00000,38656.00000,536.00000
2025-11-17 17:05:42.788867,0.00000,1.00000,1.00000,0.00000,1.00000,1.00000,156.00000,42.00000,10.00000,2.00000,0.00000,0.00000,38656.00000,536.00000
2025-11-17 17:05:43.534976,0.00000,0.00000,0.00000,0.00000,0.00000,0.00000,150.00000,40.00000,8.00000,2.00000,0.00000,0.00000,38656.00000,522.00000
2025-11-17 17:05:44.543622,0.00000,0.00000,0.00000,0.00000,0.00000,0.00000,150.00000,40.00000,8.00000,2.00000,0.00000,0.00000,38656.00000,522.00000
2025-11-17 17:05:45.286871,0.00000,0.00000,0.00000,0.00000,0.00000,0.00000,150.00000,40.00000,8.00000,2.00000,0.00000,0.00000,38656.00000,522.00000
2025-11-17 17:05:46.258650,0.00000,0.00000,0.00000,0.00000,0.00000,0.00000,156.00000,42.00000,12.00000,2.00000,0.00000,0.00000,38656.00000,534.00000
2025-11-17 17:05:47.086740,0.00000,1.00000,1.00000,0.00000,1.00000,1.00000,156.00000,42.00000,12.00000,2.00000,0.00000,0.00000,38656.00000,538.00000
2025-11-17 17:05:47.977119,0.00000,1.00000,1.00000,0.00000,1.00000,1.00000,156.00000,42.00000,12.00000,2.00000,0.00000,0.00000,38656.00000,538.00000
2025-11-17 17:05:48.667908,0.00000,1.00000,1.00000,0.00000,1.00000,1.00000,162.00000,44.00000,12.00000,2.00000,0.00000,0.00000,38656.00000,546.00000
2025-11-17 17:05:49.702331,0.00000,1.00000,1.00000,0.00000,1.00000,1.00000,162.00000,44.00000,12.00000,2.00000,0.00000,0.00000,38656.00000,546.00000
2025-11-17 17:05:50.482478,0.00000,1.00000,1.00000,0.00000,1.00000,1.00000,162.00000,44.00000,12.00000,2.00000,0.00000,0.00000,38656.00000,546.00000
2025-11-17 17:05:51.315373,0.00000,0.00000,0.00000,0.00000,0.00000,0.00000,162.00000,42.00000,10.00000,0.00000,0.00000,0.00000,38656.00000,536.00000
2025-11-17 17:05:52.284478,0.00000,0.00000,0.00000,0.00000,0.00000,0.00000,162.00000,42.00000,10.00000,0.00000,0.00000,0.00000,38656.00000,536.00000
2025-11-17 17:05:52.884353,0.00000,0.00000,0.00000,0.00000,0.00000,0.00000,162.00000,42.00000,10.00000,0.00000,0.00000,0.00000,38656.00000,536.00000
2025-11-17 17:05:53.943641,0.00000,0.00000,0.00000,0.00000,0.00000,0.00000,162.00000,42.00000,8.00000,0.00000,0.00000,0.00000,38656.00000,534.00000
2025-11-17 17:05:54.841480,0.00000,0.00000,0.00000,0.00000,0.00000,0.00000,162.00000,42.00000,8.00000,0.00000,0.00000,0.00000,38656.00000,534.00000
2025-11-17 17:05:55.611624,0.00000,0.00000,0.00000,0.00000,0.00000,0.00000,162.00000,42.00000,8.00000,0.00000,0.00000,0.00000,38656.00000,534.00000
2025-11-17 17:05:56.473691,0.00000,0.00000,0.00000,0.00000,0.00000,0.00000,150.00000,40.00000,6.00000,0.00000,0.00000,0.00000,38656.00000,518.00000
2025-11-17 17:05:57.419523,0.00000,0.00000,0.00000,0.00000,0.00000,0.00000,150.00000,40.00000,6.00000,0.00000,0.00000,0.00000,38656.00000,518.00000
2025-11-17 17:05:58.221451,0.00000,0.00000,0.00000,0.00000,0.00000,0.00000,150.00000,40.00000,6.00000,0.00000,0.00000,0.00000,38656.00000,518.00000
2025-11-17 17:05:59.101423,0.00000,0.00000,0.00000,0.00000,0.00000,0.00000,168.00000,44.00000,6.00000,0.00000,0.00000,0.00000,38656.00000,540.00000
2025-11-17 17:05:59.965363,0.00000,0.00000,0.00000,0.00000,0.00000,0.00000,168.00000,44.00000,6.00000,0.00000,0.00000,0.00000,38656.00000,540.00000
2025-11-17 17:06:00.853814,0.00000,0.00000,0.00000,0.00000,0.00000,0.00000,168.00000,44.00000,6.00000,0.00000,0.00000,0.00000,38656.00000,540.00000
2025-11-17 17:06:01.698471,0.00000,0.00000,0.00000,0.00000,0.00000,0.00000,186.00000,48.00000,6.00000,0.00000,0.00000,0.00000,38656.00000,562.00000
2025-11-17 17:06:02.625454,0.00000,0.00000,0.00000,0.00000,0.00000,0.00000,186.00000,48.00000,6.00000,0.00000,0.00000,0.00000,38656.00000,562.00000
2025-11-17 17:06:03.431649,0.00000,0.00000,0.00000,0.00000,0.00000,0.00000,186.00000,48.00000,6.00000,0.00000,0.00000,0.00000,38656.00000,562.00000
2025-11-17 17:06:04.288422,0.00000,0.00000,0.00000,0.00000,0.00000,0.00000,180.00000,46.00000,6.00000,0.00000,0.00000,0.00000,38656.00000,554.00000
2025-11-17 17:06:05.191343,0.00000,0.00000,0.00000,0.00000,0.00000,0.00000,180.00000,46.00000,6.00000,0.00000,0.00000,0.00000,38656.00000,554.00000
2025-11-17 17:06:06.000111,0.00000,0.00000,0.00000,0.00000,0.00000,0.00000,180.00000,46.00000,6.00000,0.00000,0.00000,0.00000,38656.00000,554.00000
2025-11-17 17:06:06.861382,0.00000,0.00000,0.00000,0.00000,0.00000,0.00000,174.00000,44.00000,6.00000,0.00000,0.00000,0.00000,38656.00000,546.00000
2025-11-17 17:06:07.714478,0.00000,0.00000,0.00000,0.00000,0.00000,0.00000,174.00000,44.00000,6.00000,0.00000,0.00000,0.00000,38656.00000,546.00000
2025-11-17 17:06:08.549242,0.00000,0.00000,0.00000,0.00000,0.00000,0.00000,174.00000,44.00000,6.00000,0.00000,0.00000,0.00000,38656.00000,546.00000
2025-11-17 17:06:09.370365,0.00000,0.00000,0.00000,0.00000,0.00000,0.00000,180.00000,46.00000,8.00000,0.00000,0.00000,0.00000,38656.00000,556.00000
2025-11-17 17:06:10.370167,0.00000,0.00000,0.00000,0.00000,0.00000,0.00000,180.00000,46.00000,8.00000,0.00000,0.00000,0.00000,38656.00000,556.00000
2025-11-17 17:06:11.243232,0.00000,0.00000,0.00000,0.00000,0.00000,0.00000,180.00000,46.00000,8.00000,0.00000,0.00000,0.00000,38656.00000,556.00000
2025-11-17 17:06:12.074415,0.00000,0.00000,0.00000,0.00000,0.00000,0.00000,174.00000,44.00000,4.00000,0.00000,0.00000,0.00000,38656.00000,544.00000
2025-11-17 17:06:13.001877,0.00000,0.00000,0.00000,0.00000,0.00000,0.00000,174.00000,44.00000,4.00000,0.00000,0.00000,0.00000,38656.00000,544.00000
2025-11-17 17:06:13.790626,0.00000,0.00000,0.00000,0.00000,0.00000,0.00000,174.00000,44.00000,4.00000,0.00000,0.00000,0.00000,38656.00000,544.00000
2025-11-17 17:06:14.589411,0.00000,0.00000,0.00000,0.00000,0.00000,0.00000,192.00000,46.00000,4.00000,0.00000,0.00000,0.00000,38656.00000,564.00000
2025-11-17 17:06:15.560497,0.00000,0.00000,0.00000,0.00000,0.00000,0.00000,192.00000,46.00000,4.00000,0.00000,0.00000,0.00000,38656.00000,564.00000
2025-11-17 17:06:16.336535,0.00000,0.00000,0.00000,0.00000,0.00000,0.00000,192.00000,46.00000,4.00000,0.00000,0.00000,0.00000,38656.00000,564.00000
2025-11-17 17:06:17.130484,0.00000,0.00000,0.00000,0.00000,0.00000,0.00000,180.00000,40.00000,4.00000,0.00000,0.00000,0.00000,38656.00000,546.00000
2025-11-17 17:06:18.147260,0.00000,0.00000,0.00000,0.00000,0.00000,0.00000,180.00000,40.00000,4.00000,0.00000,0.00000,0.00000,38656.00000,546.00000
2025-11-17 17:06:18.996412,0.00000,0.00000,0.00000,0.00000,0.00000,0.00000,180.00000,40.00000,4.00000,0.00000,0.00000,0.00000,38656.00000,546.00000
2025-11-17 17:06:19.808020,0.00000,0.00000,0.00000,0.00000,0.00000,0.00000,186.00000,42.00000,6.00000,0.00000,0.00000,0.00000,38656.00000,556.00000
2025-11-17 17:06:20.701728,0.00000,0.00000,0.00000,0.00000,0.00000,0.00000,186.00000,42.00000,6.00000,0.00000,0.00000,0.00000,38656.00000,556.00000
2025-11-17 17:06:21.558612,0.00000,0.00000,0.00000,0.00000,0.00000,0.00000,186.00000,42.00000,6.00000,0.00000,0.00000,0.00000,38656.00000,556.00000
2025-11-17 17:06:22.323844,0.00000,0.00000,0.00000,0.00000,0.00000,0.00000,204.00000,48.00000,8.00000,0.00000,0.00000,0.00000,38656.00000,582.00000
2025-11-17 17:06:23.320909,0.00000,0.00000,0.00000,0.00000,0.00000,0.00000,204.00000,48.00000,8.00000,0.00000,0.00000,0.00000,38656.00000,582.00000
2025-11-17 17:06:24.089065,0.00000,0.00000,0.00000,0.00000,0.00000,0.00000,204.00000,48.00000,8.00000,0.00000,0.00000,0.00000,38656.00000,582.00000
2025-11-17 17:06:24.979830,0.00000,0.00000,0.00000,0.00000,0.00000,0.00000,192.00000,48.00000,8.00000,0.00000,0.00000,0.00000,38656.00000,570.00000
2025-11-17 17:06:25.852911,0.00000,0.00000,0.00000,0.00000,0.00000,0.00000,192.00000,48.00000,8.00000,0.00000,0.00000,0.00000,38656.00000,570.00000
2025-11-17 17:06:26.663788,0.00000,0.00000,0.00000,0.00000,0.00000,0.00000,192.00000,48.00000,8.00000,0.00000,0.00000,0.00000,38656.00000,570.00000
2025-11-17 17:06:27.508398,0.00000,0.00000,0.00000,0.00000,0.00000,0.00000,192.00000,52.00000,10.00000,0.00000,0.00000,0.00000,38656.00000,576.00000
2025-11-17 17:06:28.507445,0.00000,0.00000,0.00000,0.00000,0.00000,0.00000,192.00000,52.00000,10.00000,0.00000,0.00000,0.00000,38656.00000,576.00000
2025-11-17 17:06:29.257908,0.00000,0.00000,0.00000,0.00000,0.00000,0.00000,192.00000,52.00000,10.00000,0.00000,0.00000,0.00000,38656.00000,576.00000
2025-11-17 17:06:30.102278,0.00000,0.00000,0.00000,0.00000,0.00000,0.00000,222.00000,60.00000,10.00000,0.00000,0.00000,0.00000,38656.00000,614.00000
2025-11-17 17:06:31.115879,0.00000,0.00000,0.00000,0.00000,0.00000,0.00000,222.00000,60.00000,10.00000,0.00000,0.00000,0.00000,38656.00000,614.00000
2025-11-17 17:06:31.902187,0.00000,1.00000,1.00000,0.00000,1.00000,1.00000,222.00000,60.00000,10.00000,0.00000,0.00000,0.00000,38656.00000,618.00000
2025-11-17 17:06:32.770004,0.00000,1.00000,1.00000,0.00000,1.00000,1.00000,216.00000,58.00000,8.00000,0.00000,0.00000,0.00000,38656.00000,608.00000
2025-11-17 17:06:33.631072,0.00000,1.00000,1.00000,0.00000,1.00000,1.00000,216.00000,58.00000,8.00000,0.00000,0.00000,0.00000,38656.00000,608.00000
2025-11-17 17:06:34.525715,0.00000,1.00000,1.00000,0.00000,1.00000,1.00000,216.00000,58.00000,8.00000,0.00000,0.00000,0.00000,38656.00000,608.00000
2025-11-17 17:06:35.336160,0.00000,0.00000,0.00000,0.00000,0.00000,0.00000,204.00000,52.00000,8.00000,0.00000,0.00000,0.00000,38656.00000,586.00000
2025-11-17 17:06:36.283036,0.00000,0.00000,0.00000,0.00000,0.00000,0.00000,204.00000,52.00000,8.00000,0.00000,0.00000,0.00000,38656.00000,586.00000
2025-11-17 17:06:37.059106,0.00000,0.00000,0.00000,0.00000,0.00000,0.00000,204.00000,52.00000,8.00000,0.00000,0.00000,0.00000,38656.00000,586.00000
2025-11-17 17:06:37.879289,0.00000,0.00000,0.00000,0.00000,0.00000,0.00000,186.00000,48.00000,8.00000,0.00000,0.00000,0.00000,38656.00000,564.00000
2025-11-17 17:06:38.789605,0.00000,0.00000,0.00000,0.00000,0.00000,0.00000,186.00000,48.00000,8.00000,0.00000,0.00000,0.00000,38656.00000,564.00000
2025-11-17 17:06:39.608945,0.00000,0.00000,0.00000,0.00000,0.00000,0.00000,186.00000,48.00000,8.00000,0.00000,0.00000,0.00000,38656.00000,564.00000
2025-11-17 17:06:40.469764,0.00000,0.00000,0.00000,0.00000,0.00000,0.00000,168.00000,46.00000,10.00000,0.00000,0.00000,0.00000,38656.00000,546.00000
2025-11-17 17:06:41.427830,0.00000,0.00000,0.00000,0.00000,0.00000,0.00000,168.00000,46.00000,10.00000,0.00000,0.00000,0.00000,38656.00000,546.00000
2025-11-17 17:06:42.216483,0.00000,0.00000,0.00000,0.00000,0.00000,0.00000,168.00000,46.00000,10.00000,0.00000,0.00000,0.00000,38656.00000,546.00000
2025-11-17 17:06:43.011017,0.00000,1.00000,1.00000,0.00000,1.00000,1.00000,180.00000,54.00000,12.00000,0.00000,0.00000,0.00000,38656.00000,572.00000
2025-11-17 17:06:43.994270,0.00000,1.00000,1.00000,0.00000,1.00000,1.00000,180.00000,54.00000,12.00000,0.00000,0.00000,0.00000,38656.00000,572.00000
2025-11-17 17:06:44.820193,0.00000,1.00000,1.00000,0.00000,1.00000,1.00000,180.00000,54.00000,12.00000,0.00000,0.00000,0.00000,38656.00000,572.00000
2025-11-17 17:06:45.688881,0.00000,1.00000,1.00000,0.00000,1.00000,1.00000,174.00000,52.00000,12.00000,2.00000,0.00000,0.00000,38656.00000,566.00000
2025-11-17 17:06:46.526514,0.00000,0.00000,0.00000,0.00000,0.00000,0.00000,174.00000,52.00000,12.00000,2.00000,0.00000,0.00000,38656.00000,562.00000
2025-11-17 17:06:47.395094,0.00000,0.00000,0.00000,0.00000,0.00000,0.00000,174.00000,52.00000,12.00000,2.00000,0.00000,0.00000,38656.00000,562.00000
2025-11-17 17:06:48.206898,0.00000,0.00000,0.00000,0.00000,0.00000,0.00000,174.00000,52.00000,12.00000,2.00000,0.00000,0.00000,38656.00000,562.00000
2025-11-17 17:06:49.137716,0.00000,0.00000,0.00000,0.00000,0.00000,0.00000,174.00000,52.00000,12.00000,2.00000,0.00000,0.00000,38656.00000,562.00000
2025-11-17 17:06:50.089477,0.00000,1.00000,1.00000,0.00000,1.00000,1.00000,174.00000,52.00000,12.00000,2.00000,0.00000,0.00000,38656.00000,566.00000
2025-11-17 17:06:50.978705,0.00000,1.00000,1.00000,0.00000,1.00000,1.00000,204.00000,62.00000,12.00000,2.00000,0.00000,0.00000,38656.00000,606.00000
2025-11-17 17:06:51.772946,0.00000,1.00000,1.00000,0.00000,1.00000,1.00000,204.00000,62.00000,12.00000,2.00000,0.00000,0.00000,38656.00000,606.00000
2025-11-17 17:06:52.608255,0.00000,1.00000,1.00000,0.00000,1.00000,1.00000,204.00000,62.00000,12.00000,2.00000,0.00000,0.00000,38656.00000,606.00000
2025-11-17 17:06:53.390967,0.00000,1.00000,1.00000,0.00000,1.00000,1.00000,198.00000,58.00000,10.00000,2.00000,0.00000,0.00000,38656.00000,594.00000
2025-11-17 17:06:54.387367,0.00000,1.00000,1.00000,0.00000,1.00000,1.00000,198.00000,58.00000,10.00000,2.00000,0.00000,0.00000,38656.00000,594.00000
2025-11-17 17:06:55.146750,0.00000,1.00000,1.00000,0.00000,1.00000,1.00000,198.00000,58.00000,10.00000,2.00000,0.00000,0.00000,38656.00000,594.00000
2025-11-17 17:06:55.990648,0.00000,1.00000,1.00000,0.00000,1.00000,1.00000,186.00000,56.00000,10.00000,2.00000,0.00000,0.00000,38656.00000,580.00000
2025-11-17 17:06:56.950155,0.00000,1.00000,1.00000,0.00000,1.00000,1.00000,186.00000,56.00000,10.00000,2.00000,0.00000,0.00000,38656.00000,580.00000
2025-11-17 17:06:57.771753,0.00000,1.00000,1.00000,0.00000,1.00000,1.00000,186.00000,56.00000,10.00000,2.00000,0.00000,0.00000,38656.00000,580.00000
2025-11-17 17:06:58.656993,0.00000,0.00000,0.00000,0.00000,0.00000,0.00000,186.00000,56.00000,10.00000,2.00000,0.00000,0.00000,38656.00000,576.00000
2025-11-17 17:06:59.540826,0.00000,0.00000,0.00000,0.00000,0.00000,0.00000,186.00000,56.00000,10.00000,2.00000,0.00000,0.00000,38656.00000,576.00000
2025-11-17 17:07:00.407877,0.00000,0.00000,0.00000,0.00000,0.00000,0.00000,186.00000,56.00000,10.00000,2.00000,0.00000,0.00000,38656.00000,576.00000
2025-11-17 17:07:01.177544,0.00000,1.00000,1.00000,0.00000,1.00000,1.00000,174.00000,54.00000,8.00000,2.00000,0.00000,0.00000,38656.00000,564.00000
2025-11-17 17:07:02.140868,0.00000,1.00000,1.00000,0.00000,1.00000,1.00000,174.00000,54.00000,8.00000,2.00000,0.00000,0.00000,38656.00000,564.00000
2025-11-17 17:07:02.981159,0.00000,1.00000,1.00000,0.00000,1.00000,1.00000,174.00000,54.00000,8.00000,2.00000,0.00000,0.00000,38656.00000,564.00000
2025-11-17 17:07:03.841631,0.00000,1.00000,1.00000,0.00000,1.00000,1.00000,186.00000,58.00000,8.00000,2.00000,0.00000,0.00000,38656.00000,580.00000
2025-11-17 17:07:04.755627,0.00000,0.00000,0.00000,0.00000,0.00000,0.00000,186.00000,58.00000,8.00000,2.00000,0.00000,0.00000,38656.00000,576.00000
2025-11-17 17:07:05.517227,0.00000,0.00000,0.00000,0.00000,0.00000,0.00000,186.00000,58.00000,8.00000,2.00000,0.00000,0.00000,38656.00000,576.00000
2025-11-17 17:07:06.333406,0.00000,0.00000,0.00000,0.00000,0.00000,0.00000,192.00000,60.00000,6.00000,2.00000,0.00000,0.00000,38656.00000,582.00000
2025-11-17 17:07:07.301547,0.00000,1.00000,1.00000,0.00000,1.00000,1.00000,192.00000,60.00000,6.00000,2.00000,0.00000,0.00000,38656.00000,586.00000
2025-11-17 17:07:08.159179,0.00000,1.00000,1.00000,0.00000,1.00000,1.00000,192.00000,60.00000,6.00000,2.00000,0.00000,0.00000,38656.00000,586.00000
2025-11-17 17:07:08.957837,0.00000,1.00000,1.00000,0.00000,1.00000,1.00000,192.00000,60.00000,6.00000,2.00000,0.00000,0.00000,38656.00000,586.00000
2025-11-17 17:07:09.859341,0.00000,1.00000,1.00000,0.00000,1.00000,1.00000,192.00000,60.00000,6.00000,2.00000,0.00000,0.00000,38656.00000,586.00000
2025-11-17 17:07:10.712133,0.00000,0.00000,0.00000,0.00000,0.00000,0.00000,192.00000,60.00000,6.00000,2.00000,0.00000,0.00000,38656.00000,582.00000
2025-11-17 17:07:11.526705,0.00000,0.00000,0.00000,0.00000,0.00000,0.00000,186.00000,58.00000,4.00000,0.00000,0.00000,0.00000,38656.00000,570.00000
2025-11-17 17:07:12.416433,0.00000,0.00000,0.00000,0.00000,0.00000,0.00000,186.00000,58.00000,4.00000,0.00000,0.00000,0.00000,38656.00000,570.00000
2025-11-17 17:07:13.285668,0.00000,0.00000,0.00000,0.00000,0.00000,0.00000,186.00000,58.00000,4.00000,0.00000,0.00000,0.00000,38656.00000,570.00000
2025-11-17 17:07:14.102465,0.00000,0.00000,0.00000,0.00000,0.00000,0.00000,192.00000,60.00000,4.00000,0.00000,0.00000,0.00000,38656.00000,578.00000
2025-11-17 17:07:15.091084,0.00000,0.00000,0.00000,0.00000,0.00000,0.00000,192.00000,60.00000,4.00000,0.00000,0.00000,0.00000,38656.00000,578.00000
2025-11-17 17:07:15.920688,0.00000,0.00000,0.00000,0.00000,0.00000,0.00000,192.00000,60.00000,4.00000,0.00000,0.00000,0.00000,38656.00000,578.00000
2025-11-17 17:07:16.785573,0.00000,0.00000,0.00000,0.00000,0.00000,0.00000,192.00000,52.00000,4.00000,0.00000,0.00000,0.00000,38656.00000,570.00000
2025-11-17 17:07:17.693556,0.00000,0.00000,0.00000,0.00000,0.00000,0.00000,192.00000,52.00000,4.00000,0.00000,0.00000,0.00000,38656.00000,570.00000
2025-11-17 17:07:18.447013,0.00000,0.00000,0.00000,0.00000,0.00000,0.00000,192.00000,52.00000,4.00000,0.00000,0.00000,0.00000,38656.00000,570.00000
2025-11-17 17:07:19.337746,0.00000,1.00000,1.00000,0.00000,1.00000,1.00000,180.00000,48.00000,4.00000,0.00000,0.00000,0.00000,38656.00000,558.00000
2025-11-17 17:07:20.217876,0.00000,1.00000,1.00000,0.00000,1.00000,1.00000,180.00000,48.00000,4.00000,0.00000,0.00000,0.00000,38656.00000,558.00000
2025-11-17 17:07:21.027377,0.00000,1.00000,1.00000,0.00000,1.00000,1.00000,180.00000,48.00000,4.00000,0.00000,0.00000,0.00000,38656.00000,558.00000
2025-11-17 17:07:21.934277,0.00000,1.00000,1.00000,0.00000,1.00000,1.00000,186.00000,50.00000,4.00000,0.00000,0.00000,0.00000,38656.00000,566.00000
2025-11-17 17:07:22.825008,0.00000,0.00000,0.00000,0.00000,0.00000,0.00000,186.00000,50.00000,4.00000,0.00000,0.00000,0.00000,38656.00000,562.00000
2025-11-17 17:07:23.713665,0.00000,0.00000,0.00000,0.00000,0.00000,0.00000,186.00000,50.00000,4.00000,0.00000,0.00000,0.00000,38656.00000,562.00000
2025-11-17 17:07:24.488699,0.00000,0.00000,0.00000,0.00000,0.00000,0.00000,180.00000,48.00000,4.00000,0.00000,0.00000,0.00000,38656.00000,554.00000
2025-11-17 17:07:25.475470,0.00000,0.00000,0.00000,0.00000,0.00000,0.00000,180.00000,48.00000,4.00000,0.00000,0.00000,0.00000,38656.00000,554.00000
2025-11-17 17:07:26.201512,0.00000,0.00000,0.00000,0.00000,0.00000,0.00000,180.00000,48.00000,4.00000,0.00000,0.00000,0.00000,38656.00000,554.00000
2025-11-17 17:07:27.058131,0.00000,0.00000,0.00000,0.00000,0.00000,0.00000,210.00000,56.00000,8.00000,0.00000,0.00000,0.00000,38656.00000,596.00000
2025-11-17 17:07:28.114714,0.00000,0.00000,0.00000,0.00000,0.00000,0.00000,210.00000,56.00000,8.00000,0.00000,0.00000,0.00000,38656.00000,596.00000
2025-11-17 17:07:28.950521,0.00000,0.00000,0.00000,0.00000,0.00000,0.00000,210.00000,56.00000,8.00000,0.00000,0.00000,0.00000,38656.00000,596.00000
2025-11-17 17:07:29.716142,0.00000,0.00000,0.00000,0.00000,0.00000,0.00000,216.00000,58.00000,10.00000,0.00000,0.00000,0.00000,38656.00000,606.00000
2025-11-17 17:07:30.665713,0.00000,0.00000,0.00000,0.00000,0.00000,0.00000,216.00000,58.00000,10.00000,0.00000,0.00000,0.00000,38656.00000,606.00000
2025-11-17 17:07:31.415427,0.00000,0.00000,0.00000,0.00000,0.00000,0.00000,216.00000,58.00000,10.00000,0.00000,0.00000,0.00000,38656.00000,606.00000
2025-11-17 17:07:32.321169,0.00000,0.00000,0.00000,0.00000,0.00000,0.00000,234.00000,60.00000,12.00000,0.00000,0.00000,0.00000,38656.00000,628.00000
2025-11-17 17:07:33.160139,0.00000,0.00000,0.00000,0.00000,0.00000,0.00000,234.00000,60.00000,12.00000,0.00000,0.00000,0.00000,38656.00000,628.00000
2025-11-17 17:07:34.076102,0.00000,0.00000,0.00000,0.00000,0.00000,0.00000,234.00000,60.00000,12.00000,0.00000,0.00000,0.00000,38656.00000,628.00000
2025-11-17 17:07:34.862067,0.00000,0.00000,0.00000,0.00000,0.00000,0.00000,240.00000,60.00000,10.00000,0.00000,0.00000,0.00000,38656.00000,632.00000
2025-11-17 17:07:35.770117,0.00000,0.00000,0.00000,0.00000,0.00000,0.00000,240.00000,60.00000,10.00000,0.00000,0.00000,0.00000,38656.00000,632.00000
2025-11-17 17:07:36.609855,0.00000,0.00000,0.00000,0.00000,0.00000,0.00000,240.00000,60.00000,10.00000,0.00000,0.00000,0.00000,38656.00000,632.00000
2025-11-17 17:07:37.434455,1.00000,1.00000,1.00000,1.00000,1.00000,1.00000,270.00000,64.00000,10.00000,0.00000,0.00000,0.00000,38656.00000,417.00000
2025-11-17 17:07:38.305355,1.00000,1.00000,1.00000,1.00000,1.00000,1.00000,270.00000,64.00000,10.00000,0.00000,0.00000,0.00000,38656.00000,417.00000
2025-11-17 17:07:39.238881,1.00000,1.00000,1.00000,1.00000,1.00000,1.00000,270.00000,64.00000,10.00000,0.00000,0.00000,0.00000,38656.00000,417.00000
2025-11-17 17:07:40.004209,1.00000,1.00000,1.00000,1.00000,1.00000,1.00000,276.00000,64.00000,10.00000,0.00000,0.00000,0.00000,38656.00000,423.00000
2025-11-17 17:07:41.057651,1.00000,1.00000,1.00000,1.00000,1.00000,1.00000,276.00000,64.00000,10.00000,0.00000,0.00000,0.00000,38656.00000,423.00000
2025-11-17 17:07:41.856276,1.00000,1.00000,1.00000,1.00000,1.00000,1.00000,276.00000,64.00000,10.00000,0.00000,0.00000,0.00000,38656.00000,423.00000
2025-11-17 17:07:42.595768,1.00000,1.00000,1.00000,1.00000,1.00000,1.00000,294.00000,74.00000,10.00000,0.00000,0.00000,0.00000,38656.00000,451.00000
2025-11-17 17:07:43.589892,1.00000,1.00000,1.00000,1.00000,1.00000,1.00000,294.00000,74.00000,10.00000,0.00000,0.00000,0.00000,38656.00000,451.00000
2025-11-17 17:07:44.318651,1.00000,1.00000,1.00000,1.00000,1.00000,1.00000,294.00000,74.00000,10.00000,0.00000,0.00000,0.00000,38656.00000,451.00000
2025-11-17 17:07:45.182140,1.00000,1.00000,1.00000,1.00000,1.00000,1.00000,312.00000,80.00000,10.00000,0.00000,0.00000,0.00000,38656.00000,475.00000
2025-11-17 17:07:46.133295,1.00000,1.00000,1.00000,1.00000,1.00000,1.00000,312.00000,80.00000,10.00000,0.00000,0.00000,0.00000,38656.00000,475.00000
2025-11-17 17:07:46.995438,1.00000,1.00000,1.00000,1.00000,1.00000,1.00000,312.00000,80.00000,10.00000,0.00000,0.00000,0.00000,38656.00000,475.00000
2025-11-17 17:07:47.825374,1.00000,1.00000,1.00000,1.00000,1.00000,1.00000,306.00000,76.00000,10.00000,0.00000,0.00000,0.00000,38656.00000,465.00000
2025-11-17 17:07:48.745180,1.00000,1.00000,1.00000,1.00000,1.00000,1.00000,306.00000,76.00000,10.00000,0.00000,0.00000,0.00000,38656.00000,465.00000
2025-11-17 17:07:49.597464,1.00000,1.00000,1.00000,1.00000,1.00000,1.00000,306.00000,76.00000,10.00000,0.00000,0.00000,0.00000,38656.00000,465.00000
2025-11-17 17:07:50.354343,1.00000,1.00000,1.00000,1.00000,1.00000,1.00000,312.00000,78.00000,10.00000,0.00000,0.00000,0.00000,38656.00000,473.00000
2025-11-17 17:07:51.317281,1.00000,1.00000,1.00000,1.00000,1.00000,1.00000,312.00000,78.00000,10.00000,0.00000,0.00000,0.00000,38656.00000,473.00000
2025-11-17 17:07:52.100365,1.00000,1.00000,1.00000,1.00000,1.00000,1.00000,312.00000,78.00000,10.00000,0.00000,0.00000,0.00000,38656.00000,473.00000
2025-11-17 17:07:52.911188,1.00000,1.00000,1.00000,1.00000,1.00000,1.00000,300.00000,76.00000,8.00000,0.00000,0.00000,0.00000,38656.00000,457.00000
2025-11-17 17:07:53.913012,1.00000,1.00000,1.00000,1.00000,1.00000,1.00000,300.00000,76.00000,8.00000,0.00000,0.00000,0.00000,38656.00000,457.00000
2025-11-17 17:07:54.687688,1.00000,1.00000,1.00000,1.00000,1.00000,1.00000,300.00000,76.00000,8.00000,0.00000,0.00000,0.00000,38656.00000,457.00000
2025-11-17 17:07:55.564915,1.00000,1.00000,1.00000,1.00000,1.00000,1.00000,300.00000,76.00000,6.00000,0.00000,0.00000,0.00000,38656.00000,455.00000
2025-11-17 17:07:56.405073,1.00000,1.00000,1.00000,1.00000,1.00000,1.00000,300.00000,76.00000,6.00000,0.00000,0.00000,0.00000,38656.00000,455.00000
2025-11-17 17:07:57.264193,1.00000,1.00000,1.00000,1.00000,1.00000,1.00000,300.00000,76.00000,6.00000,0.00000,0.00000,0.00000,38656.00000,455.00000
2025-11-17 17:07:58.135259,1.00000,1.00000,1.00000,1.00000,1.00000,1.00000,276.00000,72.00000,6.00000,0.00000,0.00000,0.00000,38656.00000,427.00000
2025-11-17 17:07:59.012797,1.00000,1.00000,1.00000,1.00000,1.00000,1.00000,276.00000,72.00000,6.00000,0.00000,0.00000,0.00000,38656.00000,427.00000
2025-11-17 17:07:59.908664,1.00000,1.00000,1.00000,1.00000,1.00000,1.00000,276.00000,72.00000,6.00000,0.00000,0.00000,0.00000,38656.00000,427.00000
2025-11-17 17:08:00.859336,1.00000,1.00000,1.00000,1.00000,1.00000,1.00000,264.00000,70.00000,6.00000,0.00000,0.00000,0.00000,38656.00000,413.00000
2025-11-17 17:08:01.654890,0.00000,0.00000,0.00000,0.00000,0.00000,0.00000,264.00000,70.00000,6.00000,0.00000,0.00000,0.00000,38656.00000,407.00000
2025-11-17 17:08:02.496590,0.00000,0.00000,0.00000,0.00000,0.00000,0.00000,264.00000,70.00000,6.00000,0.00000,0.00000,0.00000,38656.00000,407.00000
2025-11-17 17:08:03.262252,0.00000,0.00000,0.00000,0.00000,0.00000,0.00000,240.00000,68.00000,8.00000,0.00000,0.00000,0.00000,38656.00000,638.00000
2025-11-17 17:08:04.298967,0.00000,1.00000,1.00000,0.00000,1.00000,1.00000,240.00000,68.00000,8.00000,0.00000,0.00000,0.00000,38656.00000,642.00000
2025-11-17 17:08:05.026457,0.00000,1.00000,1.00000,0.00000,1.00000,1.00000,240.00000,68.00000,8.00000,0.00000,0.00000,0.00000,38656.00000,642.00000
2025-11-17 17:08:05.901850,0.00000,1.00000,1.00000,0.00000,1.00000,1.00000,222.00000,64.00000,6.00000,0.00000,0.00000,0.00000,38656.00000,618.00000
2025-11-17 17:08:06.808621,0.00000,1.00000,1.00000,0.00000,1.00000,1.00000,222.00000,64.00000,6.00000,0.00000,0.00000,0.00000,38656.00000,618.00000
2025-11-17 17:08:07.653079,0.00000,1.00000,1.00000,0.00000,1.00000,1.00000,222.00000,64.00000,6.00000,0.00000,0.00000,0.00000,38656.00000,618.00000
2025-11-17 17:08:08.476275,0.00000,0.00000,0.00000,0.00000,0.00000,0.00000,174.00000,50.00000,6.00000,0.00000,0.00000,0.00000,38656.00000,552.00000
2025-11-17 17:08:09.454819,0.00000,0.00000,0.00000,0.00000,0.00000,0.00000,174.00000,50.00000,6.00000,0.00000,0.00000,0.00000,38656.00000,552.00000
2025-11-17 17:08:10.198022,0.00000,0.00000,0.00000,0.00000,0.00000,0.00000,174.00000,50.00000,6.00000,0.00000,0.00000,0.00000,38656.00000,552.00000
2025-11-17 17:08:11.074575,0.00000,0.00000,0.00000,0.00000,0.00000,0.00000,174.00000,48.00000,6.00000,0.00000,0.00000,0.00000,38656.00000,550.00000
2025-11-17 17:08:12.003465,0.00000,0.00000,0.00000,0.00000,0.00000,0.00000,174.00000,48.00000,6.00000,0.00000,0.00000,0.00000,38656.00000,550.00000
2025-11-17 17:08:12.888773,0.00000,0.00000,0.00000,0.00000,0.00000,0.00000,174.00000,48.00000,6.00000,0.00000,0.00000,0.00000,38656.00000,550.00000
2025-11-17 17:08:13.763802,0.00000,0.00000,0.00000,0.00000,0.00000,0.00000,156.00000,46.00000,6.00000,0.00000,0.00000,0.00000,38656.00000,530.00000
2025-11-17 17:08:14.593257,0.00000,0.00000,0.00000,0.00000,0.00000,0.00000,156.00000,46.00000,6.00000,0.00000,0.00000,0.00000,38656.00000,530.00000
2025-11-17 17:08:15.469732,0.00000,0.00000,0.00000,0.00000,0.00000,0.00000,156.00000,46.00000,6.00000,0.00000,0.00000,0.00000,38656.00000,530.00000
2025-11-17 17:08:16.321082,0.00000,0.00000,0.00000,0.00000,0.00000,0.00000,156.00000,46.00000,6.00000,0.00000,0.00000,0.00000,38656.00000,530.00000
2025-11-17 17:08:17.115256,0.00000,0.00000,0.00000,0.00000,0.00000,0.00000,156.00000,46.00000,6.00000,0.00000,0.00000,0.00000,38656.00000,530.00000
2025-11-17 17:08:17.980321,0.00000,0.00000,0.00000,0.00000,0.00000,0.00000,156.00000,46.00000,6.00000,0.00000,0.00000,0.00000,38656.00000,530.00000
2025-11-17 17:08:18.811591,0.00000,0.00000,0.00000,0.00000,0.00000,0.00000,138.00000,40.00000,4.00000,0.00000,0.00000,0.00000,38656.00000,504.00000
2025-11-17 17:08:19.769779,0.00000,0.00000,0.00000,0.00000,0.00000,0.00000,138.00000,40.00000,4.00000,0.00000,0.00000,0.00000,38656.00000,504.00000
2025-11-17 17:08:20.561656,0.00000,0.00000,0.00000,0.00000,0.00000,0.00000,138.00000,40.00000,4.00000,0.00000,0.00000,0.00000,38656.00000,504.00000
2025-11-17 17:08:21.488801,0.00000,0.00000,0.00000,0.00000,0.00000,0.00000,126.00000,34.00000,4.00000,0.00000,0.00000,0.00000,38656.00000,486.00000
2025-11-17 17:08:22.371136,0.00000,0.00000,0.00000,0.00000,0.00000,0.00000,126.00000,34.00000,4.00000,0.00000,0.00000,0.00000,38656.00000,486.00000
2025-11-17 17:08:23.276093,0.00000,0.00000,0.00000,0.00000,0.00000,0.00000,126.00000,34.00000,4.00000,0.00000,0.00000,0.00000,38656.00000,486.00000
2025-11-17 17:08:23.986307,0.00000,0.00000,0.00000,0.00000,0.00000,0.00000,120.00000,32.00000,2.00000,0.00000,0.00000,0.00000,38656.00000,476.00000
2025-11-17 17:08:25.007227,0.00000,0.00000,0.00000,0.00000,0.00000,0.00000,120.00000,32.00000,2.00000,0.00000,0.00000,0.00000,38656.00000,476.00000
2025-11-17 17:08:25.818563,0.00000,0.00000,0.00000,0.00000,0.00000,0.00000,120.00000,32.00000,2.00000,0.00000,0.00000,0.00000,38656.00000,476.00000
2025-11-17 17:08:26.688359,0.00000,0.00000,0.00000,0.00000,0.00000,0.00000,126.00000,32.00000,2.00000,0.00000,0.00000,0.00000,38656.00000,482.00000
2025-11-17 17:08:27.575550,0.00000,0.00000,0.00000,0.00000,0.00000,0.00000,126.00000,32.00000,2.00000,0.00000,0.00000,0.00000,38656.00000,482.00000
2025-11-17 17:08:28.313591,0.00000,0.00000,0.00000,0.00000,0.00000,0.00000,126.00000,32.00000,2.00000,0.00000,0.00000,0.00000,38656.00000,482.00000
2025-11-17 17:08:29.165865,0.00000,0.00000,0.00000,0.00000,0.00000,0.00000,138.00000,36.00000,0.00000,0.00000,0.00000,0.00000,38656.00000,496.00000
2025-11-17 17:08:30.110972,0.00000,0.00000,0.00000,0.00000,0.00000,0.00000,138.00000,36.00000,0.00000,0.00000,0.00000,0.00000,38656.00000,496.00000
2025-11-17 17:08:30.977352,0.00000,0.00000,0.00000,0.00000,0.00000,0.00000,138.00000,36.00000,0.00000,0.00000,0.00000,0.00000,38656.00000,496.00000
2025-11-17 17:08:31.789973,0.00000,0.00000,0.00000,0.00000,0.00000,0.00000,156.00000,40.00000,2.00000,0.00000,0.00000,0.00000,38656.00000,520.00000
2025-11-17 17:08:32.696607,0.00000,0.00000,0.00000,0.00000,0.00000,0.00000,156.00000,40.00000,2.00000,0.00000,0.00000,0.00000,38656.00000,520.00000
2025-11-17 17:08:33.565593,0.00000,0.00000,0.00000,0.00000,0.00000,0.00000,156.00000,40.00000,2.00000,0.00000,0.00000,0.00000,38656.00000,520.00000
2025-11-17 17:08:34.381841,0.00000,0.00000,0.00000,0.00000,0.00000,0.00000,156.00000,42.00000,2.00000,0.00000,0.00000,0.00000,38656.00000,522.00000
2025-11-17 17:08:35.293481,0.00000,0.00000,0.00000,0.00000,0.00000,0.00000,156.00000,42.00000,2.00000,0.00000,0.00000,0.00000,38656.00000,522.00000
2025-11-17 17:08:36.088720,0.00000,0.00000,0.00000,0.00000,0.00000,0.00000,156.00000,42.00000,2.00000,0.00000,0.00000,0.00000,38656.00000,522.00000
2025-11-17 17:08:36.961680,0.00000,0.00000,0.00000,0.00000,0.00000,0.00000,150.00000,44.00000,2.00000,0.00000,0.00000,0.00000,38656.00000,518.00000
2025-11-17 17:08:37.876924,0.00000,0.00000,0.00000,0.00000,0.00000,0.00000,150.00000,44.00000,2.00000,0.00000,0.00000,0.00000,38656.00000,518.00000
2025-11-17 17:08:38.797825,0.00000,0.00000,0.00000,0.00000,0.00000,0.00000,150.00000,44.00000,2.00000,0.00000,0.00000,0.00000,38656.00000,518.00000
2025-11-17 17:08:39.597734,0.00000,0.00000,0.00000,0.00000,0.00000,0.00000,156.00000,46.00000,2.00000,0.00000,0.00000,0.00000,38656.00000,526.00000
2025-11-17 17:08:40.529317,0.00000,0.00000,0.00000,0.00000,0.00000,0.00000,156.00000,46.00000,2.00000,0.00000,0.00000,0.00000,38656.00000,526.00000
2025-11-17 17:08:41.253307,0.00000,0.00000,0.00000,0.00000,0.00000,0.00000,156.00000,46.00000,2.00000,0.00000,0.00000,0.00000,38656.00000,526.00000
2025-11-17 17:08:42.131182,0.00000,0.00000,0.00000,0.00000,0.00000,0.00000,150.00000,44.00000,2.00000,0.00000,0.00000,0.00000,38656.00000,518.00000
2025-11-17 17:08:43.058612,0.00000,0.00000,0.00000,0.00000,0.00000,0.00000,150.00000,44.00000,2.00000,0.00000,0.00000,0.00000,38656.00000,518.00000
2025-11-17 17:08:43.927693,0.00000,0.00000,0.00000,0.00000,0.00000,0.00000,150.00000,44.00000,2.00000,0.00000,0.00000,0.00000,38656.00000,518.00000
2025-11-17 17:08:44.747244,0.00000,0.00000,0.00000,0.00000,0.00000,0.00000,168.00000,50.00000,4.00000,0.00000,0.00000,0.00000,38656.00000,544.00000
2025-11-17 17:08:45.625316,0.00000,0.00000,0.00000,0.00000,0.00000,0.00000,168.00000,50.00000,4.00000,0.00000,0.00000,0.00000,38656.00000,544.00000
2025-11-17 17:08:46.492763,0.00000,0.00000,0.00000,0.00000,0.00000,0.00000,168.00000,50.00000,4.00000,0.00000,0.00000,0.00000,38656.00000,544.00000
2025-11-17 17:08:47.292982,0.00000,0.00000,0.00000,0.00000,0.00000,0.00000,186.00000,58.00000,4.00000,0.00000,0.00000,0.00000,38656.00000,570.00000
2025-11-17 17:08:48.198118,0.00000,0.00000,0.00000,0.00000,0.00000,0.00000,186.00000,58.00000,4.00000,0.00000,0.00000,0.00000,38656.00000,570.00000
2025-11-17 17:08:49.068903,0.00000,0.00000,0.00000,0.00000,0.00000,0.00000,186.00000,58.00000,4.00000,0.00000,0.00000,0.00000,38656.00000,570.00000
2025-11-17 17:08:49.858684,0.00000,0.00000,0.00000,0.00000,0.00000,0.00000,210.00000,66.00000,6.00000,0.00000,0.00000,0.00000,38656.00000,604.00000
2025-11-17 17:08:50.915485,0.00000,0.00000,0.00000,0.00000,0.00000,0.00000,210.00000,66.00000,6.00000,0.00000,0.00000,0.00000,38656.00000,604.00000
2025-11-17 17:08:51.764808,0.00000,0.00000,0.00000,0.00000,0.00000,0.00000,210.00000,66.00000,6.00000,0.00000,0.00000,0.00000,38656.00000,604.00000
2025-11-17 17:08:52.548883,0.00000,0.00000,0.00000,0.00000,0.00000,0.00000,192.00000,62.00000,6.00000,0.00000,0.00000,0.00000,38656.00000,582.00000
2025-11-17 17:08:53.353436,0.00000,0.00000,0.00000,0.00000,0.00000,0.00000,192.00000,62.00000,6.00000,0.00000,0.00000,0.00000,38656.00000,582.00000
2025-11-17 17:08:54.227041,0.00000,0.00000,0.00000,0.00000,0.00000,0.00000,192.00000,62.00000,6.00000,0.00000,0.00000,0.00000,38656.00000,582.00000
2025-11-17 17:08:55.039823,0.00000,0.00000,0.00000,0.00000,0.00000,0.00000,192.00000,58.00000,6.00000,0.00000,0.00000,0.00000,38656.00000,578.00000
2025-11-17 17:08:55.996805,0.00000,0.00000,0.00000,0.00000,0.00000,0.00000,192.00000,58.00000,6.00000,0.00000,0.00000,0.00000,38656.00000,578.00000
2025-11-17 17:08:56.851481,0.00000,0.00000,0.00000,0.00000,0.00000,0.00000,192.00000,58.00000,6.00000,0.00000,0.00000,0.00000,38656.00000,578.00000
2025-11-17 17:08:57.729294,0.00000,0.00000,0.00000,0.00000,0.00000,0.00000,174.00000,54.00000,4.00000,0.00000,0.00000,0.00000,38656.00000,554.00000
2025-11-17 17:08:58.612440,0.00000,0.00000,0.00000,0.00000,0.00000,0.00000,174.00000,54.00000,4.00000,0.00000,0.00000,0.00000,38656.00000,554.00000
2025-11-17 17:08:59.481661,0.00000,0.00000,0.00000,0.00000,0.00000,0.00000,174.00000,54.00000,4.00000,0.00000,0.00000,0.00000,38656.00000,554.00000
2025-11-17 17:09:00.211676,0.00000,0.00000,0.00000,0.00000,0.00000,0.00000,168.00000,52.00000,4.00000,0.00000,0.00000,0.00000,38656.00000,546.00000
2025-11-17 17:09:01.233940,0.00000,0.00000,0.00000,0.00000,0.00000,0.00000,168.00000,52.00000,4.00000,0.00000,0.00000,0.00000,38656.00000,546.00000
2025-11-17 17:09:01.953102,0.00000,0.00000,0.00000,0.00000,0.00000,0.00000,168.00000,52.00000,4.00000,0.00000,0.00000,0.00000,38656.00000,546.00000
2025-11-17 17:09:02.868011,0.00000,0.00000,0.00000,0.00000,0.00000,0.00000,192.00000,50.00000,6.00000,0.00000,0.00000,0.00000,38656.00000,570.00000
2025-11-17 17:09:03.816659,0.00000,0.00000,0.00000,0.00000,0.00000,0.00000,192.00000,50.00000,6.00000,0.00000,0.00000,0.00000,38656.00000,570.00000
2025-11-17 17:09:04.622980,0.00000,0.00000,0.00000,0.00000,0.00000,0.00000,192.00000,50.00000,6.00000,0.00000,0.00000,0.00000,38656.00000,570.00000
2025-11-17 17:09:05.506297,0.00000,0.00000,0.00000,0.00000,0.00000,0.00000,198.00000,52.00000,8.00000,0.00000,0.00000,0.00000,38656.00000,580.00000
2025-11-17 17:09:06.388357,0.00000,0.00000,0.00000,0.00000,0.00000,0.00000,198.00000,52.00000,8.00000,0.00000,0.00000,0.00000,38656.00000,580.00000
2025-11-17 17:09:07.247199,0.00000,0.00000,0.00000,0.00000,0.00000,0.00000,198.00000,52.00000,8.00000,0.00000,0.00000,0.00000,38656.00000,580.00000
2025-11-17 17:09:07.993003,0.00000,0.00000,0.00000,0.00000,0.00000,0.00000,210.00000,54.00000,10.00000,0.00000,0.00000,0.00000,38656.00000,596.00000
2025-11-17 17:09:08.985398,0.00000,0.00000,0.00000,0.00000,0.00000,0.00000,210.00000,54.00000,10.00000,0.00000,0.00000,0.00000,38656.00000,596.00000
2025-11-17 17:09:09.776185,0.00000,0.00000,0.00000,0.00000,0.00000,0.00000,210.00000,54.00000,10.00000,0.00000,0.00000,0.00000,38656.00000,596.00000
2025-11-17 17:09:10.655923,0.00000,0.00000,0.00000,0.00000,0.00000,0.00000,204.00000,50.00000,8.00000,0.00000,0.00000,0.00000,38656.00000,584.00000
2025-11-17 17:09:11.587912,0.00000,0.00000,0.00000,0.00000,0.00000,0.00000,204.00000,50.00000,8.00000,0.00000,0.00000,0.00000,38656.00000,584.00000
2025-11-17 17:09:12.386558,0.00000,0.00000,0.00000,0.00000,0.00000,0.00000,204.00000,50.00000,8.00000,0.00000,0.00000,0.00000,38656.00000,584.00000
2025-11-17 17:09:13.201510,0.00000,1.00000,1.00000,0.00000,1.00000,1.00000,204.00000,50.00000,10.00000,0.00000,0.00000,0.00000,38656.00000,590.00000
2025-11-17 17:09:14.135587,0.00000,1.00000,1.00000,0.00000,1.00000,1.00000,204.00000,50.00000,10.00000,0.00000,0.00000,0.00000,38656.00000,590.00000
2025-11-17 17:09:14.997621,0.00000,1.00000,1.00000,0.00000,1.00000,1.00000,204.00000,50.00000,10.00000,0.00000,0.00000,0.00000,38656.00000,590.00000
2025-11-17 17:09:15.777171,0.00000,0.00000,0.00000,0.00000,0.00000,0.00000,192.00000,46.00000,8.00000,0.00000,0.00000,0.00000,38656.00000,568.00000
2025-11-17 17:09:16.799237,0.00000,0.00000,0.00000,0.00000,0.00000,0.00000,192.00000,46.00000,8.00000,0.00000,0.00000,0.00000,38656.00000,568.00000
2025-11-17 17:09:17.640791,0.00000,0.00000,0.00000,0.00000,0.00000,0.00000,192.00000,46.00000,8.00000,0.00000,0.00000,0.00000,38656.00000,568.00000
2025-11-17 17:09:18.403924,0.00000,0.00000,0.00000,0.00000,0.00000,0.00000,204.00000,46.00000,8.00000,0.00000,0.00000,0.00000,38656.00000,580.00000
2025-11-17 17:09:19.359439,0.00000,0.00000,0.00000,0.00000,0.00000,0.00000,204.00000,46.00000,8.00000,0.00000,0.00000,0.00000,38656.00000,580.00000
2025-11-17 17:09:20.117549,0.00000,0.00000,0.00000,0.00000,0.00000,0.00000,204.00000,46.00000,8.00000,0.00000,0.00000,0.00000,38656.00000,580.00000
2025-11-17 17:09:20.933449,0.00000,0.00000,0.00000,0.00000,0.00000,0.00000,192.00000,46.00000,8.00000,0.00000,0.00000,0.00000,38656.00000,568.00000
2025-11-17 17:09:21.891154,0.00000,0.00000,0.00000,0.00000,0.00000,0.00000,192.00000,46.00000,8.00000,0.00000,0.00000,0.00000,38656.00000,568.00000
2025-11-17 17:09:22.665383,0.00000,0.00000,0.00000,0.00000,0.00000,0.00000,192.00000,46.00000,8.00000,0.00000,0.00000,0.00000,38656.00000,568.00000
2025-11-17 17:09:23.641827,0.00000,0.00000,0.00000,0.00000,0.00000,0.00000,192.00000,46.00000,8.00000,0.00000,0.00000,0.00000,38656.00000,568.00000
2025-11-17 17:09:24.499211,0.00000,0.00000,0.00000,0.00000,0.00000,0.00000,192.00000,46.00000,8.00000,0.00000,0.00000,0.00000,38656.00000,568.00000
2025-11-17 17:09:25.368764,0.00000,0.00000,0.00000,0.00000,0.00000,0.00000,192.00000,46.00000,8.00000,0.00000,0.00000,0.00000,38656.00000,568.00000
2025-11-17 17:09:26.107522,0.00000,0.00000,0.00000,0.00000,0.00000,0.00000,192.00000,46.00000,8.00000,0.00000,0.00000,0.00000,38656.00000,568.00000
2025-11-17 17:09:27.124753,0.00000,0.00000,0.00000,0.00000,0.00000,0.00000,192.00000,46.00000,8.00000,0.00000,0.00000,0.00000,38656.00000,568.00000
2025-11-17 17:09:27.850543,0.00000,0.00000,0.00000,0.00000,0.00000,0.00000,192.00000,46.00000,8.00000,0.00000,0.00000,0.00000,38656.00000,568.00000
2025-11-17 17:09:28.817529,0.00000,1.00000,1.00000,0.00000,1.00000,1.00000,204.00000,60.00000,14.00000,0.00000,0.00000,0.00000,38656.00000,604.00000
2025-11-17 17:09:29.709796,0.00000,1.00000,1.00000,0.00000,1.00000,1.00000,204.00000,60.00000,14.00000,0.00000,0.00000,0.00000,38656.00000,604.00000
2025-11-17 17:09:30.504221,0.00000,1.00000,1.00000,0.00000,1.00000,1.00000,204.00000,60.00000,14.00000,0.00000,0.00000,0.00000,38656.00000,604.00000
2025-11-17 17:09:31.263604,0.00000,1.00000,1.00000,0.00000,1.00000,1.00000,204.00000,58.00000,12.00000,0.00000,0.00000,0.00000,38656.00000,600.00000
2025-11-17 17:09:32.252680,0.00000,1.00000,1.00000,0.00000,1.00000,1.00000,204.00000,58.00000,12.00000,0.00000,0.00000,0.00000,38656.00000,600.00000
2025-11-17 17:09:33.108612,0.00000,1.00000,1.00000,0.00000,1.00000,1.00000,204.00000,58.00000,12.00000,0.00000,0.00000,0.00000,38656.00000,600.00000
2025-11-17 17:09:33.904300,0.00000,1.00000,1.00000,0.00000,1.00000,1.00000,222.00000,62.00000,12.00000,0.00000,0.00000,0.00000,38656.00000,622.00000
2025-11-17 17:09:34.840845,0.00000,1.00000,1.00000,0.00000,1.00000,1.00000,222.00000,62.00000,12.00000,0.00000,0.00000,0.00000,38656.00000,622.00000
2025-11-17 17:09:35.702845,0.00000,1.00000,1.00000,0.00000,1.00000,1.00000,222.00000,62.00000,12.00000,0.00000,0.00000,0.00000,38656.00000,622.00000
2025-11-17 17:09:36.519537,0.00000,1.00000,2.00000,0.00000,1.00000,2.00000,222.00000,64.00000,14.00000,2.00000,0.00000,0.00000,38656.00000,630.00000
2025-11-17 17:09:37.430927,0.00000,1.00000,2.00000,0.00000,1.00000,2.00000,222.00000,64.00000,14.00000,2.00000,0.00000,0.00000,38656.00000,630.00000
2025-11-17 17:09:38.240962,0.00000,1.00000,2.00000,0.00000,1.00000,2.00000,222.00000,64.00000,14.00000,2.00000,0.00000,0.00000,38656.00000,630.00000
2025-11-17 17:09:39.142589,0.00000,0.00000,0.00000,0.00000,0.00000,0.00000,222.00000,64.00000,12.00000,2.00000,0.00000,0.00000,38656.00000,622.00000
2025-11-17 17:09:39.984181,0.00000,0.00000,0.00000,0.00000,0.00000,0.00000,222.00000,64.00000,12.00000,2.00000,0.00000,0.00000,38656.00000,622.00000
2025-11-17 17:09:40.867596,0.00000,0.00000,0.00000,0.00000,0.00000,0.00000,222.00000,64.00000,12.00000,2.00000,0.00000,0.00000,38656.00000,622.00000
2025-11-17 17:09:41.693486,0.00000,0.00000,0.00000,0.00000,0.00000,0.00000,210.00000,60.00000,12.00000,2.00000,0.00000,0.00000,38656.00000,606.00000
2025-11-17 17:09:42.704846,0.00000,1.00000,1.00000,0.00000,1.00000,1.00000,210.00000,60.00000,12.00000,2.00000,0.00000,0.00000,38656.00000,610.00000
2025-11-17 17:09:43.420375,0.00000,1.00000,1.00000,0.00000,1.00000,1.00000,210.00000,60.00000,12.00000,2.00000,0.00000,0.00000,38656.00000,610.00000
2025-11-17 17:09:44.304940,0.00000,1.00000,1.00000,0.00000,1.00000,1.00000,204.00000,60.00000,12.00000,2.00000,0.00000,0.00000,38656.00000,604.00000
2025-11-17 17:09:45.194546,0.00000,1.00000,1.00000,0.00000,1.00000,1.00000,204.00000,60.00000,12.00000,2.00000,0.00000,0.00000,38656.00000,604.00000
2025-11-17 17:09:46.035305,0.00000,1.00000,1.00000,0.00000,1.00000,1.00000,204.00000,60.00000,12.00000,2.00000,0.00000,0.00000,38656.00000,604.00000
2025-11-17 17:09:46.920585,0.00000,1.00000,1.00000,0.00000,1.00000,1.00000,210.00000,62.00000,12.00000,2.00000,0.00000,0.00000,38656.00000,612.00000
2025-11-17 17:09:47.792774,0.00000,1.00000,1.00000,0.00000,1.00000,1.00000,210.00000,62.00000,12.00000,2.00000,0.00000,0.00000,38656.00000,612.00000
2025-11-17 17:09:48.705225,0.00000,1.00000,1.00000,0.00000,1.00000,1.00000,210.00000,62.00000,12.00000,2.00000,0.00000,0.00000,38656.00000,612.00000
2025-11-17 17:09:49.516043,0.00000,1.00000,1.00000,0.00000,1.00000,1.00000,210.00000,62.00000,12.00000,2.00000,0.00000,0.00000,38656.00000,612.00000
2025-11-17 17:09:50.313809,0.00000,1.00000,1.00000,0.00000,1.00000,1.00000,210.00000,62.00000,12.00000,2.00000,0.00000,0.00000,38656.00000,612.00000
2025-11-17 17:09:51.216138,0.00000,1.00000,1.00000,0.00000,1.00000,1.00000,210.00000,62.00000,12.00000,2.00000,0.00000,0.00000,38656.00000,612.00000
2025-11-17 17:09:51.980086,0.00000,1.00000,1.00000,0.00000,1.00000,1.00000,210.00000,62.00000,12.00000,2.00000,0.00000,0.00000,38656.00000,612.00000
2025-11-17 17:09:53.010339,0.00000,1.00000,1.00000,0.00000,1.00000,1.00000,210.00000,62.00000,12.00000,2.00000,0.00000,0.00000,38656.00000,612.00000
2025-11-17 17:09:53.736621,0.00000,1.00000,1.00000,0.00000,1.00000,1.00000,210.00000,62.00000,12.00000,2.00000,0.00000,0.00000,38656.00000,612.00000
2025-11-17 17:09:54.623588,0.00000,0.00000,0.00000,0.00000,0.00000,0.00000,150.00000,42.00000,4.00000,2.00000,0.00000,0.00000,38656.00000,520.00000
2025-11-17 17:09:55.567697,0.00000,0.00000,0.00000,0.00000,0.00000,0.00000,150.00000,42.00000,4.00000,2.00000,0.00000,0.00000,38656.00000,520.00000
2025-11-17 17:09:56.405818,0.00000,0.00000,0.00000,0.00000,0.00000,0.00000,150.00000,42.00000,4.00000,2.00000,0.00000,0.00000,38656.00000,520.00000
2025-11-17 17:09:57.193629,0.00000,0.00000,1.00000,0.00000,0.00000,1.00000,132.00000,38.00000,4.00000,2.00000,0.00000,0.00000,38656.00000,500.00000
2025-11-17 17:09:58.136608,0.00000,0.00000,1.00000,0.00000,0.00000,1.00000,132.00000,38.00000,4.00000,2.00000,0.00000,0.00000,38656.00000,500.00000
2025-11-17 17:09:58.939326,0.00000,0.00000,1.00000,0.00000,0.00000,1.00000,132.00000,38.00000,4.00000,2.00000,0.00000,0.00000,38656.00000,500.00000
2025-11-17 17:09:59.840368,0.00000,0.00000,0.00000,0.00000,0.00000,0.00000,96.00000,30.00000,2.00000,2.00000,0.00000,0.00000,38656.00000,452.00000
2025-11-17 17:10:00.650615,0.00000,0.00000,0.00000,0.00000,0.00000,0.00000,96.00000,30.00000,2.00000,2.00000,0.00000,0.00000,38656.00000,452.00000
2025-11-17 17:10:01.612109,0.00000,0.00000,0.00000,0.00000,0.00000,0.00000,96.00000,30.00000,2.00000,2.00000,0.00000,0.00000,38656.00000,452.00000
2025-11-17 17:10:02.445845,0.00000,0.00000,0.00000,0.00000,0.00000,0.00000,90.00000,28.00000,2.00000,0.00000,0.00000,0.00000,38656.00000,442.00000
2025-11-17 17:10:03.372061,0.00000,0.00000,0.00000,0.00000,0.00000,0.00000,90.00000,28.00000,2.00000,0.00000,0.00000,0.00000,38656.00000,442.00000
2025-11-17 17:10:04.176960,0.00000,0.00000,0.00000,0.00000,0.00000,0.00000,90.00000,28.00000,2.00000,0.00000,0.00000,0.00000,38656.00000,442.00000
2025-11-17 17:10:05.103908,0.00000,0.00000,0.00000,0.00000,0.00000,0.00000,78.00000,22.00000,2.00000,0.00000,0.00000,0.00000,38656.00000,424.00000
2025-11-17 17:10:05.874960,0.00000,0.00000,0.00000,0.00000,0.00000,0.00000,78.00000,22.00000,2.00000,0.00000,0.00000,0.00000,38656.00000,424.00000
2025-11-17 17:10:06.798975,0.00000,0.00000,0.00000,0.00000,0.00000,0.00000,78.00000,22.00000,2.00000,0.00000,0.00000,0.00000,38656.00000,424.00000
2025-11-17 17:10:07.574589,0.00000,0.00000,0.00000,0.00000,0.00000,0.00000,108.00000,28.00000,2.00000,0.00000,0.00000,0.00000,38656.00000,460.00000
2025-11-17 17:10:08.520534,0.00000,0.00000,0.00000,0.00000,0.00000,0.00000,108.00000,28.00000,2.00000,0.00000,0.00000,0.00000,38656.00000,460.00000
2025-11-17 17:10:09.346804,0.00000,0.00000,0.00000,0.00000,0.00000,0.00000,108.00000,28.00000,2.00000,0.00000,0.00000,0.00000,38656.00000,460.00000
2025-11-17 17:10:10.202216,0.00000,0.00000,0.00000,0.00000,0.00000,0.00000,102.00000,28.00000,2.00000,0.00000,0.00000,0.00000,38656.00000,454.00000
2025-11-17 17:10:11.084683,0.00000,0.00000,0.00000,0.00000,0.00000,0.00000,102.00000,28.00000,2.00000,0.00000,0.00000,0.00000,38656.00000,454.00000
2025-11-17 17:10:11.925041,0.00000,0.00000,0.00000,0.00000,0.00000,0.00000,102.00000,28.00000,2.00000,0.00000,0.00000,0.00000,38656.00000,454.00000
2025-11-17 17:10:12.804336,0.00000,0.00000,0.00000,0.00000,0.00000,0.00000,96.00000,24.00000,2.00000,0.00000,0.00000,0.00000,38656.00000,444.00000
2025-11-17 17:10:13.681380,0.00000,0.00000,0.00000,0.00000,0.00000,0.00000,96.00000,24.00000,2.00000,0.00000,0.00000,0.00000,38656.00000,444.00000
2025-11-17 17:10:14.571141,0.00000,0.00000,0.00000,0.00000,0.00000,0.00000,96.00000,24.00000,2.00000,0.00000,0.00000,0.00000,38656.00000,444.00000
2025-11-17 17:10:15.421544,0.00000,0.00000,0.00000,0.00000,0.00000,0.00000,84.00000,20.00000,2.00000,0.00000,0.00000,0.00000,38656.00000,428.00000
2025-11-17 17:10:16.286151,0.00000,0.00000,0.00000,0.00000,0.00000,0.00000,84.00000,20.00000,2.00000,0.00000,0.00000,0.00000,38656.00000,428.00000
2025-11-17 17:10:17.180709,0.00000,0.00000,0.00000,0.00000,0.00000,0.00000,84.00000,20.00000,2.00000,0.00000,0.00000,0.00000,38656.00000,428.00000
2025-11-17 17:10:17.895618,0.00000,0.00000,0.00000,0.00000,0.00000,0.00000,96.00000,22.00000,4.00000,2.00000,0.00000,0.00000,38656.00000,446.00000
2025-11-17 17:10:18.922026,0.00000,0.00000,0.00000,0.00000,0.00000,0.00000,96.00000,22.00000,4.00000,2.00000,0.00000,0.00000,38656.00000,446.00000
2025-11-17 17:10:19.650671,0.00000,0.00000,0.00000,0.00000,0.00000,0.00000,96.00000,22.00000,4.00000,2.00000,0.00000,0.00000,38656.00000,446.00000
2025-11-17 17:10:20.547922,0.00000,0.00000,0.00000,0.00000,0.00000,0.00000,108.00000,24.00000,6.00000,2.00000,0.00000,0.00000,38656.00000,462.00000
2025-11-17 17:10:21.467280,0.00000,0.00000,0.00000,0.00000,0.00000,0.00000,108.00000,24.00000,6.00000,2.00000,0.00000,0.00000,38656.00000,462.00000
2025-11-17 17:10:22.288101,0.00000,0.00000,0.00000,0.00000,0.00000,0.00000,108.00000,24.00000,6.00000,2.00000,0.00000,0.00000,38656.00000,462.00000
2025-11-17 17:10:23.143093,0.00000,0.00000,0.00000,0.00000,0.00000,0.00000,108.00000,22.00000,6.00000,2.00000,0.00000,0.00000,38656.00000,460.00000
2025-11-17 17:10:24.050047,0.00000,0.00000,0.00000,0.00000,0.00000,0.00000,108.00000,22.00000,6.00000,2.00000,0.00000,0.00000,38656.00000,460.00000
2025-11-17 17:10:24.849242,0.00000,0.00000,0.00000,0.00000,0.00000,0.00000,108.00000,22.00000,6.00000,2.00000,0.00000,0.00000,38656.00000,460.00000
2025-11-17 17:10:25.709074,0.00000,0.00000,0.00000,0.00000,0.00000,0.00000,114.00000,22.00000,6.00000,2.00000,0.00000,0.00000,38656.00000,466.00000
2025-11-17 17:10:26.670862,0.00000,0.00000,0.00000,0.00000,0.00000,0.00000,114.00000,22.00000,6.00000,2.00000,0.00000,0.00000,38656.00000,466.00000
2025-11-17 17:10:27.553047,0.00000,0.00000,0.00000,0.00000,0.00000,0.00000,114.00000,22.00000,6.00000,2.00000,0.00000,0.00000,38656.00000,466.00000
2025-11-17 17:10:28.243679,0.00000,0.00000,0.00000,0.00000,0.00000,0.00000,114.00000,22.00000,4.00000,2.00000,0.00000,0.00000,38656.00000,464.00000
2025-11-17 17:10:29.272443,0.00000,0.00000,0.00000,0.00000,0.00000,0.00000,114.00000,22.00000,4.00000,2.00000,0.00000,0.00000,38656.00000,464.00000
2025-11-17 17:10:30.027128,0.00000,0.00000,0.00000,0.00000,0.00000,0.00000,114.00000,22.00000,4.00000,2.00000,0.00000,0.00000,38656.00000,464.00000
2025-11-17 17:10:30.862727,0.00000,0.00000,0.00000,0.00000,0.00000,0.00000,126.00000,24.00000,6.00000,2.00000,0.00000,0.00000,38656.00000,480.00000
2025-11-17 17:10:31.712727,0.00000,0.00000,0.00000,0.00000,0.00000,0.00000,126.00000,24.00000,6.00000,2.00000,0.00000,0.00000,38656.00000,480.00000
2025-11-17 17:10:32.691053,0.00000,0.00000,0.00000,0.00000,0.00000,0.00000,126.00000,24.00000,6.00000,2.00000,0.00000,0.00000,38656.00000,480.00000
2025-11-17 17:10:33.538593,0.00000,0.00000,0.00000,0.00000,0.00000,0.00000,102.00000,20.00000,6.00000,2.00000,0.00000,0.00000,38656.00000,452.00000
2025-11-17 17:10:34.456635,0.00000,0.00000,0.00000,0.00000,0.00000,0.00000,102.00000,20.00000,6.00000,2.00000,0.00000,0.00000,38656.00000,452.00000
2025-11-17 17:10:35.184372,0.00000,0.00000,0.00000,0.00000,0.00000,0.00000,102.00000,20.00000,6.00000,2.00000,0.00000,0.00000,38656.00000,452.00000
2025-11-17 17:10:36.056424,0.00000,0.00000,0.00000,0.00000,0.00000,0.00000,114.00000,24.00000,6.00000,2.00000,0.00000,0.00000,38656.00000,468.00000
2025-11-17 17:10:36.973051,0.00000,0.00000,0.00000,0.00000,0.00000,0.00000,114.00000,24.00000,6.00000,2.00000,0.00000,0.00000,38656.00000,468.00000
2025-11-17 17:10:37.817120,0.00000,0.00000,0.00000,0.00000,0.00000,0.00000,114.00000,24.00000,6.00000,2.00000,0.00000,0.00000,38656.00000,468.00000
2025-11-17 17:10:38.577151,0.00000,0.00000,0.00000,0.00000,0.00000,0.00000,108.00000,24.00000,8.00000,2.00000,0.00000,0.00000,38656.00000,464.00000
2025-11-17 17:10:39.357225,0.00000,0.00000,0.00000,0.00000,0.00000,0.00000,108.00000,24.00000,8.00000,2.00000,0.00000,0.00000,38656.00000,464.00000
2025-11-17 17:10:40.393341,0.00000,0.00000,0.00000,0.00000,0.00000,0.00000,108.00000,24.00000,8.00000,2.00000,0.00000,0.00000,38656.00000,464.00000
2025-11-17 17:10:41.277639,0.00000,0.00000,0.00000,0.00000,0.00000,0.00000,108.00000,24.00000,8.00000,2.00000,0.00000,0.00000,38656.00000,464.00000
2025-11-17 17:10:42.146693,0.00000,0.00000,0.00000,0.00000,0.00000,0.00000,108.00000,24.00000,8.00000,2.00000,0.00000,0.00000,38656.00000,464.00000
2025-11-17 17:10:43.015252,0.00000,0.00000,0.00000,0.00000,0.00000,0.00000,108.00000,24.00000,8.00000,2.00000,0.00000,0.00000,38656.00000,464.00000
2025-11-17 17:10:43.786655,0.00000,0.00000,0.00000,0.00000,0.00000,0.00000,102.00000,22.00000,6.00000,0.00000,0.00000,0.00000,38656.00000,452.00000
2025-11-17 17:10:44.755453,0.00000,0.00000,0.00000,0.00000,0.00000,0.00000,102.00000,22.00000,6.00000,0.00000,0.00000,0.00000,38656.00000,452.00000
2025-11-17 17:10:45.536730,0.00000,0.00000,0.00000,0.00000,0.00000,0.00000,102.00000,22.00000,6.00000,0.00000,0.00000,0.00000,38656.00000,452.00000
2025-11-17 17:10:46.440240,0.00000,0.00000,0.00000,0.00000,0.00000,0.00000,90.00000,20.00000,4.00000,0.00000,0.00000,0.00000,38656.00000,436.00000
2025-11-17 17:10:47.362598,0.00000,0.00000,0.00000,0.00000,0.00000,0.00000,90.00000,20.00000,4.00000,0.00000,0.00000,0.00000,38656.00000,436.00000
2025-11-17 17:10:48.109415,0.00000,0.00000,0.00000,0.00000,0.00000,0.00000,90.00000,20.00000,4.00000,0.00000,0.00000,0.00000,38656.00000,436.00000
2025-11-17 17:10:48.988139,0.00000,0.00000,0.00000,0.00000,0.00000,0.00000,108.00000,28.00000,4.00000,0.00000,0.00000,0.00000,38656.00000,462.00000
2025-11-17 17:10:49.903642,0.00000,0.00000,0.00000,0.00000,0.00000,0.00000,108.00000,28.00000,4.00000,0.00000,0.00000,0.00000,38656.00000,462.00000
2025-11-17 17:10:50.757498,0.00000,0.00000,0.00000,0.00000,0.00000,0.00000,108.00000,28.00000,4.00000,0.00000,0.00000,0.00000,38656.00000,462.00000
2025-11-17 17:10:51.522611,0.00000,0.00000,0.00000,0.00000,0.00000,0.00000,150.00000,40.00000,4.00000,0.00000,0.00000,0.00000,38656.00000,516.00000
2025-11-17 17:10:52.530361,0.00000,0.00000,0.00000,0.00000,0.00000,0.00000,150.00000,40.00000,4.00000,0.00000,0.00000,0.00000,38656.00000,516.00000
2025-11-17 17:10:53.417409,0.00000,0.00000,0.00000,0.00000,0.00000,0.00000,150.00000,40.00000,4.00000,0.00000,0.00000,0.00000,38656.00000,516.00000
2025-11-17 17:10:54.178078,0.00000,1.00000,1.00000,0.00000,1.00000,1.00000,180.00000,48.00000,8.00000,2.00000,0.00000,0.00000,38656.00000,564.00000
2025-11-17 17:10:55.097040,0.00000,1.00000,1.00000,0.00000,1.00000,1.00000,180.00000,48.00000,8.00000,2.00000,0.00000,0.00000,38656.00000,564.00000
2025-11-17 17:10:55.891834,0.00000,1.00000,1.00000,0.00000,1.00000,1.00000,180.00000,48.00000,8.00000,2.00000,0.00000,0.00000,38656.00000,564.00000
2025-11-17 17:10:56.687856,0.00000,1.00000,1.00000,0.00000,1.00000,1.00000,168.00000,48.00000,10.00000,2.00000,0.00000,0.00000,38656.00000,554.00000
2025-11-17 17:10:57.670850,0.00000,1.00000,1.00000,0.00000,1.00000,1.00000,168.00000,48.00000,10.00000,2.00000,0.00000,0.00000,38656.00000,554.00000
2025-11-17 17:10:58.581769,0.00000,1.00000,1.00000,0.00000,1.00000,1.00000,168.00000,48.00000,10.00000,2.00000,0.00000,0.00000,38656.00000,554.00000
2025-11-17 17:10:59.480738,0.00000,1.00000,1.00000,0.00000,1.00000,1.00000,168.00000,48.00000,10.00000,2.00000,0.00000,0.00000,38656.00000,554.00000
2025-11-17 17:11:00.235904,0.00000,1.00000,1.00000,0.00000,1.00000,1.00000,168.00000,48.00000,10.00000,2.00000,0.00000,0.00000,38656.00000,554.00000
2025-11-17 17:11:01.043282,0.00000,1.00000,1.00000,0.00000,1.00000,1.00000,168.00000,48.00000,10.00000,2.00000,0.00000,0.00000,38656.00000,554.00000
2025-11-17 17:11:01.888560,0.00000,1.00000,1.00000,0.00000,1.00000,1.00000,168.00000,48.00000,14.00000,4.00000,0.00000,0.00000,38656.00000,560.00000
2025-11-17 17:11:02.886338,0.00000,1.00000,1.00000,0.00000,1.00000,1.00000,168.00000,48.00000,14.00000,4.00000,0.00000,0.00000,38656.00000,560.00000
2025-11-17 17:11:03.632941,0.00000,1.00000,1.00000,0.00000,1.00000,1.00000,168.00000,48.00000,14.00000,4.00000,0.00000,0.00000,38656.00000,560.00000
2025-11-17 17:11:04.536473,0.00000,1.00000,1.00000,0.00000,1.00000,1.00000,168.00000,48.00000,12.00000,4.00000,0.00000,0.00000,38656.00000,558.00000
2025-11-17 17:11:05.446657,0.00000,1.00000,1.00000,0.00000,1.00000,1.00000,168.00000,48.00000,12.00000,4.00000,0.00000,0.00000,38656.00000,558.00000
2025-11-17 17:11:06.241460,0.00000,1.00000,1.00000,0.00000,1.00000,1.00000,168.00000,48.00000,12.00000,4.00000,0.00000,0.00000,38656.00000,558.00000
2025-11-17 17:11:07.118568,0.00000,1.00000,1.00000,0.00000,1.00000,1.00000,180.00000,52.00000,12.00000,4.00000,0.00000,0.00000,38656.00000,574.00000
2025-11-17 17:11:07.958756,0.00000,1.00000,1.00000,0.00000,1.00000,1.00000,180.00000,52.00000,12.00000,4.00000,0.00000,0.00000,38656.00000,574.00000
2025-11-17 17:11:08.813512,0.00000,1.00000,1.00000,0.00000,1.00000,1.00000,180.00000,52.00000,12.00000,4.00000,0.00000,0.00000,38656.00000,574.00000
2025-11-17 17:11:09.677142,0.00000,1.00000,1.00000,0.00000,1.00000,1.00000,186.00000,56.00000,12.00000,4.00000,0.00000,0.00000,38656.00000,584.00000
2025-11-17 17:11:10.622942,0.00000,1.00000,1.00000,0.00000,1.00000,1.00000,186.00000,56.00000,12.00000,4.00000,0.00000,0.00000,38656.00000,584.00000
2025-11-17 17:11:11.445268,0.00000,1.00000,1.00000,0.00000,1.00000,1.00000,186.00000,56.00000,12.00000,4.00000,0.00000,0.00000,38656.00000,584.00000
2025-11-17 17:11:12.341339,0.00000,1.00000,1.00000,0.00000,1.00000,1.00000,198.00000,60.00000,14.00000,4.00000,0.00000,0.00000,38656.00000,602.00000
2025-11-17 17:11:13.171715,0.00000,1.00000,1.00000,0.00000,1.00000,1.00000,198.00000,60.00000,14.00000,4.00000,0.00000,0.00000,38656.00000,602.00000
2025-11-17 17:11:14.051461,0.00000,1.00000,1.00000,0.00000,1.00000,1.00000,198.00000,60.00000,14.00000,4.00000,0.00000,0.00000,38656.00000,602.00000
2025-11-17 17:11:14.894620,0.00000,1.00000,1.00000,0.00000,1.00000,1.00000,180.00000,54.00000,14.00000,4.00000,0.00000,0.00000,38656.00000,578.00000
2025-11-17 17:11:15.805752,0.00000,1.00000,1.00000,0.00000,1.00000,1.00000,180.00000,54.00000,14.00000,4.00000,0.00000,0.00000,38656.00000,578.00000
2025-11-17 17:11:16.649052,0.00000,1.00000,1.00000,0.00000,1.00000,1.00000,180.00000,54.00000,14.00000,4.00000,0.00000,0.00000,38656.00000,578.00000
2025-11-17 17:11:17.553086,0.00000,1.00000,1.00000,0.00000,1.00000,1.00000,138.00000,44.00000,14.00000,4.00000,0.00000,0.00000,38656.00000,526.00000
2025-11-17 17:11:18.389339,0.00000,1.00000,1.00000,0.00000,1.00000,1.00000,138.00000,44.00000,14.00000,4.00000,0.00000,0.00000,38656.00000,526.00000
2025-11-17 17:11:19.196679,0.00000,1.00000,1.00000,0.00000,1.00000,1.00000,138.00000,44.00000,14.00000,4.00000,0.00000,0.00000,38656.00000,526.00000
2025-11-17 17:11:20.099508,0.00000,1.00000,1.00000,0.00000,1.00000,1.00000,114.00000,38.00000,10.00000,2.00000,0.00000,0.00000,38656.00000,490.00000
2025-11-17 17:11:20.949522,0.00000,1.00000,1.00000,0.00000,1.00000,1.00000,114.00000,38.00000,10.00000,2.00000,0.00000,0.00000,38656.00000,490.00000
2025-11-17 17:11:21.843766,0.00000,1.00000,1.00000,0.00000,1.00000,1.00000,114.00000,38.00000,10.00000,2.00000,0.00000,0.00000,38656.00000,490.00000
2025-11-17 17:11:22.641226,0.00000,0.00000,0.00000,0.00000,0.00000,0.00000,114.00000,36.00000,6.00000,2.00000,0.00000,0.00000,38656.00000,480.00000
2025-11-17 17:11:23.609115,0.00000,0.00000,0.00000,0.00000,0.00000,0.00000,114.00000,36.00000,6.00000,2.00000,0.00000,0.00000,38656.00000,480.00000
2025-11-17 17:11:24.382874,0.00000,0.00000,0.00000,0.00000,0.00000,0.00000,114.00000,36.00000,6.00000,2.00000,0.00000,0.00000,38656.00000,480.00000
2025-11-17 17:11:25.290904,0.00000,0.00000,0.00000,0.00000,0.00000,0.00000,126.00000,38.00000,8.00000,2.00000,0.00000,0.00000,38656.00000,496.00000
2025-11-17 17:11:26.187327,0.00000,0.00000,0.00000,0.00000,0.00000,0.00000,126.00000,38.00000,8.00000,2.00000,0.00000,0.00000,38656.00000,496.00000
2025-11-17 17:11:26.930908,0.00000,0.00000,0.00000,0.00000,0.00000,0.00000,126.00000,38.00000,8.00000,2.00000,0.00000,0.00000,38656.00000,496.00000
2025-11-17 17:11:27.778939,0.00000,0.00000,0.00000,0.00000,0.00000,0.00000,126.00000,36.00000,4.00000,0.00000,0.00000,0.00000,38656.00000,488.00000
2025-11-17 17:11:28.731511,0.00000,0.00000,0.00000,0.00000,0.00000,0.00000,126.00000,36.00000,4.00000,0.00000,0.00000,0.00000,38656.00000,488.00000
2025-11-17 17:11:29.581864,0.00000,0.00000,0.00000,0.00000,0.00000,0.00000,126.00000,36.00000,4.00000,0.00000,0.00000,0.00000,38656.00000,488.00000
2025-11-17 17:11:30.510847,0.00000,0.00000,0.00000,0.00000,0.00000,0.00000,144.00000,40.00000,8.00000,0.00000,0.00000,0.00000,38656.00000,514.00000
2025-11-17 17:11:31.380041,0.00000,0.00000,0.00000,0.00000,0.00000,0.00000,144.00000,40.00000,8.00000,0.00000,0.00000,0.00000,38656.00000,514.00000
2025-11-17 17:11:32.149493,0.00000,0.00000,0.00000,0.00000,0.00000,0.00000,144.00000,40.00000,8.00000,0.00000,0.00000,0.00000,38656.00000,514.00000
2025-11-17 17:11:32.959777,0.00000,0.00000,0.00000,0.00000,0.00000,0.00000,144.00000,38.00000,8.00000,0.00000,0.00000,0.00000,38656.00000,512.00000
2025-11-17 17:11:33.947063,0.00000,0.00000,0.00000,0.00000,0.00000,0.00000,144.00000,38.00000,8.00000,0.00000,0.00000,0.00000,38656.00000,512.00000
2025-11-17 17:11:34.689556,0.00000,0.00000,0.00000,0.00000,0.00000,0.00000,144.00000,38.00000,8.00000,0.00000,0.00000,0.00000,38656.00000,512.00000
2025-11-17 17:11:35.553788,0.00000,0.00000,0.00000,0.00000,0.00000,0.00000,132.00000,34.00000,8.00000,0.00000,0.00000,0.00000,38656.00000,496.00000
2025-11-17 17:11:36.528550,0.00000,0.00000,0.00000,0.00000,0.00000,0.00000,132.00000,34.00000,8.00000,0.00000,0.00000,0.00000,38656.00000,496.00000
2025-11-17 17:11:37.328716,0.00000,0.00000,0.00000,0.00000,0.00000,0.00000,132.00000,34.00000,8.00000,0.00000,0.00000,0.00000,38656.00000,496.00000
2025-11-17 17:11:38.183334,0.00000,0.00000,0.00000,0.00000,0.00000,0.00000,132.00000,34.00000,6.00000,0.00000,0.00000,0.00000,38656.00000,494.00000
2025-11-17 17:11:39.023900,0.00000,0.00000,0.00000,0.00000,0.00000,0.00000,132.00000,34.00000,6.00000,0.00000,0.00000,0.00000,38656.00000,494.00000
2025-11-17 17:11:39.875484,0.00000,0.00000,0.00000,0.00000,0.00000,0.00000,132.00000,34.00000,6.00000,0.00000,0.00000,0.00000,38656.00000,494.00000
2025-11-17 17:11:40.738843,0.00000,0.00000,0.00000,0.00000,0.00000,0.00000,144.00000,36.00000,8.00000,0.00000,0.00000,0.00000,38656.00000,510.00000
2025-11-17 17:11:41.682146,0.00000,0.00000,0.00000,0.00000,0.00000,0.00000,144.00000,36.00000,8.00000,0.00000,0.00000,0.00000,38656.00000,510.00000
2025-11-17 17:11:42.539557,0.00000,0.00000,0.00000,0.00000,0.00000,0.00000,144.00000,36.00000,8.00000,0.00000,0.00000,0.00000,38656.00000,510.00000
2025-11-17 17:11:43.365720,0.00000,0.00000,0.00000,0.00000,0.00000,0.00000,156.00000,40.00000,10.00000,0.00000,0.00000,0.00000,38656.00000,528.00000
2025-11-17 17:11:44.256851,0.00000,0.00000,0.00000,0.00000,0.00000,0.00000,156.00000,40.00000,10.00000,0.00000,0.00000,0.00000,38656.00000,528.00000
2025-11-17 17:11:45.087327,0.00000,0.00000,0.00000,0.00000,0.00000,0.00000,156.00000,40.00000,10.00000,0.00000,0.00000,0.00000,38656.00000,528.00000
2025-11-17 17:11:45.888384,0.00000,0.00000,0.00000,0.00000,0.00000,0.00000,168.00000,40.00000,10.00000,0.00000,0.00000,0.00000,38656.00000,540.00000
2025-11-17 17:11:46.827238,0.00000,0.00000,0.00000,0.00000,0.00000,0.00000,168.00000,40.00000,10.00000,0.00000,0.00000,0.00000,38656.00000,540.00000
2025-11-17 17:11:47.661692,0.00000,0.00000,0.00000,0.00000,0.00000,0.00000,168.00000,40.00000,10.00000,0.00000,0.00000,0.00000,38656.00000,540.00000
2025-11-17 17:11:48.471060,0.00000,0.00000,0.00000,0.00000,0.00000,0.00000,168.00000,40.00000,10.00000,0.00000,0.00000,0.00000,38656.00000,540.00000
2025-11-17 17:11:49.567167,0.00000,0.00000,0.00000,0.00000,0.00000,0.00000,168.00000,40.00000,10.00000,0.00000,0.00000,0.00000,38656.00000,540.00000
2025-11-17 17:11:50.316677,0.00000,0.00000,0.00000,0.00000,0.00000,0.00000,168.00000,40.00000,10.00000,0.00000,0.00000,0.00000,38656.00000,540.00000
2025-11-17 17:11:51.165497,0.00000,0.00000,0.00000,0.00000,0.00000,0.00000,168.00000,40.00000,8.00000,0.00000,0.00000,0.00000,38656.00000,538.00000
2025-11-17 17:11:52.075745,0.00000,0.00000,0.00000,0.00000,0.00000,0.00000,168.00000,40.00000,8.00000,0.00000,0.00000,0.00000,38656.00000,538.00000
2025-11-17 17:11:52.962914,0.00000,0.00000,0.00000,0.00000,0.00000,0.00000,168.00000,40.00000,8.00000,0.00000,0.00000,0.00000,38656.00000,538.00000
2025-11-17 17:11:53.663263,0.00000,0.00000,0.00000,0.00000,0.00000,0.00000,174.00000,44.00000,10.00000,0.00000,0.00000,0.00000,38656.00000,550.00000
2025-11-17 17:11:54.655512,0.00000,0.00000,0.00000,0.00000,0.00000,0.00000,174.00000,44.00000,10.00000,0.00000,0.00000,0.00000,38656.00000,550.00000
2025-11-17 17:11:55.466150,0.00000,0.00000,0.00000,0.00000,0.00000,0.00000,174.00000,44.00000,10.00000,0.00000,0.00000,0.00000,38656.00000,550.00000
2025-11-17 17:11:56.434185,0.00000,0.00000,0.00000,0.00000,0.00000,0.00000,168.00000,44.00000,6.00000,0.00000,0.00000,0.00000,38656.00000,540.00000
2025-11-17 17:11:57.155567,0.00000,0.00000,0.00000,0.00000,0.00000,0.00000,168.00000,44.00000,6.00000,0.00000,0.00000,0.00000,38656.00000,540.00000
2025-11-17 17:11:58.090624,0.00000,0.00000,0.00000,0.00000,0.00000,0.00000,168.00000,44.00000,6.00000,0.00000,0.00000,0.00000,38656.00000,540.00000
2025-11-17 17:11:58.854329,0.00000,0.00000,0.00000,0.00000,0.00000,0.00000,186.00000,50.00000,8.00000,0.00000,0.00000,0.00000,38656.00000,566.00000
2025-11-17 17:11:59.862666,0.00000,1.00000,1.00000,0.00000,1.00000,1.00000,186.00000,50.00000,8.00000,0.00000,0.00000,0.00000,38656.00000,570.00000
2025-11-17 17:12:00.676403,0.00000,1.00000,1.00000,0.00000,1.00000,1.00000,186.00000,50.00000,8.00000,0.00000,0.00000,0.00000,38656.00000,570.00000
2025-11-17 17:12:01.475271,0.00000,1.00000,1.00000,0.00000,1.00000,1.00000,198.00000,54.00000,10.00000,0.00000,0.00000,0.00000,38656.00000,588.00000
2025-11-17 17:12:02.431110,0.00000,0.00000,0.00000,0.00000,0.00000,0.00000,198.00000,54.00000,10.00000,0.00000,0.00000,0.00000,38656.00000,584.00000
2025-11-17 17:12:03.291651,0.00000,0.00000,0.00000,0.00000,0.00000,0.00000,198.00000,54.00000,10.00000,0.00000,0.00000,0.00000,38656.00000,584.00000
2025-11-17 17:12:04.015491,0.00000,0.00000,0.00000,0.00000,0.00000,0.00000,210.00000,58.00000,12.00000,0.00000,0.00000,0.00000,38656.00000,602.00000
2025-11-17 17:12:05.017683,0.00000,0.00000,0.00000,0.00000,0.00000,0.00000,210.00000,58.00000,12.00000,0.00000,0.00000,0.00000,38656.00000,602.00000
2025-11-17 17:12:05.808926,0.00000,0.00000,0.00000,0.00000,0.00000,0.00000,210.00000,58.00000,12.00000,0.00000,0.00000,0.00000,38656.00000,602.00000
2025-11-17 17:12:06.657142,0.00000,0.00000,0.00000,0.00000,0.00000,0.00000,204.00000,58.00000,12.00000,2.00000,0.00000,0.00000,38656.00000,598.00000
2025-11-17 17:12:07.570388,0.00000,0.00000,0.00000,0.00000,0.00000,0.00000,204.00000,58.00000,12.00000,2.00000,0.00000,0.00000,38656.00000,598.00000
2025-11-17 17:12:08.460644,0.00000,1.00000,1.00000,0.00000,1.00000,1.00000,204.00000,58.00000,12.00000,2.00000,0.00000,0.00000,38656.00000,602.00000
2025-11-17 17:12:09.269833,0.00000,1.00000,1.00000,0.00000,1.00000,1.00000,216.00000,56.00000,10.00000,2.00000,0.00000,0.00000,38656.00000,610.00000
2025-11-17 17:12:10.223147,0.00000,1.00000,1.00000,0.00000,1.00000,1.00000,216.00000,56.00000,10.00000,2.00000,0.00000,0.00000,38656.00000,610.00000
2025-11-17 17:12:10.957910,0.00000,1.00000,1.00000,0.00000,1.00000,1.00000,216.00000,56.00000,10.00000,2.00000,0.00000,0.00000,38656.00000,610.00000
2025-11-17 17:12:11.886712,0.00000,0.00000,0.00000,0.00000,0.00000,0.00000,210.00000,58.00000,10.00000,2.00000,0.00000,0.00000,38656.00000,602.00000
2025-11-17 17:12:12.706189,0.00000,0.00000,0.00000,0.00000,0.00000,0.00000,210.00000,58.00000,10.00000,2.00000,0.00000,0.00000,38656.00000,602.00000
2025-11-17 17:12:13.638110,0.00000,0.00000,0.00000,0.00000,0.00000,0.00000,210.00000,58.00000,10.00000,2.00000,0.00000,0.00000,38656.00000,602.00000
2025-11-17 17:12:14.387579,0.00000,0.00000,0.00000,0.00000,0.00000,0.00000,222.00000,58.00000,10.00000,2.00000,0.00000,0.00000,38656.00000,614.00000
2025-11-17 17:12:15.379396,0.00000,0.00000,0.00000,0.00000,0.00000,0.00000,222.00000,58.00000,10.00000,2.00000,0.00000,0.00000,38656.00000,614.00000
2025-11-17 17:12:16.231723,0.00000,0.00000,0.00000,0.00000,0.00000,0.00000,222.00000,58.00000,10.00000,2.00000,0.00000,0.00000,38656.00000,614.00000
2025-11-17 17:12:17.062805,0.00000,0.00000,0.00000,0.00000,0.00000,0.00000,216.00000,56.00000,10.00000,2.00000,0.00000,0.00000,38656.00000,606.00000
2025-11-17 17:12:17.969080,0.00000,0.00000,0.00000,0.00000,0.00000,0.00000,216.00000,56.00000,10.00000,2.00000,0.00000,0.00000,38656.00000,606.00000
2025-11-17 17:12:18.757379,0.00000,0.00000,0.00000,0.00000,0.00000,0.00000,216.00000,56.00000,10.00000,2.00000,0.00000,0.00000,38656.00000,606.00000
2025-11-17 17:12:19.535197,0.00000,0.00000,0.00000,0.00000,0.00000,0.00000,210.00000,54.00000,12.00000,4.00000,0.00000,0.00000,38656.00000,602.00000
2025-11-17 17:12:20.559035,0.00000,1.00000,1.00000,0.00000,1.00000,1.00000,210.00000,54.00000,12.00000,4.00000,0.00000,0.00000,38656.00000,606.00000
2025-11-17 17:12:21.311579,0.00000,1.00000,1.00000,0.00000,1.00000,1.00000,210.00000,54.00000,12.00000,4.00000,0.00000,0.00000,38656.00000,606.00000
2025-11-17 17:12:22.243567,0.00000,1.00000,2.00000,0.00000,1.00000,2.00000,222.00000,54.00000,14.00000,4.00000,0.00000,0.00000,38656.00000,622.00000
2025-11-17 17:12:23.074866,0.00000,0.00000,1.00000,0.00000,0.00000,1.00000,222.00000,54.00000,14.00000,4.00000,0.00000,0.00000,38656.00000,618.00000
2025-11-17 17:12:23.984018,0.00000,0.00000,1.00000,0.00000,0.00000,1.00000,222.00000,54.00000,14.00000,4.00000,0.00000,0.00000,38656.00000,618.00000
2025-11-17 17:12:24.787631,0.00000,0.00000,0.00000,0.00000,0.00000,0.00000,192.00000,46.00000,12.00000,4.00000,0.00000,0.00000,38656.00000,576.00000
2025-11-17 17:12:25.753204,0.00000,0.00000,0.00000,0.00000,0.00000,0.00000,192.00000,46.00000,12.00000,4.00000,0.00000,0.00000,38656.00000,576.00000
2025-11-17 17:12:26.473095,0.00000,0.00000,0.00000,0.00000,0.00000,0.00000,192.00000,46.00000,12.00000,4.00000,0.00000,0.00000,38656.00000,576.00000
2025-11-17 17:12:27.355357,0.00000,0.00000,1.00000,0.00000,0.00000,1.00000,192.00000,46.00000,12.00000,6.00000,0.00000,0.00000,38656.00000,580.00000
2025-11-17 17:12:28.275716,0.00000,0.00000,1.00000,0.00000,0.00000,1.00000,192.00000,46.00000,12.00000,6.00000,0.00000,0.00000,38656.00000,580.00000
2025-11-17 17:12:29.106970,0.00000,0.00000,1.00000,0.00000,0.00000,1.00000,192.00000,46.00000,12.00000,6.00000,0.00000,0.00000,38656.00000,580.00000
2025-11-17 17:12:29.978556,0.00000,0.00000,0.00000,0.00000,0.00000,0.00000,180.00000,42.00000,10.00000,6.00000,0.00000,0.00000,38656.00000,560.00000
2025-11-17 17:12:30.915273,0.00000,0.00000,0.00000,0.00000,0.00000,0.00000,180.00000,42.00000,10.00000,6.00000,0.00000,0.00000,38656.00000,560.00000
2025-11-17 17:12:31.739690,0.00000,0.00000,0.00000,0.00000,0.00000,0.00000,180.00000,42.00000,10.00000,6.00000,0.00000,0.00000,38656.00000,560.00000
2025-11-17 17:12:32.547461,0.00000,0.00000,0.00000,0.00000,0.00000,0.00000,192.00000,46.00000,10.00000,4.00000,0.00000,0.00000,38656.00000,574.00000
2025-11-17 17:12:33.508062,0.00000,0.00000,0.00000,0.00000,0.00000,0.00000,192.00000,46.00000,10.00000,4.00000,0.00000,0.00000,38656.00000,574.00000
2025-11-17 17:12:34.355552,0.00000,0.00000,0.00000,0.00000,0.00000,0.00000,192.00000,46.00000,10.00000,4.00000,0.00000,0.00000,38656.00000,574.00000
2025-11-17 17:12:35.185679,0.00000,1.00000,1.00000,0.00000,1.00000,1.00000,180.00000,48.00000,12.00000,4.00000,0.00000,0.00000,38656.00000,570.00000
2025-11-17 17:12:36.120339,0.00000,1.00000,1.00000,0.00000,1.00000,1.00000,180.00000,48.00000,12.00000,4.00000,0.00000,0.00000,38656.00000,570.00000
2025-11-17 17:12:36.829620,0.00000,1.00000,1.00000,0.00000,1.00000,1.00000,180.00000,48.00000,12.00000,4.00000,0.00000,0.00000,38656.00000,570.00000
2025-11-17 17:12:37.748351,0.00000,1.00000,1.00000,0.00000,1.00000,1.00000,192.00000,50.00000,12.00000,4.00000,0.00000,0.00000,38656.00000,584.00000
2025-11-17 17:12:38.603185,0.00000,1.00000,1.00000,0.00000,1.00000,1.00000,192.00000,50.00000,12.00000,4.00000,0.00000,0.00000,38656.00000,584.00000
2025-11-17 17:12:39.525698,0.00000,1.00000,1.00000,0.00000,1.00000,1.00000,192.00000,50.00000,12.00000,4.00000,0.00000,0.00000,38656.00000,584.00000
2025-11-17 17:12:40.316448,0.00000,1.00000,1.00000,0.00000,1.00000,1.00000,198.00000,54.00000,14.00000,4.00000,0.00000,0.00000,38656.00000,596.00000
2025-11-17 17:12:41.256996,0.00000,1.00000,1.00000,0.00000,1.00000,1.00000,198.00000,54.00000,14.00000,4.00000,0.00000,0.00000,38656.00000,596.00000
2025-11-17 17:12:42.060654,0.00000,1.00000,1.00000,0.00000,1.00000,1.00000,198.00000,54.00000,14.00000,4.00000,0.00000,0.00000,38656.00000,596.00000
2025-11-17 17:12:42.920355,0.00000,2.00000,2.00000,0.00000,2.00000,2.00000,192.00000,54.00000,14.00000,4.00000,0.00000,0.00000,38656.00000,594.00000
2025-11-17 17:12:43.812082,0.00000,2.00000,2.00000,0.00000,2.00000,2.00000,192.00000,54.00000,14.00000,4.00000,0.00000,0.00000,38656.00000,594.00000
2025-11-17 17:12:44.668402,0.00000,2.00000,2.00000,0.00000,2.00000,2.00000,192.00000,54.00000,14.00000,4.00000,0.00000,0.00000,38656.00000,594.00000
2025-11-17 17:12:45.529736,0.00000,1.00000,1.00000,0.00000,1.00000,1.00000,186.00000,50.00000,10.00000,2.00000,0.00000,0.00000,38656.00000,574.00000
2025-11-17 17:12:46.479060,0.00000,1.00000,1.00000,0.00000,1.00000,1.00000,186.00000,50.00000,10.00000,2.00000,0.00000,0.00000,38656.00000,574.00000
2025-11-17 17:12:47.243490,0.00000,1.00000,1.00000,0.00000,1.00000,1.00000,186.00000,50.00000,10.00000,2.00000,0.00000,0.00000,38656.00000,574.00000
2025-11-17 17:12:48.132847,0.00000,1.00000,1.00000,0.00000,1.00000,1.00000,162.00000,46.00000,8.00000,2.00000,0.00000,0.00000,38656.00000,544.00000
2025-11-17 17:12:48.934292,0.00000,1.00000,1.00000,0.00000,1.00000,1.00000,162.00000,46.00000,8.00000,2.00000,0.00000,0.00000,38656.00000,544.00000
2025-11-17 17:12:49.837300,0.00000,1.00000,1.00000,0.00000,1.00000,1.00000,162.00000,46.00000,8.00000,2.00000,0.00000,0.00000,38656.00000,544.00000
2025-11-17 17:12:50.619674,0.00000,1.00000,1.00000,0.00000,1.00000,1.00000,174.00000,50.00000,10.00000,2.00000,0.00000,0.00000,38656.00000,562.00000
2025-11-17 17:12:51.567129,0.00000,1.00000,1.00000,0.00000,1.00000,1.00000,174.00000,50.00000,10.00000,2.00000,0.00000,0.00000,38656.00000,562.00000
2025-11-17 17:12:52.332091,0.00000,1.00000,1.00000,0.00000,1.00000,1.00000,174.00000,50.00000,10.00000,2.00000,0.00000,0.00000,38656.00000,562.00000
2025-11-17 17:12:53.323266,0.00000,1.00000,1.00000,0.00000,1.00000,1.00000,174.00000,48.00000,10.00000,0.00000,0.00000,0.00000,38656.00000,558.00000
2025-11-17 17:12:54.136055,0.00000,1.00000,1.00000,0.00000,1.00000,1.00000,174.00000,48.00000,10.00000,0.00000,0.00000,0.00000,38656.00000,558.00000
2025-11-17 17:12:55.042399,0.00000,1.00000,1.00000,0.00000,1.00000,1.00000,174.00000,48.00000,10.00000,0.00000,0.00000,0.00000,38656.00000,558.00000
2025-11-17 17:12:55.844323,0.00000,1.00000,1.00000,0.00000,1.00000,1.00000,186.00000,52.00000,12.00000,0.00000,0.00000,0.00000,38656.00000,576.00000
2025-11-17 17:12:56.817905,0.00000,1.00000,1.00000,0.00000,1.00000,1.00000,186.00000,52.00000,12.00000,0.00000,0.00000,0.00000,38656.00000,576.00000
2025-11-17 17:12:57.550023,0.00000,1.00000,1.00000,0.00000,1.00000,1.00000,186.00000,52.00000,12.00000,0.00000,0.00000,0.00000,38656.00000,576.00000
2025-11-17 17:12:58.388571,0.00000,0.00000,0.00000,0.00000,0.00000,0.00000,162.00000,44.00000,10.00000,0.00000,0.00000,0.00000,38656.00000,538.00000
2025-11-17 17:12:59.368651,0.00000,0.00000,0.00000,0.00000,0.00000,0.00000,162.00000,44.00000,10.00000,0.00000,0.00000,0.00000,38656.00000,538.00000
2025-11-17 17:13:00.159229,0.00000,0.00000,0.00000,0.00000,0.00000,0.00000,162.00000,44.00000,10.00000,0.00000,0.00000,0.00000,38656.00000,538.00000
2025-11-17 17:13:01.094621,0.00000,0.00000,0.00000,0.00000,0.00000,0.00000,174.00000,46.00000,8.00000,0.00000,0.00000,0.00000,38656.00000,550.00000
2025-11-17 17:13:01.983179,0.00000,0.00000,0.00000,0.00000,0.00000,0.00000,174.00000,46.00000,8.00000,0.00000,0.00000,0.00000,38656.00000,550.00000
2025-11-17 17:13:02.796612,0.00000,0.00000,0.00000,0.00000,0.00000,0.00000,174.00000,46.00000,8.00000,0.00000,0.00000,0.00000,38656.00000,550.00000
2025-11-17 17:13:03.596944,0.00000,0.00000,0.00000,0.00000,0.00000,0.00000,156.00000,40.00000,8.00000,0.00000,0.00000,0.00000,38656.00000,526.00000
2025-11-17 17:13:04.523404,0.00000,0.00000,0.00000,0.00000,0.00000,0.00000,156.00000,40.00000,8.00000,0.00000,0.00000,0.00000,38656.00000,526.00000
2025-11-17 17:13:05.470714,0.00000,0.00000,0.00000,0.00000,0.00000,0.00000,156.00000,40.00000,8.00000,0.00000,0.00000,0.00000,38656.00000,526.00000
2025-11-17 17:13:06.305515,0.00000,0.00000,0.00000,0.00000,0.00000,0.00000,132.00000,36.00000,6.00000,0.00000,0.00000,0.00000,38656.00000,496.00000
2025-11-17 17:13:07.101333,0.00000,0.00000,0.00000,0.00000,0.00000,0.00000,132.00000,36.00000,6.00000,0.00000,0.00000,0.00000,38656.00000,496.00000
2025-11-17 17:13:07.941840,0.00000,0.00000,0.00000,0.00000,0.00000,0.00000,132.00000,36.00000,6.00000,0.00000,0.00000,0.00000,38656.00000,496.00000
2025-11-17 17:13:08.779301,0.00000,0.00000,0.00000,0.00000,0.00000,0.00000,120.00000,32.00000,6.00000,0.00000,0.00000,0.00000,38656.00000,480.00000
2025-11-17 17:13:09.700794,0.00000,0.00000,0.00000,0.00000,0.00000,0.00000,120.00000,32.00000,6.00000,0.00000,0.00000,0.00000,38656.00000,480.00000
2025-11-17 17:13:10.537035,0.00000,0.00000,0.00000,0.00000,0.00000,0.00000,120.00000,32.00000,6.00000,0.00000,0.00000,0.00000,38656.00000,480.00000
2025-11-17 17:13:11.417586,0.00000,0.00000,0.00000,0.00000,0.00000,0.00000,132.00000,38.00000,6.00000,0.00000,0.00000,0.00000,38656.00000,498.00000
2025-11-17 17:13:12.348785,0.00000,0.00000,0.00000,0.00000,0.00000,0.00000,132.00000,38.00000,6.00000,0.00000,0.00000,0.00000,38656.00000,498.00000
2025-11-17 17:13:13.127152,0.00000,0.00000,0.00000,0.00000,0.00000,0.00000,132.00000,38.00000,6.00000,0.00000,0.00000,0.00000,38656.00000,498.00000
2025-11-17 17:13:13.982044,0.00000,0.00000,0.00000,0.00000,0.00000,0.00000,132.00000,38.00000,6.00000,0.00000,0.00000,0.00000,38656.00000,498.00000
2025-11-17 17:13:14.868489,0.00000,0.00000,0.00000,0.00000,0.00000,0.00000,132.00000,38.00000,6.00000,0.00000,0.00000,0.00000,38656.00000,498.00000
2025-11-17 17:13:15.741526,0.00000,0.00000,0.00000,0.00000,0.00000,0.00000,132.00000,38.00000,6.00000,0.00000,0.00000,0.00000,38656.00000,498.00000
2025-11-17 17:13:16.506501,0.00000,0.00000,0.00000,0.00000,0.00000,0.00000,138.00000,40.00000,4.00000,0.00000,0.00000,0.00000,38656.00000,504.00000
2025-11-17 17:13:17.497005,0.00000,0.00000,0.00000,0.00000,0.00000,0.00000,138.00000,40.00000,4.00000,0.00000,0.00000,0.00000,38656.00000,504.00000
2025-11-17 17:13:18.274373,0.00000,0.00000,0.00000,0.00000,0.00000,0.00000,138.00000,40.00000,4.00000,0.00000,0.00000,0.00000,38656.00000,504.00000
2025-11-17 17:13:19.119105,0.00000,0.00000,0.00000,0.00000,0.00000,0.00000,138.00000,42.00000,6.00000,0.00000,0.00000,0.00000,38656.00000,508.00000
2025-11-17 17:13:20.049252,0.00000,0.00000,0.00000,0.00000,0.00000,0.00000,138.00000,42.00000,6.00000,0.00000,0.00000,0.00000,38656.00000,508.00000
2025-11-17 17:13:20.880218,0.00000,0.00000,0.00000,0.00000,0.00000,0.00000,138.00000,42.00000,6.00000,0.00000,0.00000,0.00000,38656.00000,508.00000
2025-11-17 17:13:21.762049,0.00000,0.00000,0.00000,0.00000,0.00000,0.00000,120.00000,36.00000,6.00000,0.00000,0.00000,0.00000,38656.00000,484.00000
2025-11-17 17:13:22.628787,0.00000,0.00000,0.00000,0.00000,0.00000,0.00000,120.00000,36.00000,6.00000,0.00000,0.00000,0.00000,38656.00000,484.00000
2025-11-17 17:13:23.489189,0.00000,0.00000,0.00000,0.00000,0.00000,0.00000,120.00000,36.00000,6.00000,0.00000,0.00000,0.00000,38656.00000,484.00000
2025-11-17 17:13:24.258160,0.00000,1.00000,1.00000,0.00000,1.00000,1.00000,168.00000,52.00000,10.00000,0.00000,0.00000,0.00000,38656.00000,556.00000
2025-11-17 17:13:25.267118,0.00000,1.00000,1.00000,0.00000,1.00000,1.00000,168.00000,52.00000,10.00000,0.00000,0.00000,0.00000,38656.00000,556.00000
2025-11-17 17:13:26.133482,0.00000,1.00000,1.00000,0.00000,1.00000,1.00000,168.00000,52.00000,10.00000,0.00000,0.00000,0.00000,38656.00000,556.00000
2025-11-17 17:13:26.894924,0.00000,1.00000,1.00000,0.00000,1.00000,1.00000,180.00000,58.00000,10.00000,0.00000,0.00000,0.00000,38656.00000,574.00000
2025-11-17 17:13:27.839808,0.00000,1.00000,1.00000,0.00000,1.00000,1.00000,180.00000,58.00000,10.00000,0.00000,0.00000,0.00000,38656.00000,574.00000
2025-11-17 17:13:28.609228,0.00000,0.00000,0.00000,0.00000,0.00000,0.00000,180.00000,58.00000,10.00000,0.00000,0.00000,0.00000,38656.00000,570.00000
2025-11-17 17:13:29.441751,0.00000,0.00000,1.00000,0.00000,0.00000,1.00000,204.00000,68.00000,16.00000,2.00000,0.00000,0.00000,38656.00000,614.00000
2025-11-17 17:13:30.338005,0.00000,0.00000,1.00000,0.00000,0.00000,1.00000,204.00000,68.00000,16.00000,2.00000,0.00000,0.00000,38656.00000,614.00000
2025-11-17 17:13:31.239499,0.00000,0.00000,1.00000,0.00000,0.00000,1.00000,204.00000,68.00000,16.00000,2.00000,0.00000,0.00000,38656.00000,614.00000
2025-11-17 17:13:32.200669,1.00000,1.00000,2.00000,1.00000,1.00000,2.00000,222.00000,74.00000,16.00000,2.00000,0.00000,0.00000,38656.00000,644.00000
2025-11-17 17:13:32.919805,1.00000,1.00000,2.00000,1.00000,1.00000,2.00000,222.00000,74.00000,16.00000,2.00000,0.00000,0.00000,38656.00000,644.00000
2025-11-17 17:13:33.775578,1.00000,1.00000,2.00000,1.00000,1.00000,2.00000,222.00000,74.00000,16.00000,2.00000,0.00000,0.00000,38656.00000,644.00000
2025-11-17 17:13:34.618074,0.00000,0.00000,1.00000,0.00000,0.00000,1.00000,228.00000,76.00000,16.00000,2.00000,0.00000,0.00000,38656.00000,646.00000
2025-11-17 17:13:35.614214,0.00000,0.00000,1.00000,0.00000,0.00000,1.00000,228.00000,76.00000,16.00000,2.00000,0.00000,0.00000,38656.00000,646.00000
2025-11-17 17:13:36.359382,0.00000,0.00000,1.00000,0.00000,0.00000,1.00000,228.00000,76.00000,16.00000,2.00000,0.00000,0.00000,38656.00000,646.00000
2025-11-17 17:13:37.185444,0.00000,0.00000,1.00000,0.00000,0.00000,1.00000,228.00000,72.00000,16.00000,2.00000,0.00000,0.00000,38656.00000,642.00000
2025-11-17 17:13:38.156944,1.00000,1.00000,2.00000,1.00000,1.00000,2.00000,228.00000,72.00000,16.00000,2.00000,0.00000,0.00000,38656.00000,648.00000
2025-11-17 17:13:38.991476,1.00000,1.00000,2.00000,1.00000,1.00000,2.00000,228.00000,72.00000,16.00000,2.00000,0.00000,0.00000,38656.00000,648.00000
2025-11-17 17:13:39.857429,1.00000,1.00000,2.00000,1.00000,1.00000,2.00000,228.00000,72.00000,16.00000,2.00000,0.00000,0.00000,38656.00000,648.00000
2025-11-17 17:13:40.685334,0.00000,0.00000,1.00000,0.00000,0.00000,1.00000,228.00000,72.00000,16.00000,2.00000,0.00000,0.00000,38656.00000,642.00000
2025-11-17 17:13:41.544506,0.00000,0.00000,1.00000,0.00000,0.00000,1.00000,228.00000,72.00000,16.00000,2.00000,0.00000,0.00000,38656.00000,642.00000
2025-11-17 17:13:42.365983,0.00000,0.00000,1.00000,0.00000,0.00000,1.00000,216.00000,66.00000,16.00000,2.00000,0.00000,0.00000,38656.00000,624.00000
2025-11-17 17:13:43.340121,0.00000,0.00000,1.00000,0.00000,0.00000,1.00000,216.00000,66.00000,16.00000,2.00000,0.00000,0.00000,38656.00000,624.00000
2025-11-17 17:13:44.222609,0.00000,0.00000,1.00000,0.00000,0.00000,1.00000,216.00000,66.00000,16.00000,2.00000,0.00000,0.00000,38656.00000,624.00000
2025-11-17 17:13:45.083143,0.00000,0.00000,1.00000,0.00000,0.00000,1.00000,216.00000,64.00000,14.00000,2.00000,0.00000,0.00000,38656.00000,620.00000
2025-11-17 17:13:45.925222,0.00000,0.00000,1.00000,0.00000,0.00000,1.00000,216.00000,64.00000,14.00000,2.00000,0.00000,0.00000,38656.00000,620.00000
2025-11-17 17:13:46.740999,1.00000,1.00000,2.00000,1.00000,1.00000,2.00000,216.00000,64.00000,14.00000,2.00000,0.00000,0.00000,38656.00000,626.00000
2025-11-17 17:13:47.574601,1.00000,1.00000,2.00000,1.00000,1.00000,2.00000,216.00000,62.00000,12.00000,2.00000,0.00000,0.00000,38656.00000,622.00000
2025-11-17 17:13:48.519210,1.00000,1.00000,2.00000,1.00000,1.00000,2.00000,216.00000,62.00000,12.00000,2.00000,0.00000,0.00000,38656.00000,622.00000
2025-11-17 17:13:49.319449,0.00000,0.00000,1.00000,0.00000,0.00000,1.00000,216.00000,62.00000,12.00000,2.00000,0.00000,0.00000,38656.00000,616.00000
2025-11-17 17:13:50.130513,0.00000,0.00000,0.00000,0.00000,0.00000,0.00000,180.00000,48.00000,8.00000,2.00000,0.00000,0.00000,38656.00000,560.00000
2025-11-17 17:13:51.113558,0.00000,0.00000,0.00000,0.00000,0.00000,0.00000,180.00000,48.00000,8.00000,2.00000,0.00000,0.00000,38656.00000,560.00000
2025-11-17 17:13:51.904554,0.00000,0.00000,0.00000,0.00000,0.00000,0.00000,180.00000,48.00000,8.00000,2.00000,0.00000,0.00000,38656.00000,560.00000
2025-11-17 17:13:52.788243,0.00000,0.00000,1.00000,0.00000,0.00000,1.00000,150.00000,38.00000,8.00000,2.00000,0.00000,0.00000,38656.00000,522.00000
2025-11-17 17:13:53.608427,0.00000,0.00000,1.00000,0.00000,0.00000,1.00000,150.00000,38.00000,8.00000,2.00000,0.00000,0.00000,38656.00000,522.00000
2025-11-17 17:13:54.488809,0.00000,0.00000,1.00000,0.00000,0.00000,1.00000,150.00000,38.00000,8.00000,2.00000,0.00000,0.00000,38656.00000,522.00000
2025-11-17 17:13:55.295126,0.00000,0.00000,0.00000,0.00000,0.00000,0.00000,120.00000,28.00000,2.00000,0.00000,0.00000,0.00000,38656.00000,472.00000
2025-11-17 17:13:56.277517,0.00000,0.00000,0.00000,0.00000,0.00000,0.00000,120.00000,28.00000,2.00000,0.00000,0.00000,0.00000,38656.00000,472.00000
2025-11-17 17:13:57.155380,0.00000,0.00000,0.00000,0.00000,0.00000,0.00000,120.00000,28.00000,2.00000,0.00000,0.00000,0.00000,38656.00000,472.00000
2025-11-17 17:13:58.048050,0.00000,0.00000,0.00000,0.00000,0.00000,0.00000,120.00000,26.00000,4.00000,0.00000,0.00000,0.00000,38656.00000,472.00000
2025-11-17 17:13:58.877993,0.00000,0.00000,0.00000,0.00000,0.00000,0.00000,120.00000,26.00000,4.00000,0.00000,0.00000,0.00000,38656.00000,472.00000
2025-11-17 17:13:59.673251,0.00000,0.00000,0.00000,0.00000,0.00000,0.00000,120.00000,26.00000,4.00000,0.00000,0.00000,0.00000,38656.00000,472.00000
2025-11-17 17:14:00.568112,0.00000,0.00000,0.00000,0.00000,0.00000,0.00000,132.00000,30.00000,4.00000,0.00000,0.00000,0.00000,38656.00000,488.00000
2025-11-17 17:14:01.404936,0.00000,0.00000,0.00000,0.00000,0.00000,0.00000,132.00000,30.00000,4.00000,0.00000,0.00000,0.00000,38656.00000,488.00000
2025-11-17 17:14:02.333388,0.00000,0.00000,0.00000,0.00000,0.00000,0.00000,132.00000,30.00000,4.00000,0.00000,0.00000,0.00000,38656.00000,488.00000
2025-11-17 17:14:03.109879,0.00000,0.00000,0.00000,0.00000,0.00000,0.00000,114.00000,28.00000,4.00000,0.00000,0.00000,0.00000,38656.00000,468.00000
2025-11-17 17:14:04.040935,0.00000,0.00000,0.00000,0.00000,0.00000,0.00000,114.00000,28.00000,4.00000,0.00000,0.00000,0.00000,38656.00000,468.00000
2025-11-17 17:14:04.931626,0.00000,0.00000,0.00000,0.00000,0.00000,0.00000,114.00000,28.00000,4.00000,0.00000,0.00000,0.00000,38656.00000,468.00000
2025-11-17 17:14:05.705158,0.00000,0.00000,0.00000,0.00000,0.00000,0.00000,114.00000,28.00000,4.00000,0.00000,0.00000,0.00000,38656.00000,468.00000
2025-11-17 17:14:06.665606,0.00000,0.00000,0.00000,0.00000,0.00000,0.00000,114.00000,28.00000,4.00000,0.00000,0.00000,0.00000,38656.00000,468.00000
2025-11-17 17:14:07.413236,0.00000,0.00000,0.00000,0.00000,0.00000,0.00000,114.00000,28.00000,4.00000,0.00000,0.00000,0.00000,38656.00000,468.00000
2025-11-17 17:14:08.283739,0.00000,0.00000,0.00000,0.00000,0.00000,0.00000,126.00000,30.00000,4.00000,0.00000,0.00000,0.00000,38656.00000,482.00000
2025-11-17 17:14:09.247976,0.00000,0.00000,0.00000,0.00000,0.00000,0.00000,126.00000,30.00000,4.00000,0.00000,0.00000,0.00000,38656.00000,482.00000
2025-11-17 17:14:10.040908,0.00000,0.00000,0.00000,0.00000,0.00000,0.00000,126.00000,30.00000,4.00000,0.00000,0.00000,0.00000,38656.00000,482.00000
2025-11-17 17:14:10.966739,0.00000,0.00000,0.00000,0.00000,0.00000,0.00000,114.00000,28.00000,2.00000,0.00000,0.00000,0.00000,38656.00000,466.00000
2025-11-17 17:14:11.821838,0.00000,0.00000,0.00000,0.00000,0.00000,0.00000,114.00000,28.00000,2.00000,0.00000,0.00000,0.00000,38656.00000,466.00000
2025-11-17 17:14:12.685224,0.00000,0.00000,0.00000,0.00000,0.00000,0.00000,114.00000,28.00000,2.00000,0.00000,0.00000,0.00000,38656.00000,466.00000
2025-11-17 17:14:13.449551,0.00000,0.00000,0.00000,0.00000,0.00000,0.00000,114.00000,30.00000,2.00000,0.00000,0.00000,0.00000,38656.00000,468.00000
2025-11-17 17:14:14.385732,0.00000,0.00000,0.00000,0.00000,0.00000,0.00000,114.00000,30.00000,2.00000,0.00000,0.00000,0.00000,38656.00000,468.00000
2025-11-17 17:14:15.201794,0.00000,0.00000,0.00000,0.00000,0.00000,0.00000,114.00000,30.00000,2.00000,0.00000,0.00000,0.00000,38656.00000,468.00000
2025-11-17 17:14:16.054698,0.00000,0.00000,0.00000,0.00000,0.00000,0.00000,114.00000,32.00000,4.00000,0.00000,0.00000,0.00000,38656.00000,472.00000
2025-11-17 17:14:17.029774,0.00000,0.00000,0.00000,0.00000,0.00000,0.00000,114.00000,32.00000,4.00000,0.00000,0.00000,0.00000,38656.00000,472.00000
2025-11-17 17:14:17.866618,0.00000,0.00000,0.00000,0.00000,0.00000,0.00000,114.00000,32.00000,4.00000,0.00000,0.00000,0.00000,38656.00000,472.00000
2025-11-17 17:14:18.718764,0.00000,0.00000,0.00000,0.00000,0.00000,0.00000,114.00000,30.00000,4.00000,0.00000,0.00000,0.00000,38656.00000,470.00000
2025-11-17 17:14:19.526665,0.00000,0.00000,0.00000,0.00000,0.00000,0.00000,114.00000,30.00000,4.00000,0.00000,0.00000,0.00000,38656.00000,470.00000
2025-11-17 17:14:20.388086,0.00000,0.00000,0.00000,0.00000,0.00000,0.00000,114.00000,30.00000,4.00000,0.00000,0.00000,0.00000,38656.00000,470.00000
2025-11-17 17:14:21.199048,0.00000,0.00000,0.00000,0.00000,0.00000,0.00000,120.00000,32.00000,4.00000,0.00000,0.00000,0.00000,38656.00000,478.00000
2025-11-17 17:14:22.223137,0.00000,0.00000,0.00000,0.00000,0.00000,0.00000,120.00000,32.00000,4.00000,0.00000,0.00000,0.00000,38656.00000,478.00000
2025-11-17 17:14:23.081177,0.00000,0.00000,0.00000,0.00000,0.00000,0.00000,120.00000,32.00000,4.00000,0.00000,0.00000,0.00000,38656.00000,478.00000
2025-11-17 17:14:23.862536,0.00000,0.00000,0.00000,0.00000,0.00000,0.00000,120.00000,34.00000,6.00000,2.00000,0.00000,0.00000,38656.00000,484.00000
2025-11-17 17:14:24.774518,0.00000,0.00000,0.00000,0.00000,0.00000,0.00000,120.00000,34.00000,6.00000,2.00000,0.00000,0.00000,38656.00000,484.00000
2025-11-17 17:14:25.562081,0.00000,0.00000,0.00000,0.00000,0.00000,0.00000,120.00000,34.00000,6.00000,2.00000,0.00000,0.00000,38656.00000,484.00000
2025-11-17 17:14:26.363929,0.00000,0.00000,0.00000,0.00000,0.00000,0.00000,102.00000,28.00000,6.00000,2.00000,0.00000,0.00000,38656.00000,460.00000
2025-11-17 17:14:27.329229,0.00000,0.00000,0.00000,0.00000,0.00000,0.00000,102.00000,28.00000,6.00000,2.00000,0.00000,0.00000,38656.00000,460.00000
2025-11-17 17:14:28.175736,0.00000,0.00000,0.00000,0.00000,0.00000,0.00000,102.00000,28.00000,6.00000,2.00000,0.00000,0.00000,38656.00000,460.00000
2025-11-17 17:14:29.084298,0.00000,1.00000,1.00000,0.00000,1.00000,1.00000,138.00000,38.00000,8.00000,2.00000,0.00000,0.00000,38656.00000,512.00000
2025-11-17 17:14:29.954253,0.00000,1.00000,1.00000,0.00000,1.00000,1.00000,138.00000,38.00000,8.00000,2.00000,0.00000,0.00000,38656.00000,512.00000
2025-11-17 17:14:30.710317,0.00000,1.00000,1.00000,0.00000,1.00000,1.00000,138.00000,38.00000,8.00000,2.00000,0.00000,0.00000,38656.00000,512.00000
2025-11-17 17:14:31.597601,0.00000,1.00000,1.00000,0.00000,1.00000,1.00000,138.00000,38.00000,8.00000,2.00000,0.00000,0.00000,38656.00000,512.00000
2025-11-17 17:14:32.524374,0.00000,1.00000,1.00000,0.00000,1.00000,1.00000,138.00000,38.00000,8.00000,2.00000,0.00000,0.00000,38656.00000,512.00000
2025-11-17 17:14:33.387266,0.00000,1.00000,1.00000,0.00000,1.00000,1.00000,138.00000,38.00000,8.00000,2.00000,0.00000,0.00000,38656.00000,512.00000
2025-11-17 17:14:34.143286,0.00000,1.00000,1.00000,0.00000,1.00000,1.00000,162.00000,46.00000,8.00000,2.00000,0.00000,0.00000,38656.00000,544.00000
2025-11-17 17:14:35.199556,0.00000,1.00000,1.00000,0.00000,1.00000,1.00000,162.00000,46.00000,8.00000,2.00000,0.00000,0.00000,38656.00000,544.00000
2025-11-17 17:14:36.026330,0.00000,1.00000,1.00000,0.00000,1.00000,1.00000,162.00000,46.00000,8.00000,2.00000,0.00000,0.00000,38656.00000,544.00000
2025-11-17 17:14:36.741378,0.00000,1.00000,1.00000,0.00000,1.00000,1.00000,168.00000,48.00000,8.00000,2.00000,0.00000,0.00000,38656.00000,552.00000
2025-11-17 17:14:37.768131,0.00000,1.00000,1.00000,0.00000,1.00000,1.00000,168.00000,48.00000,8.00000,2.00000,0.00000,0.00000,38656.00000,552.00000
2025-11-17 17:14:38.478096,0.00000,1.00000,1.00000,0.00000,1.00000,1.00000,168.00000,48.00000,8.00000,2.00000,0.00000,0.00000,38656.00000,552.00000
2025-11-17 17:14:39.370152,0.00000,1.00000,1.00000,0.00000,1.00000,1.00000,192.00000,54.00000,10.00000,2.00000,0.00000,0.00000,38656.00000,584.00000
2025-11-17 17:14:40.264274,0.00000,1.00000,1.00000,0.00000,1.00000,1.00000,192.00000,54.00000,10.00000,2.00000,0.00000,0.00000,38656.00000,584.00000
2025-11-17 17:14:41.200619,0.00000,1.00000,1.00000,0.00000,1.00000,1.00000,192.00000,54.00000,10.00000,2.00000,0.00000,0.00000,38656.00000,584.00000
2025-11-17 17:14:42.049279,0.00000,1.00000,1.00000,0.00000,1.00000,1.00000,204.00000,58.00000,10.00000,2.00000,0.00000,0.00000,38656.00000,600.00000
2025-11-17 17:14:42.913409,0.00000,1.00000,1.00000,0.00000,1.00000,1.00000,204.00000,58.00000,10.00000,2.00000,0.00000,0.00000,38656.00000,600.00000
2025-11-17 17:14:43.679871,0.00000,1.00000,1.00000,0.00000,1.00000,1.00000,204.00000,58.00000,10.00000,2.00000,0.00000,0.00000,38656.00000,600.00000
2025-11-17 17:14:44.543928,0.00000,1.00000,1.00000,0.00000,1.00000,1.00000,210.00000,62.00000,10.00000,2.00000,0.00000,0.00000,38656.00000,610.00000
2025-11-17 17:14:45.477604,0.00000,1.00000,1.00000,0.00000,1.00000,1.00000,210.00000,62.00000,10.00000,2.00000,0.00000,0.00000,38656.00000,610.00000
2025-11-17 17:14:46.327392,0.00000,1.00000,1.00000,0.00000,1.00000,1.00000,210.00000,62.00000,10.00000,2.00000,0.00000,0.00000,38656.00000,610.00000
2025-11-17 17:14:47.078575,0.00000,1.00000,1.00000,0.00000,1.00000,1.00000,204.00000,60.00000,10.00000,2.00000,0.00000,0.00000,38656.00000,602.00000
2025-11-17 17:14:48.129458,0.00000,1.00000,1.00000,0.00000,1.00000,1.00000,204.00000,60.00000,10.00000,2.00000,0.00000,0.00000,38656.00000,602.00000
2025-11-17 17:14:48.916568,0.00000,1.00000,1.00000,0.00000,1.00000,1.00000,204.00000,60.00000,10.00000,2.00000,0.00000,0.00000,38656.00000,602.00000
2025-11-17 17:14:49.808256,0.00000,1.00000,1.00000,0.00000,1.00000,1.00000,198.00000,56.00000,8.00000,2.00000,0.00000,0.00000,38656.00000,590.00000
2025-11-17 17:14:50.636567,0.00000,1.00000,1.00000,0.00000,1.00000,1.00000,198.00000,56.00000,8.00000,2.00000,0.00000,0.00000,38656.00000,590.00000
2025-11-17 17:14:51.542912,0.00000,1.00000,1.00000,0.00000,1.00000,1.00000,198.00000,56.00000,8.00000,2.00000,0.00000,0.00000,38656.00000,590.00000
2025-11-17 17:14:52.269787,0.00000,1.00000,1.00000,0.00000,1.00000,1.00000,210.00000,58.00000,8.00000,2.00000,0.00000,0.00000,38656.00000,604.00000
2025-11-17 17:14:53.280011,0.00000,1.00000,1.00000,0.00000,1.00000,1.00000,210.00000,58.00000,8.00000,2.00000,0.00000,0.00000,38656.00000,604.00000
2025-11-17 17:14:54.086759,0.00000,1.00000,1.00000,0.00000,1.00000,1.00000,210.00000,58.00000,8.00000,2.00000,0.00000,0.00000,38656.00000,604.00000
2025-11-17 17:14:55.002148,0.00000,1.00000,1.00000,0.00000,1.00000,1.00000,186.00000,52.00000,10.00000,4.00000,0.00000,0.00000,38656.00000,578.00000
2025-11-17 17:14:55.816439,0.00000,1.00000,1.00000,0.00000,1.00000,1.00000,186.00000,52.00000,10.00000,4.00000,0.00000,0.00000,38656.00000,578.00000
2025-11-17 17:14:56.656955,0.00000,1.00000,1.00000,0.00000,1.00000,1.00000,186.00000,52.00000,10.00000,4.00000,0.00000,0.00000,38656.00000,578.00000
2025-11-17 17:14:57.428312,0.00000,1.00000,2.00000,0.00000,1.00000,2.00000,210.00000,60.00000,10.00000,4.00000,0.00000,0.00000,38656.00000,612.00000
2025-11-17 17:14:58.447345,0.00000,1.00000,2.00000,0.00000,1.00000,2.00000,210.00000,60.00000,10.00000,4.00000,0.00000,0.00000,38656.00000,612.00000
2025-11-17 17:14:59.229546,0.00000,1.00000,2.00000,0.00000,1.00000,2.00000,210.00000,60.00000,10.00000,4.00000,0.00000,0.00000,38656.00000,612.00000
2025-11-17 17:15:00.089773,0.00000,1.00000,1.00000,0.00000,1.00000,1.00000,180.00000,52.00000,10.00000,4.00000,0.00000,0.00000,38656.00000,572.00000
2025-11-17 17:15:01.004604,0.00000,1.00000,1.00000,0.00000,1.00000,1.00000,180.00000,52.00000,10.00000,4.00000,0.00000,0.00000,38656.00000,572.00000
2025-11-17 17:15:01.939387,0.00000,1.00000,1.00000,0.00000,1.00000,1.00000,180.00000,52.00000,10.00000,4.00000,0.00000,0.00000,38656.00000,572.00000
2025-11-17 17:15:02.628639,0.00000,1.00000,3.00000,0.00000,1.00000,3.00000,180.00000,52.00000,12.00000,6.00000,2.00000,2.00000,38656.00000,584.00000
2025-11-17 17:15:03.629571,0.00000,1.00000,3.00000,0.00000,1.00000,3.00000,180.00000,52.00000,12.00000,6.00000,2.00000,2.00000,38656.00000,584.00000
2025-11-17 17:15:04.391458,0.00000,1.00000,3.00000,0.00000,1.00000,3.00000,180.00000,52.00000,12.00000,6.00000,2.00000,2.00000,38656.00000,584.00000
2025-11-17 17:15:05.195373,0.00000,1.00000,3.00000,0.00000,1.00000,3.00000,174.00000,50.00000,10.00000,6.00000,2.00000,2.00000,38656.00000,574.00000
2025-11-17 17:15:06.166355,0.00000,1.00000,3.00000,0.00000,1.00000,3.00000,174.00000,50.00000,10.00000,6.00000,2.00000,2.00000,38656.00000,574.00000
2025-11-17 17:15:06.987407,0.00000,1.00000,3.00000,0.00000,1.00000,3.00000,174.00000,50.00000,10.00000,6.00000,2.00000,2.00000,38656.00000,574.00000
2025-11-17 17:15:07.944567,0.00000,0.00000,3.00000,0.00000,0.00000,3.00000,162.00000,46.00000,8.00000,6.00000,2.00000,2.00000,38656.00000,554.00000
2025-11-17 17:15:08.765097,0.00000,0.00000,3.00000,0.00000,0.00000,3.00000,162.00000,46.00000,8.00000,6.00000,2.00000,2.00000,38656.00000,554.00000
2025-11-17 17:15:09.637072,0.00000,0.00000,3.00000,0.00000,0.00000,3.00000,162.00000,46.00000,8.00000,6.00000,2.00000,2.00000,38656.00000,554.00000
2025-11-17 17:15:10.372382,0.00000,0.00000,3.00000,0.00000,0.00000,3.00000,174.00000,44.00000,8.00000,6.00000,2.00000,2.00000,38656.00000,564.00000
2025-11-17 17:15:11.389788,0.00000,0.00000,3.00000,0.00000,0.00000,3.00000,174.00000,44.00000,8.00000,6.00000,2.00000,2.00000,38656.00000,564.00000
2025-11-17 17:15:12.112354,0.00000,0.00000,3.00000,0.00000,0.00000,3.00000,174.00000,44.00000,8.00000,6.00000,2.00000,2.00000,38656.00000,564.00000
2025-11-17 17:15:13.014066,0.00000,1.00000,3.00000,0.00000,1.00000,3.00000,180.00000,46.00000,10.00000,6.00000,2.00000,2.00000,38656.00000,576.00000
2025-11-17 17:15:13.920735,0.00000,1.00000,3.00000,0.00000,1.00000,3.00000,180.00000,46.00000,10.00000,6.00000,2.00000,2.00000,38656.00000,576.00000
2025-11-17 17:15:14.728386,0.00000,1.00000,3.00000,0.00000,1.00000,3.00000,180.00000,46.00000,10.00000,6.00000,2.00000,2.00000,38656.00000,576.00000
2025-11-17 17:15:15.615592,0.00000,1.00000,2.00000,0.00000,1.00000,2.00000,180.00000,48.00000,12.00000,4.00000,2.00000,2.00000,38656.00000,576.00000
2025-11-17 17:15:16.448668,0.00000,1.00000,2.00000,0.00000,1.00000,2.00000,180.00000,48.00000,12.00000,4.00000,2.00000,2.00000,38656.00000,576.00000
2025-11-17 17:15:17.306972,0.00000,1.00000,2.00000,0.00000,1.00000,2.00000,180.00000,48.00000,12.00000,4.00000,2.00000,2.00000,38656.00000,576.00000
2025-11-17 17:15:18.129073,0.00000,1.00000,3.00000,0.00000,1.00000,3.00000,192.00000,50.00000,12.00000,4.00000,2.00000,2.00000,38656.00000,592.00000
2025-11-17 17:15:19.125214,0.00000,1.00000,3.00000,0.00000,1.00000,3.00000,192.00000,50.00000,12.00000,4.00000,2.00000,2.00000,38656.00000,592.00000
2025-11-17 17:15:19.987829,0.00000,1.00000,3.00000,0.00000,1.00000,3.00000,192.00000,50.00000,12.00000,4.00000,2.00000,2.00000,38656.00000,592.00000
2025-11-17 17:15:20.867445,0.00000,0.00000,2.00000,0.00000,0.00000,2.00000,186.00000,48.00000,8.00000,2.00000,2.00000,2.00000,38656.00000,574.00000
2025-11-17 17:15:21.718938,0.00000,0.00000,2.00000,0.00000,0.00000,2.00000,186.00000,48.00000,8.00000,2.00000,2.00000,2.00000,38656.00000,574.00000
2025-11-17 17:15:22.583058,0.00000,0.00000,2.00000,0.00000,0.00000,2.00000,186.00000,48.00000,8.00000,2.00000,2.00000,2.00000,38656.00000,574.00000
2025-11-17 17:15:23.342222,0.00000,0.00000,2.00000,0.00000,0.00000,2.00000,174.00000,42.00000,8.00000,2.00000,2.00000,2.00000,38656.00000,556.00000
2025-11-17 17:15:24.309498,0.00000,0.00000,2.00000,0.00000,0.00000,2.00000,174.00000,42.00000,8.00000,2.00000,2.00000,2.00000,38656.00000,556.00000
2025-11-17 17:15:25.090071,0.00000,0.00000,2.00000,0.00000,0.00000,2.00000,174.00000,42.00000,8.00000,2.00000,2.00000,2.00000,38656.00000,556.00000
2025-11-17 17:15:25.929729,0.00000,0.00000,2.00000,0.00000,0.00000,2.00000,186.00000,46.00000,8.00000,2.00000,2.00000,2.00000,38656.00000,572.00000
2025-11-17 17:15:26.886213,0.00000,0.00000,2.00000,0.00000,0.00000,2.00000,186.00000,46.00000,8.00000,2.00000,2.00000,2.00000,38656.00000,572.00000
2025-11-17 17:15:27.654629,0.00000,0.00000,1.00000,0.00000,0.00000,1.00000,186.00000,46.00000,8.00000,2.00000,2.00000,2.00000,38656.00000,570.00000
2025-11-17 17:15:28.527745,0.00000,0.00000,0.00000,0.00000,0.00000,0.00000,180.00000,44.00000,8.00000,0.00000,0.00000,0.00000,38656.00000,554.00000
2025-11-17 17:15:29.426215,0.00000,0.00000,0.00000,0.00000,0.00000,0.00000,180.00000,44.00000,8.00000,0.00000,0.00000,0.00000,38656.00000,554.00000
2025-11-17 17:15:30.276998,0.00000,0.00000,0.00000,0.00000,0.00000,0.00000,180.00000,44.00000,8.00000,0.00000,0.00000,0.00000,38656.00000,554.00000
2025-11-17 17:15:31.175038,0.00000,0.00000,0.00000,0.00000,0.00000,0.00000,168.00000,40.00000,8.00000,0.00000,0.00000,0.00000,38656.00000,538.00000
2025-11-17 17:15:32.060980,0.00000,0.00000,0.00000,0.00000,0.00000,0.00000,168.00000,40.00000,8.00000,0.00000,0.00000,0.00000,38656.00000,538.00000
2025-11-17 17:15:32.923003,0.00000,0.00000,0.00000,0.00000,0.00000,0.00000,168.00000,40.00000,8.00000,0.00000,0.00000,0.00000,38656.00000,538.00000
2025-11-17 17:15:33.750615,0.00000,0.00000,0.00000,0.00000,0.00000,0.00000,198.00000,48.00000,10.00000,0.00000,0.00000,0.00000,38656.00000,578.00000
2025-11-17 17:15:34.676137,0.00000,0.00000,0.00000,0.00000,0.00000,0.00000,198.00000,48.00000,10.00000,0.00000,0.00000,0.00000,38656.00000,578.00000
2025-11-17 17:15:35.428604,0.00000,0.00000,0.00000,0.00000,0.00000,0.00000,198.00000,48.00000,10.00000,0.00000,0.00000,0.00000,38656.00000,578.00000
2025-11-17 17:15:36.337085,0.00000,1.00000,1.00000,0.00000,1.00000,1.00000,192.00000,52.00000,10.00000,0.00000,0.00000,0.00000,38656.00000,580.00000
2025-11-17 17:15:37.207964,0.00000,1.00000,1.00000,0.00000,1.00000,1.00000,192.00000,52.00000,10.00000,0.00000,0.00000,0.00000,38656.00000,580.00000
2025-11-17 17:15:38.064758,0.00000,1.00000,1.00000,0.00000,1.00000,1.00000,192.00000,52.00000,10.00000,0.00000,0.00000,0.00000,38656.00000,580.00000
2025-11-17 17:15:38.930266,0.00000,0.00000,0.00000,0.00000,0.00000,0.00000,204.00000,54.00000,8.00000,0.00000,0.00000,0.00000,38656.00000,588.00000
2025-11-17 17:15:39.804445,0.00000,0.00000,0.00000,0.00000,0.00000,0.00000,204.00000,54.00000,8.00000,0.00000,0.00000,0.00000,38656.00000,588.00000
2025-11-17 17:15:40.693043,0.00000,0.00000,0.00000,0.00000,0.00000,0.00000,204.00000,54.00000,8.00000,0.00000,0.00000,0.00000,38656.00000,588.00000
2025-11-17 17:15:41.491018,0.00000,0.00000,0.00000,0.00000,0.00000,0.00000,216.00000,56.00000,6.00000,0.00000,0.00000,0.00000,38656.00000,600.00000
2025-11-17 17:15:42.430583,0.00000,0.00000,0.00000,0.00000,0.00000,0.00000,216.00000,56.00000,6.00000,0.00000,0.00000,0.00000,38656.00000,600.00000
2025-11-17 17:15:43.188920,0.00000,0.00000,0.00000,0.00000,0.00000,0.00000,216.00000,56.00000,6.00000,0.00000,0.00000,0.00000,38656.00000,600.00000
2025-11-17 17:15:44.069141,0.00000,0.00000,0.00000,0.00000,0.00000,0.00000,228.00000,64.00000,6.00000,0.00000,0.00000,0.00000,38656.00000,620.00000
2025-11-17 17:15:45.046125,0.00000,0.00000,0.00000,0.00000,0.00000,0.00000,228.00000,64.00000,6.00000,0.00000,0.00000,0.00000,38656.00000,620.00000
2025-11-17 17:15:45.831650,0.00000,0.00000,0.00000,0.00000,0.00000,0.00000,228.00000,64.00000,6.00000,0.00000,0.00000,0.00000,38656.00000,620.00000
2025-11-17 17:15:46.713258,0.00000,1.00000,3.00000,0.00000,1.00000,3.00000,330.00000,92.00000,28.00000,6.00000,2.00000,2.00000,38656.00000,535.00000
2025-11-17 17:15:47.581217,0.00000,2.00000,3.00000,0.00000,2.00000,3.00000,318.00000,90.00000,30.00000,8.00000,2.00000,2.00000,38656.00000,527.00000
2025-11-17 17:15:48.521630,1.00000,3.00000,5.00000,1.00000,3.00000,5.00000,330.00000,90.00000,34.00000,10.00000,2.00000,2.00000,38656.00000,553.00000
2025-11-17 17:15:49.402419,1.00000,4.00000,5.00000,1.00000,4.00000,5.00000,336.00000,92.00000,34.00000,12.00000,2.00000,2.00000,38656.00000,565.00000
2025-11-17 17:15:50.359085,1.00000,4.00000,6.00000,1.00000,4.00000,6.00000,336.00000,94.00000,38.00000,14.00000,2.00000,2.00000,38656.00000,575.00000
2025-11-17 17:15:51.227957,1.00000,5.00000,6.00000,1.00000,5.00000,6.00000,318.00000,90.00000,40.00000,16.00000,2.00000,2.00000,38656.00000,559.00000
2025-11-17 17:15:52.192158,0.00000,5.00000,7.00000,0.00000,5.00000,7.00000,306.00000,86.00000,42.00000,18.00000,2.00000,2.00000,38656.00000,547.00000
2025-11-17 17:15:53.013277,0.00000,5.00000,7.00000,0.00000,5.00000,7.00000,294.00000,84.00000,44.00000,20.00000,2.00000,2.00000,38656.00000,537.00000
2025-11-17 17:15:53.917649,0.00000,6.00000,7.00000,0.00000,6.00000,7.00000,276.00000,80.00000,44.00000,22.00000,2.00000,2.00000,38656.00000,519.00000
2025-11-17 17:15:54.846089,0.00000,5.00000,7.00000,0.00000,5.00000,7.00000,282.00000,82.00000,50.00000,24.00000,2.00000,2.00000,38656.00000,533.00000
2025-11-17 17:15:55.789869,0.00000,3.00000,3.00000,0.00000,3.00000,3.00000,174.00000,52.00000,30.00000,20.00000,0.00000,0.00000,38656.00000,610.00000
2025-11-17 17:15:56.663143,0.00000,4.00000,4.00000,0.00000,4.00000,4.00000,210.00000,62.00000,30.00000,20.00000,0.00000,0.00000,38656.00000,660.00000
2025-11-17 17:15:57.663122,0.00000,5.00000,5.00000,0.00000,5.00000,5.00000,198.00000,64.00000,32.00000,22.00000,0.00000,0.00000,38656.00000,658.00000
2025-11-17 17:15:58.501173,0.00000,5.00000,5.00000,0.00000,5.00000,5.00000,198.00000,64.00000,32.00000,22.00000,0.00000,0.00000,38656.00000,658.00000
2025-11-17 17:15:59.347451,0.00000,5.00000,5.00000,0.00000,5.00000,5.00000,198.00000,64.00000,32.00000,22.00000,0.00000,0.00000,38656.00000,658.00000
2025-11-17 17:16:00.203109,0.00000,5.00000,5.00000,0.00000,5.00000,5.00000,210.00000,68.00000,30.00000,20.00000,0.00000,0.00000,38656.00000,670.00000
2025-11-17 17:16:01.070837,0.00000,4.00000,4.00000,0.00000,4.00000,4.00000,210.00000,68.00000,30.00000,20.00000,0.00000,0.00000,38656.00000,666.00000
2025-11-17 17:16:01.921879,0.00000,4.00000,4.00000,0.00000,4.00000,4.00000,210.00000,68.00000,30.00000,20.00000,0.00000,0.00000,38656.00000,666.00000
2025-11-17 17:16:02.757297,0.00000,3.00000,3.00000,0.00000,3.00000,3.00000,222.00000,72.00000,26.00000,18.00000,0.00000,0.00000,38656.00000,672.00000
2025-11-17 17:16:03.627674,0.00000,4.00000,4.00000,0.00000,4.00000,4.00000,222.00000,72.00000,26.00000,18.00000,0.00000,0.00000,38656.00000,676.00000
2025-11-17 17:16:04.601203,0.00000,4.00000,4.00000,0.00000,4.00000,4.00000,222.00000,72.00000,26.00000,18.00000,0.00000,0.00000,38656.00000,676.00000
2025-11-17 17:16:05.327864,0.00000,4.00000,4.00000,0.00000,4.00000,4.00000,198.00000,64.00000,22.00000,16.00000,0.00000,0.00000,38656.00000,638.00000
2025-11-17 17:16:06.259372,0.00000,4.00000,4.00000,0.00000,4.00000,4.00000,198.00000,64.00000,22.00000,16.00000,0.00000,0.00000,38656.00000,638.00000
2025-11-17 17:16:07.094316,0.00000,3.00000,3.00000,0.00000,3.00000,3.00000,198.00000,64.00000,22.00000,16.00000,0.00000,0.00000,38656.00000,634.00000
2025-11-17 17:16:07.879933,0.00000,2.00000,2.00000,0.00000,2.00000,2.00000,204.00000,66.00000,22.00000,14.00000,0.00000,0.00000,38656.00000,636.00000
2025-11-17 17:16:08.887264,0.00000,2.00000,2.00000,0.00000,2.00000,2.00000,204.00000,66.00000,22.00000,14.00000,0.00000,0.00000,38656.00000,636.00000
2025-11-17 17:16:09.681320,0.00000,3.00000,3.00000,0.00000,3.00000,3.00000,204.00000,66.00000,22.00000,14.00000,0.00000,0.00000,38656.00000,640.00000
2025-11-17 17:16:10.559749,0.00000,3.00000,3.00000,0.00000,3.00000,3.00000,204.00000,64.00000,20.00000,12.00000,0.00000,0.00000,38656.00000,634.00000
2025-11-17 17:16:11.402100,0.00000,3.00000,3.00000,0.00000,3.00000,3.00000,204.00000,64.00000,20.00000,12.00000,0.00000,0.00000,38656.00000,634.00000
2025-11-17 17:16:12.305710,0.00000,2.00000,2.00000,0.00000,2.00000,2.00000,204.00000,64.00000,20.00000,12.00000,0.00000,0.00000,38656.00000,630.00000
2025-11-17 17:16:13.109464,0.00000,2.00000,2.00000,0.00000,2.00000,2.00000,198.00000,62.00000,18.00000,10.00000,0.00000,0.00000,38656.00000,618.00000
2025-11-17 17:16:14.046064,0.00000,2.00000,2.00000,0.00000,2.00000,2.00000,198.00000,62.00000,18.00000,10.00000,0.00000,0.00000,38656.00000,618.00000
2025-11-17 17:16:14.832131,0.00000,2.00000,2.00000,0.00000,2.00000,2.00000,198.00000,62.00000,18.00000,10.00000,0.00000,0.00000,38656.00000,618.00000
2025-11-17 17:16:15.741323,0.00000,2.00000,2.00000,0.00000,2.00000,2.00000,168.00000,52.00000,12.00000,8.00000,0.00000,0.00000,38656.00000,570.00000
2025-11-17 17:16:16.582153,0.00000,2.00000,2.00000,0.00000,2.00000,2.00000,168.00000,52.00000,12.00000,8.00000,0.00000,0.00000,38656.00000,570.00000
2025-11-17 17:16:17.361265,0.00000,2.00000,2.00000,0.00000,2.00000,2.00000,168.00000,52.00000,12.00000,8.00000,0.00000,0.00000,38656.00000,570.00000
2025-11-17 17:16:18.325222,0.00000,1.00000,1.00000,0.00000,1.00000,1.00000,192.00000,56.00000,10.00000,6.00000,0.00000,0.00000,38656.00000,590.00000
2025-11-17 17:16:19.208670,0.00000,1.00000,1.00000,0.00000,1.00000,1.00000,192.00000,56.00000,10.00000,6.00000,0.00000,0.00000,38656.00000,590.00000
2025-11-17 17:16:20.077394,0.00000,1.00000,1.00000,0.00000,1.00000,1.00000,192.00000,56.00000,10.00000,6.00000,0.00000,0.00000,38656.00000,590.00000
2025-11-17 17:16:20.919199,0.00000,0.00000,0.00000,0.00000,0.00000,0.00000,186.00000,54.00000,12.00000,4.00000,0.00000,0.00000,38656.00000,578.00000
2025-11-17 17:16:21.838086,0.00000,0.00000,0.00000,0.00000,0.00000,0.00000,186.00000,54.00000,12.00000,4.00000,0.00000,0.00000,38656.00000,578.00000
2025-11-17 17:16:22.629276,0.00000,0.00000,0.00000,0.00000,0.00000,0.00000,186.00000,54.00000,12.00000,4.00000,0.00000,0.00000,38656.00000,578.00000
2025-11-17 17:16:23.434328,0.00000,0.00000,0.00000,0.00000,0.00000,0.00000,174.00000,50.00000,6.00000,0.00000,0.00000,0.00000,38656.00000,552.00000
2025-11-17 17:16:24.437680,0.00000,0.00000,0.00000,0.00000,0.00000,0.00000,174.00000,50.00000,6.00000,0.00000,0.00000,0.00000,38656.00000,552.00000
2025-11-17 17:16:25.198124,0.00000,0.00000,0.00000,0.00000,0.00000,0.00000,174.00000,50.00000,6.00000,0.00000,0.00000,0.00000,38656.00000,552.00000
2025-11-17 17:16:26.119580,0.00000,0.00000,0.00000,0.00000,0.00000,0.00000,174.00000,44.00000,6.00000,0.00000,0.00000,0.00000,38656.00000,546.00000
2025-11-17 17:16:26.987318,0.00000,0.00000,0.00000,0.00000,0.00000,0.00000,174.00000,44.00000,6.00000,0.00000,0.00000,0.00000,38656.00000,546.00000
2025-11-17 17:16:27.878409,0.00000,0.00000,0.00000,0.00000,0.00000,0.00000,174.00000,44.00000,6.00000,0.00000,0.00000,0.00000,38656.00000,546.00000
2025-11-17 17:16:28.590512,0.00000,0.00000,0.00000,0.00000,0.00000,0.00000,174.00000,42.00000,6.00000,0.00000,0.00000,0.00000,38656.00000,544.00000
2025-11-17 17:16:29.376363,0.00000,0.00000,0.00000,0.00000,0.00000,0.00000,174.00000,42.00000,6.00000,0.00000,0.00000,0.00000,38656.00000,544.00000
2025-11-17 17:16:30.492471,0.00000,0.00000,0.00000,0.00000,0.00000,0.00000,174.00000,42.00000,6.00000,0.00000,0.00000,0.00000,38656.00000,544.00000
2025-11-17 17:16:31.191120,0.00000,0.00000,0.00000,0.00000,0.00000,0.00000,210.00000,54.00000,6.00000,0.00000,0.00000,0.00000,38656.00000,592.00000
2025-11-17 17:16:32.246884,0.00000,0.00000,0.00000,0.00000,0.00000,0.00000,210.00000,54.00000,6.00000,0.00000,0.00000,0.00000,38656.00000,592.00000
2025-11-17 17:16:32.940270,0.00000,0.00000,0.00000,0.00000,0.00000,0.00000,210.00000,54.00000,6.00000,0.00000,0.00000,0.00000,38656.00000,592.00000
2025-11-17 17:16:33.793327,0.00000,0.00000,0.00000,0.00000,0.00000,0.00000,198.00000,48.00000,4.00000,0.00000,0.00000,0.00000,38656.00000,572.00000
2025-11-17 17:16:34.711166,0.00000,0.00000,0.00000,0.00000,0.00000,0.00000,198.00000,48.00000,4.00000,0.00000,0.00000,0.00000,38656.00000,572.00000
2025-11-17 17:16:35.568255,0.00000,0.00000,0.00000,0.00000,0.00000,0.00000,198.00000,48.00000,4.00000,0.00000,0.00000,0.00000,38656.00000,572.00000
2025-11-17 17:16:36.453294,0.00000,0.00000,0.00000,0.00000,0.00000,0.00000,192.00000,48.00000,4.00000,0.00000,0.00000,0.00000,38656.00000,566.00000
2025-11-17 17:16:37.375045,0.00000,0.00000,0.00000,0.00000,0.00000,0.00000,192.00000,48.00000,4.00000,0.00000,0.00000,0.00000,38656.00000,566.00000
2025-11-17 17:16:38.184309,0.00000,0.00000,0.00000,0.00000,0.00000,0.00000,192.00000,48.00000,4.00000,0.00000,0.00000,0.00000,38656.00000,566.00000
2025-11-17 17:16:38.997693,0.00000,0.00000,0.00000,0.00000,0.00000,0.00000,204.00000,50.00000,4.00000,0.00000,0.00000,0.00000,38656.00000,580.00000
2025-11-17 17:16:39.936223,0.00000,0.00000,0.00000,0.00000,0.00000,0.00000,204.00000,50.00000,4.00000,0.00000,0.00000,0.00000,38656.00000,580.00000
2025-11-17 17:16:40.737167,0.00000,0.00000,0.00000,0.00000,0.00000,0.00000,204.00000,50.00000,4.00000,0.00000,0.00000,0.00000,38656.00000,580.00000
2025-11-17 17:16:41.548774,0.00000,0.00000,0.00000,0.00000,0.00000,0.00000,204.00000,48.00000,4.00000,0.00000,0.00000,0.00000,38656.00000,578.00000
2025-11-17 17:16:42.618093,0.00000,0.00000,0.00000,0.00000,0.00000,0.00000,204.00000,48.00000,4.00000,0.00000,0.00000,0.00000,38656.00000,578.00000
2025-11-17 17:16:43.404883,0.00000,0.00000,0.00000,0.00000,0.00000,0.00000,204.00000,48.00000,4.00000,0.00000,0.00000,0.00000,38656.00000,578.00000
2025-11-17 17:16:44.177173,0.00000,0.00000,0.00000,0.00000,0.00000,0.00000,180.00000,44.00000,4.00000,0.00000,0.00000,0.00000,38656.00000,550.00000
2025-11-17 17:16:45.121039,0.00000,0.00000,0.00000,0.00000,0.00000,0.00000,180.00000,44.00000,4.00000,0.00000,0.00000,0.00000,38656.00000,550.00000
2025-11-17 17:16:45.904384,0.00000,0.00000,0.00000,0.00000,0.00000,0.00000,180.00000,44.00000,4.00000,0.00000,0.00000,0.00000,38656.00000,550.00000
2025-11-17 17:16:46.727185,0.00000,0.00000,0.00000,0.00000,0.00000,0.00000,162.00000,40.00000,2.00000,0.00000,0.00000,0.00000,38656.00000,526.00000
2025-11-17 17:16:47.704823,0.00000,0.00000,0.00000,0.00000,0.00000,0.00000,162.00000,40.00000,2.00000,0.00000,0.00000,0.00000,38656.00000,526.00000
2025-11-17 17:16:48.492274,0.00000,0.00000,0.00000,0.00000,0.00000,0.00000,162.00000,40.00000,2.00000,0.00000,0.00000,0.00000,38656.00000,526.00000
2025-11-17 17:16:49.371769,0.00000,0.00000,0.00000,0.00000,0.00000,0.00000,162.00000,40.00000,2.00000,0.00000,0.00000,0.00000,38656.00000,526.00000
2025-11-17 17:16:50.316712,0.00000,0.00000,0.00000,0.00000,0.00000,0.00000,162.00000,40.00000,2.00000,0.00000,0.00000,0.00000,38656.00000,526.00000
2025-11-17 17:16:51.054535,0.00000,0.00000,0.00000,0.00000,0.00000,0.00000,162.00000,40.00000,2.00000,0.00000,0.00000,0.00000,38656.00000,526.00000
2025-11-17 17:16:51.884289,0.00000,0.00000,0.00000,0.00000,0.00000,0.00000,156.00000,44.00000,2.00000,0.00000,0.00000,0.00000,38656.00000,524.00000
2025-11-17 17:16:52.840751,0.00000,0.00000,0.00000,0.00000,0.00000,0.00000,156.00000,44.00000,2.00000,0.00000,0.00000,0.00000,38656.00000,524.00000
2025-11-17 17:16:53.687899,0.00000,0.00000,0.00000,0.00000,0.00000,0.00000,156.00000,44.00000,2.00000,0.00000,0.00000,0.00000,38656.00000,524.00000
2025-11-17 17:16:54.486892,0.00000,0.00000,0.00000,0.00000,0.00000,0.00000,162.00000,44.00000,2.00000,0.00000,0.00000,0.00000,38656.00000,530.00000
2025-11-17 17:16:55.475534,0.00000,0.00000,0.00000,0.00000,0.00000,0.00000,162.00000,44.00000,2.00000,0.00000,0.00000,0.00000,38656.00000,530.00000
2025-11-17 17:16:56.325144,0.00000,0.00000,0.00000,0.00000,0.00000,0.00000,162.00000,44.00000,2.00000,0.00000,0.00000,0.00000,38656.00000,530.00000
2025-11-17 17:16:57.097998,0.00000,0.00000,0.00000,0.00000,0.00000,0.00000,138.00000,36.00000,4.00000,0.00000,0.00000,0.00000,38656.00000,500.00000
2025-11-17 17:16:58.063160,0.00000,0.00000,0.00000,0.00000,0.00000,0.00000,138.00000,36.00000,4.00000,0.00000,0.00000,0.00000,38656.00000,500.00000
2025-11-17 17:16:58.818940,0.00000,0.00000,0.00000,0.00000,0.00000,0.00000,138.00000,36.00000,4.00000,0.00000,0.00000,0.00000,38656.00000,500.00000
2025-11-17 17:16:59.630366,0.00000,0.00000,0.00000,0.00000,0.00000,0.00000,156.00000,42.00000,4.00000,0.00000,0.00000,0.00000,38656.00000,524.00000
2025-11-17 17:17:00.625424,0.00000,0.00000,0.00000,0.00000,0.00000,0.00000,156.00000,42.00000,4.00000,0.00000,0.00000,0.00000,38656.00000,524.00000
2025-11-17 17:17:01.522934,0.00000,0.00000,0.00000,0.00000,0.00000,0.00000,156.00000,42.00000,4.00000,0.00000,0.00000,0.00000,38656.00000,524.00000
2025-11-17 17:17:02.430206,0.00000,0.00000,0.00000,0.00000,0.00000,0.00000,186.00000,52.00000,4.00000,0.00000,0.00000,0.00000,38656.00000,564.00000
2025-11-17 17:17:03.271463,0.00000,0.00000,0.00000,0.00000,0.00000,0.00000,186.00000,52.00000,4.00000,0.00000,0.00000,0.00000,38656.00000,564.00000
2025-11-17 17:17:04.036786,0.00000,0.00000,0.00000,0.00000,0.00000,0.00000,186.00000,52.00000,4.00000,0.00000,0.00000,0.00000,38656.00000,564.00000
2025-11-17 17:17:04.877795,0.00000,0.00000,0.00000,0.00000,0.00000,0.00000,168.00000,48.00000,4.00000,0.00000,0.00000,0.00000,38656.00000,542.00000
2025-11-17 17:17:05.788609,0.00000,0.00000,0.00000,0.00000,0.00000,0.00000,168.00000,48.00000,4.00000,0.00000,0.00000,0.00000,38656.00000,542.00000
2025-11-17 17:17:06.573418,0.00000,0.00000,0.00000,0.00000,0.00000,0.00000,168.00000,48.00000,4.00000,0.00000,0.00000,0.00000,38656.00000,542.00000
2025-11-17 17:17:07.437976,0.00000,0.00000,0.00000,0.00000,0.00000,0.00000,162.00000,48.00000,6.00000,0.00000,0.00000,0.00000,38656.00000,538.00000
2025-11-17 17:17:08.367722,0.00000,0.00000,0.00000,0.00000,0.00000,0.00000,162.00000,48.00000,6.00000,0.00000,0.00000,0.00000,38656.00000,538.00000
2025-11-17 17:17:09.242288,0.00000,0.00000,0.00000,0.00000,0.00000,0.00000,162.00000,48.00000,6.00000,0.00000,0.00000,0.00000,38656.00000,538.00000
2025-11-17 17:17:10.084137,0.00000,1.00000,1.00000,0.00000,1.00000,1.00000,192.00000,56.00000,8.00000,2.00000,0.00000,0.00000,38656.00000,584.00000
2025-11-17 17:17:11.001280,0.00000,1.00000,1.00000,0.00000,1.00000,1.00000,192.00000,56.00000,8.00000,2.00000,0.00000,0.00000,38656.00000,584.00000
2025-11-17 17:17:11.783560,0.00000,1.00000,1.00000,0.00000,1.00000,1.00000,192.00000,56.00000,8.00000,2.00000,0.00000,0.00000,38656.00000,584.00000
2025-11-17 17:17:12.603287,0.00000,0.00000,0.00000,0.00000,0.00000,0.00000,180.00000,52.00000,6.00000,2.00000,0.00000,0.00000,38656.00000,562.00000
2025-11-17 17:17:13.576425,0.00000,0.00000,0.00000,0.00000,0.00000,0.00000,180.00000,52.00000,6.00000,2.00000,0.00000,0.00000,38656.00000,562.00000
2025-11-17 17:17:14.385047,0.00000,0.00000,0.00000,0.00000,0.00000,0.00000,180.00000,52.00000,6.00000,2.00000,0.00000,0.00000,38656.00000,562.00000
2025-11-17 17:17:15.287719,0.00000,1.00000,1.00000,0.00000,1.00000,1.00000,186.00000,52.00000,6.00000,2.00000,0.00000,0.00000,38656.00000,572.00000
2025-11-17 17:17:16.123048,0.00000,1.00000,1.00000,0.00000,1.00000,1.00000,186.00000,52.00000,6.00000,2.00000,0.00000,0.00000,38656.00000,572.00000
2025-11-17 17:17:17.002946,0.00000,1.00000,1.00000,0.00000,1.00000,1.00000,186.00000,52.00000,6.00000,2.00000,0.00000,0.00000,38656.00000,572.00000
2025-11-17 17:17:17.845339,0.00000,1.00000,1.00000,0.00000,1.00000,1.00000,198.00000,56.00000,8.00000,2.00000,0.00000,0.00000,38656.00000,590.00000
2025-11-17 17:17:18.802497,0.00000,1.00000,1.00000,0.00000,1.00000,1.00000,198.00000,56.00000,8.00000,2.00000,0.00000,0.00000,38656.00000,590.00000
2025-11-17 17:17:19.565168,0.00000,1.00000,1.00000,0.00000,1.00000,1.00000,198.00000,56.00000,8.00000,2.00000,0.00000,0.00000,38656.00000,590.00000
2025-11-17 17:17:20.429795,0.00000,1.00000,1.00000,0.00000,1.00000,1.00000,192.00000,56.00000,8.00000,2.00000,0.00000,0.00000,38656.00000,584.00000
2025-11-17 17:17:21.386579,0.00000,1.00000,1.00000,0.00000,1.00000,1.00000,192.00000,56.00000,8.00000,2.00000,0.00000,0.00000,38656.00000,584.00000
2025-11-17 17:17:22.150936,0.00000,1.00000,1.00000,0.00000,1.00000,1.00000,192.00000,56.00000,8.00000,2.00000,0.00000,0.00000,38656.00000,584.00000
2025-11-17 17:17:22.942493,0.00000,1.00000,1.00000,0.00000,1.00000,1.00000,192.00000,56.00000,6.00000,2.00000,0.00000,0.00000,38656.00000,582.00000
2025-11-17 17:17:23.911887,0.00000,1.00000,1.00000,0.00000,1.00000,1.00000,192.00000,56.00000,6.00000,2.00000,0.00000,0.00000,38656.00000,582.00000
2025-11-17 17:17:24.757082,0.00000,1.00000,1.00000,0.00000,1.00000,1.00000,192.00000,56.00000,6.00000,2.00000,0.00000,0.00000,38656.00000,582.00000
2025-11-17 17:17:25.548541,0.00000,1.00000,1.00000,0.00000,1.00000,1.00000,198.00000,56.00000,8.00000,4.00000,0.00000,0.00000,38656.00000,592.00000
2025-11-17 17:17:26.545736,0.00000,1.00000,1.00000,0.00000,1.00000,1.00000,198.00000,56.00000,8.00000,4.00000,0.00000,0.00000,38656.00000,592.00000
2025-11-17 17:17:27.427843,0.00000,1.00000,1.00000,0.00000,1.00000,1.00000,198.00000,56.00000,8.00000,4.00000,0.00000,0.00000,38656.00000,592.00000
2025-11-17 17:17:28.179833,0.00000,1.00000,1.00000,0.00000,1.00000,1.00000,186.00000,48.00000,10.00000,4.00000,0.00000,0.00000,38656.00000,574.00000
2025-11-17 17:17:29.101414,0.00000,1.00000,1.00000,0.00000,1.00000,1.00000,186.00000,48.00000,10.00000,4.00000,0.00000,0.00000,38656.00000,574.00000
2025-11-17 17:17:29.904745,0.00000,1.00000,1.00000,0.00000,1.00000,1.00000,186.00000,48.00000,10.00000,4.00000,0.00000,0.00000,38656.00000,574.00000
2025-11-17 17:17:30.700613,0.00000,1.00000,1.00000,0.00000,1.00000,1.00000,198.00000,52.00000,12.00000,4.00000,0.00000,0.00000,38656.00000,592.00000
2025-11-17 17:17:31.663060,0.00000,1.00000,1.00000,0.00000,1.00000,1.00000,198.00000,52.00000,12.00000,4.00000,0.00000,0.00000,38656.00000,592.00000
2025-11-17 17:17:32.513853,0.00000,1.00000,1.00000,0.00000,1.00000,1.00000,198.00000,52.00000,12.00000,4.00000,0.00000,0.00000,38656.00000,592.00000
2025-11-17 17:17:33.474469,0.00000,1.00000,1.00000,0.00000,1.00000,1.00000,204.00000,54.00000,10.00000,4.00000,0.00000,0.00000,38656.00000,598.00000
2025-11-17 17:17:34.282672,0.00000,1.00000,1.00000,0.00000,1.00000,1.00000,204.00000,54.00000,10.00000,4.00000,0.00000,0.00000,38656.00000,598.00000
2025-11-17 17:17:35.036287,0.00000,1.00000,1.00000,0.00000,1.00000,1.00000,204.00000,54.00000,10.00000,4.00000,0.00000,0.00000,38656.00000,598.00000
2025-11-17 17:17:35.914472,0.00000,1.00000,1.00000,0.00000,1.00000,1.00000,198.00000,52.00000,8.00000,2.00000,0.00000,0.00000,38656.00000,586.00000
2025-11-17 17:17:36.788768,0.00000,1.00000,1.00000,0.00000,1.00000,1.00000,198.00000,52.00000,8.00000,2.00000,0.00000,0.00000,38656.00000,586.00000
2025-11-17 17:17:37.637759,0.00000,1.00000,1.00000,0.00000,1.00000,1.00000,198.00000,52.00000,8.00000,2.00000,0.00000,0.00000,38656.00000,586.00000
2025-11-17 17:17:38.519633,0.00000,1.00000,1.00000,0.00000,1.00000,1.00000,228.00000,58.00000,10.00000,2.00000,0.00000,0.00000,38656.00000,624.00000
2025-11-17 17:17:39.509721,0.00000,0.00000,0.00000,0.00000,0.00000,0.00000,228.00000,58.00000,10.00000,2.00000,0.00000,0.00000,38656.00000,620.00000
2025-11-17 17:17:40.317261,0.00000,0.00000,0.00000,0.00000,0.00000,0.00000,228.00000,58.00000,10.00000,2.00000,0.00000,0.00000,38656.00000,620.00000
2025-11-17 17:17:41.179709,0.00000,0.00000,0.00000,0.00000,0.00000,0.00000,246.00000,64.00000,12.00000,2.00000,0.00000,0.00000,38656.00000,646.00000
2025-11-17 17:17:42.033440,0.00000,1.00000,1.00000,0.00000,1.00000,1.00000,246.00000,64.00000,12.00000,2.00000,0.00000,0.00000,38656.00000,650.00000
2025-11-17 17:17:42.876045,0.00000,1.00000,1.00000,0.00000,1.00000,1.00000,246.00000,64.00000,12.00000,2.00000,0.00000,0.00000,38656.00000,650.00000
2025-11-17 17:17:43.690349,0.00000,1.00000,1.00000,0.00000,1.00000,1.00000,240.00000,62.00000,12.00000,2.00000,0.00000,0.00000,38656.00000,642.00000
2025-11-17 17:17:44.611551,0.00000,1.00000,1.00000,0.00000,1.00000,1.00000,240.00000,62.00000,12.00000,2.00000,0.00000,0.00000,38656.00000,642.00000
2025-11-17 17:17:45.430427,0.00000,1.00000,1.00000,0.00000,1.00000,1.00000,240.00000,62.00000,12.00000,2.00000,0.00000,0.00000,38656.00000,642.00000
2025-11-17 17:17:46.304554,0.00000,1.00000,1.00000,0.00000,1.00000,1.00000,240.00000,64.00000,12.00000,2.00000,0.00000,0.00000,38656.00000,644.00000
2025-11-17 17:17:47.278312,0.00000,1.00000,1.00000,0.00000,1.00000,1.00000,240.00000,64.00000,12.00000,2.00000,0.00000,0.00000,38656.00000,644.00000
2025-11-17 17:17:48.041086,0.00000,1.00000,1.00000,0.00000,1.00000,1.00000,240.00000,64.00000,12.00000,2.00000,0.00000,0.00000,38656.00000,644.00000
2025-11-17 17:17:48.885782,0.00000,1.00000,1.00000,0.00000,1.00000,1.00000,234.00000,62.00000,12.00000,2.00000,0.00000,0.00000,38656.00000,636.00000
2025-11-17 17:17:49.796040,0.00000,1.00000,1.00000,0.00000,1.00000,1.00000,234.00000,62.00000,12.00000,2.00000,0.00000,0.00000,38656.00000,636.00000
2025-11-17 17:17:50.601330,0.00000,1.00000,1.00000,0.00000,1.00000,1.00000,234.00000,62.00000,12.00000,2.00000,0.00000,0.00000,38656.00000,636.00000
2025-11-17 17:17:51.425649,0.00000,1.00000,1.00000,0.00000,1.00000,1.00000,234.00000,62.00000,12.00000,2.00000,0.00000,0.00000,38656.00000,636.00000
2025-11-17 17:17:52.445459,0.00000,1.00000,1.00000,0.00000,1.00000,1.00000,234.00000,62.00000,12.00000,2.00000,0.00000,0.00000,38656.00000,636.00000
2025-11-17 17:17:53.323490,0.00000,1.00000,1.00000,0.00000,1.00000,1.00000,234.00000,62.00000,12.00000,2.00000,0.00000,0.00000,38656.00000,636.00000
2025-11-17 17:17:54.060705,0.00000,1.00000,2.00000,0.00000,1.00000,2.00000,234.00000,66.00000,14.00000,4.00000,0.00000,0.00000,38656.00000,646.00000
2025-11-17 17:17:54.986025,0.00000,1.00000,2.00000,0.00000,1.00000,2.00000,234.00000,66.00000,14.00000,4.00000,0.00000,0.00000,38656.00000,646.00000
2025-11-17 17:17:55.795855,0.00000,1.00000,2.00000,0.00000,1.00000,2.00000,234.00000,66.00000,14.00000,4.00000,0.00000,0.00000,38656.00000,646.00000
2025-11-17 17:17:56.603534,0.00000,2.00000,2.00000,0.00000,2.00000,2.00000,240.00000,68.00000,14.00000,6.00000,0.00000,0.00000,38656.00000,658.00000
2025-11-17 17:17:57.673112,0.00000,2.00000,2.00000,0.00000,2.00000,2.00000,240.00000,68.00000,14.00000,6.00000,0.00000,0.00000,38656.00000,658.00000
2025-11-17 17:17:58.420486,0.00000,2.00000,2.00000,0.00000,2.00000,2.00000,240.00000,68.00000,14.00000,6.00000,0.00000,0.00000,38656.00000,658.00000
2025-11-17 17:17:59.379907,0.00000,2.00000,2.00000,0.00000,2.00000,2.00000,240.00000,68.00000,14.00000,6.00000,0.00000,0.00000,38656.00000,658.00000
2025-11-17 17:18:00.115724,0.00000,2.00000,2.00000,0.00000,2.00000,2.00000,240.00000,68.00000,14.00000,6.00000,0.00000,0.00000,38656.00000,658.00000
2025-11-17 17:18:01.037154,0.00000,2.00000,2.00000,0.00000,2.00000,2.00000,240.00000,68.00000,14.00000,6.00000,0.00000,0.00000,38656.00000,658.00000
2025-11-17 17:18:01.809906,0.00000,1.00000,2.00000,0.00000,1.00000,2.00000,210.00000,60.00000,14.00000,6.00000,0.00000,0.00000,38656.00000,618.00000
2025-11-17 17:18:02.809077,0.00000,1.00000,2.00000,0.00000,1.00000,2.00000,210.00000,60.00000,14.00000,6.00000,0.00000,0.00000,38656.00000,618.00000
2025-11-17 17:18:03.629641,0.00000,1.00000,2.00000,0.00000,1.00000,2.00000,210.00000,60.00000,14.00000,6.00000,0.00000,0.00000,38656.00000,618.00000
2025-11-17 17:18:04.421862,0.00000,1.00000,2.00000,0.00000,1.00000,2.00000,186.00000,56.00000,14.00000,6.00000,0.00000,0.00000,38656.00000,590.00000
2025-11-17 17:18:05.408023,0.00000,1.00000,2.00000,0.00000,1.00000,2.00000,186.00000,56.00000,14.00000,6.00000,0.00000,0.00000,38656.00000,590.00000
2025-11-17 17:18:06.236164,0.00000,1.00000,2.00000,0.00000,1.00000,2.00000,186.00000,56.00000,14.00000,6.00000,0.00000,0.00000,38656.00000,590.00000
2025-11-17 17:18:06.948598,0.00000,1.00000,2.00000,0.00000,1.00000,2.00000,180.00000,48.00000,12.00000,6.00000,0.00000,0.00000,38656.00000,574.00000
2025-11-17 17:18:07.971723,0.00000,1.00000,2.00000,0.00000,1.00000,2.00000,180.00000,48.00000,12.00000,6.00000,0.00000,0.00000,38656.00000,574.00000
2025-11-17 17:18:08.688469,0.00000,1.00000,2.00000,0.00000,1.00000,2.00000,180.00000,48.00000,12.00000,6.00000,0.00000,0.00000,38656.00000,574.00000
2025-11-17 17:18:09.600638,0.00000,1.00000,2.00000,0.00000,1.00000,2.00000,180.00000,48.00000,12.00000,6.00000,0.00000,0.00000,38656.00000,574.00000
2025-11-17 17:18:10.532369,0.00000,1.00000,2.00000,0.00000,1.00000,2.00000,180.00000,48.00000,12.00000,6.00000,0.00000,0.00000,38656.00000,574.00000
2025-11-17 17:18:11.391432,0.00000,1.00000,2.00000,0.00000,1.00000,2.00000,180.00000,48.00000,12.00000,6.00000,0.00000,0.00000,38656.00000,574.00000
2025-11-17 17:18:12.205296,0.00000,1.00000,2.00000,0.00000,1.00000,2.00000,162.00000,42.00000,12.00000,6.00000,0.00000,0.00000,38656.00000,550.00000
2025-11-17 17:18:13.162624,0.00000,1.00000,2.00000,0.00000,1.00000,2.00000,162.00000,42.00000,12.00000,6.00000,0.00000,0.00000,38656.00000,550.00000
2025-11-17 17:18:13.933575,0.00000,1.00000,2.00000,0.00000,1.00000,2.00000,162.00000,42.00000,12.00000,6.00000,0.00000,0.00000,38656.00000,550.00000
2025-11-17 17:18:14.845498,0.00000,1.00000,2.00000,0.00000,1.00000,2.00000,186.00000,42.00000,12.00000,6.00000,0.00000,0.00000,38656.00000,574.00000
2025-11-17 17:18:15.654842,0.00000,1.00000,2.00000,0.00000,1.00000,2.00000,186.00000,42.00000,12.00000,6.00000,0.00000,0.00000,38656.00000,574.00000
2025-11-17 17:18:16.588587,0.00000,1.00000,2.00000,0.00000,1.00000,2.00000,186.00000,42.00000,12.00000,6.00000,0.00000,0.00000,38656.00000,574.00000
2025-11-17 17:18:17.353019,0.00000,0.00000,0.00000,0.00000,0.00000,0.00000,186.00000,44.00000,10.00000,4.00000,0.00000,0.00000,38656.00000,566.00000
2025-11-17 17:18:18.303701,0.00000,0.00000,0.00000,0.00000,0.00000,0.00000,186.00000,44.00000,10.00000,4.00000,0.00000,0.00000,38656.00000,566.00000
2025-11-17 17:18:19.177362,0.00000,0.00000,0.00000,0.00000,0.00000,0.00000,186.00000,44.00000,10.00000,4.00000,0.00000,0.00000,38656.00000,566.00000
2025-11-17 17:18:20.002343,0.00000,0.00000,0.00000,0.00000,0.00000,0.00000,180.00000,40.00000,6.00000,2.00000,0.00000,0.00000,38656.00000,550.00000
2025-11-17 17:18:20.913737,0.00000,0.00000,0.00000,0.00000,0.00000,0.00000,180.00000,40.00000,6.00000,2.00000,0.00000,0.00000,38656.00000,550.00000
2025-11-17 17:18:21.707551,0.00000,0.00000,0.00000,0.00000,0.00000,0.00000,180.00000,40.00000,6.00000,2.00000,0.00000,0.00000,38656.00000,550.00000
2025-11-17 17:18:22.484521,0.00000,0.00000,0.00000,0.00000,0.00000,0.00000,186.00000,38.00000,8.00000,0.00000,0.00000,0.00000,38656.00000,554.00000
2025-11-17 17:18:23.496949,0.00000,0.00000,0.00000,0.00000,0.00000,0.00000,186.00000,38.00000,8.00000,0.00000,0.00000,0.00000,38656.00000,554.00000
2025-11-17 17:18:24.247449,0.00000,0.00000,0.00000,0.00000,0.00000,0.00000,186.00000,38.00000,8.00000,0.00000,0.00000,0.00000,38656.00000,554.00000
2025-11-17 17:18:25.185977,0.00000,0.00000,0.00000,0.00000,0.00000,0.00000,204.00000,42.00000,8.00000,0.00000,0.00000,0.00000,38656.00000,576.00000
2025-11-17 17:18:26.006925,0.00000,0.00000,0.00000,0.00000,0.00000,0.00000,204.00000,42.00000,8.00000,0.00000,0.00000,0.00000,38656.00000,576.00000
2025-11-17 17:18:26.925198,0.00000,0.00000,0.00000,0.00000,0.00000,0.00000,204.00000,42.00000,8.00000,0.00000,0.00000,0.00000,38656.00000,576.00000
2025-11-17 17:18:27.747475,0.00000,0.00000,0.00000,0.00000,0.00000,0.00000,216.00000,46.00000,8.00000,0.00000,0.00000,0.00000,38656.00000,592.00000
2025-11-17 17:18:28.687532,0.00000,0.00000,0.00000,0.00000,0.00000,0.00000,216.00000,46.00000,8.00000,0.00000,0.00000,0.00000,38656.00000,592.00000
2025-11-17 17:18:29.479203,0.00000,0.00000,0.00000,0.00000,0.00000,0.00000,216.00000,46.00000,8.00000,0.00000,0.00000,0.00000,38656.00000,592.00000
2025-11-17 17:18:30.395281,0.00000,0.00000,0.00000,0.00000,0.00000,0.00000,234.00000,50.00000,6.00000,0.00000,0.00000,0.00000,38656.00000,612.00000
2025-11-17 17:18:31.252164,0.00000,0.00000,0.00000,0.00000,0.00000,0.00000,234.00000,50.00000,6.00000,0.00000,0.00000,0.00000,38656.00000,612.00000
2025-11-17 17:18:32.098815,0.00000,0.00000,0.00000,0.00000,0.00000,0.00000,234.00000,50.00000,6.00000,0.00000,0.00000,0.00000,38656.00000,612.00000
2025-11-17 17:18:32.887732,0.00000,1.00000,1.00000,0.00000,1.00000,1.00000,228.00000,56.00000,8.00000,0.00000,0.00000,0.00000,38656.00000,618.00000
2025-11-17 17:18:33.604863,0.00000,1.00000,1.00000,0.00000,1.00000,1.00000,228.00000,56.00000,8.00000,0.00000,0.00000,0.00000,38656.00000,618.00000
2025-11-17 17:18:34.574685,0.00000,1.00000,1.00000,0.00000,1.00000,1.00000,228.00000,56.00000,8.00000,0.00000,0.00000,0.00000,38656.00000,618.00000
2025-11-17 17:18:35.426573,0.00000,1.00000,1.00000,0.00000,1.00000,1.00000,240.00000,58.00000,6.00000,0.00000,0.00000,0.00000,38656.00000,630.00000
2025-11-17 17:18:36.438663,0.00000,1.00000,1.00000,0.00000,1.00000,1.00000,240.00000,58.00000,6.00000,0.00000,0.00000,0.00000,38656.00000,630.00000
2025-11-17 17:18:37.279227,0.00000,1.00000,1.00000,0.00000,1.00000,1.00000,240.00000,58.00000,6.00000,0.00000,0.00000,0.00000,38656.00000,630.00000
2025-11-17 17:18:38.076498,0.00000,1.00000,1.00000,0.00000,1.00000,1.00000,246.00000,60.00000,8.00000,0.00000,0.00000,0.00000,38656.00000,640.00000
2025-11-17 17:18:38.968586,0.00000,1.00000,1.00000,0.00000,1.00000,1.00000,246.00000,60.00000,8.00000,0.00000,0.00000,0.00000,38656.00000,640.00000
2025-11-17 17:18:39.800174,0.00000,1.00000,1.00000,0.00000,1.00000,1.00000,246.00000,60.00000,8.00000,0.00000,0.00000,0.00000,38656.00000,640.00000
2025-11-17 17:18:40.593767,0.00000,1.00000,1.00000,0.00000,1.00000,1.00000,222.00000,60.00000,10.00000,0.00000,0.00000,0.00000,38656.00000,618.00000
2025-11-17 17:18:41.549052,0.00000,1.00000,1.00000,0.00000,1.00000,1.00000,222.00000,60.00000,10.00000,0.00000,0.00000,0.00000,38656.00000,618.00000
2025-11-17 17:18:42.402338,0.00000,1.00000,1.00000,0.00000,1.00000,1.00000,222.00000,60.00000,10.00000,0.00000,0.00000,0.00000,38656.00000,618.00000
2025-11-17 17:18:43.272855,0.00000,1.00000,1.00000,0.00000,1.00000,1.00000,210.00000,58.00000,10.00000,0.00000,0.00000,0.00000,38656.00000,604.00000
2025-11-17 17:18:44.196799,0.00000,1.00000,1.00000,0.00000,1.00000,1.00000,210.00000,58.00000,10.00000,0.00000,0.00000,0.00000,38656.00000,604.00000
2025-11-17 17:18:45.041335,0.00000,1.00000,1.00000,0.00000,1.00000,1.00000,210.00000,58.00000,10.00000,0.00000,0.00000,0.00000,38656.00000,604.00000
2025-11-17 17:18:45.806814,0.00000,1.00000,1.00000,0.00000,1.00000,1.00000,204.00000,58.00000,10.00000,0.00000,0.00000,0.00000,38656.00000,598.00000
2025-11-17 17:18:46.786146,0.00000,1.00000,1.00000,0.00000,1.00000,1.00000,204.00000,58.00000,10.00000,0.00000,0.00000,0.00000,38656.00000,598.00000
2025-11-17 17:18:47.554308,0.00000,1.00000,1.00000,0.00000,1.00000,1.00000,204.00000,58.00000,10.00000,0.00000,0.00000,0.00000,38656.00000,598.00000
2025-11-17 17:18:48.371175,0.00000,1.00000,1.00000,0.00000,1.00000,1.00000,186.00000,56.00000,6.00000,0.00000,0.00000,0.00000,38656.00000,574.00000
2025-11-17 17:18:49.374971,0.00000,1.00000,1.00000,0.00000,1.00000,1.00000,186.00000,56.00000,6.00000,0.00000,0.00000,0.00000,38656.00000,574.00000
2025-11-17 17:18:50.232169,0.00000,1.00000,1.00000,0.00000,1.00000,1.00000,186.00000,56.00000,6.00000,0.00000,0.00000,0.00000,38656.00000,574.00000
2025-11-17 17:18:51.055715,0.00000,1.00000,1.00000,0.00000,1.00000,1.00000,174.00000,54.00000,8.00000,0.00000,0.00000,0.00000,38656.00000,562.00000
2025-11-17 17:18:51.937579,0.00000,1.00000,1.00000,0.00000,1.00000,1.00000,174.00000,54.00000,8.00000,0.00000,0.00000,0.00000,38656.00000,562.00000
2025-11-17 17:18:52.804242,0.00000,1.00000,1.00000,0.00000,1.00000,1.00000,174.00000,54.00000,8.00000,0.00000,0.00000,0.00000,38656.00000,562.00000
2025-11-17 17:18:53.554607,0.00000,1.00000,1.00000,0.00000,1.00000,1.00000,180.00000,56.00000,8.00000,0.00000,0.00000,0.00000,38656.00000,570.00000
2025-11-17 17:18:54.551009,0.00000,1.00000,1.00000,0.00000,1.00000,1.00000,180.00000,56.00000,8.00000,0.00000,0.00000,0.00000,38656.00000,570.00000
2025-11-17 17:18:55.342088,0.00000,1.00000,1.00000,0.00000,1.00000,1.00000,180.00000,56.00000,8.00000,0.00000,0.00000,0.00000,38656.00000,570.00000
2025-11-17 17:18:56.177746,0.00000,1.00000,1.00000,0.00000,1.00000,1.00000,168.00000,50.00000,8.00000,0.00000,0.00000,0.00000,38656.00000,552.00000
2025-11-17 17:18:57.128125,0.00000,1.00000,1.00000,0.00000,1.00000,1.00000,168.00000,50.00000,8.00000,0.00000,0.00000,0.00000,38656.00000,552.00000
2025-11-17 17:18:57.896117,0.00000,1.00000,1.00000,0.00000,1.00000,1.00000,168.00000,50.00000,8.00000,0.00000,0.00000,0.00000,38656.00000,552.00000
2025-11-17 17:18:58.769314,0.00000,0.00000,0.00000,0.00000,0.00000,0.00000,156.00000,46.00000,6.00000,0.00000,0.00000,0.00000,38656.00000,530.00000
2025-11-17 17:18:59.640047,0.00000,0.00000,0.00000,0.00000,0.00000,0.00000,156.00000,46.00000,6.00000,0.00000,0.00000,0.00000,38656.00000,530.00000
2025-11-17 17:19:00.472696,0.00000,0.00000,0.00000,0.00000,0.00000,0.00000,156.00000,46.00000,6.00000,0.00000,0.00000,0.00000,38656.00000,530.00000
2025-11-17 17:19:01.323129,0.00000,0.00000,0.00000,0.00000,0.00000,0.00000,120.00000,36.00000,6.00000,0.00000,0.00000,0.00000,38656.00000,484.00000
2025-11-17 17:19:02.334695,0.00000,0.00000,0.00000,0.00000,0.00000,0.00000,120.00000,36.00000,6.00000,0.00000,0.00000,0.00000,38656.00000,484.00000
2025-11-17 17:19:03.090298,0.00000,0.00000,0.00000,0.00000,0.00000,0.00000,120.00000,36.00000,6.00000,0.00000,0.00000,0.00000,38656.00000,484.00000
2025-11-17 17:19:04.034775,0.00000,0.00000,0.00000,0.00000,0.00000,0.00000,126.00000,36.00000,4.00000,0.00000,0.00000,0.00000,38656.00000,488.00000
2025-11-17 17:19:04.823120,0.00000,0.00000,0.00000,0.00000,0.00000,0.00000,126.00000,36.00000,4.00000,0.00000,0.00000,0.00000,38656.00000,488.00000
2025-11-17 17:19:05.690514,0.00000,0.00000,0.00000,0.00000,0.00000,0.00000,126.00000,36.00000,4.00000,0.00000,0.00000,0.00000,38656.00000,488.00000
2025-11-17 17:19:06.480183,0.00000,0.00000,0.00000,0.00000,0.00000,0.00000,132.00000,38.00000,4.00000,0.00000,0.00000,0.00000,38656.00000,496.00000
2025-11-17 17:19:07.438545,0.00000,0.00000,0.00000,0.00000,0.00000,0.00000,132.00000,38.00000,4.00000,0.00000,0.00000,0.00000,38656.00000,496.00000
2025-11-17 17:19:08.293020,0.00000,0.00000,0.00000,0.00000,0.00000,0.00000,132.00000,38.00000,4.00000,0.00000,0.00000,0.00000,38656.00000,496.00000
2025-11-17 17:19:09.233503,0.00000,0.00000,0.00000,0.00000,0.00000,0.00000,162.00000,40.00000,4.00000,0.00000,0.00000,0.00000,38656.00000,528.00000
2025-11-17 17:19:10.071486,0.00000,0.00000,0.00000,0.00000,0.00000,0.00000,162.00000,40.00000,4.00000,0.00000,0.00000,0.00000,38656.00000,528.00000
2025-11-17 17:19:10.840495,0.00000,0.00000,0.00000,0.00000,0.00000,0.00000,162.00000,40.00000,4.00000,0.00000,0.00000,0.00000,38656.00000,528.00000
2025-11-17 17:19:11.706950,0.00000,0.00000,0.00000,0.00000,0.00000,0.00000,192.00000,44.00000,4.00000,0.00000,0.00000,0.00000,38656.00000,562.00000
2025-11-17 17:19:12.635178,0.00000,0.00000,0.00000,0.00000,0.00000,0.00000,192.00000,44.00000,4.00000,0.00000,0.00000,0.00000,38656.00000,562.00000
2025-11-17 17:19:13.412352,0.00000,0.00000,0.00000,0.00000,0.00000,0.00000,192.00000,44.00000,4.00000,0.00000,0.00000,0.00000,38656.00000,562.00000
2025-11-17 17:19:14.293813,0.00000,0.00000,0.00000,0.00000,0.00000,0.00000,192.00000,42.00000,4.00000,0.00000,0.00000,0.00000,38656.00000,560.00000
2025-11-17 17:19:15.236919,0.00000,0.00000,0.00000,0.00000,0.00000,0.00000,192.00000,42.00000,4.00000,0.00000,0.00000,0.00000,38656.00000,560.00000
2025-11-17 17:19:16.043326,0.00000,0.00000,0.00000,0.00000,0.00000,0.00000,192.00000,42.00000,4.00000,0.00000,0.00000,0.00000,38656.00000,560.00000
2025-11-17 17:19:16.928828,0.00000,0.00000,0.00000,0.00000,0.00000,0.00000,198.00000,44.00000,2.00000,0.00000,0.00000,0.00000,38656.00000,566.00000
2025-11-17 17:19:17.765249,0.00000,0.00000,0.00000,0.00000,0.00000,0.00000,198.00000,44.00000,2.00000,0.00000,0.00000,0.00000,38656.00000,566.00000
2025-11-17 17:19:18.629394,0.00000,0.00000,0.00000,0.00000,0.00000,0.00000,198.00000,44.00000,2.00000,0.00000,0.00000,0.00000,38656.00000,566.00000
2025-11-17 17:19:19.430698,0.00000,0.00000,0.00000,0.00000,0.00000,0.00000,192.00000,42.00000,2.00000,0.00000,0.00000,0.00000,38656.00000,558.00000
2025-11-17 17:19:20.381211,0.00000,0.00000,0.00000,0.00000,0.00000,0.00000,192.00000,42.00000,2.00000,0.00000,0.00000,0.00000,38656.00000,558.00000
2025-11-17 17:19:21.259993,0.00000,0.00000,0.00000,0.00000,0.00000,0.00000,192.00000,42.00000,2.00000,0.00000,0.00000,0.00000,38656.00000,558.00000
2025-11-17 17:19:22.139052,0.00000,0.00000,0.00000,0.00000,0.00000,0.00000,186.00000,44.00000,6.00000,0.00000,0.00000,0.00000,38656.00000,558.00000
2025-11-17 17:19:23.002760,0.00000,0.00000,0.00000,0.00000,0.00000,0.00000,186.00000,44.00000,6.00000,0.00000,0.00000,0.00000,38656.00000,558.00000
2025-11-17 17:19:23.866547,0.00000,0.00000,0.00000,0.00000,0.00000,0.00000,186.00000,44.00000,6.00000,0.00000,0.00000,0.00000,38656.00000,558.00000
2025-11-17 17:19:24.620637,0.00000,0.00000,0.00000,0.00000,0.00000,0.00000,174.00000,40.00000,6.00000,0.00000,0.00000,0.00000,38656.00000,542.00000
2025-11-17 17:19:25.626560,0.00000,0.00000,0.00000,0.00000,0.00000,0.00000,174.00000,40.00000,6.00000,0.00000,0.00000,0.00000,38656.00000,542.00000
2025-11-17 17:19:26.363025,0.00000,0.00000,0.00000,0.00000,0.00000,0.00000,174.00000,40.00000,6.00000,0.00000,0.00000,0.00000,38656.00000,542.00000
2025-11-17 17:19:27.228853,0.00000,1.00000,1.00000,0.00000,1.00000,1.00000,204.00000,50.00000,12.00000,0.00000,0.00000,0.00000,38656.00000,592.00000
2025-11-17 17:19:28.168921,0.00000,1.00000,1.00000,0.00000,1.00000,1.00000,204.00000,50.00000,12.00000,0.00000,0.00000,0.00000,38656.00000,592.00000
2025-11-17 17:19:29.012288,0.00000,1.00000,1.00000,0.00000,1.00000,1.00000,204.00000,50.00000,12.00000,0.00000,0.00000,0.00000,38656.00000,592.00000
2025-11-17 17:19:29.848522,0.00000,1.00000,1.00000,0.00000,1.00000,1.00000,186.00000,46.00000,12.00000,0.00000,0.00000,0.00000,38656.00000,570.00000
2025-11-17 17:19:30.688562,0.00000,1.00000,1.00000,0.00000,1.00000,1.00000,186.00000,46.00000,12.00000,0.00000,0.00000,0.00000,38656.00000,570.00000
2025-11-17 17:19:31.550279,0.00000,1.00000,1.00000,0.00000,1.00000,1.00000,186.00000,46.00000,12.00000,0.00000,0.00000,0.00000,38656.00000,570.00000
2025-11-17 17:19:32.391258,0.00000,0.00000,0.00000,0.00000,0.00000,0.00000,186.00000,44.00000,10.00000,0.00000,0.00000,0.00000,38656.00000,562.00000
2025-11-17 17:19:33.344801,0.00000,0.00000,0.00000,0.00000,0.00000,0.00000,186.00000,44.00000,10.00000,0.00000,0.00000,0.00000,38656.00000,562.00000
2025-11-17 17:19:34.253141,0.00000,0.00000,0.00000,0.00000,0.00000,0.00000,186.00000,44.00000,10.00000,0.00000,0.00000,0.00000,38656.00000,562.00000
2025-11-17 17:19:35.131638,0.00000,0.00000,0.00000,0.00000,0.00000,0.00000,150.00000,40.00000,12.00000,0.00000,0.00000,0.00000,38656.00000,524.00000
2025-11-17 17:19:35.876932,0.00000,0.00000,0.00000,0.00000,0.00000,0.00000,150.00000,40.00000,12.00000,0.00000,0.00000,0.00000,38656.00000,524.00000
2025-11-17 17:19:36.768029,0.00000,0.00000,0.00000,0.00000,0.00000,0.00000,150.00000,40.00000,12.00000,0.00000,0.00000,0.00000,38656.00000,524.00000
2025-11-17 17:19:37.568442,0.00000,0.00000,0.00000,0.00000,0.00000,0.00000,120.00000,34.00000,12.00000,0.00000,0.00000,0.00000,38656.00000,488.00000
2025-11-17 17:19:38.557082,0.00000,0.00000,0.00000,0.00000,0.00000,0.00000,120.00000,34.00000,12.00000,0.00000,0.00000,0.00000,38656.00000,488.00000
2025-11-17 17:19:39.285215,0.00000,0.00000,0.00000,0.00000,0.00000,0.00000,120.00000,34.00000,12.00000,0.00000,0.00000,0.00000,38656.00000,488.00000
2025-11-17 17:19:40.123620,0.00000,0.00000,0.00000,0.00000,0.00000,0.00000,138.00000,40.00000,12.00000,0.00000,0.00000,0.00000,38656.00000,512.00000
2025-11-17 17:19:41.137091,0.00000,0.00000,0.00000,0.00000,0.00000,0.00000,138.00000,40.00000,12.00000,0.00000,0.00000,0.00000,38656.00000,512.00000
2025-11-17 17:19:41.897364,0.00000,0.00000,0.00000,0.00000,0.00000,0.00000,138.00000,40.00000,12.00000,0.00000,0.00000,0.00000,38656.00000,512.00000
2025-11-17 17:19:42.759341,0.00000,0.00000,0.00000,0.00000,0.00000,0.00000,132.00000,38.00000,12.00000,0.00000,0.00000,0.00000,38656.00000,504.00000
2025-11-17 17:19:43.710480,0.00000,0.00000,0.00000,0.00000,0.00000,0.00000,132.00000,38.00000,12.00000,0.00000,0.00000,0.00000,38656.00000,504.00000
2025-11-17 17:19:44.486573,0.00000,0.00000,0.00000,0.00000,0.00000,0.00000,132.00000,38.00000,12.00000,0.00000,0.00000,0.00000,38656.00000,504.00000
2025-11-17 17:19:45.358056,0.00000,0.00000,0.00000,0.00000,0.00000,0.00000,162.00000,40.00000,12.00000,0.00000,0.00000,0.00000,38656.00000,536.00000
2025-11-17 17:19:46.296840,0.00000,0.00000,0.00000,0.00000,0.00000,0.00000,162.00000,40.00000,12.00000,0.00000,0.00000,0.00000,38656.00000,536.00000
2025-11-17 17:19:47.191104,0.00000,0.00000,0.00000,0.00000,0.00000,0.00000,162.00000,40.00000,12.00000,0.00000,0.00000,0.00000,38656.00000,536.00000
2025-11-17 17:19:48.064447,0.00000,1.00000,1.00000,0.00000,1.00000,1.00000,186.00000,48.00000,14.00000,0.00000,0.00000,0.00000,38656.00000,574.00000
2025-11-17 17:19:48.886907,0.00000,1.00000,1.00000,0.00000,1.00000,1.00000,186.00000,48.00000,14.00000,0.00000,0.00000,0.00000,38656.00000,574.00000
2025-11-17 17:19:49.713126,0.00000,1.00000,1.00000,0.00000,1.00000,1.00000,186.00000,48.00000,14.00000,0.00000,0.00000,0.00000,38656.00000,574.00000
2025-11-17 17:19:50.527070,0.00000,1.00000,1.00000,0.00000,1.00000,1.00000,198.00000,50.00000,14.00000,0.00000,0.00000,0.00000,38656.00000,588.00000
2025-11-17 17:19:51.463266,0.00000,1.00000,1.00000,0.00000,1.00000,1.00000,198.00000,50.00000,14.00000,0.00000,0.00000,0.00000,38656.00000,588.00000
2025-11-17 17:19:52.270219,0.00000,1.00000,1.00000,0.00000,1.00000,1.00000,198.00000,50.00000,14.00000,0.00000,0.00000,0.00000,38656.00000,588.00000
2025-11-17 17:19:53.148653,0.00000,0.00000,0.00000,0.00000,0.00000,0.00000,174.00000,40.00000,8.00000,0.00000,0.00000,0.00000,38656.00000,544.00000
2025-11-17 17:19:54.091256,0.00000,0.00000,0.00000,0.00000,0.00000,0.00000,174.00000,40.00000,8.00000,0.00000,0.00000,0.00000,38656.00000,544.00000
2025-11-17 17:19:54.916896,0.00000,0.00000,0.00000,0.00000,0.00000,0.00000,174.00000,40.00000,8.00000,0.00000,0.00000,0.00000,38656.00000,544.00000
2025-11-17 17:19:55.784157,0.00000,0.00000,0.00000,0.00000,0.00000,0.00000,192.00000,44.00000,10.00000,0.00000,0.00000,0.00000,38656.00000,568.00000
2025-11-17 17:19:56.650513,0.00000,0.00000,0.00000,0.00000,0.00000,0.00000,192.00000,44.00000,10.00000,0.00000,0.00000,0.00000,38656.00000,568.00000
2025-11-17 17:19:57.494366,0.00000,0.00000,0.00000,0.00000,0.00000,0.00000,192.00000,44.00000,10.00000,0.00000,0.00000,0.00000,38656.00000,568.00000
2025-11-17 17:19:58.294316,0.00000,0.00000,0.00000,0.00000,0.00000,0.00000,198.00000,48.00000,10.00000,0.00000,0.00000,0.00000,38656.00000,578.00000
2025-11-17 17:19:59.270101,0.00000,0.00000,0.00000,0.00000,0.00000,0.00000,198.00000,48.00000,10.00000,0.00000,0.00000,0.00000,38656.00000,578.00000
2025-11-17 17:20:00.089664,0.00000,0.00000,0.00000,0.00000,0.00000,0.00000,198.00000,48.00000,10.00000,0.00000,0.00000,0.00000,38656.00000,578.00000
2025-11-17 17:20:00.942129,0.00000,0.00000,0.00000,0.00000,0.00000,0.00000,216.00000,50.00000,8.00000,0.00000,0.00000,0.00000,38656.00000,596.00000
2025-11-17 17:20:01.851506,0.00000,0.00000,0.00000,0.00000,0.00000,0.00000,216.00000,50.00000,8.00000,0.00000,0.00000,0.00000,38656.00000,596.00000
2025-11-17 17:20:02.643890,0.00000,0.00000,0.00000,0.00000,0.00000,0.00000,216.00000,50.00000,8.00000,0.00000,0.00000,0.00000,38656.00000,596.00000
2025-11-17 17:20:03.499549,0.00000,0.00000,0.00000,0.00000,0.00000,0.00000,228.00000,56.00000,8.00000,0.00000,0.00000,0.00000,38656.00000,614.00000
2025-11-17 17:20:04.404204,0.00000,0.00000,0.00000,0.00000,0.00000,0.00000,228.00000,56.00000,8.00000,0.00000,0.00000,0.00000,38656.00000,614.00000
2025-11-17 17:20:05.245171,0.00000,0.00000,0.00000,0.00000,0.00000,0.00000,228.00000,56.00000,8.00000,0.00000,0.00000,0.00000,38656.00000,614.00000
2025-11-17 17:20:06.122896,0.00000,0.00000,0.00000,0.00000,0.00000,0.00000,216.00000,54.00000,8.00000,0.00000,0.00000,0.00000,38656.00000,600.00000
2025-11-17 17:20:07.010967,0.00000,0.00000,0.00000,0.00000,0.00000,0.00000,216.00000,54.00000,8.00000,0.00000,0.00000,0.00000,38656.00000,600.00000
2025-11-17 17:20:07.902971,0.00000,0.00000,0.00000,0.00000,0.00000,0.00000,216.00000,54.00000,8.00000,0.00000,0.00000,0.00000,38656.00000,600.00000
2025-11-17 17:20:08.644799,0.00000,0.00000,0.00000,0.00000,0.00000,0.00000,198.00000,48.00000,8.00000,0.00000,0.00000,0.00000,38656.00000,576.00000
2025-11-17 17:20:09.617973,0.00000,0.00000,0.00000,0.00000,0.00000,0.00000,198.00000,48.00000,8.00000,0.00000,0.00000,0.00000,38656.00000,576.00000
2025-11-17 17:20:10.416093,0.00000,0.00000,0.00000,0.00000,0.00000,0.00000,198.00000,48.00000,8.00000,0.00000,0.00000,0.00000,38656.00000,576.00000
2025-11-17 17:20:11.227887,0.00000,0.00000,0.00000,0.00000,0.00000,0.00000,168.00000,46.00000,12.00000,0.00000,0.00000,0.00000,38656.00000,548.00000
2025-11-17 17:20:12.146949,0.00000,0.00000,0.00000,0.00000,0.00000,0.00000,168.00000,46.00000,12.00000,0.00000,0.00000,0.00000,38656.00000,548.00000
2025-11-17 17:20:12.999564,0.00000,0.00000,0.00000,0.00000,0.00000,0.00000,168.00000,46.00000,12.00000,0.00000,0.00000,0.00000,38656.00000,548.00000
2025-11-17 17:20:13.870371,0.00000,0.00000,0.00000,0.00000,0.00000,0.00000,168.00000,40.00000,8.00000,0.00000,0.00000,0.00000,38656.00000,538.00000
2025-11-17 17:20:14.795679,0.00000,0.00000,0.00000,0.00000,0.00000,0.00000,168.00000,40.00000,8.00000,0.00000,0.00000,0.00000,38656.00000,538.00000
2025-11-17 17:20:15.604004,0.00000,0.00000,0.00000,0.00000,0.00000,0.00000,168.00000,40.00000,8.00000,0.00000,0.00000,0.00000,38656.00000,538.00000
2025-11-17 17:20:16.446517,1.00000,1.00000,1.00000,1.00000,1.00000,1.00000,246.00000,64.00000,8.00000,0.00000,0.00000,0.00000,38656.00000,646.00000
2025-11-17 17:20:17.339057,1.00000,1.00000,1.00000,1.00000,1.00000,1.00000,246.00000,64.00000,8.00000,0.00000,0.00000,0.00000,38656.00000,646.00000
2025-11-17 17:20:18.151725,1.00000,1.00000,1.00000,1.00000,1.00000,1.00000,246.00000,64.00000,8.00000,0.00000,0.00000,0.00000,38656.00000,646.00000
2025-11-17 17:20:19.118533,1.00000,1.00000,1.00000,1.00000,1.00000,1.00000,258.00000,70.00000,10.00000,0.00000,0.00000,0.00000,38656.00000,411.00000
2025-11-17 17:20:19.954937,1.00000,1.00000,1.00000,1.00000,1.00000,1.00000,258.00000,70.00000,10.00000,0.00000,0.00000,0.00000,38656.00000,411.00000
2025-11-17 17:20:20.757544,1.00000,1.00000,1.00000,1.00000,1.00000,1.00000,258.00000,70.00000,10.00000,0.00000,0.00000,0.00000,38656.00000,411.00000
2025-11-17 17:20:21.675050,1.00000,1.00000,1.00000,1.00000,1.00000,1.00000,264.00000,70.00000,10.00000,0.00000,0.00000,0.00000,38656.00000,417.00000
2025-11-17 17:20:22.479275,1.00000,1.00000,1.00000,1.00000,1.00000,1.00000,264.00000,70.00000,10.00000,0.00000,0.00000,0.00000,38656.00000,417.00000
2025-11-17 17:20:23.331569,1.00000,1.00000,1.00000,1.00000,1.00000,1.00000,264.00000,70.00000,10.00000,0.00000,0.00000,0.00000,38656.00000,417.00000
2025-11-17 17:20:24.251336,1.00000,1.00000,1.00000,1.00000,1.00000,1.00000,282.00000,74.00000,10.00000,0.00000,0.00000,0.00000,38656.00000,439.00000
2025-11-17 17:20:24.975740,1.00000,1.00000,1.00000,1.00000,1.00000,1.00000,282.00000,74.00000,10.00000,0.00000,0.00000,0.00000,38656.00000,439.00000
2025-11-17 17:20:25.973783,1.00000,1.00000,1.00000,1.00000,1.00000,1.00000,282.00000,74.00000,10.00000,0.00000,0.00000,0.00000,38656.00000,439.00000
2025-11-17 17:20:26.780492,1.00000,1.00000,1.00000,1.00000,1.00000,1.00000,276.00000,74.00000,10.00000,0.00000,0.00000,0.00000,38656.00000,433.00000
2025-11-17 17:20:27.672136,1.00000,1.00000,1.00000,1.00000,1.00000,1.00000,276.00000,74.00000,10.00000,0.00000,0.00000,0.00000,38656.00000,433.00000
2025-11-17 17:20:28.662283,1.00000,1.00000,1.00000,1.00000,1.00000,1.00000,276.00000,74.00000,10.00000,0.00000,0.00000,0.00000,38656.00000,433.00000
2025-11-17 17:20:29.328212,0.00000,1.00000,1.00000,0.00000,1.00000,1.00000,264.00000,70.00000,10.00000,0.00000,0.00000,0.00000,38656.00000,415.00000
2025-11-17 17:20:30.369963,0.00000,1.00000,1.00000,0.00000,1.00000,1.00000,264.00000,70.00000,10.00000,0.00000,0.00000,0.00000,38656.00000,415.00000
2025-11-17 17:20:31.081218,0.00000,1.00000,1.00000,0.00000,1.00000,1.00000,264.00000,70.00000,10.00000,0.00000,0.00000,0.00000,38656.00000,415.00000
2025-11-17 17:20:32.134623,0.00000,1.00000,1.00000,0.00000,1.00000,1.00000,258.00000,68.00000,10.00000,0.00000,0.00000,0.00000,38656.00000,407.00000
2025-11-17 17:20:32.905717,0.00000,1.00000,1.00000,0.00000,1.00000,1.00000,258.00000,68.00000,10.00000,0.00000,0.00000,0.00000,38656.00000,407.00000
2025-11-17 17:20:33.814758,0.00000,1.00000,1.00000,0.00000,1.00000,1.00000,258.00000,68.00000,10.00000,0.00000,0.00000,0.00000,38656.00000,407.00000
2025-11-17 17:20:34.521332,0.00000,1.00000,1.00000,0.00000,1.00000,1.00000,258.00000,68.00000,10.00000,0.00000,0.00000,0.00000,38656.00000,407.00000
2025-11-17 17:20:35.506132,0.00000,1.00000,1.00000,0.00000,1.00000,1.00000,258.00000,68.00000,10.00000,0.00000,0.00000,0.00000,38656.00000,407.00000
2025-11-17 17:20:36.354838,0.00000,1.00000,1.00000,0.00000,1.00000,1.00000,258.00000,68.00000,10.00000,0.00000,0.00000,0.00000,38656.00000,407.00000
2025-11-17 17:20:37.178405,0.00000,1.00000,1.00000,0.00000,1.00000,1.00000,246.00000,64.00000,6.00000,0.00000,0.00000,0.00000,38656.00000,642.00000
2025-11-17 17:20:38.144134,0.00000,1.00000,1.00000,0.00000,1.00000,1.00000,246.00000,64.00000,6.00000,0.00000,0.00000,0.00000,38656.00000,642.00000
2025-11-17 17:20:38.990968,0.00000,1.00000,1.00000,0.00000,1.00000,1.00000,246.00000,64.00000,6.00000,0.00000,0.00000,0.00000,38656.00000,642.00000
2025-11-17 17:20:39.726547,0.00000,0.00000,0.00000,0.00000,0.00000,0.00000,210.00000,58.00000,4.00000,0.00000,0.00000,0.00000,38656.00000,594.00000
2025-11-17 17:20:40.744121,0.00000,0.00000,0.00000,0.00000,0.00000,0.00000,210.00000,58.00000,4.00000,0.00000,0.00000,0.00000,38656.00000,594.00000
2025-11-17 17:20:41.584437,0.00000,0.00000,0.00000,0.00000,0.00000,0.00000,210.00000,58.00000,4.00000,0.00000,0.00000,0.00000,38656.00000,594.00000
2025-11-17 17:20:42.288995,0.00000,0.00000,0.00000,0.00000,0.00000,0.00000,120.00000,32.00000,4.00000,0.00000,0.00000,0.00000,38656.00000,478.00000
2025-11-17 17:20:43.243926,0.00000,0.00000,0.00000,0.00000,0.00000,0.00000,120.00000,32.00000,4.00000,0.00000,0.00000,0.00000,38656.00000,478.00000
2025-11-17 17:20:44.062036,0.00000,0.00000,0.00000,0.00000,0.00000,0.00000,120.00000,32.00000,4.00000,0.00000,0.00000,0.00000,38656.00000,478.00000
2025-11-17 17:20:44.899249,0.00000,0.00000,0.00000,0.00000,0.00000,0.00000,120.00000,32.00000,2.00000,0.00000,0.00000,0.00000,38656.00000,476.00000
2025-11-17 17:20:45.797295,0.00000,0.00000,0.00000,0.00000,0.00000,0.00000,120.00000,32.00000,2.00000,0.00000,0.00000,0.00000,38656.00000,476.00000
2025-11-17 17:20:46.601263,0.00000,0.00000,0.00000,0.00000,0.00000,0.00000,120.00000,32.00000,2.00000,0.00000,0.00000,0.00000,38656.00000,476.00000
2025-11-17 17:20:47.464082,0.00000,0.00000,0.00000,0.00000,0.00000,0.00000,102.00000,30.00000,0.00000,0.00000,0.00000,0.00000,38656.00000,454.00000
2025-11-17 17:20:48.456116,0.00000,0.00000,0.00000,0.00000,0.00000,0.00000,102.00000,30.00000,0.00000,0.00000,0.00000,0.00000,38656.00000,454.00000
2025-11-17 17:20:49.205083,0.00000,0.00000,0.00000,0.00000,0.00000,0.00000,102.00000,30.00000,0.00000,0.00000,0.00000,0.00000,38656.00000,454.00000
2025-11-17 17:20:50.077822,0.00000,0.00000,0.00000,0.00000,0.00000,0.00000,72.00000,22.00000,0.00000,0.00000,0.00000,0.00000,38656.00000,416.00000
2025-11-17 17:20:50.988887,0.00000,0.00000,0.00000,0.00000,0.00000,0.00000,72.00000,22.00000,0.00000,0.00000,0.00000,0.00000,38656.00000,416.00000
2025-11-17 17:20:51.853858,0.00000,0.00000,0.00000,0.00000,0.00000,0.00000,72.00000,22.00000,0.00000,0.00000,0.00000,0.00000,38656.00000,416.00000
2025-11-17 17:20:52.804661,0.00000,0.00000,0.00000,0.00000,0.00000,0.00000,54.00000,18.00000,2.00000,0.00000,0.00000,0.00000,38656.00000,396.00000
2025-11-17 17:20:53.521992,0.00000,0.00000,0.00000,0.00000,0.00000,0.00000,54.00000,18.00000,2.00000,0.00000,0.00000,0.00000,38656.00000,396.00000
2025-11-17 17:20:54.422715,0.00000,0.00000,0.00000,0.00000,0.00000,0.00000,54.00000,18.00000,2.00000,0.00000,0.00000,0.00000,38656.00000,396.00000
2025-11-17 17:20:55.235171,0.00000,0.00000,0.00000,0.00000,0.00000,0.00000,54.00000,18.00000,4.00000,0.00000,0.00000,0.00000,38656.00000,398.00000
2025-11-17 17:20:56.216666,0.00000,0.00000,0.00000,0.00000,0.00000,0.00000,54.00000,18.00000,4.00000,0.00000,0.00000,0.00000,38656.00000,398.00000
2025-11-17 17:20:57.040789,0.00000,0.00000,0.00000,0.00000,0.00000,0.00000,54.00000,18.00000,4.00000,0.00000,0.00000,0.00000,38656.00000,398.00000
2025-11-17 17:20:57.921521,0.00000,0.00000,0.00000,0.00000,0.00000,0.00000,66.00000,20.00000,4.00000,0.00000,0.00000,0.00000,38656.00000,412.00000
2025-11-17 17:20:58.828431,0.00000,0.00000,0.00000,0.00000,0.00000,0.00000,66.00000,20.00000,4.00000,0.00000,0.00000,0.00000,38656.00000,412.00000
2025-11-17 17:20:59.542858,0.00000,0.00000,0.00000,0.00000,0.00000,0.00000,66.00000,20.00000,4.00000,0.00000,0.00000,0.00000,38656.00000,412.00000
2025-11-17 17:21:00.436739,0.00000,0.00000,0.00000,0.00000,0.00000,0.00000,78.00000,24.00000,4.00000,0.00000,0.00000,0.00000,38656.00000,428.00000
2025-11-17 17:21:01.365094,0.00000,0.00000,0.00000,0.00000,0.00000,0.00000,78.00000,24.00000,4.00000,0.00000,0.00000,0.00000,38656.00000,428.00000
2025-11-17 17:21:02.225879,0.00000,0.00000,0.00000,0.00000,0.00000,0.00000,78.00000,24.00000,4.00000,0.00000,0.00000,0.00000,38656.00000,428.00000
2025-11-17 17:21:03.007517,0.00000,0.00000,0.00000,0.00000,0.00000,0.00000,90.00000,24.00000,4.00000,0.00000,0.00000,0.00000,38656.00000,440.00000
2025-11-17 17:21:03.969492,0.00000,0.00000,0.00000,0.00000,0.00000,0.00000,90.00000,24.00000,4.00000,0.00000,0.00000,0.00000,38656.00000,440.00000
2025-11-17 17:21:04.816004,0.00000,0.00000,0.00000,0.00000,0.00000,0.00000,90.00000,24.00000,4.00000,0.00000,0.00000,0.00000,38656.00000,440.00000
2025-11-17 17:21:05.588059,0.00000,0.00000,0.00000,0.00000,0.00000,0.00000,108.00000,30.00000,4.00000,0.00000,0.00000,0.00000,38656.00000,464.00000
2025-11-17 17:21:06.584726,0.00000,0.00000,0.00000,0.00000,0.00000,0.00000,108.00000,30.00000,4.00000,0.00000,0.00000,0.00000,38656.00000,464.00000
2025-11-17 17:21:07.319946,0.00000,0.00000,0.00000,0.00000,0.00000,0.00000,108.00000,30.00000,4.00000,0.00000,0.00000,0.00000,38656.00000,464.00000
2025-11-17 17:21:08.203152,0.00000,0.00000,0.00000,0.00000,0.00000,0.00000,108.00000,30.00000,4.00000,0.00000,0.00000,0.00000,38656.00000,464.00000
2025-11-17 17:21:09.147466,0.00000,0.00000,0.00000,0.00000,0.00000,0.00000,108.00000,30.00000,4.00000,0.00000,0.00000,0.00000,38656.00000,464.00000
2025-11-17 17:21:09.949715,0.00000,0.00000,0.00000,0.00000,0.00000,0.00000,108.00000,30.00000,4.00000,0.00000,0.00000,0.00000,38656.00000,464.00000
2025-11-17 17:21:10.886587,0.00000,0.00000,0.00000,0.00000,0.00000,0.00000,102.00000,28.00000,4.00000,0.00000,0.00000,0.00000,38656.00000,456.00000
2025-11-17 17:21:11.737228,0.00000,0.00000,0.00000,0.00000,0.00000,0.00000,102.00000,28.00000,4.00000,0.00000,0.00000,0.00000,38656.00000,456.00000
2025-11-17 17:21:12.575447,0.00000,0.00000,0.00000,0.00000,0.00000,0.00000,102.00000,28.00000,4.00000,0.00000,0.00000,0.00000,38656.00000,456.00000
2025-11-17 17:21:13.342367,0.00000,0.00000,0.00000,0.00000,0.00000,0.00000,126.00000,34.00000,4.00000,0.00000,0.00000,0.00000,38656.00000,486.00000
2025-11-17 17:21:14.345504,0.00000,0.00000,0.00000,0.00000,0.00000,0.00000,126.00000,34.00000,4.00000,0.00000,0.00000,0.00000,38656.00000,486.00000
2025-11-17 17:21:15.073084,0.00000,0.00000,0.00000,0.00000,0.00000,0.00000,126.00000,34.00000,4.00000,0.00000,0.00000,0.00000,38656.00000,486.00000
2025-11-17 17:21:15.996534,0.00000,0.00000,0.00000,0.00000,0.00000,0.00000,132.00000,36.00000,4.00000,0.00000,0.00000,0.00000,38656.00000,494.00000
2025-11-17 17:21:16.926479,0.00000,0.00000,0.00000,0.00000,0.00000,0.00000,132.00000,36.00000,4.00000,0.00000,0.00000,0.00000,38656.00000,494.00000
2025-11-17 17:21:17.723216,0.00000,0.00000,0.00000,0.00000,0.00000,0.00000,132.00000,36.00000,4.00000,0.00000,0.00000,0.00000,38656.00000,494.00000
2025-11-17 17:21:18.608479,0.00000,0.00000,0.00000,0.00000,0.00000,0.00000,168.00000,44.00000,2.00000,0.00000,0.00000,0.00000,38656.00000,536.00000
2025-11-17 17:21:19.495443,0.00000,0.00000,0.00000,0.00000,0.00000,0.00000,168.00000,44.00000,2.00000,0.00000,0.00000,0.00000,38656.00000,536.00000
2025-11-17 17:21:20.364585,0.00000,0.00000,0.00000,0.00000,0.00000,0.00000,168.00000,44.00000,2.00000,0.00000,0.00000,0.00000,38656.00000,536.00000
2025-11-17 17:21:21.116956,0.00000,0.00000,0.00000,0.00000,0.00000,0.00000,168.00000,44.00000,0.00000,0.00000,0.00000,0.00000,38656.00000,534.00000
2025-11-17 17:21:22.129389,0.00000,0.00000,0.00000,0.00000,0.00000,0.00000,168.00000,44.00000,0.00000,0.00000,0.00000,0.00000,38656.00000,534.00000
2025-11-17 17:21:22.959350,0.00000,0.00000,0.00000,0.00000,0.00000,0.00000,168.00000,44.00000,0.00000,0.00000,0.00000,0.00000,38656.00000,534.00000
2025-11-17 17:21:23.787717,0.00000,0.00000,0.00000,0.00000,0.00000,0.00000,162.00000,44.00000,0.00000,0.00000,0.00000,0.00000,38656.00000,528.00000
2025-11-17 17:21:24.702185,0.00000,0.00000,0.00000,0.00000,0.00000,0.00000,162.00000,44.00000,0.00000,0.00000,0.00000,0.00000,38656.00000,528.00000
2025-11-17 17:21:25.491336,0.00000,0.00000,0.00000,0.00000,0.00000,0.00000,162.00000,44.00000,0.00000,0.00000,0.00000,0.00000,38656.00000,528.00000
2025-11-17 17:21:26.342338,0.00000,1.00000,1.00000,0.00000,1.00000,1.00000,180.00000,50.00000,6.00000,0.00000,0.00000,0.00000,38656.00000,562.00000
2025-11-17 17:21:27.241608,0.00000,1.00000,1.00000,0.00000,1.00000,1.00000,180.00000,50.00000,6.00000,0.00000,0.00000,0.00000,38656.00000,562.00000
2025-11-17 17:21:28.106124,0.00000,0.00000,0.00000,0.00000,0.00000,0.00000,180.00000,50.00000,6.00000,0.00000,0.00000,0.00000,38656.00000,558.00000
2025-11-17 17:21:28.925871,0.00000,0.00000,0.00000,0.00000,0.00000,0.00000,180.00000,52.00000,6.00000,0.00000,0.00000,0.00000,38656.00000,560.00000
2025-11-17 17:21:29.817806,0.00000,0.00000,0.00000,0.00000,0.00000,0.00000,180.00000,52.00000,6.00000,0.00000,0.00000,0.00000,38656.00000,560.00000
2025-11-17 17:21:30.666896,0.00000,0.00000,0.00000,0.00000,0.00000,0.00000,180.00000,52.00000,6.00000,0.00000,0.00000,0.00000,38656.00000,560.00000
2025-11-17 17:21:31.464567,0.00000,0.00000,0.00000,0.00000,0.00000,0.00000,186.00000,54.00000,12.00000,0.00000,0.00000,0.00000,38656.00000,574.00000
2025-11-17 17:21:32.377505,0.00000,0.00000,0.00000,0.00000,0.00000,0.00000,186.00000,54.00000,12.00000,0.00000,0.00000,0.00000,38656.00000,574.00000
2025-11-17 17:21:33.252515,0.00000,0.00000,0.00000,0.00000,0.00000,0.00000,186.00000,54.00000,12.00000,0.00000,0.00000,0.00000,38656.00000,574.00000
2025-11-17 17:21:34.054690,0.00000,0.00000,0.00000,0.00000,0.00000,0.00000,222.00000,66.00000,18.00000,0.00000,0.00000,0.00000,38656.00000,628.00000
2025-11-17 17:21:34.897326,0.00000,0.00000,0.00000,0.00000,0.00000,0.00000,222.00000,66.00000,18.00000,0.00000,0.00000,0.00000,38656.00000,628.00000
2025-11-17 17:21:35.945455,0.00000,0.00000,0.00000,0.00000,0.00000,0.00000,222.00000,66.00000,18.00000,0.00000,0.00000,0.00000,38656.00000,628.00000
2025-11-17 17:21:36.753586,0.00000,0.00000,0.00000,0.00000,0.00000,0.00000,234.00000,70.00000,18.00000,0.00000,0.00000,0.00000,38656.00000,644.00000
2025-11-17 17:21:37.579381,0.00000,0.00000,0.00000,0.00000,0.00000,0.00000,234.00000,70.00000,18.00000,0.00000,0.00000,0.00000,38656.00000,644.00000
2025-11-17 17:21:38.486780,0.00000,0.00000,0.00000,0.00000,0.00000,0.00000,234.00000,70.00000,18.00000,0.00000,0.00000,0.00000,38656.00000,644.00000
2025-11-17 17:21:39.288475,0.00000,0.00000,0.00000,0.00000,0.00000,0.00000,216.00000,66.00000,20.00000,0.00000,0.00000,0.00000,38656.00000,624.00000
2025-11-17 17:21:40.224118,1.00000,1.00000,1.00000,1.00000,1.00000,1.00000,216.00000,66.00000,20.00000,0.00000,0.00000,0.00000,38656.00000,630.00000
2025-11-17 17:21:41.033738,1.00000,1.00000,1.00000,1.00000,1.00000,1.00000,216.00000,66.00000,20.00000,0.00000,0.00000,0.00000,38656.00000,630.00000
2025-11-17 17:21:42.004957,0.00000,1.00000,1.00000,0.00000,1.00000,1.00000,204.00000,62.00000,20.00000,0.00000,0.00000,0.00000,38656.00000,612.00000
2025-11-17 17:21:42.779137,0.00000,1.00000,1.00000,0.00000,1.00000,1.00000,204.00000,62.00000,20.00000,0.00000,0.00000,0.00000,38656.00000,612.00000
2025-11-17 17:21:43.621039,0.00000,1.00000,1.00000,0.00000,1.00000,1.00000,204.00000,62.00000,20.00000,0.00000,0.00000,0.00000,38656.00000,612.00000
2025-11-17 17:21:44.493576,0.00000,1.00000,1.00000,0.00000,1.00000,1.00000,180.00000,58.00000,24.00000,0.00000,0.00000,0.00000,38656.00000,588.00000
2025-11-17 17:21:45.372761,0.00000,1.00000,1.00000,0.00000,1.00000,1.00000,180.00000,58.00000,24.00000,0.00000,0.00000,0.00000,38656.00000,588.00000
2025-11-17 17:21:46.240398,0.00000,1.00000,1.00000,0.00000,1.00000,1.00000,180.00000,58.00000,24.00000,0.00000,0.00000,0.00000,38656.00000,588.00000
2025-11-17 17:21:47.092651,0.00000,1.00000,1.00000,0.00000,1.00000,1.00000,192.00000,62.00000,24.00000,0.00000,0.00000,0.00000,38656.00000,604.00000
2025-11-17 17:21:48.052794,0.00000,1.00000,1.00000,0.00000,1.00000,1.00000,192.00000,62.00000,24.00000,0.00000,0.00000,0.00000,38656.00000,604.00000
2025-11-17 17:21:48.871596,0.00000,1.00000,1.00000,0.00000,1.00000,1.00000,192.00000,62.00000,24.00000,0.00000,0.00000,0.00000,38656.00000,604.00000
2025-11-17 17:21:49.632224,0.00000,1.00000,1.00000,0.00000,1.00000,1.00000,192.00000,62.00000,24.00000,0.00000,0.00000,0.00000,38656.00000,604.00000
2025-11-17 17:21:50.569661,0.00000,1.00000,1.00000,0.00000,1.00000,1.00000,192.00000,62.00000,24.00000,0.00000,0.00000,0.00000,38656.00000,604.00000
2025-11-17 17:21:51.339478,0.00000,1.00000,1.00000,0.00000,1.00000,1.00000,192.00000,62.00000,24.00000,0.00000,0.00000,0.00000,38656.00000,604.00000
2025-11-17 17:21:52.238342,0.00000,1.00000,1.00000,0.00000,1.00000,1.00000,174.00000,54.00000,18.00000,0.00000,0.00000,0.00000,38656.00000,572.00000
2025-11-17 17:21:53.106681,0.00000,1.00000,1.00000,0.00000,1.00000,1.00000,174.00000,54.00000,18.00000,0.00000,0.00000,0.00000,38656.00000,572.00000
2025-11-17 17:21:54.002219,0.00000,1.00000,1.00000,0.00000,1.00000,1.00000,174.00000,54.00000,18.00000,0.00000,0.00000,0.00000,38656.00000,572.00000
2025-11-17 17:21:54.789810,0.00000,0.00000,0.00000,0.00000,0.00000,0.00000,174.00000,56.00000,18.00000,0.00000,0.00000,0.00000,38656.00000,570.00000
2025-11-17 17:21:55.762912,0.00000,0.00000,0.00000,0.00000,0.00000,0.00000,174.00000,56.00000,18.00000,0.00000,0.00000,0.00000,38656.00000,570.00000
2025-11-17 17:21:56.528047,0.00000,0.00000,0.00000,0.00000,0.00000,0.00000,174.00000,56.00000,18.00000,0.00000,0.00000,0.00000,38656.00000,570.00000
2025-11-17 17:21:57.429946,0.00000,0.00000,0.00000,0.00000,0.00000,0.00000,168.00000,50.00000,12.00000,0.00000,0.00000,0.00000,38656.00000,552.00000
2025-11-17 17:21:58.255193,0.00000,1.00000,1.00000,0.00000,1.00000,1.00000,168.00000,50.00000,12.00000,0.00000,0.00000,0.00000,38656.00000,556.00000
2025-11-17 17:21:59.158857,0.00000,1.00000,1.00000,0.00000,1.00000,1.00000,168.00000,50.00000,12.00000,0.00000,0.00000,0.00000,38656.00000,556.00000
2025-11-17 17:21:59.940368,0.00000,0.00000,0.00000,0.00000,0.00000,0.00000,150.00000,44.00000,6.00000,0.00000,0.00000,0.00000,38656.00000,522.00000
2025-11-17 17:22:00.901616,0.00000,0.00000,0.00000,0.00000,0.00000,0.00000,150.00000,44.00000,6.00000,0.00000,0.00000,0.00000,38656.00000,522.00000
2025-11-17 17:22:01.636798,0.00000,0.00000,0.00000,0.00000,0.00000,0.00000,150.00000,44.00000,6.00000,0.00000,0.00000,0.00000,38656.00000,522.00000
2025-11-17 17:22:02.532548,0.00000,0.00000,0.00000,0.00000,0.00000,0.00000,156.00000,44.00000,8.00000,0.00000,0.00000,0.00000,38656.00000,530.00000
2025-11-17 17:22:03.459810,0.00000,0.00000,0.00000,0.00000,0.00000,0.00000,156.00000,44.00000,8.00000,0.00000,0.00000,0.00000,38656.00000,530.00000
2025-11-17 17:22:04.317475,0.00000,0.00000,0.00000,0.00000,0.00000,0.00000,156.00000,44.00000,8.00000,0.00000,0.00000,0.00000,38656.00000,530.00000
2025-11-17 17:22:05.259410,0.00000,0.00000,0.00000,0.00000,0.00000,0.00000,162.00000,46.00000,6.00000,0.00000,0.00000,0.00000,38656.00000,536.00000
2025-11-17 17:22:06.071761,0.00000,0.00000,0.00000,0.00000,0.00000,0.00000,162.00000,46.00000,6.00000,0.00000,0.00000,0.00000,38656.00000,536.00000
2025-11-17 17:22:07.008613,0.00000,0.00000,0.00000,0.00000,0.00000,0.00000,162.00000,46.00000,6.00000,0.00000,0.00000,0.00000,38656.00000,536.00000
2025-11-17 17:22:07.815645,0.00000,0.00000,0.00000,0.00000,0.00000,0.00000,162.00000,46.00000,6.00000,0.00000,0.00000,0.00000,38656.00000,536.00000
2025-11-17 17:22:08.762916,0.00000,0.00000,0.00000,0.00000,0.00000,0.00000,162.00000,46.00000,6.00000,0.00000,0.00000,0.00000,38656.00000,536.00000
2025-11-17 17:22:09.444845,0.00000,0.00000,0.00000,0.00000,0.00000,0.00000,162.00000,46.00000,6.00000,0.00000,0.00000,0.00000,38656.00000,536.00000
2025-11-17 17:22:10.360297,0.00000,0.00000,0.00000,0.00000,0.00000,0.00000,150.00000,40.00000,2.00000,0.00000,0.00000,0.00000,38656.00000,514.00000
2025-11-17 17:22:11.316751,0.00000,0.00000,0.00000,0.00000,0.00000,0.00000,150.00000,40.00000,2.00000,0.00000,0.00000,0.00000,38656.00000,514.00000
2025-11-17 17:22:12.062458,0.00000,0.00000,0.00000,0.00000,0.00000,0.00000,150.00000,40.00000,2.00000,0.00000,0.00000,0.00000,38656.00000,514.00000
2025-11-17 17:22:12.925315,0.00000,0.00000,0.00000,0.00000,0.00000,0.00000,138.00000,36.00000,4.00000,0.00000,0.00000,0.00000,38656.00000,500.00000
2025-11-17 17:22:13.873286,0.00000,0.00000,0.00000,0.00000,0.00000,0.00000,138.00000,36.00000,4.00000,0.00000,0.00000,0.00000,38656.00000,500.00000
2025-11-17 17:22:14.732458,0.00000,0.00000,0.00000,0.00000,0.00000,0.00000,138.00000,36.00000,4.00000,0.00000,0.00000,0.00000,38656.00000,500.00000
2025-11-17 17:22:15.496361,0.00000,0.00000,0.00000,0.00000,0.00000,0.00000,132.00000,34.00000,4.00000,0.00000,0.00000,0.00000,38656.00000,492.00000
2025-11-17 17:22:16.438279,0.00000,0.00000,0.00000,0.00000,0.00000,0.00000,132.00000,34.00000,4.00000,0.00000,0.00000,0.00000,38656.00000,492.00000
2025-11-17 17:22:17.296626,0.00000,0.00000,0.00000,0.00000,0.00000,0.00000,132.00000,34.00000,4.00000,0.00000,0.00000,0.00000,38656.00000,492.00000
2025-11-17 17:22:18.094727,0.00000,0.00000,0.00000,0.00000,0.00000,0.00000,126.00000,34.00000,6.00000,0.00000,0.00000,0.00000,38656.00000,488.00000
2025-11-17 17:22:19.046809,0.00000,0.00000,0.00000,0.00000,0.00000,0.00000,126.00000,34.00000,6.00000,0.00000,0.00000,0.00000,38656.00000,488.00000
2025-11-17 17:22:19.827335,0.00000,0.00000,0.00000,0.00000,0.00000,0.00000,126.00000,34.00000,6.00000,0.00000,0.00000,0.00000,38656.00000,488.00000
2025-11-17 17:22:20.700026,0.00000,0.00000,0.00000,0.00000,0.00000,0.00000,132.00000,36.00000,6.00000,0.00000,0.00000,0.00000,38656.00000,496.00000
2025-11-17 17:22:21.599113,0.00000,0.00000,0.00000,0.00000,0.00000,0.00000,132.00000,36.00000,6.00000,0.00000,0.00000,0.00000,38656.00000,496.00000
2025-11-17 17:22:22.394482,0.00000,0.00000,0.00000,0.00000,0.00000,0.00000,132.00000,36.00000,6.00000,0.00000,0.00000,0.00000,38656.00000,496.00000
2025-11-17 17:22:23.264313,0.00000,0.00000,0.00000,0.00000,0.00000,0.00000,132.00000,38.00000,6.00000,0.00000,0.00000,0.00000,38656.00000,498.00000
2025-11-17 17:22:24.216947,0.00000,0.00000,0.00000,0.00000,0.00000,0.00000,132.00000,38.00000,6.00000,0.00000,0.00000,0.00000,38656.00000,498.00000
2025-11-17 17:22:25.006408,0.00000,0.00000,0.00000,0.00000,0.00000,0.00000,132.00000,38.00000,6.00000,0.00000,0.00000,0.00000,38656.00000,498.00000
2025-11-17 17:22:25.853182,0.00000,0.00000,0.00000,0.00000,0.00000,0.00000,120.00000,32.00000,6.00000,0.00000,0.00000,0.00000,38656.00000,480.00000
2025-11-17 17:22:26.929686,0.00000,0.00000,0.00000,0.00000,0.00000,0.00000,120.00000,32.00000,6.00000,0.00000,0.00000,0.00000,38656.00000,480.00000
2025-11-17 17:22:27.697631,0.00000,0.00000,0.00000,0.00000,0.00000,0.00000,120.00000,32.00000,6.00000,0.00000,0.00000,0.00000,38656.00000,480.00000
2025-11-17 17:22:28.524076,0.00000,0.00000,0.00000,0.00000,0.00000,0.00000,138.00000,38.00000,6.00000,0.00000,0.00000,0.00000,38656.00000,504.00000
2025-11-17 17:22:29.454792,0.00000,0.00000,0.00000,0.00000,0.00000,0.00000,138.00000,38.00000,6.00000,0.00000,0.00000,0.00000,38656.00000,504.00000
2025-11-17 17:22:30.266055,0.00000,0.00000,0.00000,0.00000,0.00000,0.00000,138.00000,38.00000,6.00000,0.00000,0.00000,0.00000,38656.00000,504.00000
2025-11-17 17:22:31.185902,0.00000,0.00000,0.00000,0.00000,0.00000,0.00000,144.00000,38.00000,6.00000,0.00000,0.00000,0.00000,38656.00000,510.00000
2025-11-17 17:22:32.084879,0.00000,0.00000,0.00000,0.00000,0.00000,0.00000,144.00000,38.00000,6.00000,0.00000,0.00000,0.00000,38656.00000,510.00000
2025-11-17 17:22:32.689176,0.00000,0.00000,0.00000,0.00000,0.00000,0.00000,144.00000,38.00000,6.00000,0.00000,0.00000,0.00000,38656.00000,510.00000
2025-11-17 17:22:33.671707,0.00000,0.00000,0.00000,0.00000,0.00000,0.00000,162.00000,42.00000,6.00000,0.00000,0.00000,0.00000,38656.00000,532.00000
2025-11-17 17:22:34.515532,0.00000,0.00000,0.00000,0.00000,0.00000,0.00000,162.00000,42.00000,6.00000,0.00000,0.00000,0.00000,38656.00000,532.00000
2025-11-17 17:22:35.302407,0.00000,0.00000,0.00000,0.00000,0.00000,0.00000,162.00000,42.00000,6.00000,0.00000,0.00000,0.00000,38656.00000,532.00000
2025-11-17 17:22:36.210932,0.00000,0.00000,0.00000,0.00000,0.00000,0.00000,222.00000,52.00000,6.00000,0.00000,0.00000,0.00000,38656.00000,602.00000
2025-11-17 17:22:37.198663,0.00000,0.00000,0.00000,0.00000,0.00000,0.00000,222.00000,52.00000,6.00000,0.00000,0.00000,0.00000,38656.00000,602.00000
2025-11-17 17:22:38.007227,0.00000,0.00000,0.00000,0.00000,0.00000,0.00000,222.00000,52.00000,6.00000,0.00000,0.00000,0.00000,38656.00000,602.00000
2025-11-17 17:22:38.834620,0.00000,0.00000,0.00000,0.00000,0.00000,0.00000,228.00000,50.00000,4.00000,0.00000,0.00000,0.00000,38656.00000,604.00000
2025-11-17 17:22:39.833106,0.00000,0.00000,0.00000,0.00000,0.00000,0.00000,228.00000,50.00000,4.00000,0.00000,0.00000,0.00000,38656.00000,604.00000
2025-11-17 17:22:40.690505,0.00000,0.00000,0.00000,0.00000,0.00000,0.00000,228.00000,50.00000,4.00000,0.00000,0.00000,0.00000,38656.00000,604.00000
2025-11-17 17:22:41.725317,0.00000,0.00000,0.00000,0.00000,0.00000,0.00000,222.00000,48.00000,4.00000,0.00000,0.00000,0.00000,38656.00000,596.00000
2025-11-17 17:22:42.481534,0.00000,0.00000,0.00000,0.00000,0.00000,0.00000,222.00000,48.00000,4.00000,0.00000,0.00000,0.00000,38656.00000,596.00000
2025-11-17 17:22:43.337933,0.00000,0.00000,0.00000,0.00000,0.00000,0.00000,222.00000,48.00000,4.00000,0.00000,0.00000,0.00000,38656.00000,596.00000
2025-11-17 17:22:44.130170,0.00000,0.00000,0.00000,0.00000,0.00000,0.00000,234.00000,48.00000,2.00000,0.00000,0.00000,0.00000,38656.00000,606.00000
2025-11-17 17:22:44.910206,0.00000,0.00000,0.00000,0.00000,0.00000,0.00000,234.00000,48.00000,2.00000,0.00000,0.00000,0.00000,38656.00000,606.00000
2025-11-17 17:22:45.887783,0.00000,0.00000,0.00000,0.00000,0.00000,0.00000,234.00000,48.00000,2.00000,0.00000,0.00000,0.00000,38656.00000,606.00000
2025-11-17 17:22:46.898990,0.00000,0.00000,0.00000,0.00000,0.00000,0.00000,234.00000,48.00000,2.00000,0.00000,0.00000,0.00000,38656.00000,606.00000
2025-11-17 17:22:47.585242,0.00000,0.00000,0.00000,0.00000,0.00000,0.00000,234.00000,48.00000,2.00000,0.00000,0.00000,0.00000,38656.00000,606.00000
2025-11-17 17:22:48.417045,0.00000,0.00000,0.00000,0.00000,0.00000,0.00000,234.00000,48.00000,2.00000,0.00000,0.00000,0.00000,38656.00000,606.00000
2025-11-17 17:22:49.249006,0.00000,0.00000,0.00000,0.00000,0.00000,0.00000,234.00000,50.00000,4.00000,0.00000,0.00000,0.00000,38656.00000,610.00000
2025-11-17 17:22:50.225906,0.00000,0.00000,0.00000,0.00000,0.00000,0.00000,234.00000,50.00000,4.00000,0.00000,0.00000,0.00000,38656.00000,610.00000
2025-11-17 17:22:51.007105,0.00000,0.00000,0.00000,0.00000,0.00000,0.00000,234.00000,50.00000,4.00000,0.00000,0.00000,0.00000,38656.00000,610.00000
2025-11-17 17:22:51.887326,0.00000,1.00000,2.00000,0.00000,1.00000,2.00000,258.00000,60.00000,10.00000,2.00000,2.00000,2.00000,38656.00000,407.00000
2025-11-17 17:22:52.492548,0.00000,1.00000,2.00000,0.00000,1.00000,2.00000,258.00000,60.00000,10.00000,2.00000,2.00000,2.00000,38656.00000,407.00000
2025-11-17 17:22:53.437212,0.00000,1.00000,2.00000,0.00000,1.00000,2.00000,258.00000,60.00000,10.00000,2.00000,2.00000,2.00000,38656.00000,407.00000
2025-11-17 17:22:54.562639,0.00000,0.00000,1.00000,0.00000,0.00000,1.00000,222.00000,50.00000,8.00000,2.00000,2.00000,2.00000,38656.00000,610.00000
2025-11-17 17:22:55.352968,0.00000,0.00000,1.00000,0.00000,0.00000,1.00000,222.00000,50.00000,8.00000,2.00000,2.00000,2.00000,38656.00000,610.00000
2025-11-17 17:22:56.215846,0.00000,0.00000,1.00000,0.00000,0.00000,1.00000,222.00000,50.00000,8.00000,2.00000,2.00000,2.00000,38656.00000,610.00000
2025-11-17 17:22:56.882443,0.00000,0.00000,1.00000,0.00000,0.00000,1.00000,204.00000,46.00000,8.00000,2.00000,2.00000,2.00000,38656.00000,588.00000
2025-11-17 17:22:58.010601,0.00000,0.00000,2.00000,0.00000,0.00000,2.00000,204.00000,46.00000,8.00000,2.00000,2.00000,2.00000,38656.00000,590.00000
2025-11-17 17:22:59.073297,0.00000,0.00000,2.00000,0.00000,0.00000,2.00000,204.00000,46.00000,8.00000,2.00000,2.00000,2.00000,38656.00000,590.00000
2025-11-17 17:22:59.968585,0.00000,0.00000,2.00000,0.00000,0.00000,2.00000,198.00000,46.00000,8.00000,2.00000,2.00000,2.00000,38656.00000,584.00000
2025-11-17 17:23:00.944862,0.00000,0.00000,2.00000,0.00000,0.00000,2.00000,198.00000,46.00000,8.00000,2.00000,2.00000,2.00000,38656.00000,584.00000
2025-11-17 17:23:02.004628,0.00000,0.00000,2.00000,0.00000,0.00000,2.00000,198.00000,46.00000,8.00000,2.00000,2.00000,2.00000,38656.00000,584.00000
2025-11-17 17:23:02.844732,0.00000,0.00000,2.00000,0.00000,0.00000,2.00000,150.00000,42.00000,8.00000,2.00000,2.00000,2.00000,38656.00000,532.00000
2025-11-17 17:23:03.725520,0.00000,0.00000,2.00000,0.00000,0.00000,2.00000,150.00000,42.00000,8.00000,2.00000,2.00000,2.00000,38656.00000,532.00000
2025-11-17 17:23:04.588754,0.00000,0.00000,2.00000,0.00000,0.00000,2.00000,150.00000,42.00000,8.00000,2.00000,2.00000,2.00000,38656.00000,532.00000
2025-11-17 17:23:05.465550,0.00000,0.00000,2.00000,0.00000,0.00000,2.00000,150.00000,42.00000,8.00000,2.00000,2.00000,2.00000,38656.00000,532.00000
2025-11-17 17:23:06.470093,0.00000,0.00000,2.00000,0.00000,0.00000,2.00000,150.00000,42.00000,8.00000,2.00000,2.00000,2.00000,38656.00000,532.00000
2025-11-17 17:23:07.662693,0.00000,0.00000,2.00000,0.00000,0.00000,2.00000,150.00000,42.00000,8.00000,2.00000,2.00000,2.00000,38656.00000,532.00000
2025-11-17 17:23:08.661139,0.00000,0.00000,2.00000,0.00000,0.00000,2.00000,198.00000,52.00000,8.00000,2.00000,2.00000,2.00000,38656.00000,590.00000
2025-11-17 17:23:09.522278,0.00000,0.00000,2.00000,0.00000,0.00000,2.00000,198.00000,52.00000,8.00000,2.00000,2.00000,2.00000,38656.00000,590.00000
2025-11-17 17:23:10.097911,0.00000,0.00000,2.00000,0.00000,0.00000,2.00000,198.00000,52.00000,8.00000,2.00000,2.00000,2.00000,38656.00000,590.00000
2025-11-17 17:23:10.745274,0.00000,0.00000,2.00000,0.00000,0.00000,2.00000,180.00000,50.00000,8.00000,2.00000,2.00000,2.00000,38656.00000,570.00000
2025-11-17 17:23:11.287288,0.00000,0.00000,2.00000,0.00000,0.00000,2.00000,180.00000,50.00000,8.00000,2.00000,2.00000,2.00000,38656.00000,570.00000
2025-11-17 17:23:11.989140,0.00000,0.00000,2.00000,0.00000,0.00000,2.00000,180.00000,50.00000,8.00000,2.00000,2.00000,2.00000,38656.00000,570.00000
2025-11-17 17:23:12.606827,0.00000,0.00000,2.00000,0.00000,0.00000,2.00000,174.00000,46.00000,8.00000,2.00000,2.00000,2.00000,38656.00000,560.00000
2025-11-17 17:23:13.498592,0.00000,0.00000,2.00000,0.00000,0.00000,2.00000,174.00000,46.00000,8.00000,2.00000,2.00000,2.00000,38656.00000,560.00000
2025-11-17 17:23:14.622369,0.00000,0.00000,2.00000,0.00000,0.00000,2.00000,174.00000,46.00000,8.00000,2.00000,2.00000,2.00000,38656.00000,560.00000
2025-11-17 17:23:15.331443,0.00000,0.00000,2.00000,0.00000,0.00000,2.00000,180.00000,48.00000,6.00000,2.00000,2.00000,2.00000,38656.00000,566.00000
2025-11-17 17:23:16.022608,0.00000,0.00000,2.00000,0.00000,0.00000,2.00000,180.00000,48.00000,6.00000,2.00000,2.00000,2.00000,38656.00000,566.00000
2025-11-17 17:23:16.880946,0.00000,0.00000,2.00000,0.00000,0.00000,2.00000,180.00000,48.00000,6.00000,2.00000,2.00000,2.00000,38656.00000,566.00000
2025-11-17 17:23:17.760408,0.00000,0.00000,1.00000,0.00000,0.00000,1.00000,180.00000,48.00000,4.00000,2.00000,0.00000,0.00000,38656.00000,558.00000
2025-11-17 17:23:18.472811,0.00000,0.00000,1.00000,0.00000,0.00000,1.00000,180.00000,48.00000,4.00000,2.00000,0.00000,0.00000,38656.00000,558.00000
2025-11-17 17:23:19.545018,0.00000,0.00000,1.00000,0.00000,0.00000,1.00000,180.00000,48.00000,4.00000,2.00000,0.00000,0.00000,38656.00000,558.00000
2025-11-17 17:23:20.541817,0.00000,0.00000,1.00000,0.00000,0.00000,1.00000,204.00000,52.00000,6.00000,2.00000,0.00000,0.00000,38656.00000,588.00000
2025-11-17 17:23:21.264572,0.00000,0.00000,1.00000,0.00000,0.00000,1.00000,204.00000,52.00000,6.00000,2.00000,0.00000,0.00000,38656.00000,588.00000
2025-11-17 17:23:21.940346,0.00000,0.00000,0.00000,0.00000,0.00000,0.00000,204.00000,52.00000,6.00000,2.00000,0.00000,0.00000,38656.00000,586.00000
2025-11-17 17:23:22.899818,0.00000,0.00000,0.00000,0.00000,0.00000,0.00000,240.00000,56.00000,6.00000,2.00000,0.00000,0.00000,38656.00000,626.00000
2025-11-17 17:23:23.968304,0.00000,0.00000,0.00000,0.00000,0.00000,0.00000,240.00000,56.00000,6.00000,2.00000,0.00000,0.00000,38656.00000,626.00000
2025-11-17 17:23:24.995754,0.00000,0.00000,1.00000,0.00000,0.00000,1.00000,240.00000,56.00000,6.00000,2.00000,0.00000,0.00000,38656.00000,628.00000
2025-11-17 17:23:25.965288,0.00000,0.00000,1.00000,0.00000,0.00000,1.00000,240.00000,56.00000,6.00000,2.00000,0.00000,0.00000,38656.00000,628.00000
2025-11-17 17:23:27.015549,0.00000,0.00000,1.00000,0.00000,0.00000,1.00000,240.00000,56.00000,6.00000,2.00000,0.00000,0.00000,38656.00000,628.00000
2025-11-17 17:23:28.002606,0.00000,0.00000,1.00000,0.00000,0.00000,1.00000,240.00000,56.00000,6.00000,2.00000,0.00000,0.00000,38656.00000,628.00000
2025-11-17 17:23:28.957373,0.00000,0.00000,1.00000,0.00000,0.00000,1.00000,246.00000,58.00000,10.00000,2.00000,0.00000,0.00000,38656.00000,640.00000
2025-11-17 17:23:30.069874,0.00000,0.00000,1.00000,0.00000,0.00000,1.00000,246.00000,58.00000,10.00000,2.00000,0.00000,0.00000,38656.00000,640.00000
2025-11-17 17:23:30.960821,0.00000,0.00000,1.00000,0.00000,0.00000,1.00000,246.00000,58.00000,10.00000,2.00000,0.00000,0.00000,38656.00000,640.00000
2025-11-17 17:23:31.947694,0.00000,0.00000,1.00000,0.00000,0.00000,1.00000,258.00000,60.00000,10.00000,2.00000,0.00000,0.00000,38656.00000,399.00000
2025-11-17 17:23:32.710047,0.00000,0.00000,1.00000,0.00000,0.00000,1.00000,258.00000,60.00000,10.00000,2.00000,0.00000,0.00000,38656.00000,399.00000
2025-11-17 17:23:33.154690,0.00000,0.00000,1.00000,0.00000,0.00000,1.00000,258.00000,60.00000,10.00000,2.00000,0.00000,0.00000,38656.00000,399.00000
2025-11-17 17:23:33.617098,0.00000,0.00000,1.00000,0.00000,0.00000,1.00000,228.00000,56.00000,12.00000,2.00000,0.00000,0.00000,38656.00000,622.00000
2025-11-17 17:23:34.311028,0.00000,0.00000,1.00000,0.00000,0.00000,1.00000,228.00000,56.00000,12.00000,2.00000,0.00000,0.00000,38656.00000,622.00000
2025-11-17 17:23:34.816672,0.00000,0.00000,1.00000,0.00000,0.00000,1.00000,228.00000,56.00000,12.00000,2.00000,0.00000,0.00000,38656.00000,622.00000
2025-11-17 17:23:35.960479,0.00000,0.00000,1.00000,0.00000,0.00000,1.00000,270.00000,60.00000,12.00000,2.00000,0.00000,0.00000,38656.00000,413.00000
2025-11-17 17:23:37.150055,0.00000,0.00000,1.00000,0.00000,0.00000,1.00000,270.00000,60.00000,12.00000,2.00000,0.00000,0.00000,38656.00000,413.00000
2025-11-17 17:23:38.121147,0.00000,0.00000,1.00000,0.00000,0.00000,1.00000,270.00000,60.00000,12.00000,2.00000,0.00000,0.00000,38656.00000,413.00000
2025-11-17 17:23:39.322521,0.00000,0.00000,1.00000,0.00000,0.00000,1.00000,282.00000,66.00000,14.00000,2.00000,0.00000,0.00000,38656.00000,433.00000
2025-11-17 17:23:40.198402,0.00000,0.00000,1.00000,0.00000,0.00000,1.00000,282.00000,66.00000,14.00000,2.00000,0.00000,0.00000,38656.00000,433.00000
2025-11-17 17:23:41.339379,0.00000,0.00000,1.00000,0.00000,0.00000,1.00000,282.00000,66.00000,14.00000,2.00000,0.00000,0.00000,38656.00000,433.00000
2025-11-17 17:23:42.396000,0.00000,0.00000,1.00000,0.00000,0.00000,1.00000,258.00000,58.00000,14.00000,2.00000,0.00000,0.00000,38656.00000,401.00000
2025-11-17 17:23:43.341670,0.00000,0.00000,1.00000,0.00000,0.00000,1.00000,258.00000,58.00000,14.00000,2.00000,0.00000,0.00000,38656.00000,401.00000
2025-11-17 17:23:44.260999,0.00000,0.00000,1.00000,0.00000,0.00000,1.00000,258.00000,58.00000,14.00000,2.00000,0.00000,0.00000,38656.00000,401.00000
2025-11-17 17:23:45.296203,0.00000,1.00000,1.00000,0.00000,1.00000,1.00000,276.00000,54.00000,14.00000,4.00000,0.00000,0.00000,38656.00000,419.00000
2025-11-17 17:23:46.091302,0.00000,1.00000,1.00000,0.00000,1.00000,1.00000,276.00000,54.00000,14.00000,4.00000,0.00000,0.00000,38656.00000,419.00000
2025-11-17 17:23:46.849750,0.00000,1.00000,1.00000,0.00000,1.00000,1.00000,276.00000,54.00000,14.00000,4.00000,0.00000,0.00000,38656.00000,419.00000
2025-11-17 17:23:47.368523,0.00000,1.00000,1.00000,0.00000,1.00000,1.00000,264.00000,54.00000,14.00000,4.00000,0.00000,0.00000,38656.00000,407.00000
2025-11-17 17:23:47.858543,0.00000,1.00000,1.00000,0.00000,1.00000,1.00000,264.00000,54.00000,14.00000,4.00000,0.00000,0.00000,38656.00000,407.00000
2025-11-17 17:23:48.228768,0.00000,1.00000,1.00000,0.00000,1.00000,1.00000,264.00000,54.00000,14.00000,4.00000,0.00000,0.00000,38656.00000,407.00000
2025-11-17 17:23:48.861498,0.00000,0.00000,0.00000,0.00000,0.00000,0.00000,246.00000,56.00000,14.00000,4.00000,0.00000,0.00000,38656.00000,642.00000
2025-11-17 17:23:49.682857,0.00000,0.00000,0.00000,0.00000,0.00000,0.00000,246.00000,56.00000,14.00000,4.00000,0.00000,0.00000,38656.00000,642.00000
2025-11-17 17:23:50.371507,0.00000,0.00000,0.00000,0.00000,0.00000,0.00000,246.00000,56.00000,14.00000,4.00000,0.00000,0.00000,38656.00000,642.00000
2025-11-17 17:23:51.212588,0.00000,1.00000,3.00000,0.00000,1.00000,3.00000,252.00000,54.00000,16.00000,6.00000,2.00000,2.00000,38656.00000,662.00000
2025-11-17 17:23:52.198889,0.00000,1.00000,3.00000,0.00000,1.00000,3.00000,252.00000,54.00000,16.00000,6.00000,2.00000,2.00000,38656.00000,662.00000
2025-11-17 17:23:53.035754,0.00000,1.00000,3.00000,0.00000,1.00000,3.00000,252.00000,54.00000,16.00000,6.00000,2.00000,2.00000,38656.00000,662.00000
2025-11-17 17:23:53.906561,0.00000,0.00000,2.00000,0.00000,0.00000,2.00000,270.00000,50.00000,12.00000,6.00000,2.00000,2.00000,38656.00000,413.00000
2025-11-17 17:23:54.738673,0.00000,0.00000,2.00000,0.00000,0.00000,2.00000,270.00000,50.00000,12.00000,6.00000,2.00000,2.00000,38656.00000,413.00000
2025-11-17 17:23:55.834677,0.00000,0.00000,2.00000,0.00000,0.00000,2.00000,270.00000,50.00000,12.00000,6.00000,2.00000,2.00000,38656.00000,413.00000
2025-11-17 17:23:56.501244,0.00000,0.00000,2.00000,0.00000,0.00000,2.00000,264.00000,54.00000,12.00000,6.00000,2.00000,2.00000,38656.00000,411.00000
2025-11-17 17:23:57.366634,0.00000,1.00000,3.00000,0.00000,1.00000,3.00000,264.00000,54.00000,12.00000,6.00000,2.00000,2.00000,38656.00000,415.00000
2025-11-17 17:23:58.369672,0.00000,1.00000,3.00000,0.00000,1.00000,3.00000,264.00000,54.00000,12.00000,6.00000,2.00000,2.00000,38656.00000,415.00000
2025-11-17 17:23:59.550198,0.00000,1.00000,3.00000,0.00000,1.00000,3.00000,264.00000,54.00000,12.00000,6.00000,2.00000,2.00000,38656.00000,415.00000
2025-11-17 17:24:00.317543,0.00000,1.00000,3.00000,0.00000,1.00000,3.00000,264.00000,54.00000,12.00000,6.00000,2.00000,2.00000,38656.00000,415.00000
2025-11-17 17:24:01.192576,0.00000,1.00000,3.00000,0.00000,1.00000,3.00000,264.00000,54.00000,12.00000,6.00000,2.00000,2.00000,38656.00000,415.00000
2025-11-17 17:24:01.976709,0.00000,1.00000,3.00000,0.00000,1.00000,3.00000,258.00000,56.00000,14.00000,6.00000,2.00000,2.00000,38656.00000,413.00000
2025-11-17 17:24:03.126554,0.00000,1.00000,3.00000,0.00000,1.00000,3.00000,258.00000,56.00000,14.00000,6.00000,2.00000,2.00000,38656.00000,413.00000
2025-11-17 17:24:04.109225,0.00000,1.00000,3.00000,0.00000,1.00000,3.00000,258.00000,56.00000,14.00000,6.00000,2.00000,2.00000,38656.00000,413.00000
2025-11-17 17:24:05.076551,0.00000,1.00000,3.00000,0.00000,1.00000,3.00000,264.00000,58.00000,14.00000,6.00000,2.00000,2.00000,38656.00000,421.00000
2025-11-17 17:24:06.045504,0.00000,1.00000,3.00000,0.00000,1.00000,3.00000,264.00000,58.00000,14.00000,6.00000,2.00000,2.00000,38656.00000,421.00000
2025-11-17 17:24:06.996184,0.00000,1.00000,3.00000,0.00000,1.00000,3.00000,264.00000,58.00000,14.00000,6.00000,2.00000,2.00000,38656.00000,421.00000
2025-11-17 17:24:08.075631,0.00000,1.00000,3.00000,0.00000,1.00000,3.00000,282.00000,60.00000,14.00000,6.00000,2.00000,2.00000,38656.00000,441.00000
2025-11-17 17:24:09.188476,0.00000,1.00000,3.00000,0.00000,1.00000,3.00000,282.00000,60.00000,14.00000,6.00000,2.00000,2.00000,38656.00000,441.00000
2025-11-17 17:24:10.014687,0.00000,1.00000,3.00000,0.00000,1.00000,3.00000,282.00000,60.00000,14.00000,6.00000,2.00000,2.00000,38656.00000,441.00000
2025-11-17 17:24:10.507419,0.00000,0.00000,2.00000,0.00000,0.00000,2.00000,246.00000,58.00000,10.00000,2.00000,2.00000,2.00000,38656.00000,646.00000
2025-11-17 17:24:11.033157,0.00000,0.00000,2.00000,0.00000,0.00000,2.00000,246.00000,58.00000,10.00000,2.00000,2.00000,2.00000,38656.00000,646.00000
2025-11-17 17:24:11.507697,0.00000,0.00000,2.00000,0.00000,0.00000,2.00000,246.00000,58.00000,10.00000,2.00000,2.00000,2.00000,38656.00000,646.00000
2025-11-17 17:24:11.942615,0.00000,0.00000,1.00000,0.00000,0.00000,1.00000,228.00000,52.00000,10.00000,2.00000,2.00000,2.00000,38656.00000,620.00000
2025-11-17 17:24:12.876795,0.00000,0.00000,1.00000,0.00000,0.00000,1.00000,228.00000,52.00000,10.00000,2.00000,2.00000,2.00000,38656.00000,620.00000
2025-11-17 17:24:13.807008,0.00000,0.00000,1.00000,0.00000,0.00000,1.00000,228.00000,52.00000,10.00000,2.00000,2.00000,2.00000,38656.00000,620.00000
2025-11-17 17:24:14.941828,0.00000,0.00000,1.00000,0.00000,0.00000,1.00000,210.00000,46.00000,12.00000,2.00000,2.00000,2.00000,38656.00000,598.00000
2025-11-17 17:24:15.977233,0.00000,0.00000,2.00000,0.00000,0.00000,2.00000,210.00000,46.00000,12.00000,2.00000,2.00000,2.00000,38656.00000,600.00000
2025-11-17 17:24:17.137262,0.00000,0.00000,2.00000,0.00000,0.00000,2.00000,210.00000,46.00000,12.00000,2.00000,2.00000,2.00000,38656.00000,600.00000
2025-11-17 17:24:18.059799,0.00000,0.00000,0.00000,0.00000,0.00000,0.00000,228.00000,48.00000,10.00000,0.00000,0.00000,0.00000,38656.00000,608.00000
2025-11-17 17:24:18.959442,0.00000,0.00000,0.00000,0.00000,0.00000,0.00000,228.00000,48.00000,10.00000,0.00000,0.00000,0.00000,38656.00000,608.00000
2025-11-17 17:24:19.815995,0.00000,0.00000,0.00000,0.00000,0.00000,0.00000,228.00000,48.00000,10.00000,0.00000,0.00000,0.00000,38656.00000,608.00000
2025-11-17 17:24:20.694867,0.00000,0.00000,0.00000,0.00000,0.00000,0.00000,240.00000,52.00000,12.00000,0.00000,0.00000,0.00000,38656.00000,626.00000
2025-11-17 17:24:21.700443,0.00000,0.00000,0.00000,0.00000,0.00000,0.00000,240.00000,52.00000,12.00000,0.00000,0.00000,0.00000,38656.00000,626.00000
2025-11-17 17:24:22.831497,0.00000,0.00000,0.00000,0.00000,0.00000,0.00000,240.00000,52.00000,12.00000,0.00000,0.00000,0.00000,38656.00000,626.00000
2025-11-17 17:24:23.729041,0.00000,1.00000,1.00000,0.00000,1.00000,1.00000,228.00000,46.00000,14.00000,0.00000,0.00000,0.00000,38656.00000,614.00000
2025-11-17 17:24:24.163905,0.00000,1.00000,1.00000,0.00000,1.00000,1.00000,228.00000,46.00000,14.00000,0.00000,0.00000,0.00000,38656.00000,614.00000
2025-11-17 17:24:24.413195,0.00000,1.00000,1.00000,0.00000,1.00000,1.00000,228.00000,46.00000,14.00000,0.00000,0.00000,0.00000,38656.00000,614.00000
2025-11-17 17:24:24.993291,0.00000,1.00000,1.00000,0.00000,1.00000,1.00000,234.00000,48.00000,14.00000,0.00000,0.00000,0.00000,38656.00000,622.00000
2025-11-17 17:24:25.949125,0.00000,1.00000,1.00000,0.00000,1.00000,1.00000,234.00000,48.00000,14.00000,0.00000,0.00000,0.00000,38656.00000,622.00000
2025-11-17 17:24:26.776699,0.00000,0.00000,0.00000,0.00000,0.00000,0.00000,234.00000,48.00000,14.00000,0.00000,0.00000,0.00000,38656.00000,618.00000
2025-11-17 17:24:27.587358,0.00000,0.00000,0.00000,0.00000,0.00000,0.00000,240.00000,50.00000,18.00000,0.00000,0.00000,0.00000,38656.00000,630.00000
2025-11-17 17:24:28.427986,0.00000,0.00000,0.00000,0.00000,0.00000,0.00000,240.00000,50.00000,18.00000,0.00000,0.00000,0.00000,38656.00000,630.00000
2025-11-17 17:24:29.259104,0.00000,0.00000,0.00000,0.00000,0.00000,0.00000,240.00000,50.00000,18.00000,0.00000,0.00000,0.00000,38656.00000,630.00000
2025-11-17 17:24:30.237987,0.00000,1.00000,1.00000,0.00000,1.00000,1.00000,258.00000,52.00000,16.00000,0.00000,0.00000,0.00000,38656.00000,397.00000
2025-11-17 17:24:31.115851,0.00000,1.00000,1.00000,0.00000,1.00000,1.00000,258.00000,52.00000,16.00000,0.00000,0.00000,0.00000,38656.00000,397.00000
2025-11-17 17:24:31.895422,0.00000,1.00000,1.00000,0.00000,1.00000,1.00000,258.00000,52.00000,16.00000,0.00000,0.00000,0.00000,38656.00000,397.00000
2025-11-17 17:24:32.655163,0.00000,1.00000,1.00000,0.00000,1.00000,1.00000,306.00000,62.00000,18.00000,0.00000,0.00000,0.00000,38656.00000,457.00000
2025-11-17 17:24:33.757979,0.00000,1.00000,1.00000,0.00000,1.00000,1.00000,306.00000,62.00000,18.00000,0.00000,0.00000,0.00000,38656.00000,457.00000
2025-11-17 17:24:34.918214,0.00000,1.00000,1.00000,0.00000,1.00000,1.00000,306.00000,62.00000,18.00000,0.00000,0.00000,0.00000,38656.00000,457.00000
2025-11-17 17:24:35.929926,0.00000,1.00000,1.00000,0.00000,1.00000,1.00000,312.00000,64.00000,18.00000,0.00000,0.00000,0.00000,38656.00000,465.00000
2025-11-17 17:24:36.791133,0.00000,0.00000,0.00000,0.00000,0.00000,0.00000,312.00000,64.00000,18.00000,0.00000,0.00000,0.00000,38656.00000,461.00000
2025-11-17 17:24:37.595908,0.00000,0.00000,0.00000,0.00000,0.00000,0.00000,312.00000,64.00000,18.00000,0.00000,0.00000,0.00000,38656.00000,461.00000
2025-11-17 17:24:38.353826,0.00000,0.00000,0.00000,0.00000,0.00000,0.00000,348.00000,66.00000,18.00000,0.00000,0.00000,0.00000,38656.00000,499.00000
2025-11-17 17:24:39.223278,0.00000,1.00000,1.00000,0.00000,1.00000,1.00000,348.00000,66.00000,18.00000,0.00000,0.00000,0.00000,38656.00000,503.00000
2025-11-17 17:24:40.189450,0.00000,1.00000,1.00000,0.00000,1.00000,1.00000,348.00000,66.00000,18.00000,0.00000,0.00000,0.00000,38656.00000,503.00000
2025-11-17 17:24:41.041142,0.00000,1.00000,1.00000,0.00000,1.00000,1.00000,378.00000,68.00000,16.00000,0.00000,0.00000,0.00000,38656.00000,533.00000
2025-11-17 17:24:42.185198,0.00000,1.00000,1.00000,0.00000,1.00000,1.00000,378.00000,68.00000,16.00000,0.00000,0.00000,0.00000,38656.00000,533.00000
2025-11-17 17:24:43.138613,0.00000,1.00000,1.00000,0.00000,1.00000,1.00000,378.00000,68.00000,16.00000,0.00000,0.00000,0.00000,38656.00000,533.00000
2025-11-17 17:24:44.009589,0.00000,1.00000,1.00000,0.00000,1.00000,1.00000,360.00000,70.00000,16.00000,0.00000,0.00000,0.00000,38656.00000,517.00000
2025-11-17 17:24:44.932577,0.00000,1.00000,1.00000,0.00000,1.00000,1.00000,360.00000,70.00000,16.00000,0.00000,0.00000,0.00000,38656.00000,517.00000
2025-11-17 17:24:45.891757,0.00000,1.00000,1.00000,0.00000,1.00000,1.00000,360.00000,70.00000,16.00000,0.00000,0.00000,0.00000,38656.00000,517.00000
2025-11-17 17:24:46.861995,0.00000,1.00000,1.00000,0.00000,1.00000,1.00000,342.00000,70.00000,14.00000,0.00000,0.00000,0.00000,38656.00000,497.00000
2025-11-17 17:24:47.844845,0.00000,1.00000,1.00000,0.00000,1.00000,1.00000,342.00000,70.00000,14.00000,0.00000,0.00000,0.00000,38656.00000,497.00000
2025-11-17 17:24:48.527469,0.00000,1.00000,1.00000,0.00000,1.00000,1.00000,342.00000,70.00000,14.00000,0.00000,0.00000,0.00000,38656.00000,497.00000
2025-11-17 17:24:48.770565,0.00000,0.00000,0.00000,0.00000,0.00000,0.00000,348.00000,74.00000,12.00000,0.00000,0.00000,0.00000,38656.00000,501.00000
2025-11-17 17:24:49.190132,0.00000,0.00000,0.00000,0.00000,0.00000,0.00000,348.00000,74.00000,12.00000,0.00000,0.00000,0.00000,38656.00000,501.00000
2025-11-17 17:24:49.857570,0.00000,0.00000,0.00000,0.00000,0.00000,0.00000,348.00000,74.00000,12.00000,0.00000,0.00000,0.00000,38656.00000,501.00000
2025-11-17 17:24:50.941771,0.00000,1.00000,1.00000,0.00000,1.00000,1.00000,330.00000,68.00000,10.00000,0.00000,0.00000,0.00000,38656.00000,479.00000
2025-11-17 17:24:51.869793,0.00000,1.00000,1.00000,0.00000,1.00000,1.00000,330.00000,68.00000,10.00000,0.00000,0.00000,0.00000,38656.00000,479.00000
2025-11-17 17:24:52.793260,0.00000,1.00000,1.00000,0.00000,1.00000,1.00000,330.00000,68.00000,10.00000,0.00000,0.00000,0.00000,38656.00000,479.00000
2025-11-17 17:24:53.588195,0.00000,0.00000,0.00000,0.00000,0.00000,0.00000,318.00000,66.00000,4.00000,0.00000,0.00000,0.00000,38656.00000,455.00000
2025-11-17 17:24:54.439182,0.00000,0.00000,0.00000,0.00000,0.00000,0.00000,318.00000,66.00000,4.00000,0.00000,0.00000,0.00000,38656.00000,455.00000
2025-11-17 17:24:55.300038,0.00000,0.00000,0.00000,0.00000,0.00000,0.00000,318.00000,66.00000,4.00000,0.00000,0.00000,0.00000,38656.00000,455.00000
2025-11-17 17:24:56.131541,0.00000,0.00000,0.00000,0.00000,0.00000,0.00000,300.00000,58.00000,4.00000,0.00000,0.00000,0.00000,38656.00000,429.00000
2025-11-17 17:24:56.901854,0.00000,0.00000,0.00000,0.00000,0.00000,0.00000,300.00000,58.00000,4.00000,0.00000,0.00000,0.00000,38656.00000,429.00000
2025-11-17 17:24:57.737778,0.00000,0.00000,0.00000,0.00000,0.00000,0.00000,300.00000,58.00000,4.00000,0.00000,0.00000,0.00000,38656.00000,429.00000
2025-11-17 17:24:58.561171,0.00000,0.00000,0.00000,0.00000,0.00000,0.00000,270.00000,56.00000,4.00000,0.00000,0.00000,0.00000,38656.00000,397.00000
2025-11-17 17:24:59.486078,0.00000,0.00000,0.00000,0.00000,0.00000,0.00000,270.00000,56.00000,4.00000,0.00000,0.00000,0.00000,38656.00000,397.00000
2025-11-17 17:25:00.324243,0.00000,0.00000,0.00000,0.00000,0.00000,0.00000,270.00000,56.00000,4.00000,0.00000,0.00000,0.00000,38656.00000,397.00000
2025-11-17 17:25:01.258570,0.00000,1.00000,1.00000,0.00000,1.00000,1.00000,264.00000,54.00000,6.00000,2.00000,0.00000,0.00000,38656.00000,397.00000
2025-11-17 17:25:02.217288,0.00000,1.00000,1.00000,0.00000,1.00000,1.00000,264.00000,54.00000,6.00000,2.00000,0.00000,0.00000,38656.00000,397.00000
2025-11-17 17:25:02.924198,0.00000,1.00000,1.00000,0.00000,1.00000,1.00000,264.00000,54.00000,6.00000,2.00000,0.00000,0.00000,38656.00000,397.00000
2025-11-17 17:25:03.721594,0.00000,1.00000,1.00000,0.00000,1.00000,1.00000,234.00000,54.00000,4.00000,2.00000,0.00000,0.00000,38656.00000,620.00000
2025-11-17 17:25:04.540580,0.00000,1.00000,1.00000,0.00000,1.00000,1.00000,234.00000,54.00000,4.00000,2.00000,0.00000,0.00000,38656.00000,620.00000
2025-11-17 17:25:05.646749,0.00000,0.00000,0.00000,0.00000,0.00000,0.00000,234.00000,54.00000,4.00000,2.00000,0.00000,0.00000,38656.00000,616.00000
2025-11-17 17:25:06.539623,0.00000,0.00000,0.00000,0.00000,0.00000,0.00000,228.00000,56.00000,4.00000,2.00000,0.00000,0.00000,38656.00000,612.00000
2025-11-17 17:25:07.349284,0.00000,0.00000,0.00000,0.00000,0.00000,0.00000,228.00000,56.00000,4.00000,2.00000,0.00000,0.00000,38656.00000,612.00000
2025-11-17 17:25:08.171264,0.00000,0.00000,0.00000,0.00000,0.00000,0.00000,228.00000,56.00000,4.00000,2.00000,0.00000,0.00000,38656.00000,612.00000
2025-11-17 17:25:09.240138,0.00000,1.00000,1.00000,0.00000,1.00000,1.00000,234.00000,54.00000,4.00000,2.00000,0.00000,0.00000,38656.00000,620.00000
2025-11-17 17:25:10.104337,0.00000,1.00000,1.00000,0.00000,1.00000,1.00000,234.00000,54.00000,4.00000,2.00000,0.00000,0.00000,38656.00000,620.00000
2025-11-17 17:25:10.886613,0.00000,1.00000,1.00000,0.00000,1.00000,1.00000,234.00000,54.00000,4.00000,2.00000,0.00000,0.00000,38656.00000,620.00000
2025-11-17 17:25:11.709959,0.00000,0.00000,0.00000,0.00000,0.00000,0.00000,258.00000,66.00000,8.00000,2.00000,0.00000,0.00000,38656.00000,401.00000
2025-11-17 17:25:12.998897,0.00000,0.00000,0.00000,0.00000,0.00000,0.00000,258.00000,66.00000,8.00000,2.00000,0.00000,0.00000,38656.00000,401.00000
2025-11-17 17:25:13.890907,0.00000,0.00000,0.00000,0.00000,0.00000,0.00000,258.00000,66.00000,8.00000,2.00000,0.00000,0.00000,38656.00000,401.00000
2025-11-17 17:25:14.721331,0.00000,0.00000,0.00000,0.00000,0.00000,0.00000,246.00000,62.00000,8.00000,2.00000,0.00000,0.00000,38656.00000,640.00000
2025-11-17 17:25:15.531544,0.00000,1.00000,1.00000,0.00000,1.00000,1.00000,246.00000,62.00000,8.00000,2.00000,0.00000,0.00000,38656.00000,644.00000
2025-11-17 17:25:16.435677,0.00000,1.00000,1.00000,0.00000,1.00000,1.00000,246.00000,62.00000,8.00000,2.00000,0.00000,0.00000,38656.00000,644.00000
2025-11-17 17:25:17.191147,1.00000,1.00000,1.00000,1.00000,1.00000,1.00000,264.00000,68.00000,8.00000,2.00000,0.00000,0.00000,38656.00000,415.00000
2025-11-17 17:25:18.240638,0.00000,0.00000,0.00000,0.00000,0.00000,0.00000,264.00000,68.00000,8.00000,2.00000,0.00000,0.00000,38656.00000,409.00000
2025-11-17 17:25:19.070760,0.00000,0.00000,0.00000,0.00000,0.00000,0.00000,264.00000,68.00000,8.00000,2.00000,0.00000,0.00000,38656.00000,409.00000
2025-11-17 17:25:19.878847,0.00000,0.00000,0.00000,0.00000,0.00000,0.00000,246.00000,64.00000,8.00000,2.00000,0.00000,0.00000,38656.00000,642.00000
2025-11-17 17:25:20.702935,0.00000,0.00000,0.00000,0.00000,0.00000,0.00000,246.00000,64.00000,8.00000,2.00000,0.00000,0.00000,38656.00000,642.00000
2025-11-17 17:25:21.539354,1.00000,1.00000,1.00000,1.00000,1.00000,1.00000,246.00000,64.00000,8.00000,2.00000,0.00000,0.00000,38656.00000,648.00000
2025-11-17 17:25:22.474179,1.00000,1.00000,1.00000,1.00000,1.00000,1.00000,246.00000,66.00000,8.00000,2.00000,0.00000,0.00000,38656.00000,650.00000
2025-11-17 17:25:23.324917,1.00000,1.00000,1.00000,1.00000,1.00000,1.00000,246.00000,66.00000,8.00000,2.00000,0.00000,0.00000,38656.00000,650.00000
2025-11-17 17:25:24.187339,0.00000,0.00000,0.00000,0.00000,0.00000,0.00000,246.00000,66.00000,8.00000,2.00000,0.00000,0.00000,38656.00000,644.00000
2025-11-17 17:25:24.985274,0.00000,0.00000,1.00000,0.00000,0.00000,1.00000,240.00000,64.00000,8.00000,4.00000,0.00000,0.00000,38656.00000,640.00000
2025-11-17 17:25:25.767881,0.00000,0.00000,1.00000,0.00000,0.00000,1.00000,240.00000,64.00000,8.00000,4.00000,0.00000,0.00000,38656.00000,640.00000
2025-11-17 17:25:26.531571,1.00000,1.00000,2.00000,1.00000,1.00000,2.00000,240.00000,64.00000,8.00000,4.00000,0.00000,0.00000,38656.00000,646.00000
2025-11-17 17:25:27.208407,1.00000,1.00000,1.00000,1.00000,1.00000,1.00000,240.00000,64.00000,6.00000,2.00000,0.00000,0.00000,38656.00000,640.00000
2025-11-17 17:25:28.041796,1.00000,1.00000,1.00000,1.00000,1.00000,1.00000,240.00000,64.00000,6.00000,2.00000,0.00000,0.00000,38656.00000,640.00000
2025-11-17 17:25:28.744227,1.00000,1.00000,1.00000,1.00000,1.00000,1.00000,240.00000,64.00000,6.00000,2.00000,0.00000,0.00000,38656.00000,640.00000
2025-11-17 17:25:29.818204,0.00000,0.00000,0.00000,0.00000,0.00000,0.00000,258.00000,68.00000,6.00000,2.00000,0.00000,0.00000,38656.00000,401.00000
2025-11-17 17:25:30.723932,0.00000,0.00000,0.00000,0.00000,0.00000,0.00000,258.00000,68.00000,6.00000,2.00000,0.00000,0.00000,38656.00000,401.00000
2025-11-17 17:25:31.836703,0.00000,0.00000,0.00000,0.00000,0.00000,0.00000,258.00000,68.00000,6.00000,2.00000,0.00000,0.00000,38656.00000,401.00000
2025-11-17 17:25:32.612895,1.00000,1.00000,1.00000,1.00000,1.00000,1.00000,264.00000,70.00000,6.00000,2.00000,0.00000,0.00000,38656.00000,415.00000
2025-11-17 17:25:33.248682,1.00000,1.00000,1.00000,1.00000,1.00000,1.00000,264.00000,70.00000,6.00000,2.00000,0.00000,0.00000,38656.00000,415.00000
2025-11-17 17:25:34.239786,1.00000,1.00000,1.00000,1.00000,1.00000,1.00000,264.00000,70.00000,6.00000,2.00000,0.00000,0.00000,38656.00000,415.00000
2025-11-17 17:25:35.226132,0.00000,1.00000,1.00000,0.00000,1.00000,1.00000,246.00000,68.00000,8.00000,2.00000,0.00000,0.00000,38656.00000,650.00000
2025-11-17 17:25:35.939313,0.00000,0.00000,0.00000,0.00000,0.00000,0.00000,246.00000,68.00000,8.00000,2.00000,0.00000,0.00000,38656.00000,646.00000
2025-11-17 17:25:37.000573,0.00000,0.00000,0.00000,0.00000,0.00000,0.00000,246.00000,68.00000,8.00000,2.00000,0.00000,0.00000,38656.00000,646.00000
2025-11-17 17:25:37.779684,0.00000,0.00000,0.00000,0.00000,0.00000,0.00000,216.00000,56.00000,8.00000,2.00000,0.00000,0.00000,38656.00000,604.00000
2025-11-17 17:25:38.713313,0.00000,0.00000,1.00000,0.00000,0.00000,1.00000,216.00000,56.00000,8.00000,2.00000,0.00000,0.00000,38656.00000,606.00000
2025-11-17 17:25:39.470161,0.00000,0.00000,1.00000,0.00000,0.00000,1.00000,216.00000,56.00000,8.00000,2.00000,0.00000,0.00000,38656.00000,606.00000
2025-11-17 17:25:40.338717,0.00000,1.00000,2.00000,0.00000,1.00000,2.00000,294.00000,66.00000,10.00000,4.00000,0.00000,0.00000,38656.00000,447.00000
2025-11-17 17:25:41.074816,0.00000,1.00000,2.00000,0.00000,1.00000,2.00000,294.00000,66.00000,10.00000,4.00000,0.00000,0.00000,38656.00000,447.00000
2025-11-17 17:25:41.710150,0.00000,0.00000,1.00000,0.00000,0.00000,1.00000,294.00000,66.00000,10.00000,4.00000,0.00000,0.00000,38656.00000,443.00000
2025-11-17 17:25:42.775772,0.00000,0.00000,1.00000,0.00000,0.00000,1.00000,300.00000,62.00000,12.00000,4.00000,0.00000,0.00000,38656.00000,447.00000
2025-11-17 17:25:43.418228,0.00000,0.00000,1.00000,0.00000,0.00000,1.00000,300.00000,62.00000,12.00000,4.00000,0.00000,0.00000,38656.00000,447.00000
2025-11-17 17:25:44.518301,0.00000,1.00000,2.00000,0.00000,1.00000,2.00000,300.00000,62.00000,12.00000,4.00000,0.00000,0.00000,38656.00000,451.00000
2025-11-17 17:25:45.495061,0.00000,1.00000,2.00000,0.00000,1.00000,2.00000,378.00000,72.00000,16.00000,4.00000,0.00000,0.00000,38656.00000,543.00000
2025-11-17 17:25:46.334029,0.00000,1.00000,2.00000,0.00000,1.00000,2.00000,378.00000,72.00000,16.00000,4.00000,0.00000,0.00000,38656.00000,543.00000
2025-11-17 17:25:47.218500,0.00000,1.00000,2.00000,0.00000,1.00000,2.00000,378.00000,72.00000,16.00000,4.00000,0.00000,0.00000,38656.00000,543.00000
2025-11-17 17:25:48.105570,0.00000,0.00000,1.00000,0.00000,0.00000,1.00000,372.00000,72.00000,16.00000,4.00000,0.00000,0.00000,38656.00000,533.00000
2025-11-17 17:25:49.003607,0.00000,0.00000,1.00000,0.00000,0.00000,1.00000,372.00000,72.00000,16.00000,4.00000,0.00000,0.00000,38656.00000,533.00000
2025-11-17 17:25:49.786009,0.00000,0.00000,1.00000,0.00000,0.00000,1.00000,372.00000,72.00000,16.00000,4.00000,0.00000,0.00000,38656.00000,533.00000
2025-11-17 17:25:50.651077,0.00000,1.00000,1.00000,0.00000,1.00000,1.00000,372.00000,68.00000,16.00000,2.00000,0.00000,0.00000,38656.00000,529.00000
2025-11-17 17:25:51.453593,0.00000,1.00000,1.00000,0.00000,1.00000,1.00000,372.00000,68.00000,16.00000,2.00000,0.00000,0.00000,38656.00000,529.00000
2025-11-17 17:25:52.416260,0.00000,1.00000,1.00000,0.00000,1.00000,1.00000,372.00000,68.00000,16.00000,2.00000,0.00000,0.00000,38656.00000,529.00000
2025-11-17 17:25:53.226960,0.00000,1.00000,1.00000,0.00000,1.00000,1.00000,384.00000,72.00000,16.00000,2.00000,0.00000,0.00000,38656.00000,545.00000
2025-11-17 17:25:54.018402,0.00000,0.00000,0.00000,0.00000,0.00000,0.00000,384.00000,72.00000,16.00000,2.00000,0.00000,0.00000,38656.00000,541.00000
2025-11-17 17:25:54.799455,0.00000,0.00000,0.00000,0.00000,0.00000,0.00000,384.00000,72.00000,16.00000,2.00000,0.00000,0.00000,38656.00000,541.00000
2025-11-17 17:25:55.689961,0.00000,0.00000,0.00000,0.00000,0.00000,0.00000,390.00000,70.00000,16.00000,2.00000,0.00000,0.00000,38656.00000,545.00000
2025-11-17 17:25:56.471679,0.00000,1.00000,1.00000,0.00000,1.00000,1.00000,390.00000,70.00000,16.00000,2.00000,0.00000,0.00000,38656.00000,549.00000
2025-11-17 17:25:57.216795,0.00000,1.00000,1.00000,0.00000,1.00000,1.00000,390.00000,70.00000,16.00000,2.00000,0.00000,0.00000,38656.00000,549.00000
2025-11-17 17:25:58.131832,0.00000,1.00000,1.00000,0.00000,1.00000,1.00000,372.00000,68.00000,18.00000,2.00000,0.00000,0.00000,38656.00000,531.00000
2025-11-17 17:25:58.970900,0.00000,1.00000,1.00000,0.00000,1.00000,1.00000,372.00000,68.00000,18.00000,2.00000,0.00000,0.00000,38656.00000,531.00000
2025-11-17 17:26:00.066829,0.00000,1.00000,1.00000,0.00000,1.00000,1.00000,372.00000,68.00000,18.00000,2.00000,0.00000,0.00000,38656.00000,531.00000
2025-11-17 17:26:00.773814,0.00000,1.00000,1.00000,0.00000,1.00000,1.00000,384.00000,72.00000,16.00000,2.00000,0.00000,0.00000,38656.00000,545.00000
2025-11-17 17:26:01.671255,0.00000,1.00000,1.00000,0.00000,1.00000,1.00000,384.00000,72.00000,16.00000,2.00000,0.00000,0.00000,38656.00000,545.00000
2025-11-17 17:26:02.633011,0.00000,1.00000,1.00000,0.00000,1.00000,1.00000,384.00000,72.00000,16.00000,2.00000,0.00000,0.00000,38656.00000,545.00000
2025-11-17 17:26:03.354849,0.00000,1.00000,1.00000,0.00000,1.00000,1.00000,438.00000,72.00000,12.00000,2.00000,0.00000,0.00000,38656.00000,595.00000
2025-11-17 17:26:04.390757,0.00000,1.00000,1.00000,0.00000,1.00000,1.00000,438.00000,72.00000,12.00000,2.00000,0.00000,0.00000,38656.00000,595.00000
2025-11-17 17:26:05.334884,0.00000,1.00000,1.00000,0.00000,1.00000,1.00000,438.00000,72.00000,12.00000,2.00000,0.00000,0.00000,38656.00000,595.00000
2025-11-17 17:26:05.825509,0.00000,1.00000,1.00000,0.00000,1.00000,1.00000,360.00000,62.00000,10.00000,0.00000,0.00000,0.00000,38656.00000,503.00000
2025-11-17 17:26:06.706327,0.00000,1.00000,1.00000,0.00000,1.00000,1.00000,360.00000,62.00000,10.00000,0.00000,0.00000,0.00000,38656.00000,503.00000
2025-11-17 17:26:07.689850,0.00000,1.00000,1.00000,0.00000,1.00000,1.00000,360.00000,62.00000,10.00000,0.00000,0.00000,0.00000,38656.00000,503.00000
2025-11-17 17:26:08.451301,0.00000,1.00000,1.00000,0.00000,1.00000,1.00000,348.00000,62.00000,8.00000,0.00000,0.00000,0.00000,38656.00000,489.00000
2025-11-17 17:26:09.470811,0.00000,1.00000,1.00000,0.00000,1.00000,1.00000,348.00000,62.00000,8.00000,0.00000,0.00000,0.00000,38656.00000,489.00000
2025-11-17 17:26:10.247526,0.00000,1.00000,1.00000,0.00000,1.00000,1.00000,348.00000,62.00000,8.00000,0.00000,0.00000,0.00000,38656.00000,489.00000
2025-11-17 17:26:11.054125,0.00000,0.00000,0.00000,0.00000,0.00000,0.00000,312.00000,52.00000,4.00000,0.00000,0.00000,0.00000,38656.00000,435.00000
2025-11-17 17:26:12.179710,0.00000,0.00000,0.00000,0.00000,0.00000,0.00000,312.00000,52.00000,4.00000,0.00000,0.00000,0.00000,38656.00000,435.00000
2025-11-17 17:26:13.178091,0.00000,0.00000,0.00000,0.00000,0.00000,0.00000,312.00000,52.00000,4.00000,0.00000,0.00000,0.00000,38656.00000,435.00000
2025-11-17 17:26:14.106033,0.00000,0.00000,0.00000,0.00000,0.00000,0.00000,300.00000,50.00000,4.00000,0.00000,0.00000,0.00000,38656.00000,421.00000
2025-11-17 17:26:14.888836,0.00000,0.00000,0.00000,0.00000,0.00000,0.00000,300.00000,50.00000,4.00000,0.00000,0.00000,0.00000,38656.00000,421.00000
2025-11-17 17:26:15.717422,0.00000,0.00000,0.00000,0.00000,0.00000,0.00000,300.00000,50.00000,4.00000,0.00000,0.00000,0.00000,38656.00000,421.00000
2025-11-17 17:26:16.539554,0.00000,0.00000,0.00000,0.00000,0.00000,0.00000,294.00000,52.00000,4.00000,0.00000,0.00000,0.00000,38656.00000,417.00000
2025-11-17 17:26:17.315264,0.00000,0.00000,0.00000,0.00000,0.00000,0.00000,294.00000,52.00000,4.00000,0.00000,0.00000,0.00000,38656.00000,417.00000
2025-11-17 17:26:18.089428,0.00000,0.00000,0.00000,0.00000,0.00000,0.00000,294.00000,52.00000,4.00000,0.00000,0.00000,0.00000,38656.00000,417.00000
2025-11-17 17:26:19.018435,0.00000,0.00000,0.00000,0.00000,0.00000,0.00000,300.00000,48.00000,6.00000,0.00000,0.00000,0.00000,38656.00000,421.00000
2025-11-17 17:26:19.671236,0.00000,0.00000,0.00000,0.00000,0.00000,0.00000,300.00000,48.00000,6.00000,0.00000,0.00000,0.00000,38656.00000,421.00000
2025-11-17 17:26:20.492947,0.00000,0.00000,0.00000,0.00000,0.00000,0.00000,300.00000,48.00000,6.00000,0.00000,0.00000,0.00000,38656.00000,421.00000
2025-11-17 17:26:21.649637,0.00000,0.00000,0.00000,0.00000,0.00000,0.00000,294.00000,50.00000,6.00000,0.00000,0.00000,0.00000,38656.00000,417.00000
2025-11-17 17:26:22.445271,0.00000,0.00000,0.00000,0.00000,0.00000,0.00000,294.00000,50.00000,6.00000,0.00000,0.00000,0.00000,38656.00000,417.00000
2025-11-17 17:26:23.121338,0.00000,0.00000,0.00000,0.00000,0.00000,0.00000,294.00000,50.00000,6.00000,0.00000,0.00000,0.00000,38656.00000,417.00000
2025-11-17 17:26:24.055847,0.00000,0.00000,0.00000,0.00000,0.00000,0.00000,312.00000,48.00000,6.00000,0.00000,0.00000,0.00000,38656.00000,433.00000
2025-11-17 17:26:24.910844,0.00000,0.00000,0.00000,0.00000,0.00000,0.00000,312.00000,48.00000,6.00000,0.00000,0.00000,0.00000,38656.00000,433.00000
2025-11-17 17:26:25.804236,0.00000,0.00000,0.00000,0.00000,0.00000,0.00000,312.00000,48.00000,6.00000,0.00000,0.00000,0.00000,38656.00000,433.00000
2025-11-17 17:26:26.686889,0.00000,0.00000,0.00000,0.00000,0.00000,0.00000,312.00000,48.00000,6.00000,0.00000,0.00000,0.00000,38656.00000,433.00000
2025-11-17 17:26:27.628598,0.00000,0.00000,0.00000,0.00000,0.00000,0.00000,312.00000,48.00000,6.00000,0.00000,0.00000,0.00000,38656.00000,433.00000
2025-11-17 17:26:28.498831,0.00000,0.00000,0.00000,0.00000,0.00000,0.00000,312.00000,48.00000,6.00000,0.00000,0.00000,0.00000,38656.00000,433.00000
2025-11-17 17:26:29.276524,0.00000,0.00000,0.00000,0.00000,0.00000,0.00000,240.00000,44.00000,6.00000,0.00000,0.00000,0.00000,38656.00000,612.00000
2025-11-17 17:26:30.125867,0.00000,0.00000,0.00000,0.00000,0.00000,0.00000,240.00000,44.00000,6.00000,0.00000,0.00000,0.00000,38656.00000,612.00000
2025-11-17 17:26:30.970426,0.00000,0.00000,0.00000,0.00000,0.00000,0.00000,240.00000,44.00000,6.00000,0.00000,0.00000,0.00000,38656.00000,612.00000
2025-11-17 17:26:31.837779,0.00000,0.00000,0.00000,0.00000,0.00000,0.00000,282.00000,50.00000,8.00000,0.00000,0.00000,0.00000,38656.00000,407.00000
2025-11-17 17:26:32.861671,0.00000,0.00000,0.00000,0.00000,0.00000,0.00000,282.00000,50.00000,8.00000,0.00000,0.00000,0.00000,38656.00000,407.00000
2025-11-17 17:26:33.690467,0.00000,0.00000,0.00000,0.00000,0.00000,0.00000,282.00000,50.00000,8.00000,0.00000,0.00000,0.00000,38656.00000,407.00000
2025-11-17 17:26:34.439103,0.00000,0.00000,0.00000,0.00000,0.00000,0.00000,306.00000,56.00000,10.00000,0.00000,0.00000,0.00000,38656.00000,439.00000
2025-11-17 17:26:35.555827,0.00000,1.00000,1.00000,0.00000,1.00000,1.00000,306.00000,56.00000,10.00000,0.00000,0.00000,0.00000,38656.00000,443.00000
2025-11-17 17:26:36.686047,0.00000,1.00000,1.00000,0.00000,1.00000,1.00000,306.00000,56.00000,10.00000,0.00000,0.00000,0.00000,38656.00000,443.00000
2025-11-17 17:26:37.669766,0.00000,1.00000,1.00000,0.00000,1.00000,1.00000,276.00000,62.00000,12.00000,0.00000,0.00000,0.00000,38656.00000,421.00000
2025-11-17 17:26:38.583016,0.00000,1.00000,1.00000,0.00000,1.00000,1.00000,276.00000,62.00000,12.00000,0.00000,0.00000,0.00000,38656.00000,421.00000
2025-11-17 17:26:39.403419,0.00000,1.00000,1.00000,0.00000,1.00000,1.00000,276.00000,62.00000,12.00000,0.00000,0.00000,0.00000,38656.00000,421.00000
2025-11-17 17:26:40.244356,0.00000,1.00000,1.00000,0.00000,1.00000,1.00000,282.00000,58.00000,12.00000,0.00000,0.00000,0.00000,38656.00000,423.00000
2025-11-17 17:26:41.179363,0.00000,1.00000,1.00000,0.00000,1.00000,1.00000,282.00000,58.00000,12.00000,0.00000,0.00000,0.00000,38656.00000,423.00000
2025-11-17 17:26:42.406666,0.00000,1.00000,1.00000,0.00000,1.00000,1.00000,282.00000,58.00000,12.00000,0.00000,0.00000,0.00000,38656.00000,423.00000
2025-11-17 17:26:43.234954,0.00000,1.00000,1.00000,0.00000,1.00000,1.00000,282.00000,60.00000,10.00000,0.00000,0.00000,0.00000,38656.00000,423.00000
2025-11-17 17:26:44.180478,0.00000,1.00000,1.00000,0.00000,1.00000,1.00000,282.00000,60.00000,10.00000,0.00000,0.00000,0.00000,38656.00000,423.00000
2025-11-17 17:26:44.418701,0.00000,1.00000,1.00000,0.00000,1.00000,1.00000,282.00000,60.00000,10.00000,0.00000,0.00000,0.00000,38656.00000,423.00000
2025-11-17 17:26:44.862415,0.00000,0.00000,0.00000,0.00000,0.00000,0.00000,264.00000,60.00000,8.00000,0.00000,0.00000,0.00000,38656.00000,399.00000
2025-11-17 17:26:45.490844,0.00000,0.00000,0.00000,0.00000,0.00000,0.00000,264.00000,60.00000,8.00000,0.00000,0.00000,0.00000,38656.00000,399.00000
2025-11-17 17:26:46.388503,0.00000,0.00000,0.00000,0.00000,0.00000,0.00000,264.00000,60.00000,8.00000,0.00000,0.00000,0.00000,38656.00000,399.00000
2025-11-17 17:26:47.471566,0.00000,0.00000,0.00000,0.00000,0.00000,0.00000,234.00000,52.00000,8.00000,0.00000,0.00000,0.00000,38656.00000,616.00000
2025-11-17 17:26:48.212728,0.00000,0.00000,0.00000,0.00000,0.00000,0.00000,234.00000,52.00000,8.00000,0.00000,0.00000,0.00000,38656.00000,616.00000
2025-11-17 17:26:49.236005,0.00000,0.00000,0.00000,0.00000,0.00000,0.00000,234.00000,52.00000,8.00000,0.00000,0.00000,0.00000,38656.00000,616.00000
2025-11-17 17:26:50.085406,0.00000,0.00000,0.00000,0.00000,0.00000,0.00000,246.00000,56.00000,8.00000,0.00000,0.00000,0.00000,38656.00000,632.00000
2025-11-17 17:26:50.789228,0.00000,0.00000,0.00000,0.00000,0.00000,0.00000,246.00000,56.00000,8.00000,0.00000,0.00000,0.00000,38656.00000,632.00000
2025-11-17 17:26:51.709010,0.00000,0.00000,0.00000,0.00000,0.00000,0.00000,246.00000,56.00000,8.00000,0.00000,0.00000,0.00000,38656.00000,632.00000
2025-11-17 17:26:52.525565,0.00000,1.00000,1.00000,0.00000,1.00000,1.00000,288.00000,58.00000,8.00000,0.00000,0.00000,0.00000,38656.00000,425.00000
2025-11-17 17:26:53.439639,0.00000,0.00000,0.00000,0.00000,0.00000,0.00000,288.00000,58.00000,8.00000,0.00000,0.00000,0.00000,38656.00000,421.00000
2025-11-17 17:26:54.269965,0.00000,0.00000,0.00000,0.00000,0.00000,0.00000,288.00000,58.00000,8.00000,0.00000,0.00000,0.00000,38656.00000,421.00000
2025-11-17 17:26:55.143128,0.00000,0.00000,0.00000,0.00000,0.00000,0.00000,330.00000,64.00000,10.00000,0.00000,0.00000,0.00000,38656.00000,471.00000
2025-11-17 17:26:56.100374,0.00000,1.00000,1.00000,0.00000,1.00000,1.00000,330.00000,64.00000,10.00000,0.00000,0.00000,0.00000,38656.00000,475.00000
2025-11-17 17:26:56.794692,0.00000,1.00000,1.00000,0.00000,1.00000,1.00000,330.00000,64.00000,10.00000,0.00000,0.00000,0.00000,38656.00000,475.00000
2025-11-17 17:26:57.688258,0.00000,1.00000,1.00000,0.00000,1.00000,1.00000,294.00000,60.00000,8.00000,0.00000,0.00000,0.00000,38656.00000,433.00000
2025-11-17 17:26:58.697478,0.00000,1.00000,1.00000,0.00000,1.00000,1.00000,294.00000,60.00000,8.00000,0.00000,0.00000,0.00000,38656.00000,433.00000
2025-11-17 17:26:59.491166,0.00000,1.00000,1.00000,0.00000,1.00000,1.00000,294.00000,60.00000,8.00000,0.00000,0.00000,0.00000,38656.00000,433.00000
2025-11-17 17:27:00.447697,0.00000,1.00000,1.00000,0.00000,1.00000,1.00000,282.00000,56.00000,8.00000,2.00000,0.00000,0.00000,38656.00000,419.00000
2025-11-17 17:27:01.305677,0.00000,1.00000,1.00000,0.00000,1.00000,1.00000,282.00000,56.00000,8.00000,2.00000,0.00000,0.00000,38656.00000,419.00000
2025-11-17 17:27:02.051317,0.00000,1.00000,1.00000,0.00000,1.00000,1.00000,282.00000,56.00000,8.00000,2.00000,0.00000,0.00000,38656.00000,419.00000
2025-11-17 17:27:02.868408,0.00000,1.00000,1.00000,0.00000,1.00000,1.00000,270.00000,52.00000,6.00000,2.00000,0.00000,0.00000,38656.00000,401.00000
2025-11-17 17:27:03.859311,0.00000,1.00000,1.00000,0.00000,1.00000,1.00000,270.00000,52.00000,6.00000,2.00000,0.00000,0.00000,38656.00000,401.00000
2025-11-17 17:27:04.754956,0.00000,0.00000,0.00000,0.00000,0.00000,0.00000,270.00000,52.00000,6.00000,2.00000,0.00000,0.00000,38656.00000,397.00000
2025-11-17 17:27:05.495994,0.00000,0.00000,0.00000,0.00000,0.00000,0.00000,282.00000,62.00000,6.00000,2.00000,0.00000,0.00000,38656.00000,419.00000
2025-11-17 17:27:06.404856,0.00000,0.00000,0.00000,0.00000,0.00000,0.00000,282.00000,62.00000,6.00000,2.00000,0.00000,0.00000,38656.00000,419.00000
2025-11-17 17:27:07.644153,0.00000,0.00000,0.00000,0.00000,0.00000,0.00000,282.00000,62.00000,6.00000,2.00000,0.00000,0.00000,38656.00000,419.00000
2025-11-17 17:27:08.630898,0.00000,1.00000,1.00000,0.00000,1.00000,1.00000,276.00000,60.00000,6.00000,2.00000,0.00000,0.00000,38656.00000,415.00000
2025-11-17 17:27:09.607941,0.00000,1.00000,1.00000,0.00000,1.00000,1.00000,276.00000,60.00000,6.00000,2.00000,0.00000,0.00000,38656.00000,415.00000
2025-11-17 17:27:10.455327,0.00000,1.00000,1.00000,0.00000,1.00000,1.00000,276.00000,60.00000,6.00000,2.00000,0.00000,0.00000,38656.00000,415.00000
2025-11-17 17:27:11.198092,0.00000,1.00000,1.00000,0.00000,1.00000,1.00000,312.00000,66.00000,10.00000,4.00000,0.00000,0.00000,38656.00000,463.00000
2025-11-17 17:27:12.185559,0.00000,1.00000,1.00000,0.00000,1.00000,1.00000,312.00000,66.00000,10.00000,4.00000,0.00000,0.00000,38656.00000,463.00000
2025-11-17 17:27:13.247863,0.00000,1.00000,1.00000,0.00000,1.00000,1.00000,312.00000,66.00000,10.00000,4.00000,0.00000,0.00000,38656.00000,463.00000
2025-11-17 17:27:14.125325,0.00000,1.00000,1.00000,0.00000,1.00000,1.00000,348.00000,68.00000,12.00000,4.00000,0.00000,0.00000,38656.00000,503.00000
2025-11-17 17:27:14.946524,0.00000,1.00000,1.00000,0.00000,1.00000,1.00000,348.00000,68.00000,12.00000,4.00000,0.00000,0.00000,38656.00000,503.00000
2025-11-17 17:27:15.844635,0.00000,1.00000,1.00000,0.00000,1.00000,1.00000,348.00000,68.00000,12.00000,4.00000,0.00000,0.00000,38656.00000,503.00000
2025-11-17 17:27:16.695184,0.00000,1.00000,1.00000,0.00000,1.00000,1.00000,312.00000,60.00000,10.00000,4.00000,0.00000,0.00000,38656.00000,457.00000
2025-11-17 17:27:17.534832,0.00000,0.00000,0.00000,0.00000,0.00000,0.00000,312.00000,60.00000,10.00000,4.00000,0.00000,0.00000,38656.00000,453.00000
2025-11-17 17:27:18.488209,0.00000,0.00000,0.00000,0.00000,0.00000,0.00000,312.00000,60.00000,10.00000,4.00000,0.00000,0.00000,38656.00000,453.00000
2025-11-17 17:27:19.169697,0.00000,0.00000,0.00000,0.00000,0.00000,0.00000,258.00000,54.00000,10.00000,4.00000,0.00000,0.00000,38656.00000,393.00000
2025-11-17 17:27:19.980887,0.00000,0.00000,0.00000,0.00000,0.00000,0.00000,258.00000,54.00000,10.00000,4.00000,0.00000,0.00000,38656.00000,393.00000
2025-11-17 17:27:20.766023,0.00000,1.00000,1.00000,0.00000,1.00000,1.00000,258.00000,54.00000,10.00000,4.00000,0.00000,0.00000,38656.00000,397.00000
2025-11-17 17:27:21.665350,0.00000,1.00000,1.00000,0.00000,1.00000,1.00000,234.00000,46.00000,8.00000,4.00000,0.00000,0.00000,38656.00000,618.00000
2025-11-17 17:27:22.354975,0.00000,1.00000,1.00000,0.00000,1.00000,1.00000,234.00000,46.00000,8.00000,4.00000,0.00000,0.00000,38656.00000,618.00000
2025-11-17 17:27:22.776270,0.00000,1.00000,1.00000,0.00000,1.00000,1.00000,234.00000,46.00000,8.00000,4.00000,0.00000,0.00000,38656.00000,618.00000
2025-11-17 17:27:23.695753,0.00000,1.00000,1.00000,0.00000,1.00000,1.00000,228.00000,44.00000,8.00000,4.00000,0.00000,0.00000,38656.00000,610.00000
2025-11-17 17:27:24.613824,0.00000,1.00000,1.00000,0.00000,1.00000,1.00000,228.00000,44.00000,8.00000,4.00000,0.00000,0.00000,38656.00000,610.00000
2025-11-17 17:27:25.449521,0.00000,1.00000,1.00000,0.00000,1.00000,1.00000,228.00000,44.00000,8.00000,4.00000,0.00000,0.00000,38656.00000,610.00000
2025-11-17 17:27:26.232223,0.00000,0.00000,0.00000,0.00000,0.00000,0.00000,246.00000,50.00000,6.00000,2.00000,0.00000,0.00000,38656.00000,626.00000
2025-11-17 17:27:27.083655,0.00000,0.00000,0.00000,0.00000,0.00000,0.00000,246.00000,50.00000,6.00000,2.00000,0.00000,0.00000,38656.00000,626.00000
2025-11-17 17:27:27.996529,0.00000,0.00000,0.00000,0.00000,0.00000,0.00000,246.00000,50.00000,6.00000,2.00000,0.00000,0.00000,38656.00000,626.00000
2025-11-17 17:27:28.708440,0.00000,1.00000,1.00000,0.00000,1.00000,1.00000,240.00000,48.00000,6.00000,2.00000,0.00000,0.00000,38656.00000,622.00000
2025-11-17 17:27:29.859177,0.00000,1.00000,1.00000,0.00000,1.00000,1.00000,240.00000,48.00000,6.00000,2.00000,0.00000,0.00000,38656.00000,622.00000
2025-11-17 17:27:30.570465,0.00000,1.00000,1.00000,0.00000,1.00000,1.00000,240.00000,48.00000,6.00000,2.00000,0.00000,0.00000,38656.00000,622.00000
2025-11-17 17:27:31.325928,0.00000,0.00000,0.00000,0.00000,0.00000,0.00000,240.00000,42.00000,8.00000,2.00000,0.00000,0.00000,38656.00000,614.00000
2025-11-17 17:27:32.198897,0.00000,0.00000,0.00000,0.00000,0.00000,0.00000,240.00000,42.00000,8.00000,2.00000,0.00000,0.00000,38656.00000,614.00000
2025-11-17 17:27:33.240040,0.00000,0.00000,0.00000,0.00000,0.00000,0.00000,240.00000,42.00000,8.00000,2.00000,0.00000,0.00000,38656.00000,614.00000
2025-11-17 17:27:33.918832,0.00000,0.00000,0.00000,0.00000,0.00000,0.00000,234.00000,40.00000,8.00000,2.00000,0.00000,0.00000,38656.00000,606.00000
2025-11-17 17:27:34.867363,0.00000,1.00000,1.00000,0.00000,1.00000,1.00000,234.00000,40.00000,8.00000,2.00000,0.00000,0.00000,38656.00000,610.00000
2025-11-17 17:27:35.718289,0.00000,1.00000,1.00000,0.00000,1.00000,1.00000,234.00000,40.00000,8.00000,2.00000,0.00000,0.00000,38656.00000,610.00000
2025-11-17 17:27:36.651393,0.00000,0.00000,0.00000,0.00000,0.00000,0.00000,204.00000,36.00000,6.00000,0.00000,0.00000,0.00000,38656.00000,568.00000
2025-11-17 17:27:37.549637,0.00000,0.00000,0.00000,0.00000,0.00000,0.00000,204.00000,36.00000,6.00000,0.00000,0.00000,0.00000,38656.00000,568.00000
2025-11-17 17:27:38.321849,0.00000,0.00000,0.00000,0.00000,0.00000,0.00000,204.00000,36.00000,6.00000,0.00000,0.00000,0.00000,38656.00000,568.00000
2025-11-17 17:27:39.242509,0.00000,1.00000,1.00000,0.00000,1.00000,1.00000,198.00000,42.00000,8.00000,4.00000,0.00000,0.00000,38656.00000,578.00000
2025-11-17 17:27:39.932465,0.00000,1.00000,1.00000,0.00000,1.00000,1.00000,198.00000,42.00000,8.00000,4.00000,0.00000,0.00000,38656.00000,578.00000
2025-11-17 17:27:40.969298,0.00000,0.00000,0.00000,0.00000,0.00000,0.00000,198.00000,42.00000,8.00000,4.00000,0.00000,0.00000,38656.00000,574.00000
2025-11-17 17:27:41.967620,0.00000,0.00000,0.00000,0.00000,0.00000,0.00000,234.00000,54.00000,10.00000,4.00000,0.00000,0.00000,38656.00000,624.00000
2025-11-17 17:27:42.995296,0.00000,0.00000,0.00000,0.00000,0.00000,0.00000,234.00000,54.00000,10.00000,4.00000,0.00000,0.00000,38656.00000,624.00000
2025-11-17 17:27:43.964007,0.00000,1.00000,1.00000,0.00000,1.00000,1.00000,234.00000,54.00000,10.00000,4.00000,0.00000,0.00000,38656.00000,628.00000
2025-11-17 17:27:44.780242,0.00000,2.00000,2.00000,0.00000,2.00000,2.00000,276.00000,60.00000,10.00000,4.00000,0.00000,0.00000,38656.00000,425.00000
2025-11-17 17:27:45.241531,0.00000,2.00000,2.00000,0.00000,2.00000,2.00000,276.00000,60.00000,10.00000,4.00000,0.00000,0.00000,38656.00000,425.00000
2025-11-17 17:27:46.026401,0.00000,2.00000,2.00000,0.00000,2.00000,2.00000,276.00000,60.00000,10.00000,4.00000,0.00000,0.00000,38656.00000,425.00000
2025-11-17 17:27:46.958531,0.00000,2.00000,2.00000,0.00000,2.00000,2.00000,300.00000,70.00000,10.00000,4.00000,0.00000,0.00000,38656.00000,459.00000
2025-11-17 17:27:47.894823,0.00000,2.00000,2.00000,0.00000,2.00000,2.00000,300.00000,70.00000,10.00000,4.00000,0.00000,0.00000,38656.00000,459.00000
2025-11-17 17:27:48.875855,0.00000,2.00000,2.00000,0.00000,2.00000,2.00000,300.00000,70.00000,10.00000,4.00000,0.00000,0.00000,38656.00000,459.00000
2025-11-17 17:27:49.764254,0.00000,1.00000,1.00000,0.00000,1.00000,1.00000,300.00000,68.00000,10.00000,4.00000,0.00000,0.00000,38656.00000,453.00000
2025-11-17 17:27:50.520397,0.00000,1.00000,1.00000,0.00000,1.00000,1.00000,300.00000,68.00000,10.00000,4.00000,0.00000,0.00000,38656.00000,453.00000
2025-11-17 17:27:51.375999,0.00000,1.00000,1.00000,0.00000,1.00000,1.00000,300.00000,68.00000,10.00000,4.00000,0.00000,0.00000,38656.00000,453.00000
2025-11-17 17:27:52.249865,0.00000,1.00000,1.00000,0.00000,1.00000,1.00000,264.00000,58.00000,10.00000,4.00000,0.00000,0.00000,38656.00000,407.00000
2025-11-17 17:27:53.084758,0.00000,2.00000,2.00000,0.00000,2.00000,2.00000,264.00000,58.00000,10.00000,4.00000,0.00000,0.00000,38656.00000,411.00000
2025-11-17 17:27:53.956205,0.00000,2.00000,2.00000,0.00000,2.00000,2.00000,264.00000,58.00000,10.00000,4.00000,0.00000,0.00000,38656.00000,411.00000
2025-11-17 17:27:54.736000,0.00000,2.00000,2.00000,0.00000,2.00000,2.00000,282.00000,64.00000,12.00000,4.00000,0.00000,0.00000,38656.00000,437.00000
2025-11-17 17:27:55.723194,0.00000,1.00000,1.00000,0.00000,1.00000,1.00000,282.00000,64.00000,12.00000,4.00000,0.00000,0.00000,38656.00000,433.00000
2025-11-17 17:27:56.690346,0.00000,1.00000,1.00000,0.00000,1.00000,1.00000,282.00000,64.00000,12.00000,4.00000,0.00000,0.00000,38656.00000,433.00000
2025-11-17 17:27:57.644828,0.00000,1.00000,1.00000,0.00000,1.00000,1.00000,258.00000,62.00000,12.00000,4.00000,0.00000,0.00000,38656.00000,407.00000
2025-11-17 17:27:58.467742,0.00000,1.00000,1.00000,0.00000,1.00000,1.00000,258.00000,62.00000,12.00000,4.00000,0.00000,0.00000,38656.00000,407.00000
2025-11-17 17:27:59.190849,0.00000,1.00000,1.00000,0.00000,1.00000,1.00000,258.00000,62.00000,12.00000,4.00000,0.00000,0.00000,38656.00000,407.00000
2025-11-17 17:27:59.889301,0.00000,1.00000,1.00000,0.00000,1.00000,1.00000,276.00000,68.00000,12.00000,4.00000,0.00000,0.00000,38656.00000,431.00000
2025-11-17 17:28:00.773916,0.00000,1.00000,1.00000,0.00000,1.00000,1.00000,276.00000,68.00000,12.00000,4.00000,0.00000,0.00000,38656.00000,431.00000
2025-11-17 17:28:01.539383,0.00000,2.00000,2.00000,0.00000,2.00000,2.00000,276.00000,68.00000,12.00000,4.00000,0.00000,0.00000,38656.00000,435.00000
2025-11-17 17:28:02.510063,0.00000,2.00000,2.00000,0.00000,2.00000,2.00000,276.00000,68.00000,12.00000,4.00000,0.00000,0.00000,38656.00000,435.00000
2025-11-17 17:28:03.215040,0.00000,2.00000,2.00000,0.00000,2.00000,2.00000,276.00000,68.00000,12.00000,4.00000,0.00000,0.00000,38656.00000,435.00000
2025-11-17 17:28:04.033586,0.00000,2.00000,2.00000,0.00000,2.00000,2.00000,276.00000,68.00000,12.00000,4.00000,0.00000,0.00000,38656.00000,435.00000
2025-11-17 17:28:05.106150,1.00000,1.00000,1.00000,1.00000,1.00000,1.00000,312.00000,72.00000,10.00000,0.00000,0.00000,0.00000,38656.00000,467.00000
2025-11-17 17:28:05.811840,1.00000,1.00000,1.00000,1.00000,1.00000,1.00000,312.00000,72.00000,10.00000,0.00000,0.00000,0.00000,38656.00000,467.00000
2025-11-17 17:28:07.008155,1.00000,1.00000,1.00000,1.00000,1.00000,1.00000,312.00000,72.00000,10.00000,0.00000,0.00000,0.00000,38656.00000,467.00000
2025-11-17 17:28:07.733438,0.00000,1.00000,1.00000,0.00000,1.00000,1.00000,270.00000,62.00000,8.00000,0.00000,0.00000,0.00000,38656.00000,411.00000
2025-11-17 17:28:08.451616,0.00000,1.00000,1.00000,0.00000,1.00000,1.00000,270.00000,62.00000,8.00000,0.00000,0.00000,0.00000,38656.00000,411.00000
2025-11-17 17:28:09.635411,0.00000,1.00000,1.00000,0.00000,1.00000,1.00000,270.00000,62.00000,8.00000,0.00000,0.00000,0.00000,38656.00000,411.00000
2025-11-17 17:28:10.708357,0.00000,0.00000,0.00000,0.00000,0.00000,0.00000,240.00000,58.00000,8.00000,0.00000,0.00000,0.00000,38656.00000,628.00000
2025-11-17 17:28:11.755177,0.00000,0.00000,0.00000,0.00000,0.00000,0.00000,240.00000,58.00000,8.00000,0.00000,0.00000,0.00000,38656.00000,628.00000
2025-11-17 17:28:12.647538,0.00000,0.00000,0.00000,0.00000,0.00000,0.00000,240.00000,58.00000,8.00000,0.00000,0.00000,0.00000,38656.00000,628.00000
2025-11-17 17:28:13.447745,0.00000,0.00000,0.00000,0.00000,0.00000,0.00000,192.00000,48.00000,8.00000,0.00000,0.00000,0.00000,38656.00000,570.00000
2025-11-17 17:28:14.343804,0.00000,0.00000,0.00000,0.00000,0.00000,0.00000,192.00000,48.00000,8.00000,0.00000,0.00000,0.00000,38656.00000,570.00000
2025-11-17 17:28:15.312985,0.00000,0.00000,0.00000,0.00000,0.00000,0.00000,192.00000,48.00000,8.00000,0.00000,0.00000,0.00000,38656.00000,570.00000
2025-11-17 17:28:15.623521,0.00000,0.00000,0.00000,0.00000,0.00000,0.00000,198.00000,52.00000,8.00000,0.00000,0.00000,0.00000,38656.00000,580.00000
2025-11-17 17:28:16.326182,0.00000,0.00000,0.00000,0.00000,0.00000,0.00000,198.00000,52.00000,8.00000,0.00000,0.00000,0.00000,38656.00000,580.00000
2025-11-17 17:28:17.247979,0.00000,0.00000,0.00000,0.00000,0.00000,0.00000,198.00000,52.00000,8.00000,0.00000,0.00000,0.00000,38656.00000,580.00000
2025-11-17 17:28:18.017103,0.00000,1.00000,1.00000,0.00000,1.00000,1.00000,240.00000,64.00000,8.00000,0.00000,0.00000,0.00000,38656.00000,638.00000
2025-11-17 17:28:18.958261,0.00000,1.00000,1.00000,0.00000,1.00000,1.00000,240.00000,64.00000,8.00000,0.00000,0.00000,0.00000,38656.00000,638.00000
2025-11-17 17:28:19.762438,0.00000,0.00000,0.00000,0.00000,0.00000,0.00000,240.00000,64.00000,8.00000,0.00000,0.00000,0.00000,38656.00000,634.00000
2025-11-17 17:28:20.567992,0.00000,0.00000,0.00000,0.00000,0.00000,0.00000,288.00000,68.00000,6.00000,0.00000,0.00000,0.00000,38656.00000,429.00000
2025-11-17 17:28:21.500324,0.00000,0.00000,0.00000,0.00000,0.00000,0.00000,288.00000,68.00000,6.00000,0.00000,0.00000,0.00000,38656.00000,429.00000
2025-11-17 17:28:22.393712,0.00000,0.00000,0.00000,0.00000,0.00000,0.00000,288.00000,68.00000,6.00000,0.00000,0.00000,0.00000,38656.00000,429.00000
2025-11-17 17:28:23.316424,0.00000,0.00000,0.00000,0.00000,0.00000,0.00000,294.00000,66.00000,4.00000,0.00000,0.00000,0.00000,38656.00000,431.00000
2025-11-17 17:28:24.129308,0.00000,0.00000,0.00000,0.00000,0.00000,0.00000,294.00000,66.00000,4.00000,0.00000,0.00000,0.00000,38656.00000,431.00000
2025-11-17 17:28:25.001755,0.00000,0.00000,0.00000,0.00000,0.00000,0.00000,294.00000,66.00000,4.00000,0.00000,0.00000,0.00000,38656.00000,431.00000
2025-11-17 17:28:25.963835,0.00000,1.00000,1.00000,0.00000,1.00000,1.00000,288.00000,64.00000,10.00000,0.00000,0.00000,0.00000,38656.00000,433.00000
2025-11-17 17:28:26.770682,0.00000,1.00000,1.00000,0.00000,1.00000,1.00000,288.00000,64.00000,10.00000,0.00000,0.00000,0.00000,38656.00000,433.00000
2025-11-17 17:28:27.569869,0.00000,1.00000,1.00000,0.00000,1.00000,1.00000,288.00000,64.00000,10.00000,0.00000,0.00000,0.00000,38656.00000,433.00000
2025-11-17 17:28:28.279829,0.00000,0.00000,0.00000,0.00000,0.00000,0.00000,282.00000,62.00000,8.00000,0.00000,0.00000,0.00000,38656.00000,419.00000
2025-11-17 17:28:29.367939,0.00000,0.00000,0.00000,0.00000,0.00000,0.00000,282.00000,62.00000,8.00000,0.00000,0.00000,0.00000,38656.00000,419.00000
2025-11-17 17:28:30.185330,0.00000,0.00000,0.00000,0.00000,0.00000,0.00000,282.00000,62.00000,8.00000,0.00000,0.00000,0.00000,38656.00000,419.00000
2025-11-17 17:28:31.085196,0.00000,0.00000,0.00000,0.00000,0.00000,0.00000,252.00000,56.00000,12.00000,2.00000,0.00000,0.00000,38656.00000,644.00000
2025-11-17 17:28:31.844341,0.00000,0.00000,0.00000,0.00000,0.00000,0.00000,252.00000,56.00000,12.00000,2.00000,0.00000,0.00000,38656.00000,644.00000
2025-11-17 17:28:32.675680,0.00000,0.00000,0.00000,0.00000,0.00000,0.00000,252.00000,56.00000,12.00000,2.00000,0.00000,0.00000,38656.00000,644.00000
2025-11-17 17:28:33.469797,0.00000,0.00000,0.00000,0.00000,0.00000,0.00000,300.00000,72.00000,12.00000,2.00000,0.00000,0.00000,38656.00000,453.00000
2025-11-17 17:28:34.383859,0.00000,1.00000,1.00000,0.00000,1.00000,1.00000,300.00000,72.00000,12.00000,2.00000,0.00000,0.00000,38656.00000,457.00000
2025-11-17 17:28:35.488836,0.00000,1.00000,1.00000,0.00000,1.00000,1.00000,300.00000,72.00000,12.00000,2.00000,0.00000,0.00000,38656.00000,457.00000
2025-11-17 17:28:36.487365,1.00000,2.00000,2.00000,1.00000,2.00000,2.00000,312.00000,78.00000,14.00000,2.00000,0.00000,0.00000,38656.00000,483.00000
2025-11-17 17:28:37.038665,1.00000,2.00000,2.00000,1.00000,2.00000,2.00000,312.00000,78.00000,14.00000,2.00000,0.00000,0.00000,38656.00000,483.00000
2025-11-17 17:28:37.998715,1.00000,2.00000,2.00000,1.00000,2.00000,2.00000,312.00000,78.00000,14.00000,2.00000,0.00000,0.00000,38656.00000,483.00000
2025-11-17 17:28:38.881215,1.00000,2.00000,2.00000,1.00000,2.00000,2.00000,330.00000,80.00000,14.00000,2.00000,0.00000,0.00000,38656.00000,503.00000
2025-11-17 17:28:39.649389,1.00000,2.00000,2.00000,1.00000,2.00000,2.00000,330.00000,80.00000,14.00000,2.00000,0.00000,0.00000,38656.00000,503.00000
2025-11-17 17:28:40.340383,0.00000,1.00000,1.00000,0.00000,1.00000,1.00000,330.00000,80.00000,14.00000,2.00000,0.00000,0.00000,38656.00000,497.00000
2025-11-17 17:28:41.265813,0.00000,1.00000,1.00000,0.00000,1.00000,1.00000,324.00000,78.00000,16.00000,2.00000,0.00000,0.00000,38656.00000,491.00000
2025-11-17 17:28:42.031341,0.00000,1.00000,1.00000,0.00000,1.00000,1.00000,324.00000,78.00000,16.00000,2.00000,0.00000,0.00000,38656.00000,491.00000
2025-11-17 17:28:43.120095,0.00000,1.00000,1.00000,0.00000,1.00000,1.00000,324.00000,78.00000,16.00000,2.00000,0.00000,0.00000,38656.00000,491.00000
2025-11-17 17:28:44.005455,0.00000,1.00000,1.00000,0.00000,1.00000,1.00000,288.00000,68.00000,16.00000,2.00000,0.00000,0.00000,38656.00000,445.00000
2025-11-17 17:28:44.945485,0.00000,1.00000,1.00000,0.00000,1.00000,1.00000,288.00000,68.00000,16.00000,2.00000,0.00000,0.00000,38656.00000,445.00000
2025-11-17 17:28:45.884962,0.00000,1.00000,1.00000,0.00000,1.00000,1.00000,288.00000,68.00000,16.00000,2.00000,0.00000,0.00000,38656.00000,445.00000
2025-11-17 17:28:46.791868,0.00000,1.00000,1.00000,0.00000,1.00000,1.00000,228.00000,60.00000,16.00000,2.00000,0.00000,0.00000,38656.00000,632.00000
2025-11-17 17:28:47.498381,0.00000,1.00000,1.00000,0.00000,1.00000,1.00000,228.00000,60.00000,16.00000,2.00000,0.00000,0.00000,38656.00000,632.00000
2025-11-17 17:28:48.381147,0.00000,1.00000,1.00000,0.00000,1.00000,1.00000,228.00000,60.00000,16.00000,2.00000,0.00000,0.00000,38656.00000,632.00000
2025-11-17 17:28:49.438906,0.00000,1.00000,1.00000,0.00000,1.00000,1.00000,258.00000,70.00000,16.00000,2.00000,0.00000,0.00000,38656.00000,417.00000
2025-11-17 17:28:50.244472,0.00000,1.00000,1.00000,0.00000,1.00000,1.00000,258.00000,70.00000,16.00000,2.00000,0.00000,0.00000,38656.00000,417.00000
2025-11-17 17:28:51.040639,0.00000,1.00000,1.00000,0.00000,1.00000,1.00000,258.00000,70.00000,16.00000,2.00000,0.00000,0.00000,38656.00000,417.00000
2025-11-17 17:28:51.968820,0.00000,1.00000,1.00000,0.00000,1.00000,1.00000,276.00000,72.00000,12.00000,2.00000,0.00000,0.00000,38656.00000,433.00000
2025-11-17 17:28:52.809994,0.00000,1.00000,1.00000,0.00000,1.00000,1.00000,276.00000,72.00000,12.00000,2.00000,0.00000,0.00000,38656.00000,433.00000
2025-11-17 17:28:53.611281,0.00000,1.00000,1.00000,0.00000,1.00000,1.00000,276.00000,72.00000,12.00000,2.00000,0.00000,0.00000,38656.00000,433.00000
2025-11-17 17:28:54.363253,0.00000,1.00000,4.00000,0.00000,1.00000,4.00000,330.00000,86.00000,18.00000,8.00000,2.00000,2.00000,38656.00000,523.00000
2025-11-17 17:28:55.251715,1.00000,2.00000,5.00000,1.00000,2.00000,5.00000,330.00000,86.00000,18.00000,8.00000,2.00000,2.00000,38656.00000,529.00000
2025-11-17 17:28:55.908418,1.00000,2.00000,5.00000,1.00000,2.00000,5.00000,330.00000,86.00000,18.00000,8.00000,2.00000,2.00000,38656.00000,529.00000
2025-11-17 17:28:56.888695,1.00000,2.00000,4.00000,1.00000,2.00000,4.00000,306.00000,84.00000,12.00000,6.00000,2.00000,2.00000,38656.00000,493.00000
2025-11-17 17:28:57.812558,1.00000,2.00000,4.00000,1.00000,2.00000,4.00000,306.00000,84.00000,12.00000,6.00000,2.00000,2.00000,38656.00000,493.00000
2025-11-17 17:28:58.864079,0.00000,1.00000,3.00000,0.00000,1.00000,3.00000,306.00000,84.00000,12.00000,6.00000,2.00000,2.00000,38656.00000,487.00000
2025-11-17 17:28:59.687411,0.00000,1.00000,3.00000,0.00000,1.00000,3.00000,294.00000,70.00000,14.00000,8.00000,2.00000,2.00000,38656.00000,465.00000
2025-11-17 17:29:00.441540,0.00000,1.00000,3.00000,0.00000,1.00000,3.00000,294.00000,70.00000,14.00000,8.00000,2.00000,2.00000,38656.00000,465.00000
2025-11-17 17:29:01.455069,0.00000,1.00000,3.00000,0.00000,1.00000,3.00000,294.00000,70.00000,14.00000,8.00000,2.00000,2.00000,38656.00000,465.00000
2025-11-17 17:29:02.346125,0.00000,1.00000,3.00000,0.00000,1.00000,3.00000,318.00000,66.00000,12.00000,8.00000,2.00000,2.00000,38656.00000,483.00000
2025-11-17 17:29:03.145816,0.00000,1.00000,3.00000,0.00000,1.00000,3.00000,318.00000,66.00000,12.00000,8.00000,2.00000,2.00000,38656.00000,483.00000
2025-11-17 17:29:03.851256,0.00000,1.00000,3.00000,0.00000,1.00000,3.00000,318.00000,66.00000,12.00000,8.00000,2.00000,2.00000,38656.00000,483.00000
2025-11-17 17:29:04.531786,0.00000,1.00000,3.00000,0.00000,1.00000,3.00000,336.00000,66.00000,12.00000,8.00000,2.00000,2.00000,38656.00000,501.00000
2025-11-17 17:29:05.428329,0.00000,1.00000,3.00000,0.00000,1.00000,3.00000,336.00000,66.00000,12.00000,8.00000,2.00000,2.00000,38656.00000,501.00000
2025-11-17 17:29:06.389132,0.00000,1.00000,3.00000,0.00000,1.00000,3.00000,336.00000,66.00000,12.00000,8.00000,2.00000,2.00000,38656.00000,501.00000
2025-11-17 17:29:07.128748,0.00000,2.00000,4.00000,0.00000,2.00000,4.00000,354.00000,72.00000,14.00000,8.00000,2.00000,2.00000,38656.00000,531.00000
2025-11-17 17:29:08.044486,0.00000,2.00000,4.00000,0.00000,2.00000,4.00000,354.00000,72.00000,14.00000,8.00000,2.00000,2.00000,38656.00000,531.00000
2025-11-17 17:29:09.081452,0.00000,2.00000,4.00000,0.00000,2.00000,4.00000,354.00000,72.00000,14.00000,8.00000,2.00000,2.00000,38656.00000,531.00000
2025-11-17 17:29:10.095197,0.00000,1.00000,3.00000,0.00000,1.00000,3.00000,348.00000,68.00000,14.00000,8.00000,2.00000,2.00000,38656.00000,517.00000
2025-11-17 17:29:10.936688,0.00000,1.00000,3.00000,0.00000,1.00000,3.00000,348.00000,68.00000,14.00000,8.00000,2.00000,2.00000,38656.00000,517.00000
2025-11-17 17:29:12.117483,0.00000,1.00000,3.00000,0.00000,1.00000,3.00000,348.00000,68.00000,14.00000,8.00000,2.00000,2.00000,38656.00000,517.00000
2025-11-17 17:29:13.180422,0.00000,1.00000,3.00000,0.00000,1.00000,3.00000,342.00000,66.00000,16.00000,8.00000,2.00000,2.00000,38656.00000,511.00000
2025-11-17 17:29:13.966747,0.00000,1.00000,3.00000,0.00000,1.00000,3.00000,342.00000,66.00000,16.00000,8.00000,2.00000,2.00000,38656.00000,511.00000
2025-11-17 17:29:14.875666,0.00000,1.00000,3.00000,0.00000,1.00000,3.00000,342.00000,66.00000,16.00000,8.00000,2.00000,2.00000,38656.00000,511.00000
2025-11-17 17:29:15.746698,0.00000,0.00000,3.00000,0.00000,0.00000,3.00000,336.00000,62.00000,16.00000,8.00000,2.00000,2.00000,38656.00000,499.00000
2025-11-17 17:29:16.557470,0.00000,0.00000,3.00000,0.00000,0.00000,3.00000,336.00000,62.00000,16.00000,8.00000,2.00000,2.00000,38656.00000,499.00000
2025-11-17 17:29:17.390571,0.00000,0.00000,3.00000,0.00000,0.00000,3.00000,336.00000,62.00000,16.00000,8.00000,2.00000,2.00000,38656.00000,499.00000
2025-11-17 17:29:18.113944,0.00000,0.00000,2.00000,0.00000,0.00000,2.00000,318.00000,56.00000,14.00000,8.00000,2.00000,2.00000,38656.00000,471.00000
2025-11-17 17:29:18.575844,0.00000,0.00000,2.00000,0.00000,0.00000,2.00000,318.00000,56.00000,14.00000,8.00000,2.00000,2.00000,38656.00000,471.00000
2025-11-17 17:29:19.117810,0.00000,0.00000,2.00000,0.00000,0.00000,2.00000,318.00000,56.00000,14.00000,8.00000,2.00000,2.00000,38656.00000,471.00000
2025-11-17 17:29:20.168337,0.00000,0.00000,0.00000,0.00000,0.00000,0.00000,252.00000,38.00000,8.00000,2.00000,0.00000,0.00000,38656.00000,622.00000
2025-11-17 17:29:20.893428,0.00000,0.00000,0.00000,0.00000,0.00000,0.00000,252.00000,38.00000,8.00000,2.00000,0.00000,0.00000,38656.00000,622.00000
2025-11-17 17:29:21.724846,0.00000,0.00000,0.00000,0.00000,0.00000,0.00000,252.00000,38.00000,8.00000,2.00000,0.00000,0.00000,38656.00000,622.00000
2025-11-17 17:29:22.691060,0.00000,0.00000,0.00000,0.00000,0.00000,0.00000,258.00000,40.00000,8.00000,2.00000,0.00000,0.00000,38656.00000,375.00000
2025-11-17 17:29:23.643092,0.00000,0.00000,0.00000,0.00000,0.00000,0.00000,258.00000,40.00000,8.00000,2.00000,0.00000,0.00000,38656.00000,375.00000
2025-11-17 17:29:24.448815,0.00000,0.00000,0.00000,0.00000,0.00000,0.00000,258.00000,40.00000,8.00000,2.00000,0.00000,0.00000,38656.00000,375.00000
2025-11-17 17:29:25.317668,0.00000,0.00000,0.00000,0.00000,0.00000,0.00000,234.00000,40.00000,6.00000,0.00000,0.00000,0.00000,38656.00000,602.00000
2025-11-17 17:29:26.200105,0.00000,0.00000,0.00000,0.00000,0.00000,0.00000,234.00000,40.00000,6.00000,0.00000,0.00000,0.00000,38656.00000,602.00000
2025-11-17 17:29:27.168810,0.00000,0.00000,0.00000,0.00000,0.00000,0.00000,234.00000,40.00000,6.00000,0.00000,0.00000,0.00000,38656.00000,602.00000
2025-11-17 17:29:28.095066,0.00000,0.00000,0.00000,0.00000,0.00000,0.00000,210.00000,44.00000,6.00000,0.00000,0.00000,0.00000,38656.00000,582.00000
2025-11-17 17:29:28.893731,0.00000,0.00000,0.00000,0.00000,0.00000,0.00000,210.00000,44.00000,6.00000,0.00000,0.00000,0.00000,38656.00000,582.00000
2025-11-17 17:29:29.670518,0.00000,0.00000,0.00000,0.00000,0.00000,0.00000,210.00000,44.00000,6.00000,0.00000,0.00000,0.00000,38656.00000,582.00000
2025-11-17 17:29:30.440887,0.00000,0.00000,1.00000,0.00000,0.00000,1.00000,228.00000,54.00000,14.00000,6.00000,0.00000,0.00000,38656.00000,626.00000
2025-11-17 17:29:31.367846,0.00000,0.00000,1.00000,0.00000,0.00000,1.00000,228.00000,54.00000,14.00000,6.00000,0.00000,0.00000,38656.00000,626.00000
2025-11-17 17:29:32.244977,0.00000,0.00000,1.00000,0.00000,0.00000,1.00000,228.00000,54.00000,14.00000,6.00000,0.00000,0.00000,38656.00000,626.00000
2025-11-17 17:29:32.979217,0.00000,0.00000,1.00000,0.00000,0.00000,1.00000,204.00000,46.00000,10.00000,6.00000,0.00000,0.00000,38656.00000,590.00000
2025-11-17 17:29:34.060251,0.00000,0.00000,1.00000,0.00000,0.00000,1.00000,204.00000,46.00000,10.00000,6.00000,0.00000,0.00000,38656.00000,590.00000
2025-11-17 17:29:34.662370,0.00000,0.00000,1.00000,0.00000,0.00000,1.00000,204.00000,46.00000,10.00000,6.00000,0.00000,0.00000,38656.00000,590.00000
2025-11-17 17:29:35.728219,0.00000,0.00000,1.00000,0.00000,0.00000,1.00000,228.00000,56.00000,14.00000,6.00000,0.00000,0.00000,38656.00000,628.00000
2025-11-17 17:29:36.483414,0.00000,0.00000,1.00000,0.00000,0.00000,1.00000,228.00000,56.00000,14.00000,6.00000,0.00000,0.00000,38656.00000,628.00000
2025-11-17 17:29:37.422941,0.00000,0.00000,1.00000,0.00000,0.00000,1.00000,228.00000,56.00000,14.00000,6.00000,0.00000,0.00000,38656.00000,628.00000
2025-11-17 17:29:38.350143,0.00000,0.00000,1.00000,0.00000,0.00000,1.00000,258.00000,60.00000,14.00000,6.00000,0.00000,0.00000,38656.00000,407.00000
2025-11-17 17:29:39.067125,0.00000,0.00000,1.00000,0.00000,0.00000,1.00000,258.00000,60.00000,14.00000,6.00000,0.00000,0.00000,38656.00000,407.00000
2025-11-17 17:29:40.154894,0.00000,0.00000,1.00000,0.00000,0.00000,1.00000,258.00000,60.00000,14.00000,6.00000,0.00000,0.00000,38656.00000,407.00000
2025-11-17 17:29:41.426645,0.00000,0.00000,1.00000,0.00000,0.00000,1.00000,258.00000,64.00000,14.00000,6.00000,0.00000,0.00000,38656.00000,411.00000
2025-11-17 17:29:42.356927,0.00000,0.00000,1.00000,0.00000,0.00000,1.00000,258.00000,64.00000,14.00000,6.00000,0.00000,0.00000,38656.00000,411.00000
2025-11-17 17:29:43.118714,0.00000,0.00000,1.00000,0.00000,0.00000,1.00000,258.00000,64.00000,14.00000,6.00000,0.00000,0.00000,38656.00000,411.00000
2025-11-17 17:29:43.847614,0.00000,0.00000,1.00000,0.00000,0.00000,1.00000,258.00000,60.00000,14.00000,6.00000,0.00000,0.00000,38656.00000,407.00000
2025-11-17 17:29:44.721539,0.00000,0.00000,1.00000,0.00000,0.00000,1.00000,258.00000,60.00000,14.00000,6.00000,0.00000,0.00000,38656.00000,407.00000
2025-11-17 17:29:45.767181,0.00000,0.00000,1.00000,0.00000,0.00000,1.00000,258.00000,60.00000,14.00000,6.00000,0.00000,0.00000,38656.00000,407.00000
2025-11-17 17:29:46.733747,0.00000,0.00000,2.00000,0.00000,0.00000,2.00000,270.00000,62.00000,16.00000,8.00000,0.00000,0.00000,38656.00000,427.00000
2025-11-17 17:29:47.497137,0.00000,0.00000,2.00000,0.00000,0.00000,2.00000,270.00000,62.00000,16.00000,8.00000,0.00000,0.00000,38656.00000,427.00000
2025-11-17 17:29:48.279176,0.00000,0.00000,2.00000,0.00000,0.00000,2.00000,270.00000,62.00000,16.00000,8.00000,0.00000,0.00000,38656.00000,427.00000
2025-11-17 17:29:49.178376,0.00000,1.00000,2.00000,0.00000,1.00000,2.00000,300.00000,72.00000,20.00000,8.00000,0.00000,0.00000,38656.00000,473.00000
2025-11-17 17:29:49.928910,0.00000,1.00000,2.00000,0.00000,1.00000,2.00000,300.00000,72.00000,20.00000,8.00000,0.00000,0.00000,38656.00000,473.00000
2025-11-17 17:29:50.672836,0.00000,1.00000,2.00000,0.00000,1.00000,2.00000,300.00000,72.00000,20.00000,8.00000,0.00000,0.00000,38656.00000,473.00000
2025-11-17 17:29:51.483984,0.00000,1.00000,2.00000,0.00000,1.00000,2.00000,294.00000,70.00000,20.00000,8.00000,0.00000,0.00000,38656.00000,465.00000
2025-11-17 17:29:52.252648,0.00000,1.00000,2.00000,0.00000,1.00000,2.00000,294.00000,70.00000,20.00000,8.00000,0.00000,0.00000,38656.00000,465.00000
2025-11-17 17:29:53.059725,0.00000,1.00000,2.00000,0.00000,1.00000,2.00000,294.00000,70.00000,20.00000,8.00000,0.00000,0.00000,38656.00000,465.00000
2025-11-17 17:29:53.833713,0.00000,1.00000,2.00000,0.00000,1.00000,2.00000,306.00000,62.00000,22.00000,8.00000,0.00000,0.00000,38656.00000,471.00000
2025-11-17 17:29:54.748342,0.00000,1.00000,2.00000,0.00000,1.00000,2.00000,306.00000,62.00000,22.00000,8.00000,0.00000,0.00000,38656.00000,471.00000
2025-11-17 17:29:55.633869,0.00000,1.00000,2.00000,0.00000,1.00000,2.00000,306.00000,62.00000,22.00000,8.00000,0.00000,0.00000,38656.00000,471.00000
2025-11-17 17:29:56.576048,0.00000,0.00000,0.00000,0.00000,0.00000,0.00000,258.00000,52.00000,14.00000,2.00000,0.00000,0.00000,38656.00000,393.00000
2025-11-17 17:29:57.317066,0.00000,0.00000,0.00000,0.00000,0.00000,0.00000,258.00000,52.00000,14.00000,2.00000,0.00000,0.00000,38656.00000,393.00000
2025-11-17 17:29:58.007042,0.00000,0.00000,0.00000,0.00000,0.00000,0.00000,258.00000,52.00000,14.00000,2.00000,0.00000,0.00000,38656.00000,393.00000
2025-11-17 17:29:58.825377,0.00000,0.00000,0.00000,0.00000,0.00000,0.00000,270.00000,54.00000,14.00000,2.00000,0.00000,0.00000,38656.00000,407.00000
2025-11-17 17:29:59.878382,0.00000,0.00000,0.00000,0.00000,0.00000,0.00000,270.00000,54.00000,14.00000,2.00000,0.00000,0.00000,38656.00000,407.00000
2025-11-17 17:30:00.673251,0.00000,0.00000,0.00000,0.00000,0.00000,0.00000,270.00000,54.00000,14.00000,2.00000,0.00000,0.00000,38656.00000,407.00000
2025-11-17 17:30:01.583512,0.00000,0.00000,0.00000,0.00000,0.00000,0.00000,258.00000,50.00000,14.00000,2.00000,0.00000,0.00000,38656.00000,391.00000
2025-11-17 17:30:02.481126,0.00000,0.00000,0.00000,0.00000,0.00000,0.00000,258.00000,50.00000,14.00000,2.00000,0.00000,0.00000,38656.00000,391.00000
2025-11-17 17:30:03.248128,0.00000,0.00000,0.00000,0.00000,0.00000,0.00000,258.00000,50.00000,14.00000,2.00000,0.00000,0.00000,38656.00000,391.00000
2025-11-17 17:30:04.296916,0.00000,0.00000,0.00000,0.00000,0.00000,0.00000,234.00000,48.00000,12.00000,2.00000,0.00000,0.00000,38656.00000,618.00000
2025-11-17 17:30:05.278554,0.00000,0.00000,0.00000,0.00000,0.00000,0.00000,234.00000,48.00000,12.00000,2.00000,0.00000,0.00000,38656.00000,618.00000
2025-11-17 17:30:05.925569,0.00000,0.00000,0.00000,0.00000,0.00000,0.00000,234.00000,48.00000,12.00000,2.00000,0.00000,0.00000,38656.00000,618.00000
2025-11-17 17:30:06.621843,0.00000,1.00000,1.00000,0.00000,1.00000,1.00000,246.00000,44.00000,14.00000,2.00000,0.00000,0.00000,38656.00000,632.00000
2025-11-17 17:30:07.521717,0.00000,1.00000,1.00000,0.00000,1.00000,1.00000,246.00000,44.00000,14.00000,2.00000,0.00000,0.00000,38656.00000,632.00000
2025-11-17 17:30:08.748417,0.00000,1.00000,1.00000,0.00000,1.00000,1.00000,246.00000,44.00000,14.00000,2.00000,0.00000,0.00000,38656.00000,632.00000
2025-11-17 17:30:09.736102,0.00000,0.00000,0.00000,0.00000,0.00000,0.00000,258.00000,48.00000,16.00000,2.00000,0.00000,0.00000,38656.00000,391.00000
2025-11-17 17:30:10.695487,0.00000,0.00000,0.00000,0.00000,0.00000,0.00000,258.00000,48.00000,16.00000,2.00000,0.00000,0.00000,38656.00000,391.00000
2025-11-17 17:30:11.278773,0.00000,0.00000,0.00000,0.00000,0.00000,0.00000,258.00000,48.00000,16.00000,2.00000,0.00000,0.00000,38656.00000,391.00000
2025-11-17 17:30:11.870691,0.00000,0.00000,0.00000,0.00000,0.00000,0.00000,258.00000,50.00000,14.00000,0.00000,0.00000,0.00000,38656.00000,389.00000
2025-11-17 17:30:12.696559,0.00000,1.00000,1.00000,0.00000,1.00000,1.00000,258.00000,50.00000,14.00000,0.00000,0.00000,0.00000,38656.00000,393.00000
2025-11-17 17:30:13.742715,0.00000,1.00000,1.00000,0.00000,1.00000,1.00000,258.00000,50.00000,14.00000,0.00000,0.00000,0.00000,38656.00000,393.00000
2025-11-17 17:30:14.601205,0.00000,0.00000,0.00000,0.00000,0.00000,0.00000,228.00000,38.00000,12.00000,0.00000,0.00000,0.00000,38656.00000,600.00000
2025-11-17 17:30:15.490412,0.00000,0.00000,0.00000,0.00000,0.00000,0.00000,228.00000,38.00000,12.00000,0.00000,0.00000,0.00000,38656.00000,600.00000
2025-11-17 17:30:16.381592,0.00000,0.00000,0.00000,0.00000,0.00000,0.00000,228.00000,38.00000,12.00000,0.00000,0.00000,0.00000,38656.00000,600.00000
2025-11-17 17:30:17.104382,0.00000,0.00000,2.00000,0.00000,0.00000,2.00000,234.00000,42.00000,16.00000,2.00000,2.00000,2.00000,38656.00000,624.00000
2025-11-17 17:30:17.978907,0.00000,0.00000,2.00000,0.00000,0.00000,2.00000,234.00000,42.00000,16.00000,2.00000,2.00000,2.00000,38656.00000,624.00000
2025-11-17 17:30:18.790062,0.00000,0.00000,2.00000,0.00000,0.00000,2.00000,234.00000,42.00000,16.00000,2.00000,2.00000,2.00000,38656.00000,624.00000
2025-11-17 17:30:19.649076,0.00000,0.00000,2.00000,0.00000,0.00000,2.00000,198.00000,42.00000,16.00000,2.00000,2.00000,2.00000,38656.00000,588.00000
2025-11-17 17:30:20.560613,0.00000,0.00000,2.00000,0.00000,0.00000,2.00000,198.00000,42.00000,16.00000,2.00000,2.00000,2.00000,38656.00000,588.00000
2025-11-17 17:30:21.475274,0.00000,0.00000,2.00000,0.00000,0.00000,2.00000,198.00000,42.00000,16.00000,2.00000,2.00000,2.00000,38656.00000,588.00000
2025-11-17 17:30:22.413629,0.00000,0.00000,2.00000,0.00000,0.00000,2.00000,228.00000,44.00000,18.00000,2.00000,2.00000,2.00000,38656.00000,622.00000
2025-11-17 17:30:23.250841,0.00000,0.00000,2.00000,0.00000,0.00000,2.00000,228.00000,44.00000,18.00000,2.00000,2.00000,2.00000,38656.00000,622.00000
2025-11-17 17:30:24.014645,0.00000,0.00000,2.00000,0.00000,0.00000,2.00000,228.00000,44.00000,18.00000,2.00000,2.00000,2.00000,38656.00000,622.00000
2025-11-17 17:30:24.824022,0.00000,1.00000,2.00000,0.00000,1.00000,2.00000,240.00000,50.00000,18.00000,2.00000,2.00000,2.00000,38656.00000,642.00000
2025-11-17 17:30:25.728603,0.00000,1.00000,2.00000,0.00000,1.00000,2.00000,240.00000,50.00000,18.00000,2.00000,2.00000,2.00000,38656.00000,642.00000
2025-11-17 17:30:26.458682,0.00000,1.00000,2.00000,0.00000,1.00000,2.00000,240.00000,50.00000,18.00000,2.00000,2.00000,2.00000,38656.00000,642.00000
2025-11-17 17:30:27.351761,0.00000,0.00000,2.00000,0.00000,0.00000,2.00000,222.00000,46.00000,16.00000,2.00000,2.00000,2.00000,38656.00000,616.00000
2025-11-17 17:30:28.368959,0.00000,0.00000,2.00000,0.00000,0.00000,2.00000,222.00000,46.00000,16.00000,2.00000,2.00000,2.00000,38656.00000,616.00000
2025-11-17 17:30:29.238390,0.00000,0.00000,2.00000,0.00000,0.00000,2.00000,222.00000,46.00000,16.00000,2.00000,2.00000,2.00000,38656.00000,616.00000
2025-11-17 17:30:30.003025,0.00000,0.00000,2.00000,0.00000,0.00000,2.00000,222.00000,46.00000,16.00000,2.00000,2.00000,2.00000,38656.00000,616.00000
2025-11-17 17:30:30.814254,0.00000,0.00000,1.00000,0.00000,0.00000,1.00000,222.00000,46.00000,16.00000,2.00000,2.00000,2.00000,38656.00000,614.00000
2025-11-17 17:30:31.616623,0.00000,0.00000,1.00000,0.00000,0.00000,1.00000,222.00000,46.00000,16.00000,2.00000,2.00000,2.00000,38656.00000,614.00000
2025-11-17 17:30:32.698278,0.00000,0.00000,1.00000,0.00000,0.00000,1.00000,186.00000,44.00000,16.00000,2.00000,2.00000,2.00000,38656.00000,576.00000
2025-11-17 17:30:33.466375,0.00000,0.00000,2.00000,0.00000,0.00000,2.00000,186.00000,44.00000,16.00000,2.00000,2.00000,2.00000,38656.00000,578.00000
2025-11-17 17:30:34.224115,0.00000,0.00000,2.00000,0.00000,0.00000,2.00000,186.00000,44.00000,16.00000,2.00000,2.00000,2.00000,38656.00000,578.00000
2025-11-17 17:30:35.138895,0.00000,0.00000,2.00000,0.00000,0.00000,2.00000,192.00000,50.00000,14.00000,2.00000,2.00000,2.00000,38656.00000,588.00000
2025-11-17 17:30:36.147047,0.00000,0.00000,2.00000,0.00000,0.00000,2.00000,192.00000,50.00000,14.00000,2.00000,2.00000,2.00000,38656.00000,588.00000
2025-11-17 17:30:37.047486,0.00000,0.00000,2.00000,0.00000,0.00000,2.00000,192.00000,50.00000,14.00000,2.00000,2.00000,2.00000,38656.00000,588.00000
2025-11-17 17:30:37.897769,0.00000,0.00000,2.00000,0.00000,0.00000,2.00000,198.00000,50.00000,16.00000,2.00000,2.00000,2.00000,38656.00000,596.00000
2025-11-17 17:30:38.791577,0.00000,0.00000,2.00000,0.00000,0.00000,2.00000,198.00000,50.00000,16.00000,2.00000,2.00000,2.00000,38656.00000,596.00000
2025-11-17 17:30:39.818607,0.00000,0.00000,2.00000,0.00000,0.00000,2.00000,198.00000,50.00000,16.00000,2.00000,2.00000,2.00000,38656.00000,596.00000
2025-11-17 17:30:40.490505,0.00000,0.00000,2.00000,0.00000,0.00000,2.00000,198.00000,52.00000,16.00000,2.00000,2.00000,2.00000,38656.00000,598.00000
2025-11-17 17:30:41.374119,0.00000,0.00000,2.00000,0.00000,0.00000,2.00000,198.00000,52.00000,16.00000,2.00000,2.00000,2.00000,38656.00000,598.00000
2025-11-17 17:30:42.333374,0.00000,0.00000,2.00000,0.00000,0.00000,2.00000,198.00000,52.00000,16.00000,2.00000,2.00000,2.00000,38656.00000,598.00000
2025-11-17 17:30:43.455601,0.00000,0.00000,0.00000,0.00000,0.00000,0.00000,204.00000,52.00000,14.00000,0.00000,0.00000,0.00000,38656.00000,592.00000
2025-11-17 17:30:44.257413,0.00000,0.00000,0.00000,0.00000,0.00000,0.00000,204.00000,52.00000,14.00000,0.00000,0.00000,0.00000,38656.00000,592.00000
2025-11-17 17:30:44.995382,0.00000,0.00000,0.00000,0.00000,0.00000,0.00000,204.00000,52.00000,14.00000,0.00000,0.00000,0.00000,38656.00000,592.00000
2025-11-17 17:30:45.767861,0.00000,1.00000,1.00000,0.00000,1.00000,1.00000,228.00000,60.00000,14.00000,0.00000,0.00000,0.00000,38656.00000,628.00000
2025-11-17 17:30:46.564404,0.00000,1.00000,1.00000,0.00000,1.00000,1.00000,228.00000,60.00000,14.00000,0.00000,0.00000,0.00000,38656.00000,628.00000
2025-11-17 17:30:47.376830,0.00000,1.00000,1.00000,0.00000,1.00000,1.00000,228.00000,60.00000,14.00000,0.00000,0.00000,0.00000,38656.00000,628.00000
2025-11-17 17:30:48.214785,0.00000,1.00000,1.00000,0.00000,1.00000,1.00000,210.00000,60.00000,12.00000,0.00000,0.00000,0.00000,38656.00000,608.00000
2025-11-17 17:30:48.898159,0.00000,1.00000,1.00000,0.00000,1.00000,1.00000,210.00000,60.00000,12.00000,0.00000,0.00000,0.00000,38656.00000,608.00000
2025-11-17 17:30:49.689967,0.00000,1.00000,1.00000,0.00000,1.00000,1.00000,210.00000,60.00000,12.00000,0.00000,0.00000,0.00000,38656.00000,608.00000
2025-11-17 17:30:50.829663,0.00000,1.00000,1.00000,0.00000,1.00000,1.00000,222.00000,58.00000,12.00000,0.00000,0.00000,0.00000,38656.00000,618.00000
2025-11-17 17:30:51.723904,0.00000,1.00000,1.00000,0.00000,1.00000,1.00000,222.00000,58.00000,12.00000,0.00000,0.00000,0.00000,38656.00000,618.00000
2025-11-17 17:30:52.333932,0.00000,1.00000,1.00000,0.00000,1.00000,1.00000,222.00000,58.00000,12.00000,0.00000,0.00000,0.00000,38656.00000,618.00000
2025-11-17 17:30:53.405381,1.00000,1.00000,1.00000,1.00000,1.00000,1.00000,252.00000,66.00000,10.00000,0.00000,0.00000,0.00000,38656.00000,656.00000
2025-11-17 17:30:54.156639,0.00000,0.00000,0.00000,0.00000,0.00000,0.00000,252.00000,66.00000,10.00000,0.00000,0.00000,0.00000,38656.00000,650.00000
2025-11-17 17:30:55.086278,0.00000,0.00000,0.00000,0.00000,0.00000,0.00000,252.00000,66.00000,10.00000,0.00000,0.00000,0.00000,38656.00000,650.00000
2025-11-17 17:30:55.911543,0.00000,0.00000,0.00000,0.00000,0.00000,0.00000,246.00000,64.00000,10.00000,0.00000,0.00000,0.00000,38656.00000,642.00000
2025-11-17 17:30:56.831485,0.00000,0.00000,0.00000,0.00000,0.00000,0.00000,246.00000,64.00000,10.00000,0.00000,0.00000,0.00000,38656.00000,642.00000
2025-11-17 17:30:57.627921,1.00000,1.00000,1.00000,1.00000,1.00000,1.00000,246.00000,64.00000,10.00000,0.00000,0.00000,0.00000,38656.00000,648.00000
2025-11-17 17:30:58.416947,0.00000,1.00000,1.00000,0.00000,1.00000,1.00000,258.00000,64.00000,8.00000,0.00000,0.00000,0.00000,38656.00000,401.00000
2025-11-17 17:30:59.376449,0.00000,1.00000,1.00000,0.00000,1.00000,1.00000,258.00000,64.00000,8.00000,0.00000,0.00000,0.00000,38656.00000,401.00000
2025-11-17 17:31:00.205692,0.00000,1.00000,1.00000,0.00000,1.00000,1.00000,258.00000,64.00000,8.00000,0.00000,0.00000,0.00000,38656.00000,401.00000
2025-11-17 17:31:00.986250,0.00000,1.00000,1.00000,0.00000,1.00000,1.00000,240.00000,60.00000,8.00000,0.00000,0.00000,0.00000,38656.00000,634.00000
2025-11-17 17:31:01.983584,0.00000,1.00000,1.00000,0.00000,1.00000,1.00000,240.00000,60.00000,8.00000,0.00000,0.00000,0.00000,38656.00000,634.00000
2025-11-17 17:31:02.808135,0.00000,1.00000,1.00000,0.00000,1.00000,1.00000,240.00000,60.00000,8.00000,0.00000,0.00000,0.00000,38656.00000,634.00000
2025-11-17 17:31:03.651809,0.00000,0.00000,0.00000,0.00000,0.00000,0.00000,234.00000,60.00000,6.00000,0.00000,0.00000,0.00000,38656.00000,622.00000
2025-11-17 17:31:04.460566,0.00000,0.00000,0.00000,0.00000,0.00000,0.00000,234.00000,60.00000,6.00000,0.00000,0.00000,0.00000,38656.00000,622.00000
2025-11-17 17:31:05.261674,0.00000,0.00000,0.00000,0.00000,0.00000,0.00000,234.00000,60.00000,6.00000,0.00000,0.00000,0.00000,38656.00000,622.00000
2025-11-17 17:31:06.149572,0.00000,0.00000,0.00000,0.00000,0.00000,0.00000,234.00000,60.00000,4.00000,0.00000,0.00000,0.00000,38656.00000,620.00000
2025-11-17 17:31:07.069665,0.00000,0.00000,0.00000,0.00000,0.00000,0.00000,234.00000,60.00000,4.00000,0.00000,0.00000,0.00000,38656.00000,620.00000
2025-11-17 17:31:08.087827,0.00000,0.00000,0.00000,0.00000,0.00000,0.00000,234.00000,60.00000,4.00000,0.00000,0.00000,0.00000,38656.00000,620.00000
2025-11-17 17:31:08.922959,0.00000,0.00000,0.00000,0.00000,0.00000,0.00000,252.00000,66.00000,6.00000,0.00000,0.00000,0.00000,38656.00000,646.00000
2025-11-17 17:31:09.676464,0.00000,0.00000,0.00000,0.00000,0.00000,0.00000,252.00000,66.00000,6.00000,0.00000,0.00000,0.00000,38656.00000,646.00000
2025-11-17 17:31:10.528762,0.00000,0.00000,0.00000,0.00000,0.00000,0.00000,252.00000,66.00000,6.00000,0.00000,0.00000,0.00000,38656.00000,646.00000
2025-11-17 17:31:11.771167,0.00000,0.00000,0.00000,0.00000,0.00000,0.00000,246.00000,64.00000,4.00000,0.00000,0.00000,0.00000,38656.00000,636.00000
2025-11-17 17:31:12.741772,1.00000,1.00000,1.00000,1.00000,1.00000,1.00000,246.00000,64.00000,4.00000,0.00000,0.00000,0.00000,38656.00000,642.00000
2025-11-17 17:31:13.299288,1.00000,1.00000,1.00000,1.00000,1.00000,1.00000,246.00000,64.00000,4.00000,0.00000,0.00000,0.00000,38656.00000,642.00000
2025-11-17 17:31:14.027253,0.00000,1.00000,1.00000,0.00000,1.00000,1.00000,228.00000,60.00000,6.00000,0.00000,0.00000,0.00000,38656.00000,620.00000
2025-11-17 17:31:15.038327,0.00000,1.00000,1.00000,0.00000,1.00000,1.00000,228.00000,60.00000,6.00000,0.00000,0.00000,0.00000,38656.00000,620.00000
2025-11-17 17:31:15.810838,0.00000,1.00000,1.00000,0.00000,1.00000,1.00000,228.00000,60.00000,6.00000,0.00000,0.00000,0.00000,38656.00000,620.00000
2025-11-17 17:31:16.675059,0.00000,1.00000,1.00000,0.00000,1.00000,1.00000,216.00000,58.00000,6.00000,0.00000,0.00000,0.00000,38656.00000,606.00000
2025-11-17 17:31:17.380972,0.00000,1.00000,1.00000,0.00000,1.00000,1.00000,216.00000,58.00000,6.00000,0.00000,0.00000,0.00000,38656.00000,606.00000
2025-11-17 17:31:18.461096,0.00000,0.00000,0.00000,0.00000,0.00000,0.00000,216.00000,58.00000,6.00000,0.00000,0.00000,0.00000,38656.00000,602.00000
2025-11-17 17:31:19.289626,0.00000,0.00000,0.00000,0.00000,0.00000,0.00000,216.00000,50.00000,6.00000,0.00000,0.00000,0.00000,38656.00000,594.00000
2025-11-17 17:31:20.061881,0.00000,0.00000,0.00000,0.00000,0.00000,0.00000,216.00000,50.00000,6.00000,0.00000,0.00000,0.00000,38656.00000,594.00000
2025-11-17 17:31:20.954792,0.00000,0.00000,0.00000,0.00000,0.00000,0.00000,216.00000,50.00000,6.00000,0.00000,0.00000,0.00000,38656.00000,594.00000
2025-11-17 17:31:21.958902,0.00000,0.00000,0.00000,0.00000,0.00000,0.00000,252.00000,54.00000,6.00000,0.00000,0.00000,0.00000,38656.00000,634.00000
2025-11-17 17:31:22.835545,0.00000,0.00000,0.00000,0.00000,0.00000,0.00000,252.00000,54.00000,6.00000,0.00000,0.00000,0.00000,38656.00000,634.00000
2025-11-17 17:31:23.581128,0.00000,0.00000,0.00000,0.00000,0.00000,0.00000,252.00000,54.00000,6.00000,0.00000,0.00000,0.00000,38656.00000,634.00000
2025-11-17 17:31:24.320372,0.00000,0.00000,0.00000,0.00000,0.00000,0.00000,246.00000,56.00000,6.00000,0.00000,0.00000,0.00000,38656.00000,630.00000
2025-11-17 17:31:25.228111,0.00000,0.00000,0.00000,0.00000,0.00000,0.00000,246.00000,56.00000,6.00000,0.00000,0.00000,0.00000,38656.00000,630.00000
2025-11-17 17:31:26.123761,0.00000,0.00000,0.00000,0.00000,0.00000,0.00000,246.00000,56.00000,6.00000,0.00000,0.00000,0.00000,38656.00000,630.00000
2025-11-17 17:31:27.034270,0.00000,0.00000,0.00000,0.00000,0.00000,0.00000,234.00000,52.00000,6.00000,0.00000,0.00000,0.00000,38656.00000,614.00000
2025-11-17 17:31:27.752156,0.00000,0.00000,0.00000,0.00000,0.00000,0.00000,234.00000,52.00000,6.00000,0.00000,0.00000,0.00000,38656.00000,614.00000
2025-11-17 17:31:28.650545,0.00000,0.00000,0.00000,0.00000,0.00000,0.00000,234.00000,52.00000,6.00000,0.00000,0.00000,0.00000,38656.00000,614.00000
2025-11-17 17:31:29.509517,0.00000,0.00000,0.00000,0.00000,0.00000,0.00000,258.00000,58.00000,6.00000,0.00000,0.00000,0.00000,38656.00000,389.00000
2025-11-17 17:31:30.568789,0.00000,0.00000,0.00000,0.00000,0.00000,0.00000,258.00000,58.00000,6.00000,0.00000,0.00000,0.00000,38656.00000,389.00000
2025-11-17 17:31:31.284896,0.00000,0.00000,0.00000,0.00000,0.00000,0.00000,258.00000,58.00000,6.00000,0.00000,0.00000,0.00000,38656.00000,389.00000
2025-11-17 17:31:32.103637,0.00000,0.00000,0.00000,0.00000,0.00000,0.00000,252.00000,56.00000,6.00000,0.00000,0.00000,0.00000,38656.00000,636.00000
2025-11-17 17:31:33.056156,0.00000,0.00000,0.00000,0.00000,0.00000,0.00000,252.00000,56.00000,6.00000,0.00000,0.00000,0.00000,38656.00000,636.00000
2025-11-17 17:31:33.824949,0.00000,0.00000,0.00000,0.00000,0.00000,0.00000,252.00000,56.00000,6.00000,0.00000,0.00000,0.00000,38656.00000,636.00000
2025-11-17 17:31:34.731074,0.00000,0.00000,0.00000,0.00000,0.00000,0.00000,222.00000,46.00000,4.00000,0.00000,0.00000,0.00000,38656.00000,594.00000
2025-11-17 17:31:35.647231,0.00000,0.00000,0.00000,0.00000,0.00000,0.00000,222.00000,46.00000,4.00000,0.00000,0.00000,0.00000,38656.00000,594.00000
2025-11-17 17:31:36.391128,0.00000,0.00000,0.00000,0.00000,0.00000,0.00000,222.00000,46.00000,4.00000,0.00000,0.00000,0.00000,38656.00000,594.00000
2025-11-17 17:31:37.188195,0.00000,0.00000,0.00000,0.00000,0.00000,0.00000,240.00000,46.00000,4.00000,0.00000,0.00000,0.00000,38656.00000,612.00000
2025-11-17 17:31:38.156099,0.00000,0.00000,0.00000,0.00000,0.00000,0.00000,240.00000,46.00000,4.00000,0.00000,0.00000,0.00000,38656.00000,612.00000
2025-11-17 17:31:39.023816,0.00000,0.00000,0.00000,0.00000,0.00000,0.00000,240.00000,46.00000,4.00000,0.00000,0.00000,0.00000,38656.00000,612.00000
2025-11-17 17:31:40.011412,0.00000,0.00000,0.00000,0.00000,0.00000,0.00000,246.00000,46.00000,2.00000,0.00000,0.00000,0.00000,38656.00000,616.00000
2025-11-17 17:31:40.729815,0.00000,0.00000,0.00000,0.00000,0.00000,0.00000,246.00000,46.00000,2.00000,0.00000,0.00000,0.00000,38656.00000,616.00000
2025-11-17 17:31:41.820221,0.00000,0.00000,0.00000,0.00000,0.00000,0.00000,246.00000,46.00000,2.00000,0.00000,0.00000,0.00000,38656.00000,616.00000
2025-11-17 17:31:42.777969,0.00000,0.00000,0.00000,0.00000,0.00000,0.00000,240.00000,48.00000,2.00000,0.00000,0.00000,0.00000,38656.00000,612.00000
2025-11-17 17:31:43.387800,0.00000,0.00000,0.00000,0.00000,0.00000,0.00000,240.00000,48.00000,2.00000,0.00000,0.00000,0.00000,38656.00000,612.00000
2025-11-17 17:31:44.371631,0.00000,0.00000,0.00000,0.00000,0.00000,0.00000,240.00000,48.00000,2.00000,0.00000,0.00000,0.00000,38656.00000,612.00000
2025-11-17 17:31:45.356206,0.00000,0.00000,0.00000,0.00000,0.00000,0.00000,228.00000,46.00000,2.00000,0.00000,0.00000,0.00000,38656.00000,598.00000
2025-11-17 17:31:46.046199,0.00000,0.00000,0.00000,0.00000,0.00000,0.00000,228.00000,46.00000,2.00000,0.00000,0.00000,0.00000,38656.00000,598.00000
2025-11-17 17:31:46.838359,0.00000,0.00000,0.00000,0.00000,0.00000,0.00000,228.00000,46.00000,2.00000,0.00000,0.00000,0.00000,38656.00000,598.00000
2025-11-17 17:31:48.129567,0.00000,0.00000,0.00000,0.00000,0.00000,0.00000,192.00000,42.00000,2.00000,0.00000,0.00000,0.00000,38656.00000,558.00000
2025-11-17 17:31:49.047607,0.00000,0.00000,0.00000,0.00000,0.00000,0.00000,192.00000,42.00000,2.00000,0.00000,0.00000,0.00000,38656.00000,558.00000
2025-11-17 17:31:49.801834,0.00000,0.00000,0.00000,0.00000,0.00000,0.00000,192.00000,42.00000,2.00000,0.00000,0.00000,0.00000,38656.00000,558.00000
2025-11-17 17:31:50.575512,0.00000,0.00000,0.00000,0.00000,0.00000,0.00000,210.00000,48.00000,8.00000,0.00000,0.00000,0.00000,38656.00000,588.00000
2025-11-17 17:31:51.103899,0.00000,0.00000,0.00000,0.00000,0.00000,0.00000,210.00000,48.00000,8.00000,0.00000,0.00000,0.00000,38656.00000,588.00000
2025-11-17 17:31:52.041223,0.00000,0.00000,0.00000,0.00000,0.00000,0.00000,210.00000,48.00000,8.00000,0.00000,0.00000,0.00000,38656.00000,588.00000
2025-11-17 17:31:52.954972,0.00000,0.00000,0.00000,0.00000,0.00000,0.00000,210.00000,50.00000,8.00000,0.00000,0.00000,0.00000,38656.00000,590.00000
2025-11-17 17:31:53.636117,0.00000,0.00000,0.00000,0.00000,0.00000,0.00000,210.00000,50.00000,8.00000,0.00000,0.00000,0.00000,38656.00000,590.00000
2025-11-17 17:31:54.476683,0.00000,0.00000,0.00000,0.00000,0.00000,0.00000,210.00000,50.00000,8.00000,0.00000,0.00000,0.00000,38656.00000,590.00000
2025-11-17 17:31:55.449406,0.00000,0.00000,0.00000,0.00000,0.00000,0.00000,198.00000,46.00000,8.00000,0.00000,0.00000,0.00000,38656.00000,574.00000
2025-11-17 17:31:56.371683,0.00000,0.00000,0.00000,0.00000,0.00000,0.00000,198.00000,46.00000,8.00000,0.00000,0.00000,0.00000,38656.00000,574.00000
2025-11-17 17:31:57.163521,0.00000,0.00000,0.00000,0.00000,0.00000,0.00000,198.00000,46.00000,8.00000,0.00000,0.00000,0.00000,38656.00000,574.00000
2025-11-17 17:31:58.049177,0.00000,0.00000,0.00000,0.00000,0.00000,0.00000,198.00000,46.00000,8.00000,0.00000,0.00000,0.00000,38656.00000,574.00000
2025-11-17 17:31:58.957499,0.00000,0.00000,0.00000,0.00000,0.00000,0.00000,198.00000,46.00000,8.00000,0.00000,0.00000,0.00000,38656.00000,574.00000
2025-11-17 17:31:59.758173,0.00000,0.00000,0.00000,0.00000,0.00000,0.00000,198.00000,46.00000,8.00000,0.00000,0.00000,0.00000,38656.00000,574.00000
2025-11-17 17:32:00.561041,0.00000,0.00000,0.00000,0.00000,0.00000,0.00000,216.00000,52.00000,6.00000,0.00000,0.00000,0.00000,38656.00000,596.00000
2025-11-17 17:32:01.637345,0.00000,0.00000,0.00000,0.00000,0.00000,0.00000,216.00000,52.00000,6.00000,0.00000,0.00000,0.00000,38656.00000,596.00000
2025-11-17 17:32:02.494460,0.00000,0.00000,0.00000,0.00000,0.00000,0.00000,216.00000,52.00000,6.00000,0.00000,0.00000,0.00000,38656.00000,596.00000
2025-11-17 17:32:03.408874,0.00000,0.00000,0.00000,0.00000,0.00000,0.00000,228.00000,54.00000,6.00000,0.00000,0.00000,0.00000,38656.00000,610.00000
2025-11-17 17:32:04.266140,0.00000,0.00000,0.00000,0.00000,0.00000,0.00000,228.00000,54.00000,6.00000,0.00000,0.00000,0.00000,38656.00000,610.00000
2025-11-17 17:32:04.956836,0.00000,0.00000,0.00000,0.00000,0.00000,0.00000,228.00000,54.00000,6.00000,0.00000,0.00000,0.00000,38656.00000,610.00000
2025-11-17 17:32:05.774455,0.00000,0.00000,0.00000,0.00000,0.00000,0.00000,228.00000,54.00000,6.00000,0.00000,0.00000,0.00000,38656.00000,610.00000
2025-11-17 17:32:06.746454,0.00000,0.00000,0.00000,0.00000,0.00000,0.00000,228.00000,54.00000,6.00000,0.00000,0.00000,0.00000,38656.00000,610.00000
2025-11-17 17:32:07.580543,0.00000,0.00000,0.00000,0.00000,0.00000,0.00000,228.00000,54.00000,6.00000,0.00000,0.00000,0.00000,38656.00000,610.00000
2025-11-17 17:32:08.553296,0.00000,0.00000,0.00000,0.00000,0.00000,0.00000,246.00000,60.00000,8.00000,0.00000,0.00000,0.00000,38656.00000,636.00000
2025-11-17 17:32:09.513788,0.00000,0.00000,0.00000,0.00000,0.00000,0.00000,246.00000,60.00000,8.00000,0.00000,0.00000,0.00000,38656.00000,636.00000
2025-11-17 17:32:10.231061,0.00000,0.00000,0.00000,0.00000,0.00000,0.00000,246.00000,60.00000,8.00000,0.00000,0.00000,0.00000,38656.00000,636.00000
2025-11-17 17:32:10.913640,0.00000,0.00000,0.00000,0.00000,0.00000,0.00000,240.00000,66.00000,8.00000,0.00000,0.00000,0.00000,38656.00000,636.00000
2025-11-17 17:32:11.838350,0.00000,1.00000,1.00000,0.00000,1.00000,1.00000,240.00000,66.00000,8.00000,0.00000,0.00000,0.00000,38656.00000,640.00000
2025-11-17 17:32:12.657705,0.00000,1.00000,1.00000,0.00000,1.00000,1.00000,240.00000,66.00000,8.00000,0.00000,0.00000,0.00000,38656.00000,640.00000
2025-11-17 17:32:13.497333,0.00000,1.00000,1.00000,0.00000,1.00000,1.00000,276.00000,76.00000,12.00000,0.00000,0.00000,0.00000,38656.00000,435.00000
2025-11-17 17:32:14.550317,0.00000,1.00000,1.00000,0.00000,1.00000,1.00000,276.00000,76.00000,12.00000,0.00000,0.00000,0.00000,38656.00000,435.00000
2025-11-17 17:32:15.413287,0.00000,1.00000,1.00000,0.00000,1.00000,1.00000,276.00000,76.00000,12.00000,0.00000,0.00000,0.00000,38656.00000,435.00000
2025-11-17 17:32:16.204069,0.00000,1.00000,1.00000,0.00000,1.00000,1.00000,246.00000,66.00000,6.00000,0.00000,0.00000,0.00000,38656.00000,644.00000
2025-11-17 17:32:17.481523,0.00000,1.00000,1.00000,0.00000,1.00000,1.00000,246.00000,66.00000,6.00000,0.00000,0.00000,0.00000,38656.00000,644.00000
2025-11-17 17:32:18.261401,0.00000,0.00000,0.00000,0.00000,0.00000,0.00000,246.00000,66.00000,6.00000,0.00000,0.00000,0.00000,38656.00000,640.00000
2025-11-17 17:32:19.386842,0.00000,0.00000,0.00000,0.00000,0.00000,0.00000,270.00000,70.00000,6.00000,0.00000,0.00000,0.00000,38656.00000,413.00000
2025-11-17 17:32:20.317385,0.00000,0.00000,0.00000,0.00000,0.00000,0.00000,270.00000,70.00000,6.00000,0.00000,0.00000,0.00000,38656.00000,413.00000
2025-11-17 17:32:21.146402,0.00000,1.00000,1.00000,0.00000,1.00000,1.00000,270.00000,70.00000,6.00000,0.00000,0.00000,0.00000,38656.00000,417.00000
2025-11-17 17:32:22.052257,0.00000,1.00000,1.00000,0.00000,1.00000,1.00000,270.00000,72.00000,6.00000,0.00000,0.00000,0.00000,38656.00000,419.00000
2025-11-17 17:32:23.008708,0.00000,1.00000,1.00000,0.00000,1.00000,1.00000,270.00000,72.00000,6.00000,0.00000,0.00000,0.00000,38656.00000,419.00000
2025-11-17 17:32:23.830988,0.00000,1.00000,1.00000,0.00000,1.00000,1.00000,270.00000,72.00000,6.00000,0.00000,0.00000,0.00000,38656.00000,419.00000
2025-11-17 17:32:24.530993,0.00000,0.00000,0.00000,0.00000,0.00000,0.00000,270.00000,72.00000,8.00000,0.00000,0.00000,0.00000,38656.00000,417.00000
2025-11-17 17:32:25.342773,0.00000,0.00000,0.00000,0.00000,0.00000,0.00000,270.00000,72.00000,8.00000,0.00000,0.00000,0.00000,38656.00000,417.00000
2025-11-17 17:32:26.143555,0.00000,0.00000,0.00000,0.00000,0.00000,0.00000,270.00000,72.00000,8.00000,0.00000,0.00000,0.00000,38656.00000,417.00000
2025-11-17 17:32:26.946944,0.00000,0.00000,0.00000,0.00000,0.00000,0.00000,300.00000,76.00000,8.00000,0.00000,0.00000,0.00000,38656.00000,451.00000
2025-11-17 17:32:27.939530,0.00000,0.00000,0.00000,0.00000,0.00000,0.00000,300.00000,76.00000,8.00000,0.00000,0.00000,0.00000,38656.00000,451.00000
2025-11-17 17:32:28.813062,0.00000,0.00000,0.00000,0.00000,0.00000,0.00000,300.00000,76.00000,8.00000,0.00000,0.00000,0.00000,38656.00000,451.00000
2025-11-17 17:32:29.431520,0.00000,0.00000,0.00000,0.00000,0.00000,0.00000,288.00000,78.00000,14.00000,0.00000,0.00000,0.00000,38656.00000,447.00000
2025-11-17 17:32:29.926273,1.00000,1.00000,1.00000,1.00000,1.00000,1.00000,288.00000,78.00000,14.00000,0.00000,0.00000,0.00000,38656.00000,453.00000
2025-11-17 17:32:30.891835,1.00000,1.00000,1.00000,1.00000,1.00000,1.00000,288.00000,78.00000,14.00000,0.00000,0.00000,0.00000,38656.00000,453.00000
2025-11-17 17:32:31.779509,1.00000,1.00000,1.00000,1.00000,1.00000,1.00000,288.00000,80.00000,14.00000,0.00000,0.00000,0.00000,38656.00000,455.00000
2025-11-17 17:32:32.665839,0.00000,0.00000,0.00000,0.00000,0.00000,0.00000,288.00000,80.00000,14.00000,0.00000,0.00000,0.00000,38656.00000,449.00000
2025-11-17 17:32:33.290813,0.00000,0.00000,0.00000,0.00000,0.00000,0.00000,288.00000,80.00000,14.00000,0.00000,0.00000,0.00000,38656.00000,449.00000
2025-11-17 17:32:34.313234,0.00000,0.00000,0.00000,0.00000,0.00000,0.00000,270.00000,70.00000,12.00000,0.00000,0.00000,0.00000,38656.00000,419.00000
2025-11-17 17:32:35.249179,0.00000,0.00000,0.00000,0.00000,0.00000,0.00000,270.00000,70.00000,12.00000,0.00000,0.00000,0.00000,38656.00000,419.00000
2025-11-17 17:32:36.137392,0.00000,0.00000,0.00000,0.00000,0.00000,0.00000,270.00000,70.00000,12.00000,0.00000,0.00000,0.00000,38656.00000,419.00000
2025-11-17 17:32:36.952242,0.00000,0.00000,0.00000,0.00000,0.00000,0.00000,270.00000,70.00000,12.00000,0.00000,0.00000,0.00000,38656.00000,419.00000
2025-11-17 17:32:37.758262,0.00000,0.00000,0.00000,0.00000,0.00000,0.00000,270.00000,70.00000,12.00000,0.00000,0.00000,0.00000,38656.00000,419.00000
2025-11-17 17:32:38.527353,0.00000,1.00000,1.00000,0.00000,1.00000,1.00000,270.00000,70.00000,12.00000,0.00000,0.00000,0.00000,38656.00000,423.00000
2025-11-17 17:32:39.452388,0.00000,1.00000,1.00000,0.00000,1.00000,1.00000,234.00000,60.00000,8.00000,0.00000,0.00000,0.00000,38656.00000,628.00000
2025-11-17 17:32:40.271776,0.00000,1.00000,1.00000,0.00000,1.00000,1.00000,234.00000,60.00000,8.00000,0.00000,0.00000,0.00000,38656.00000,628.00000
2025-11-17 17:32:41.153853,0.00000,1.00000,1.00000,0.00000,1.00000,1.00000,234.00000,60.00000,8.00000,0.00000,0.00000,0.00000,38656.00000,628.00000
2025-11-17 17:32:42.121629,0.00000,1.00000,1.00000,0.00000,1.00000,1.00000,246.00000,62.00000,10.00000,0.00000,0.00000,0.00000,38656.00000,644.00000
2025-11-17 17:32:42.879397,0.00000,1.00000,1.00000,0.00000,1.00000,1.00000,246.00000,62.00000,10.00000,0.00000,0.00000,0.00000,38656.00000,644.00000
2025-11-17 17:32:43.781225,0.00000,1.00000,1.00000,0.00000,1.00000,1.00000,246.00000,62.00000,10.00000,0.00000,0.00000,0.00000,38656.00000,644.00000
2025-11-17 17:32:44.777807,0.00000,1.00000,1.00000,0.00000,1.00000,1.00000,222.00000,56.00000,10.00000,0.00000,0.00000,0.00000,38656.00000,614.00000
2025-11-17 17:32:45.366456,0.00000,1.00000,1.00000,0.00000,1.00000,1.00000,222.00000,56.00000,10.00000,0.00000,0.00000,0.00000,38656.00000,614.00000
2025-11-17 17:32:46.361101,0.00000,1.00000,1.00000,0.00000,1.00000,1.00000,222.00000,56.00000,10.00000,0.00000,0.00000,0.00000,38656.00000,614.00000
2025-11-17 17:32:47.205142,0.00000,1.00000,1.00000,0.00000,1.00000,1.00000,204.00000,50.00000,10.00000,0.00000,0.00000,0.00000,38656.00000,590.00000
2025-11-17 17:32:47.980365,0.00000,1.00000,1.00000,0.00000,1.00000,1.00000,204.00000,50.00000,10.00000,0.00000,0.00000,0.00000,38656.00000,590.00000
2025-11-17 17:32:48.949707,0.00000,1.00000,1.00000,0.00000,1.00000,1.00000,204.00000,50.00000,10.00000,0.00000,0.00000,0.00000,38656.00000,590.00000
2025-11-17 17:32:49.886301,0.00000,1.00000,1.00000,0.00000,1.00000,1.00000,210.00000,52.00000,10.00000,0.00000,0.00000,0.00000,38656.00000,598.00000
2025-11-17 17:32:51.071526,0.00000,1.00000,1.00000,0.00000,1.00000,1.00000,210.00000,52.00000,10.00000,0.00000,0.00000,0.00000,38656.00000,598.00000
2025-11-17 17:32:51.821439,0.00000,1.00000,1.00000,0.00000,1.00000,1.00000,210.00000,52.00000,10.00000,0.00000,0.00000,0.00000,38656.00000,598.00000
2025-11-17 17:32:52.657554,0.00000,0.00000,0.00000,0.00000,0.00000,0.00000,168.00000,44.00000,10.00000,0.00000,0.00000,0.00000,38656.00000,544.00000
2025-11-17 17:32:53.646651,0.00000,0.00000,0.00000,0.00000,0.00000,0.00000,168.00000,44.00000,10.00000,0.00000,0.00000,0.00000,38656.00000,544.00000
2025-11-17 17:32:54.890601,0.00000,0.00000,0.00000,0.00000,0.00000,0.00000,168.00000,44.00000,10.00000,0.00000,0.00000,0.00000,38656.00000,544.00000
2025-11-17 17:32:55.859464,0.00000,0.00000,0.00000,0.00000,0.00000,0.00000,156.00000,42.00000,4.00000,0.00000,0.00000,0.00000,38656.00000,524.00000
2025-11-17 17:32:56.803181,0.00000,0.00000,0.00000,0.00000,0.00000,0.00000,156.00000,42.00000,4.00000,0.00000,0.00000,0.00000,38656.00000,524.00000
2025-11-17 17:32:57.547073,0.00000,0.00000,0.00000,0.00000,0.00000,0.00000,156.00000,42.00000,4.00000,0.00000,0.00000,0.00000,38656.00000,524.00000
2025-11-17 17:32:58.304143,0.00000,0.00000,0.00000,0.00000,0.00000,0.00000,150.00000,40.00000,4.00000,0.00000,0.00000,0.00000,38656.00000,516.00000
2025-11-17 17:32:59.167486,0.00000,0.00000,0.00000,0.00000,0.00000,0.00000,150.00000,40.00000,4.00000,0.00000,0.00000,0.00000,38656.00000,516.00000
2025-11-17 17:32:59.955259,0.00000,0.00000,0.00000,0.00000,0.00000,0.00000,150.00000,40.00000,4.00000,0.00000,0.00000,0.00000,38656.00000,516.00000
2025-11-17 17:33:00.704058,0.00000,0.00000,0.00000,0.00000,0.00000,0.00000,150.00000,44.00000,4.00000,0.00000,0.00000,0.00000,38656.00000,520.00000
2025-11-17 17:33:01.663916,0.00000,0.00000,0.00000,0.00000,0.00000,0.00000,150.00000,44.00000,4.00000,0.00000,0.00000,0.00000,38656.00000,520.00000
2025-11-17 17:33:02.540078,0.00000,0.00000,0.00000,0.00000,0.00000,0.00000,150.00000,44.00000,4.00000,0.00000,0.00000,0.00000,38656.00000,520.00000
2025-11-17 17:33:03.385833,0.00000,0.00000,0.00000,0.00000,0.00000,0.00000,174.00000,50.00000,4.00000,0.00000,0.00000,0.00000,38656.00000,550.00000
2025-11-17 17:33:04.144809,0.00000,0.00000,0.00000,0.00000,0.00000,0.00000,174.00000,50.00000,4.00000,0.00000,0.00000,0.00000,38656.00000,550.00000
2025-11-17 17:33:04.809897,0.00000,0.00000,0.00000,0.00000,0.00000,0.00000,174.00000,50.00000,4.00000,0.00000,0.00000,0.00000,38656.00000,550.00000
2025-11-17 17:33:05.553959,0.00000,0.00000,0.00000,0.00000,0.00000,0.00000,198.00000,56.00000,4.00000,0.00000,0.00000,0.00000,38656.00000,580.00000
2025-11-17 17:33:06.362338,0.00000,0.00000,0.00000,0.00000,0.00000,0.00000,198.00000,56.00000,4.00000,0.00000,0.00000,0.00000,38656.00000,580.00000
2025-11-17 17:33:07.136109,0.00000,0.00000,0.00000,0.00000,0.00000,0.00000,198.00000,56.00000,4.00000,0.00000,0.00000,0.00000,38656.00000,580.00000
2025-11-17 17:33:08.206691,0.00000,0.00000,0.00000,0.00000,0.00000,0.00000,210.00000,58.00000,4.00000,0.00000,0.00000,0.00000,38656.00000,594.00000
2025-11-17 17:33:08.782330,0.00000,0.00000,0.00000,0.00000,0.00000,0.00000,210.00000,58.00000,4.00000,0.00000,0.00000,0.00000,38656.00000,594.00000
2025-11-17 17:33:09.515702,0.00000,0.00000,0.00000,0.00000,0.00000,0.00000,210.00000,58.00000,4.00000,0.00000,0.00000,0.00000,38656.00000,594.00000
2025-11-17 17:33:10.537319,0.00000,0.00000,0.00000,0.00000,0.00000,0.00000,210.00000,58.00000,6.00000,0.00000,0.00000,0.00000,38656.00000,596.00000
2025-11-17 17:33:11.338882,0.00000,0.00000,0.00000,0.00000,0.00000,0.00000,210.00000,58.00000,6.00000,0.00000,0.00000,0.00000,38656.00000,596.00000
2025-11-17 17:33:12.111557,0.00000,0.00000,0.00000,0.00000,0.00000,0.00000,210.00000,58.00000,6.00000,0.00000,0.00000,0.00000,38656.00000,596.00000
2025-11-17 17:33:13.076000,0.00000,0.00000,0.00000,0.00000,0.00000,0.00000,228.00000,62.00000,8.00000,0.00000,0.00000,0.00000,38656.00000,620.00000
2025-11-17 17:33:13.933920,0.00000,0.00000,0.00000,0.00000,0.00000,0.00000,228.00000,62.00000,8.00000,0.00000,0.00000,0.00000,38656.00000,620.00000
2025-11-17 17:33:15.049834,0.00000,0.00000,0.00000,0.00000,0.00000,0.00000,228.00000,62.00000,8.00000,0.00000,0.00000,0.00000,38656.00000,620.00000
2025-11-17 17:33:16.167858,0.00000,0.00000,0.00000,0.00000,0.00000,0.00000,216.00000,56.00000,6.00000,0.00000,0.00000,0.00000,38656.00000,600.00000
2025-11-17 17:33:17.037642,0.00000,0.00000,0.00000,0.00000,0.00000,0.00000,216.00000,56.00000,6.00000,0.00000,0.00000,0.00000,38656.00000,600.00000
2025-11-17 17:33:17.737876,0.00000,0.00000,0.00000,0.00000,0.00000,0.00000,216.00000,56.00000,6.00000,0.00000,0.00000,0.00000,38656.00000,600.00000
2025-11-17 17:33:18.636463,0.00000,1.00000,1.00000,0.00000,1.00000,1.00000,270.00000,66.00000,10.00000,0.00000,0.00000,0.00000,38656.00000,417.00000
2025-11-17 17:33:19.299407,0.00000,1.00000,1.00000,0.00000,1.00000,1.00000,270.00000,66.00000,10.00000,0.00000,0.00000,0.00000,38656.00000,417.00000
2025-11-17 17:33:20.027329,0.00000,1.00000,1.00000,0.00000,1.00000,1.00000,270.00000,66.00000,10.00000,0.00000,0.00000,0.00000,38656.00000,417.00000
2025-11-17 17:33:20.831579,0.00000,0.00000,0.00000,0.00000,0.00000,0.00000,252.00000,58.00000,12.00000,0.00000,0.00000,0.00000,38656.00000,644.00000
2025-11-17 17:33:21.684568,0.00000,0.00000,0.00000,0.00000,0.00000,0.00000,252.00000,58.00000,12.00000,0.00000,0.00000,0.00000,38656.00000,644.00000
2025-11-17 17:33:22.521738,0.00000,0.00000,0.00000,0.00000,0.00000,0.00000,252.00000,58.00000,12.00000,0.00000,0.00000,0.00000,38656.00000,644.00000
2025-11-17 17:33:23.556648,0.00000,1.00000,1.00000,0.00000,1.00000,1.00000,276.00000,66.00000,16.00000,2.00000,0.00000,0.00000,38656.00000,431.00000
2025-11-17 17:33:24.413730,0.00000,1.00000,1.00000,0.00000,1.00000,1.00000,276.00000,66.00000,16.00000,2.00000,0.00000,0.00000,38656.00000,431.00000
2025-11-17 17:33:25.075729,0.00000,1.00000,1.00000,0.00000,1.00000,1.00000,276.00000,66.00000,16.00000,2.00000,0.00000,0.00000,38656.00000,431.00000
2025-11-17 17:33:26.246659,0.00000,1.00000,3.00000,0.00000,1.00000,3.00000,276.00000,66.00000,18.00000,4.00000,2.00000,2.00000,38656.00000,443.00000
2025-11-17 17:33:27.437179,0.00000,1.00000,3.00000,0.00000,1.00000,3.00000,276.00000,66.00000,18.00000,4.00000,2.00000,2.00000,38656.00000,443.00000
2025-11-17 17:33:28.187997,0.00000,1.00000,3.00000,0.00000,1.00000,3.00000,276.00000,66.00000,18.00000,4.00000,2.00000,2.00000,38656.00000,443.00000
2025-11-17 17:33:28.971415,0.00000,1.00000,3.00000,0.00000,1.00000,3.00000,246.00000,58.00000,20.00000,4.00000,2.00000,2.00000,38656.00000,662.00000
2025-11-17 17:33:29.698142,0.00000,1.00000,3.00000,0.00000,1.00000,3.00000,246.00000,58.00000,20.00000,4.00000,2.00000,2.00000,38656.00000,662.00000
2025-11-17 17:33:30.345286,0.00000,1.00000,3.00000,0.00000,1.00000,3.00000,246.00000,58.00000,20.00000,4.00000,2.00000,2.00000,38656.00000,662.00000
2025-11-17 17:33:31.425011,0.00000,0.00000,3.00000,0.00000,0.00000,3.00000,222.00000,52.00000,22.00000,4.00000,2.00000,2.00000,38656.00000,632.00000
2025-11-17 17:33:32.458985,0.00000,0.00000,3.00000,0.00000,0.00000,3.00000,222.00000,52.00000,22.00000,4.00000,2.00000,2.00000,38656.00000,632.00000
2025-11-17 17:33:33.139183,0.00000,0.00000,3.00000,0.00000,0.00000,3.00000,222.00000,52.00000,22.00000,4.00000,2.00000,2.00000,38656.00000,632.00000
2025-11-17 17:33:34.080702,0.00000,0.00000,3.00000,0.00000,0.00000,3.00000,234.00000,52.00000,20.00000,4.00000,2.00000,2.00000,38656.00000,642.00000
2025-11-17 17:33:35.141394,0.00000,0.00000,3.00000,0.00000,0.00000,3.00000,234.00000,52.00000,20.00000,4.00000,2.00000,2.00000,38656.00000,642.00000
2025-11-17 17:33:35.970642,0.00000,0.00000,3.00000,0.00000,0.00000,3.00000,234.00000,52.00000,20.00000,4.00000,2.00000,2.00000,38656.00000,642.00000
2025-11-17 17:33:36.779079,0.00000,1.00000,3.00000,0.00000,1.00000,3.00000,246.00000,56.00000,20.00000,4.00000,2.00000,2.00000,38656.00000,660.00000
2025-11-17 17:33:37.724981,0.00000,1.00000,3.00000,0.00000,1.00000,3.00000,246.00000,56.00000,20.00000,4.00000,2.00000,2.00000,38656.00000,660.00000
2025-11-17 17:33:38.518905,0.00000,1.00000,3.00000,0.00000,1.00000,3.00000,246.00000,56.00000,20.00000,4.00000,2.00000,2.00000,38656.00000,660.00000
2025-11-17 17:33:39.221593,0.00000,1.00000,3.00000,0.00000,1.00000,3.00000,258.00000,60.00000,20.00000,4.00000,2.00000,2.00000,38656.00000,421.00000
2025-11-17 17:33:40.009976,0.00000,1.00000,3.00000,0.00000,1.00000,3.00000,258.00000,60.00000,20.00000,4.00000,2.00000,2.00000,38656.00000,421.00000
2025-11-17 17:33:40.820882,0.00000,1.00000,3.00000,0.00000,1.00000,3.00000,258.00000,60.00000,20.00000,4.00000,2.00000,2.00000,38656.00000,421.00000
2025-11-17 17:33:41.692638,0.00000,1.00000,3.00000,0.00000,1.00000,3.00000,264.00000,64.00000,20.00000,4.00000,2.00000,2.00000,38656.00000,431.00000
2025-11-17 17:33:42.676936,0.00000,1.00000,3.00000,0.00000,1.00000,3.00000,264.00000,64.00000,20.00000,4.00000,2.00000,2.00000,38656.00000,431.00000
2025-11-17 17:33:43.458133,0.00000,1.00000,3.00000,0.00000,1.00000,3.00000,264.00000,64.00000,20.00000,4.00000,2.00000,2.00000,38656.00000,431.00000
2025-11-17 17:33:44.202229,0.00000,1.00000,3.00000,0.00000,1.00000,3.00000,222.00000,58.00000,16.00000,4.00000,2.00000,2.00000,38656.00000,634.00000
2025-11-17 17:33:45.049078,0.00000,1.00000,3.00000,0.00000,1.00000,3.00000,222.00000,58.00000,16.00000,4.00000,2.00000,2.00000,38656.00000,634.00000
2025-11-17 17:33:45.730338,0.00000,1.00000,3.00000,0.00000,1.00000,3.00000,222.00000,58.00000,16.00000,4.00000,2.00000,2.00000,38656.00000,634.00000
2025-11-17 17:33:46.744935,0.00000,1.00000,3.00000,0.00000,1.00000,3.00000,228.00000,62.00000,16.00000,4.00000,2.00000,2.00000,38656.00000,644.00000
2025-11-17 17:33:47.656245,0.00000,1.00000,3.00000,0.00000,1.00000,3.00000,228.00000,62.00000,16.00000,4.00000,2.00000,2.00000,38656.00000,644.00000
2025-11-17 17:33:48.393989,0.00000,1.00000,3.00000,0.00000,1.00000,3.00000,228.00000,62.00000,16.00000,4.00000,2.00000,2.00000,38656.00000,644.00000
2025-11-17 17:33:49.297436,0.00000,1.00000,2.00000,0.00000,1.00000,2.00000,210.00000,56.00000,12.00000,2.00000,2.00000,2.00000,38656.00000,612.00000
2025-11-17 17:33:50.189409,0.00000,1.00000,2.00000,0.00000,1.00000,2.00000,210.00000,56.00000,12.00000,2.00000,2.00000,2.00000,38656.00000,612.00000
2025-11-17 17:33:50.970567,0.00000,1.00000,2.00000,0.00000,1.00000,2.00000,210.00000,56.00000,12.00000,2.00000,2.00000,2.00000,38656.00000,612.00000
2025-11-17 17:33:51.927385,0.00000,1.00000,1.00000,0.00000,1.00000,1.00000,210.00000,56.00000,12.00000,2.00000,0.00000,0.00000,38656.00000,606.00000
2025-11-17 17:33:52.714457,0.00000,1.00000,1.00000,0.00000,1.00000,1.00000,210.00000,56.00000,12.00000,2.00000,0.00000,0.00000,38656.00000,606.00000
2025-11-17 17:33:53.632909,0.00000,1.00000,1.00000,0.00000,1.00000,1.00000,210.00000,56.00000,12.00000,2.00000,0.00000,0.00000,38656.00000,606.00000
2025-11-17 17:33:54.884203,0.00000,1.00000,1.00000,0.00000,1.00000,1.00000,228.00000,60.00000,10.00000,2.00000,0.00000,0.00000,38656.00000,626.00000
2025-11-17 17:33:56.017759,0.00000,1.00000,1.00000,0.00000,1.00000,1.00000,228.00000,60.00000,10.00000,2.00000,0.00000,0.00000,38656.00000,626.00000
2025-11-17 17:33:56.700613,0.00000,1.00000,1.00000,0.00000,1.00000,1.00000,228.00000,60.00000,10.00000,2.00000,0.00000,0.00000,38656.00000,626.00000
2025-11-17 17:33:57.561387,0.00000,1.00000,1.00000,0.00000,1.00000,1.00000,228.00000,60.00000,8.00000,2.00000,0.00000,0.00000,38656.00000,624.00000
2025-11-17 17:33:58.307885,0.00000,1.00000,1.00000,0.00000,1.00000,1.00000,228.00000,60.00000,8.00000,2.00000,0.00000,0.00000,38656.00000,624.00000
2025-11-17 17:33:59.069819,0.00000,1.00000,1.00000,0.00000,1.00000,1.00000,228.00000,60.00000,8.00000,2.00000,0.00000,0.00000,38656.00000,624.00000
2025-11-17 17:33:59.610533,0.00000,0.00000,1.00000,0.00000,0.00000,1.00000,210.00000,58.00000,8.00000,2.00000,0.00000,0.00000,38656.00000,602.00000
2025-11-17 17:34:00.680681,0.00000,0.00000,1.00000,0.00000,0.00000,1.00000,210.00000,58.00000,8.00000,2.00000,0.00000,0.00000,38656.00000,602.00000
2025-11-17 17:34:01.508837,0.00000,0.00000,1.00000,0.00000,0.00000,1.00000,210.00000,58.00000,8.00000,2.00000,0.00000,0.00000,38656.00000,602.00000
2025-11-17 17:34:02.223226,0.00000,0.00000,1.00000,0.00000,0.00000,1.00000,186.00000,52.00000,6.00000,2.00000,0.00000,0.00000,38656.00000,570.00000
2025-11-17 17:34:03.225683,0.00000,0.00000,1.00000,0.00000,0.00000,1.00000,186.00000,52.00000,6.00000,2.00000,0.00000,0.00000,38656.00000,570.00000
2025-11-17 17:34:03.917401,0.00000,0.00000,1.00000,0.00000,0.00000,1.00000,186.00000,52.00000,6.00000,2.00000,0.00000,0.00000,38656.00000,570.00000
2025-11-17 17:34:05.059291,0.00000,0.00000,1.00000,0.00000,0.00000,1.00000,174.00000,48.00000,4.00000,2.00000,0.00000,0.00000,38656.00000,552.00000
2025-11-17 17:34:06.113017,0.00000,0.00000,1.00000,0.00000,0.00000,1.00000,174.00000,48.00000,4.00000,2.00000,0.00000,0.00000,38656.00000,552.00000
2025-11-17 17:34:06.811711,0.00000,0.00000,1.00000,0.00000,0.00000,1.00000,174.00000,48.00000,4.00000,2.00000,0.00000,0.00000,38656.00000,552.00000
2025-11-17 17:34:07.585365,0.00000,0.00000,1.00000,0.00000,0.00000,1.00000,186.00000,52.00000,4.00000,2.00000,0.00000,0.00000,38656.00000,568.00000
2025-11-17 17:34:08.407279,0.00000,0.00000,1.00000,0.00000,0.00000,1.00000,186.00000,52.00000,4.00000,2.00000,0.00000,0.00000,38656.00000,568.00000
2025-11-17 17:34:09.401079,0.00000,0.00000,1.00000,0.00000,0.00000,1.00000,186.00000,52.00000,4.00000,2.00000,0.00000,0.00000,38656.00000,568.00000
2025-11-17 17:34:10.553797,0.00000,0.00000,1.00000,0.00000,0.00000,1.00000,168.00000,46.00000,6.00000,2.00000,0.00000,0.00000,38656.00000,546.00000
2025-11-17 17:34:11.538741,0.00000,0.00000,1.00000,0.00000,0.00000,1.00000,168.00000,46.00000,6.00000,2.00000,0.00000,0.00000,38656.00000,546.00000
2025-11-17 17:34:12.263335,0.00000,0.00000,1.00000,0.00000,0.00000,1.00000,168.00000,46.00000,6.00000,2.00000,0.00000,0.00000,38656.00000,546.00000
2025-11-17 17:34:12.937196,0.00000,0.00000,1.00000,0.00000,0.00000,1.00000,174.00000,46.00000,4.00000,2.00000,0.00000,0.00000,38656.00000,550.00000
2025-11-17 17:34:13.594927,0.00000,0.00000,1.00000,0.00000,0.00000,1.00000,174.00000,46.00000,4.00000,2.00000,0.00000,0.00000,38656.00000,550.00000
2025-11-17 17:34:14.444914,0.00000,0.00000,1.00000,0.00000,0.00000,1.00000,174.00000,46.00000,4.00000,2.00000,0.00000,0.00000,38656.00000,550.00000
2025-11-17 17:34:15.321244,0.00000,0.00000,1.00000,0.00000,0.00000,1.00000,174.00000,46.00000,4.00000,2.00000,0.00000,0.00000,38656.00000,550.00000
2025-11-17 17:34:16.133070,0.00000,0.00000,1.00000,0.00000,0.00000,1.00000,174.00000,46.00000,4.00000,2.00000,0.00000,0.00000,38656.00000,550.00000
2025-11-17 17:34:16.946675,0.00000,0.00000,1.00000,0.00000,0.00000,1.00000,174.00000,46.00000,4.00000,2.00000,0.00000,0.00000,38656.00000,550.00000
2025-11-17 17:34:17.877547,0.00000,0.00000,0.00000,0.00000,0.00000,0.00000,186.00000,48.00000,4.00000,0.00000,0.00000,0.00000,38656.00000,560.00000
2025-11-17 17:34:18.690257,0.00000,0.00000,0.00000,0.00000,0.00000,0.00000,186.00000,48.00000,4.00000,0.00000,0.00000,0.00000,38656.00000,560.00000
2025-11-17 17:34:19.858361,0.00000,0.00000,0.00000,0.00000,0.00000,0.00000,186.00000,48.00000,4.00000,0.00000,0.00000,0.00000,38656.00000,560.00000
2025-11-17 17:34:20.581555,0.00000,0.00000,0.00000,0.00000,0.00000,0.00000,174.00000,46.00000,8.00000,0.00000,0.00000,0.00000,38656.00000,550.00000
2025-11-17 17:34:21.491050,0.00000,0.00000,0.00000,0.00000,0.00000,0.00000,174.00000,46.00000,8.00000,0.00000,0.00000,0.00000,38656.00000,550.00000
2025-11-17 17:34:22.658868,0.00000,0.00000,0.00000,0.00000,0.00000,0.00000,174.00000,46.00000,8.00000,0.00000,0.00000,0.00000,38656.00000,550.00000
2025-11-17 17:34:23.306802,0.00000,0.00000,0.00000,0.00000,0.00000,0.00000,174.00000,46.00000,8.00000,0.00000,0.00000,0.00000,38656.00000,550.00000
2025-11-17 17:34:23.934251,0.00000,0.00000,0.00000,0.00000,0.00000,0.00000,174.00000,46.00000,8.00000,0.00000,0.00000,0.00000,38656.00000,550.00000
2025-11-17 17:34:24.843968,0.00000,0.00000,0.00000,0.00000,0.00000,0.00000,174.00000,46.00000,8.00000,0.00000,0.00000,0.00000,38656.00000,550.00000
2025-11-17 17:34:25.703350,0.00000,0.00000,0.00000,0.00000,0.00000,0.00000,168.00000,46.00000,8.00000,0.00000,0.00000,0.00000,38656.00000,544.00000
2025-11-17 17:34:26.545099,0.00000,0.00000,0.00000,0.00000,0.00000,0.00000,168.00000,46.00000,8.00000,0.00000,0.00000,0.00000,38656.00000,544.00000
2025-11-17 17:34:27.199047,0.00000,0.00000,0.00000,0.00000,0.00000,0.00000,168.00000,46.00000,8.00000,0.00000,0.00000,0.00000,38656.00000,544.00000
2025-11-17 17:34:28.099964,0.00000,1.00000,1.00000,0.00000,1.00000,1.00000,192.00000,54.00000,10.00000,0.00000,0.00000,0.00000,38656.00000,582.00000
2025-11-17 17:34:29.535324,0.00000,1.00000,1.00000,0.00000,1.00000,1.00000,192.00000,54.00000,10.00000,0.00000,0.00000,0.00000,38656.00000,582.00000
2025-11-17 17:34:30.530341,0.00000,1.00000,1.00000,0.00000,1.00000,1.00000,192.00000,54.00000,10.00000,0.00000,0.00000,0.00000,38656.00000,582.00000
2025-11-17 17:34:31.190331,0.00000,1.00000,1.00000,0.00000,1.00000,1.00000,198.00000,54.00000,10.00000,0.00000,0.00000,0.00000,38656.00000,588.00000
2025-11-17 17:34:31.888941,0.00000,1.00000,1.00000,0.00000,1.00000,1.00000,198.00000,54.00000,10.00000,0.00000,0.00000,0.00000,38656.00000,588.00000
2025-11-17 17:34:32.554772,0.00000,1.00000,1.00000,0.00000,1.00000,1.00000,198.00000,54.00000,10.00000,0.00000,0.00000,0.00000,38656.00000,588.00000
2025-11-17 17:34:33.549803,0.00000,1.00000,1.00000,0.00000,1.00000,1.00000,210.00000,58.00000,10.00000,0.00000,0.00000,0.00000,38656.00000,604.00000
2025-11-17 17:34:34.818144,0.00000,1.00000,1.00000,0.00000,1.00000,1.00000,210.00000,58.00000,10.00000,0.00000,0.00000,0.00000,38656.00000,604.00000
2025-11-17 17:34:35.521552,0.00000,1.00000,1.00000,0.00000,1.00000,1.00000,210.00000,58.00000,10.00000,0.00000,0.00000,0.00000,38656.00000,604.00000
2025-11-17 17:34:36.469840,0.00000,1.00000,1.00000,0.00000,1.00000,1.00000,228.00000,64.00000,10.00000,2.00000,0.00000,0.00000,38656.00000,630.00000
2025-11-17 17:34:36.967448,0.00000,1.00000,1.00000,0.00000,1.00000,1.00000,228.00000,64.00000,10.00000,2.00000,0.00000,0.00000,38656.00000,630.00000
2025-11-17 17:34:37.490791,0.00000,1.00000,1.00000,0.00000,1.00000,1.00000,228.00000,64.00000,10.00000,2.00000,0.00000,0.00000,38656.00000,630.00000
2025-11-17 17:34:38.495950,0.00000,1.00000,1.00000,0.00000,1.00000,1.00000,204.00000,58.00000,10.00000,2.00000,0.00000,0.00000,38656.00000,600.00000
2025-11-17 17:34:39.432492,0.00000,1.00000,1.00000,0.00000,1.00000,1.00000,204.00000,58.00000,10.00000,2.00000,0.00000,0.00000,38656.00000,600.00000
2025-11-17 17:34:40.273330,0.00000,1.00000,1.00000,0.00000,1.00000,1.00000,204.00000,58.00000,10.00000,2.00000,0.00000,0.00000,38656.00000,600.00000
2025-11-17 17:34:41.287091,0.00000,0.00000,0.00000,0.00000,0.00000,0.00000,234.00000,68.00000,10.00000,2.00000,0.00000,0.00000,38656.00000,636.00000
2025-11-17 17:34:42.611750,0.00000,0.00000,0.00000,0.00000,0.00000,0.00000,234.00000,68.00000,10.00000,2.00000,0.00000,0.00000,38656.00000,636.00000
2025-11-17 17:34:43.581105,0.00000,0.00000,0.00000,0.00000,0.00000,0.00000,234.00000,68.00000,10.00000,2.00000,0.00000,0.00000,38656.00000,636.00000
2025-11-17 17:34:44.436416,0.00000,1.00000,1.00000,0.00000,1.00000,1.00000,216.00000,62.00000,8.00000,2.00000,0.00000,0.00000,38656.00000,614.00000
2025-11-17 17:34:45.180607,0.00000,1.00000,1.00000,0.00000,1.00000,1.00000,216.00000,62.00000,8.00000,2.00000,0.00000,0.00000,38656.00000,614.00000
2025-11-17 17:34:46.036993,0.00000,1.00000,1.00000,0.00000,1.00000,1.00000,216.00000,62.00000,8.00000,2.00000,0.00000,0.00000,38656.00000,614.00000
2025-11-17 17:34:46.765937,0.00000,1.00000,1.00000,0.00000,1.00000,1.00000,228.00000,66.00000,6.00000,2.00000,0.00000,0.00000,38656.00000,628.00000
2025-11-17 17:34:47.445461,0.00000,1.00000,1.00000,0.00000,1.00000,1.00000,228.00000,66.00000,6.00000,2.00000,0.00000,0.00000,38656.00000,628.00000
2025-11-17 17:34:48.251636,0.00000,1.00000,1.00000,0.00000,1.00000,1.00000,228.00000,66.00000,6.00000,2.00000,0.00000,0.00000,38656.00000,628.00000
2025-11-17 17:34:49.254626,0.00000,1.00000,1.00000,0.00000,1.00000,1.00000,252.00000,70.00000,8.00000,2.00000,0.00000,0.00000,38656.00000,658.00000
2025-11-17 17:34:49.927624,0.00000,0.00000,0.00000,0.00000,0.00000,0.00000,252.00000,70.00000,8.00000,2.00000,0.00000,0.00000,38656.00000,654.00000
2025-11-17 17:34:50.650653,0.00000,0.00000,0.00000,0.00000,0.00000,0.00000,252.00000,70.00000,8.00000,2.00000,0.00000,0.00000,38656.00000,654.00000
2025-11-17 17:34:51.480409,0.00000,0.00000,1.00000,0.00000,0.00000,1.00000,270.00000,76.00000,12.00000,4.00000,0.00000,0.00000,38656.00000,431.00000
2025-11-17 17:34:52.472939,1.00000,1.00000,2.00000,1.00000,1.00000,2.00000,270.00000,76.00000,12.00000,4.00000,0.00000,0.00000,38656.00000,437.00000
2025-11-17 17:34:53.219376,1.00000,1.00000,2.00000,1.00000,1.00000,2.00000,270.00000,76.00000,12.00000,4.00000,0.00000,0.00000,38656.00000,437.00000
2025-11-17 17:34:54.201172,1.00000,1.00000,2.00000,1.00000,1.00000,2.00000,300.00000,80.00000,12.00000,4.00000,0.00000,0.00000,38656.00000,471.00000
2025-11-17 17:34:54.941612,1.00000,1.00000,2.00000,1.00000,1.00000,2.00000,300.00000,80.00000,12.00000,4.00000,0.00000,0.00000,38656.00000,471.00000
2025-11-17 17:34:55.796050,0.00000,0.00000,1.00000,0.00000,0.00000,1.00000,300.00000,80.00000,12.00000,4.00000,0.00000,0.00000,38656.00000,465.00000
2025-11-17 17:34:56.601750,0.00000,1.00000,2.00000,0.00000,1.00000,2.00000,300.00000,82.00000,14.00000,6.00000,0.00000,0.00000,38656.00000,475.00000
2025-11-17 17:34:57.751199,0.00000,1.00000,2.00000,0.00000,1.00000,2.00000,300.00000,82.00000,14.00000,6.00000,0.00000,0.00000,38656.00000,475.00000
2025-11-17 17:34:58.887822,1.00000,2.00000,3.00000,1.00000,2.00000,3.00000,300.00000,82.00000,14.00000,6.00000,0.00000,0.00000,38656.00000,481.00000
2025-11-17 17:34:59.939087,1.00000,2.00000,2.00000,1.00000,2.00000,2.00000,282.00000,74.00000,14.00000,6.00000,0.00000,0.00000,38656.00000,453.00000
2025-11-17 17:35:00.754384,1.00000,2.00000,2.00000,1.00000,2.00000,2.00000,282.00000,74.00000,14.00000,6.00000,0.00000,0.00000,38656.00000,453.00000
2025-11-17 17:35:01.543746,1.00000,2.00000,2.00000,1.00000,2.00000,2.00000,282.00000,74.00000,14.00000,6.00000,0.00000,0.00000,38656.00000,453.00000
2025-11-17 17:35:02.390520,0.00000,0.00000,1.00000,0.00000,0.00000,1.00000,270.00000,70.00000,12.00000,4.00000,0.00000,0.00000,38656.00000,425.00000
2025-11-17 17:35:03.181666,0.00000,0.00000,1.00000,0.00000,0.00000,1.00000,270.00000,70.00000,12.00000,4.00000,0.00000,0.00000,38656.00000,425.00000
2025-11-17 17:35:04.011020,0.00000,0.00000,1.00000,0.00000,0.00000,1.00000,270.00000,70.00000,12.00000,4.00000,0.00000,0.00000,38656.00000,425.00000
2025-11-17 17:35:04.650910,1.00000,1.00000,2.00000,1.00000,1.00000,2.00000,306.00000,82.00000,16.00000,4.00000,0.00000,0.00000,38656.00000,483.00000
2025-11-17 17:35:05.352264,1.00000,1.00000,2.00000,1.00000,1.00000,2.00000,306.00000,82.00000,16.00000,4.00000,0.00000,0.00000,38656.00000,483.00000
2025-11-17 17:35:06.099058,1.00000,1.00000,2.00000,1.00000,1.00000,2.00000,306.00000,82.00000,16.00000,4.00000,0.00000,0.00000,38656.00000,483.00000
2025-11-17 17:35:07.131534,0.00000,1.00000,2.00000,0.00000,1.00000,2.00000,276.00000,70.00000,16.00000,4.00000,0.00000,0.00000,38656.00000,439.00000
2025-11-17 17:35:07.958064,0.00000,0.00000,1.00000,0.00000,0.00000,1.00000,276.00000,70.00000,16.00000,4.00000,0.00000,0.00000,38656.00000,435.00000
2025-11-17 17:35:08.921038,0.00000,0.00000,1.00000,0.00000,0.00000,1.00000,276.00000,70.00000,16.00000,4.00000,0.00000,0.00000,38656.00000,435.00000
2025-11-17 17:35:10.211110,0.00000,0.00000,1.00000,0.00000,0.00000,1.00000,270.00000,70.00000,16.00000,4.00000,0.00000,0.00000,38656.00000,429.00000
2025-11-17 17:35:11.210319,0.00000,1.00000,2.00000,0.00000,1.00000,2.00000,270.00000,70.00000,16.00000,4.00000,0.00000,0.00000,38656.00000,433.00000
2025-11-17 17:35:11.938404,0.00000,1.00000,2.00000,0.00000,1.00000,2.00000,270.00000,70.00000,16.00000,4.00000,0.00000,0.00000,38656.00000,433.00000
2025-11-17 17:35:12.728502,0.00000,1.00000,2.00000,0.00000,1.00000,2.00000,258.00000,66.00000,16.00000,4.00000,0.00000,0.00000,38656.00000,417.00000
2025-11-17 17:35:13.625936,0.00000,0.00000,1.00000,0.00000,0.00000,1.00000,258.00000,66.00000,16.00000,4.00000,0.00000,0.00000,38656.00000,413.00000
2025-11-17 17:35:14.397694,0.00000,0.00000,1.00000,0.00000,0.00000,1.00000,258.00000,66.00000,16.00000,4.00000,0.00000,0.00000,38656.00000,413.00000
2025-11-17 17:35:14.691746,0.00000,0.00000,1.00000,0.00000,0.00000,1.00000,246.00000,66.00000,16.00000,4.00000,0.00000,0.00000,38656.00000,656.00000
2025-11-17 17:35:15.785304,0.00000,0.00000,1.00000,0.00000,0.00000,1.00000,246.00000,66.00000,16.00000,4.00000,0.00000,0.00000,38656.00000,656.00000
2025-11-17 17:35:16.454869,0.00000,1.00000,2.00000,0.00000,1.00000,2.00000,246.00000,66.00000,16.00000,4.00000,0.00000,0.00000,38656.00000,660.00000
2025-11-17 17:35:17.397791,0.00000,1.00000,1.00000,0.00000,1.00000,1.00000,234.00000,64.00000,16.00000,2.00000,0.00000,0.00000,38656.00000,642.00000
2025-11-17 17:35:18.150514,0.00000,1.00000,1.00000,0.00000,1.00000,1.00000,234.00000,64.00000,16.00000,2.00000,0.00000,0.00000,38656.00000,642.00000
2025-11-17 17:35:19.044758,0.00000,1.00000,1.00000,0.00000,1.00000,1.00000,234.00000,64.00000,16.00000,2.00000,0.00000,0.00000,38656.00000,642.00000
2025-11-17 17:35:19.867847,0.00000,1.00000,1.00000,0.00000,1.00000,1.00000,216.00000,60.00000,14.00000,2.00000,0.00000,0.00000,38656.00000,618.00000
2025-11-17 17:35:20.813579,0.00000,1.00000,1.00000,0.00000,1.00000,1.00000,216.00000,60.00000,14.00000,2.00000,0.00000,0.00000,38656.00000,618.00000
2025-11-17 17:35:21.688128,0.00000,1.00000,1.00000,0.00000,1.00000,1.00000,216.00000,60.00000,14.00000,2.00000,0.00000,0.00000,38656.00000,618.00000
2025-11-17 17:35:22.589998,0.00000,0.00000,0.00000,0.00000,0.00000,0.00000,222.00000,64.00000,14.00000,2.00000,0.00000,0.00000,38656.00000,624.00000
2025-11-17 17:35:23.405909,0.00000,0.00000,0.00000,0.00000,0.00000,0.00000,222.00000,64.00000,14.00000,2.00000,0.00000,0.00000,38656.00000,624.00000
2025-11-17 17:35:24.257552,0.00000,0.00000,0.00000,0.00000,0.00000,0.00000,222.00000,64.00000,14.00000,2.00000,0.00000,0.00000,38656.00000,624.00000
2025-11-17 17:35:25.244955,0.00000,1.00000,1.00000,0.00000,1.00000,1.00000,222.00000,64.00000,16.00000,4.00000,0.00000,0.00000,38656.00000,632.00000
2025-11-17 17:35:26.183461,0.00000,1.00000,1.00000,0.00000,1.00000,1.00000,222.00000,64.00000,16.00000,4.00000,0.00000,0.00000,38656.00000,632.00000
2025-11-17 17:35:27.183152,0.00000,1.00000,1.00000,0.00000,1.00000,1.00000,222.00000,64.00000,16.00000,4.00000,0.00000,0.00000,38656.00000,632.00000
2025-11-17 17:35:27.938983,0.00000,1.00000,1.00000,0.00000,1.00000,1.00000,216.00000,60.00000,16.00000,4.00000,0.00000,0.00000,38656.00000,622.00000
2025-11-17 17:35:28.477817,0.00000,0.00000,0.00000,0.00000,0.00000,0.00000,216.00000,60.00000,16.00000,4.00000,0.00000,0.00000,38656.00000,618.00000
2025-11-17 17:35:29.408576,0.00000,0.00000,0.00000,0.00000,0.00000,0.00000,216.00000,60.00000,16.00000,4.00000,0.00000,0.00000,38656.00000,618.00000
2025-11-17 17:35:30.458375,0.00000,0.00000,0.00000,0.00000,0.00000,0.00000,198.00000,54.00000,14.00000,4.00000,0.00000,0.00000,38656.00000,592.00000
2025-11-17 17:35:31.264008,0.00000,1.00000,1.00000,0.00000,1.00000,1.00000,198.00000,54.00000,14.00000,4.00000,0.00000,0.00000,38656.00000,596.00000
2025-11-17 17:35:32.078198,0.00000,1.00000,1.00000,0.00000,1.00000,1.00000,198.00000,54.00000,14.00000,4.00000,0.00000,0.00000,38656.00000,596.00000
2025-11-17 17:35:32.803841,0.00000,1.00000,1.00000,0.00000,1.00000,1.00000,216.00000,58.00000,14.00000,4.00000,0.00000,0.00000,38656.00000,618.00000
2025-11-17 17:35:33.741334,0.00000,1.00000,1.00000,0.00000,1.00000,1.00000,216.00000,58.00000,14.00000,4.00000,0.00000,0.00000,38656.00000,618.00000
2025-11-17 17:35:34.683468,0.00000,0.00000,0.00000,0.00000,0.00000,0.00000,216.00000,58.00000,14.00000,4.00000,0.00000,0.00000,38656.00000,614.00000
2025-11-17 17:35:35.481072,0.00000,0.00000,0.00000,0.00000,0.00000,0.00000,228.00000,60.00000,14.00000,4.00000,0.00000,0.00000,38656.00000,628.00000
2025-11-17 17:35:36.262804,0.00000,0.00000,0.00000,0.00000,0.00000,0.00000,228.00000,60.00000,14.00000,4.00000,0.00000,0.00000,38656.00000,628.00000
2025-11-17 17:35:37.142773,0.00000,1.00000,1.00000,0.00000,1.00000,1.00000,228.00000,60.00000,14.00000,4.00000,0.00000,0.00000,38656.00000,632.00000
2025-11-17 17:35:38.012361,0.00000,1.00000,1.00000,0.00000,1.00000,1.00000,252.00000,64.00000,14.00000,4.00000,0.00000,0.00000,38656.00000,660.00000
2025-11-17 17:35:39.256188,0.00000,1.00000,1.00000,0.00000,1.00000,1.00000,252.00000,64.00000,14.00000,4.00000,0.00000,0.00000,38656.00000,660.00000
2025-11-17 17:35:40.368405,0.00000,1.00000,1.00000,0.00000,1.00000,1.00000,252.00000,64.00000,14.00000,4.00000,0.00000,0.00000,38656.00000,660.00000
2025-11-17 17:35:41.126223,0.00000,0.00000,0.00000,0.00000,0.00000,0.00000,252.00000,62.00000,12.00000,4.00000,0.00000,0.00000,38656.00000,652.00000
2025-11-17 17:35:41.995172,0.00000,0.00000,0.00000,0.00000,0.00000,0.00000,252.00000,62.00000,12.00000,4.00000,0.00000,0.00000,38656.00000,652.00000
2025-11-17 17:35:42.861357,0.00000,0.00000,0.00000,0.00000,0.00000,0.00000,252.00000,62.00000,12.00000,4.00000,0.00000,0.00000,38656.00000,652.00000
2025-11-17 17:35:43.760984,0.00000,1.00000,1.00000,0.00000,1.00000,1.00000,270.00000,66.00000,12.00000,4.00000,0.00000,0.00000,38656.00000,423.00000
2025-11-17 17:35:44.490242,0.00000,1.00000,1.00000,0.00000,1.00000,1.00000,270.00000,66.00000,12.00000,4.00000,0.00000,0.00000,38656.00000,423.00000
2025-11-17 17:35:45.199645,0.00000,1.00000,1.00000,0.00000,1.00000,1.00000,270.00000,66.00000,12.00000,4.00000,0.00000,0.00000,38656.00000,423.00000
2025-11-17 17:35:45.877509,0.00000,1.00000,1.00000,0.00000,1.00000,1.00000,312.00000,74.00000,12.00000,4.00000,0.00000,0.00000,38656.00000,473.00000
2025-11-17 17:35:46.708443,0.00000,1.00000,1.00000,0.00000,1.00000,1.00000,312.00000,74.00000,12.00000,4.00000,0.00000,0.00000,38656.00000,473.00000
2025-11-17 17:35:47.550237,0.00000,1.00000,1.00000,0.00000,1.00000,1.00000,312.00000,74.00000,12.00000,4.00000,0.00000,0.00000,38656.00000,473.00000
2025-11-17 17:35:48.505437,0.00000,0.00000,0.00000,0.00000,0.00000,0.00000,288.00000,64.00000,10.00000,2.00000,0.00000,0.00000,38656.00000,431.00000
2025-11-17 17:35:49.308297,0.00000,1.00000,1.00000,0.00000,1.00000,1.00000,288.00000,64.00000,10.00000,2.00000,0.00000,0.00000,38656.00000,435.00000
2025-11-17 17:35:50.291130,0.00000,1.00000,1.00000,0.00000,1.00000,1.00000,288.00000,64.00000,10.00000,2.00000,0.00000,0.00000,38656.00000,435.00000
2025-11-17 17:35:51.563464,0.00000,1.00000,1.00000,0.00000,1.00000,1.00000,294.00000,66.00000,12.00000,0.00000,0.00000,0.00000,38656.00000,443.00000
2025-11-17 17:35:52.404853,0.00000,1.00000,1.00000,0.00000,1.00000,1.00000,294.00000,66.00000,12.00000,0.00000,0.00000,0.00000,38656.00000,443.00000
2025-11-17 17:35:52.700023,0.00000,1.00000,1.00000,0.00000,1.00000,1.00000,294.00000,66.00000,12.00000,0.00000,0.00000,0.00000,38656.00000,443.00000
2025-11-17 17:35:53.653792,1.00000,1.00000,1.00000,1.00000,1.00000,1.00000,324.00000,80.00000,14.00000,0.00000,0.00000,0.00000,38656.00000,491.00000
2025-11-17 17:35:54.571679,1.00000,1.00000,1.00000,1.00000,1.00000,1.00000,324.00000,80.00000,14.00000,0.00000,0.00000,0.00000,38656.00000,491.00000
2025-11-17 17:35:55.468423,1.00000,1.00000,1.00000,1.00000,1.00000,1.00000,324.00000,80.00000,14.00000,0.00000,0.00000,0.00000,38656.00000,491.00000
2025-11-17 17:35:56.301773,1.00000,1.00000,1.00000,1.00000,1.00000,1.00000,342.00000,78.00000,12.00000,0.00000,0.00000,0.00000,38656.00000,505.00000
2025-11-17 17:35:57.119274,1.00000,1.00000,1.00000,1.00000,1.00000,1.00000,342.00000,78.00000,12.00000,0.00000,0.00000,0.00000,38656.00000,505.00000
2025-11-17 17:35:57.828246,1.00000,1.00000,1.00000,1.00000,1.00000,1.00000,342.00000,78.00000,12.00000,0.00000,0.00000,0.00000,38656.00000,505.00000
2025-11-17 17:35:58.882525,1.00000,1.00000,1.00000,1.00000,1.00000,1.00000,330.00000,78.00000,16.00000,0.00000,0.00000,0.00000,38656.00000,497.00000
2025-11-17 17:35:59.984066,1.00000,1.00000,1.00000,1.00000,1.00000,1.00000,330.00000,78.00000,16.00000,0.00000,0.00000,0.00000,38656.00000,497.00000
2025-11-17 17:36:00.654334,1.00000,1.00000,1.00000,1.00000,1.00000,1.00000,330.00000,78.00000,16.00000,0.00000,0.00000,0.00000,38656.00000,497.00000
2025-11-17 17:36:01.848094,1.00000,2.00000,2.00000,1.00000,2.00000,2.00000,366.00000,88.00000,18.00000,0.00000,0.00000,0.00000,38656.00000,549.00000
2025-11-17 17:36:02.696256,1.00000,2.00000,2.00000,1.00000,2.00000,2.00000,366.00000,88.00000,18.00000,0.00000,0.00000,0.00000,38656.00000,549.00000
2025-11-17 17:36:03.370631,1.00000,2.00000,2.00000,1.00000,2.00000,2.00000,366.00000,88.00000,18.00000,0.00000,0.00000,0.00000,38656.00000,549.00000
2025-11-17 17:36:04.188218,1.00000,2.00000,2.00000,1.00000,2.00000,2.00000,360.00000,88.00000,18.00000,0.00000,0.00000,0.00000,38656.00000,543.00000
2025-11-17 17:36:05.015887,1.00000,2.00000,2.00000,1.00000,2.00000,2.00000,360.00000,88.00000,18.00000,0.00000,0.00000,0.00000,38656.00000,543.00000
2025-11-17 17:36:06.159828,1.00000,2.00000,2.00000,1.00000,2.00000,2.00000,360.00000,88.00000,18.00000,0.00000,0.00000,0.00000,38656.00000,543.00000
2025-11-17 17:36:06.829761,1.00000,2.00000,2.00000,1.00000,2.00000,2.00000,354.00000,88.00000,18.00000,0.00000,0.00000,0.00000,38656.00000,537.00000
2025-11-17 17:36:07.385085,1.00000,2.00000,2.00000,1.00000,2.00000,2.00000,354.00000,88.00000,18.00000,0.00000,0.00000,0.00000,38656.00000,537.00000
2025-11-17 17:36:08.250823,1.00000,2.00000,2.00000,1.00000,2.00000,2.00000,354.00000,88.00000,18.00000,0.00000,0.00000,0.00000,38656.00000,537.00000
2025-11-17 17:36:09.275447,1.00000,1.00000,1.00000,1.00000,1.00000,1.00000,318.00000,78.00000,14.00000,0.00000,0.00000,0.00000,38656.00000,483.00000
2025-11-17 17:36:10.130296,1.00000,1.00000,1.00000,1.00000,1.00000,1.00000,318.00000,78.00000,14.00000,0.00000,0.00000,0.00000,38656.00000,483.00000
2025-11-17 17:36:10.791705,1.00000,1.00000,1.00000,1.00000,1.00000,1.00000,318.00000,78.00000,14.00000,0.00000,0.00000,0.00000,38656.00000,483.00000
2025-11-17 17:36:11.906222,1.00000,1.00000,1.00000,1.00000,1.00000,1.00000,252.00000,66.00000,14.00000,0.00000,0.00000,0.00000,38656.00000,660.00000
2025-11-17 17:36:12.909825,1.00000,1.00000,1.00000,1.00000,1.00000,1.00000,252.00000,66.00000,14.00000,0.00000,0.00000,0.00000,38656.00000,660.00000
2025-11-17 17:36:13.866231,1.00000,1.00000,1.00000,1.00000,1.00000,1.00000,252.00000,66.00000,14.00000,0.00000,0.00000,0.00000,38656.00000,660.00000
2025-11-17 17:36:14.814279,1.00000,1.00000,1.00000,1.00000,1.00000,1.00000,270.00000,72.00000,16.00000,0.00000,0.00000,0.00000,38656.00000,431.00000
2025-11-17 17:36:15.618549,1.00000,1.00000,1.00000,1.00000,1.00000,1.00000,270.00000,72.00000,16.00000,0.00000,0.00000,0.00000,38656.00000,431.00000
2025-11-17 17:36:16.350533,1.00000,1.00000,1.00000,1.00000,1.00000,1.00000,270.00000,72.00000,16.00000,0.00000,0.00000,0.00000,38656.00000,431.00000
2025-11-17 17:36:17.498845,1.00000,1.00000,1.00000,1.00000,1.00000,1.00000,270.00000,72.00000,12.00000,0.00000,0.00000,0.00000,38656.00000,427.00000
2025-11-17 17:36:18.152630,1.00000,1.00000,1.00000,1.00000,1.00000,1.00000,270.00000,72.00000,12.00000,0.00000,0.00000,0.00000,38656.00000,427.00000
2025-11-17 17:36:18.857469,1.00000,1.00000,1.00000,1.00000,1.00000,1.00000,270.00000,72.00000,12.00000,0.00000,0.00000,0.00000,38656.00000,427.00000
2025-11-17 17:36:19.642136,1.00000,1.00000,1.00000,1.00000,1.00000,1.00000,276.00000,68.00000,12.00000,0.00000,0.00000,0.00000,38656.00000,429.00000
2025-11-17 17:36:20.308577,1.00000,1.00000,1.00000,1.00000,1.00000,1.00000,276.00000,68.00000,12.00000,0.00000,0.00000,0.00000,38656.00000,429.00000
2025-11-17 17:36:21.577168,1.00000,1.00000,1.00000,1.00000,1.00000,1.00000,276.00000,68.00000,12.00000,0.00000,0.00000,0.00000,38656.00000,429.00000
2025-11-17 17:36:22.374864,1.00000,1.00000,1.00000,1.00000,1.00000,1.00000,276.00000,74.00000,20.00000,0.00000,0.00000,0.00000,38656.00000,443.00000
2025-11-17 17:36:23.049919,1.00000,1.00000,1.00000,1.00000,1.00000,1.00000,276.00000,74.00000,20.00000,0.00000,0.00000,0.00000,38656.00000,443.00000
2025-11-17 17:36:23.890222,1.00000,1.00000,1.00000,1.00000,1.00000,1.00000,276.00000,74.00000,20.00000,0.00000,0.00000,0.00000,38656.00000,443.00000
2025-11-17 17:36:24.767848,1.00000,1.00000,1.00000,1.00000,1.00000,1.00000,288.00000,78.00000,16.00000,0.00000,0.00000,0.00000,38656.00000,455.00000
2025-11-17 17:36:25.844128,1.00000,1.00000,1.00000,1.00000,1.00000,1.00000,288.00000,78.00000,16.00000,0.00000,0.00000,0.00000,38656.00000,455.00000
2025-11-17 17:36:26.596146,1.00000,1.00000,1.00000,1.00000,1.00000,1.00000,288.00000,78.00000,16.00000,0.00000,0.00000,0.00000,38656.00000,455.00000
2025-11-17 17:36:27.457769,0.00000,1.00000,1.00000,0.00000,1.00000,1.00000,252.00000,70.00000,14.00000,0.00000,0.00000,0.00000,38656.00000,662.00000
2025-11-17 17:36:28.909584,0.00000,1.00000,1.00000,0.00000,1.00000,1.00000,252.00000,70.00000,14.00000,0.00000,0.00000,0.00000,38656.00000,662.00000
2025-11-17 17:36:29.811038,0.00000,1.00000,1.00000,0.00000,1.00000,1.00000,252.00000,70.00000,14.00000,0.00000,0.00000,0.00000,38656.00000,662.00000
2025-11-17 17:36:30.676316,1.00000,1.00000,1.00000,1.00000,1.00000,1.00000,270.00000,74.00000,14.00000,0.00000,0.00000,0.00000,38656.00000,431.00000
2025-11-17 17:36:30.997668,1.00000,1.00000,1.00000,1.00000,1.00000,1.00000,270.00000,74.00000,14.00000,0.00000,0.00000,0.00000,38656.00000,431.00000
2025-11-17 17:36:31.523666,1.00000,1.00000,1.00000,1.00000,1.00000,1.00000,270.00000,74.00000,14.00000,0.00000,0.00000,0.00000,38656.00000,431.00000
2025-11-17 17:36:32.480193,1.00000,1.00000,1.00000,1.00000,1.00000,1.00000,276.00000,74.00000,14.00000,0.00000,0.00000,0.00000,38656.00000,437.00000
2025-11-17 17:36:33.436815,1.00000,1.00000,1.00000,1.00000,1.00000,1.00000,276.00000,74.00000,14.00000,0.00000,0.00000,0.00000,38656.00000,437.00000
2025-11-17 17:36:34.196953,1.00000,1.00000,1.00000,1.00000,1.00000,1.00000,276.00000,74.00000,14.00000,0.00000,0.00000,0.00000,38656.00000,437.00000
2025-11-17 17:36:35.132384,1.00000,1.00000,1.00000,1.00000,1.00000,1.00000,318.00000,80.00000,16.00000,0.00000,0.00000,0.00000,38656.00000,487.00000
2025-11-17 17:36:35.915641,1.00000,1.00000,1.00000,1.00000,1.00000,1.00000,318.00000,80.00000,16.00000,0.00000,0.00000,0.00000,38656.00000,487.00000
2025-11-17 17:36:36.735472,1.00000,1.00000,1.00000,1.00000,1.00000,1.00000,318.00000,80.00000,16.00000,0.00000,0.00000,0.00000,38656.00000,487.00000
2025-11-17 17:36:37.471124,1.00000,1.00000,3.00000,1.00000,1.00000,3.00000,336.00000,86.00000,18.00000,2.00000,2.00000,2.00000,38656.00000,523.00000
2025-11-17 17:36:38.372342,1.00000,1.00000,3.00000,1.00000,1.00000,3.00000,336.00000,86.00000,18.00000,2.00000,2.00000,2.00000,38656.00000,523.00000
2025-11-17 17:36:39.267734,1.00000,1.00000,3.00000,1.00000,1.00000,3.00000,336.00000,86.00000,18.00000,2.00000,2.00000,2.00000,38656.00000,523.00000
2025-11-17 17:36:40.149469,1.00000,1.00000,3.00000,1.00000,1.00000,3.00000,330.00000,84.00000,16.00000,2.00000,2.00000,2.00000,38656.00000,513.00000
2025-11-17 17:36:41.171409,1.00000,1.00000,3.00000,1.00000,1.00000,3.00000,330.00000,84.00000,16.00000,2.00000,2.00000,2.00000,38656.00000,513.00000
2025-11-17 17:36:42.226999,1.00000,1.00000,3.00000,1.00000,1.00000,3.00000,330.00000,84.00000,16.00000,2.00000,2.00000,2.00000,38656.00000,513.00000
2025-11-17 17:36:43.109409,1.00000,1.00000,3.00000,1.00000,1.00000,3.00000,318.00000,82.00000,16.00000,2.00000,2.00000,2.00000,38656.00000,499.00000
2025-11-17 17:36:43.909153,1.00000,1.00000,3.00000,1.00000,1.00000,3.00000,318.00000,82.00000,16.00000,2.00000,2.00000,2.00000,38656.00000,499.00000
2025-11-17 17:36:44.958027,1.00000,1.00000,3.00000,1.00000,1.00000,3.00000,318.00000,82.00000,16.00000,2.00000,2.00000,2.00000,38656.00000,499.00000
2025-11-17 17:36:45.850010,0.00000,0.00000,2.00000,0.00000,0.00000,2.00000,306.00000,80.00000,14.00000,2.00000,2.00000,2.00000,38656.00000,477.00000
2025-11-17 17:36:46.381013,0.00000,0.00000,2.00000,0.00000,0.00000,2.00000,306.00000,80.00000,14.00000,2.00000,2.00000,2.00000,38656.00000,477.00000
2025-11-17 17:36:46.921203,0.00000,0.00000,2.00000,0.00000,0.00000,2.00000,306.00000,80.00000,14.00000,2.00000,2.00000,2.00000,38656.00000,477.00000
2025-11-17 17:36:48.083321,0.00000,0.00000,1.00000,0.00000,0.00000,1.00000,288.00000,76.00000,6.00000,2.00000,2.00000,2.00000,38656.00000,445.00000
2025-11-17 17:36:48.921238,1.00000,1.00000,2.00000,1.00000,1.00000,2.00000,288.00000,76.00000,6.00000,2.00000,2.00000,2.00000,38656.00000,451.00000
2025-11-17 17:36:49.634713,1.00000,1.00000,2.00000,1.00000,1.00000,2.00000,288.00000,76.00000,6.00000,2.00000,2.00000,2.00000,38656.00000,451.00000
2025-11-17 17:36:50.503898,1.00000,1.00000,2.00000,1.00000,1.00000,2.00000,300.00000,76.00000,6.00000,2.00000,2.00000,2.00000,38656.00000,463.00000
2025-11-17 17:36:51.441723,1.00000,1.00000,2.00000,1.00000,1.00000,2.00000,300.00000,76.00000,6.00000,2.00000,2.00000,2.00000,38656.00000,463.00000
2025-11-17 17:36:52.324701,1.00000,1.00000,2.00000,1.00000,1.00000,2.00000,300.00000,76.00000,6.00000,2.00000,2.00000,2.00000,38656.00000,463.00000
2025-11-17 17:36:53.100060,1.00000,1.00000,2.00000,1.00000,1.00000,2.00000,294.00000,72.00000,6.00000,2.00000,2.00000,2.00000,38656.00000,453.00000
2025-11-17 17:36:54.038211,1.00000,1.00000,2.00000,1.00000,1.00000,2.00000,294.00000,72.00000,6.00000,2.00000,2.00000,2.00000,38656.00000,453.00000
2025-11-17 17:36:55.156985,1.00000,1.00000,2.00000,1.00000,1.00000,2.00000,294.00000,72.00000,6.00000,2.00000,2.00000,2.00000,38656.00000,453.00000
2025-11-17 17:36:55.928115,0.00000,1.00000,2.00000,0.00000,1.00000,2.00000,252.00000,60.00000,4.00000,2.00000,2.00000,2.00000,38656.00000,650.00000
2025-11-17 17:36:56.637541,0.00000,1.00000,2.00000,0.00000,1.00000,2.00000,252.00000,60.00000,4.00000,2.00000,2.00000,2.00000,38656.00000,650.00000
2025-11-17 17:36:57.377600,0.00000,1.00000,2.00000,0.00000,1.00000,2.00000,252.00000,60.00000,4.00000,2.00000,2.00000,2.00000,38656.00000,650.00000
2025-11-17 17:36:58.268193,0.00000,1.00000,3.00000,0.00000,1.00000,3.00000,258.00000,64.00000,6.00000,2.00000,2.00000,2.00000,38656.00000,409.00000
2025-11-17 17:36:59.086871,0.00000,1.00000,3.00000,0.00000,1.00000,3.00000,258.00000,64.00000,6.00000,2.00000,2.00000,2.00000,38656.00000,409.00000
2025-11-17 17:37:00.163406,0.00000,1.00000,3.00000,0.00000,1.00000,3.00000,258.00000,64.00000,6.00000,2.00000,2.00000,2.00000,38656.00000,409.00000
2025-11-17 17:37:00.878682,0.00000,1.00000,2.00000,0.00000,1.00000,2.00000,222.00000,60.00000,6.00000,2.00000,2.00000,2.00000,38656.00000,622.00000
2025-11-17 17:37:01.717741,0.00000,1.00000,2.00000,0.00000,1.00000,2.00000,222.00000,60.00000,6.00000,2.00000,2.00000,2.00000,38656.00000,622.00000
2025-11-17 17:37:02.663425,0.00000,1.00000,2.00000,0.00000,1.00000,2.00000,222.00000,60.00000,6.00000,2.00000,2.00000,2.00000,38656.00000,622.00000
2025-11-17 17:37:03.579500,0.00000,1.00000,2.00000,0.00000,1.00000,2.00000,222.00000,58.00000,6.00000,2.00000,2.00000,2.00000,38656.00000,620.00000
2025-11-17 17:37:04.356732,0.00000,1.00000,2.00000,0.00000,1.00000,2.00000,222.00000,58.00000,6.00000,2.00000,2.00000,2.00000,38656.00000,620.00000
2025-11-17 17:37:05.201723,0.00000,1.00000,2.00000,0.00000,1.00000,2.00000,222.00000,58.00000,6.00000,2.00000,2.00000,2.00000,38656.00000,620.00000
2025-11-17 17:37:06.126914,0.00000,1.00000,2.00000,0.00000,1.00000,2.00000,216.00000,58.00000,6.00000,2.00000,2.00000,2.00000,38656.00000,614.00000
2025-11-17 17:37:07.063547,0.00000,1.00000,2.00000,0.00000,1.00000,2.00000,216.00000,58.00000,6.00000,2.00000,2.00000,2.00000,38656.00000,614.00000
2025-11-17 17:37:08.387754,0.00000,1.00000,2.00000,0.00000,1.00000,2.00000,216.00000,58.00000,6.00000,2.00000,2.00000,2.00000,38656.00000,614.00000
2025-11-17 17:37:09.466051,0.00000,1.00000,2.00000,0.00000,1.00000,2.00000,216.00000,58.00000,6.00000,2.00000,2.00000,2.00000,38656.00000,614.00000
2025-11-17 17:37:10.281383,0.00000,1.00000,2.00000,0.00000,1.00000,2.00000,216.00000,58.00000,6.00000,2.00000,2.00000,2.00000,38656.00000,614.00000
2025-11-17 17:37:11.062771,0.00000,1.00000,2.00000,0.00000,1.00000,2.00000,216.00000,58.00000,6.00000,2.00000,2.00000,2.00000,38656.00000,614.00000
2025-11-17 17:37:11.753731,0.00000,1.00000,2.00000,0.00000,1.00000,2.00000,186.00000,52.00000,6.00000,2.00000,2.00000,2.00000,38656.00000,578.00000
2025-11-17 17:37:12.489282,0.00000,1.00000,2.00000,0.00000,1.00000,2.00000,186.00000,52.00000,6.00000,2.00000,2.00000,2.00000,38656.00000,578.00000
2025-11-17 17:37:13.259603,0.00000,0.00000,1.00000,0.00000,0.00000,1.00000,186.00000,52.00000,6.00000,2.00000,2.00000,2.00000,38656.00000,574.00000
2025-11-17 17:37:14.037468,0.00000,0.00000,2.00000,0.00000,0.00000,2.00000,198.00000,54.00000,8.00000,4.00000,2.00000,2.00000,38656.00000,594.00000
2025-11-17 17:37:15.036595,0.00000,0.00000,2.00000,0.00000,0.00000,2.00000,198.00000,54.00000,8.00000,4.00000,2.00000,2.00000,38656.00000,594.00000
2025-11-17 17:37:15.951356,0.00000,1.00000,3.00000,0.00000,1.00000,3.00000,198.00000,54.00000,8.00000,4.00000,2.00000,2.00000,38656.00000,598.00000
2025-11-17 17:37:16.662958,0.00000,1.00000,2.00000,0.00000,1.00000,2.00000,174.00000,46.00000,8.00000,4.00000,2.00000,2.00000,38656.00000,564.00000
2025-11-17 17:37:17.476288,0.00000,1.00000,2.00000,0.00000,1.00000,2.00000,174.00000,46.00000,8.00000,4.00000,2.00000,2.00000,38656.00000,564.00000
2025-11-17 17:37:18.259612,0.00000,1.00000,2.00000,0.00000,1.00000,2.00000,174.00000,46.00000,8.00000,4.00000,2.00000,2.00000,38656.00000,564.00000
2025-11-17 17:37:19.021110,0.00000,1.00000,2.00000,0.00000,1.00000,2.00000,174.00000,48.00000,8.00000,4.00000,2.00000,2.00000,38656.00000,566.00000
2025-11-17 17:37:19.936001,0.00000,1.00000,2.00000,0.00000,1.00000,2.00000,174.00000,48.00000,8.00000,4.00000,2.00000,2.00000,38656.00000,566.00000
2025-11-17 17:37:20.750177,0.00000,1.00000,2.00000,0.00000,1.00000,2.00000,174.00000,48.00000,8.00000,4.00000,2.00000,2.00000,38656.00000,566.00000
2025-11-17 17:37:21.746532,0.00000,1.00000,2.00000,0.00000,1.00000,2.00000,180.00000,52.00000,8.00000,4.00000,2.00000,2.00000,38656.00000,576.00000
2025-11-17 17:37:22.561150,0.00000,1.00000,2.00000,0.00000,1.00000,2.00000,180.00000,52.00000,8.00000,4.00000,2.00000,2.00000,38656.00000,576.00000
2025-11-17 17:37:23.414013,0.00000,1.00000,2.00000,0.00000,1.00000,2.00000,180.00000,52.00000,8.00000,4.00000,2.00000,2.00000,38656.00000,576.00000
2025-11-17 17:37:24.062787,0.00000,1.00000,2.00000,0.00000,1.00000,2.00000,204.00000,58.00000,8.00000,4.00000,2.00000,2.00000,38656.00000,606.00000
2025-11-17 17:37:25.122782,0.00000,1.00000,2.00000,0.00000,1.00000,2.00000,204.00000,58.00000,8.00000,4.00000,2.00000,2.00000,38656.00000,606.00000
2025-11-17 17:37:26.059314,0.00000,1.00000,2.00000,0.00000,1.00000,2.00000,204.00000,58.00000,8.00000,4.00000,2.00000,2.00000,38656.00000,606.00000
2025-11-17 17:37:26.874379,0.00000,1.00000,2.00000,0.00000,1.00000,2.00000,204.00000,58.00000,8.00000,4.00000,2.00000,2.00000,38656.00000,606.00000
2025-11-17 17:37:27.752285,0.00000,1.00000,2.00000,0.00000,1.00000,2.00000,204.00000,58.00000,8.00000,4.00000,2.00000,2.00000,38656.00000,606.00000
2025-11-17 17:37:28.653812,0.00000,1.00000,2.00000,0.00000,1.00000,2.00000,204.00000,58.00000,8.00000,4.00000,2.00000,2.00000,38656.00000,606.00000
2025-11-17 17:37:29.469493,0.00000,1.00000,1.00000,0.00000,1.00000,1.00000,222.00000,58.00000,6.00000,2.00000,0.00000,0.00000,38656.00000,614.00000
2025-11-17 17:37:30.280053,0.00000,1.00000,1.00000,0.00000,1.00000,1.00000,222.00000,58.00000,6.00000,2.00000,0.00000,0.00000,38656.00000,614.00000
2025-11-17 17:37:31.047849,0.00000,1.00000,1.00000,0.00000,1.00000,1.00000,222.00000,58.00000,6.00000,2.00000,0.00000,0.00000,38656.00000,614.00000
2025-11-17 17:37:32.126720,0.00000,1.00000,1.00000,0.00000,1.00000,1.00000,216.00000,54.00000,8.00000,2.00000,0.00000,0.00000,38656.00000,606.00000
2025-11-17 17:37:32.861089,0.00000,1.00000,1.00000,0.00000,1.00000,1.00000,216.00000,54.00000,8.00000,2.00000,0.00000,0.00000,38656.00000,606.00000
2025-11-17 17:37:33.627838,0.00000,1.00000,1.00000,0.00000,1.00000,1.00000,216.00000,54.00000,8.00000,2.00000,0.00000,0.00000,38656.00000,606.00000
2025-11-17 17:37:34.639455,0.00000,1.00000,1.00000,0.00000,1.00000,1.00000,210.00000,52.00000,10.00000,4.00000,0.00000,0.00000,38656.00000,602.00000
2025-11-17 17:37:35.831471,0.00000,1.00000,1.00000,0.00000,1.00000,1.00000,210.00000,52.00000,10.00000,4.00000,0.00000,0.00000,38656.00000,602.00000
2025-11-17 17:37:37.056769,0.00000,1.00000,1.00000,0.00000,1.00000,1.00000,210.00000,52.00000,10.00000,4.00000,0.00000,0.00000,38656.00000,602.00000
2025-11-17 17:37:37.538533,0.00000,1.00000,1.00000,0.00000,1.00000,1.00000,210.00000,52.00000,12.00000,4.00000,0.00000,0.00000,38656.00000,604.00000
2025-11-17 17:37:38.074262,0.00000,1.00000,1.00000,0.00000,1.00000,1.00000,210.00000,52.00000,12.00000,4.00000,0.00000,0.00000,38656.00000,604.00000
2025-11-17 17:37:38.924263,0.00000,1.00000,1.00000,0.00000,1.00000,1.00000,210.00000,52.00000,12.00000,4.00000,0.00000,0.00000,38656.00000,604.00000
2025-11-17 17:37:39.800414,0.00000,1.00000,1.00000,0.00000,1.00000,1.00000,186.00000,46.00000,10.00000,2.00000,0.00000,0.00000,38656.00000,570.00000
2025-11-17 17:37:40.713656,0.00000,1.00000,1.00000,0.00000,1.00000,1.00000,186.00000,46.00000,10.00000,2.00000,0.00000,0.00000,38656.00000,570.00000
2025-11-17 17:37:41.592992,0.00000,1.00000,1.00000,0.00000,1.00000,1.00000,186.00000,46.00000,10.00000,2.00000,0.00000,0.00000,38656.00000,570.00000
2025-11-17 17:37:42.554075,0.00000,1.00000,1.00000,0.00000,1.00000,1.00000,192.00000,52.00000,12.00000,2.00000,0.00000,0.00000,38656.00000,584.00000
2025-11-17 17:37:43.414190,0.00000,1.00000,1.00000,0.00000,1.00000,1.00000,192.00000,52.00000,12.00000,2.00000,0.00000,0.00000,38656.00000,584.00000
2025-11-17 17:37:44.211047,0.00000,1.00000,1.00000,0.00000,1.00000,1.00000,192.00000,52.00000,12.00000,2.00000,0.00000,0.00000,38656.00000,584.00000
2025-11-17 17:37:45.092571,0.00000,1.00000,1.00000,0.00000,1.00000,1.00000,216.00000,60.00000,12.00000,2.00000,0.00000,0.00000,38656.00000,616.00000
2025-11-17 17:37:45.868087,0.00000,1.00000,1.00000,0.00000,1.00000,1.00000,216.00000,60.00000,12.00000,2.00000,0.00000,0.00000,38656.00000,616.00000
2025-11-17 17:37:46.645213,0.00000,1.00000,1.00000,0.00000,1.00000,1.00000,216.00000,60.00000,12.00000,2.00000,0.00000,0.00000,38656.00000,616.00000
2025-11-17 17:37:47.567171,0.00000,1.00000,1.00000,0.00000,1.00000,1.00000,216.00000,60.00000,12.00000,2.00000,0.00000,0.00000,38656.00000,616.00000
2025-11-17 17:37:48.535399,0.00000,1.00000,1.00000,0.00000,1.00000,1.00000,216.00000,60.00000,12.00000,2.00000,0.00000,0.00000,38656.00000,616.00000
2025-11-17 17:37:49.501053,0.00000,1.00000,1.00000,0.00000,1.00000,1.00000,216.00000,60.00000,12.00000,2.00000,0.00000,0.00000,38656.00000,616.00000
2025-11-17 17:37:50.336050,0.00000,1.00000,1.00000,0.00000,1.00000,1.00000,198.00000,56.00000,12.00000,2.00000,0.00000,0.00000,38656.00000,594.00000
2025-11-17 17:37:51.067051,0.00000,1.00000,1.00000,0.00000,1.00000,1.00000,198.00000,56.00000,12.00000,2.00000,0.00000,0.00000,38656.00000,594.00000
2025-11-17 17:37:51.873034,0.00000,1.00000,1.00000,0.00000,1.00000,1.00000,198.00000,56.00000,12.00000,2.00000,0.00000,0.00000,38656.00000,594.00000
2025-11-17 17:37:52.759665,0.00000,1.00000,1.00000,0.00000,1.00000,1.00000,210.00000,60.00000,10.00000,2.00000,0.00000,0.00000,38656.00000,608.00000
2025-11-17 17:37:53.588654,0.00000,1.00000,1.00000,0.00000,1.00000,1.00000,210.00000,60.00000,10.00000,2.00000,0.00000,0.00000,38656.00000,608.00000
2025-11-17 17:37:54.370784,0.00000,1.00000,1.00000,0.00000,1.00000,1.00000,210.00000,60.00000,10.00000,2.00000,0.00000,0.00000,38656.00000,608.00000
2025-11-17 17:37:55.404601,0.00000,1.00000,1.00000,0.00000,1.00000,1.00000,186.00000,58.00000,10.00000,2.00000,0.00000,0.00000,38656.00000,582.00000
2025-11-17 17:37:56.267441,0.00000,1.00000,1.00000,0.00000,1.00000,1.00000,186.00000,58.00000,10.00000,2.00000,0.00000,0.00000,38656.00000,582.00000
2025-11-17 17:37:57.122171,0.00000,1.00000,1.00000,0.00000,1.00000,1.00000,186.00000,58.00000,10.00000,2.00000,0.00000,0.00000,38656.00000,582.00000
2025-11-17 17:37:57.930535,0.00000,1.00000,1.00000,0.00000,1.00000,1.00000,198.00000,60.00000,8.00000,2.00000,0.00000,0.00000,38656.00000,594.00000
2025-11-17 17:37:58.723800,0.00000,1.00000,1.00000,0.00000,1.00000,1.00000,198.00000,60.00000,8.00000,2.00000,0.00000,0.00000,38656.00000,594.00000
2025-11-17 17:37:59.471122,0.00000,1.00000,1.00000,0.00000,1.00000,1.00000,198.00000,60.00000,8.00000,2.00000,0.00000,0.00000,38656.00000,594.00000
2025-11-17 17:38:00.418190,1.00000,1.00000,1.00000,1.00000,1.00000,1.00000,210.00000,64.00000,6.00000,0.00000,0.00000,0.00000,38656.00000,608.00000
2025-11-17 17:38:01.306212,1.00000,1.00000,1.00000,1.00000,1.00000,1.00000,210.00000,64.00000,6.00000,0.00000,0.00000,0.00000,38656.00000,608.00000
2025-11-17 17:38:02.280228,1.00000,1.00000,1.00000,1.00000,1.00000,1.00000,210.00000,64.00000,6.00000,0.00000,0.00000,0.00000,38656.00000,608.00000
2025-11-17 17:38:03.215198,1.00000,1.00000,1.00000,1.00000,1.00000,1.00000,234.00000,72.00000,4.00000,0.00000,0.00000,0.00000,38656.00000,638.00000
2025-11-17 17:38:03.969010,1.00000,1.00000,1.00000,1.00000,1.00000,1.00000,234.00000,72.00000,4.00000,0.00000,0.00000,0.00000,38656.00000,638.00000
2025-11-17 17:38:04.776658,1.00000,1.00000,1.00000,1.00000,1.00000,1.00000,234.00000,72.00000,4.00000,0.00000,0.00000,0.00000,38656.00000,638.00000
2025-11-17 17:38:05.575549,1.00000,1.00000,1.00000,1.00000,1.00000,1.00000,270.00000,80.00000,6.00000,0.00000,0.00000,0.00000,38656.00000,429.00000
2025-11-17 17:38:06.895404,1.00000,1.00000,1.00000,1.00000,1.00000,1.00000,270.00000,80.00000,6.00000,0.00000,0.00000,0.00000,38656.00000,429.00000
2025-11-17 17:38:07.862999,1.00000,1.00000,1.00000,1.00000,1.00000,1.00000,270.00000,80.00000,6.00000,0.00000,0.00000,0.00000,38656.00000,429.00000
2025-11-17 17:38:08.786702,1.00000,1.00000,1.00000,1.00000,1.00000,1.00000,270.00000,80.00000,6.00000,0.00000,0.00000,0.00000,38656.00000,429.00000
2025-11-17 17:38:09.579976,1.00000,1.00000,1.00000,1.00000,1.00000,1.00000,270.00000,80.00000,6.00000,0.00000,0.00000,0.00000,38656.00000,429.00000
2025-11-17 17:38:10.370978,1.00000,1.00000,1.00000,1.00000,1.00000,1.00000,270.00000,80.00000,6.00000,0.00000,0.00000,0.00000,38656.00000,429.00000
2025-11-17 17:38:11.138164,1.00000,1.00000,1.00000,1.00000,1.00000,1.00000,246.00000,72.00000,6.00000,0.00000,0.00000,0.00000,38656.00000,652.00000
2025-11-17 17:38:12.108326,1.00000,1.00000,1.00000,1.00000,1.00000,1.00000,246.00000,72.00000,6.00000,0.00000,0.00000,0.00000,38656.00000,652.00000
2025-11-17 17:38:12.877672,1.00000,1.00000,1.00000,1.00000,1.00000,1.00000,246.00000,72.00000,6.00000,0.00000,0.00000,0.00000,38656.00000,652.00000
2025-11-17 17:38:13.592046,1.00000,1.00000,1.00000,1.00000,1.00000,1.00000,252.00000,74.00000,8.00000,0.00000,0.00000,0.00000,38656.00000,662.00000
2025-11-17 17:38:14.368304,1.00000,1.00000,1.00000,1.00000,1.00000,1.00000,252.00000,74.00000,8.00000,0.00000,0.00000,0.00000,38656.00000,662.00000
2025-11-17 17:38:15.223517,1.00000,1.00000,1.00000,1.00000,1.00000,1.00000,252.00000,74.00000,8.00000,0.00000,0.00000,0.00000,38656.00000,662.00000
2025-11-17 17:38:15.844927,1.00000,1.00000,1.00000,1.00000,1.00000,1.00000,252.00000,74.00000,8.00000,0.00000,0.00000,0.00000,38656.00000,662.00000
2025-11-17 17:38:16.974969,1.00000,1.00000,1.00000,1.00000,1.00000,1.00000,252.00000,74.00000,8.00000,0.00000,0.00000,0.00000,38656.00000,662.00000
2025-11-17 17:38:17.818709,1.00000,1.00000,1.00000,1.00000,1.00000,1.00000,252.00000,74.00000,8.00000,0.00000,0.00000,0.00000,38656.00000,662.00000
2025-11-17 17:38:18.693785,0.00000,1.00000,1.00000,0.00000,1.00000,1.00000,234.00000,68.00000,8.00000,0.00000,0.00000,0.00000,38656.00000,636.00000
2025-11-17 17:38:19.608438,0.00000,1.00000,1.00000,0.00000,1.00000,1.00000,234.00000,68.00000,8.00000,0.00000,0.00000,0.00000,38656.00000,636.00000
2025-11-17 17:38:20.549980,0.00000,1.00000,1.00000,0.00000,1.00000,1.00000,234.00000,68.00000,8.00000,0.00000,0.00000,0.00000,38656.00000,636.00000
2025-11-17 17:38:21.488456,1.00000,1.00000,1.00000,1.00000,1.00000,1.00000,240.00000,72.00000,8.00000,0.00000,0.00000,0.00000,38656.00000,648.00000
2025-11-17 17:38:22.343552,1.00000,1.00000,1.00000,1.00000,1.00000,1.00000,240.00000,72.00000,8.00000,0.00000,0.00000,0.00000,38656.00000,648.00000
2025-11-17 17:38:23.185755,1.00000,1.00000,1.00000,1.00000,1.00000,1.00000,240.00000,72.00000,8.00000,0.00000,0.00000,0.00000,38656.00000,648.00000
2025-11-17 17:38:24.007408,1.00000,1.00000,1.00000,1.00000,1.00000,1.00000,234.00000,74.00000,10.00000,0.00000,0.00000,0.00000,38656.00000,646.00000
2025-11-17 17:38:24.784438,1.00000,1.00000,1.00000,1.00000,1.00000,1.00000,234.00000,74.00000,10.00000,0.00000,0.00000,0.00000,38656.00000,646.00000
2025-11-17 17:38:25.590522,1.00000,1.00000,1.00000,1.00000,1.00000,1.00000,234.00000,74.00000,10.00000,0.00000,0.00000,0.00000,38656.00000,646.00000
2025-11-17 17:38:26.515642,0.00000,1.00000,1.00000,0.00000,1.00000,1.00000,234.00000,74.00000,12.00000,0.00000,0.00000,0.00000,38656.00000,646.00000
2025-11-17 17:38:27.239524,0.00000,1.00000,1.00000,0.00000,1.00000,1.00000,234.00000,74.00000,12.00000,0.00000,0.00000,0.00000,38656.00000,646.00000
2025-11-17 17:38:27.997267,0.00000,1.00000,1.00000,0.00000,1.00000,1.00000,234.00000,74.00000,12.00000,0.00000,0.00000,0.00000,38656.00000,646.00000
2025-11-17 17:38:28.946247,0.00000,1.00000,1.00000,0.00000,1.00000,1.00000,222.00000,70.00000,14.00000,0.00000,0.00000,0.00000,38656.00000,632.00000
2025-11-17 17:38:29.864851,0.00000,1.00000,1.00000,0.00000,1.00000,1.00000,222.00000,70.00000,14.00000,0.00000,0.00000,0.00000,38656.00000,632.00000
2025-11-17 17:38:30.576699,0.00000,1.00000,1.00000,0.00000,1.00000,1.00000,222.00000,70.00000,14.00000,0.00000,0.00000,0.00000,38656.00000,632.00000
2025-11-17 17:38:31.472854,0.00000,1.00000,1.00000,0.00000,1.00000,1.00000,210.00000,70.00000,12.00000,0.00000,0.00000,0.00000,38656.00000,618.00000
2025-11-17 17:38:32.347769,0.00000,1.00000,1.00000,0.00000,1.00000,1.00000,210.00000,70.00000,12.00000,0.00000,0.00000,0.00000,38656.00000,618.00000
2025-11-17 17:38:33.215108,0.00000,1.00000,1.00000,0.00000,1.00000,1.00000,210.00000,70.00000,12.00000,0.00000,0.00000,0.00000,38656.00000,618.00000
2025-11-17 17:38:34.276054,0.00000,2.00000,2.00000,0.00000,2.00000,2.00000,252.00000,80.00000,12.00000,0.00000,0.00000,0.00000,38656.00000,674.00000
2025-11-17 17:38:35.517248,0.00000,2.00000,2.00000,0.00000,2.00000,2.00000,252.00000,80.00000,12.00000,0.00000,0.00000,0.00000,38656.00000,674.00000
2025-11-17 17:38:36.594000,0.00000,2.00000,2.00000,0.00000,2.00000,2.00000,252.00000,80.00000,12.00000,0.00000,0.00000,0.00000,38656.00000,674.00000
2025-11-17 17:38:37.443362,0.00000,2.00000,2.00000,0.00000,2.00000,2.00000,252.00000,78.00000,12.00000,0.00000,0.00000,0.00000,38656.00000,672.00000
2025-11-17 17:38:38.217983,0.00000,2.00000,2.00000,0.00000,2.00000,2.00000,252.00000,78.00000,12.00000,0.00000,0.00000,0.00000,38656.00000,672.00000
2025-11-17 17:38:39.010826,0.00000,2.00000,2.00000,0.00000,2.00000,2.00000,252.00000,78.00000,12.00000,0.00000,0.00000,0.00000,38656.00000,672.00000
2025-11-17 17:38:39.763569,0.00000,1.00000,1.00000,0.00000,1.00000,1.00000,252.00000,78.00000,12.00000,0.00000,0.00000,0.00000,38656.00000,668.00000
2025-11-17 17:38:40.287201,0.00000,1.00000,1.00000,0.00000,1.00000,1.00000,252.00000,78.00000,12.00000,0.00000,0.00000,0.00000,38656.00000,668.00000
2025-11-17 17:38:41.113374,0.00000,1.00000,1.00000,0.00000,1.00000,1.00000,252.00000,78.00000,12.00000,0.00000,0.00000,0.00000,38656.00000,668.00000
2025-11-17 17:38:41.863109,0.00000,1.00000,2.00000,0.00000,1.00000,2.00000,246.00000,74.00000,12.00000,2.00000,2.00000,2.00000,38656.00000,666.00000
2025-11-17 17:38:42.677368,0.00000,1.00000,2.00000,0.00000,1.00000,2.00000,246.00000,74.00000,12.00000,2.00000,2.00000,2.00000,38656.00000,666.00000
2025-11-17 17:38:43.470562,0.00000,1.00000,2.00000,0.00000,1.00000,2.00000,246.00000,74.00000,12.00000,2.00000,2.00000,2.00000,38656.00000,666.00000
2025-11-17 17:38:44.415898,0.00000,1.00000,3.00000,0.00000,1.00000,3.00000,258.00000,76.00000,12.00000,2.00000,2.00000,2.00000,38656.00000,427.00000
2025-11-17 17:38:45.209074,0.00000,1.00000,3.00000,0.00000,1.00000,3.00000,258.00000,76.00000,12.00000,2.00000,2.00000,2.00000,38656.00000,427.00000
2025-11-17 17:38:46.257560,0.00000,1.00000,3.00000,0.00000,1.00000,3.00000,258.00000,76.00000,12.00000,2.00000,2.00000,2.00000,38656.00000,427.00000
2025-11-17 17:38:47.019084,0.00000,1.00000,2.00000,0.00000,1.00000,2.00000,240.00000,70.00000,12.00000,2.00000,2.00000,2.00000,38656.00000,656.00000
2025-11-17 17:38:47.989296,0.00000,1.00000,2.00000,0.00000,1.00000,2.00000,240.00000,70.00000,12.00000,2.00000,2.00000,2.00000,38656.00000,656.00000
2025-11-17 17:38:48.899030,0.00000,1.00000,2.00000,0.00000,1.00000,2.00000,240.00000,70.00000,12.00000,2.00000,2.00000,2.00000,38656.00000,656.00000
2025-11-17 17:38:49.754596,1.00000,1.00000,3.00000,1.00000,1.00000,3.00000,288.00000,86.00000,12.00000,2.00000,2.00000,2.00000,38656.00000,469.00000
2025-11-17 17:38:50.565105,1.00000,1.00000,3.00000,1.00000,1.00000,3.00000,288.00000,86.00000,12.00000,2.00000,2.00000,2.00000,38656.00000,469.00000
2025-11-17 17:38:51.561358,1.00000,1.00000,3.00000,1.00000,1.00000,3.00000,288.00000,86.00000,12.00000,2.00000,2.00000,2.00000,38656.00000,469.00000
2025-11-17 17:38:52.338860,1.00000,1.00000,3.00000,1.00000,1.00000,3.00000,318.00000,96.00000,14.00000,2.00000,2.00000,2.00000,38656.00000,511.00000
2025-11-17 17:38:53.239409,1.00000,1.00000,3.00000,1.00000,1.00000,3.00000,318.00000,96.00000,14.00000,2.00000,2.00000,2.00000,38656.00000,511.00000
2025-11-17 17:38:54.047461,1.00000,1.00000,3.00000,1.00000,1.00000,3.00000,318.00000,96.00000,14.00000,2.00000,2.00000,2.00000,38656.00000,511.00000
2025-11-17 17:38:54.919001,1.00000,1.00000,3.00000,1.00000,1.00000,3.00000,324.00000,98.00000,14.00000,2.00000,2.00000,2.00000,38656.00000,519.00000
2025-11-17 17:38:55.767619,1.00000,1.00000,3.00000,1.00000,1.00000,3.00000,324.00000,98.00000,14.00000,2.00000,2.00000,2.00000,38656.00000,519.00000
2025-11-17 17:38:56.640295,1.00000,1.00000,3.00000,1.00000,1.00000,3.00000,324.00000,98.00000,14.00000,2.00000,2.00000,2.00000,38656.00000,519.00000
2025-11-17 17:38:57.520951,1.00000,1.00000,3.00000,1.00000,1.00000,3.00000,312.00000,94.00000,14.00000,2.00000,2.00000,2.00000,38656.00000,503.00000
2025-11-17 17:38:58.269512,1.00000,1.00000,3.00000,1.00000,1.00000,3.00000,312.00000,94.00000,14.00000,2.00000,2.00000,2.00000,38656.00000,503.00000
2025-11-17 17:38:59.144899,1.00000,1.00000,3.00000,1.00000,1.00000,3.00000,312.00000,94.00000,14.00000,2.00000,2.00000,2.00000,38656.00000,503.00000
2025-11-17 17:38:59.988004,1.00000,1.00000,3.00000,1.00000,1.00000,3.00000,282.00000,82.00000,14.00000,2.00000,2.00000,2.00000,38656.00000,461.00000
2025-11-17 17:39:00.826796,1.00000,1.00000,3.00000,1.00000,1.00000,3.00000,282.00000,82.00000,14.00000,2.00000,2.00000,2.00000,38656.00000,461.00000
2025-11-17 17:39:01.765871,1.00000,1.00000,3.00000,1.00000,1.00000,3.00000,282.00000,82.00000,14.00000,2.00000,2.00000,2.00000,38656.00000,461.00000
2025-11-17 17:39:02.727508,1.00000,1.00000,3.00000,1.00000,1.00000,3.00000,282.00000,82.00000,14.00000,2.00000,2.00000,2.00000,38656.00000,461.00000
2025-11-17 17:39:03.360338,1.00000,1.00000,3.00000,1.00000,1.00000,3.00000,282.00000,82.00000,14.00000,2.00000,2.00000,2.00000,38656.00000,461.00000
2025-11-17 17:39:04.281539,1.00000,1.00000,3.00000,1.00000,1.00000,3.00000,282.00000,82.00000,14.00000,2.00000,2.00000,2.00000,38656.00000,461.00000
2025-11-17 17:39:05.327167,1.00000,1.00000,3.00000,1.00000,1.00000,3.00000,276.00000,76.00000,12.00000,2.00000,2.00000,2.00000,38656.00000,447.00000
2025-11-17 17:39:05.933303,1.00000,1.00000,3.00000,1.00000,1.00000,3.00000,276.00000,76.00000,12.00000,2.00000,2.00000,2.00000,38656.00000,447.00000
2025-11-17 17:39:07.318076,1.00000,1.00000,3.00000,1.00000,1.00000,3.00000,276.00000,76.00000,12.00000,2.00000,2.00000,2.00000,38656.00000,447.00000
2025-11-17 17:39:08.535135,1.00000,1.00000,1.00000,1.00000,1.00000,1.00000,276.00000,76.00000,10.00000,0.00000,0.00000,0.00000,38656.00000,435.00000
2025-11-17 17:39:09.358579,1.00000,1.00000,1.00000,1.00000,1.00000,1.00000,276.00000,76.00000,10.00000,0.00000,0.00000,0.00000,38656.00000,435.00000
2025-11-17 17:39:10.221448,1.00000,1.00000,1.00000,1.00000,1.00000,1.00000,276.00000,76.00000,10.00000,0.00000,0.00000,0.00000,38656.00000,435.00000
2025-11-17 17:39:10.948975,1.00000,1.00000,1.00000,1.00000,1.00000,1.00000,264.00000,74.00000,12.00000,0.00000,0.00000,0.00000,38656.00000,423.00000
2025-11-17 17:39:11.681428,1.00000,1.00000,1.00000,1.00000,1.00000,1.00000,264.00000,74.00000,12.00000,0.00000,0.00000,0.00000,38656.00000,423.00000
2025-11-17 17:39:12.632753,1.00000,1.00000,1.00000,1.00000,1.00000,1.00000,264.00000,74.00000,12.00000,0.00000,0.00000,0.00000,38656.00000,423.00000
2025-11-17 17:39:13.401518,1.00000,1.00000,1.00000,1.00000,1.00000,1.00000,282.00000,78.00000,14.00000,0.00000,0.00000,0.00000,38656.00000,447.00000
2025-11-17 17:39:14.267524,1.00000,1.00000,1.00000,1.00000,1.00000,1.00000,282.00000,78.00000,14.00000,0.00000,0.00000,0.00000,38656.00000,447.00000
2025-11-17 17:39:15.024996,1.00000,1.00000,1.00000,1.00000,1.00000,1.00000,282.00000,78.00000,14.00000,0.00000,0.00000,0.00000,38656.00000,447.00000
2025-11-17 17:39:15.910860,0.00000,1.00000,1.00000,0.00000,1.00000,1.00000,222.00000,58.00000,12.00000,0.00000,0.00000,0.00000,38656.00000,618.00000
2025-11-17 17:39:16.764581,0.00000,1.00000,1.00000,0.00000,1.00000,1.00000,222.00000,58.00000,12.00000,0.00000,0.00000,0.00000,38656.00000,618.00000
2025-11-17 17:39:17.734584,0.00000,1.00000,1.00000,0.00000,1.00000,1.00000,222.00000,58.00000,12.00000,0.00000,0.00000,0.00000,38656.00000,618.00000
2025-11-17 17:39:18.466747,0.00000,0.00000,0.00000,0.00000,0.00000,0.00000,204.00000,50.00000,12.00000,0.00000,0.00000,0.00000,38656.00000,588.00000
2025-11-17 17:39:18.988138,0.00000,0.00000,0.00000,0.00000,0.00000,0.00000,204.00000,50.00000,12.00000,0.00000,0.00000,0.00000,38656.00000,588.00000
2025-11-17 17:39:19.910499,0.00000,0.00000,0.00000,0.00000,0.00000,0.00000,204.00000,50.00000,12.00000,0.00000,0.00000,0.00000,38656.00000,588.00000
2025-11-17 17:39:20.797313,0.00000,0.00000,0.00000,0.00000,0.00000,0.00000,192.00000,44.00000,10.00000,0.00000,0.00000,0.00000,38656.00000,568.00000
2025-11-17 17:39:21.420009,0.00000,0.00000,0.00000,0.00000,0.00000,0.00000,192.00000,44.00000,10.00000,0.00000,0.00000,0.00000,38656.00000,568.00000
2025-11-17 17:39:22.399575,0.00000,0.00000,0.00000,0.00000,0.00000,0.00000,192.00000,44.00000,10.00000,0.00000,0.00000,0.00000,38656.00000,568.00000
2025-11-17 17:39:23.364681,0.00000,0.00000,0.00000,0.00000,0.00000,0.00000,180.00000,40.00000,10.00000,0.00000,0.00000,0.00000,38656.00000,552.00000
2025-11-17 17:39:24.268321,0.00000,0.00000,0.00000,0.00000,0.00000,0.00000,180.00000,40.00000,10.00000,0.00000,0.00000,0.00000,38656.00000,552.00000
2025-11-17 17:39:25.013626,0.00000,0.00000,0.00000,0.00000,0.00000,0.00000,180.00000,40.00000,10.00000,0.00000,0.00000,0.00000,38656.00000,552.00000
2025-11-17 17:39:25.896234,0.00000,0.00000,0.00000,0.00000,0.00000,0.00000,156.00000,38.00000,8.00000,0.00000,0.00000,0.00000,38656.00000,524.00000
2025-11-17 17:39:26.880641,0.00000,0.00000,0.00000,0.00000,0.00000,0.00000,156.00000,38.00000,8.00000,0.00000,0.00000,0.00000,38656.00000,524.00000
2025-11-17 17:39:27.671042,0.00000,0.00000,0.00000,0.00000,0.00000,0.00000,156.00000,38.00000,8.00000,0.00000,0.00000,0.00000,38656.00000,524.00000
2025-11-17 17:39:28.473308,0.00000,0.00000,0.00000,0.00000,0.00000,0.00000,162.00000,40.00000,8.00000,0.00000,0.00000,0.00000,38656.00000,532.00000
2025-11-17 17:39:29.419983,0.00000,0.00000,0.00000,0.00000,0.00000,0.00000,162.00000,40.00000,8.00000,0.00000,0.00000,0.00000,38656.00000,532.00000
2025-11-17 17:39:30.145769,0.00000,0.00000,0.00000,0.00000,0.00000,0.00000,162.00000,40.00000,8.00000,0.00000,0.00000,0.00000,38656.00000,532.00000
2025-11-17 17:39:31.007039,0.00000,0.00000,0.00000,0.00000,0.00000,0.00000,156.00000,42.00000,8.00000,0.00000,0.00000,0.00000,38656.00000,528.00000
2025-11-17 17:39:31.980375,0.00000,0.00000,0.00000,0.00000,0.00000,0.00000,156.00000,42.00000,8.00000,0.00000,0.00000,0.00000,38656.00000,528.00000
2025-11-17 17:39:32.774405,0.00000,0.00000,0.00000,0.00000,0.00000,0.00000,156.00000,42.00000,8.00000,0.00000,0.00000,0.00000,38656.00000,528.00000
2025-11-17 17:39:33.805765,0.00000,0.00000,0.00000,0.00000,0.00000,0.00000,156.00000,42.00000,8.00000,0.00000,0.00000,0.00000,38656.00000,528.00000
2025-11-17 17:39:34.441292,0.00000,0.00000,0.00000,0.00000,0.00000,0.00000,156.00000,42.00000,8.00000,0.00000,0.00000,0.00000,38656.00000,528.00000
2025-11-17 17:39:35.500450,0.00000,0.00000,0.00000,0.00000,0.00000,0.00000,156.00000,42.00000,8.00000,0.00000,0.00000,0.00000,38656.00000,528.00000
2025-11-17 17:39:36.458973,0.00000,0.00000,0.00000,0.00000,0.00000,0.00000,162.00000,44.00000,6.00000,0.00000,0.00000,0.00000,38656.00000,534.00000
2025-11-17 17:39:37.304267,0.00000,0.00000,0.00000,0.00000,0.00000,0.00000,162.00000,44.00000,6.00000,0.00000,0.00000,0.00000,38656.00000,534.00000
2025-11-17 17:39:38.129814,0.00000,0.00000,0.00000,0.00000,0.00000,0.00000,162.00000,44.00000,6.00000,0.00000,0.00000,0.00000,38656.00000,534.00000
2025-11-17 17:39:39.270194,0.00000,0.00000,0.00000,0.00000,0.00000,0.00000,138.00000,38.00000,4.00000,0.00000,0.00000,0.00000,38656.00000,502.00000
2025-11-17 17:39:40.229097,0.00000,0.00000,0.00000,0.00000,0.00000,0.00000,138.00000,38.00000,4.00000,0.00000,0.00000,0.00000,38656.00000,502.00000
2025-11-17 17:39:40.950028,0.00000,0.00000,0.00000,0.00000,0.00000,0.00000,138.00000,38.00000,4.00000,0.00000,0.00000,0.00000,38656.00000,502.00000
2025-11-17 17:39:41.805339,0.00000,0.00000,0.00000,0.00000,0.00000,0.00000,138.00000,38.00000,4.00000,0.00000,0.00000,0.00000,38656.00000,502.00000
2025-11-17 17:39:42.771713,0.00000,0.00000,0.00000,0.00000,0.00000,0.00000,138.00000,38.00000,4.00000,0.00000,0.00000,0.00000,38656.00000,502.00000
2025-11-17 17:39:43.602030,0.00000,0.00000,0.00000,0.00000,0.00000,0.00000,138.00000,38.00000,4.00000,0.00000,0.00000,0.00000,38656.00000,502.00000
2025-11-17 17:39:44.321438,0.00000,0.00000,0.00000,0.00000,0.00000,0.00000,132.00000,36.00000,2.00000,0.00000,0.00000,0.00000,38656.00000,492.00000
2025-11-17 17:39:45.143100,0.00000,0.00000,0.00000,0.00000,0.00000,0.00000,132.00000,36.00000,2.00000,0.00000,0.00000,0.00000,38656.00000,492.00000
2025-11-17 17:39:45.931460,0.00000,0.00000,0.00000,0.00000,0.00000,0.00000,132.00000,36.00000,2.00000,0.00000,0.00000,0.00000,38656.00000,492.00000
2025-11-17 17:39:46.585667,0.00000,0.00000,1.00000,0.00000,0.00000,1.00000,132.00000,38.00000,4.00000,2.00000,0.00000,0.00000,38656.00000,500.00000
2025-11-17 17:39:47.439480,0.00000,0.00000,1.00000,0.00000,0.00000,1.00000,132.00000,38.00000,4.00000,2.00000,0.00000,0.00000,38656.00000,500.00000
2025-11-17 17:39:48.351045,0.00000,0.00000,1.00000,0.00000,0.00000,1.00000,132.00000,38.00000,4.00000,2.00000,0.00000,0.00000,38656.00000,500.00000
2025-11-17 17:39:49.296186,0.00000,0.00000,1.00000,0.00000,0.00000,1.00000,150.00000,42.00000,6.00000,2.00000,0.00000,0.00000,38656.00000,524.00000
2025-11-17 17:39:50.205177,0.00000,0.00000,1.00000,0.00000,0.00000,1.00000,150.00000,42.00000,6.00000,2.00000,0.00000,0.00000,38656.00000,524.00000
2025-11-17 17:39:50.899366,0.00000,0.00000,1.00000,0.00000,0.00000,1.00000,150.00000,42.00000,6.00000,2.00000,0.00000,0.00000,38656.00000,524.00000
2025-11-17 17:39:51.739950,0.00000,0.00000,1.00000,0.00000,0.00000,1.00000,180.00000,52.00000,10.00000,2.00000,0.00000,0.00000,38656.00000,568.00000
2025-11-17 17:39:52.665449,0.00000,0.00000,1.00000,0.00000,0.00000,1.00000,180.00000,52.00000,10.00000,2.00000,0.00000,0.00000,38656.00000,568.00000
2025-11-17 17:39:53.494210,0.00000,0.00000,1.00000,0.00000,0.00000,1.00000,180.00000,52.00000,10.00000,2.00000,0.00000,0.00000,38656.00000,568.00000
2025-11-17 17:39:54.359819,0.00000,0.00000,1.00000,0.00000,0.00000,1.00000,168.00000,50.00000,10.00000,2.00000,0.00000,0.00000,38656.00000,554.00000
2025-11-17 17:39:55.267600,0.00000,0.00000,1.00000,0.00000,0.00000,1.00000,168.00000,50.00000,10.00000,2.00000,0.00000,0.00000,38656.00000,554.00000
2025-11-17 17:39:56.163716,0.00000,0.00000,1.00000,0.00000,0.00000,1.00000,168.00000,50.00000,10.00000,2.00000,0.00000,0.00000,38656.00000,554.00000
2025-11-17 17:39:56.981720,0.00000,0.00000,1.00000,0.00000,0.00000,1.00000,186.00000,54.00000,10.00000,2.00000,0.00000,0.00000,38656.00000,576.00000
2025-11-17 17:39:57.923896,0.00000,0.00000,1.00000,0.00000,0.00000,1.00000,186.00000,54.00000,10.00000,2.00000,0.00000,0.00000,38656.00000,576.00000
2025-11-17 17:39:58.575315,0.00000,0.00000,1.00000,0.00000,0.00000,1.00000,186.00000,54.00000,10.00000,2.00000,0.00000,0.00000,38656.00000,576.00000
2025-11-17 17:39:59.565718,0.00000,0.00000,1.00000,0.00000,0.00000,1.00000,204.00000,58.00000,10.00000,2.00000,0.00000,0.00000,38656.00000,598.00000
2025-11-17 17:40:00.260622,0.00000,0.00000,1.00000,0.00000,0.00000,1.00000,204.00000,58.00000,10.00000,2.00000,0.00000,0.00000,38656.00000,598.00000
2025-11-17 17:40:01.180883,0.00000,0.00000,1.00000,0.00000,0.00000,1.00000,204.00000,58.00000,10.00000,2.00000,0.00000,0.00000,38656.00000,598.00000
2025-11-17 17:40:02.120824,0.00000,1.00000,1.00000,0.00000,1.00000,1.00000,222.00000,64.00000,10.00000,2.00000,0.00000,0.00000,38656.00000,624.00000
2025-11-17 17:40:03.009472,0.00000,1.00000,1.00000,0.00000,1.00000,1.00000,222.00000,64.00000,10.00000,2.00000,0.00000,0.00000,38656.00000,624.00000
2025-11-17 17:40:03.726947,0.00000,1.00000,1.00000,0.00000,1.00000,1.00000,222.00000,64.00000,10.00000,2.00000,0.00000,0.00000,38656.00000,624.00000
2025-11-17 17:40:04.890248,0.00000,1.00000,1.00000,0.00000,1.00000,1.00000,246.00000,70.00000,10.00000,2.00000,0.00000,0.00000,38656.00000,654.00000
2025-11-17 17:40:06.004620,0.00000,1.00000,1.00000,0.00000,1.00000,1.00000,246.00000,70.00000,10.00000,2.00000,0.00000,0.00000,38656.00000,654.00000
2025-11-17 17:40:06.740371,0.00000,1.00000,1.00000,0.00000,1.00000,1.00000,246.00000,70.00000,10.00000,2.00000,0.00000,0.00000,38656.00000,654.00000
2025-11-17 17:40:08.019412,0.00000,1.00000,1.00000,0.00000,1.00000,1.00000,246.00000,70.00000,10.00000,2.00000,0.00000,0.00000,38656.00000,654.00000
2025-11-17 17:40:09.030288,0.00000,1.00000,1.00000,0.00000,1.00000,1.00000,246.00000,70.00000,10.00000,2.00000,0.00000,0.00000,38656.00000,654.00000
2025-11-17 17:40:09.918631,0.00000,1.00000,1.00000,0.00000,1.00000,1.00000,246.00000,70.00000,10.00000,2.00000,0.00000,0.00000,38656.00000,654.00000
2025-11-17 17:40:10.469859,0.00000,1.00000,1.00000,0.00000,1.00000,1.00000,240.00000,70.00000,8.00000,2.00000,0.00000,0.00000,38656.00000,646.00000
2025-11-17 17:40:10.806851,0.00000,1.00000,1.00000,0.00000,1.00000,1.00000,240.00000,70.00000,8.00000,2.00000,0.00000,0.00000,38656.00000,646.00000
2025-11-17 17:40:11.662989,0.00000,1.00000,1.00000,0.00000,1.00000,1.00000,240.00000,70.00000,8.00000,2.00000,0.00000,0.00000,38656.00000,646.00000
2025-11-17 17:40:12.580180,0.00000,1.00000,1.00000,0.00000,1.00000,1.00000,240.00000,70.00000,8.00000,0.00000,0.00000,0.00000,38656.00000,644.00000
2025-11-17 17:40:13.481892,0.00000,1.00000,1.00000,0.00000,1.00000,1.00000,240.00000,70.00000,8.00000,0.00000,0.00000,0.00000,38656.00000,644.00000
2025-11-17 17:40:14.258253,0.00000,1.00000,1.00000,0.00000,1.00000,1.00000,240.00000,70.00000,8.00000,0.00000,0.00000,0.00000,38656.00000,644.00000
2025-11-17 17:40:15.056357,0.00000,1.00000,1.00000,0.00000,1.00000,1.00000,216.00000,64.00000,6.00000,0.00000,0.00000,0.00000,38656.00000,612.00000
2025-11-17 17:40:16.009479,0.00000,1.00000,1.00000,0.00000,1.00000,1.00000,216.00000,64.00000,6.00000,0.00000,0.00000,0.00000,38656.00000,612.00000
2025-11-17 17:40:16.940985,0.00000,1.00000,1.00000,0.00000,1.00000,1.00000,216.00000,64.00000,6.00000,0.00000,0.00000,0.00000,38656.00000,612.00000
2025-11-17 17:40:17.692042,0.00000,0.00000,0.00000,0.00000,0.00000,0.00000,198.00000,54.00000,2.00000,0.00000,0.00000,0.00000,38656.00000,576.00000
2025-11-17 17:40:18.488172,0.00000,0.00000,0.00000,0.00000,0.00000,0.00000,198.00000,54.00000,2.00000,0.00000,0.00000,0.00000,38656.00000,576.00000
2025-11-17 17:40:19.346936,0.00000,0.00000,0.00000,0.00000,0.00000,0.00000,198.00000,54.00000,2.00000,0.00000,0.00000,0.00000,38656.00000,576.00000
2025-11-17 17:40:20.361760,0.00000,1.00000,1.00000,0.00000,1.00000,1.00000,222.00000,60.00000,2.00000,0.00000,0.00000,0.00000,38656.00000,610.00000
2025-11-17 17:40:21.169437,0.00000,1.00000,1.00000,0.00000,1.00000,1.00000,222.00000,60.00000,2.00000,0.00000,0.00000,0.00000,38656.00000,610.00000
2025-11-17 17:40:22.184345,0.00000,1.00000,1.00000,0.00000,1.00000,1.00000,222.00000,60.00000,2.00000,0.00000,0.00000,0.00000,38656.00000,610.00000
2025-11-17 17:40:23.087564,0.00000,0.00000,0.00000,0.00000,0.00000,0.00000,210.00000,56.00000,2.00000,0.00000,0.00000,0.00000,38656.00000,590.00000
2025-11-17 17:40:23.856186,0.00000,0.00000,0.00000,0.00000,0.00000,0.00000,210.00000,56.00000,2.00000,0.00000,0.00000,0.00000,38656.00000,590.00000
2025-11-17 17:40:24.633071,0.00000,0.00000,0.00000,0.00000,0.00000,0.00000,210.00000,56.00000,2.00000,0.00000,0.00000,0.00000,38656.00000,590.00000
2025-11-17 17:40:25.522042,0.00000,0.00000,0.00000,0.00000,0.00000,0.00000,198.00000,52.00000,4.00000,0.00000,0.00000,0.00000,38656.00000,576.00000
2025-11-17 17:40:26.300907,0.00000,0.00000,0.00000,0.00000,0.00000,0.00000,198.00000,52.00000,4.00000,0.00000,0.00000,0.00000,38656.00000,576.00000
2025-11-17 17:40:27.109255,0.00000,0.00000,0.00000,0.00000,0.00000,0.00000,198.00000,52.00000,4.00000,0.00000,0.00000,0.00000,38656.00000,576.00000
2025-11-17 17:40:28.090276,0.00000,0.00000,0.00000,0.00000,0.00000,0.00000,186.00000,48.00000,4.00000,0.00000,0.00000,0.00000,38656.00000,560.00000
2025-11-17 17:40:28.959930,0.00000,0.00000,0.00000,0.00000,0.00000,0.00000,186.00000,48.00000,4.00000,0.00000,0.00000,0.00000,38656.00000,560.00000
2025-11-17 17:40:29.689598,0.00000,0.00000,0.00000,0.00000,0.00000,0.00000,186.00000,48.00000,4.00000,0.00000,0.00000,0.00000,38656.00000,560.00000
2025-11-17 17:40:30.581028,0.00000,0.00000,0.00000,0.00000,0.00000,0.00000,168.00000,44.00000,6.00000,0.00000,0.00000,0.00000,38656.00000,540.00000
2025-11-17 17:40:31.448154,0.00000,0.00000,0.00000,0.00000,0.00000,0.00000,168.00000,44.00000,6.00000,0.00000,0.00000,0.00000,38656.00000,540.00000
2025-11-17 17:40:32.260174,0.00000,0.00000,0.00000,0.00000,0.00000,0.00000,168.00000,44.00000,6.00000,0.00000,0.00000,0.00000,38656.00000,540.00000
2025-11-17 17:40:33.390053,0.00000,0.00000,0.00000,0.00000,0.00000,0.00000,192.00000,52.00000,6.00000,0.00000,0.00000,0.00000,38656.00000,572.00000
2025-11-17 17:40:34.434072,0.00000,0.00000,0.00000,0.00000,0.00000,0.00000,192.00000,52.00000,6.00000,0.00000,0.00000,0.00000,38656.00000,572.00000
2025-11-17 17:40:35.829034,0.00000,0.00000,0.00000,0.00000,0.00000,0.00000,192.00000,52.00000,6.00000,0.00000,0.00000,0.00000,38656.00000,572.00000
2025-11-17 17:40:36.279803,0.00000,1.00000,1.00000,0.00000,1.00000,1.00000,222.00000,58.00000,8.00000,2.00000,0.00000,0.00000,38656.00000,616.00000
2025-11-17 17:40:36.664624,0.00000,1.00000,1.00000,0.00000,1.00000,1.00000,222.00000,58.00000,8.00000,2.00000,0.00000,0.00000,38656.00000,616.00000
2025-11-17 17:40:37.375817,0.00000,1.00000,1.00000,0.00000,1.00000,1.00000,222.00000,58.00000,8.00000,2.00000,0.00000,0.00000,38656.00000,616.00000
2025-11-17 17:40:38.557577,0.00000,1.00000,1.00000,0.00000,1.00000,1.00000,228.00000,60.00000,8.00000,2.00000,0.00000,0.00000,38656.00000,624.00000
2025-11-17 17:40:39.303968,0.00000,1.00000,1.00000,0.00000,1.00000,1.00000,228.00000,60.00000,8.00000,2.00000,0.00000,0.00000,38656.00000,624.00000
2025-11-17 17:40:40.124907,0.00000,1.00000,1.00000,0.00000,1.00000,1.00000,228.00000,60.00000,8.00000,2.00000,0.00000,0.00000,38656.00000,624.00000
2025-11-17 17:40:40.913394,0.00000,1.00000,1.00000,0.00000,1.00000,1.00000,264.00000,70.00000,8.00000,2.00000,0.00000,0.00000,38656.00000,415.00000
2025-11-17 17:40:41.934050,0.00000,1.00000,1.00000,0.00000,1.00000,1.00000,264.00000,70.00000,8.00000,2.00000,0.00000,0.00000,38656.00000,415.00000
2025-11-17 17:40:42.816489,0.00000,1.00000,1.00000,0.00000,1.00000,1.00000,264.00000,70.00000,8.00000,2.00000,0.00000,0.00000,38656.00000,415.00000
2025-11-17 17:40:43.778025,0.00000,1.00000,1.00000,0.00000,1.00000,1.00000,276.00000,74.00000,8.00000,2.00000,0.00000,0.00000,38656.00000,431.00000
2025-11-17 17:40:44.567137,0.00000,1.00000,1.00000,0.00000,1.00000,1.00000,276.00000,74.00000,8.00000,2.00000,0.00000,0.00000,38656.00000,431.00000
2025-11-17 17:40:45.288801,0.00000,1.00000,1.00000,0.00000,1.00000,1.00000,276.00000,74.00000,8.00000,2.00000,0.00000,0.00000,38656.00000,431.00000
2025-11-17 17:40:46.179647,0.00000,1.00000,1.00000,0.00000,1.00000,1.00000,282.00000,76.00000,8.00000,2.00000,0.00000,0.00000,38656.00000,439.00000
2025-11-17 17:40:46.950306,0.00000,1.00000,1.00000,0.00000,1.00000,1.00000,282.00000,76.00000,8.00000,2.00000,0.00000,0.00000,38656.00000,439.00000
2025-11-17 17:40:47.903312,0.00000,1.00000,1.00000,0.00000,1.00000,1.00000,282.00000,76.00000,8.00000,2.00000,0.00000,0.00000,38656.00000,439.00000
2025-11-17 17:40:48.860805,0.00000,1.00000,1.00000,0.00000,1.00000,1.00000,270.00000,72.00000,8.00000,2.00000,0.00000,0.00000,38656.00000,423.00000
2025-11-17 17:40:49.473319,0.00000,1.00000,1.00000,0.00000,1.00000,1.00000,270.00000,72.00000,8.00000,2.00000,0.00000,0.00000,38656.00000,423.00000
2025-11-17 17:40:50.360519,0.00000,1.00000,1.00000,0.00000,1.00000,1.00000,270.00000,72.00000,8.00000,2.00000,0.00000,0.00000,38656.00000,423.00000
2025-11-17 17:40:51.383917,0.00000,1.00000,1.00000,0.00000,1.00000,1.00000,252.00000,68.00000,8.00000,4.00000,0.00000,0.00000,38656.00000,658.00000
2025-11-17 17:40:52.308662,0.00000,1.00000,1.00000,0.00000,1.00000,1.00000,252.00000,68.00000,8.00000,4.00000,0.00000,0.00000,38656.00000,658.00000
2025-11-17 17:40:53.220746,0.00000,1.00000,1.00000,0.00000,1.00000,1.00000,252.00000,68.00000,8.00000,4.00000,0.00000,0.00000,38656.00000,658.00000
2025-11-17 17:40:54.041135,0.00000,1.00000,1.00000,0.00000,1.00000,1.00000,246.00000,66.00000,8.00000,4.00000,0.00000,0.00000,38656.00000,650.00000
2025-11-17 17:40:54.800449,0.00000,1.00000,1.00000,0.00000,1.00000,1.00000,246.00000,66.00000,8.00000,4.00000,0.00000,0.00000,38656.00000,650.00000
2025-11-17 17:40:55.716591,0.00000,1.00000,1.00000,0.00000,1.00000,1.00000,246.00000,66.00000,8.00000,4.00000,0.00000,0.00000,38656.00000,650.00000
2025-11-17 17:40:56.518332,0.00000,1.00000,1.00000,0.00000,1.00000,1.00000,240.00000,64.00000,6.00000,4.00000,0.00000,0.00000,38656.00000,640.00000
2025-11-17 17:40:57.424763,0.00000,1.00000,1.00000,0.00000,1.00000,1.00000,240.00000,64.00000,6.00000,4.00000,0.00000,0.00000,38656.00000,640.00000
2025-11-17 17:40:58.233606,0.00000,1.00000,1.00000,0.00000,1.00000,1.00000,240.00000,64.00000,6.00000,4.00000,0.00000,0.00000,38656.00000,640.00000
2025-11-17 17:40:59.060795,0.00000,1.00000,1.00000,0.00000,1.00000,1.00000,222.00000,58.00000,6.00000,4.00000,0.00000,0.00000,38656.00000,616.00000
2025-11-17 17:40:59.895122,0.00000,1.00000,1.00000,0.00000,1.00000,1.00000,222.00000,58.00000,6.00000,4.00000,0.00000,0.00000,38656.00000,616.00000
2025-11-17 17:41:00.813150,0.00000,1.00000,1.00000,0.00000,1.00000,1.00000,222.00000,58.00000,6.00000,4.00000,0.00000,0.00000,38656.00000,616.00000
2025-11-17 17:41:01.604260,0.00000,1.00000,1.00000,0.00000,1.00000,1.00000,204.00000,56.00000,4.00000,2.00000,0.00000,0.00000,38656.00000,592.00000
2025-11-17 17:41:02.602578,0.00000,1.00000,1.00000,0.00000,1.00000,1.00000,204.00000,56.00000,4.00000,2.00000,0.00000,0.00000,38656.00000,592.00000
2025-11-17 17:41:03.383449,0.00000,1.00000,1.00000,0.00000,1.00000,1.00000,204.00000,56.00000,4.00000,2.00000,0.00000,0.00000,38656.00000,592.00000
2025-11-17 17:41:04.193746,0.00000,1.00000,1.00000,0.00000,1.00000,1.00000,222.00000,62.00000,4.00000,2.00000,0.00000,0.00000,38656.00000,616.00000
2025-11-17 17:41:05.279149,0.00000,1.00000,1.00000,0.00000,1.00000,1.00000,222.00000,62.00000,4.00000,2.00000,0.00000,0.00000,38656.00000,616.00000
2025-11-17 17:41:06.239050,0.00000,1.00000,1.00000,0.00000,1.00000,1.00000,222.00000,62.00000,4.00000,2.00000,0.00000,0.00000,38656.00000,616.00000
2025-11-17 17:41:07.530253,0.00000,1.00000,1.00000,0.00000,1.00000,1.00000,204.00000,56.00000,6.00000,2.00000,0.00000,0.00000,38656.00000,594.00000
2025-11-17 17:41:08.388095,0.00000,1.00000,1.00000,0.00000,1.00000,1.00000,204.00000,56.00000,6.00000,2.00000,0.00000,0.00000,38656.00000,594.00000
2025-11-17 17:41:09.312071,0.00000,1.00000,1.00000,0.00000,1.00000,1.00000,204.00000,56.00000,6.00000,2.00000,0.00000,0.00000,38656.00000,594.00000
2025-11-17 17:41:10.125755,0.00000,1.00000,1.00000,0.00000,1.00000,1.00000,192.00000,54.00000,6.00000,2.00000,0.00000,0.00000,38656.00000,580.00000
2025-11-17 17:41:10.945318,0.00000,1.00000,1.00000,0.00000,1.00000,1.00000,192.00000,54.00000,6.00000,2.00000,0.00000,0.00000,38656.00000,580.00000
2025-11-17 17:41:11.782369,0.00000,1.00000,1.00000,0.00000,1.00000,1.00000,192.00000,54.00000,6.00000,2.00000,0.00000,0.00000,38656.00000,580.00000
2025-11-17 17:41:12.680273,0.00000,1.00000,1.00000,0.00000,1.00000,1.00000,198.00000,56.00000,10.00000,2.00000,0.00000,0.00000,38656.00000,592.00000
2025-11-17 17:41:13.083994,0.00000,1.00000,1.00000,0.00000,1.00000,1.00000,198.00000,56.00000,10.00000,2.00000,0.00000,0.00000,38656.00000,592.00000
2025-11-17 17:41:13.622618,0.00000,1.00000,1.00000,0.00000,1.00000,1.00000,198.00000,56.00000,10.00000,2.00000,0.00000,0.00000,38656.00000,592.00000
2025-11-17 17:41:14.687101,0.00000,1.00000,1.00000,0.00000,1.00000,1.00000,198.00000,58.00000,10.00000,2.00000,0.00000,0.00000,38656.00000,594.00000
2025-11-17 17:41:15.398031,0.00000,1.00000,1.00000,0.00000,1.00000,1.00000,198.00000,58.00000,10.00000,2.00000,0.00000,0.00000,38656.00000,594.00000
2025-11-17 17:41:16.237249,0.00000,1.00000,1.00000,0.00000,1.00000,1.00000,198.00000,58.00000,10.00000,2.00000,0.00000,0.00000,38656.00000,594.00000
2025-11-17 17:41:17.317600,0.00000,1.00000,1.00000,0.00000,1.00000,1.00000,198.00000,58.00000,8.00000,0.00000,0.00000,0.00000,38656.00000,590.00000
2025-11-17 17:41:18.091359,0.00000,1.00000,1.00000,0.00000,1.00000,1.00000,198.00000,58.00000,8.00000,0.00000,0.00000,0.00000,38656.00000,590.00000
2025-11-17 17:41:18.919990,0.00000,1.00000,1.00000,0.00000,1.00000,1.00000,198.00000,58.00000,8.00000,0.00000,0.00000,0.00000,38656.00000,590.00000
2025-11-17 17:41:19.759767,1.00000,1.00000,1.00000,1.00000,1.00000,1.00000,228.00000,68.00000,8.00000,0.00000,0.00000,0.00000,38656.00000,632.00000
2025-11-17 17:41:20.609627,1.00000,1.00000,1.00000,1.00000,1.00000,1.00000,228.00000,68.00000,8.00000,0.00000,0.00000,0.00000,38656.00000,632.00000
2025-11-17 17:41:21.658369,1.00000,1.00000,1.00000,1.00000,1.00000,1.00000,228.00000,68.00000,8.00000,0.00000,0.00000,0.00000,38656.00000,632.00000
2025-11-17 17:41:22.471049,0.00000,0.00000,0.00000,0.00000,0.00000,0.00000,234.00000,70.00000,8.00000,0.00000,0.00000,0.00000,38656.00000,634.00000
2025-11-17 17:41:23.359265,0.00000,0.00000,0.00000,0.00000,0.00000,0.00000,234.00000,70.00000,8.00000,0.00000,0.00000,0.00000,38656.00000,634.00000
2025-11-17 17:41:24.134332,0.00000,0.00000,0.00000,0.00000,0.00000,0.00000,234.00000,70.00000,8.00000,0.00000,0.00000,0.00000,38656.00000,634.00000
2025-11-17 17:41:24.975393,0.00000,0.00000,0.00000,0.00000,0.00000,0.00000,252.00000,72.00000,8.00000,0.00000,0.00000,0.00000,38656.00000,654.00000
2025-11-17 17:41:25.874970,1.00000,1.00000,1.00000,1.00000,1.00000,1.00000,252.00000,72.00000,8.00000,0.00000,0.00000,0.00000,38656.00000,660.00000
2025-11-17 17:41:26.810826,1.00000,1.00000,1.00000,1.00000,1.00000,1.00000,252.00000,72.00000,8.00000,0.00000,0.00000,0.00000,38656.00000,660.00000
2025-11-17 17:41:27.717036,1.00000,1.00000,1.00000,1.00000,1.00000,1.00000,234.00000,66.00000,8.00000,0.00000,0.00000,0.00000,38656.00000,636.00000
2025-11-17 17:41:28.330135,1.00000,1.00000,1.00000,1.00000,1.00000,1.00000,234.00000,66.00000,8.00000,0.00000,0.00000,0.00000,38656.00000,636.00000
2025-11-17 17:41:29.197552,1.00000,1.00000,1.00000,1.00000,1.00000,1.00000,234.00000,66.00000,8.00000,0.00000,0.00000,0.00000,38656.00000,636.00000
2025-11-17 17:41:30.206968,0.00000,1.00000,1.00000,0.00000,1.00000,1.00000,216.00000,60.00000,6.00000,0.00000,0.00000,0.00000,38656.00000,608.00000
2025-11-17 17:41:31.158527,0.00000,1.00000,1.00000,0.00000,1.00000,1.00000,216.00000,60.00000,6.00000,0.00000,0.00000,0.00000,38656.00000,608.00000
2025-11-17 17:41:31.820414,0.00000,1.00000,1.00000,0.00000,1.00000,1.00000,216.00000,60.00000,6.00000,0.00000,0.00000,0.00000,38656.00000,608.00000
2025-11-17 17:41:32.685694,0.00000,1.00000,1.00000,0.00000,1.00000,1.00000,216.00000,60.00000,4.00000,0.00000,0.00000,0.00000,38656.00000,606.00000
2025-11-17 17:41:33.550292,0.00000,1.00000,1.00000,0.00000,1.00000,1.00000,216.00000,60.00000,4.00000,0.00000,0.00000,0.00000,38656.00000,606.00000
2025-11-17 17:41:34.428683,0.00000,1.00000,1.00000,0.00000,1.00000,1.00000,216.00000,60.00000,4.00000,0.00000,0.00000,0.00000,38656.00000,606.00000
2025-11-17 17:41:35.368175,0.00000,0.00000,0.00000,0.00000,0.00000,0.00000,204.00000,56.00000,4.00000,0.00000,0.00000,0.00000,38656.00000,586.00000
2025-11-17 17:41:36.322117,0.00000,0.00000,0.00000,0.00000,0.00000,0.00000,204.00000,56.00000,4.00000,0.00000,0.00000,0.00000,38656.00000,586.00000
2025-11-17 17:41:37.184791,0.00000,0.00000,0.00000,0.00000,0.00000,0.00000,204.00000,56.00000,4.00000,0.00000,0.00000,0.00000,38656.00000,586.00000
2025-11-17 17:41:38.276177,0.00000,0.00000,0.00000,0.00000,0.00000,0.00000,180.00000,50.00000,2.00000,0.00000,0.00000,0.00000,38656.00000,554.00000
2025-11-17 17:41:39.147101,0.00000,0.00000,0.00000,0.00000,0.00000,0.00000,180.00000,50.00000,2.00000,0.00000,0.00000,0.00000,38656.00000,554.00000
2025-11-17 17:41:40.030286,0.00000,0.00000,0.00000,0.00000,0.00000,0.00000,180.00000,50.00000,2.00000,0.00000,0.00000,0.00000,38656.00000,554.00000
2025-11-17 17:41:40.836120,0.00000,1.00000,1.00000,0.00000,1.00000,1.00000,216.00000,56.00000,2.00000,0.00000,0.00000,0.00000,38656.00000,600.00000
2025-11-17 17:41:41.909466,0.00000,1.00000,1.00000,0.00000,1.00000,1.00000,216.00000,56.00000,2.00000,0.00000,0.00000,0.00000,38656.00000,600.00000
2025-11-17 17:41:42.760057,0.00000,1.00000,1.00000,0.00000,1.00000,1.00000,216.00000,56.00000,2.00000,0.00000,0.00000,0.00000,38656.00000,600.00000
2025-11-17 17:41:43.613265,0.00000,1.00000,1.00000,0.00000,1.00000,1.00000,216.00000,58.00000,2.00000,0.00000,0.00000,0.00000,38656.00000,602.00000
2025-11-17 17:41:44.401528,0.00000,1.00000,1.00000,0.00000,1.00000,1.00000,216.00000,58.00000,2.00000,0.00000,0.00000,0.00000,38656.00000,602.00000
2025-11-17 17:41:45.163593,0.00000,1.00000,1.00000,0.00000,1.00000,1.00000,216.00000,58.00000,2.00000,0.00000,0.00000,0.00000,38656.00000,602.00000
2025-11-17 17:41:45.929847,0.00000,0.00000,0.00000,0.00000,0.00000,0.00000,198.00000,50.00000,2.00000,0.00000,0.00000,0.00000,38656.00000,572.00000
2025-11-17 17:41:46.842533,0.00000,0.00000,0.00000,0.00000,0.00000,0.00000,198.00000,50.00000,2.00000,0.00000,0.00000,0.00000,38656.00000,572.00000
2025-11-17 17:41:47.552744,0.00000,0.00000,0.00000,0.00000,0.00000,0.00000,198.00000,50.00000,2.00000,0.00000,0.00000,0.00000,38656.00000,572.00000
2025-11-17 17:41:48.374602,0.00000,1.00000,1.00000,0.00000,1.00000,1.00000,216.00000,56.00000,4.00000,0.00000,0.00000,0.00000,38656.00000,602.00000
2025-11-17 17:41:49.300428,0.00000,1.00000,1.00000,0.00000,1.00000,1.00000,216.00000,56.00000,4.00000,0.00000,0.00000,0.00000,38656.00000,602.00000
2025-11-17 17:41:50.078978,0.00000,1.00000,1.00000,0.00000,1.00000,1.00000,216.00000,56.00000,4.00000,0.00000,0.00000,0.00000,38656.00000,602.00000
2025-11-17 17:41:50.966481,0.00000,1.00000,1.00000,0.00000,1.00000,1.00000,228.00000,62.00000,4.00000,0.00000,0.00000,0.00000,38656.00000,620.00000
2025-11-17 17:41:51.731562,0.00000,1.00000,1.00000,0.00000,1.00000,1.00000,228.00000,62.00000,4.00000,0.00000,0.00000,0.00000,38656.00000,620.00000
2025-11-17 17:41:52.444466,0.00000,1.00000,1.00000,0.00000,1.00000,1.00000,228.00000,62.00000,4.00000,0.00000,0.00000,0.00000,38656.00000,620.00000
2025-11-17 17:41:53.543011,0.00000,1.00000,1.00000,0.00000,1.00000,1.00000,222.00000,60.00000,4.00000,0.00000,0.00000,0.00000,38656.00000,612.00000
2025-11-17 17:41:54.376932,0.00000,1.00000,1.00000,0.00000,1.00000,1.00000,222.00000,60.00000,4.00000,0.00000,0.00000,0.00000,38656.00000,612.00000
2025-11-17 17:41:55.280367,0.00000,1.00000,1.00000,0.00000,1.00000,1.00000,222.00000,60.00000,4.00000,0.00000,0.00000,0.00000,38656.00000,612.00000
2025-11-17 17:41:56.296836,0.00000,1.00000,1.00000,0.00000,1.00000,1.00000,228.00000,60.00000,4.00000,0.00000,0.00000,0.00000,38656.00000,618.00000
2025-11-17 17:41:57.057876,0.00000,1.00000,1.00000,0.00000,1.00000,1.00000,228.00000,60.00000,4.00000,0.00000,0.00000,0.00000,38656.00000,618.00000
2025-11-17 17:41:57.703367,0.00000,1.00000,1.00000,0.00000,1.00000,1.00000,228.00000,60.00000,4.00000,0.00000,0.00000,0.00000,38656.00000,618.00000
2025-11-17 17:41:58.534395,0.00000,1.00000,1.00000,0.00000,1.00000,1.00000,216.00000,58.00000,4.00000,0.00000,0.00000,0.00000,38656.00000,604.00000
2025-11-17 17:41:59.427473,0.00000,1.00000,1.00000,0.00000,1.00000,1.00000,216.00000,58.00000,4.00000,0.00000,0.00000,0.00000,38656.00000,604.00000
2025-11-17 17:42:00.289397,0.00000,1.00000,1.00000,0.00000,1.00000,1.00000,216.00000,58.00000,4.00000,0.00000,0.00000,0.00000,38656.00000,604.00000
2025-11-17 17:42:01.174233,0.00000,1.00000,1.00000,0.00000,1.00000,1.00000,234.00000,66.00000,10.00000,0.00000,0.00000,0.00000,38656.00000,636.00000
2025-11-17 17:42:02.144914,0.00000,1.00000,1.00000,0.00000,1.00000,1.00000,234.00000,66.00000,10.00000,0.00000,0.00000,0.00000,38656.00000,636.00000
2025-11-17 17:42:02.873482,0.00000,1.00000,1.00000,0.00000,1.00000,1.00000,234.00000,66.00000,10.00000,0.00000,0.00000,0.00000,38656.00000,636.00000
2025-11-17 17:42:03.831121,0.00000,1.00000,1.00000,0.00000,1.00000,1.00000,228.00000,62.00000,8.00000,0.00000,0.00000,0.00000,38656.00000,624.00000
2025-11-17 17:42:04.994164,0.00000,1.00000,1.00000,0.00000,1.00000,1.00000,228.00000,62.00000,8.00000,0.00000,0.00000,0.00000,38656.00000,624.00000
2025-11-17 17:42:05.638546,0.00000,1.00000,1.00000,0.00000,1.00000,1.00000,228.00000,62.00000,8.00000,0.00000,0.00000,0.00000,38656.00000,624.00000
2025-11-17 17:42:06.507109,0.00000,1.00000,1.00000,0.00000,1.00000,1.00000,204.00000,60.00000,8.00000,0.00000,0.00000,0.00000,38656.00000,598.00000
2025-11-17 17:42:07.275437,0.00000,1.00000,1.00000,0.00000,1.00000,1.00000,204.00000,60.00000,8.00000,0.00000,0.00000,0.00000,38656.00000,598.00000
2025-11-17 17:42:08.228948,0.00000,1.00000,1.00000,0.00000,1.00000,1.00000,204.00000,60.00000,8.00000,0.00000,0.00000,0.00000,38656.00000,598.00000
2025-11-17 17:42:09.084299,0.00000,1.00000,1.00000,0.00000,1.00000,1.00000,198.00000,58.00000,10.00000,0.00000,0.00000,0.00000,38656.00000,592.00000
2025-11-17 17:42:09.995371,0.00000,1.00000,1.00000,0.00000,1.00000,1.00000,198.00000,58.00000,10.00000,0.00000,0.00000,0.00000,38656.00000,592.00000
2025-11-17 17:42:10.727657,0.00000,1.00000,1.00000,0.00000,1.00000,1.00000,198.00000,58.00000,10.00000,0.00000,0.00000,0.00000,38656.00000,592.00000
2025-11-17 17:42:11.506225,0.00000,1.00000,1.00000,0.00000,1.00000,1.00000,192.00000,54.00000,10.00000,0.00000,0.00000,0.00000,38656.00000,582.00000
2025-11-17 17:42:12.371065,0.00000,1.00000,1.00000,0.00000,1.00000,1.00000,192.00000,54.00000,10.00000,0.00000,0.00000,0.00000,38656.00000,582.00000
2025-11-17 17:42:13.267161,0.00000,1.00000,1.00000,0.00000,1.00000,1.00000,192.00000,54.00000,10.00000,0.00000,0.00000,0.00000,38656.00000,582.00000
2025-11-17 17:42:14.180787,0.00000,0.00000,0.00000,0.00000,0.00000,0.00000,174.00000,48.00000,8.00000,0.00000,0.00000,0.00000,38656.00000,552.00000
2025-11-17 17:42:15.140802,0.00000,0.00000,0.00000,0.00000,0.00000,0.00000,174.00000,48.00000,8.00000,0.00000,0.00000,0.00000,38656.00000,552.00000
2025-11-17 17:42:16.113117,0.00000,0.00000,0.00000,0.00000,0.00000,0.00000,174.00000,48.00000,8.00000,0.00000,0.00000,0.00000,38656.00000,552.00000
2025-11-17 17:42:16.835163,0.00000,0.00000,0.00000,0.00000,0.00000,0.00000,150.00000,40.00000,10.00000,0.00000,0.00000,0.00000,38656.00000,522.00000
2025-11-17 17:42:17.616026,0.00000,0.00000,0.00000,0.00000,0.00000,0.00000,150.00000,40.00000,10.00000,0.00000,0.00000,0.00000,38656.00000,522.00000
2025-11-17 17:42:18.487169,0.00000,0.00000,0.00000,0.00000,0.00000,0.00000,150.00000,40.00000,10.00000,0.00000,0.00000,0.00000,38656.00000,522.00000
2025-11-17 17:42:19.399258,0.00000,0.00000,0.00000,0.00000,0.00000,0.00000,150.00000,40.00000,10.00000,0.00000,0.00000,0.00000,38656.00000,522.00000
2025-11-17 17:42:20.230939,0.00000,0.00000,0.00000,0.00000,0.00000,0.00000,150.00000,40.00000,10.00000,0.00000,0.00000,0.00000,38656.00000,522.00000
2025-11-17 17:42:21.107169,0.00000,0.00000,0.00000,0.00000,0.00000,0.00000,150.00000,40.00000,10.00000,0.00000,0.00000,0.00000,38656.00000,522.00000
2025-11-17 17:42:22.078569,0.00000,0.00000,0.00000,0.00000,0.00000,0.00000,138.00000,36.00000,10.00000,0.00000,0.00000,0.00000,38656.00000,506.00000
2025-11-17 17:42:22.927688,0.00000,0.00000,0.00000,0.00000,0.00000,0.00000,138.00000,36.00000,10.00000,0.00000,0.00000,0.00000,38656.00000,506.00000
2025-11-17 17:42:23.659643,0.00000,0.00000,0.00000,0.00000,0.00000,0.00000,138.00000,36.00000,10.00000,0.00000,0.00000,0.00000,38656.00000,506.00000
2025-11-17 17:42:24.613867,0.00000,0.00000,0.00000,0.00000,0.00000,0.00000,150.00000,38.00000,12.00000,0.00000,0.00000,0.00000,38656.00000,522.00000
2025-11-17 17:42:25.388137,0.00000,0.00000,0.00000,0.00000,0.00000,0.00000,150.00000,38.00000,12.00000,0.00000,0.00000,0.00000,38656.00000,522.00000
2025-11-17 17:42:26.211565,0.00000,0.00000,0.00000,0.00000,0.00000,0.00000,150.00000,38.00000,12.00000,0.00000,0.00000,0.00000,38656.00000,522.00000
2025-11-17 17:42:27.059312,0.00000,0.00000,0.00000,0.00000,0.00000,0.00000,138.00000,34.00000,8.00000,0.00000,0.00000,0.00000,38656.00000,502.00000
2025-11-17 17:42:27.979370,0.00000,0.00000,0.00000,0.00000,0.00000,0.00000,138.00000,34.00000,8.00000,0.00000,0.00000,0.00000,38656.00000,502.00000
2025-11-17 17:42:28.904622,0.00000,0.00000,0.00000,0.00000,0.00000,0.00000,138.00000,34.00000,8.00000,0.00000,0.00000,0.00000,38656.00000,502.00000
2025-11-17 17:42:29.816452,0.00000,0.00000,0.00000,0.00000,0.00000,0.00000,144.00000,36.00000,8.00000,0.00000,0.00000,0.00000,38656.00000,510.00000
2025-11-17 17:42:30.637041,0.00000,0.00000,0.00000,0.00000,0.00000,0.00000,144.00000,36.00000,8.00000,0.00000,0.00000,0.00000,38656.00000,510.00000
2025-11-17 17:42:31.500580,0.00000,0.00000,0.00000,0.00000,0.00000,0.00000,144.00000,36.00000,8.00000,0.00000,0.00000,0.00000,38656.00000,510.00000
2025-11-17 17:42:32.349327,0.00000,0.00000,0.00000,0.00000,0.00000,0.00000,126.00000,30.00000,8.00000,0.00000,0.00000,0.00000,38656.00000,486.00000
2025-11-17 17:42:32.919986,0.00000,0.00000,0.00000,0.00000,0.00000,0.00000,126.00000,30.00000,8.00000,0.00000,0.00000,0.00000,38656.00000,486.00000
2025-11-17 17:42:33.940572,0.00000,0.00000,0.00000,0.00000,0.00000,0.00000,126.00000,30.00000,8.00000,0.00000,0.00000,0.00000,38656.00000,486.00000
2025-11-17 17:42:34.841109,0.00000,0.00000,0.00000,0.00000,0.00000,0.00000,126.00000,30.00000,6.00000,0.00000,0.00000,0.00000,38656.00000,484.00000
2025-11-17 17:42:36.149083,0.00000,0.00000,0.00000,0.00000,0.00000,0.00000,126.00000,30.00000,6.00000,0.00000,0.00000,0.00000,38656.00000,484.00000
2025-11-17 17:42:37.182674,0.00000,0.00000,0.00000,0.00000,0.00000,0.00000,126.00000,30.00000,6.00000,0.00000,0.00000,0.00000,38656.00000,484.00000
2025-11-17 17:42:37.939311,0.00000,0.00000,2.00000,0.00000,0.00000,2.00000,138.00000,38.00000,10.00000,2.00000,2.00000,2.00000,38656.00000,518.00000
2025-11-17 17:42:38.666695,0.00000,0.00000,2.00000,0.00000,0.00000,2.00000,138.00000,38.00000,10.00000,2.00000,2.00000,2.00000,38656.00000,518.00000
2025-11-17 17:42:39.600224,0.00000,0.00000,2.00000,0.00000,0.00000,2.00000,138.00000,38.00000,10.00000,2.00000,2.00000,2.00000,38656.00000,518.00000
2025-11-17 17:42:40.311855,0.00000,0.00000,2.00000,0.00000,0.00000,2.00000,150.00000,40.00000,10.00000,2.00000,2.00000,2.00000,38656.00000,532.00000
2025-11-17 17:42:41.067109,0.00000,0.00000,2.00000,0.00000,0.00000,2.00000,150.00000,40.00000,10.00000,2.00000,2.00000,2.00000,38656.00000,532.00000
2025-11-17 17:42:41.771551,0.00000,0.00000,2.00000,0.00000,0.00000,2.00000,150.00000,40.00000,10.00000,2.00000,2.00000,2.00000,38656.00000,532.00000
2025-11-17 17:42:42.701162,0.00000,0.00000,2.00000,0.00000,0.00000,2.00000,162.00000,46.00000,8.00000,2.00000,2.00000,2.00000,38656.00000,548.00000
2025-11-17 17:42:43.377103,0.00000,0.00000,2.00000,0.00000,0.00000,2.00000,162.00000,46.00000,8.00000,2.00000,2.00000,2.00000,38656.00000,548.00000
2025-11-17 17:42:44.486887,0.00000,0.00000,2.00000,0.00000,0.00000,2.00000,162.00000,46.00000,8.00000,2.00000,2.00000,2.00000,38656.00000,548.00000
2025-11-17 17:42:45.246383,0.00000,0.00000,2.00000,0.00000,0.00000,2.00000,186.00000,54.00000,10.00000,2.00000,2.00000,2.00000,38656.00000,582.00000
2025-11-17 17:42:46.190030,0.00000,0.00000,2.00000,0.00000,0.00000,2.00000,186.00000,54.00000,10.00000,2.00000,2.00000,2.00000,38656.00000,582.00000
2025-11-17 17:42:47.035721,0.00000,0.00000,2.00000,0.00000,0.00000,2.00000,186.00000,54.00000,10.00000,2.00000,2.00000,2.00000,38656.00000,582.00000
2025-11-17 17:42:47.769170,0.00000,1.00000,2.00000,0.00000,1.00000,2.00000,192.00000,56.00000,12.00000,2.00000,2.00000,2.00000,38656.00000,594.00000
2025-11-17 17:42:48.915677,0.00000,1.00000,2.00000,0.00000,1.00000,2.00000,192.00000,56.00000,12.00000,2.00000,2.00000,2.00000,38656.00000,594.00000
2025-11-17 17:42:49.767321,0.00000,1.00000,2.00000,0.00000,1.00000,2.00000,192.00000,56.00000,12.00000,2.00000,2.00000,2.00000,38656.00000,594.00000
2025-11-17 17:42:50.554679,0.00000,1.00000,2.00000,0.00000,1.00000,2.00000,186.00000,56.00000,12.00000,2.00000,2.00000,2.00000,38656.00000,588.00000
2025-11-17 17:42:51.422364,0.00000,1.00000,2.00000,0.00000,1.00000,2.00000,186.00000,56.00000,12.00000,2.00000,2.00000,2.00000,38656.00000,588.00000
2025-11-17 17:42:52.291888,0.00000,1.00000,2.00000,0.00000,1.00000,2.00000,186.00000,56.00000,12.00000,2.00000,2.00000,2.00000,38656.00000,588.00000
2025-11-17 17:42:53.161812,0.00000,1.00000,2.00000,0.00000,1.00000,2.00000,216.00000,64.00000,14.00000,2.00000,2.00000,2.00000,38656.00000,628.00000
2025-11-17 17:42:54.017083,0.00000,1.00000,2.00000,0.00000,1.00000,2.00000,216.00000,64.00000,14.00000,2.00000,2.00000,2.00000,38656.00000,628.00000
2025-11-17 17:42:54.844327,0.00000,1.00000,2.00000,0.00000,1.00000,2.00000,216.00000,64.00000,14.00000,2.00000,2.00000,2.00000,38656.00000,628.00000
2025-11-17 17:42:55.748877,1.00000,1.00000,3.00000,1.00000,1.00000,3.00000,240.00000,72.00000,14.00000,2.00000,2.00000,2.00000,38656.00000,664.00000
2025-11-17 17:42:56.565355,1.00000,1.00000,3.00000,1.00000,1.00000,3.00000,240.00000,72.00000,14.00000,2.00000,2.00000,2.00000,38656.00000,664.00000
2025-11-17 17:42:57.298152,1.00000,1.00000,3.00000,1.00000,1.00000,3.00000,240.00000,72.00000,14.00000,2.00000,2.00000,2.00000,38656.00000,664.00000
2025-11-17 17:42:58.069800,1.00000,1.00000,3.00000,1.00000,1.00000,3.00000,246.00000,74.00000,14.00000,2.00000,2.00000,2.00000,38656.00000,672.00000
2025-11-17 17:42:58.989689,1.00000,1.00000,3.00000,1.00000,1.00000,3.00000,246.00000,74.00000,14.00000,2.00000,2.00000,2.00000,38656.00000,672.00000
2025-11-17 17:42:59.871839,1.00000,1.00000,3.00000,1.00000,1.00000,3.00000,246.00000,74.00000,14.00000,2.00000,2.00000,2.00000,38656.00000,672.00000
2025-11-17 17:43:00.668612,1.00000,1.00000,3.00000,1.00000,1.00000,3.00000,258.00000,78.00000,16.00000,2.00000,2.00000,2.00000,38656.00000,435.00000
2025-11-17 17:43:01.642356,1.00000,1.00000,3.00000,1.00000,1.00000,3.00000,258.00000,78.00000,16.00000,2.00000,2.00000,2.00000,38656.00000,435.00000
2025-11-17 17:43:02.393503,1.00000,1.00000,3.00000,1.00000,1.00000,3.00000,258.00000,78.00000,16.00000,2.00000,2.00000,2.00000,38656.00000,435.00000
2025-11-17 17:43:03.226837,1.00000,1.00000,1.00000,1.00000,1.00000,1.00000,258.00000,78.00000,12.00000,0.00000,0.00000,0.00000,38656.00000,421.00000
2025-11-17 17:43:04.652193,1.00000,1.00000,1.00000,1.00000,1.00000,1.00000,258.00000,78.00000,12.00000,0.00000,0.00000,0.00000,38656.00000,421.00000
2025-11-17 17:43:05.589299,1.00000,1.00000,1.00000,1.00000,1.00000,1.00000,258.00000,78.00000,12.00000,0.00000,0.00000,0.00000,38656.00000,421.00000
2025-11-17 17:43:06.337816,1.00000,1.00000,1.00000,1.00000,1.00000,1.00000,240.00000,74.00000,14.00000,0.00000,0.00000,0.00000,38656.00000,656.00000
2025-11-17 17:43:07.108074,1.00000,1.00000,1.00000,1.00000,1.00000,1.00000,240.00000,74.00000,14.00000,0.00000,0.00000,0.00000,38656.00000,656.00000
2025-11-17 17:43:07.690383,1.00000,1.00000,1.00000,1.00000,1.00000,1.00000,240.00000,74.00000,14.00000,0.00000,0.00000,0.00000,38656.00000,656.00000
2025-11-17 17:43:08.671081,1.00000,1.00000,1.00000,1.00000,1.00000,1.00000,228.00000,68.00000,14.00000,0.00000,0.00000,0.00000,38656.00000,638.00000
2025-11-17 17:43:09.459646,1.00000,1.00000,1.00000,1.00000,1.00000,1.00000,228.00000,68.00000,14.00000,0.00000,0.00000,0.00000,38656.00000,638.00000
2025-11-17 17:43:10.347065,1.00000,1.00000,1.00000,1.00000,1.00000,1.00000,228.00000,68.00000,14.00000,0.00000,0.00000,0.00000,38656.00000,638.00000
2025-11-17 17:43:11.138377,0.00000,1.00000,1.00000,0.00000,1.00000,1.00000,210.00000,62.00000,12.00000,0.00000,0.00000,0.00000,38656.00000,610.00000
2025-11-17 17:43:11.902665,0.00000,1.00000,1.00000,0.00000,1.00000,1.00000,210.00000,62.00000,12.00000,0.00000,0.00000,0.00000,38656.00000,610.00000
2025-11-17 17:43:12.786385,0.00000,1.00000,1.00000,0.00000,1.00000,1.00000,210.00000,62.00000,12.00000,0.00000,0.00000,0.00000,38656.00000,610.00000
2025-11-17 17:43:13.710154,0.00000,1.00000,1.00000,0.00000,1.00000,1.00000,198.00000,60.00000,10.00000,0.00000,0.00000,0.00000,38656.00000,594.00000
2025-11-17 17:43:14.683006,0.00000,1.00000,1.00000,0.00000,1.00000,1.00000,198.00000,60.00000,10.00000,0.00000,0.00000,0.00000,38656.00000,594.00000
2025-11-17 17:43:15.540347,0.00000,1.00000,1.00000,0.00000,1.00000,1.00000,198.00000,60.00000,10.00000,0.00000,0.00000,0.00000,38656.00000,594.00000
2025-11-17 17:43:16.351578,0.00000,1.00000,1.00000,0.00000,1.00000,1.00000,210.00000,64.00000,10.00000,0.00000,0.00000,0.00000,38656.00000,610.00000
2025-11-17 17:43:17.140506,0.00000,1.00000,1.00000,0.00000,1.00000,1.00000,210.00000,64.00000,10.00000,0.00000,0.00000,0.00000,38656.00000,610.00000
2025-11-17 17:43:18.005307,0.00000,1.00000,1.00000,0.00000,1.00000,1.00000,210.00000,64.00000,10.00000,0.00000,0.00000,0.00000,38656.00000,610.00000
2025-11-17 17:43:18.906068,0.00000,0.00000,0.00000,0.00000,0.00000,0.00000,180.00000,52.00000,6.00000,0.00000,0.00000,0.00000,38656.00000,560.00000
2025-11-17 17:43:19.827202,0.00000,0.00000,0.00000,0.00000,0.00000,0.00000,180.00000,52.00000,6.00000,0.00000,0.00000,0.00000,38656.00000,560.00000
2025-11-17 17:43:20.619934,0.00000,0.00000,0.00000,0.00000,0.00000,0.00000,180.00000,52.00000,6.00000,0.00000,0.00000,0.00000,38656.00000,560.00000
2025-11-17 17:43:21.439198,0.00000,1.00000,1.00000,0.00000,1.00000,1.00000,204.00000,60.00000,6.00000,0.00000,0.00000,0.00000,38656.00000,596.00000
2025-11-17 17:43:22.242331,0.00000,0.00000,0.00000,0.00000,0.00000,0.00000,204.00000,60.00000,6.00000,0.00000,0.00000,0.00000,38656.00000,592.00000
2025-11-17 17:43:23.196668,0.00000,0.00000,0.00000,0.00000,0.00000,0.00000,204.00000,60.00000,6.00000,0.00000,0.00000,0.00000,38656.00000,592.00000
2025-11-17 17:43:24.093230,0.00000,0.00000,0.00000,0.00000,0.00000,0.00000,210.00000,62.00000,6.00000,0.00000,0.00000,0.00000,38656.00000,600.00000
2025-11-17 17:43:24.773166,0.00000,1.00000,1.00000,0.00000,1.00000,1.00000,210.00000,62.00000,6.00000,0.00000,0.00000,0.00000,38656.00000,604.00000
2025-11-17 17:43:25.856417,0.00000,1.00000,1.00000,0.00000,1.00000,1.00000,210.00000,62.00000,6.00000,0.00000,0.00000,0.00000,38656.00000,604.00000
2025-11-17 17:43:26.561648,0.00000,0.00000,0.00000,0.00000,0.00000,0.00000,192.00000,56.00000,4.00000,0.00000,0.00000,0.00000,38656.00000,574.00000
2025-11-17 17:43:27.552080,0.00000,0.00000,0.00000,0.00000,0.00000,0.00000,192.00000,56.00000,4.00000,0.00000,0.00000,0.00000,38656.00000,574.00000
2025-11-17 17:43:28.330301,0.00000,0.00000,0.00000,0.00000,0.00000,0.00000,192.00000,56.00000,4.00000,0.00000,0.00000,0.00000,38656.00000,574.00000
2025-11-17 17:43:29.250776,0.00000,0.00000,0.00000,0.00000,0.00000,0.00000,174.00000,50.00000,4.00000,0.00000,0.00000,0.00000,38656.00000,550.00000
2025-11-17 17:43:30.071801,0.00000,0.00000,0.00000,0.00000,0.00000,0.00000,174.00000,50.00000,4.00000,0.00000,0.00000,0.00000,38656.00000,550.00000
2025-11-17 17:43:30.895064,0.00000,0.00000,0.00000,0.00000,0.00000,0.00000,174.00000,50.00000,4.00000,0.00000,0.00000,0.00000,38656.00000,550.00000
2025-11-17 17:43:31.921159,0.00000,0.00000,0.00000,0.00000,0.00000,0.00000,186.00000,52.00000,2.00000,0.00000,0.00000,0.00000,38656.00000,562.00000
2025-11-17 17:43:32.693586,0.00000,0.00000,0.00000,0.00000,0.00000,0.00000,186.00000,52.00000,2.00000,0.00000,0.00000,0.00000,38656.00000,562.00000
2025-11-17 17:43:33.503561,0.00000,0.00000,0.00000,0.00000,0.00000,0.00000,186.00000,52.00000,2.00000,0.00000,0.00000,0.00000,38656.00000,562.00000
2025-11-17 17:43:34.624562,0.00000,0.00000,0.00000,0.00000,0.00000,0.00000,180.00000,50.00000,2.00000,0.00000,0.00000,0.00000,38656.00000,554.00000
2025-11-17 17:43:36.013921,0.00000,0.00000,0.00000,0.00000,0.00000,0.00000,180.00000,50.00000,2.00000,0.00000,0.00000,0.00000,38656.00000,554.00000
2025-11-17 17:43:36.848788,0.00000,0.00000,0.00000,0.00000,0.00000,0.00000,180.00000,50.00000,2.00000,0.00000,0.00000,0.00000,38656.00000,554.00000
2025-11-17 17:43:37.605053,0.00000,0.00000,0.00000,0.00000,0.00000,0.00000,180.00000,50.00000,2.00000,0.00000,0.00000,0.00000,38656.00000,554.00000
2025-11-17 17:43:38.382460,0.00000,0.00000,0.00000,0.00000,0.00000,0.00000,180.00000,50.00000,2.00000,0.00000,0.00000,0.00000,38656.00000,554.00000
2025-11-17 17:43:39.320803,0.00000,0.00000,0.00000,0.00000,0.00000,0.00000,180.00000,50.00000,2.00000,0.00000,0.00000,0.00000,38656.00000,554.00000
2025-11-17 17:43:40.056037,0.00000,1.00000,1.00000,0.00000,1.00000,1.00000,228.00000,62.00000,4.00000,0.00000,0.00000,0.00000,38656.00000,620.00000
2025-11-17 17:43:40.848440,0.00000,1.00000,1.00000,0.00000,1.00000,1.00000,228.00000,62.00000,4.00000,0.00000,0.00000,0.00000,38656.00000,620.00000
2025-11-17 17:43:41.708712,0.00000,1.00000,1.00000,0.00000,1.00000,1.00000,228.00000,62.00000,4.00000,0.00000,0.00000,0.00000,38656.00000,620.00000
2025-11-17 17:43:42.581071,0.00000,0.00000,0.00000,0.00000,0.00000,0.00000,222.00000,60.00000,4.00000,0.00000,0.00000,0.00000,38656.00000,608.00000
2025-11-17 17:43:43.433185,0.00000,0.00000,0.00000,0.00000,0.00000,0.00000,222.00000,60.00000,4.00000,0.00000,0.00000,0.00000,38656.00000,608.00000
2025-11-17 17:43:44.331757,0.00000,0.00000,0.00000,0.00000,0.00000,0.00000,222.00000,60.00000,4.00000,0.00000,0.00000,0.00000,38656.00000,608.00000
2025-11-17 17:43:45.162100,0.00000,1.00000,1.00000,0.00000,1.00000,1.00000,234.00000,68.00000,4.00000,0.00000,0.00000,0.00000,38656.00000,632.00000
2025-11-17 17:43:45.910872,0.00000,0.00000,0.00000,0.00000,0.00000,0.00000,234.00000,68.00000,4.00000,0.00000,0.00000,0.00000,38656.00000,628.00000
2025-11-17 17:43:46.381417,0.00000,0.00000,0.00000,0.00000,0.00000,0.00000,234.00000,68.00000,4.00000,0.00000,0.00000,0.00000,38656.00000,628.00000
2025-11-17 17:43:47.488046,0.00000,0.00000,0.00000,0.00000,0.00000,0.00000,168.00000,48.00000,4.00000,0.00000,0.00000,0.00000,38656.00000,542.00000
2025-11-17 17:43:48.090397,0.00000,0.00000,0.00000,0.00000,0.00000,0.00000,168.00000,48.00000,4.00000,0.00000,0.00000,0.00000,38656.00000,542.00000
2025-11-17 17:43:49.029609,0.00000,0.00000,0.00000,0.00000,0.00000,0.00000,168.00000,48.00000,4.00000,0.00000,0.00000,0.00000,38656.00000,542.00000
2025-11-17 17:43:49.886858,0.00000,0.00000,0.00000,0.00000,0.00000,0.00000,168.00000,48.00000,4.00000,0.00000,0.00000,0.00000,38656.00000,542.00000
2025-11-17 17:43:50.809168,0.00000,0.00000,0.00000,0.00000,0.00000,0.00000,168.00000,48.00000,4.00000,0.00000,0.00000,0.00000,38656.00000,542.00000
2025-11-17 17:43:51.670645,0.00000,0.00000,0.00000,0.00000,0.00000,0.00000,168.00000,48.00000,4.00000,0.00000,0.00000,0.00000,38656.00000,542.00000
2025-11-17 17:43:52.471200,0.00000,0.00000,0.00000,0.00000,0.00000,0.00000,192.00000,54.00000,4.00000,0.00000,0.00000,0.00000,38656.00000,572.00000
2025-11-17 17:43:53.460342,0.00000,0.00000,0.00000,0.00000,0.00000,0.00000,192.00000,54.00000,4.00000,0.00000,0.00000,0.00000,38656.00000,572.00000
2025-11-17 17:43:54.208391,0.00000,0.00000,0.00000,0.00000,0.00000,0.00000,192.00000,54.00000,4.00000,0.00000,0.00000,0.00000,38656.00000,572.00000
2025-11-17 17:43:55.198118,0.00000,0.00000,0.00000,0.00000,0.00000,0.00000,204.00000,56.00000,4.00000,0.00000,0.00000,0.00000,38656.00000,586.00000
2025-11-17 17:43:56.058034,0.00000,0.00000,0.00000,0.00000,0.00000,0.00000,204.00000,56.00000,4.00000,0.00000,0.00000,0.00000,38656.00000,586.00000
2025-11-17 17:43:56.767555,0.00000,0.00000,0.00000,0.00000,0.00000,0.00000,204.00000,56.00000,4.00000,0.00000,0.00000,0.00000,38656.00000,586.00000
2025-11-17 17:43:57.618905,0.00000,0.00000,0.00000,0.00000,0.00000,0.00000,204.00000,56.00000,4.00000,0.00000,0.00000,0.00000,38656.00000,586.00000
2025-11-17 17:43:58.510498,0.00000,0.00000,0.00000,0.00000,0.00000,0.00000,204.00000,56.00000,4.00000,0.00000,0.00000,0.00000,38656.00000,586.00000
2025-11-17 17:43:59.293100,0.00000,0.00000,0.00000,0.00000,0.00000,0.00000,204.00000,56.00000,4.00000,0.00000,0.00000,0.00000,38656.00000,586.00000
2025-11-17 17:44:00.402723,0.00000,0.00000,0.00000,0.00000,0.00000,0.00000,222.00000,60.00000,4.00000,0.00000,0.00000,0.00000,38656.00000,608.00000
2025-11-17 17:44:01.190678,0.00000,0.00000,0.00000,0.00000,0.00000,0.00000,222.00000,60.00000,4.00000,0.00000,0.00000,0.00000,38656.00000,608.00000
2025-11-17 17:44:02.101088,0.00000,0.00000,0.00000,0.00000,0.00000,0.00000,222.00000,60.00000,4.00000,0.00000,0.00000,0.00000,38656.00000,608.00000
2025-11-17 17:44:02.864853,0.00000,0.00000,0.00000,0.00000,0.00000,0.00000,252.00000,70.00000,8.00000,0.00000,0.00000,0.00000,38656.00000,652.00000
2025-11-17 17:44:03.531818,0.00000,1.00000,1.00000,0.00000,1.00000,1.00000,252.00000,70.00000,8.00000,0.00000,0.00000,0.00000,38656.00000,656.00000
2025-11-17 17:44:04.956039,0.00000,1.00000,1.00000,0.00000,1.00000,1.00000,252.00000,70.00000,8.00000,0.00000,0.00000,0.00000,38656.00000,656.00000
2025-11-17 17:44:06.107633,0.00000,1.00000,1.00000,0.00000,1.00000,1.00000,228.00000,66.00000,6.00000,0.00000,0.00000,0.00000,38656.00000,626.00000
2025-11-17 17:44:06.853730,0.00000,1.00000,1.00000,0.00000,1.00000,1.00000,228.00000,66.00000,6.00000,0.00000,0.00000,0.00000,38656.00000,626.00000
2025-11-17 17:44:07.624414,0.00000,1.00000,1.00000,0.00000,1.00000,1.00000,228.00000,66.00000,6.00000,0.00000,0.00000,0.00000,38656.00000,626.00000
2025-11-17 17:44:08.433238,1.00000,1.00000,1.00000,1.00000,1.00000,1.00000,234.00000,68.00000,6.00000,2.00000,0.00000,0.00000,38656.00000,638.00000
2025-11-17 17:44:09.324986,1.00000,1.00000,1.00000,1.00000,1.00000,1.00000,234.00000,68.00000,6.00000,2.00000,0.00000,0.00000,38656.00000,638.00000
2025-11-17 17:44:10.144362,1.00000,1.00000,1.00000,1.00000,1.00000,1.00000,234.00000,68.00000,6.00000,2.00000,0.00000,0.00000,38656.00000,638.00000
2025-11-17 17:44:10.914818,0.00000,1.00000,1.00000,0.00000,1.00000,1.00000,234.00000,66.00000,8.00000,2.00000,0.00000,0.00000,38656.00000,636.00000
2025-11-17 17:44:11.701624,0.00000,1.00000,1.00000,0.00000,1.00000,1.00000,234.00000,66.00000,8.00000,2.00000,0.00000,0.00000,38656.00000,636.00000
2025-11-17 17:44:12.418382,0.00000,0.00000,0.00000,0.00000,0.00000,0.00000,234.00000,66.00000,8.00000,2.00000,0.00000,0.00000,38656.00000,632.00000
2025-11-17 17:44:13.429547,0.00000,0.00000,0.00000,0.00000,0.00000,0.00000,252.00000,68.00000,8.00000,2.00000,0.00000,0.00000,38656.00000,652.00000
2025-11-17 17:44:14.624296,0.00000,0.00000,0.00000,0.00000,0.00000,0.00000,252.00000,68.00000,8.00000,2.00000,0.00000,0.00000,38656.00000,652.00000
2025-11-17 17:44:15.547049,0.00000,0.00000,0.00000,0.00000,0.00000,0.00000,252.00000,68.00000,8.00000,2.00000,0.00000,0.00000,38656.00000,652.00000
2025-11-17 17:44:16.319792,0.00000,1.00000,1.00000,0.00000,1.00000,1.00000,270.00000,74.00000,14.00000,2.00000,0.00000,0.00000,38656.00000,431.00000
2025-11-17 17:44:17.063712,0.00000,1.00000,1.00000,0.00000,1.00000,1.00000,270.00000,74.00000,14.00000,2.00000,0.00000,0.00000,38656.00000,431.00000
2025-11-17 17:44:17.885214,0.00000,1.00000,1.00000,0.00000,1.00000,1.00000,270.00000,74.00000,14.00000,2.00000,0.00000,0.00000,38656.00000,431.00000
2025-11-17 17:44:18.581401,0.00000,1.00000,1.00000,0.00000,1.00000,1.00000,258.00000,70.00000,14.00000,2.00000,0.00000,0.00000,38656.00000,415.00000
2025-11-17 17:44:19.481649,0.00000,1.00000,1.00000,0.00000,1.00000,1.00000,258.00000,70.00000,14.00000,2.00000,0.00000,0.00000,38656.00000,415.00000
2025-11-17 17:44:20.158946,0.00000,1.00000,1.00000,0.00000,1.00000,1.00000,258.00000,70.00000,14.00000,2.00000,0.00000,0.00000,38656.00000,415.00000
2025-11-17 17:44:20.941447,0.00000,1.00000,1.00000,0.00000,1.00000,1.00000,270.00000,76.00000,14.00000,2.00000,0.00000,0.00000,38656.00000,433.00000
2025-11-17 17:44:21.939612,0.00000,1.00000,1.00000,0.00000,1.00000,1.00000,270.00000,76.00000,14.00000,2.00000,0.00000,0.00000,38656.00000,433.00000
2025-11-17 17:44:22.820426,0.00000,1.00000,1.00000,0.00000,1.00000,1.00000,270.00000,76.00000,14.00000,2.00000,0.00000,0.00000,38656.00000,433.00000
2025-11-17 17:44:23.636507,0.00000,1.00000,1.00000,0.00000,1.00000,1.00000,312.00000,88.00000,16.00000,2.00000,0.00000,0.00000,38656.00000,489.00000
2025-11-17 17:44:24.603206,1.00000,2.00000,2.00000,1.00000,2.00000,2.00000,312.00000,88.00000,16.00000,2.00000,0.00000,0.00000,38656.00000,495.00000
2025-11-17 17:44:25.345679,1.00000,2.00000,2.00000,1.00000,2.00000,2.00000,312.00000,88.00000,16.00000,2.00000,0.00000,0.00000,38656.00000,495.00000
2025-11-17 17:44:26.205237,1.00000,3.00000,4.00000,1.00000,3.00000,4.00000,372.00000,110.00000,20.00000,4.00000,2.00000,0.00000,38656.00000,591.00000
2025-11-17 17:44:27.214766,0.00000,2.00000,3.00000,0.00000,2.00000,3.00000,372.00000,110.00000,20.00000,4.00000,2.00000,0.00000,38656.00000,585.00000
2025-11-17 17:44:28.302305,0.00000,2.00000,3.00000,0.00000,2.00000,3.00000,372.00000,110.00000,20.00000,4.00000,2.00000,0.00000,38656.00000,585.00000
2025-11-17 17:44:29.138891,0.00000,1.00000,2.00000,0.00000,1.00000,2.00000,354.00000,104.00000,18.00000,4.00000,2.00000,0.00000,38656.00000,555.00000
2025-11-17 17:44:29.877339,0.00000,1.00000,2.00000,0.00000,1.00000,2.00000,354.00000,104.00000,18.00000,4.00000,2.00000,0.00000,38656.00000,555.00000
2025-11-17 17:44:30.612903,0.00000,1.00000,2.00000,0.00000,1.00000,2.00000,354.00000,104.00000,18.00000,4.00000,2.00000,0.00000,38656.00000,555.00000
2025-11-17 17:44:31.496643,0.00000,1.00000,2.00000,0.00000,1.00000,2.00000,342.00000,100.00000,20.00000,4.00000,2.00000,0.00000,38656.00000,541.00000
2025-11-17 17:44:32.744953,0.00000,1.00000,2.00000,0.00000,1.00000,2.00000,342.00000,100.00000,20.00000,4.00000,2.00000,0.00000,38656.00000,541.00000
2025-11-17 17:44:33.683629,0.00000,1.00000,2.00000,0.00000,1.00000,2.00000,342.00000,100.00000,20.00000,4.00000,2.00000,0.00000,38656.00000,541.00000
2025-11-17 17:44:34.521242,0.00000,1.00000,2.00000,0.00000,1.00000,2.00000,342.00000,98.00000,22.00000,2.00000,2.00000,0.00000,38656.00000,539.00000
2025-11-17 17:44:35.417417,0.00000,1.00000,2.00000,0.00000,1.00000,2.00000,342.00000,98.00000,22.00000,2.00000,2.00000,0.00000,38656.00000,539.00000
2025-11-17 17:44:36.147663,0.00000,1.00000,2.00000,0.00000,1.00000,2.00000,342.00000,98.00000,22.00000,2.00000,2.00000,0.00000,38656.00000,539.00000
2025-11-17 17:44:36.615153,0.00000,1.00000,2.00000,0.00000,1.00000,2.00000,330.00000,96.00000,22.00000,2.00000,2.00000,0.00000,38656.00000,525.00000
2025-11-17 17:44:37.447757,0.00000,1.00000,2.00000,0.00000,1.00000,2.00000,330.00000,96.00000,22.00000,2.00000,2.00000,0.00000,38656.00000,525.00000
2025-11-17 17:44:38.126714,0.00000,1.00000,2.00000,0.00000,1.00000,2.00000,330.00000,96.00000,22.00000,2.00000,2.00000,0.00000,38656.00000,525.00000
2025-11-17 17:44:39.172835,0.00000,1.00000,2.00000,0.00000,1.00000,2.00000,324.00000,98.00000,22.00000,2.00000,2.00000,0.00000,38656.00000,521.00000
2025-11-17 17:44:40.043047,0.00000,1.00000,2.00000,0.00000,1.00000,2.00000,324.00000,98.00000,22.00000,2.00000,2.00000,0.00000,38656.00000,521.00000
2025-11-17 17:44:40.871009,0.00000,1.00000,2.00000,0.00000,1.00000,2.00000,324.00000,98.00000,22.00000,2.00000,2.00000,0.00000,38656.00000,521.00000
2025-11-17 17:44:41.909647,0.00000,1.00000,2.00000,0.00000,1.00000,2.00000,312.00000,94.00000,18.00000,2.00000,2.00000,0.00000,38656.00000,501.00000
2025-11-17 17:44:42.771632,1.00000,2.00000,3.00000,1.00000,2.00000,3.00000,312.00000,94.00000,18.00000,2.00000,2.00000,0.00000,38656.00000,507.00000
2025-11-17 17:44:43.555217,1.00000,2.00000,3.00000,1.00000,2.00000,3.00000,312.00000,94.00000,18.00000,2.00000,2.00000,0.00000,38656.00000,507.00000
2025-11-17 17:44:44.329982,1.00000,2.00000,3.00000,1.00000,2.00000,3.00000,330.00000,102.00000,22.00000,2.00000,2.00000,0.00000,38656.00000,537.00000
2025-11-17 17:44:45.279375,0.00000,1.00000,2.00000,0.00000,1.00000,2.00000,330.00000,102.00000,22.00000,2.00000,2.00000,0.00000,38656.00000,531.00000
2025-11-17 17:44:46.143041,0.00000,1.00000,2.00000,0.00000,1.00000,2.00000,330.00000,102.00000,22.00000,2.00000,2.00000,0.00000,38656.00000,531.00000
2025-11-17 17:44:47.099597,0.00000,1.00000,2.00000,0.00000,1.00000,2.00000,318.00000,96.00000,24.00000,2.00000,2.00000,0.00000,38656.00000,515.00000
2025-11-17 17:44:47.930379,0.00000,1.00000,2.00000,0.00000,1.00000,2.00000,318.00000,96.00000,24.00000,2.00000,2.00000,0.00000,38656.00000,515.00000
2025-11-17 17:44:48.750161,0.00000,1.00000,2.00000,0.00000,1.00000,2.00000,318.00000,96.00000,24.00000,2.00000,2.00000,0.00000,38656.00000,515.00000
2025-11-17 17:44:49.552925,0.00000,1.00000,2.00000,0.00000,1.00000,2.00000,282.00000,88.00000,26.00000,2.00000,2.00000,0.00000,38656.00000,473.00000
2025-11-17 17:44:50.434567,0.00000,1.00000,2.00000,0.00000,1.00000,2.00000,282.00000,88.00000,26.00000,2.00000,2.00000,0.00000,38656.00000,473.00000
2025-11-17 17:44:51.200190,0.00000,1.00000,2.00000,0.00000,1.00000,2.00000,282.00000,88.00000,26.00000,2.00000,2.00000,0.00000,38656.00000,473.00000
2025-11-17 17:44:52.113368,0.00000,0.00000,0.00000,0.00000,0.00000,0.00000,204.00000,64.00000,22.00000,0.00000,0.00000,0.00000,38656.00000,612.00000
2025-11-17 17:44:52.900009,0.00000,0.00000,0.00000,0.00000,0.00000,0.00000,204.00000,64.00000,22.00000,0.00000,0.00000,0.00000,38656.00000,612.00000
2025-11-17 17:44:53.750486,0.00000,0.00000,0.00000,0.00000,0.00000,0.00000,204.00000,64.00000,22.00000,0.00000,0.00000,0.00000,38656.00000,612.00000
2025-11-17 17:44:54.821239,0.00000,0.00000,0.00000,0.00000,0.00000,0.00000,198.00000,60.00000,20.00000,0.00000,0.00000,0.00000,38656.00000,600.00000
2025-11-17 17:44:55.879161,0.00000,0.00000,0.00000,0.00000,0.00000,0.00000,198.00000,60.00000,20.00000,0.00000,0.00000,0.00000,38656.00000,600.00000
2025-11-17 17:44:56.723573,0.00000,0.00000,0.00000,0.00000,0.00000,0.00000,198.00000,60.00000,20.00000,0.00000,0.00000,0.00000,38656.00000,600.00000
2025-11-17 17:44:57.422749,0.00000,0.00000,0.00000,0.00000,0.00000,0.00000,198.00000,58.00000,18.00000,0.00000,0.00000,0.00000,38656.00000,596.00000
2025-11-17 17:44:58.073914,0.00000,0.00000,0.00000,0.00000,0.00000,0.00000,198.00000,58.00000,18.00000,0.00000,0.00000,0.00000,38656.00000,596.00000
2025-11-17 17:44:59.207395,0.00000,0.00000,0.00000,0.00000,0.00000,0.00000,198.00000,58.00000,18.00000,0.00000,0.00000,0.00000,38656.00000,596.00000
2025-11-17 17:45:00.051329,0.00000,0.00000,0.00000,0.00000,0.00000,0.00000,222.00000,66.00000,16.00000,2.00000,0.00000,0.00000,38656.00000,628.00000
2025-11-17 17:45:01.056363,0.00000,0.00000,0.00000,0.00000,0.00000,0.00000,222.00000,66.00000,16.00000,2.00000,0.00000,0.00000,38656.00000,628.00000
2025-11-17 17:45:01.459875,0.00000,0.00000,0.00000,0.00000,0.00000,0.00000,222.00000,66.00000,16.00000,2.00000,0.00000,0.00000,38656.00000,628.00000
2025-11-17 17:45:02.543157,0.00000,0.00000,0.00000,0.00000,0.00000,0.00000,228.00000,64.00000,14.00000,2.00000,0.00000,0.00000,38656.00000,630.00000
2025-11-17 17:45:03.408645,0.00000,1.00000,1.00000,0.00000,1.00000,1.00000,228.00000,64.00000,14.00000,2.00000,0.00000,0.00000,38656.00000,634.00000
2025-11-17 17:45:04.211749,0.00000,1.00000,1.00000,0.00000,1.00000,1.00000,228.00000,64.00000,14.00000,2.00000,0.00000,0.00000,38656.00000,634.00000
2025-11-17 17:45:04.859033,0.00000,1.00000,1.00000,0.00000,1.00000,1.00000,234.00000,64.00000,16.00000,2.00000,0.00000,0.00000,38656.00000,642.00000
2025-11-17 17:45:05.900932,0.00000,1.00000,1.00000,0.00000,1.00000,1.00000,234.00000,64.00000,16.00000,2.00000,0.00000,0.00000,38656.00000,642.00000
2025-11-17 17:45:06.708314,0.00000,1.00000,1.00000,0.00000,1.00000,1.00000,234.00000,64.00000,16.00000,2.00000,0.00000,0.00000,38656.00000,642.00000
2025-11-17 17:45:07.553604,0.00000,0.00000,1.00000,0.00000,0.00000,1.00000,228.00000,62.00000,14.00000,2.00000,0.00000,0.00000,38656.00000,630.00000
2025-11-17 17:45:08.595173,0.00000,0.00000,1.00000,0.00000,0.00000,1.00000,228.00000,62.00000,14.00000,2.00000,0.00000,0.00000,38656.00000,630.00000
2025-11-17 17:45:09.438333,0.00000,0.00000,0.00000,0.00000,0.00000,0.00000,228.00000,62.00000,14.00000,2.00000,0.00000,0.00000,38656.00000,628.00000
2025-11-17 17:45:10.168763,0.00000,0.00000,0.00000,0.00000,0.00000,0.00000,222.00000,60.00000,12.00000,2.00000,0.00000,0.00000,38656.00000,618.00000
2025-11-17 17:45:11.061520,0.00000,0.00000,0.00000,0.00000,0.00000,0.00000,222.00000,60.00000,12.00000,2.00000,0.00000,0.00000,38656.00000,618.00000
2025-11-17 17:45:11.950646,0.00000,0.00000,1.00000,0.00000,0.00000,1.00000,222.00000,60.00000,12.00000,2.00000,0.00000,0.00000,38656.00000,620.00000
2025-11-17 17:45:12.779141,0.00000,0.00000,1.00000,0.00000,0.00000,1.00000,216.00000,58.00000,10.00000,2.00000,0.00000,0.00000,38656.00000,610.00000
2025-11-17 17:45:13.697794,0.00000,0.00000,1.00000,0.00000,0.00000,1.00000,216.00000,58.00000,10.00000,2.00000,0.00000,0.00000,38656.00000,610.00000
2025-11-17 17:45:14.563595,0.00000,0.00000,1.00000,0.00000,0.00000,1.00000,216.00000,58.00000,10.00000,2.00000,0.00000,0.00000,38656.00000,610.00000
2025-11-17 17:45:15.279972,0.00000,0.00000,0.00000,0.00000,0.00000,0.00000,228.00000,58.00000,6.00000,2.00000,0.00000,0.00000,38656.00000,616.00000
2025-11-17 17:45:16.181877,0.00000,0.00000,0.00000,0.00000,0.00000,0.00000,228.00000,58.00000,6.00000,2.00000,0.00000,0.00000,38656.00000,616.00000
2025-11-17 17:45:17.076848,0.00000,0.00000,0.00000,0.00000,0.00000,0.00000,228.00000,58.00000,6.00000,2.00000,0.00000,0.00000,38656.00000,616.00000
2025-11-17 17:45:18.019507,0.00000,0.00000,1.00000,0.00000,0.00000,1.00000,234.00000,60.00000,6.00000,2.00000,0.00000,0.00000,38656.00000,626.00000
2025-11-17 17:45:18.903741,0.00000,0.00000,1.00000,0.00000,0.00000,1.00000,234.00000,60.00000,6.00000,2.00000,0.00000,0.00000,38656.00000,626.00000
2025-11-17 17:45:19.554894,0.00000,0.00000,1.00000,0.00000,0.00000,1.00000,234.00000,60.00000,6.00000,2.00000,0.00000,0.00000,38656.00000,626.00000
2025-11-17 17:45:20.465415,0.00000,0.00000,1.00000,0.00000,0.00000,1.00000,234.00000,62.00000,8.00000,2.00000,0.00000,0.00000,38656.00000,630.00000
2025-11-17 17:45:21.478337,0.00000,0.00000,0.00000,0.00000,0.00000,0.00000,234.00000,62.00000,8.00000,2.00000,0.00000,0.00000,38656.00000,628.00000
2025-11-17 17:45:22.381824,0.00000,0.00000,0.00000,0.00000,0.00000,0.00000,234.00000,62.00000,8.00000,2.00000,0.00000,0.00000,38656.00000,628.00000
2025-11-17 17:45:23.205288,0.00000,0.00000,0.00000,0.00000,0.00000,0.00000,246.00000,66.00000,8.00000,2.00000,0.00000,0.00000,38656.00000,644.00000
2025-11-17 17:45:24.015680,0.00000,0.00000,1.00000,0.00000,0.00000,1.00000,246.00000,66.00000,8.00000,2.00000,0.00000,0.00000,38656.00000,646.00000
2025-11-17 17:45:24.883151,0.00000,0.00000,1.00000,0.00000,0.00000,1.00000,246.00000,66.00000,8.00000,2.00000,0.00000,0.00000,38656.00000,646.00000
2025-11-17 17:45:25.920226,0.00000,0.00000,0.00000,0.00000,0.00000,0.00000,210.00000,56.00000,6.00000,0.00000,0.00000,0.00000,38656.00000,594.00000
2025-11-17 17:45:26.838360,0.00000,0.00000,0.00000,0.00000,0.00000,0.00000,210.00000,56.00000,6.00000,0.00000,0.00000,0.00000,38656.00000,594.00000
2025-11-17 17:45:27.526115,0.00000,0.00000,0.00000,0.00000,0.00000,0.00000,210.00000,56.00000,6.00000,0.00000,0.00000,0.00000,38656.00000,594.00000
2025-11-17 17:45:28.364294,0.00000,0.00000,0.00000,0.00000,0.00000,0.00000,204.00000,58.00000,6.00000,0.00000,0.00000,0.00000,38656.00000,590.00000
2025-11-17 17:45:29.255236,0.00000,0.00000,0.00000,0.00000,0.00000,0.00000,204.00000,58.00000,6.00000,0.00000,0.00000,0.00000,38656.00000,590.00000
2025-11-17 17:45:30.040666,0.00000,0.00000,0.00000,0.00000,0.00000,0.00000,204.00000,58.00000,6.00000,0.00000,0.00000,0.00000,38656.00000,590.00000
2025-11-17 17:45:31.050345,0.00000,1.00000,1.00000,0.00000,1.00000,1.00000,228.00000,68.00000,8.00000,2.00000,0.00000,0.00000,38656.00000,632.00000
2025-11-17 17:45:31.903824,0.00000,1.00000,1.00000,0.00000,1.00000,1.00000,228.00000,68.00000,8.00000,2.00000,0.00000,0.00000,38656.00000,632.00000
2025-11-17 17:45:32.973269,0.00000,1.00000,1.00000,0.00000,1.00000,1.00000,228.00000,68.00000,8.00000,2.00000,0.00000,0.00000,38656.00000,632.00000
2025-11-17 17:45:33.767782,0.00000,1.00000,1.00000,0.00000,1.00000,1.00000,234.00000,70.00000,8.00000,2.00000,0.00000,0.00000,38656.00000,640.00000
2025-11-17 17:45:34.685115,0.00000,1.00000,1.00000,0.00000,1.00000,1.00000,234.00000,70.00000,8.00000,2.00000,0.00000,0.00000,38656.00000,640.00000
2025-11-17 17:45:35.513508,0.00000,1.00000,1.00000,0.00000,1.00000,1.00000,234.00000,70.00000,8.00000,2.00000,0.00000,0.00000,38656.00000,640.00000
2025-11-17 17:45:36.209962,1.00000,1.00000,1.00000,1.00000,1.00000,1.00000,246.00000,72.00000,10.00000,2.00000,0.00000,0.00000,38656.00000,658.00000
2025-11-17 17:45:37.001007,1.00000,1.00000,1.00000,1.00000,1.00000,1.00000,246.00000,72.00000,10.00000,2.00000,0.00000,0.00000,38656.00000,658.00000
2025-11-17 17:45:37.826363,1.00000,1.00000,1.00000,1.00000,1.00000,1.00000,246.00000,72.00000,10.00000,2.00000,0.00000,0.00000,38656.00000,658.00000
2025-11-17 17:45:38.610349,1.00000,1.00000,1.00000,1.00000,1.00000,1.00000,240.00000,70.00000,12.00000,2.00000,0.00000,0.00000,38656.00000,652.00000
2025-11-17 17:45:39.517631,1.00000,1.00000,1.00000,1.00000,1.00000,1.00000,240.00000,70.00000,12.00000,2.00000,0.00000,0.00000,38656.00000,652.00000
2025-11-17 17:45:40.279273,1.00000,1.00000,1.00000,1.00000,1.00000,1.00000,240.00000,70.00000,12.00000,2.00000,0.00000,0.00000,38656.00000,652.00000
2025-11-17 17:45:41.239482,1.00000,1.00000,1.00000,1.00000,1.00000,1.00000,234.00000,70.00000,12.00000,2.00000,0.00000,0.00000,38656.00000,646.00000
2025-11-17 17:45:42.090219,1.00000,1.00000,1.00000,1.00000,1.00000,1.00000,234.00000,70.00000,12.00000,2.00000,0.00000,0.00000,38656.00000,646.00000
2025-11-17 17:45:43.072786,1.00000,1.00000,1.00000,1.00000,1.00000,1.00000,234.00000,70.00000,12.00000,2.00000,0.00000,0.00000,38656.00000,646.00000
2025-11-17 17:45:43.956412,1.00000,1.00000,1.00000,1.00000,1.00000,1.00000,234.00000,68.00000,12.00000,2.00000,0.00000,0.00000,38656.00000,644.00000
2025-11-17 17:45:44.827884,1.00000,1.00000,1.00000,1.00000,1.00000,1.00000,234.00000,68.00000,12.00000,2.00000,0.00000,0.00000,38656.00000,644.00000
2025-11-17 17:45:45.586732,1.00000,1.00000,1.00000,1.00000,1.00000,1.00000,234.00000,68.00000,12.00000,2.00000,0.00000,0.00000,38656.00000,644.00000
2025-11-17 17:45:46.438571,0.00000,1.00000,1.00000,0.00000,1.00000,1.00000,228.00000,66.00000,10.00000,2.00000,0.00000,0.00000,38656.00000,632.00000
2025-11-17 17:45:47.304065,0.00000,1.00000,1.00000,0.00000,1.00000,1.00000,228.00000,66.00000,10.00000,2.00000,0.00000,0.00000,38656.00000,632.00000
2025-11-17 17:45:48.234846,0.00000,1.00000,1.00000,0.00000,1.00000,1.00000,228.00000,66.00000,10.00000,2.00000,0.00000,0.00000,38656.00000,632.00000
2025-11-17 17:45:49.148462,1.00000,1.00000,1.00000,1.00000,1.00000,1.00000,270.00000,78.00000,12.00000,2.00000,0.00000,0.00000,38656.00000,435.00000
2025-11-17 17:45:50.089272,1.00000,1.00000,1.00000,1.00000,1.00000,1.00000,270.00000,78.00000,12.00000,2.00000,0.00000,0.00000,38656.00000,435.00000
2025-11-17 17:45:50.810643,1.00000,1.00000,1.00000,1.00000,1.00000,1.00000,270.00000,78.00000,12.00000,2.00000,0.00000,0.00000,38656.00000,435.00000
2025-11-17 17:45:51.589331,1.00000,2.00000,2.00000,1.00000,2.00000,2.00000,300.00000,88.00000,14.00000,2.00000,0.00000,0.00000,38656.00000,481.00000
2025-11-17 17:45:52.545731,1.00000,2.00000,2.00000,1.00000,2.00000,2.00000,300.00000,88.00000,14.00000,2.00000,0.00000,0.00000,38656.00000,481.00000
2025-11-17 17:45:53.298665,1.00000,2.00000,2.00000,1.00000,2.00000,2.00000,300.00000,88.00000,14.00000,2.00000,0.00000,0.00000,38656.00000,481.00000
2025-11-17 17:45:54.351400,1.00000,2.00000,2.00000,1.00000,2.00000,2.00000,294.00000,86.00000,14.00000,2.00000,0.00000,0.00000,38656.00000,473.00000
2025-11-17 17:45:55.001223,1.00000,2.00000,2.00000,1.00000,2.00000,2.00000,294.00000,86.00000,14.00000,2.00000,0.00000,0.00000,38656.00000,473.00000
2025-11-17 17:45:55.835086,1.00000,2.00000,2.00000,1.00000,2.00000,2.00000,294.00000,86.00000,14.00000,2.00000,0.00000,0.00000,38656.00000,473.00000
2025-11-17 17:45:56.822675,1.00000,1.00000,1.00000,1.00000,1.00000,1.00000,318.00000,88.00000,12.00000,0.00000,0.00000,0.00000,38656.00000,491.00000
2025-11-17 17:45:57.732105,1.00000,1.00000,1.00000,1.00000,1.00000,1.00000,318.00000,88.00000,12.00000,0.00000,0.00000,0.00000,38656.00000,491.00000
2025-11-17 17:45:58.518866,1.00000,1.00000,1.00000,1.00000,1.00000,1.00000,318.00000,88.00000,12.00000,0.00000,0.00000,0.00000,38656.00000,491.00000
2025-11-17 17:45:59.538487,1.00000,1.00000,1.00000,1.00000,1.00000,1.00000,312.00000,86.00000,14.00000,0.00000,0.00000,0.00000,38656.00000,485.00000
2025-11-17 17:46:00.201040,1.00000,1.00000,1.00000,1.00000,1.00000,1.00000,312.00000,86.00000,14.00000,0.00000,0.00000,0.00000,38656.00000,485.00000
2025-11-17 17:46:01.372859,1.00000,1.00000,1.00000,1.00000,1.00000,1.00000,312.00000,86.00000,14.00000,0.00000,0.00000,0.00000,38656.00000,485.00000
2025-11-17 17:46:02.451367,1.00000,1.00000,1.00000,1.00000,1.00000,1.00000,282.00000,78.00000,12.00000,0.00000,0.00000,0.00000,38656.00000,445.00000
2025-11-17 17:46:03.669430,1.00000,1.00000,1.00000,1.00000,1.00000,1.00000,282.00000,78.00000,12.00000,0.00000,0.00000,0.00000,38656.00000,445.00000
2025-11-17 17:46:04.475447,1.00000,1.00000,1.00000,1.00000,1.00000,1.00000,282.00000,78.00000,12.00000,0.00000,0.00000,0.00000,38656.00000,445.00000
2025-11-17 17:46:05.265909,1.00000,1.00000,1.00000,1.00000,1.00000,1.00000,288.00000,82.00000,12.00000,0.00000,0.00000,0.00000,38656.00000,455.00000
2025-11-17 17:46:06.089458,1.00000,1.00000,1.00000,1.00000,1.00000,1.00000,288.00000,82.00000,12.00000,0.00000,0.00000,0.00000,38656.00000,455.00000
2025-11-17 17:46:06.869304,1.00000,1.00000,1.00000,1.00000,1.00000,1.00000,288.00000,82.00000,12.00000,0.00000,0.00000,0.00000,38656.00000,455.00000
2025-11-17 17:46:07.762156,1.00000,1.00000,1.00000,1.00000,1.00000,1.00000,264.00000,76.00000,14.00000,0.00000,0.00000,0.00000,38656.00000,427.00000
2025-11-17 17:46:08.807882,1.00000,1.00000,1.00000,1.00000,1.00000,1.00000,264.00000,76.00000,14.00000,0.00000,0.00000,0.00000,38656.00000,427.00000
2025-11-17 17:46:09.626386,1.00000,1.00000,1.00000,1.00000,1.00000,1.00000,264.00000,76.00000,14.00000,0.00000,0.00000,0.00000,38656.00000,427.00000
2025-11-17 17:46:10.402831,1.00000,2.00000,2.00000,1.00000,2.00000,2.00000,282.00000,82.00000,18.00000,0.00000,0.00000,0.00000,38656.00000,459.00000
2025-11-17 17:46:11.180345,1.00000,2.00000,2.00000,1.00000,2.00000,2.00000,282.00000,82.00000,18.00000,0.00000,0.00000,0.00000,38656.00000,459.00000
2025-11-17 17:46:11.922181,1.00000,2.00000,2.00000,1.00000,2.00000,2.00000,282.00000,82.00000,18.00000,0.00000,0.00000,0.00000,38656.00000,459.00000
2025-11-17 17:46:12.661515,1.00000,2.00000,2.00000,1.00000,2.00000,2.00000,282.00000,82.00000,18.00000,0.00000,0.00000,0.00000,38656.00000,459.00000
2025-11-17 17:46:13.618532,1.00000,2.00000,2.00000,1.00000,2.00000,2.00000,282.00000,82.00000,18.00000,0.00000,0.00000,0.00000,38656.00000,459.00000
2025-11-17 17:46:14.431534,1.00000,2.00000,2.00000,1.00000,2.00000,2.00000,282.00000,82.00000,18.00000,0.00000,0.00000,0.00000,38656.00000,459.00000
2025-11-17 17:46:15.258246,0.00000,1.00000,1.00000,0.00000,1.00000,1.00000,222.00000,64.00000,16.00000,0.00000,0.00000,0.00000,38656.00000,628.00000
2025-11-17 17:46:16.050473,0.00000,1.00000,1.00000,0.00000,1.00000,1.00000,222.00000,64.00000,16.00000,0.00000,0.00000,0.00000,38656.00000,628.00000
2025-11-17 17:46:16.817489,0.00000,1.00000,1.00000,0.00000,1.00000,1.00000,222.00000,64.00000,16.00000,0.00000,0.00000,0.00000,38656.00000,628.00000
2025-11-17 17:46:17.649872,0.00000,1.00000,1.00000,0.00000,1.00000,1.00000,204.00000,56.00000,16.00000,0.00000,0.00000,0.00000,38656.00000,602.00000
2025-11-17 17:46:18.532521,0.00000,1.00000,1.00000,0.00000,1.00000,1.00000,204.00000,56.00000,16.00000,0.00000,0.00000,0.00000,38656.00000,602.00000
2025-11-17 17:46:19.317991,0.00000,1.00000,1.00000,0.00000,1.00000,1.00000,204.00000,56.00000,16.00000,0.00000,0.00000,0.00000,38656.00000,602.00000
2025-11-17 17:46:20.172979,1.00000,2.00000,2.00000,1.00000,2.00000,2.00000,234.00000,64.00000,18.00000,0.00000,0.00000,0.00000,38656.00000,648.00000
2025-11-17 17:46:21.079340,1.00000,2.00000,2.00000,1.00000,2.00000,2.00000,234.00000,64.00000,18.00000,0.00000,0.00000,0.00000,38656.00000,648.00000
2025-11-17 17:46:21.845100,1.00000,2.00000,2.00000,1.00000,2.00000,2.00000,234.00000,64.00000,18.00000,0.00000,0.00000,0.00000,38656.00000,648.00000
2025-11-17 17:46:22.625406,0.00000,1.00000,1.00000,0.00000,1.00000,1.00000,186.00000,54.00000,18.00000,0.00000,0.00000,0.00000,38656.00000,584.00000
2025-11-17 17:46:23.522384,0.00000,1.00000,1.00000,0.00000,1.00000,1.00000,186.00000,54.00000,18.00000,0.00000,0.00000,0.00000,38656.00000,584.00000
2025-11-17 17:46:24.368531,0.00000,1.00000,1.00000,0.00000,1.00000,1.00000,186.00000,54.00000,18.00000,0.00000,0.00000,0.00000,38656.00000,584.00000
2025-11-17 17:46:25.225327,0.00000,1.00000,1.00000,0.00000,1.00000,1.00000,210.00000,58.00000,16.00000,0.00000,0.00000,0.00000,38656.00000,610.00000
2025-11-17 17:46:26.018412,0.00000,1.00000,1.00000,0.00000,1.00000,1.00000,210.00000,58.00000,16.00000,0.00000,0.00000,0.00000,38656.00000,610.00000
2025-11-17 17:46:26.948483,0.00000,1.00000,1.00000,0.00000,1.00000,1.00000,210.00000,58.00000,16.00000,0.00000,0.00000,0.00000,38656.00000,610.00000
2025-11-17 17:46:27.806909,0.00000,1.00000,1.00000,0.00000,1.00000,1.00000,210.00000,58.00000,14.00000,0.00000,0.00000,0.00000,38656.00000,608.00000
2025-11-17 17:46:28.759368,0.00000,1.00000,1.00000,0.00000,1.00000,1.00000,210.00000,58.00000,14.00000,0.00000,0.00000,0.00000,38656.00000,608.00000
2025-11-17 17:46:29.675488,0.00000,1.00000,1.00000,0.00000,1.00000,1.00000,210.00000,58.00000,14.00000,0.00000,0.00000,0.00000,38656.00000,608.00000
2025-11-17 17:46:30.580240,0.00000,1.00000,1.00000,0.00000,1.00000,1.00000,216.00000,60.00000,14.00000,2.00000,0.00000,0.00000,38656.00000,618.00000
2025-11-17 17:46:31.595194,0.00000,1.00000,1.00000,0.00000,1.00000,1.00000,216.00000,60.00000,14.00000,2.00000,0.00000,0.00000,38656.00000,618.00000
2025-11-17 17:46:32.768980,0.00000,1.00000,1.00000,0.00000,1.00000,1.00000,216.00000,60.00000,14.00000,2.00000,0.00000,0.00000,38656.00000,618.00000
2025-11-17 17:46:33.204846,0.00000,1.00000,1.00000,0.00000,1.00000,1.00000,228.00000,64.00000,12.00000,2.00000,0.00000,0.00000,38656.00000,632.00000
2025-11-17 17:46:34.033082,0.00000,1.00000,1.00000,0.00000,1.00000,1.00000,228.00000,64.00000,12.00000,2.00000,0.00000,0.00000,38656.00000,632.00000
2025-11-17 17:46:34.813528,0.00000,1.00000,1.00000,0.00000,1.00000,1.00000,228.00000,64.00000,12.00000,2.00000,0.00000,0.00000,38656.00000,632.00000
2025-11-17 17:46:35.780666,0.00000,1.00000,2.00000,0.00000,1.00000,2.00000,222.00000,62.00000,10.00000,4.00000,2.00000,2.00000,38656.00000,630.00000
2025-11-17 17:46:36.580627,0.00000,1.00000,2.00000,0.00000,1.00000,2.00000,222.00000,62.00000,10.00000,4.00000,2.00000,2.00000,38656.00000,630.00000
2025-11-17 17:46:37.476133,0.00000,1.00000,2.00000,0.00000,1.00000,2.00000,222.00000,62.00000,10.00000,4.00000,2.00000,2.00000,38656.00000,630.00000
2025-11-17 17:46:38.257693,0.00000,1.00000,3.00000,0.00000,1.00000,3.00000,228.00000,62.00000,14.00000,4.00000,2.00000,2.00000,38656.00000,642.00000
2025-11-17 17:46:39.029842,0.00000,1.00000,3.00000,0.00000,1.00000,3.00000,228.00000,62.00000,14.00000,4.00000,2.00000,2.00000,38656.00000,642.00000
2025-11-17 17:46:39.887871,0.00000,1.00000,3.00000,0.00000,1.00000,3.00000,228.00000,62.00000,14.00000,4.00000,2.00000,2.00000,38656.00000,642.00000
2025-11-17 17:46:40.829929,0.00000,1.00000,3.00000,0.00000,1.00000,3.00000,228.00000,64.00000,16.00000,4.00000,2.00000,2.00000,38656.00000,646.00000
2025-11-17 17:46:41.717007,0.00000,1.00000,3.00000,0.00000,1.00000,3.00000,228.00000,64.00000,16.00000,4.00000,2.00000,2.00000,38656.00000,646.00000
2025-11-17 17:46:42.706808,0.00000,1.00000,3.00000,0.00000,1.00000,3.00000,228.00000,64.00000,16.00000,4.00000,2.00000,2.00000,38656.00000,646.00000
2025-11-17 17:46:43.440405,0.00000,1.00000,3.00000,0.00000,1.00000,3.00000,210.00000,60.00000,14.00000,4.00000,2.00000,2.00000,38656.00000,622.00000
2025-11-17 17:46:44.284201,0.00000,1.00000,3.00000,0.00000,1.00000,3.00000,210.00000,60.00000,14.00000,4.00000,2.00000,2.00000,38656.00000,622.00000
2025-11-17 17:46:45.074956,0.00000,1.00000,3.00000,0.00000,1.00000,3.00000,210.00000,60.00000,14.00000,4.00000,2.00000,2.00000,38656.00000,622.00000
2025-11-17 17:46:45.957436,0.00000,1.00000,3.00000,0.00000,1.00000,3.00000,198.00000,56.00000,14.00000,6.00000,2.00000,2.00000,38656.00000,608.00000
2025-11-17 17:46:46.812987,0.00000,1.00000,3.00000,0.00000,1.00000,3.00000,198.00000,56.00000,14.00000,6.00000,2.00000,2.00000,38656.00000,608.00000
2025-11-17 17:46:47.577206,0.00000,1.00000,3.00000,0.00000,1.00000,3.00000,198.00000,56.00000,14.00000,6.00000,2.00000,2.00000,38656.00000,608.00000
2025-11-17 17:46:48.617200,0.00000,1.00000,4.00000,0.00000,1.00000,4.00000,210.00000,58.00000,14.00000,8.00000,4.00000,4.00000,38656.00000,630.00000
2025-11-17 17:46:49.402746,0.00000,1.00000,4.00000,0.00000,1.00000,4.00000,210.00000,58.00000,14.00000,8.00000,4.00000,4.00000,38656.00000,630.00000
2025-11-17 17:46:50.295899,0.00000,1.00000,4.00000,0.00000,1.00000,4.00000,210.00000,58.00000,14.00000,8.00000,4.00000,4.00000,38656.00000,630.00000
2025-11-17 17:46:51.041537,0.00000,1.00000,4.00000,0.00000,1.00000,4.00000,186.00000,54.00000,14.00000,8.00000,4.00000,4.00000,38656.00000,602.00000
2025-11-17 17:46:51.941398,0.00000,1.00000,4.00000,0.00000,1.00000,4.00000,186.00000,54.00000,14.00000,8.00000,4.00000,4.00000,38656.00000,602.00000
2025-11-17 17:46:52.741736,0.00000,1.00000,4.00000,0.00000,1.00000,4.00000,186.00000,54.00000,14.00000,8.00000,4.00000,4.00000,38656.00000,602.00000
2025-11-17 17:46:54.026006,0.00000,1.00000,4.00000,0.00000,1.00000,4.00000,192.00000,56.00000,16.00000,8.00000,4.00000,4.00000,38656.00000,612.00000
2025-11-17 17:46:55.154023,0.00000,1.00000,4.00000,0.00000,1.00000,4.00000,192.00000,56.00000,16.00000,8.00000,4.00000,4.00000,38656.00000,612.00000
2025-11-17 17:46:55.748689,0.00000,1.00000,4.00000,0.00000,1.00000,4.00000,192.00000,56.00000,16.00000,8.00000,4.00000,4.00000,38656.00000,612.00000
2025-11-17 17:46:56.385338,0.00000,1.00000,4.00000,0.00000,1.00000,4.00000,186.00000,52.00000,16.00000,6.00000,4.00000,4.00000,38656.00000,600.00000
2025-11-17 17:46:57.157040,0.00000,1.00000,4.00000,0.00000,1.00000,4.00000,186.00000,52.00000,16.00000,6.00000,4.00000,4.00000,38656.00000,600.00000
2025-11-17 17:46:57.954478,0.00000,1.00000,4.00000,0.00000,1.00000,4.00000,186.00000,52.00000,16.00000,6.00000,4.00000,4.00000,38656.00000,600.00000
2025-11-17 17:46:59.027334,0.00000,1.00000,4.00000,0.00000,1.00000,4.00000,210.00000,60.00000,20.00000,6.00000,4.00000,4.00000,38656.00000,636.00000
2025-11-17 17:47:00.077180,0.00000,1.00000,4.00000,0.00000,1.00000,4.00000,210.00000,60.00000,20.00000,6.00000,4.00000,4.00000,38656.00000,636.00000
2025-11-17 17:47:00.917315,0.00000,1.00000,4.00000,0.00000,1.00000,4.00000,210.00000,60.00000,20.00000,6.00000,4.00000,4.00000,38656.00000,636.00000
2025-11-17 17:47:01.570686,0.00000,1.00000,3.00000,0.00000,1.00000,3.00000,192.00000,56.00000,20.00000,4.00000,2.00000,2.00000,38656.00000,606.00000
2025-11-17 17:47:02.318242,0.00000,1.00000,3.00000,0.00000,1.00000,3.00000,192.00000,56.00000,20.00000,4.00000,2.00000,2.00000,38656.00000,606.00000
2025-11-17 17:47:03.407198,0.00000,1.00000,3.00000,0.00000,1.00000,3.00000,192.00000,56.00000,20.00000,4.00000,2.00000,2.00000,38656.00000,606.00000
2025-11-17 17:47:04.467049,0.00000,1.00000,3.00000,0.00000,1.00000,3.00000,192.00000,56.00000,16.00000,4.00000,2.00000,2.00000,38656.00000,602.00000
2025-11-17 17:47:05.200835,0.00000,1.00000,3.00000,0.00000,1.00000,3.00000,192.00000,56.00000,16.00000,4.00000,2.00000,2.00000,38656.00000,602.00000
2025-11-17 17:47:06.007360,0.00000,1.00000,3.00000,0.00000,1.00000,3.00000,192.00000,56.00000,16.00000,4.00000,2.00000,2.00000,38656.00000,602.00000
2025-11-17 17:47:06.756454,0.00000,1.00000,2.00000,0.00000,1.00000,2.00000,180.00000,52.00000,14.00000,4.00000,2.00000,2.00000,38656.00000,582.00000
2025-11-17 17:47:07.736157,0.00000,1.00000,2.00000,0.00000,1.00000,2.00000,180.00000,52.00000,14.00000,4.00000,2.00000,2.00000,38656.00000,582.00000
2025-11-17 17:47:08.565249,0.00000,1.00000,2.00000,0.00000,1.00000,2.00000,180.00000,52.00000,14.00000,4.00000,2.00000,2.00000,38656.00000,582.00000
2025-11-17 17:47:09.503466,0.00000,1.00000,4.00000,0.00000,1.00000,4.00000,210.00000,58.00000,18.00000,6.00000,4.00000,2.00000,38656.00000,630.00000
2025-11-17 17:47:10.247208,0.00000,1.00000,4.00000,0.00000,1.00000,4.00000,210.00000,58.00000,18.00000,6.00000,4.00000,2.00000,38656.00000,630.00000
2025-11-17 17:47:10.997949,0.00000,1.00000,4.00000,0.00000,1.00000,4.00000,210.00000,58.00000,18.00000,6.00000,4.00000,2.00000,38656.00000,630.00000
2025-11-17 17:47:12.014796,0.00000,1.00000,3.00000,0.00000,1.00000,3.00000,198.00000,56.00000,16.00000,4.00000,4.00000,2.00000,38656.00000,610.00000
2025-11-17 17:47:12.808645,0.00000,1.00000,3.00000,0.00000,1.00000,3.00000,198.00000,56.00000,16.00000,4.00000,4.00000,2.00000,38656.00000,610.00000
2025-11-17 17:47:13.440930,0.00000,1.00000,3.00000,0.00000,1.00000,3.00000,198.00000,56.00000,16.00000,4.00000,4.00000,2.00000,38656.00000,610.00000
2025-11-17 17:47:14.566828,0.00000,0.00000,2.00000,0.00000,0.00000,2.00000,180.00000,52.00000,14.00000,2.00000,2.00000,0.00000,38656.00000,576.00000
2025-11-17 17:47:15.372295,0.00000,0.00000,2.00000,0.00000,0.00000,2.00000,180.00000,52.00000,14.00000,2.00000,2.00000,0.00000,38656.00000,576.00000
2025-11-17 17:47:16.097594,0.00000,0.00000,2.00000,0.00000,0.00000,2.00000,180.00000,52.00000,14.00000,2.00000,2.00000,0.00000,38656.00000,576.00000
2025-11-17 17:47:17.017299,0.00000,0.00000,2.00000,0.00000,0.00000,2.00000,174.00000,50.00000,14.00000,2.00000,2.00000,0.00000,38656.00000,568.00000
2025-11-17 17:47:17.849992,0.00000,0.00000,2.00000,0.00000,0.00000,2.00000,174.00000,50.00000,14.00000,2.00000,2.00000,0.00000,38656.00000,568.00000
2025-11-17 17:47:18.822288,0.00000,0.00000,2.00000,0.00000,0.00000,2.00000,174.00000,50.00000,14.00000,2.00000,2.00000,0.00000,38656.00000,568.00000
2025-11-17 17:47:19.766898,0.00000,0.00000,2.00000,0.00000,0.00000,2.00000,180.00000,50.00000,12.00000,2.00000,2.00000,0.00000,38656.00000,572.00000
2025-11-17 17:47:20.639679,0.00000,0.00000,2.00000,0.00000,0.00000,2.00000,180.00000,50.00000,12.00000,2.00000,2.00000,0.00000,38656.00000,572.00000
2025-11-17 17:47:21.550285,0.00000,0.00000,2.00000,0.00000,0.00000,2.00000,180.00000,50.00000,12.00000,2.00000,2.00000,0.00000,38656.00000,572.00000
2025-11-17 17:47:22.287943,0.00000,0.00000,2.00000,0.00000,0.00000,2.00000,192.00000,54.00000,10.00000,2.00000,2.00000,0.00000,38656.00000,586.00000
2025-11-17 17:47:23.275698,0.00000,0.00000,2.00000,0.00000,0.00000,2.00000,192.00000,54.00000,10.00000,2.00000,2.00000,0.00000,38656.00000,586.00000
2025-11-17 17:47:23.917813,0.00000,0.00000,2.00000,0.00000,0.00000,2.00000,192.00000,54.00000,10.00000,2.00000,2.00000,0.00000,38656.00000,586.00000
2025-11-17 17:47:24.931759,0.00000,0.00000,1.00000,0.00000,0.00000,1.00000,180.00000,48.00000,6.00000,2.00000,2.00000,0.00000,38656.00000,562.00000
2025-11-17 17:47:25.716182,0.00000,0.00000,1.00000,0.00000,0.00000,1.00000,180.00000,48.00000,6.00000,2.00000,2.00000,0.00000,38656.00000,562.00000
2025-11-17 17:47:26.544156,0.00000,0.00000,1.00000,0.00000,0.00000,1.00000,180.00000,48.00000,6.00000,2.00000,2.00000,0.00000,38656.00000,562.00000
2025-11-17 17:47:27.535438,0.00000,0.00000,1.00000,0.00000,0.00000,1.00000,198.00000,52.00000,4.00000,2.00000,2.00000,0.00000,38656.00000,582.00000
2025-11-17 17:47:28.398008,0.00000,0.00000,1.00000,0.00000,0.00000,1.00000,198.00000,52.00000,4.00000,2.00000,2.00000,0.00000,38656.00000,582.00000
2025-11-17 17:47:29.163751,0.00000,0.00000,1.00000,0.00000,0.00000,1.00000,198.00000,52.00000,4.00000,2.00000,2.00000,0.00000,38656.00000,582.00000
2025-11-17 17:47:29.917500,0.00000,0.00000,1.00000,0.00000,0.00000,1.00000,204.00000,56.00000,4.00000,2.00000,2.00000,0.00000,38656.00000,592.00000
2025-11-17 17:47:30.837274,0.00000,0.00000,1.00000,0.00000,0.00000,1.00000,204.00000,56.00000,4.00000,2.00000,2.00000,0.00000,38656.00000,592.00000
2025-11-17 17:47:32.046985,0.00000,0.00000,1.00000,0.00000,0.00000,1.00000,204.00000,56.00000,4.00000,2.00000,2.00000,0.00000,38656.00000,592.00000
2025-11-17 17:47:32.931264,0.00000,0.00000,0.00000,0.00000,0.00000,0.00000,228.00000,64.00000,4.00000,2.00000,2.00000,0.00000,38656.00000,622.00000
2025-11-17 17:47:33.968212,0.00000,0.00000,0.00000,0.00000,0.00000,0.00000,228.00000,64.00000,4.00000,2.00000,2.00000,0.00000,38656.00000,622.00000
2025-11-17 17:47:35.011277,0.00000,0.00000,0.00000,0.00000,0.00000,0.00000,228.00000,64.00000,4.00000,2.00000,2.00000,0.00000,38656.00000,622.00000
2025-11-17 17:47:35.929887,0.00000,1.00000,1.00000,0.00000,1.00000,1.00000,210.00000,62.00000,2.00000,2.00000,0.00000,0.00000,38656.00000,602.00000
2025-11-17 17:47:36.660493,0.00000,1.00000,1.00000,0.00000,1.00000,1.00000,210.00000,62.00000,2.00000,2.00000,0.00000,0.00000,38656.00000,602.00000
2025-11-17 17:47:37.410311,0.00000,1.00000,1.00000,0.00000,1.00000,1.00000,210.00000,62.00000,2.00000,2.00000,0.00000,0.00000,38656.00000,602.00000
2025-11-17 17:47:38.086787,0.00000,1.00000,1.00000,0.00000,1.00000,1.00000,210.00000,62.00000,4.00000,4.00000,0.00000,0.00000,38656.00000,606.00000
2025-11-17 17:47:38.930558,0.00000,1.00000,1.00000,0.00000,1.00000,1.00000,210.00000,62.00000,4.00000,4.00000,0.00000,0.00000,38656.00000,606.00000
2025-11-17 17:47:39.797431,0.00000,1.00000,1.00000,0.00000,1.00000,1.00000,210.00000,62.00000,4.00000,4.00000,0.00000,0.00000,38656.00000,606.00000
2025-11-17 17:47:40.877141,0.00000,1.00000,1.00000,0.00000,1.00000,1.00000,204.00000,60.00000,4.00000,4.00000,0.00000,0.00000,38656.00000,598.00000
2025-11-17 17:47:41.662240,0.00000,1.00000,1.00000,0.00000,1.00000,1.00000,204.00000,60.00000,4.00000,4.00000,0.00000,0.00000,38656.00000,598.00000
2025-11-17 17:47:42.353954,0.00000,1.00000,1.00000,0.00000,1.00000,1.00000,204.00000,60.00000,4.00000,4.00000,0.00000,0.00000,38656.00000,598.00000
2025-11-17 17:47:43.102921,0.00000,1.00000,1.00000,0.00000,1.00000,1.00000,222.00000,64.00000,6.00000,4.00000,0.00000,0.00000,38656.00000,622.00000
2025-11-17 17:47:43.969537,0.00000,0.00000,0.00000,0.00000,0.00000,0.00000,222.00000,64.00000,6.00000,4.00000,0.00000,0.00000,38656.00000,618.00000
2025-11-17 17:47:44.760985,0.00000,0.00000,0.00000,0.00000,0.00000,0.00000,222.00000,64.00000,6.00000,4.00000,0.00000,0.00000,38656.00000,618.00000
2025-11-17 17:47:45.675047,0.00000,0.00000,0.00000,0.00000,0.00000,0.00000,222.00000,64.00000,6.00000,4.00000,0.00000,0.00000,38656.00000,618.00000
2025-11-17 17:47:46.424203,0.00000,0.00000,0.00000,0.00000,0.00000,0.00000,222.00000,64.00000,6.00000,4.00000,0.00000,0.00000,38656.00000,618.00000
2025-11-17 17:47:47.180323,0.00000,1.00000,1.00000,0.00000,1.00000,1.00000,222.00000,64.00000,6.00000,4.00000,0.00000,0.00000,38656.00000,622.00000
2025-11-17 17:47:48.328189,0.00000,1.00000,1.00000,0.00000,1.00000,1.00000,228.00000,66.00000,8.00000,4.00000,0.00000,0.00000,38656.00000,632.00000
2025-11-17 17:47:48.939997,0.00000,1.00000,1.00000,0.00000,1.00000,1.00000,228.00000,66.00000,8.00000,4.00000,0.00000,0.00000,38656.00000,632.00000
2025-11-17 17:47:49.706517,0.00000,1.00000,1.00000,0.00000,1.00000,1.00000,228.00000,66.00000,8.00000,4.00000,0.00000,0.00000,38656.00000,632.00000
2025-11-17 17:47:50.747403,0.00000,1.00000,1.00000,0.00000,1.00000,1.00000,210.00000,62.00000,10.00000,4.00000,0.00000,0.00000,38656.00000,612.00000
2025-11-17 17:47:51.534759,0.00000,1.00000,1.00000,0.00000,1.00000,1.00000,210.00000,62.00000,10.00000,4.00000,0.00000,0.00000,38656.00000,612.00000
2025-11-17 17:47:52.474103,0.00000,1.00000,1.00000,0.00000,1.00000,1.00000,210.00000,62.00000,10.00000,4.00000,0.00000,0.00000,38656.00000,612.00000
2025-11-17 17:47:53.329440,0.00000,1.00000,1.00000,0.00000,1.00000,1.00000,204.00000,62.00000,12.00000,4.00000,0.00000,0.00000,38656.00000,608.00000
2025-11-17 17:47:54.268385,0.00000,1.00000,1.00000,0.00000,1.00000,1.00000,204.00000,62.00000,12.00000,4.00000,0.00000,0.00000,38656.00000,608.00000
2025-11-17 17:47:55.127773,0.00000,1.00000,1.00000,0.00000,1.00000,1.00000,204.00000,62.00000,12.00000,4.00000,0.00000,0.00000,38656.00000,608.00000
2025-11-17 17:47:55.991096,1.00000,2.00000,2.00000,1.00000,2.00000,2.00000,210.00000,64.00000,12.00000,4.00000,0.00000,0.00000,38656.00000,622.00000
2025-11-17 17:47:56.990210,1.00000,2.00000,2.00000,1.00000,2.00000,2.00000,210.00000,64.00000,12.00000,4.00000,0.00000,0.00000,38656.00000,622.00000
2025-11-17 17:47:57.760763,1.00000,2.00000,2.00000,1.00000,2.00000,2.00000,210.00000,64.00000,12.00000,4.00000,0.00000,0.00000,38656.00000,622.00000
2025-11-17 17:47:58.510671,1.00000,2.00000,2.00000,1.00000,2.00000,2.00000,210.00000,64.00000,16.00000,4.00000,0.00000,0.00000,38656.00000,626.00000
2025-11-17 17:47:59.382629,0.00000,1.00000,1.00000,0.00000,1.00000,1.00000,210.00000,64.00000,16.00000,4.00000,0.00000,0.00000,38656.00000,620.00000
2025-11-17 17:48:00.173225,0.00000,1.00000,1.00000,0.00000,1.00000,1.00000,210.00000,64.00000,16.00000,4.00000,0.00000,0.00000,38656.00000,620.00000
2025-11-17 17:48:01.138480,0.00000,0.00000,0.00000,0.00000,0.00000,0.00000,210.00000,62.00000,16.00000,2.00000,0.00000,0.00000,38656.00000,612.00000
2025-11-17 17:48:01.941800,1.00000,1.00000,1.00000,1.00000,1.00000,1.00000,210.00000,62.00000,16.00000,2.00000,0.00000,0.00000,38656.00000,618.00000
2025-11-17 17:48:02.679046,1.00000,1.00000,1.00000,1.00000,1.00000,1.00000,210.00000,62.00000,16.00000,2.00000,0.00000,0.00000,38656.00000,618.00000
2025-11-17 17:48:03.679980,0.00000,1.00000,1.00000,0.00000,1.00000,1.00000,228.00000,60.00000,14.00000,0.00000,0.00000,0.00000,38656.00000,628.00000
2025-11-17 17:48:04.516294,0.00000,1.00000,1.00000,0.00000,1.00000,1.00000,228.00000,60.00000,14.00000,0.00000,0.00000,0.00000,38656.00000,628.00000
2025-11-17 17:48:05.415986,0.00000,1.00000,1.00000,0.00000,1.00000,1.00000,228.00000,60.00000,14.00000,0.00000,0.00000,0.00000,38656.00000,628.00000
2025-11-17 17:48:06.330983,1.00000,1.00000,1.00000,1.00000,1.00000,1.00000,246.00000,66.00000,16.00000,0.00000,0.00000,0.00000,38656.00000,656.00000
2025-11-17 17:48:07.189644,1.00000,1.00000,1.00000,1.00000,1.00000,1.00000,246.00000,66.00000,16.00000,0.00000,0.00000,0.00000,38656.00000,656.00000
2025-11-17 17:48:08.210442,1.00000,1.00000,1.00000,1.00000,1.00000,1.00000,246.00000,66.00000,16.00000,0.00000,0.00000,0.00000,38656.00000,656.00000
2025-11-17 17:48:09.251028,1.00000,1.00000,1.00000,1.00000,1.00000,1.00000,270.00000,74.00000,16.00000,0.00000,0.00000,0.00000,38656.00000,433.00000
2025-11-17 17:48:10.011244,1.00000,1.00000,1.00000,1.00000,1.00000,1.00000,270.00000,74.00000,16.00000,0.00000,0.00000,0.00000,38656.00000,433.00000
2025-11-17 17:48:11.017205,1.00000,1.00000,1.00000,1.00000,1.00000,1.00000,270.00000,74.00000,16.00000,0.00000,0.00000,0.00000,38656.00000,433.00000
2025-11-17 17:48:11.817633,1.00000,1.00000,1.00000,1.00000,1.00000,1.00000,258.00000,72.00000,16.00000,0.00000,0.00000,0.00000,38656.00000,419.00000
2025-11-17 17:48:12.637882,1.00000,1.00000,1.00000,1.00000,1.00000,1.00000,258.00000,72.00000,16.00000,0.00000,0.00000,0.00000,38656.00000,419.00000
2025-11-17 17:48:13.313513,1.00000,1.00000,1.00000,1.00000,1.00000,1.00000,258.00000,72.00000,16.00000,0.00000,0.00000,0.00000,38656.00000,419.00000
2025-11-17 17:48:14.097638,1.00000,1.00000,1.00000,1.00000,1.00000,1.00000,246.00000,70.00000,14.00000,0.00000,0.00000,0.00000,38656.00000,658.00000
2025-11-17 17:48:14.917659,1.00000,1.00000,1.00000,1.00000,1.00000,1.00000,246.00000,70.00000,14.00000,0.00000,0.00000,0.00000,38656.00000,658.00000
2025-11-17 17:48:15.678706,1.00000,1.00000,1.00000,1.00000,1.00000,1.00000,246.00000,70.00000,14.00000,0.00000,0.00000,0.00000,38656.00000,658.00000
2025-11-17 17:48:16.408713,1.00000,1.00000,1.00000,1.00000,1.00000,1.00000,246.00000,70.00000,14.00000,0.00000,0.00000,0.00000,38656.00000,658.00000
2025-11-17 17:48:17.533854,1.00000,1.00000,1.00000,1.00000,1.00000,1.00000,246.00000,70.00000,14.00000,0.00000,0.00000,0.00000,38656.00000,658.00000
2025-11-17 17:48:18.241520,1.00000,1.00000,1.00000,1.00000,1.00000,1.00000,246.00000,70.00000,14.00000,0.00000,0.00000,0.00000,38656.00000,658.00000
2025-11-17 17:48:19.266695,1.00000,1.00000,1.00000,1.00000,1.00000,1.00000,270.00000,72.00000,14.00000,0.00000,0.00000,0.00000,38656.00000,429.00000
2025-11-17 17:48:20.000085,1.00000,1.00000,1.00000,1.00000,1.00000,1.00000,270.00000,72.00000,14.00000,0.00000,0.00000,0.00000,38656.00000,429.00000
2025-11-17 17:48:21.024520,1.00000,1.00000,1.00000,1.00000,1.00000,1.00000,270.00000,72.00000,14.00000,0.00000,0.00000,0.00000,38656.00000,429.00000
2025-11-17 17:48:21.885001,1.00000,1.00000,1.00000,1.00000,1.00000,1.00000,264.00000,70.00000,16.00000,0.00000,0.00000,0.00000,38656.00000,423.00000
2025-11-17 17:48:23.113018,1.00000,1.00000,1.00000,1.00000,1.00000,1.00000,264.00000,70.00000,16.00000,0.00000,0.00000,0.00000,38656.00000,423.00000
2025-11-17 17:48:23.873770,1.00000,1.00000,1.00000,1.00000,1.00000,1.00000,264.00000,70.00000,16.00000,0.00000,0.00000,0.00000,38656.00000,423.00000
2025-11-17 17:48:24.543997,1.00000,1.00000,1.00000,1.00000,1.00000,1.00000,258.00000,66.00000,12.00000,0.00000,0.00000,0.00000,38656.00000,409.00000
2025-11-17 17:48:25.263465,1.00000,1.00000,1.00000,1.00000,1.00000,1.00000,258.00000,66.00000,12.00000,0.00000,0.00000,0.00000,38656.00000,409.00000
2025-11-17 17:48:26.229603,1.00000,1.00000,1.00000,1.00000,1.00000,1.00000,258.00000,66.00000,12.00000,0.00000,0.00000,0.00000,38656.00000,409.00000
2025-11-17 17:48:26.909158,1.00000,1.00000,1.00000,1.00000,1.00000,1.00000,270.00000,72.00000,14.00000,0.00000,0.00000,0.00000,38656.00000,429.00000
2025-11-17 17:48:27.936618,1.00000,1.00000,1.00000,1.00000,1.00000,1.00000,270.00000,72.00000,14.00000,0.00000,0.00000,0.00000,38656.00000,429.00000
2025-11-17 17:48:28.785183,1.00000,1.00000,1.00000,1.00000,1.00000,1.00000,270.00000,72.00000,14.00000,0.00000,0.00000,0.00000,38656.00000,429.00000
2025-11-17 17:48:29.613208,1.00000,2.00000,2.00000,1.00000,2.00000,2.00000,270.00000,80.00000,16.00000,0.00000,0.00000,0.00000,38656.00000,443.00000
2025-11-17 17:48:30.432980,1.00000,2.00000,2.00000,1.00000,2.00000,2.00000,270.00000,80.00000,16.00000,0.00000,0.00000,0.00000,38656.00000,443.00000
2025-11-17 17:48:31.178036,1.00000,2.00000,2.00000,1.00000,2.00000,2.00000,270.00000,80.00000,16.00000,0.00000,0.00000,0.00000,38656.00000,443.00000
2025-11-17 17:48:32.085735,1.00000,2.00000,2.00000,1.00000,2.00000,2.00000,300.00000,82.00000,14.00000,0.00000,0.00000,0.00000,38656.00000,473.00000
2025-11-17 17:48:32.970209,1.00000,2.00000,2.00000,1.00000,2.00000,2.00000,300.00000,82.00000,14.00000,0.00000,0.00000,0.00000,38656.00000,473.00000
2025-11-17 17:48:34.111806,1.00000,2.00000,2.00000,1.00000,2.00000,2.00000,300.00000,82.00000,14.00000,0.00000,0.00000,0.00000,38656.00000,473.00000
2025-11-17 17:48:35.186282,1.00000,1.00000,1.00000,1.00000,1.00000,1.00000,264.00000,72.00000,12.00000,0.00000,0.00000,0.00000,38656.00000,421.00000
2025-11-17 17:48:36.226843,1.00000,1.00000,1.00000,1.00000,1.00000,1.00000,264.00000,72.00000,12.00000,0.00000,0.00000,0.00000,38656.00000,421.00000
2025-11-17 17:48:37.036745,1.00000,1.00000,1.00000,1.00000,1.00000,1.00000,264.00000,72.00000,12.00000,0.00000,0.00000,0.00000,38656.00000,421.00000
2025-11-17 17:48:37.918602,0.00000,1.00000,1.00000,0.00000,1.00000,1.00000,282.00000,76.00000,16.00000,2.00000,0.00000,0.00000,38656.00000,447.00000
2025-11-17 17:48:38.837141,0.00000,1.00000,1.00000,0.00000,1.00000,1.00000,282.00000,76.00000,16.00000,2.00000,0.00000,0.00000,38656.00000,447.00000
2025-11-17 17:48:39.539029,0.00000,1.00000,1.00000,0.00000,1.00000,1.00000,282.00000,76.00000,16.00000,2.00000,0.00000,0.00000,38656.00000,447.00000
2025-11-17 17:48:40.304116,0.00000,0.00000,1.00000,0.00000,0.00000,1.00000,264.00000,70.00000,16.00000,2.00000,0.00000,0.00000,38656.00000,421.00000
2025-11-17 17:48:40.669033,0.00000,1.00000,2.00000,0.00000,1.00000,2.00000,264.00000,70.00000,16.00000,2.00000,0.00000,0.00000,38656.00000,425.00000
2025-11-17 17:48:41.474900,0.00000,1.00000,2.00000,0.00000,1.00000,2.00000,264.00000,70.00000,16.00000,2.00000,0.00000,0.00000,38656.00000,425.00000
2025-11-17 17:48:42.487607,0.00000,1.00000,2.00000,0.00000,1.00000,2.00000,288.00000,76.00000,16.00000,2.00000,0.00000,0.00000,38656.00000,455.00000
2025-11-17 17:48:43.454929,0.00000,1.00000,2.00000,0.00000,1.00000,2.00000,288.00000,76.00000,16.00000,2.00000,0.00000,0.00000,38656.00000,455.00000
2025-11-17 17:48:44.286416,0.00000,1.00000,2.00000,0.00000,1.00000,2.00000,288.00000,76.00000,16.00000,2.00000,0.00000,0.00000,38656.00000,455.00000
2025-11-17 17:48:45.253671,0.00000,1.00000,2.00000,0.00000,1.00000,2.00000,258.00000,70.00000,14.00000,2.00000,0.00000,0.00000,38656.00000,417.00000
2025-11-17 17:48:46.394701,0.00000,1.00000,2.00000,0.00000,1.00000,2.00000,258.00000,70.00000,14.00000,2.00000,0.00000,0.00000,38656.00000,417.00000
2025-11-17 17:48:47.229389,0.00000,1.00000,2.00000,0.00000,1.00000,2.00000,258.00000,70.00000,14.00000,2.00000,0.00000,0.00000,38656.00000,417.00000
2025-11-17 17:48:48.193854,0.00000,1.00000,2.00000,0.00000,1.00000,2.00000,252.00000,66.00000,12.00000,2.00000,0.00000,0.00000,38656.00000,660.00000
2025-11-17 17:48:49.125868,0.00000,1.00000,2.00000,0.00000,1.00000,2.00000,252.00000,66.00000,12.00000,2.00000,0.00000,0.00000,38656.00000,660.00000
2025-11-17 17:48:49.894539,0.00000,1.00000,2.00000,0.00000,1.00000,2.00000,252.00000,66.00000,12.00000,2.00000,0.00000,0.00000,38656.00000,660.00000
