DateTime,NO2,NH3,CO,T,RH,P,DeviceID,NO2ppb
2025-10-17 17:24:08,914.15273,973.73091,420.77091,21.26363,100.0,1010.32426,9.0,-121.37657
2025-10-17 17:24:08,908.56727,968.14545,418.90909,21.25348,100.0,1010.25419,9.0,-119.63098
2025-10-17 17:24:09,912.29091,968.14545,418.90909,21.25856,100.0,1010.28923,9.0,-119.18805
2025-10-17 17:24:09,912.29091,970.00727,418.90909,21.26363,100.0,1010.35138,9.0,-120.44089
2025-10-17 17:24:10,912.29091,971.86909,420.77091,21.26363,100.0,1010.32426,9.0,-121.65193
2025-10-17 17:24:10,916.01455,973.73091,424.49455,21.25856,100.0,1010.28923,9.0,-123.11548
2025-10-17 17:24:11,914.15273,973.73091,424.49455,21.25348,100.0,1010.30841,9.0,-123.92796
2025-10-17 17:24:11,914.15273,970.00727,424.49455,21.25856,100.0,1010.34345,9.0,-124.02096
2025-10-17 17:24:12,916.01455,971.86909,424.49455,21.26363,100.0,1010.32426,9.0,-123.4521
2025-10-17 17:24:12,917.87636,973.73091,428.21818,21.26363,100.0,1010.29715,9.0,-125.54843
2025-10-17 17:24:13,919.73818,977.45455,431.94182,21.25856,100.0,1010.28923,9.0,-128.10806
2025-10-17 17:24:14,917.87636,971.86909,428.21818,21.25856,100.0,1010.31634,9.0,-125.62789
2025-10-17 17:24:14,917.87636,973.73091,430.08,21.25856,100.0,1010.31634,9.0,-127.26101
2025-10-17 17:24:15,917.87636,973.73091,431.94182,21.26363,100.0,1010.37849,9.0,-129.66764
2025-10-17 17:24:15,919.73818,973.73091,431.94182,21.27379,100.0,1010.25878,9.0,-127.23614
2025-10-17 17:24:16,923.46182,977.45455,435.66545,21.25856,100.0,1010.31634,9.0,-130.34511
2025-10-17 17:24:16,921.6,971.86909,433.80364,21.25856,100.0,1010.31634,9.0,-128.83235
2025-10-17 17:24:17,923.46182,973.73091,435.66545,21.26871,100.0,1010.30508,9.0,-129.78153
2025-10-17 17:24:17,923.46182,975.59273,437.52727,21.26363,100.0,1010.29715,9.0,-131.26339
2025-10-17 17:24:18,923.46182,975.59273,441.25091,21.26363,100.0,1010.32426,9.0,-134.50884
2025-10-17 17:24:19,923.46182,975.59273,439.38909,21.25856,100.0,1010.31634,9.0,-132.97597
2025-10-17 17:24:19,925.32364,977.45455,443.11273,21.27379,100.0,1010.25878,9.0,-134.5331
2025-10-17 17:24:20,925.32364,979.31636,441.25091,21.26871,100.0,1010.33219,9.0,-134.45878
2025-10-17 17:24:21,929.04727,975.59273,444.97455,21.27379,100.0,1010.313,9.0,-135.62505
2025-10-17 17:24:21,929.04727,977.45455,446.83636,21.26363,100.0,1010.35138,9.0,-137.82369
2025-10-17 17:24:22,929.04727,973.73091,444.97455,21.27886,100.0,1010.34804,9.0,-135.98435
2025-10-17 17:24:22,929.04727,975.59273,446.83636,21.27379,100.0,1010.28589,9.0,-136.59245
2025-10-17 17:24:23,930.90909,979.31636,448.69818,21.27379,100.0,1010.25878,9.0,-137.38122
2025-10-17 17:24:24,932.77091,979.31636,450.56,21.27379,100.0,1010.25878,9.0,-138.28131
2025-10-17 17:24:24,930.90909,975.59273,450.56,21.27379,100.0,1010.313,9.0,-139.33371
2025-10-17 17:24:25,932.77091,975.59273,450.56,21.27886,100.0,1010.32093,9.0,-138.95805
2025-10-17 17:24:25,934.63273,979.31636,454.28364,21.27379,100.0,1010.39434,9.0,-142.77012
2025-10-17 17:24:26,936.49455,981.17818,456.14545,21.28394,100.0,1010.27463,9.0,-141.85995
2025-10-17 17:24:27,936.49455,977.45455,456.14545,21.27886,100.0,1010.34804,9.0,-142.77711
2025-10-17 17:24:27,936.49455,979.31636,456.14545,21.27379,100.0,1010.28589,9.0,-141.92265
2025-10-17 17:24:28,936.49455,975.59273,456.14545,21.26871,100.0,1010.27796,9.0,-141.46853
2025-10-17 17:24:28,938.35636,979.31636,461.73091,21.28394,100.0,1010.32885,9.0,-146.32527
2025-10-17 17:24:29,936.49455,977.45455,461.73091,21.27379,100.0,1010.28589,9.0,-145.98764
2025-10-17 17:24:30,938.35636,977.45455,459.86909,21.28394,100.0,1010.35596,9.0,-145.21002
2025-10-17 17:24:30,938.35636,973.73091,461.73091,21.26871,100.0,1010.33219,9.0,-145.84481
2025-10-17 17:24:31,938.35636,977.45455,461.73091,21.27886,100.0,1010.32093,9.0,-146.04887
2025-10-17 17:24:31,940.21818,977.45455,465.45455,21.28902,100.0,1010.25544,9.0,-147.29961
2025-10-17 17:24:32,942.08,979.31636,463.59273,21.28394,100.0,1010.38308,9.0,-147.59495
2025-10-17 17:24:33,942.08,977.45455,467.31636,21.28902,100.0,1010.30966,9.0,-149.07349
2025-10-17 17:24:33,942.08,979.31636,467.31636,21.28902,100.0,1010.30966,9.0,-149.22136
2025-10-17 17:24:34,945.80364,981.17818,471.04,21.28394,100.0,1010.27463,9.0,-150.57323
2025-10-17 17:24:34,943.94182,979.31636,469.17818,21.29409,100.0,1010.31759,9.0,-150.24996
2025-10-17 17:24:35,942.08,979.31636,471.04,21.30425,100.0,1010.36055,9.0,-152.85235
2025-10-17 17:24:36,945.80364,977.45455,471.04,21.28902,100.0,1010.33678,9.0,-151.31056
2025-10-17 17:24:36,947.66545,981.17818,474.76364,21.28394,100.0,1010.32885,9.0,-153.75139
2025-10-17 17:24:37,945.80364,979.31636,476.62545,21.29409,100.0,1010.26336,9.0,-154.48909
2025-10-17 17:24:37,947.66545,979.31636,476.62545,21.28902,100.0,1010.33678,9.0,-155.16708
2025-10-17 17:24:38,949.52727,981.17818,478.48727,21.28902,100.0,1010.30966,9.0,-155.74739
2025-10-17 17:24:39,949.52727,983.04,480.34909,21.29409,100.0,1010.29047,9.0,-156.92875
2025-10-17 17:24:39,951.38909,977.45455,478.48727,21.29409,100.0,1010.26336,9.0,-154.23292
2025-10-17 17:24:40,951.38909,979.31636,480.34909,21.29409,100.0,1010.31759,9.0,-156.65887
2025-10-17 17:24:41,951.38909,979.31636,480.34909,21.29917,100.0,1010.32551,9.0,-156.78738
2025-10-17 17:24:41,953.25091,983.04,484.07273,21.29917,100.0,1010.37974,9.0,-160.16814
2025-10-17 17:24:42,953.25091,979.31636,484.07273,21.29917,100.0,1010.21706,9.0,-157.34413
2025-10-17 17:24:42,953.25091,979.31636,482.21091,21.30425,100.0,1010.33344,9.0,-157.81596
2025-10-17 17:24:43,953.25091,981.17818,485.93455,21.29917,100.0,1010.2984,9.0,-160.17624
2025-10-17 17:24:43,953.25091,981.17818,485.93455,21.29409,100.0,1010.31759,9.0,-160.48464
2025-10-17 17:24:44,955.11273,984.90182,491.52,21.29409,100.0,1010.29047,9.0,-163.89476
2025-10-17 17:24:45,956.97455,983.04,489.65818,21.30425,100.0,1010.30632,9.0,-162.19037
2025-10-17 17:24:45,958.83636,983.04,493.38182,21.29409,100.0,1010.31759,9.0,-164.67465
2025-10-17 17:24:46,956.97455,981.17818,489.65818,21.30932,100.0,1010.31425,9.0,-162.23339
2025-10-17 17:24:46,955.11273,983.04,493.38182,21.30425,100.0,1010.27921,9.0,-165.06623
2025-10-17 17:24:47,958.83636,983.04,493.38182,21.30425,100.0,1010.33344,9.0,-164.93165
2025-10-17 17:24:47,958.83636,981.17818,493.38182,21.30932,100.0,1010.28713,9.0,-164.10085
2025-10-17 17:24:48,958.83636,981.17818,495.24364,21.30425,100.0,1010.30632,9.0,-165.81356
2025-10-17 17:24:49,958.83636,983.04,497.10545,21.30425,100.0,1010.30632,9.0,-167.30331
2025-10-17 17:24:49,958.83636,983.04,498.96727,21.30425,100.0,1010.2521,9.0,-167.83378
2025-10-17 17:24:50,958.83636,983.04,497.10545,21.31948,100.0,1010.27587,9.0,-166.8149
2025-10-17 17:24:50,960.69818,983.04,498.96727,21.3144,100.0,1010.34929,9.0,-168.89727
2025-10-17 17:24:51,962.56,983.04,500.82909,21.3144,100.0,1010.32217,9.0,-169.36044
2025-10-17 17:24:52,964.42182,986.76364,504.55273,21.3144,100.0,1010.3764,9.0,-172.61097
2025-10-17 17:24:52,964.42182,983.04,504.55273,21.30932,100.0,1010.31425,9.0,-171.53634
2025-10-17 17:24:53,964.42182,983.04,502.69091,21.31948,100.0,1010.35721,9.0,-170.82591
2025-10-17 17:24:53,964.42182,983.04,504.55273,21.31948,100.0,1010.27587,9.0,-170.91944
2025-10-17 17:24:54,966.28364,984.90182,506.41455,21.31948,100.0,1010.35721,9.0,-173.18318
2025-10-17 17:24:55,968.14545,986.76364,510.13818,21.32455,100.0,1010.33802,9.0,-175.19852
2025-10-17 17:24:55,966.28364,983.04,508.27636,21.32455,100.0,1010.33802,9.0,-174.22611
2025-10-17 17:24:56,968.14545,984.90182,508.27636,21.32963,100.0,1010.34595,9.0,-173.90326
2025-10-17 17:24:56,966.28364,984.90182,510.13818,21.32455,100.0,1010.33802,9.0,-175.68329
2025-10-17 17:24:57,970.00727,986.76364,513.86182,21.31948,100.0,1010.35721,9.0,-177.81135
2025-10-17 17:24:58,970.00727,984.90182,512.0,21.31948,100.0,1010.30298,9.0,-175.5138
2025-10-17 17:24:58,970.00727,988.62545,515.72364,21.3144,100.0,1010.24083,9.0,-177.32456
2025-10-17 17:24:59,970.00727,984.90182,513.86182,21.31948,100.0,1010.35721,9.0,-177.79192
2025-10-17 17:24:59,970.00727,988.62545,517.58545,21.32963,100.0,1010.29172,9.0,-179.55112
2025-10-17 17:25:00,973.73091,988.62545,517.58545,21.31948,100.0,1010.27587,9.0,-178.28582
2025-10-17 17:25:01,971.86909,984.90182,517.58545,21.33471,100.0,1010.29964,9.0,-179.17087
2025-10-17 17:25:01,971.86909,984.90182,517.58545,21.32455,100.0,1010.33802,9.0,-179.78783
2025-10-17 17:25:02,973.73091,984.90182,519.44727,21.32455,100.0,1010.33802,9.0,-180.68792
2025-10-17 17:25:02,973.73091,990.48727,523.17091,21.32963,100.0,1010.37306,9.0,-184.01613
2025-10-17 17:25:03,973.73091,986.76364,521.30909,21.33471,100.0,1010.32676,9.0,-181.9316
2025-10-17 17:25:04,975.59273,988.62545,525.03273,21.32455,100.0,1010.25668,9.0,-183.09029
2025-10-17 17:25:04,973.73091,988.62545,526.89455,21.32963,100.0,1010.34595,9.0,-186.438
2025-10-17 17:25:05,977.45455,988.62545,526.89455,21.33978,100.0,1010.30756,9.0,-184.81262
2025-10-17 17:25:05,975.59273,986.76364,525.03273,21.33978,100.0,1010.33468,9.0,-184.36441
2025-10-17 17:25:06,977.45455,988.62545,528.75636,21.33978,100.0,1010.30756,9.0,-186.2169
2025-10-17 17:25:06,979.31636,984.90182,526.89455,21.33471,100.0,1010.29964,9.0,-184.1755
2025-10-17 17:25:07,979.31636,990.48727,530.61818,21.32963,100.0,1010.2646,9.0,-186.37296
2025-10-17 17:25:08,979.31636,986.76364,530.61818,21.33471,100.0,1010.35387,9.0,-187.87736
2025-10-17 17:25:08,981.17818,988.62545,532.48,21.33978,100.0,1010.38891,9.0,-189.32787
2025-10-17 17:25:09,979.31636,986.76364,532.48,21.33471,100.0,1010.32676,9.0,-188.84471
2025-10-17 17:25:09,983.04,990.48727,534.34182,21.33471,100.0,1010.29964,9.0,-188.7385
2025-10-17 17:25:10,981.17818,994.21091,538.06545,21.33471,100.0,1010.27253,9.0,-191.4044
2025-10-17 17:25:11,981.17818,990.48727,536.20364,21.35501,100.0,1010.35845,9.0,-191.59761
2025-10-17 17:25:11,983.04,990.48727,536.20364,21.33471,100.0,1010.32676,9.0,-190.57971
2025-10-17 17:25:12,984.90182,992.34909,539.92727,21.34486,100.0,1010.31549,9.0,-192.61759
2025-10-17 17:25:13,984.90182,992.34909,541.78909,21.36009,100.0,1010.31215,9.0,-193.97016
2025-10-17 17:25:13,983.04,988.62545,538.06545,21.34486,100.0,1010.28837,9.0,-191.41722
2025-10-17 17:25:14,984.90182,992.34909,541.78909,21.33978,100.0,1010.33468,9.0,-194.33038
2025-10-17 17:25:14,984.90182,990.48727,541.78909,21.33978,100.0,1010.28045,9.0,-193.54294
2025-10-17 17:25:15,986.76364,992.34909,545.51273,21.34486,100.0,1010.31549,9.0,-196.32625
2025-10-17 17:25:16,986.76364,992.34909,545.51273,21.34486,100.0,1010.31549,9.0,-196.32625
2025-10-17 17:25:16,986.76364,990.48727,545.51273,21.35501,100.0,1010.35845,9.0,-197.10644
2025-10-17 17:25:17,984.90182,990.48727,545.51273,21.34486,100.0,1010.28837,9.0,-196.47993
2025-10-17 17:25:18,988.62545,994.21091,551.09818,21.34486,100.0,1010.3426,9.0,-200.34832
2025-10-17 17:25:18,988.62545,990.48727,547.37455,21.34994,100.0,1010.2963,9.0,-197.00423
2025-10-17 17:25:19,988.62545,990.48727,551.09818,21.33471,100.0,1010.32676,9.0,-200.30139
2025-10-17 17:25:20,990.48727,992.34909,554.82182,21.34486,100.0,1010.28837,9.0,-201.90233
2025-10-17 17:25:21,990.48727,992.34909,551.09818,21.35501,100.0,1010.33134,9.0,-199.78753
2025-10-17 17:25:21,990.48727,988.62545,552.96,21.34486,100.0,1010.28837,9.0,-200.6347
2025-10-17 17:25:22,992.34909,990.48727,554.82182,21.34994,100.0,1010.26918,9.0,-201.17603
2025-10-17 17:25:22,992.34909,990.48727,556.68364,21.34486,100.0,1010.3426,9.0,-203.76271
2025-10-17 17:25:23,994.21091,994.21091,558.54545,21.34486,100.0,1010.31549,9.0,-204.01593
2025-10-17 17:25:23,994.21091,992.34909,558.54545,21.34486,100.0,1010.3426,9.0,-204.57638
2025-10-17 17:25:24,996.07273,990.48727,562.26909,21.34486,100.0,1010.3426,9.0,-206.96717
2025-10-17 17:25:25,994.21091,986.76364,558.54545,21.36009,100.0,1010.39349,9.0,-205.55017
2025-10-17 17:25:25,996.07273,994.21091,562.26909,21.34994,100.0,1010.2963,9.0,-206.01178
2025-10-17 17:25:26,996.07273,990.48727,562.26909,21.35501,100.0,1010.33134,9.0,-206.78706
2025-10-17 17:25:26,996.07273,990.48727,562.26909,21.34486,100.0,1010.3426,9.0,-206.96717
2025-10-17 17:25:27,996.07273,992.34909,564.13091,21.36517,100.0,1010.32007,9.0,-207.92478
2025-10-17 17:25:27,997.93455,994.21091,565.99273,21.35501,100.0,1010.27711,9.0,-208.00761
2025-10-17 17:25:28,997.93455,996.07273,569.71636,21.36517,100.0,1010.32007,9.0,-211.3484
2025-10-17 17:25:29,996.07273,992.34909,567.85455,21.34994,100.0,1010.32341,9.0,-210.78509
2025-10-17 17:25:29,1001.65818,997.93455,573.44,21.35501,100.0,1010.33134,9.0,-213.12829
2025-10-17 17:25:30,997.93455,994.21091,571.57818,21.36009,100.0,1010.31215,9.0,-212.78581
2025-10-17 17:25:31,1001.65818,996.07273,573.44,21.36009,100.0,1010.36638,9.0,-213.89407
2025-10-17 17:25:31,1001.65818,994.21091,573.44,21.36517,100.0,1010.32007,9.0,-213.3101
2025-10-17 17:25:32,1001.65818,994.21091,571.57818,21.35501,100.0,1010.35845,9.0,-212.5229
2025-10-17 17:25:32,1001.65818,992.34909,573.44,21.36009,100.0,1010.33926,9.0,-213.74216
2025-10-17 17:25:33,1001.65818,994.21091,573.44,21.33978,100.0,1010.25333,9.0,-212.23112
2025-10-17 17:25:33,1001.65818,996.07273,577.16364,21.36517,100.0,1010.32007,9.0,-215.95714
2025-10-17 17:25:34,1003.52,996.07273,577.16364,21.34994,100.0,1010.32341,9.0,-215.50468
2025-10-17 17:25:35,1003.52,994.21091,577.16364,21.34994,100.0,1010.2963,9.0,-215.22926
2025-10-17 17:25:35,1003.52,994.21091,577.16364,21.36009,100.0,1010.33926,9.0,-215.92302
2025-10-17 17:25:36,1007.24364,996.07273,582.74909,21.34486,100.0,1010.3426,9.0,-219.01765
2025-10-17 17:25:37,1005.38182,996.07273,582.74909,21.36009,100.0,1010.36638,9.0,-219.9071
2025-10-17 17:25:37,1007.24364,997.93455,584.61091,21.34486,100.0,1010.31549,9.0,-219.78457
2025-10-17 17:25:38,1007.24364,996.07273,582.74909,21.34486,100.0,1010.3426,9.0,-219.01765
2025-10-17 17:25:38,1009.10545,996.07273,586.47273,21.33978,100.0,1010.30756,9.0,-220.75666
2025-10-17 17:25:39,1007.24364,994.21091,584.61091,21.36009,100.0,1010.42061,9.0,-221.8426
2025-10-17 17:25:40,1009.10545,997.93455,588.33455,21.35501,100.0,1010.30422,9.0,-221.90883
2025-10-17 17:25:40,1009.10545,996.07273,584.61091,21.35501,100.0,1010.35845,9.0,-220.17458
2025-10-17 17:25:41,1009.10545,997.93455,588.33455,21.35501,100.0,1010.33134,9.0,-222.34577
2025-10-17 17:25:41,1009.10545,997.93455,592.05818,21.36009,100.0,1010.31215,9.0,-224.8458
2025-10-17 17:25:42,1010.96727,996.07273,592.05818,21.36009,100.0,1010.36638,9.0,-225.41593
2025-10-17 17:25:43,1009.10545,994.21091,590.19636,21.34486,100.0,1010.26126,9.0,-222.9813
2025-10-17 17:25:43,1010.96727,996.07273,592.05818,21.35501,100.0,1010.30422,9.0,-224.41363
2025-10-17 17:25:44,1010.96727,997.93455,595.78182,21.36009,100.0,1010.31215,9.0,-227.15017
2025-10-17 17:25:44,1012.82909,997.93455,595.78182,21.36009,100.0,1010.31215,9.0,-226.64597
2025-10-17 17:25:45,1012.82909,994.21091,593.92,21.37024,100.0,1010.30088,9.0,-225.42347
2025-10-17 17:25:45,1012.82909,996.07273,595.78182,21.36009,100.0,1010.36638,9.0,-227.7203
2025-10-17 17:25:46,1014.69091,999.79636,599.50545,21.35501,100.0,1010.27711,9.0,-228.14475
2025-10-17 17:25:47,1014.69091,994.21091,597.64364,21.36009,100.0,1010.36638,9.0,-228.7819
2025-10-17 17:25:47,1012.82909,996.07273,597.64364,21.35501,100.0,1010.24999,9.0,-227.2484
2025-10-17 17:25:48,1016.55273,999.79636,599.50545,21.35501,100.0,1010.30422,9.0,-228.07749
2025-10-17 17:25:49,1016.55273,999.79636,605.09091,21.35501,100.0,1010.33134,9.0,-232.72729
2025-10-17 17:25:49,1016.55273,999.79636,605.09091,21.36517,100.0,1010.34719,9.0,-232.9841
2025-10-17 17:25:50,1016.55273,994.21091,603.22909,21.36517,100.0,1010.3743,9.0,-232.61896
2025-10-17 17:25:50,1014.69091,997.93455,603.22909,21.36517,100.0,1010.3743,9.0,-232.76121
2025-10-17 17:25:51,1018.41455,999.79636,608.81455,21.36009,100.0,1010.33926,9.0,-235.16007
2025-10-17 17:25:52,1018.41455,999.79636,608.81455,21.36009,100.0,1010.33926,9.0,-235.16007
2025-10-17 17:25:52,1020.27636,997.93455,608.81455,21.36009,100.0,1010.33926,9.0,-234.89612
2025-10-17 17:25:53,1018.41455,997.93455,608.81455,21.36517,100.0,1010.3743,9.0,-235.96567
2025-10-17 17:25:53,1020.27636,999.79636,610.67636,21.36517,100.0,1010.32007,9.0,-235.7516
2025-10-17 17:25:54,1018.41455,999.79636,612.53818,21.36517,100.0,1010.40142,9.0,-238.97094
2025-10-17 17:25:54,1018.41455,997.93455,612.53818,21.37024,100.0,1010.35511,9.0,-238.46568
2025-10-17 17:25:55,1022.13818,999.79636,612.53818,21.35501,100.0,1010.33134,9.0,-236.83183
2025-10-17 17:25:56,1022.13818,999.79636,614.4,21.37532,100.0,1010.3088,9.0,-237.87579
2025-10-17 17:25:56,1024.0,1001.65818,618.12364,21.36517,100.0,1010.32007,9.0,-240.07937
2025-10-17 17:25:57,1022.13818,997.93455,614.4,21.36517,100.0,1010.34719,9.0,-238.73317
2025-10-17 17:25:58,1024.0,1001.65818,618.12364,21.37532,100.0,1010.36303,9.0,-240.77311
2025-10-17 17:25:58,1022.13818,1001.65818,618.12364,21.36517,100.0,1010.34719,9.0,-241.02052
2025-10-17 17:25:59,1024.0,1003.52,621.84727,21.37024,100.0,1010.32799,9.0,-242.69613
2025-10-17 17:25:59,1025.86182,999.79636,621.84727,21.37024,100.0,1010.32799,9.0,-242.7931
2025-10-17 17:26:00,1024.0,1001.65818,621.84727,21.37532,100.0,1010.39015,9.0,-244.01863
2025-10-17 17:26:01,1024.0,999.79636,621.84727,21.37024,100.0,1010.32799,9.0,-243.2973
2025-10-17 17:26:01,1027.72364,1005.38182,627.43273,21.37532,100.0,1010.36303,9.0,-246.11456
2025-10-17 17:26:02,1029.58545,1003.52,627.43273,21.37532,100.0,1010.3088,9.0,-245.08781
2025-10-17 17:26:02,1025.86182,999.79636,625.57091,21.37532,100.0,1010.33592,9.0,-245.73006
2025-10-17 17:26:03,1029.58545,1003.52,627.43273,21.36517,100.0,1010.29295,9.0,-244.83104
2025-10-17 17:26:03,1027.72364,999.79636,625.57091,21.37024,100.0,1010.32799,9.0,-245.09748
2025-10-17 17:26:04,1029.58545,1001.65818,629.29455,21.36517,100.0,1010.34719,9.0,-247.42943
2025-10-17 17:26:05,1029.58545,1003.52,631.15636,21.37024,100.0,1010.35511,9.0,-248.64191
2025-10-17 17:26:05,1029.58545,1001.65818,629.29455,21.36517,100.0,1010.34719,9.0,-247.42943
2025-10-17 17:26:06,1027.72364,1001.65818,629.29455,21.37024,100.0,1010.32799,9.0,-247.62507
2025-10-17 17:26:06,1027.72364,1001.65818,629.29455,21.37024,100.0,1010.32799,9.0,-247.62507
2025-10-17 17:26:07,1031.44727,1001.65818,634.88,21.37532,100.0,1010.36303,9.0,-251.39487
2025-10-17 17:26:07,1031.44727,997.93455,633.01818,21.36517,100.0,1010.26584,9.0,-248.94417
2025-10-17 17:26:08,1033.30909,1005.38182,634.88,21.37532,100.0,1010.3088,9.0,-249.34519
2025-10-17 17:26:09,1031.44727,1003.52,634.88,21.37532,100.0,1010.28168,9.0,-249.7638
2025-10-17 17:26:09,1033.30909,1005.38182,638.60364,21.37532,100.0,1010.3088,9.0,-252.15375
2025-10-17 17:26:10,1029.58545,1005.38182,638.60364,21.37532,100.0,1010.3088,9.0,-253.16215
2025-10-17 17:26:10,1033.30909,1001.65818,636.74182,21.37024,100.0,1010.32799,9.0,-251.72962
2025-10-17 17:26:11,1031.44727,1003.52,636.74182,21.38547,100.0,1010.32465,9.0,-251.86179
2025-10-17 17:26:11,1037.03273,1003.52,640.46545,21.37024,100.0,1010.27376,9.0,-252.33568
2025-10-17 17:26:12,1037.03273,1005.38182,640.46545,21.38547,100.0,1010.29753,9.0,-252.36943
2025-10-17 17:26:13,1033.30909,1003.52,640.46545,21.37532,100.0,1010.28168,9.0,-253.47245
2025-10-17 17:26:13,1035.17091,1005.38182,644.18909,21.38547,100.0,1010.35177,9.0,-256.55613
2025-10-17 17:26:14,1035.17091,1007.24364,646.05091,21.37024,100.0,1010.32799,9.0,-257.20192
2025-10-17 17:26:15,1037.03273,1005.38182,644.18909,21.37532,100.0,1010.36303,9.0,-256.23213
2025-10-17 17:26:15,1037.03273,999.79636,642.32727,21.38547,100.0,1010.35177,9.0,-255.60019
2025-10-17 17:26:16,1037.03273,1001.65818,644.18909,21.38547,100.0,1010.35177,9.0,-256.7235
2025-10-17 17:26:16,1035.17091,1001.65818,644.18909,21.37532,100.0,1010.3088,9.0,-256.53399
2025-10-17 17:26:17,1038.89455,1003.52,647.91273,21.38547,100.0,1010.32465,9.0,-258.2707
2025-10-17 17:26:17,1038.89455,1005.38182,649.77455,21.37532,100.0,1010.3088,9.0,-259.06687
2025-10-17 17:26:18,1037.03273,1003.52,647.91273,21.38547,100.0,1010.29753,9.0,-258.33794
2025-10-17 17:26:19,1040.75636,1001.65818,647.91273,21.3804,100.0,1010.34384,9.0,-258.3953
2025-10-17 17:26:19,1040.75636,1003.52,649.77455,21.37532,100.0,1010.36303,9.0,-259.78795
2025-10-17 17:26:20,1040.75636,1007.24364,653.49818,21.3804,100.0,1010.28961,9.0,-260.68931
2025-10-17 17:26:20,1040.75636,1003.52,651.63636,21.3804,100.0,1010.34384,9.0,-260.88366
2025-10-17 17:26:21,1040.75636,1007.24364,655.36,21.38547,100.0,1010.32465,9.0,-262.65893
2025-10-17 17:26:22,1040.75636,1003.52,651.63636,21.37532,100.0,1010.28168,9.0,-259.88137
2025-10-17 17:26:22,1042.61818,1007.24364,657.22182,21.38547,100.0,1010.35177,9.0,-263.99598
2025-10-17 17:26:23,1042.61818,1003.52,653.49818,21.3804,100.0,1010.31672,9.0,-261.34679
2025-10-17 17:26:23,1042.61818,1003.52,655.36,21.39563,100.0,1010.25914,9.0,-261.82527
2025-10-17 17:26:24,1042.61818,1003.52,655.36,21.3804,100.0,1010.28961,9.0,-262.31411
2025-10-17 17:26:24,1040.75636,1005.38182,657.22182,21.38547,100.0,1010.32465,9.0,-264.43656
2025-10-17 17:26:25,1044.48,1007.24364,659.08364,21.3804,100.0,1010.34384,9.0,-264.76769
2025-10-17 17:26:26,1044.48,1003.52,659.08364,21.38547,100.0,1010.35177,9.0,-265.62078
2025-10-17 17:26:26,1046.34182,1007.24364,660.94545,21.38547,100.0,1010.2433,9.0,-264.0483
2025-10-17 17:26:27,1046.34182,1005.38182,660.94545,21.39055,100.0,1010.30546,9.0,-265.42393
2025-10-17 17:26:27,1046.34182,1009.10545,666.53091,21.38547,100.0,1010.32465,9.0,-269.18593
2025-10-17 17:26:28,1048.20364,1003.52,662.80727,21.39055,100.0,1010.35969,9.0,-267.54933
2025-10-17 17:26:29,1046.34182,1005.38182,662.80727,21.38547,100.0,1010.32465,9.0,-267.13682
2025-10-17 17:26:29,1046.34182,1005.38182,664.66909,21.38547,100.0,1010.29753,9.0,-268.10414
2025-10-17 17:26:30,1050.06545,1009.10545,668.39273,21.38547,100.0,1010.29753,9.0,-269.14485
2025-10-17 17:26:31,1048.20364,1005.38182,664.66909,21.37532,100.0,1010.36303,9.0,-268.65407
2025-10-17 17:26:32,1050.06545,1009.10545,666.53091,21.3804,100.0,1010.28961,9.0,-267.61219
2025-10-17 17:26:32,1048.20364,1009.10545,670.25455,21.38547,100.0,1010.27041,9.0,-270.61637
2025-10-17 17:26:33,1050.06545,1009.10545,670.25455,21.38547,100.0,1010.35177,9.0,-271.42306
2025-10-17 17:26:33,1051.92727,1009.10545,672.11636,21.3804,100.0,1010.28961,9.0,-271.32085
2025-10-17 17:26:34,1051.92727,1009.10545,672.11636,21.38547,100.0,1010.2433,9.0,-270.57529
2025-10-17 17:26:35,1053.78909,1009.10545,672.11636,21.38547,100.0,1010.32465,9.0,-271.38199
2025-10-17 17:26:35,1051.92727,1009.10545,673.97818,21.3804,100.0,1010.28961,9.0,-272.72513
2025-10-17 17:26:36,1050.06545,1007.24364,670.25455,21.38547,100.0,1010.32465,9.0,-271.37222
2025-10-17 17:26:36,1053.78909,1010.96727,675.84,21.3804,100.0,1010.28961,9.0,-273.23552
2025-10-17 17:26:37,1053.78909,1009.10545,673.97818,21.3804,100.0,1010.31672,9.0,-272.6579
2025-10-17 17:26:37,1051.92727,1009.10545,677.70182,21.39055,100.0,1010.33257,9.0,-276.22741
2025-10-17 17:26:38,1055.65091,1010.96727,677.70182,21.39055,100.0,1010.27834,9.0,-273.95537
2025-10-17 17:26:39,1053.78909,1009.10545,675.84,21.38547,100.0,1010.2433,9.0,-272.87966
2025-10-17 17:26:39,1053.78909,1007.24364,677.70182,21.39055,100.0,1010.27834,9.0,-275.23539
2025-10-17 17:26:40,1057.51273,1012.82909,683.28727,21.39563,100.0,1010.3405,9.0,-278.28224
2025-10-17 17:26:41,1057.51273,1010.96727,681.42545,21.38547,100.0,1010.29753,9.0,-276.56835
2025-10-17 17:26:41,1057.51273,1007.24364,677.70182,21.38547,100.0,1010.29753,9.0,-274.5356
2025-10-17 17:26:42,1057.51273,1009.10545,683.28727,21.38547,100.0,1010.27041,9.0,-277.92537
2025-10-17 17:26:42,1055.65091,1009.10545,679.56364,21.39563,100.0,1010.28626,9.0,-275.87772
2025-10-17 17:26:43,1057.51273,1009.10545,683.28727,21.3804,100.0,1010.26249,9.0,-277.797
2025-10-17 17:26:44,1059.37455,1010.96727,687.01091,21.3804,100.0,1010.28961,9.0,-280.14863
2025-10-17 17:26:44,1057.51273,1009.10545,683.28727,21.37024,100.0,1010.27376,9.0,-277.97721
2025-10-17 17:26:45,1059.37455,1007.24364,683.28727,21.4007,100.0,1010.3213,9.0,-278.62934
2025-10-17 17:26:45,1059.37455,1007.24364,683.28727,21.38547,100.0,1010.29753,9.0,-278.24425
2025-10-17 17:26:46,1059.37455,1010.96727,687.01091,21.39055,100.0,1010.30546,9.0,-280.40537
2025-10-17 17:26:47,1057.51273,1005.38182,683.28727,21.39563,100.0,1010.31338,9.0,-279.37852
2025-10-17 17:26:47,1061.23636,1009.10545,687.01091,21.4007,100.0,1010.3213,9.0,-280.54759
2025-10-17 17:26:48,1059.37455,1007.24364,685.14909,21.39055,100.0,1010.33257,9.0,-280.21387
2025-10-17 17:26:49,1059.37455,1010.96727,688.87273,21.3804,100.0,1010.26249,9.0,-281.11596
2025-10-17 17:26:49,1059.37455,1010.96727,690.73455,21.3804,100.0,1010.31672,9.0,-283.39416
2025-10-17 17:26:50,1061.23636,1009.10545,685.14909,21.38547,100.0,1010.32465,9.0,-279.19518
2025-10-17 17:26:50,1061.23636,1009.10545,688.87273,21.38547,100.0,1010.29753,9.0,-281.56679
2025-10-17 17:26:51,1061.23636,1009.10545,688.87273,21.39563,100.0,1010.31338,9.0,-281.82352
2025-10-17 17:26:51,1063.09818,1010.96727,692.59636,21.38547,100.0,1010.29753,9.0,-283.48146
2025-10-17 17:26:52,1063.09818,1009.10545,690.73455,21.39055,100.0,1010.27834,9.0,-282.15827
2025-10-17 17:26:53,1064.96,1010.96727,696.32,21.3804,100.0,1010.28961,9.0,-285.65746
2025-10-17 17:26:53,1063.09818,1007.24364,692.59636,21.39563,100.0,1010.31338,9.0,-284.514
2025-10-17 17:26:54,1064.96,1010.96727,694.45818,21.39563,100.0,1010.3405,9.0,-285.07524
2025-10-17 17:26:54,1066.82182,1014.69091,694.45818,21.38547,100.0,1010.29753,9.0,-283.12398
2025-10-17 17:26:55,1063.09818,1009.10545,692.59636,21.38547,100.0,1010.29753,9.0,-283.87116
2025-10-17 17:26:56,1063.09818,1010.96727,694.45818,21.39563,100.0,1010.3405,9.0,-285.57944
2025-10-17 17:26:56,1064.96,1012.82909,698.18182,21.39055,100.0,1010.27834,9.0,-286.49742
2025-10-17 17:26:57,1066.82182,1010.96727,698.18182,21.39055,100.0,1010.41392,9.0,-288.56216
2025-10-17 17:26:57,1066.82182,1010.96727,696.32,21.39563,100.0,1010.3405,9.0,-285.97533
2025-10-17 17:26:58,1066.82182,1012.82909,700.04364,21.39563,100.0,1010.36761,9.0,-288.83678
2025-10-17 17:26:59,1068.68364,1014.69091,700.04364,21.39055,100.0,1010.35969,9.0,-287.83493
2025-10-17 17:26:59,1068.68364,1016.55273,700.04364,21.39563,100.0,1010.42185,9.0,-288.49196
2025-10-17 17:27:00,1068.68364,1010.96727,698.18182,21.4007,100.0,1010.3213,9.0,-286.5668
2025-10-17 17:27:00,1070.54545,1012.82909,700.04364,21.39055,100.0,1010.35969,9.0,-287.70002
2025-10-17 17:27:01,1068.68364,1010.96727,700.04364,21.38547,100.0,1010.2433,9.0,-286.71207
2025-10-17 17:27:01,1070.54545,1012.82909,705.62909,21.39055,100.0,1010.33257,9.0,-291.4759
2025-10-17 17:27:02,1070.54545,1014.69091,705.62909,21.39563,100.0,1010.3405,9.0,-291.23498
2025-10-17 17:27:03,1070.54545,1010.96727,701.90545,21.39563,100.0,1010.31338,9.0,-288.74282
2025-10-17 17:27:03,1070.54545,1012.82909,701.90545,21.39055,100.0,1010.30546,9.0,-288.23037
2025-10-17 17:27:04,1070.54545,1010.96727,703.76727,21.39055,100.0,1010.27834,9.0,-289.58177
2025-10-17 17:27:04,1070.54545,1014.69091,705.62909,21.39563,100.0,1010.31338,9.0,-290.79801
2025-10-17 17:27:05,1072.40727,1010.96727,705.62909,21.39055,100.0,1010.33257,9.0,-291.35579
2025-10-17 17:27:06,1072.40727,1014.69091,707.49091,21.39055,100.0,1010.30546,9.0,-291.56974
2025-10-17 17:27:06,1070.54545,1012.82909,705.62909,21.4007,100.0,1010.37554,9.0,-292.1696
2025-10-17 17:27:07,1072.40727,1014.69091,709.35273,21.39563,100.0,1010.36761,9.0,-293.97633
2025-10-17 17:27:07,1072.40727,1014.69091,707.49091,21.39055,100.0,1010.33257,9.0,-292.00671
2025-10-17 17:27:08,1072.40727,1012.82909,707.49091,21.38547,100.0,1010.29753,9.0,-291.81065
2025-10-17 17:27:08,1072.40727,1012.82909,707.49091,21.39055,100.0,1010.30546,9.0,-291.93902
2025-10-17 17:27:09,1074.26909,1012.82909,707.49091,21.39055,100.0,1010.30546,9.0,-291.43482
2025-10-17 17:27:09,1076.13091,1016.55273,713.07636,21.38547,100.0,1010.29753,9.0,-294.30055
2025-10-17 17:27:10,1076.13091,1016.55273,713.07636,21.39055,100.0,1010.35969,9.0,-295.30285
2025-10-17 17:27:11,1074.26909,1016.55273,711.21455,21.39563,100.0,1010.31338,9.0,-293.65719
2025-10-17 17:27:11,1074.26909,1014.69091,711.21455,21.4007,100.0,1010.3213,9.0,-294.13083
2025-10-17 17:27:12,1077.99273,1016.55273,714.93818,21.39055,100.0,1010.25122,9.0,-294.45506
2025-10-17 17:27:13,1077.99273,1016.55273,714.93818,21.39055,100.0,1010.25122,9.0,-294.45506
2025-10-17 17:27:13,1076.13091,1012.82909,711.21455,21.40578,100.0,1010.32923,9.0,-294.12427
2025-10-17 17:27:14,1076.13091,1016.55273,713.07636,21.39563,100.0,1010.31338,9.0,-294.55727
2025-10-17 17:27:14,1076.13091,1016.55273,716.8,21.39563,100.0,1010.28626,9.0,-296.92887
2025-10-17 17:27:15,1077.99273,1014.69091,716.8,21.38547,100.0,1010.27041,9.0,-296.51324
2025-10-17 17:27:16,1079.85455,1018.41455,714.93818,21.39563,100.0,1010.28626,9.0,-294.2041
2025-10-17 17:27:16,1076.13091,1014.69091,716.8,21.39563,100.0,1010.28626,9.0,-297.27415
2025-10-17 17:27:17,1077.99273,1014.69091,716.8,21.40578,100.0,1010.30211,9.0,-297.02666
2025-10-17 17:27:17,1079.85455,1016.55273,722.38545,21.39055,100.0,1010.25122,9.0,-299.568
2025-10-17 17:27:18,1079.85455,1012.82909,718.66182,21.4007,100.0,1010.34842,9.0,-299.04163
2025-10-17 17:27:19,1079.85455,1016.55273,720.52364,21.39563,100.0,1010.3405,9.0,-299.60299
2025-10-17 17:27:19,1079.85455,1014.69091,718.66182,21.39055,100.0,1010.30546,9.0,-297.97865
2025-10-17 17:27:20,1079.85455,1016.55273,720.52364,21.4007,100.0,1010.34842,9.0,-299.73135
2025-10-17 17:27:20,1079.85455,1016.55273,718.66182,21.40578,100.0,1010.32923,9.0,-298.01844
2025-10-17 17:27:21,1079.85455,1014.69091,718.66182,21.40578,100.0,1010.35634,9.0,-298.8007
2025-10-17 17:27:21,1081.71636,1014.69091,720.52364,21.40578,100.0,1010.35634,9.0,-299.70079
2025-10-17 17:27:22,1081.71636,1014.69091,718.66182,21.39055,100.0,1010.27834,9.0,-297.03749
2025-10-17 17:27:22,1081.71636,1018.41455,726.10909,21.4007,100.0,1010.26707,9.0,-301.81699
2025-10-17 17:27:23,1079.85455,1014.69091,722.38545,21.4007,100.0,1010.29419,9.0,-300.60696
2025-10-17 17:27:24,1079.85455,1016.55273,724.24727,21.38547,100.0,1010.18906,9.0,-299.97
2025-10-17 17:27:24,1083.57818,1016.55273,722.38545,21.39563,100.0,1010.28626,9.0,-299.12493
2025-10-17 17:27:25,1083.57818,1016.55273,726.10909,21.4007,100.0,1010.3213,9.0,-302.49883
2025-10-17 17:27:26,1085.44,1018.41455,726.10909,21.4007,100.0,1010.3213,9.0,-301.68254
2025-10-17 17:27:26,1083.57818,1014.69091,726.10909,21.39563,100.0,1010.3405,9.0,-303.15273
2025-10-17 17:27:27,1085.44,1016.55273,726.10909,21.4007,100.0,1010.3213,9.0,-301.99463
2025-10-17 17:27:27,1085.44,1018.41455,727.97091,21.40578,100.0,1010.32923,9.0,-303.21518
2025-10-17 17:27:28,1087.30182,1020.27636,729.83273,21.4007,100.0,1010.3213,9.0,-303.71721
2025-10-17 17:27:29,1085.44,1016.55273,726.10909,21.4007,100.0,1010.3213,9.0,-301.99463
2025-10-17 17:27:29,1087.30182,1020.27636,731.69455,21.40578,100.0,1010.35634,9.0,-305.68683
2025-10-17 17:27:30,1087.30182,1016.55273,727.97091,21.40578,100.0,1010.32923,9.0,-303.02307
2025-10-17 17:27:30,1089.16364,1022.13818,735.41818,21.39563,100.0,1010.28626,9.0,-306.64242
2025-10-17 17:27:31,1087.30182,1016.55273,727.97091,21.40578,100.0,1010.32923,9.0,-303.02307
2025-10-17 17:27:32,1091.02545,1020.27636,731.69455,21.40578,100.0,1010.38346,9.0,-305.11541
2025-10-17 17:27:32,1087.30182,1014.69091,727.97091,21.39563,100.0,1010.28626,9.0,-302.67467
2025-10-17 17:27:33,1089.16364,1020.27636,731.69455,21.41086,100.0,1010.36427,9.0,-305.31098
2025-10-17 17:27:33,1087.30182,1018.41455,731.69455,21.40578,100.0,1010.32923,9.0,-305.51955
2025-10-17 17:27:34,1089.16364,1016.55273,729.83273,21.39563,100.0,1010.31338,9.0,-303.66644
2025-10-17 17:27:34,1089.16364,1018.41455,731.69455,21.4007,100.0,1010.29419,9.0,-304.45002
2025-10-17 17:27:35,1091.02545,1018.41455,729.83273,21.4007,100.0,1010.3213,9.0,-302.97851
2025-10-17 17:27:35,1091.02545,1022.13818,737.28,21.39563,100.0,1010.31338,9.0,-307.97947
2025-10-17 17:27:36,1091.02545,1016.55273,733.55636,21.41086,100.0,1010.33715,9.0,-306.35588
2025-10-17 17:27:37,1092.88727,1018.41455,735.41818,21.4007,100.0,1010.3213,9.0,-306.68717
2025-10-17 17:27:37,1091.02545,1018.41455,735.41818,21.39563,100.0,1010.31338,9.0,-307.06301
2025-10-17 17:27:38,1094.74909,1020.27636,735.41818,21.40578,100.0,1010.35634,9.0,-306.4786
2025-10-17 17:27:38,1094.74909,1020.27636,737.28,21.40578,100.0,1010.27499,9.0,-306.57195
2025-10-17 17:27:39,1091.02545,1018.41455,735.41818,21.40578,100.0,1010.32923,9.0,-307.31972
2025-10-17 17:27:40,1092.88727,1016.55273,737.28,21.40578,100.0,1010.32923,9.0,-308.5319
2025-10-17 17:27:40,1094.74909,1018.41455,737.28,21.40578,100.0,1010.32923,9.0,-307.71561
2025-10-17 17:27:41,1094.74909,1022.13818,741.00364,21.40578,100.0,1010.30211,9.0,-309.59938
2025-10-17 17:27:41,1092.88727,1018.41455,735.41818,21.40578,100.0,1010.32923,9.0,-306.81552
2025-10-17 17:27:43,1096.61091,1020.27636,741.00364,21.4007,100.0,1010.3213,9.0,-309.62192
2025-10-17 17:27:43,1094.74909,1020.27636,742.86545,21.41593,100.0,1010.29084,9.0,-311.04149
2025-10-17 17:27:44,1092.88727,1020.27636,739.14182,21.41086,100.0,1010.2558,9.0,-308.1718
2025-10-17 17:27:44,1096.61091,1020.27636,741.00364,21.41593,100.0,1010.34507,9.0,-310.00698
2025-10-17 17:27:45,1096.61091,1018.41455,741.00364,21.41086,100.0,1010.33715,9.0,-310.14833
2025-10-17 17:27:46,1098.47273,1022.13818,744.72727,21.4007,100.0,1010.29419,9.0,-311.2712
2025-10-17 17:27:46,1096.61091,1018.41455,741.00364,21.41593,100.0,1010.37219,9.0,-310.71367
2025-10-17 17:27:47,1094.74909,1018.41455,739.14182,21.41593,100.0,1010.31796,9.0,-308.93961
2025-10-17 17:27:47,1096.61091,1020.27636,741.00364,21.41593,100.0,1010.34507,9.0,-310.00698
2025-10-17 17:27:48,1096.61091,1018.41455,741.00364,21.40578,100.0,1010.27499,9.0,-309.14602
2025-10-17 17:27:48,1098.47273,1020.27636,744.72727,21.41086,100.0,1010.33715,9.0,-312.183
2025-10-17 17:27:49,1098.47273,1020.27636,742.86545,21.41086,100.0,1010.36427,9.0,-311.2157
2025-10-17 17:27:50,1098.47273,1022.13818,746.58909,21.40578,100.0,1010.27499,9.0,-312.36686
2025-10-17 17:27:50,1098.47273,1018.41455,742.86545,21.41086,100.0,1010.31003,9.0,-310.61144
2025-10-17 17:27:51,1102.19636,1022.13818,746.58909,21.41086,100.0,1010.31003,9.0,-311.92379
2025-10-17 17:27:51,1098.47273,1022.13818,746.58909,21.41086,100.0,1010.28291,9.0,-312.4952
2025-10-17 17:27:52,1100.33455,1020.27636,744.72727,21.42609,100.0,1010.36092,9.0,-312.06384
2025-10-17 17:27:53,1098.47273,1020.27636,746.58909,21.42609,100.0,1010.3338,9.0,-313.53533
2025-10-17 17:27:53,1098.47273,1022.13818,746.58909,21.40578,100.0,1010.35634,9.0,-313.67779
2025-10-17 17:27:54,1102.19636,1024.0,750.31273,21.42609,100.0,1010.27957,9.0,-314.08605
2025-10-17 17:27:54,1100.33455,1020.27636,746.58909,21.42101,100.0,1010.353,9.0,-313.33978
2025-10-17 17:27:55,1100.33455,1020.27636,748.45091,21.42101,100.0,1010.29876,9.0,-313.87009
2025-10-17 17:27:56,1102.19636,1020.27636,748.45091,21.42609,100.0,1010.30668,9.0,-313.49423
2025-10-17 17:27:56,1104.05818,1025.86182,752.17455,21.41593,100.0,1010.31796,9.0,-315.51607
2025-10-17 17:27:57,1102.19636,1020.27636,748.45091,21.42101,100.0,1010.29876,9.0,-313.36589
2025-10-17 17:27:57,1104.05818,1022.13818,748.45091,21.42101,100.0,1010.353,9.0,-313.51755
2025-10-17 17:27:58,1102.19636,1018.41455,748.45091,21.41593,100.0,1010.29084,9.0,-313.50725
2025-10-17 17:27:58,1104.05818,1024.0,752.17455,21.41593,100.0,1010.34507,9.0,-316.04043
2025-10-17 17:27:59,1102.19636,1022.13818,752.17455,21.41593,100.0,1010.29084,9.0,-315.828
2025-10-17 17:28:00,1102.19636,1022.13818,750.31273,21.42101,100.0,1010.32588,9.0,-314.98904
2025-10-17 17:28:00,1104.05818,1018.41455,748.45091,21.42609,100.0,1010.3338,9.0,-313.69672
2025-10-17 17:28:01,1104.05818,1022.13818,750.31273,21.41593,100.0,1010.31796,9.0,-314.3565
2025-10-17 17:28:01,1105.92,1022.13818,754.03636,21.42609,100.0,1010.27957,9.0,-316.04357
2025-10-17 17:28:02,1104.05818,1022.13818,752.17455,21.42101,100.0,1010.29876,9.0,-315.45214
2025-10-17 17:28:03,1105.92,1024.0,755.89818,21.41593,100.0,1010.34507,9.0,-318.3448
2025-10-17 17:28:03,1105.92,1022.13818,752.17455,21.43116,100.0,1010.28749,9.0,-314.76762
2025-10-17 17:28:04,1105.92,1024.0,759.62182,21.42101,100.0,1010.29876,9.0,-320.40774
2025-10-17 17:28:04,1107.78182,1022.13818,757.76,21.42609,100.0,1010.3338,9.0,-319.22193
2025-10-17 17:28:05,1107.78182,1020.27636,755.89818,21.42101,100.0,1010.29876,9.0,-317.47043
2025-10-17 17:28:06,1107.78182,1020.27636,754.03636,21.43116,100.0,1010.36885,9.0,-317.19681
2025-10-17 17:28:06,1109.64364,1024.0,757.76,21.42609,100.0,1010.30668,9.0,-318.12339
2025-10-17 17:28:07,1107.78182,1022.13818,757.76,21.42609,100.0,1010.30668,9.0,-318.78493
2025-10-17 17:28:07,1105.92,1020.27636,754.03636,21.42101,100.0,1010.29876,9.0,-316.57035
2025-10-17 17:28:08,1109.64364,1025.86182,761.48364,21.42101,100.0,1010.29876,9.0,-320.71625
2025-10-17 17:28:09,1109.64364,1024.0,761.48364,21.41593,100.0,1010.29084,9.0,-320.67529
2025-10-17 17:28:09,1109.64364,1025.86182,763.34545,21.42609,100.0,1010.30668,9.0,-322.24887
2025-10-17 17:28:10,1107.78182,1022.13818,755.89818,21.42101,100.0,1010.32588,9.0,-317.6893
2025-10-17 17:28:10,1109.64364,1024.0,761.48364,21.41593,100.0,1010.29084,9.0,-320.67529
2025-10-17 17:28:11,1109.64364,1020.27636,757.76,21.42101,100.0,1010.353,9.0,-319.2445
2025-10-17 17:28:11,1111.50545,1024.0,761.48364,21.42609,100.0,1010.25245,9.0,-319.55378
2025-10-17 17:28:12,1109.64364,1020.27636,757.76,21.40578,100.0,1010.22076,9.0,-317.11154
2025-10-17 17:28:13,1107.78182,1022.13818,759.62182,21.42609,100.0,1010.30668,9.0,-320.18922
2025-10-17 17:28:13,1111.50545,1020.27636,759.62182,21.42609,100.0,1010.30668,9.0,-319.39894
2025-10-17 17:28:14,1111.50545,1024.0,761.48364,21.42609,100.0,1010.27957,9.0,-319.99077
2025-10-17 17:28:14,1113.36727,1024.0,763.34545,21.42609,100.0,1010.36092,9.0,-322.20183
2025-10-17 17:28:15,1115.22909,1024.0,761.48364,21.42101,100.0,1010.29876,9.0,-319.29103
2025-10-17 17:28:16,1113.36727,1022.13818,763.34545,21.42101,100.0,1010.27164,9.0,-320.91987
2025-10-17 17:28:16,1109.64364,1020.27636,761.48364,21.42101,100.0,1010.32588,9.0,-321.61608
2025-10-17 17:28:17,1111.50545,1025.86182,763.34545,21.41593,100.0,1010.29084,9.0,-321.488
2025-10-17 17:28:17,1111.50545,1024.0,763.34545,21.42101,100.0,1010.29876,9.0,-321.70371
2025-10-17 17:28:18,1113.36727,1022.13818,763.34545,21.43116,100.0,1010.31461,9.0,-321.61353
2025-10-17 17:28:18,1113.36727,1022.13818,761.48364,21.42101,100.0,1010.27164,9.0,-319.51558
2025-10-17 17:28:19,1115.22909,1022.13818,761.48364,21.42609,100.0,1010.30668,9.0,-319.57671
2025-10-17 17:28:19,1115.22909,1024.0,767.06909,21.41086,100.0,1010.22868,9.0,-322.37324
2025-10-17 17:28:20,1115.22909,1022.13818,763.34545,21.41593,100.0,1010.34507,9.0,-321.59829
2025-10-17 17:28:21,1115.22909,1024.0,765.20727,21.42101,100.0,1010.29876,9.0,-322.0996
2025-10-17 17:28:21,1117.09091,1022.13818,765.20727,21.42609,100.0,1010.3338,9.0,-322.31807
2025-10-17 17:28:22,1118.95273,1025.86182,770.79273,21.41086,100.0,1010.28291,9.0,-324.96
2025-10-17 17:28:23,1113.36727,1022.13818,765.20727,21.42101,100.0,1010.29876,9.0,-322.76114
2025-10-17 17:28:23,1117.09091,1022.13818,765.20727,21.42609,100.0,1010.38804,9.0,-323.19206
2025-10-17 17:28:24,1117.09091,1024.0,765.20727,21.42609,100.0,1010.30668,9.0,-321.72374
2025-10-17 17:28:24,1117.09091,1022.13818,765.20727,21.43116,100.0,1010.36885,9.0,-322.88341
2025-10-17 17:28:25,1115.22909,1025.86182,770.79273,21.42101,100.0,1010.29876,9.0,-326.22508
2025-10-17 17:28:25,1115.22909,1022.13818,767.06909,21.42609,100.0,1010.36092,9.0,-324.66355
2025-10-17 17:28:26,1117.09091,1022.13818,765.20727,21.42101,100.0,1010.32588,9.0,-322.18973
2025-10-17 17:28:27,1118.95273,1024.0,768.93091,21.41593,100.0,1010.29084,9.0,-323.77143
2025-10-17 17:28:27,1120.81455,1027.72364,776.37818,21.42609,100.0,1010.27957,9.0,-328.60847
2025-10-17 17:28:28,1118.95273,1024.0,768.93091,21.42101,100.0,1010.27164,9.0,-323.46278
2025-10-17 17:28:28,1120.81455,1025.86182,770.79273,21.44132,100.0,1010.2491,9.0,-323.91481
2025-10-17 17:28:29,1118.95273,1024.0,768.93091,21.42101,100.0,1010.27164,9.0,-323.46278
2025-10-17 17:28:30,1120.81455,1025.86182,772.65455,21.42609,100.0,1010.3338,9.0,-326.6821
2025-10-17 17:28:30,1120.81455,1024.0,772.65455,21.42609,100.0,1010.36092,9.0,-327.20646
2025-10-17 17:28:31,1120.81455,1024.0,770.79273,21.42101,100.0,1010.29876,9.0,-324.79986
2025-10-17 17:28:31,1120.81455,1024.0,770.79273,21.42609,100.0,1010.22533,9.0,-323.61722
2025-10-17 17:28:32,1120.81455,1025.86182,770.79273,21.42609,100.0,1010.27957,9.0,-324.40383
2025-10-17 17:28:33,1122.67636,1027.72364,774.51636,21.42609,100.0,1010.27957,9.0,-326.69999
2025-10-17 17:28:33,1122.67636,1024.0,772.65455,21.42609,100.0,1010.27957,9.0,-325.39129
2025-10-17 17:28:34,1122.67636,1022.13818,772.65455,21.42609,100.0,1010.27957,9.0,-325.54863
2025-10-17 17:28:35,1120.81455,1024.0,776.37818,21.42101,100.0,1010.29876,9.0,-329.01271
2025-10-17 17:28:35,1124.53818,1027.72364,778.24,21.43116,100.0,1010.36885,9.0,-330.44368
2025-10-17 17:28:36,1120.81455,1025.86182,774.51636,21.42609,100.0,1010.36092,9.0,-328.52337
2025-10-17 17:28:36,1122.67636,1024.0,772.65455,21.42609,100.0,1010.30668,9.0,-325.82828
2025-10-17 17:28:37,1122.67636,1022.13818,774.51636,21.42101,100.0,1010.27164,9.0,-326.82458
2025-10-17 17:28:38,1118.95273,1027.72364,778.24,21.42101,100.0,1010.29876,9.0,-330.82561
2025-10-17 17:28:38,1122.67636,1024.0,774.51636,21.43116,100.0,1010.26037,9.0,-326.48691
2025-10-17 17:28:39,1124.53818,1024.0,776.37818,21.43116,100.0,1010.26037,9.0,-327.38699
2025-10-17 17:28:39,1122.67636,1025.86182,776.37818,21.42609,100.0,1010.27957,9.0,-328.11248
2025-10-17 17:28:40,1126.4,1027.72364,780.10182,21.41593,100.0,1010.2366,9.0,-329.21079
2025-10-17 17:28:40,1126.4,1024.0,776.37818,21.42101,100.0,1010.27164,9.0,-327.06313
2025-10-17 17:28:41,1126.4,1025.86182,778.24,21.42609,100.0,1010.36092,9.0,-329.81935
2025-10-17 17:28:42,1126.4,1025.86182,776.37818,21.42609,100.0,1010.30668,9.0,-327.54108
2025-10-17 17:28:42,1126.4,1022.13818,776.37818,21.42609,100.0,1010.27957,9.0,-327.3488
2025-10-17 17:28:43,1126.4,1027.72364,780.10182,21.43624,100.0,1010.26829,9.0,-329.7241
2025-10-17 17:28:44,1128.26182,1024.0,778.24,21.43116,100.0,1010.26037,9.0,-327.78288
2025-10-17 17:28:44,1126.4,1022.13818,776.37818,21.42609,100.0,1010.27957,9.0,-327.3488
2025-10-17 17:28:45,1124.53818,1025.86182,776.37818,21.43624,100.0,1010.34965,9.0,-328.73894
2025-10-17 17:28:45,1128.26182,1025.86182,780.10182,21.42609,100.0,1010.27957,9.0,-329.40846
2025-10-17 17:28:46,1126.4,1024.0,778.24,21.42101,100.0,1010.353,9.0,-329.77838
2025-10-17 17:28:46,1128.26182,1024.0,780.10182,21.42609,100.0,1010.25245,9.0,-329.05884
2025-10-17 17:28:47,1128.26182,1024.0,780.10182,21.43116,100.0,1010.26037,9.0,-329.18716
2025-10-17 17:28:48,1128.26182,1025.86182,781.96364,21.42609,100.0,1010.36092,9.0,-332.12372
2025-10-17 17:28:48,1130.12364,1027.72364,780.10182,21.44132,100.0,1010.35757,9.0,-330.15504
2025-10-17 17:28:49,1128.26182,1022.13818,778.24,21.43116,100.0,1010.28749,9.0,-328.37722
2025-10-17 17:28:50,1126.4,1024.0,780.10182,21.42101,100.0,1010.24452,9.0,-329.43471
2025-10-17 17:28:50,1128.26182,1025.86182,780.10182,21.43116,100.0,1010.31461,9.0,-329.97378
2025-10-17 17:28:51,1131.98545,1027.72364,783.82545,21.43116,100.0,1010.31461,9.0,-331.76574
2025-10-17 17:28:51,1130.12364,1024.0,780.10182,21.43624,100.0,1010.32253,9.0,-329.68529
2025-10-17 17:28:52,1130.12364,1024.0,781.96364,21.42101,100.0,1010.32588,9.0,-331.14156
2025-10-17 17:28:52,1131.98545,1025.86182,780.10182,21.42609,100.0,1010.25245,9.0,-327.96307
2025-10-17 17:28:53,1131.98545,1027.72364,787.54909,21.43624,100.0,1010.29541,9.0,-334.26565
2025-10-17 17:28:55,1131.98545,1024.0,783.82545,21.43624,100.0,1010.34965,9.0,-332.42666
2025-10-17 17:28:55,1133.84727,1025.86182,783.82545,21.43116,100.0,1010.34173,9.0,-331.70675
2025-10-17 17:28:56,1131.98545,1027.72364,785.68727,21.44132,100.0,1010.33045,9.0,-333.42669
2025-10-17 17:28:56,1131.98545,1025.86182,783.82545,21.42609,100.0,1010.27957,9.0,-331.20863
2025-10-17 17:28:57,1131.98545,1024.0,781.96364,21.43624,100.0,1010.34965,9.0,-331.02238
2025-10-17 17:28:57,1130.12364,1027.72364,783.82545,21.44132,100.0,1010.2491,9.0,-331.2156
2025-10-17 17:28:58,1133.84727,1027.72364,787.54909,21.44639,100.0,1010.25702,9.0,-333.14409
2025-10-17 17:28:59,1133.84727,1029.58545,787.54909,21.43116,100.0,1010.28749,9.0,-333.70987
2025-10-17 17:28:59,1133.84727,1025.86182,785.68727,21.43624,100.0,1010.29541,9.0,-332.36537
2025-10-17 17:29:00,1135.70909,1029.58545,787.54909,21.44639,100.0,1010.25702,9.0,-332.71664
2025-10-17 17:29:01,1133.84727,1027.72364,787.54909,21.44132,100.0,1010.30334,9.0,-333.88977
2025-10-17 17:29:01,1135.70909,1029.58545,789.41091,21.44132,100.0,1010.35757,9.0,-335.74062
2025-10-17 17:29:02,1135.70909,1027.72364,785.68727,21.43624,100.0,1010.29541,9.0,-331.85296
2025-10-17 17:29:02,1135.70909,1025.86182,787.54909,21.43624,100.0,1010.26829,9.0,-332.82846
2025-10-17 17:29:03,1137.57091,1029.58545,789.41091,21.44132,100.0,1010.30334,9.0,-334.36241
2025-10-17 17:29:04,1135.70909,1027.72364,789.41091,21.43624,100.0,1010.26829,9.0,-334.22453
2025-10-17 17:29:04,1135.70909,1025.86182,785.68727,21.43624,100.0,1010.29541,9.0,-331.86117
2025-10-17 17:29:05,1137.57091,1029.58545,791.27273,21.43624,100.0,1010.29541,9.0,-335.63837
2025-10-17 17:29:05,1137.57091,1025.86182,789.41091,21.43624,100.0,1010.29541,9.0,-334.16555
2025-10-17 17:29:06,1139.43273,1029.58545,791.27273,21.43624,100.0,1010.29541,9.0,-335.13417
2025-10-17 17:29:06,1137.57091,1031.44727,791.27273,21.44132,100.0,1010.35757,9.0,-336.79495
2025-10-17 17:29:07,1137.57091,1027.72364,789.41091,21.44639,100.0,1010.33838,9.0,-334.85099
2025-10-17 17:29:08,1135.70909,1027.72364,789.41091,21.44132,100.0,1010.33045,9.0,-335.22686
2025-10-17 17:29:08,1137.57091,1027.72364,789.41091,21.43624,100.0,1010.29541,9.0,-334.15734
2025-10-17 17:29:09,1139.43273,1029.58545,791.27273,21.44639,100.0,1010.33838,9.0,-335.82783
2025-10-17 17:29:10,1137.57091,1027.72364,789.41091,21.43116,100.0,1010.28749,9.0,-334.02901
2025-10-17 17:29:10,1137.57091,1025.86182,789.41091,21.43624,100.0,1010.26829,9.0,-333.72855
2025-10-17 17:29:11,1139.43273,1025.86182,789.41091,21.43624,100.0,1010.32253,9.0,-334.09835
2025-10-17 17:29:11,1141.29455,1031.44727,793.13455,21.43116,100.0,1010.31461,9.0,-336.49717
2025-10-17 17:29:12,1141.29455,1031.44727,793.13455,21.42609,100.0,1010.30668,9.0,-336.36884
2025-10-17 17:29:12,1139.43273,1029.58545,793.13455,21.43116,100.0,1010.26037,9.0,-335.97313
2025-10-17 17:29:13,1139.43273,1027.72364,793.13455,21.42609,100.0,1010.30668,9.0,-336.64204
2025-10-17 17:29:14,1141.29455,1029.58545,794.99636,21.43624,100.0,1010.26829,9.0,-337.00154
2025-10-17 17:29:14,1141.29455,1027.72364,791.27273,21.44132,100.0,1010.33045,9.0,-335.11855
2025-10-17 17:29:15,1141.29455,1027.72364,791.27273,21.44132,100.0,1010.30334,9.0,-334.68155
2025-10-17 17:29:16,1141.29455,1027.72364,791.27273,21.43624,100.0,1010.32253,9.0,-334.99022
2025-10-17 17:29:16,1143.15636,1027.72364,794.99636,21.43624,100.0,1010.29541,9.0,-336.85759
2025-10-17 17:29:17,1143.15636,1029.58545,794.99636,21.44132,100.0,1010.35757,9.0,-337.93668
2025-10-17 17:29:17,1143.15636,1027.72364,794.99636,21.43624,100.0,1010.32253,9.0,-337.29459
2025-10-17 17:29:18,1141.29455,1025.86182,793.13455,21.43116,100.0,1010.28749,9.0,-335.83739
2025-10-17 17:29:18,1145.01818,1029.58545,796.85818,21.43624,100.0,1010.32253,9.0,-338.27143
2025-10-17 17:29:19,1145.01818,1029.58545,798.72,21.44132,100.0,1010.33045,9.0,-339.80404
2025-10-17 17:29:20,1143.15636,1025.86182,794.99636,21.44639,100.0,1010.33838,9.0,-337.55946
2025-10-17 17:29:20,1145.01818,1031.44727,798.72,21.44639,100.0,1010.28414,9.0,-339.21261
2025-10-17 17:29:21,1141.29455,1025.86182,794.99636,21.43624,100.0,1010.24117,9.0,-336.496
2025-10-17 17:29:21,1146.88,1027.72364,796.85818,21.43624,100.0,1010.26829,9.0,-336.81648
2025-10-17 17:29:22,1145.01818,1027.72364,794.99636,21.44132,100.0,1010.30334,9.0,-336.48172
2025-10-17 17:29:22,1145.01818,1027.72364,794.99636,21.43624,100.0,1010.26829,9.0,-335.9164
2025-10-17 17:29:23,1145.01818,1025.86182,796.85818,21.44132,100.0,1010.33045,9.0,-338.33122
2025-10-17 17:29:24,1143.15636,1024.0,798.72,21.44132,100.0,1010.27622,9.0,-339.45307
2025-10-17 17:29:24,1146.88,1031.44727,802.44364,21.44639,100.0,1010.28414,9.0,-341.51698
2025-10-17 17:29:25,1145.01818,1029.58545,796.85818,21.44132,100.0,1010.33045,9.0,-338.39976
2025-10-17 17:29:25,1146.88,1029.58545,800.58182,21.44639,100.0,1010.33838,9.0,-340.83246
2025-10-17 17:29:26,1145.01818,1027.72364,796.85818,21.43624,100.0,1010.29541,9.0,-337.75768
2025-10-17 17:29:27,1146.88,1035.17091,800.58182,21.44639,100.0,1010.28414,9.0,-340.61093
2025-10-17 17:29:27,1148.74182,1029.58545,798.72,21.44132,100.0,1010.30334,9.0,-338.35864
2025-10-17 17:29:28,1146.88,1027.72364,798.72,21.44132,100.0,1010.33045,9.0,-339.2231
2025-10-17 17:29:28,1145.01818,1027.72364,796.85818,21.45147,100.0,1010.31918,9.0,-338.14266
2025-10-17 17:29:29,1145.01818,1029.58545,796.85818,21.44132,100.0,1010.2491,9.0,-337.08875
2025-10-17 17:29:29,1148.74182,1027.72364,802.44364,21.44639,100.0,1010.25702,9.0,-340.34478
2025-10-17 17:29:30,1146.88,1027.72364,798.72,21.44132,100.0,1010.27622,9.0,-338.34909
2025-10-17 17:29:30,1146.88,1025.86182,798.72,21.43624,100.0,1010.32253,9.0,-339.10298
2025-10-17 17:29:31,1145.01818,1031.44727,800.58182,21.43624,100.0,1010.26829,9.0,-340.36025
2025-10-17 17:29:32,1146.88,1031.44727,802.44364,21.44639,100.0,1010.31126,9.0,-341.95399
2025-10-17 17:29:33,1146.88,1027.72364,798.72,21.45655,100.0,1010.38135,9.0,-340.04509
2025-10-17 17:29:33,1148.74182,1027.72364,800.58182,21.43116,100.0,1010.31461,9.0,-339.86652
2025-10-17 17:29:34,1146.88,1029.58545,802.44364,21.43624,100.0,1010.26829,9.0,-341.10609
2025-10-17 17:29:34,1148.74182,1031.44727,802.44364,21.45655,100.0,1010.32711,9.0,-341.70644
2025-10-17 17:29:35,1150.60364,1029.58545,804.30545,21.44639,100.0,1010.33838,9.0,-342.63263
2025-10-17 17:29:35,1150.60364,1029.58545,804.30545,21.44132,100.0,1010.30334,9.0,-342.0673
2025-10-17 17:29:36,1150.60364,1025.86182,800.58182,21.44132,100.0,1010.27622,9.0,-338.75319
2025-10-17 17:29:37,1148.74182,1025.86182,802.44364,21.44132,100.0,1010.35757,9.0,-341.97268
2025-10-17 17:29:37,1150.60364,1031.44727,806.16727,21.44132,100.0,1010.35757,9.0,-344.49984
2025-10-17 17:29:38,1150.60364,1029.58545,802.44364,21.45147,100.0,1010.3463,9.0,-341.35668
2025-10-17 17:29:38,1150.60364,1027.72364,806.16727,21.43624,100.0,1010.29541,9.0,-343.26651
2025-10-17 17:29:39,1152.46545,1027.72364,802.44364,21.44132,100.0,1010.30334,9.0,-340.08207
2025-10-17 17:29:40,1152.46545,1029.58545,806.16727,21.45147,100.0,1010.3463,9.0,-343.66105
2025-10-17 17:29:40,1150.60364,1029.58545,806.16727,21.45147,100.0,1010.31918,9.0,-343.72823
2025-10-17 17:29:41,1150.60364,1027.72364,802.44364,21.44639,100.0,1010.33838,9.0,-341.1516
2025-10-17 17:29:41,1150.60364,1029.58545,804.30545,21.44639,100.0,1010.28414,9.0,-341.75862
2025-10-17 17:29:42,1154.32727,1031.44727,806.16727,21.44639,100.0,1010.31126,9.0,-342.74576
2025-10-17 17:29:42,1154.32727,1029.58545,806.16727,21.45147,100.0,1010.29206,9.0,-342.28283
2025-10-17 17:29:43,1152.46545,1027.72364,804.30545,21.45147,100.0,1010.31918,9.0,-341.743
2025-10-17 17:29:43,1152.46545,1031.44727,808.02909,21.45147,100.0,1010.29206,9.0,-344.34556
2025-10-17 17:29:44,1152.46545,1029.58545,808.02909,21.45655,100.0,1010.32711,9.0,-344.75664
2025-10-17 17:29:45,1156.18909,1033.30909,809.89091,21.45655,100.0,1010.32711,9.0,-345.52784
2025-10-17 17:29:45,1154.32727,1029.58545,806.16727,21.45655,100.0,1010.29999,9.0,-342.41115
2025-10-17 17:29:46,1154.32727,1027.72364,804.30545,21.45655,100.0,1010.35423,9.0,-341.80414
2025-10-17 17:29:47,1154.32727,1029.58545,806.16727,21.45147,100.0,1010.37342,9.0,-343.59386
2025-10-17 17:29:47,1156.18909,1031.44727,808.02909,21.44639,100.0,1010.33838,9.0,-344.08286
2025-10-17 17:29:48,1156.18909,1029.58545,809.89091,21.45655,100.0,1010.27287,9.0,-344.27851
2025-10-17 17:29:48,1154.32727,1029.58545,806.16727,21.45147,100.0,1010.37342,9.0,-343.59386
2025-10-17 17:29:49,1156.18909,1029.58545,806.16727,21.45655,100.0,1010.29999,9.0,-341.90695
2025-10-17 17:29:49,1156.18909,1031.44727,808.02909,21.45655,100.0,1010.24575,9.0,-342.59146
2025-10-17 17:29:50,1156.18909,1033.30909,811.75273,21.44639,100.0,1010.31126,9.0,-346.67548
2025-10-17 17:29:51,1156.18909,1031.44727,808.02909,21.46162,100.0,1010.30791,9.0,-343.5938
2025-10-17 17:29:51,1158.05091,1031.44727,809.89091,21.45655,100.0,1010.29999,9.0,-344.36557
2025-10-17 17:29:52,1158.05091,1029.58545,808.02909,21.45147,100.0,1010.26494,9.0,-342.24171
2025-10-17 17:29:52,1156.18909,1033.30909,811.75273,21.44639,100.0,1010.31126,9.0,-346.67548
2025-10-17 17:29:53,1158.05091,1029.58545,809.89091,21.44132,100.0,1010.33045,9.0,-344.70036
2025-10-17 17:29:54,1156.18909,1029.58545,808.02909,21.44132,100.0,1010.27622,9.0,-342.92627
2025-10-17 17:29:54,1156.18909,1027.72364,808.02909,21.45147,100.0,1010.31918,9.0,-343.54317
2025-10-17 17:29:55,1156.18909,1031.44727,808.02909,21.45655,100.0,1010.35423,9.0,-344.33951
2025-10-17 17:29:55,1158.05091,1033.30909,813.61455,21.45655,100.0,1010.35423,9.0,-348.26923
2025-10-17 17:29:56,1158.05091,1029.58545,809.89091,21.45655,100.0,1010.29999,9.0,-344.21132
2025-10-17 17:29:56,1158.05091,1031.44727,813.61455,21.45147,100.0,1010.26494,9.0,-346.60881
2025-10-17 17:29:57,1159.91273,1031.44727,811.75273,21.44639,100.0,1010.31126,9.0,-345.44602
2025-10-17 17:29:58,1159.91273,1035.17091,813.61455,21.45147,100.0,1010.37342,9.0,-348.35089
2025-10-17 17:29:58,1158.05091,1031.44727,809.89091,21.45147,100.0,1010.26494,9.0,-343.80024
2025-10-17 17:29:59,1161.77455,1035.17091,815.47636,21.45655,100.0,1010.32711,9.0,-348.50528
2025-10-17 17:30:00,1161.77455,1033.30909,813.61455,21.45655,100.0,1010.27287,9.0,-345.94979
2025-10-17 17:30:00,1159.91273,1031.44727,811.75273,21.45655,100.0,1010.32711,9.0,-345.70267
2025-10-17 17:30:01,1159.91273,1033.30909,815.47636,21.46162,100.0,1010.25367,9.0,-347.54957
2025-10-17 17:30:01,1163.63636,1033.30909,815.47636,21.45655,100.0,1010.32711,9.0,-347.7239
2025-10-17 17:30:02,1161.77455,1031.44727,811.75273,21.45655,100.0,1010.24575,9.0,-343.88743
2025-10-17 17:30:03,1165.49818,1037.03273,821.06182,21.4667,100.0,1010.31583,9.0,-351.85197
2025-10-17 17:30:03,1163.63636,1035.17091,819.2,21.46162,100.0,1010.38927,9.0,-351.81201
2025-10-17 17:30:04,1163.63636,1031.44727,815.47636,21.44639,100.0,1010.33838,9.0,-347.6832
2025-10-17 17:30:05,1159.91273,1031.44727,815.47636,21.45147,100.0,1010.37342,9.0,-349.25693
2025-10-17 17:30:05,1163.63636,1035.17091,815.47636,21.45655,100.0,1010.24575,9.0,-346.69004
2025-10-17 17:30:06,1165.49818,1037.03273,819.2,21.45655,100.0,1010.29999,9.0,-350.19104
2025-10-17 17:30:07,1163.63636,1033.30909,817.33818,21.46162,100.0,1010.30791,9.0,-348.81949
2025-10-17 17:30:07,1163.63636,1033.30909,815.47636,21.45655,100.0,1010.29999,9.0,-347.28689
2025-10-17 17:30:08,1165.49818,1035.17091,819.2,21.46162,100.0,1010.36215,9.0,-350.87079
2025-10-17 17:30:09,1163.63636,1033.30909,815.47636,21.45147,100.0,1010.23782,9.0,-346.28455
2025-10-17 17:30:09,1165.49818,1033.30909,819.2,21.45147,100.0,1010.3463,9.0,-350.33696
2025-10-17 17:30:10,1165.49818,1035.17091,817.33818,21.45655,100.0,1010.35423,9.0,-349.33818
2025-10-17 17:30:11,1163.63636,1031.44727,815.47636,21.45655,100.0,1010.32711,9.0,-347.50284
2025-10-17 17:30:11,1163.63636,1035.17091,817.33818,21.4667,100.0,1010.31583,9.0,-349.22499
2025-10-17 17:30:12,1165.49818,1033.30909,817.33818,21.45655,100.0,1010.32711,9.0,-348.62399
2025-10-17 17:30:12,1165.49818,1031.44727,815.47636,21.44639,100.0,1010.28414,9.0,-346.30499
2025-10-17 17:30:13,1163.63636,1031.44727,815.47636,21.45147,100.0,1010.26494,9.0,-346.5005
2025-10-17 17:30:13,1161.77455,1033.30909,815.47636,21.46162,100.0,1010.30791,9.0,-347.91941
2025-10-17 17:30:14,1165.49818,1033.30909,819.2,21.45655,100.0,1010.32711,9.0,-350.02827
2025-10-17 17:30:15,1165.49818,1031.44727,815.47636,21.45655,100.0,1010.32711,9.0,-346.99864
2025-10-17 17:30:15,1165.49818,1029.58545,815.47636,21.46162,100.0,1010.28079,9.0,-346.09868
2025-10-17 17:30:16,1165.49818,1033.30909,817.33818,21.46162,100.0,1010.33503,9.0,-348.75231
2025-10-17 17:30:16,1167.36,1035.17091,821.06182,21.46162,100.0,1010.33503,9.0,-351.33386
2025-10-17 17:30:17,1167.36,1033.30909,819.2,21.4667,100.0,1010.31583,9.0,-349.3437
2025-10-17 17:30:18,1169.22182,1035.17091,821.06182,21.45655,100.0,1010.35423,9.0,-351.13835
2025-10-17 17:30:18,1167.36,1035.17091,821.06182,21.45655,100.0,1010.21863,9.0,-349.45749
2025-10-17 17:30:19,1169.22182,1033.30909,819.2,21.4667,100.0,1010.31583,9.0,-348.8395
2025-10-17 17:30:19,1167.36,1033.30909,821.06182,21.46162,100.0,1010.36215,9.0,-351.4937
2025-10-17 17:30:20,1165.49818,1029.58545,819.2,21.46162,100.0,1010.33503,9.0,-349.78129
2025-10-17 17:30:20,1171.08364,1035.17091,824.78545,21.45655,100.0,1010.29999,9.0,-352.5687
2025-10-17 17:30:21,1169.22182,1031.44727,821.06182,21.45655,100.0,1010.24575,9.0,-348.89206
2025-10-17 17:30:22,1169.22182,1033.30909,821.06182,21.45655,100.0,1010.29999,9.0,-349.98715
2025-10-17 17:30:22,1172.94545,1037.03273,826.64727,21.46162,100.0,1010.28079,9.0,-353.48269
2025-10-17 17:30:23,1169.22182,1035.17091,822.92364,21.45655,100.0,1010.29999,9.0,-351.66861
2025-10-17 17:30:24,1171.08364,1035.17091,824.78545,21.45655,100.0,1010.21863,9.0,-351.25766
2025-10-17 17:30:24,1171.08364,1031.44727,821.06182,21.46162,100.0,1010.30791,9.0,-349.39021
2025-10-17 17:30:25,1169.22182,1035.17091,822.92364,21.45655,100.0,1010.29999,9.0,-351.66861
2025-10-17 17:30:25,1171.08364,1031.44727,821.06182,21.4667,100.0,1010.34295,9.0,-349.95555
2025-10-17 17:30:26,1171.08364,1035.17091,824.78545,21.4667,100.0,1010.37007,9.0,-353.69938
2025-10-17 17:30:26,1172.94545,1031.44727,824.78545,21.4667,100.0,1010.34295,9.0,-352.25992
2025-10-17 17:30:27,1171.08364,1031.44727,821.06182,21.4667,100.0,1010.37007,9.0,-350.39257
2025-10-17 17:30:28,1172.94545,1037.03273,826.64727,21.45147,100.0,1010.23782,9.0,-352.78905
2025-10-17 17:30:28,1172.94545,1033.30909,824.78545,21.45655,100.0,1010.32711,9.0,-352.22433
2025-10-17 17:30:29,1171.08364,1033.30909,819.2,21.45147,100.0,1010.26494,9.0,-347.51333
2025-10-17 17:30:30,1172.94545,1033.30909,824.78545,21.46162,100.0,1010.25367,9.0,-351.04161
2025-10-17 17:30:30,1171.08364,1033.30909,824.78545,21.46162,100.0,1010.25367,9.0,-351.5458
2025-10-17 17:30:31,1171.08364,1031.44727,822.92364,21.46162,100.0,1010.30791,9.0,-350.79449
2025-10-17 17:30:31,1169.22182,1035.17091,824.78545,21.46162,100.0,1010.33503,9.0,-353.63823
2025-10-17 17:30:32,1171.08364,1031.44727,821.06182,21.45655,100.0,1010.27287,9.0,-348.82488
2025-10-17 17:30:32,1169.22182,1035.17091,824.78545,21.46162,100.0,1010.33503,9.0,-353.63823
2025-10-17 17:30:33,1172.94545,1037.03273,828.50909,21.46162,100.0,1010.28079,9.0,-354.88698
2025-10-17 17:30:33,1171.08364,1033.30909,822.92364,21.4667,100.0,1010.28871,9.0,-350.70685
2025-10-17 17:30:34,1172.94545,1033.30909,824.78545,21.46162,100.0,1010.33503,9.0,-352.35266
2025-10-17 17:30:35,1174.80727,1033.30909,828.50909,21.45147,100.0,1010.29206,9.0,-353.96337
2025-10-17 17:30:35,1176.66909,1035.17091,830.37091,21.4667,100.0,1010.28871,9.0,-355.08857
2025-10-17 17:30:36,1172.94545,1033.30909,822.92364,21.46162,100.0,1010.33503,9.0,-350.94837
2025-10-17 17:30:36,1174.80727,1035.17091,826.64727,21.4667,100.0,1010.28871,9.0,-352.7842
2025-10-17 17:30:37,1172.94545,1033.30909,826.64727,21.4667,100.0,1010.34295,9.0,-353.88526
2025-10-17 17:30:37,1171.08364,1035.17091,826.64727,21.4667,100.0,1010.28871,9.0,-353.7926
2025-10-17 17:30:38,1176.66909,1033.30909,828.50909,21.4667,100.0,1010.37007,9.0,-354.71817
2025-10-17 17:30:39,1174.80727,1033.30909,824.78545,21.46162,100.0,1010.28079,9.0,-350.97442
2025-10-17 17:30:39,1172.94545,1031.44727,824.78545,21.47178,100.0,1010.35088,9.0,-352.38824
2025-10-17 17:30:40,1174.80727,1033.30909,822.92364,21.45655,100.0,1010.29999,9.0,-349.87884
2025-10-17 17:30:40,1174.80727,1035.17091,828.50909,21.46162,100.0,1010.30791,9.0,-354.49719
2025-10-17 17:30:41,1176.66909,1033.30909,828.50909,21.4667,100.0,1010.31583,9.0,-353.84413
2025-10-17 17:30:42,1176.66909,1035.17091,830.37091,21.46162,100.0,1010.33503,9.0,-355.83429
2025-10-17 17:30:42,1174.80727,1031.44727,826.64727,21.4667,100.0,1010.37007,9.0,-353.59703
2025-10-17 17:30:43,1180.39273,1037.03273,832.23273,21.45655,100.0,1010.35423,9.0,-356.86148
2025-10-17 17:30:44,1178.53091,1037.03273,830.37091,21.46162,100.0,1010.30791,9.0,-355.21568
2025-10-17 17:30:44,1174.80727,1033.30909,826.64727,21.45655,100.0,1010.29999,9.0,-352.68741
2025-10-17 17:30:45,1174.80727,1033.30909,826.64727,21.4667,100.0,1010.23447,9.0,-351.63298
2025-10-17 17:30:45,1178.53091,1035.17091,830.37091,21.46162,100.0,1010.25367,9.0,-354.01904
2025-10-17 17:30:46,1178.53091,1033.30909,828.50909,21.47178,100.0,1010.35088,9.0,-353.90528
2025-10-17 17:30:46,1178.53091,1033.30909,824.78545,21.4667,100.0,1010.31583,9.0,-350.53136
2025-10-17 17:30:47,1178.53091,1035.17091,828.50909,21.4667,100.0,1010.28871,9.0,-353.18009
2025-10-17 17:30:48,1180.39273,1037.03273,830.37091,21.46162,100.0,1010.33503,9.0,-355.1485
2025-10-17 17:30:48,1178.53091,1037.03273,832.23273,21.45655,100.0,1010.32711,9.0,-356.92866
2025-10-17 17:30:49,1178.53091,1031.44727,828.50909,21.45655,100.0,1010.27287,9.0,-352.42522
2025-10-17 17:30:49,1178.53091,1035.17091,832.23273,21.47178,100.0,1010.35088,9.0,-356.99102
2025-10-17 17:30:50,1178.53091,1033.30909,828.50909,21.46162,100.0,1010.28079,9.0,-352.7746
2025-10-17 17:30:51,1180.39273,1037.03273,832.23273,21.45655,100.0,1010.24575,9.0,-355.11342
2025-10-17 17:30:51,1182.25455,1037.03273,832.23273,21.46162,100.0,1010.33503,9.0,-356.04859
2025-10-17 17:30:52,1180.39273,1035.17091,832.23273,21.4667,100.0,1010.31583,9.0,-355.92148
2025-10-17 17:30:52,1182.25455,1035.17091,832.23273,21.47178,100.0,1010.35088,9.0,-355.98263
2025-10-17 17:30:53,1178.53091,1033.30909,828.50909,21.46162,100.0,1010.33503,9.0,-353.64863
2025-10-17 17:30:53,1182.25455,1035.17091,832.23273,21.4667,100.0,1010.28871,9.0,-354.98026
2025-10-17 17:30:54,1182.25455,1037.03273,834.09455,21.47685,100.0,1010.30456,9.0,-356.96379
2025-10-17 17:30:55,1178.53091,1037.03273,830.37091,21.46162,100.0,1010.30791,9.0,-355.21568
2025-10-17 17:30:55,1182.25455,1037.03273,834.09455,21.47685,100.0,1010.33168,9.0,-357.40081
2025-10-17 17:30:56,1180.39273,1035.17091,830.37091,21.47178,100.0,1010.29663,9.0,-354.20849
2025-10-17 17:30:56,1184.11636,1037.03273,834.09455,21.47685,100.0,1010.30456,9.0,-356.45959
2025-10-17 17:30:57,1182.25455,1040.75636,837.81818,21.47685,100.0,1010.33168,9.0,-360.94812
2025-10-17 17:30:58,1182.25455,1033.30909,832.23273,21.47178,100.0,1010.26951,9.0,-354.39438
2025-10-17 17:30:58,1184.11636,1033.30909,835.95636,21.4667,100.0,1010.37007,9.0,-358.31852
2025-10-17 17:30:59,1184.11636,1038.89455,835.95636,21.47178,100.0,1010.32375,9.0,-358.52992
2025-10-17 17:30:59,1184.11636,1033.30909,832.23273,21.47178,100.0,1010.26951,9.0,-353.89018
2025-10-17 17:31:00,1182.25455,1035.17091,834.09455,21.47178,100.0,1010.32375,9.0,-356.94989
2025-10-17 17:31:01,1182.25455,1037.03273,835.95636,21.47685,100.0,1010.30456,9.0,-358.36807
2025-10-17 17:31:02,1185.97818,1037.03273,835.95636,21.49208,100.0,1010.35545,9.0,-358.18166
2025-10-17 17:31:02,1184.11636,1037.03273,834.09455,21.47178,100.0,1010.32375,9.0,-356.76829
2025-10-17 17:31:03,1182.25455,1033.30909,834.09455,21.48193,100.0,1010.31248,9.0,-356.49232
2025-10-17 17:31:03,1182.25455,1037.03273,832.23273,21.47178,100.0,1010.35088,9.0,-356.30523
2025-10-17 17:31:04,1184.11636,1037.03273,835.95636,21.47685,100.0,1010.27744,9.0,-357.42684
2025-10-17 17:31:04,1185.97818,1037.03273,837.81818,21.47178,100.0,1010.32375,9.0,-359.07267
2025-10-17 17:31:05,1184.11636,1033.30909,834.09455,21.47685,100.0,1010.25031,9.0,-354.98575
2025-10-17 17:31:05,1184.11636,1035.17091,834.09455,21.47178,100.0,1010.29663,9.0,-356.00866
2025-10-17 17:31:06,1184.11636,1035.17091,834.09455,21.48193,100.0,1010.3396,9.0,-356.70233
2025-10-17 17:31:07,1184.11636,1040.75636,837.81818,21.47685,100.0,1010.33168,9.0,-360.44392
2025-10-17 17:31:07,1185.97818,1035.17091,837.81818,21.48701,100.0,1010.37465,9.0,-359.57205
2025-10-17 17:31:08,1184.11636,1035.17091,835.95636,21.48193,100.0,1010.31248,9.0,-357.66958
2025-10-17 17:31:09,1184.11636,1037.03273,835.95636,21.47685,100.0,1010.33168,9.0,-358.3009
2025-10-17 17:31:09,1185.97818,1035.17091,834.09455,21.47178,100.0,1010.26951,9.0,-355.06744
2025-10-17 17:31:10,1185.97818,1038.89455,839.68,21.48193,100.0,1010.36672,9.0,-361.52797
2025-10-17 17:31:10,1184.11636,1037.03273,835.95636,21.47685,100.0,1010.33168,9.0,-358.3009
2025-10-17 17:31:11,1184.11636,1035.17091,835.95636,21.47685,100.0,1010.27744,9.0,-357.10424
2025-10-17 17:31:11,1185.97818,1037.03273,835.95636,21.48193,100.0,1010.28536,9.0,-357.05096
2025-10-17 17:31:12,1187.84,1038.89455,839.68,21.48193,100.0,1010.28536,9.0,-359.71267
2025-10-17 17:31:13,1185.97818,1038.89455,839.68,21.47178,100.0,1010.35088,9.0,-361.27132
2025-10-17 17:31:13,1187.84,1038.89455,837.81818,21.47685,100.0,1010.3588,9.0,-359.49116
2025-10-17 17:31:14,1187.84,1037.03273,837.81818,21.47685,100.0,1010.30456,9.0,-358.25976
2025-10-17 17:31:14,1189.70182,1038.89455,839.68,21.48193,100.0,1010.36672,9.0,-360.51957
2025-10-17 17:31:15,1187.84,1038.89455,839.68,21.47685,100.0,1010.33168,9.0,-360.45842
2025-10-17 17:31:16,1187.84,1033.30909,835.95636,21.48193,100.0,1010.31248,9.0,-356.38401
2025-10-17 17:31:16,1187.84,1035.17091,835.95636,21.47178,100.0,1010.26951,9.0,-355.96753
2025-10-17 17:31:17,1187.84,1038.89455,839.68,21.47178,100.0,1010.26951,9.0,-359.45605
2025-10-17 17:31:18,1187.84,1035.17091,837.81818,21.47685,100.0,1010.3588,9.0,-358.81121
2025-10-17 17:31:19,1187.84,1035.17091,837.81818,21.48193,100.0,1010.31248,9.0,-358.06547
2025-10-17 17:31:19,1189.70182,1038.89455,841.54182,21.47178,100.0,1010.32375,9.0,-361.23018
2025-10-17 17:31:20,1191.56364,1038.89455,841.54182,21.47685,100.0,1010.33168,9.0,-360.8543
2025-10-17 17:31:21,1189.70182,1035.17091,837.81818,21.48193,100.0,1010.28536,9.0,-357.12424
2025-10-17 17:31:21,1191.56364,1038.89455,839.68,21.47178,100.0,1010.29663,9.0,-358.88468
2025-10-17 17:31:22,1187.84,1035.17091,839.68,21.48193,100.0,1010.36672,9.0,-360.34382
2025-10-17 17:31:22,1191.56364,1037.03273,841.54182,21.47685,100.0,1010.30456,9.0,-360.05993
2025-10-17 17:31:23,1191.56364,1037.03273,839.68,21.47685,100.0,1010.30456,9.0,-358.65565
2025-10-17 17:31:23,1191.56364,1037.03273,841.54182,21.47178,100.0,1010.29663,9.0,-359.93162
2025-10-17 17:31:24,1187.84,1035.17091,837.81818,21.47178,100.0,1010.32375,9.0,-358.24586
2025-10-17 17:31:24,1191.56364,1038.89455,841.54182,21.47178,100.0,1010.35088,9.0,-361.16301
2025-10-17 17:31:25,1191.56364,1038.89455,843.40364,21.47685,100.0,1010.30456,9.0,-361.82156
2025-10-17 17:31:26,1189.70182,1038.89455,843.40364,21.4667,100.0,1010.31583,9.0,-362.50615
2025-10-17 17:31:26,1193.42545,1038.89455,843.40364,21.47178,100.0,1010.26951,9.0,-360.75202
2025-10-17 17:31:27,1189.70182,1035.17091,839.68,21.47685,100.0,1010.30456,9.0,-358.83724
2025-10-17 17:31:27,1193.42545,1038.89455,845.26545,21.48193,100.0,1010.25824,9.0,-361.9759
2025-10-17 17:31:28,1189.70182,1037.03273,841.54182,21.47685,100.0,1010.3588,9.0,-361.43819
2025-10-17 17:31:28,1193.42545,1037.03273,841.54182,21.47685,100.0,1010.33168,9.0,-359.99276
2025-10-17 17:31:29,1193.42545,1035.17091,841.54182,21.4667,100.0,1010.37007,9.0,-360.28756
2025-10-17 17:31:30,1191.56364,1037.03273,841.54182,21.47178,100.0,1010.32375,9.0,-360.36864
2025-10-17 17:31:30,1191.56364,1038.89455,843.40364,21.47685,100.0,1010.25031,9.0,-360.94751
2025-10-17 17:31:31,1193.42545,1037.03273,843.40364,21.47685,100.0,1010.30456,9.0,-360.96002
2025-10-17 17:31:31,1193.42545,1037.03273,841.54182,21.48193,100.0,1010.3396,9.0,-360.12108
2025-10-17 17:31:32,1193.42545,1037.03273,843.40364,21.47685,100.0,1010.30456,9.0,-360.96002
2025-10-17 17:31:33,1197.14909,1040.75636,847.12727,21.47685,100.0,1010.33168,9.0,-363.93595
2025-10-17 17:31:33,1195.28727,1037.03273,841.54182,21.48193,100.0,1010.31248,9.0,-359.17985
2025-10-17 17:31:34,1195.28727,1037.03273,843.40364,21.47178,100.0,1010.26951,9.0,-359.89048
2025-10-17 17:31:34,1193.42545,1037.03273,841.54182,21.47685,100.0,1010.33168,9.0,-359.99276
2025-10-17 17:31:35,1193.42545,1040.75636,847.12727,21.47685,100.0,1010.25031,9.0,-363.63327
2025-10-17 17:31:36,1195.28727,1038.89455,845.26545,21.4667,100.0,1010.28871,9.0,-361.96082
2025-10-17 17:31:36,1195.28727,1037.03273,841.54182,21.48701,100.0,1010.34752,9.0,-359.7452
2025-10-17 17:31:37,1195.28727,1037.03273,843.40364,21.4667,100.0,1010.31583,9.0,-360.63621
2025-10-17 17:31:37,1193.42545,1037.03273,843.40364,21.47685,100.0,1010.27744,9.0,-360.52299
2025-10-17 17:31:38,1197.14909,1040.75636,848.98909,21.48193,100.0,1010.3396,9.0,-365.46856
2025-10-17 17:31:39,1197.14909,1038.89455,841.54182,21.47178,100.0,1010.26951,9.0,-358.33934
2025-10-17 17:31:39,1197.14909,1038.89455,845.26545,21.48193,100.0,1010.31248,9.0,-361.84157
2025-10-17 17:31:40,1197.14909,1037.03273,843.40364,21.46162,100.0,1010.30791,9.0,-360.00369
2025-10-17 17:31:40,1199.01091,1040.75636,848.98909,21.47685,100.0,1010.38592,9.0,-365.71009
2025-10-17 17:31:41,1199.01091,1037.03273,847.12727,21.47685,100.0,1010.33168,9.0,-362.69302
2025-10-17 17:31:42,1197.14909,1037.03273,843.40364,21.48193,100.0,1010.31248,9.0,-360.07994
2025-10-17 17:31:42,1197.14909,1037.03273,843.40364,21.47685,100.0,1010.3588,9.0,-360.82568
2025-10-17 17:31:43,1199.01091,1038.89455,843.40364,21.4667,100.0,1010.37007,9.0,-360.8592
2025-10-17 17:31:43,1199.01091,1040.75636,848.98909,21.47685,100.0,1010.33168,9.0,-364.83604
2025-10-17 17:31:44,1197.14909,1038.89455,847.12727,21.4667,100.0,1010.26159,9.0,-362.42388
2025-10-17 17:31:45,1197.14909,1038.89455,847.12727,21.48193,100.0,1010.25824,9.0,-362.37179
2025-10-17 17:31:45,1200.87273,1040.75636,848.98909,21.47178,100.0,1010.35088,9.0,-364.64055
2025-10-17 17:31:46,1200.87273,1044.48,852.71273,21.47178,100.0,1010.32375,9.0,-367.80425
2025-10-17 17:31:47,1199.01091,1037.03273,847.12727,21.47178,100.0,1010.32375,9.0,-362.5647
2025-10-17 17:31:47,1199.01091,1038.89455,845.26545,21.47178,100.0,1010.24239,9.0,-360.20669
2025-10-17 17:31:48,1197.14909,1037.03273,845.26545,21.48193,100.0,1010.28536,9.0,-361.04719
2025-10-17 17:31:48,1200.87273,1038.89455,848.98909,21.48701,100.0,1010.26616,9.0,-362.89599
2025-10-17 17:31:49,1199.01091,1037.03273,847.12727,21.47685,100.0,1010.25031,9.0,-361.38194
2025-10-17 17:31:49,1200.87273,1040.75636,848.98909,21.4667,100.0,1010.31583,9.0,-364.0752
2025-10-17 17:31:50,1199.01091,1038.89455,848.98909,21.47178,100.0,1010.378,9.0,-365.20038
2025-10-17 17:31:51,1200.87273,1040.75636,848.98909,21.47685,100.0,1010.33168,9.0,-364.33184
2025-10-17 17:31:51,1199.01091,1040.75636,850.85091,21.48193,100.0,1010.36672,9.0,-366.80568
2025-10-17 17:31:52,1199.01091,1037.03273,847.12727,21.47685,100.0,1010.30456,9.0,-362.25599
2025-10-17 17:31:52,1200.87273,1037.03273,850.85091,21.48701,100.0,1010.3204,9.0,-364.817
2025-10-17 17:31:53,1199.01091,1038.89455,850.85091,21.48193,100.0,1010.25824,9.0,-364.67616
2025-10-17 17:31:54,1200.87273,1038.89455,850.85091,21.48701,100.0,1010.26616,9.0,-364.30027
2025-10-17 17:31:54,1199.01091,1037.03273,847.12727,21.47685,100.0,1010.25031,9.0,-361.38194
2025-10-17 17:31:55,1200.87273,1037.03273,848.98909,21.47178,100.0,1010.26951,9.0,-362.59074
2025-10-17 17:31:55,1199.01091,1037.03273,847.12727,21.47178,100.0,1010.32375,9.0,-362.5647
2025-10-17 17:31:56,1202.73455,1037.03273,852.71273,21.49208,100.0,1010.3012,9.0,-365.40836
2025-10-17 17:31:57,1200.87273,1037.03273,852.71273,21.47178,100.0,1010.26951,9.0,-365.39931
2025-10-17 17:31:57,1202.73455,1038.89455,850.85091,21.48193,100.0,1010.3396,9.0,-364.97886
2025-10-17 17:31:58,1200.87273,1037.03273,850.85091,21.48193,100.0,1010.3396,9.0,-365.12571
2025-10-17 17:31:58,1204.59636,1037.03273,850.85091,21.48701,100.0,1010.34752,9.0,-364.24563
2025-10-17 17:31:59,1204.59636,1038.89455,852.71273,21.49716,100.0,1010.28201,9.0,-364.95278
2025-10-17 17:32:00,1200.87273,1038.89455,848.98909,21.49208,100.0,1010.38257,9.0,-364.77245
2025-10-17 17:32:00,1202.73455,1037.03273,848.98909,21.47685,100.0,1010.25031,9.0,-361.77783
2025-10-17 17:32:01,1204.59636,1038.89455,852.71273,21.47685,100.0,1010.27744,9.0,-364.87657
2025-10-17 17:32:01,1204.59636,1038.89455,852.71273,21.48701,100.0,1010.34752,9.0,-366.00726
2025-10-17 17:32:02,1202.73455,1037.03273,848.98909,21.48193,100.0,1010.28536,9.0,-362.34317
2025-10-17 17:32:03,1204.59636,1037.03273,852.71273,21.48701,100.0,1010.34752,9.0,-365.64992
2025-10-17 17:32:03,1204.59636,1037.03273,850.85091,21.47685,100.0,1010.27744,9.0,-363.11494
2025-10-17 17:32:04,1206.45818,1038.89455,856.43636,21.48701,100.0,1010.29328,9.0,-367.43757
2025-10-17 17:32:05,1204.59636,1037.03273,852.71273,21.49208,100.0,1010.35545,9.0,-365.77824
2025-10-17 17:32:05,1204.59636,1040.75636,852.71273,21.48701,100.0,1010.29328,9.0,-365.51459
2025-10-17 17:32:06,1204.59636,1035.17091,850.85091,21.49208,100.0,1010.32833,9.0,-363.61431
2025-10-17 17:32:06,1206.45818,1037.03273,852.71273,21.48193,100.0,1010.28536,9.0,-364.14334
2025-10-17 17:32:07,1206.45818,1038.89455,852.71273,21.50224,100.0,1010.23568,9.0,-363.70281
2025-10-17 17:32:07,1204.59636,1037.03273,848.98909,21.48701,100.0,1010.3204,9.0,-362.40432
2025-10-17 17:32:08,1204.59636,1035.17091,850.85091,21.49208,100.0,1010.3012,9.0,-363.17727
2025-10-17 17:32:09,1204.59636,1038.89455,854.57455,21.48193,100.0,1010.31248,9.0,-366.8462
2025-10-17 17:32:09,1204.59636,1038.89455,852.71273,21.49716,100.0,1010.30913,9.0,-365.38983
2025-10-17 17:32:10,1206.45818,1035.17091,854.57455,21.49208,100.0,1010.3012,9.0,-365.48165
2025-10-17 17:32:10,1204.59636,1038.89455,850.85091,21.49716,100.0,1010.33625,9.0,-364.42258
2025-10-17 17:32:11,1208.32,1042.61818,854.57455,21.49208,100.0,1010.32833,9.0,-366.87057
2025-10-17 17:32:12,1208.32,1040.75636,856.43636,21.48701,100.0,1010.34752,9.0,-368.18883
2025-10-17 17:32:12,1204.59636,1037.03273,850.85091,21.49716,100.0,1010.28201,9.0,-363.19116
2025-10-17 17:32:13,1208.32,1040.75636,854.57455,21.48701,100.0,1010.34752,9.0,-366.78454
2025-10-17 17:32:13,1206.45818,1037.03273,852.71273,21.49208,100.0,1010.3012,9.0,-364.39997
2025-10-17 17:32:14,1204.59636,1040.75636,854.57455,21.49208,100.0,1010.32833,9.0,-367.48422
2025-10-17 17:32:14,1204.59636,1037.03273,852.71273,21.49208,100.0,1010.27408,9.0,-364.46713
2025-10-17 17:32:15,1206.45818,1037.03273,852.71273,21.49716,100.0,1010.33625,9.0,-364.96532
2025-10-17 17:32:16,1208.32,1037.03273,852.71273,21.48701,100.0,1010.29328,9.0,-363.76745
2025-10-17 17:32:16,1208.32,1040.75636,858.29818,21.50224,100.0,1010.26281,9.0,-368.2299
2025-10-17 17:32:17,1210.18182,1040.75636,860.16,21.49208,100.0,1010.3012,9.0,-369.74744
2025-10-17 17:32:17,1206.45818,1038.89455,852.71273,21.48701,100.0,1010.26616,9.0,-364.19196
2025-10-17 17:32:18,1208.32,1040.75636,856.43636,21.49208,100.0,1010.24696,9.0,-366.569
2025-10-17 17:32:19,1208.32,1037.03273,852.71273,21.50731,100.0,1010.35209,9.0,-364.71777
2025-10-17 17:32:19,1210.18182,1040.75636,858.29818,21.49716,100.0,1010.33625,9.0,-368.90852
2025-10-17 17:32:20,1208.32,1038.89455,854.57455,21.49716,100.0,1010.25488,9.0,-364.91163
2025-10-17 17:32:20,1208.32,1037.03273,854.57455,21.49208,100.0,1010.27408,9.0,-364.86302
2025-10-17 17:32:21,1206.45818,1037.03273,852.71273,21.49208,100.0,1010.3012,9.0,-364.39997
2025-10-17 17:32:21,1208.32,1037.03273,854.57455,21.49716,100.0,1010.33625,9.0,-365.86541
2025-10-17 17:32:22,1210.18182,1040.75636,858.29818,21.50224,100.0,1010.34417,9.0,-369.03684
2025-10-17 17:32:22,1210.18182,1040.75636,858.29818,21.49716,100.0,1010.30913,9.0,-368.47148
2025-10-17 17:32:23,1208.32,1040.75636,856.43636,21.49716,100.0,1010.33625,9.0,-368.00843
2025-10-17 17:32:24,1208.32,1038.89455,854.57455,21.50224,100.0,1010.28993,9.0,-365.47699
2025-10-17 17:32:24,1208.32,1042.61818,858.29818,21.50224,100.0,1010.31705,9.0,-369.49874
2025-10-17 17:32:25,1213.90545,1040.75636,856.43636,21.49716,100.0,1010.33625,9.0,-366.49584
2025-10-17 17:32:25,1210.18182,1038.89455,854.57455,21.50731,100.0,1010.32497,9.0,-365.53815
2025-10-17 17:32:26,1210.18182,1038.89455,856.43636,21.49716,100.0,1010.25488,9.0,-365.81172
2025-10-17 17:32:26,1208.32,1038.89455,856.43636,21.50224,100.0,1010.28993,9.0,-366.88127
2025-10-17 17:32:27,1210.18182,1040.75636,858.29818,21.50731,100.0,1010.29785,9.0,-368.29106
2025-10-17 17:32:28,1210.18182,1042.61818,860.16,21.50224,100.0,1010.39842,9.0,-371.70996
2025-10-17 17:32:28,1210.18182,1038.89455,856.43636,21.51239,100.0,1010.3329,9.0,-367.07076
2025-10-17 17:32:30,1213.90545,1042.61818,860.16,21.50731,100.0,1010.29785,9.0,-369.0817
2025-10-17 17:32:30,1213.90545,1040.75636,860.16,21.49716,100.0,1010.30913,9.0,-368.86736
2025-10-17 17:32:31,1212.04364,1038.89455,858.29818,21.50731,100.0,1010.37922,9.0,-368.71662
2025-10-17 17:32:31,1210.18182,1038.89455,856.43636,21.50224,100.0,1010.26281,9.0,-365.94003
2025-10-17 17:32:32,1213.90545,1040.75636,860.16,21.51239,100.0,1010.3329,9.0,-369.25232
2025-10-17 17:32:33,1212.04364,1040.75636,858.29818,21.51239,100.0,1010.30577,9.0,-367.91518
2025-10-17 17:32:33,1210.18182,1037.03273,856.43636,21.50731,100.0,1010.24361,9.0,-365.27395
2025-10-17 17:32:34,1210.18182,1038.89455,856.43636,21.50731,100.0,1010.32497,9.0,-366.94244
2025-10-17 17:32:34,1212.04364,1040.75636,858.29818,21.50731,100.0,1010.29785,9.0,-367.78687
2025-10-17 17:32:35,1213.90545,1040.75636,860.16,21.50731,100.0,1010.35209,9.0,-369.56105
2025-10-17 17:32:35,1212.04364,1038.89455,858.29818,21.50224,100.0,1010.26281,9.0,-366.84012
2025-10-17 17:32:36,1213.90545,1040.75636,860.16,21.50731,100.0,1010.35209,9.0,-369.56105
2025-10-17 17:32:37,1213.90545,1038.89455,858.29818,21.51747,100.0,1010.3137,9.0,-367.15792
2025-10-17 17:32:37,1215.76727,1040.75636,862.02182,21.50224,100.0,1010.37129,9.0,-370.76986
2025-10-17 17:32:38,1213.90545,1040.75636,860.16,21.50731,100.0,1010.27073,9.0,-368.2499
2025-10-17 17:32:38,1213.90545,1038.89455,858.29818,21.50731,100.0,1010.27073,9.0,-366.46423
2025-10-17 17:32:39,1213.90545,1037.03273,858.29818,21.51239,100.0,1010.3329,9.0,-367.1093
2025-10-17 17:32:40,1215.76727,1042.61818,860.16,21.50731,100.0,1010.27073,9.0,-368.14045
2025-10-17 17:32:40,1213.90545,1042.61818,860.16,21.50731,100.0,1010.29785,9.0,-369.0817
2025-10-17 17:32:41,1213.90545,1040.75636,858.29818,21.50224,100.0,1010.34417,9.0,-368.02844
2025-10-17 17:32:41,1215.76727,1038.89455,858.29818,21.51239,100.0,1010.38714,9.0,-367.83655
2025-10-17 17:32:42,1215.76727,1040.75636,863.88364,21.49716,100.0,1010.25488,9.0,-370.29765
2025-10-17 17:32:43,1217.62909,1042.61818,865.74545,21.50731,100.0,1010.32497,9.0,-372.72321
2025-10-17 17:32:43,1213.90545,1040.75636,860.16,21.52254,100.0,1010.34874,9.0,-369.50897
2025-10-17 17:32:44,1215.76727,1040.75636,862.02182,21.51239,100.0,1010.30577,9.0,-369.71536
2025-10-17 17:32:44,1215.76727,1037.03273,860.16,21.50224,100.0,1010.31705,9.0,-367.75275
2025-10-17 17:32:45,1215.76727,1040.75636,862.02182,21.50224,100.0,1010.31705,9.0,-369.89577
2025-10-17 17:32:45,1215.76727,1040.75636,862.02182,21.51239,100.0,1010.36002,9.0,-370.58946
2025-10-17 17:32:46,1215.76727,1038.89455,860.16,21.50731,100.0,1010.35209,9.0,-368.67546
2025-10-17 17:32:47,1215.76727,1040.75636,860.16,21.51239,100.0,1010.30577,9.0,-368.31107
2025-10-17 17:32:47,1217.62909,1040.75636,863.88364,21.50731,100.0,1010.35209,9.0,-371.36122
2025-10-17 17:32:48,1217.62909,1042.61818,863.88364,21.50731,100.0,1010.29785,9.0,-370.88187
2025-10-17 17:32:48,1215.76727,1040.75636,863.88364,21.50224,100.0,1010.28993,9.0,-370.86301
2025-10-17 17:32:49,1217.62909,1042.61818,865.74545,21.50731,100.0,1010.32497,9.0,-372.72321
2025-10-17 17:32:50,1213.90545,1038.89455,860.16,21.51239,100.0,1010.36002,9.0,-369.30798
2025-10-17 17:32:50,1217.62909,1044.48,863.88364,21.50224,100.0,1010.23568,9.0,-370.27688
2025-10-17 17:32:51,1217.62909,1038.89455,860.16,21.51747,100.0,1010.34082,9.0,-367.99086
2025-10-17 17:32:52,1217.62909,1038.89455,862.02182,21.51239,100.0,1010.30577,9.0,-368.82977
2025-10-17 17:32:52,1217.62909,1038.89455,862.02182,21.50731,100.0,1010.35209,9.0,-369.57555
2025-10-17 17:32:53,1217.62909,1040.75636,863.88364,21.50224,100.0,1010.31705,9.0,-370.79585
2025-10-17 17:32:53,1217.62909,1038.89455,863.88364,21.50731,100.0,1010.32497,9.0,-370.54278
2025-10-17 17:32:54,1217.62909,1038.89455,862.02182,21.49716,100.0,1010.30913,9.0,-368.88186
2025-10-17 17:32:54,1217.62909,1040.75636,863.88364,21.51747,100.0,1010.34082,9.0,-371.18082
2025-10-17 17:32:55,1221.35273,1040.75636,865.74545,21.50731,100.0,1010.27073,9.0,-370.44597
2025-10-17 17:32:56,1221.35273,1044.48,867.60727,21.50731,100.0,1010.32497,9.0,-373.51651
2025-10-17 17:32:56,1219.49091,1037.03273,860.16,21.50224,100.0,1010.31705,9.0,-366.74435
2025-10-17 17:32:57,1219.49091,1040.75636,863.88364,21.50731,100.0,1010.32497,9.0,-370.41997
2025-10-17 17:32:57,1217.62909,1040.75636,862.02182,21.49716,100.0,1010.28201,9.0,-368.82621
2025-10-17 17:32:58,1217.62909,1042.61818,867.60727,21.50224,100.0,1010.28993,9.0,-373.56213
2025-10-17 17:32:59,1219.49091,1042.61818,865.74545,21.49716,100.0,1010.30913,9.0,-371.96237
2025-10-17 17:32:59,1217.62909,1037.03273,862.02182,21.51239,100.0,1010.36002,9.0,-369.34653
2025-10-17 17:33:00,1219.49091,1037.03273,862.02182,21.49716,100.0,1010.30913,9.0,-368.02032
2025-10-17 17:33:00,1221.35273,1040.75636,863.88364,21.50224,100.0,1010.31705,9.0,-369.78746
2025-10-17 17:33:01,1221.35273,1038.89455,865.74545,21.50224,100.0,1010.37129,9.0,-371.68444
2025-10-17 17:33:02,1221.35273,1042.61818,867.60727,21.50224,100.0,1010.31705,9.0,-372.99077
2025-10-17 17:33:02,1219.49091,1038.89455,862.02182,21.50731,100.0,1010.24361,9.0,-367.32316
2025-10-17 17:33:03,1221.35273,1038.89455,863.88364,21.50731,100.0,1010.27073,9.0,-368.66029
2025-10-17 17:33:04,1221.35273,1040.75636,867.60727,21.51239,100.0,1010.30577,9.0,-372.41562
2025-10-17 17:33:04,1223.21455,1042.61818,867.60727,21.51239,100.0,1010.36002,9.0,-373.18027
2025-10-17 17:33:05,1221.35273,1038.89455,863.88364,21.50731,100.0,1010.32497,9.0,-369.53439
2025-10-17 17:33:05,1221.35273,1037.03273,863.88364,21.50731,100.0,1010.32497,9.0,-369.17704
2025-10-17 17:33:06,1223.21455,1042.61818,867.60727,21.51747,100.0,1010.36794,9.0,-373.3086
2025-10-17 17:33:07,1219.49091,1040.75636,863.88364,21.50731,100.0,1010.27073,9.0,-369.54588
2025-10-17 17:33:07,1221.35273,1040.75636,863.88364,21.50224,100.0,1010.37129,9.0,-370.66155
2025-10-17 17:33:08,1223.21455,1040.75636,867.60727,21.50731,100.0,1010.32497,9.0,-372.22015
2025-10-17 17:33:08,1225.07636,1044.48,871.33091,21.49716,100.0,1010.30913,9.0,-375.06004
2025-10-17 17:33:09,1221.35273,1040.75636,865.74545,21.50731,100.0,1010.35209,9.0,-371.75711
2025-10-17 17:33:10,1223.21455,1040.75636,863.88364,21.49716,100.0,1010.28201,9.0,-368.7179
2025-10-17 17:33:10,1221.35273,1040.75636,865.74545,21.49716,100.0,1010.30913,9.0,-371.06342
2025-10-17 17:33:11,1221.35273,1042.61818,865.74545,21.50224,100.0,1010.28993,9.0,-371.14944
2025-10-17 17:33:11,1223.21455,1042.61818,867.60727,21.50224,100.0,1010.28993,9.0,-372.04953
2025-10-17 17:33:12,1223.21455,1038.89455,865.74545,21.50731,100.0,1010.35209,9.0,-370.87152
2025-10-17 17:33:13,1221.35273,1040.75636,865.74545,21.51239,100.0,1010.36002,9.0,-371.88543
2025-10-17 17:33:13,1223.21455,1040.75636,863.88364,21.51747,100.0,1010.28657,9.0,-368.79411
2025-10-17 17:33:14,1226.93818,1048.20364,871.33091,21.49716,100.0,1010.33625,9.0,-375.75295
2025-10-17 17:33:14,1223.21455,1042.61818,865.74545,21.50731,100.0,1010.32497,9.0,-371.21061
2025-10-17 17:33:15,1223.21455,1042.61818,867.60727,21.50224,100.0,1010.34417,9.0,-372.92362
2025-10-17 17:33:16,1221.35273,1040.75636,865.74545,21.50224,100.0,1010.28993,9.0,-370.7547
2025-10-17 17:33:16,1226.93818,1042.61818,869.46909,21.51239,100.0,1010.41426,9.0,-374.45026
2025-10-17 17:33:17,1225.07636,1042.61818,869.46909,21.50224,100.0,1010.26281,9.0,-372.51257
2025-10-17 17:33:17,1225.07636,1040.75636,865.74545,21.51239,100.0,1010.25153,9.0,-369.12883
2025-10-17 17:33:18,1223.21455,1040.75636,867.60727,21.52254,100.0,1010.32162,9.0,-372.16806
2025-10-17 17:33:18,1223.21455,1044.48,869.46909,21.50731,100.0,1010.37922,9.0,-375.29069
2025-10-17 17:33:19,1226.93818,1042.61818,869.46909,21.50224,100.0,1010.31705,9.0,-372.88246
2025-10-17 17:33:19,1225.07636,1040.75636,867.60727,21.49716,100.0,1010.33625,9.0,-371.89635
2025-10-17 17:33:20,1226.93818,1044.48,867.60727,21.50224,100.0,1010.31705,9.0,-371.87559
2025-10-17 17:33:21,1225.07636,1042.61818,869.46909,21.51239,100.0,1010.36002,9.0,-374.08035
2025-10-17 17:33:21,1226.93818,1040.75636,871.33091,21.50731,100.0,1010.35209,9.0,-374.45737
2025-10-17 17:33:22,1225.07636,1042.61818,869.46909,21.51747,100.0,1010.36794,9.0,-374.20868
2025-10-17 17:33:22,1226.93818,1040.75636,867.60727,21.50731,100.0,1010.32497,9.0,-371.21175
2025-10-17 17:33:23,1223.21455,1042.61818,867.60727,21.51239,100.0,1010.27865,9.0,-371.86911
2025-10-17 17:33:24,1226.93818,1042.61818,869.46909,21.50731,100.0,1010.35209,9.0,-373.44783
2025-10-17 17:33:24,1226.93818,1042.61818,869.46909,21.50731,100.0,1010.35209,9.0,-373.44783
2025-10-17 17:33:25,1226.93818,1040.75636,869.46909,21.50731,100.0,1010.29785,9.0,-372.17899
2025-10-17 17:33:25,1225.07636,1042.61818,871.33091,21.50731,100.0,1010.29785,9.0,-374.48222
2025-10-17 17:33:26,1226.93818,1042.61818,867.60727,21.50731,100.0,1010.32497,9.0,-371.6065
2025-10-17 17:33:26,1228.8,1044.48,871.33091,21.51239,100.0,1010.36002,9.0,-374.87366
2025-10-17 17:33:27,1228.8,1040.75636,871.33091,21.52254,100.0,1010.40299,9.0,-374.77521
2025-10-17 17:33:28,1228.8,1042.61818,871.33091,21.51239,100.0,1010.30577,9.0,-373.60214
2025-10-17 17:33:28,1226.93818,1040.75636,869.46909,21.51747,100.0,1010.28657,9.0,-371.99857
2025-10-17 17:33:29,1228.8,1042.61818,871.33091,21.51239,100.0,1010.30577,9.0,-373.60214
2025-10-17 17:33:29,1228.8,1044.48,871.33091,21.50731,100.0,1010.29785,9.0,-373.87123
2025-10-17 17:33:30,1226.93818,1040.75636,867.60727,21.51747,100.0,1010.3137,9.0,-371.03134
2025-10-17 17:33:30,1228.8,1042.61818,871.33091,21.51747,100.0,1010.28657,9.0,-373.2934
2025-10-17 17:33:31,1228.8,1037.03273,869.46909,21.52254,100.0,1010.32162,9.0,-371.32101
2025-10-17 17:33:32,1228.8,1042.61818,869.46909,21.51239,100.0,1010.27865,9.0,-371.7608
2025-10-17 17:33:32,1226.93818,1040.75636,869.46909,21.50731,100.0,1010.29785,9.0,-372.17899
2025-10-17 17:33:33,1228.8,1040.75636,869.46909,21.51747,100.0,1010.28657,9.0,-371.49437
2025-10-17 17:33:33,1226.93818,1040.75636,869.46909,21.51747,100.0,1010.3137,9.0,-372.43563
2025-10-17 17:33:34,1230.66182,1046.34182,873.19273,21.51747,100.0,1010.3137,9.0,-375.41735
2025-10-17 17:33:35,1232.52364,1042.61818,873.19273,21.51239,100.0,1010.27865,9.0,-373.56098
2025-10-17 17:33:35,1230.66182,1040.75636,873.19273,21.50731,100.0,1010.37922,9.0,-375.2903
2025-10-17 17:33:36,1228.8,1040.75636,869.46909,21.50731,100.0,1010.29785,9.0,-371.67479
2025-10-17 17:33:36,1226.93818,1038.89455,869.46909,21.52762,100.0,1010.32954,9.0,-372.31088
2025-10-17 17:33:37,1230.66182,1040.75636,873.19273,21.51747,100.0,1010.25945,9.0,-373.36169
2025-10-17 17:33:38,1228.8,1040.75636,869.46909,21.51747,100.0,1010.34082,9.0,-372.36848
2025-10-17 17:33:38,1228.8,1038.89455,869.46909,21.51239,100.0,1010.30577,9.0,-371.42172
2025-10-17 17:33:39,1228.8,1038.89455,869.46909,21.51239,100.0,1010.30577,9.0,-371.42172
2025-10-17 17:33:39,1232.52364,1046.34182,878.77818,21.51747,100.0,1010.34082,9.0,-379.56306
2025-10-17 17:33:40,1232.52364,1042.61818,873.19273,21.51239,100.0,1010.30577,9.0,-373.99803
2025-10-17 17:33:41,1230.66182,1040.75636,871.33091,21.51747,100.0,1010.3137,9.0,-372.83151
2025-10-17 17:33:42,1230.66182,1040.75636,869.46909,21.51747,100.0,1010.28657,9.0,-370.99017
2025-10-17 17:33:42,1234.38545,1046.34182,876.91636,21.50731,100.0,1010.32497,9.0,-377.39793
2025-10-17 17:33:43,1230.66182,1042.61818,871.33091,21.52254,100.0,1010.37586,9.0,-374.2287
2025-10-17 17:33:44,1230.66182,1042.61818,871.33091,21.52254,100.0,1010.2945,9.0,-372.91753
2025-10-17 17:33:44,1232.52364,1042.61818,871.33091,21.50731,100.0,1010.29785,9.0,-372.46542
2025-10-17 17:33:45,1232.52364,1044.48,875.05455,21.51747,100.0,1010.34082,9.0,-376.3651
2025-10-17 17:33:45,1232.52364,1038.89455,871.33091,21.51239,100.0,1010.3329,9.0,-372.25465
2025-10-17 17:33:46,1232.52364,1046.34182,876.91636,21.51239,100.0,1010.27865,9.0,-377.15635
2025-10-17 17:33:47,1232.52364,1042.61818,873.19273,21.51747,100.0,1010.3137,9.0,-374.12635
2025-10-17 17:33:47,1234.38545,1048.20364,876.91636,21.51747,100.0,1010.34082,9.0,-378.02525
2025-10-17 17:33:48,1230.66182,1044.48,876.91636,21.51239,100.0,1010.25153,9.0,-376.8341
2025-10-17 17:33:48,1230.66182,1042.61818,873.19273,21.51239,100.0,1010.3329,9.0,-374.93928
2025-10-17 17:33:49,1234.38545,1042.61818,873.19273,21.51239,100.0,1010.36002,9.0,-374.36793
2025-10-17 17:33:50,1232.52364,1042.61818,875.05455,21.51239,100.0,1010.3329,9.0,-375.83936
2025-10-17 17:33:50,1234.38545,1046.34182,876.91636,21.51239,100.0,1010.3329,9.0,-377.52625
2025-10-17 17:33:51,1234.38545,1044.48,876.91636,21.50224,100.0,1010.31705,9.0,-376.88022
2025-10-17 17:33:51,1232.52364,1042.61818,873.19273,21.51239,100.0,1010.30577,9.0,-373.99803
2025-10-17 17:33:52,1234.38545,1044.48,875.05455,21.51747,100.0,1010.3137,9.0,-375.42385
2025-10-17 17:33:53,1234.38545,1044.48,876.91636,21.51239,100.0,1010.3329,9.0,-377.13686
2025-10-17 17:33:53,1232.52364,1040.75636,873.19273,21.49716,100.0,1010.25488,9.0,-372.78129
2025-10-17 17:33:54,1236.24727,1044.48,876.91636,21.50731,100.0,1010.32497,9.0,-376.50434
2025-10-17 17:33:54,1234.38545,1042.61818,875.05455,21.51239,100.0,1010.27865,9.0,-374.46106
2025-10-17 17:33:55,1234.38545,1046.34182,878.77818,21.50731,100.0,1010.29785,9.0,-378.36517
2025-10-17 17:33:56,1232.52364,1044.48,873.19273,21.50731,100.0,1010.29785,9.0,-374.26712
2025-10-17 17:33:56,1236.24727,1044.48,875.05455,21.50731,100.0,1010.32497,9.0,-375.10006
2025-10-17 17:33:57,1234.38545,1042.61818,875.05455,21.50224,100.0,1010.28993,9.0,-374.64148
2025-10-17 17:33:57,1232.52364,1042.61818,875.05455,21.50224,100.0,1010.31705,9.0,-375.58272
2025-10-17 17:33:58,1236.24727,1046.34182,878.77818,21.50731,100.0,1010.32497,9.0,-378.29802
2025-10-17 17:33:59,1236.24727,1042.61818,875.05455,21.50731,100.0,1010.29785,9.0,-374.2656
2025-10-17 17:33:59,1236.24727,1040.75636,875.05455,21.51239,100.0,1010.3329,9.0,-374.43622
2025-10-17 17:34:00,1236.24727,1040.75636,876.91636,21.50731,100.0,1010.29785,9.0,-375.27513
2025-10-17 17:34:01,1238.10909,1044.48,878.77818,21.50731,100.0,1010.37922,9.0,-378.27853
2025-10-17 17:34:01,1234.38545,1042.61818,875.05455,21.50731,100.0,1010.29785,9.0,-374.76979
2025-10-17 17:34:02,1234.38545,1042.61818,876.91636,21.51239,100.0,1010.3329,9.0,-376.73945
2025-10-17 17:34:02,1236.24727,1044.48,876.91636,21.50731,100.0,1010.32497,9.0,-376.50434
2025-10-17 17:34:03,1238.10909,1044.48,878.77818,21.51239,100.0,1010.3329,9.0,-377.53275
2025-10-17 17:34:03,1236.24727,1042.61818,875.05455,21.51239,100.0,1010.3329,9.0,-374.83097
2025-10-17 17:34:04,1236.24727,1042.61818,876.91636,21.50731,100.0,1010.35209,9.0,-376.54398
2025-10-17 17:34:05,1236.24727,1042.61818,876.91636,21.50224,100.0,1010.31705,9.0,-375.97861
2025-10-17 17:34:05,1238.10909,1046.34182,880.64,21.50224,100.0,1010.28993,9.0,-378.63274
2025-10-17 17:34:06,1239.97091,1046.34182,878.77818,21.50731,100.0,1010.27073,9.0,-376.41552
2025-10-17 17:34:07,1234.38545,1042.61818,873.19273,21.50224,100.0,1010.31705,9.0,-373.67424
2025-10-17 17:34:07,1238.10909,1044.48,878.77818,21.50224,100.0,1010.31705,9.0,-377.27611
2025-10-17 17:34:08,1236.24727,1044.48,875.05455,21.50224,100.0,1010.28993,9.0,-374.53469
2025-10-17 17:34:08,1238.10909,1048.20364,880.64,21.50731,100.0,1010.29785,9.0,-379.13173
2025-10-17 17:34:09,1238.10909,1044.48,876.91636,21.51747,100.0,1010.28657,9.0,-375.38268
2025-10-17 17:34:09,1236.24727,1044.48,876.91636,21.50224,100.0,1010.34417,9.0,-376.81307
2025-10-17 17:34:10,1236.24727,1044.48,876.91636,21.49716,100.0,1010.28201,9.0,-375.81066
2025-10-17 17:34:11,1238.10909,1046.34182,880.64,21.50224,100.0,1010.34417,9.0,-379.50683
2025-10-17 17:34:11,1238.10909,1046.34182,878.77818,21.52254,100.0,1010.40299,9.0,-379.05291
2025-10-17 17:34:12,1239.97091,1046.34182,880.64,21.51239,100.0,1010.27865,9.0,-377.94812
2025-10-17 17:34:12,1238.10909,1046.34182,876.91636,21.51747,100.0,1010.36794,9.0,-377.08323
2025-10-17 17:34:13,1239.97091,1046.34182,880.64,21.51239,100.0,1010.30577,9.0,-378.38517
2025-10-17 17:34:14,1238.10909,1044.48,880.64,21.51239,100.0,1010.30577,9.0,-378.49998
2025-10-17 17:34:14,1238.10909,1042.61818,876.91636,21.51747,100.0,1010.34082,9.0,-375.85938
2025-10-17 17:34:15,1239.97091,1046.34182,878.77818,21.51747,100.0,1010.3137,9.0,-377.10921
2025-10-17 17:34:15,1239.97091,1046.34182,880.64,21.50224,100.0,1010.31705,9.0,-378.56558
2025-10-17 17:34:16,1241.83273,1046.34182,880.64,21.51239,100.0,1010.3329,9.0,-378.31803
2025-10-17 17:34:17,1239.97091,1044.48,878.77818,21.50224,100.0,1010.34417,9.0,-377.20896
2025-10-17 17:34:17,1241.83273,1044.48,880.64,21.51747,100.0,1010.36794,9.0,-378.49402
2025-10-17 17:34:18,1239.97091,1044.48,876.91636,21.51239,100.0,1010.38714,9.0,-376.49837
2025-10-17 17:34:18,1241.83273,1048.20364,882.50182,21.50224,100.0,1010.28993,9.0,-379.3993
2025-10-17 17:34:19,1239.97091,1044.48,876.91636,21.51747,100.0,1010.34082,9.0,-375.75259
2025-10-17 17:34:20,1241.83273,1044.48,880.64,21.51747,100.0,1010.34082,9.0,-378.05696
2025-10-17 17:34:20,1239.97091,1044.48,878.77818,21.51239,100.0,1010.25153,9.0,-375.7174
2025-10-17 17:34:21,1241.83273,1048.20364,882.50182,21.51747,100.0,1010.34082,9.0,-380.22131
2025-10-17 17:34:21,1241.83273,1046.34182,882.50182,21.51747,100.0,1010.3137,9.0,-379.41358
2025-10-17 17:34:22,1239.97091,1044.48,876.91636,21.52762,100.0,1010.30242,9.0,-375.13512
2025-10-17 17:34:22,1239.97091,1044.48,878.77818,21.51239,100.0,1010.38714,9.0,-377.90266
2025-10-17 17:34:23,1239.97091,1044.48,878.77818,21.51239,100.0,1010.30577,9.0,-376.5915
2025-10-17 17:34:24,1241.83273,1048.20364,882.50182,21.51239,100.0,1010.30577,9.0,-379.65593
2025-10-17 17:34:24,1241.83273,1044.48,878.77818,21.50731,100.0,1010.29785,9.0,-375.95898
2025-10-17 17:34:25,1241.83273,1042.61818,882.50182,21.51747,100.0,1010.28657,9.0,-378.18972
2025-10-17 17:34:25,1239.97091,1044.48,880.64,21.51747,100.0,1010.28657,9.0,-377.68705
2025-10-17 17:34:26,1239.97091,1046.34182,880.64,21.51239,100.0,1010.30577,9.0,-378.38517
2025-10-17 17:34:27,1241.83273,1046.34182,880.64,21.51747,100.0,1010.34082,9.0,-378.44635
2025-10-17 17:34:27,1241.83273,1042.61818,878.77818,21.51239,100.0,1010.3329,9.0,-376.12694
2025-10-17 17:34:28,1241.83273,1044.48,880.64,21.51747,100.0,1010.28657,9.0,-377.18285
2025-10-17 17:34:28,1241.83273,1044.48,878.77818,21.51747,100.0,1010.3137,9.0,-376.21562
2025-10-17 17:34:29,1243.69455,1044.48,882.50182,21.51239,100.0,1010.30577,9.0,-378.39167
2025-10-17 17:34:29,1243.69455,1040.75636,878.77818,21.51747,100.0,1010.28657,9.0,-374.48221
2025-10-17 17:34:30,1241.83273,1044.48,878.77818,21.51239,100.0,1010.3329,9.0,-376.52435
2025-10-17 17:34:31,1243.69455,1044.48,884.36364,21.52254,100.0,1010.37586,9.0,-380.92672
2025-10-17 17:34:31,1245.55636,1046.34182,884.36364,21.50731,100.0,1010.32497,9.0,-379.98988
2025-10-17 17:34:32,1241.83273,1042.61818,880.64,21.52254,100.0,1010.2945,9.0,-376.91376
2025-10-17 17:34:33,1241.83273,1044.48,880.64,21.51747,100.0,1010.28657,9.0,-377.18285
2025-10-17 17:34:33,1241.83273,1044.48,880.64,21.51239,100.0,1010.30577,9.0,-377.49159
2025-10-17 17:34:34,1243.69455,1044.48,880.64,21.51747,100.0,1010.36794,9.0,-377.98982
2025-10-17 17:34:34,1245.55636,1048.20364,884.36364,21.51747,100.0,1010.3137,9.0,-380.18014
2025-10-17 17:34:35,1243.69455,1044.48,880.64,21.51747,100.0,1010.34082,9.0,-377.55276
2025-10-17 17:34:35,1243.69455,1044.48,880.64,21.51239,100.0,1010.30577,9.0,-376.98739
2025-10-17 17:34:36,1243.69455,1046.34182,880.64,21.50731,100.0,1010.32497,9.0,-377.68551
2025-10-17 17:34:37,1245.55636,1048.20364,886.22545,21.51747,100.0,1010.3137,9.0,-381.58442
2025-10-17 17:34:37,1243.69455,1046.34182,884.36364,21.51239,100.0,1010.30577,9.0,-380.18535
2025-10-17 17:34:38,1247.41818,1046.34182,884.36364,21.52254,100.0,1010.2945,9.0,-378.99653
2025-10-17 17:34:38,1245.55636,1044.48,882.50182,21.50731,100.0,1010.24361,9.0,-376.88506
2025-10-17 17:34:39,1245.55636,1048.20364,886.22545,21.51747,100.0,1010.28657,9.0,-381.14737
2025-10-17 17:34:39,1245.55636,1046.34182,880.64,21.51747,100.0,1010.28657,9.0,-376.56384
2025-10-17 17:34:40,1245.55636,1044.48,882.50182,21.51747,100.0,1010.3137,9.0,-378.01579
2025-10-17 17:34:41,1245.55636,1044.48,882.50182,21.51747,100.0,1010.36794,9.0,-378.88991
2025-10-17 17:34:41,1245.55636,1044.48,882.50182,21.50731,100.0,1010.37922,9.0,-379.0703
2025-10-17 17:34:42,1247.41818,1048.20364,888.08727,21.51747,100.0,1010.34082,9.0,-382.92157
2025-10-17 17:34:42,1245.55636,1046.34182,884.36364,21.50731,100.0,1010.24361,9.0,-378.67873
2025-10-17 17:34:43,1245.55636,1044.48,884.36364,21.52254,100.0,1010.2945,9.0,-379.11134
2025-10-17 17:34:44,1243.69455,1048.20364,884.36364,21.51239,100.0,1010.27865,9.0,-380.11897
2025-10-17 17:34:44,1247.41818,1048.20364,884.36364,21.51747,100.0,1010.3137,9.0,-379.67594
2025-10-17 17:34:45,1247.41818,1046.34182,886.22545,21.51239,100.0,1010.30577,9.0,-380.58123
2025-10-17 17:34:45,1245.55636,1044.48,882.50182,21.51239,100.0,1010.27865,9.0,-377.45042
2025-10-17 17:34:46,1245.55636,1046.34182,884.36364,21.52762,100.0,1010.32954,9.0,-380.06612
2025-10-17 17:34:46,1247.41818,1048.20364,884.36364,21.52762,100.0,1010.32954,9.0,-379.93259
2025-10-17 17:34:47,1247.41818,1048.20364,886.22545,21.51239,100.0,1010.3329,9.0,-381.38896
2025-10-17 17:34:48,1245.55636,1046.34182,884.36364,21.52254,100.0,1010.32162,9.0,-379.93779
2025-10-17 17:34:48,1245.55636,1044.48,884.36364,21.51747,100.0,1010.28657,9.0,-378.98302
2025-10-17 17:34:49,1245.55636,1044.48,882.50182,21.52762,100.0,1010.32954,9.0,-378.27244
2025-10-17 17:34:49,1249.28,1048.20364,888.08727,21.51747,100.0,1010.28657,9.0,-381.54326
2025-10-17 17:34:50,1247.41818,1046.34182,882.50182,21.51239,100.0,1010.30577,9.0,-377.77266
2025-10-17 17:34:50,1247.41818,1046.34182,884.36364,21.51239,100.0,1010.27865,9.0,-378.7399
2025-10-17 17:34:51,1247.41818,1044.48,884.36364,21.51747,100.0,1010.34082,9.0,-379.35294
2025-10-17 17:34:52,1247.41818,1048.20364,888.08727,21.52254,100.0,1010.32162,9.0,-382.61283
2025-10-17 17:34:53,1247.41818,1044.48,884.36364,21.52254,100.0,1010.34874,9.0,-379.48126
2025-10-17 17:34:53,1249.28,1048.20364,888.08727,21.51747,100.0,1010.34082,9.0,-382.41737
2025-10-17 17:34:54,1249.28,1044.48,884.36364,21.51747,100.0,1010.28657,9.0,-377.97463
2025-10-17 17:34:54,1251.14182,1046.34182,886.22545,21.52762,100.0,1010.38379,9.0,-380.83193
2025-10-17 17:34:55,1247.41818,1044.48,884.36364,21.51747,100.0,1010.3137,9.0,-378.91588
2025-10-17 17:34:56,1249.28,1046.34182,884.36364,21.50731,100.0,1010.27073,9.0,-378.10738
2025-10-17 17:34:56,1251.14182,1046.34182,888.08727,21.52254,100.0,1010.32162,9.0,-381.23376
2025-10-17 17:34:57,1251.14182,1048.20364,886.22545,21.51747,100.0,1010.34082,9.0,-380.50888
2025-10-17 17:34:57,1247.41818,1046.34182,888.08727,21.50731,100.0,1010.27073,9.0,-381.42015
2025-10-17 17:34:58,1247.41818,1046.34182,886.22545,21.51747,100.0,1010.28657,9.0,-380.2725
2025-10-17 17:34:59,1249.28,1046.34182,884.36364,21.52254,100.0,1010.26737,9.0,-378.05528
2025-10-17 17:34:59,1251.14182,1044.48,886.22545,21.52254,100.0,1010.24025,9.0,-378.12892
2025-10-17 17:35:00,1251.14182,1048.20364,889.94909,21.51747,100.0,1010.34082,9.0,-383.31745
2025-10-17 17:35:00,1247.41818,1046.34182,886.22545,21.51239,100.0,1010.27865,9.0,-380.14418
2025-10-17 17:35:01,1251.14182,1046.34182,886.22545,21.51747,100.0,1010.3137,9.0,-379.70116
2025-10-17 17:35:02,1249.28,1044.48,884.36364,21.51239,100.0,1010.30577,9.0,-378.28336
2025-10-17 17:35:02,1251.14182,1051.92727,893.67273,21.51747,100.0,1010.25945,9.0,-385.45729
2025-10-17 17:35:03,1251.14182,1044.48,888.08727,21.51747,100.0,1010.25945,9.0,-379.84194
2025-10-17 17:35:04,1251.14182,1048.20364,889.94909,21.52254,100.0,1010.34874,9.0,-383.44578
2025-10-17 17:35:04,1251.14182,1044.48,886.22545,21.52254,100.0,1010.26737,9.0,-378.56597
2025-10-17 17:35:05,1249.28,1044.48,886.22545,21.52254,100.0,1010.32162,9.0,-379.94429
2025-10-17 17:35:05,1251.14182,1048.20364,889.94909,21.51747,100.0,1010.28657,9.0,-382.44334
2025-10-17 17:35:06,1251.14182,1044.48,888.08727,21.52762,100.0,1010.27529,9.0,-380.09858
2025-10-17 17:35:06,1251.14182,1044.48,886.22545,21.52254,100.0,1010.32162,9.0,-379.44009
2025-10-17 17:35:07,1251.14182,1046.34182,886.22545,21.52762,100.0,1010.30242,9.0,-379.52074
2025-10-17 17:35:08,1251.14182,1050.06545,888.08727,21.51747,100.0,1010.28657,9.0,-381.38033
2025-10-17 17:35:08,1251.14182,1050.06545,889.94909,21.52762,100.0,1010.35666,9.0,-383.91538
2025-10-17 17:35:09,1251.14182,1048.20364,889.94909,21.50224,100.0,1010.31705,9.0,-382.93249
2025-10-17 17:35:09,1253.00364,1051.92727,891.81091,21.51239,100.0,1010.27865,9.0,-383.85755
2025-10-17 17:35:10,1253.00364,1046.34182,886.22545,21.52254,100.0,1010.2945,9.0,-378.88822
2025-10-17 17:35:11,1253.00364,1048.20364,889.94909,21.51747,100.0,1010.28657,9.0,-381.93915
2025-10-17 17:35:11,1253.00364,1048.20364,891.81091,21.52254,100.0,1010.32162,9.0,-383.90881
2025-10-17 17:35:12,1251.14182,1046.34182,888.08727,21.51747,100.0,1010.34082,9.0,-381.5425
2025-10-17 17:35:12,1256.72727,1050.06545,893.67273,21.52762,100.0,1010.32954,9.0,-384.77429
2025-10-17 17:35:13,1254.86545,1050.06545,893.67273,21.51239,100.0,1010.25153,9.0,-384.01941
2025-10-17 17:35:14,1254.86545,1048.20364,889.94909,21.52254,100.0,1010.32162,9.0,-382.00032
2025-10-17 17:35:14,1253.00364,1050.06545,889.94909,21.52254,100.0,1010.32162,9.0,-382.84579
2025-10-17 17:35:15,1254.86545,1050.06545,893.67273,21.52762,100.0,1010.27529,9.0,-384.40436
2025-10-17 17:35:15,1253.00364,1050.06545,891.81091,21.51747,100.0,1010.34082,9.0,-384.55881
2025-10-17 17:35:16,1254.86545,1048.20364,889.94909,21.52254,100.0,1010.32162,9.0,-382.00032
2025-10-17 17:35:17,1253.00364,1048.20364,891.81091,21.52254,100.0,1010.2945,9.0,-383.47175
2025-10-17 17:35:17,1254.86545,1044.48,888.08727,21.52254,100.0,1010.32162,9.0,-379.83598
2025-10-17 17:35:18,1256.72727,1050.06545,895.53455,21.5327,100.0,1010.36459,9.0,-386.74397
2025-10-17 17:35:19,1254.86545,1048.20364,893.67273,21.52762,100.0,1010.32954,9.0,-384.93722
2025-10-17 17:35:19,1253.00364,1046.34182,888.08727,21.52762,100.0,1010.32954,9.0,-380.85789
2025-10-17 17:35:20,1254.86545,1044.48,889.94909,21.51747,100.0,1010.3137,9.0,-381.11194
2025-10-17 17:35:20,1253.00364,1046.34182,889.94909,21.52762,100.0,1010.32954,9.0,-382.26218
2025-10-17 17:35:21,1253.00364,1048.20364,889.94909,21.52254,100.0,1010.2945,9.0,-382.06746
2025-10-17 17:35:21,1254.86545,1046.34182,891.81091,21.52254,100.0,1010.32162,9.0,-383.03394
2025-10-17 17:35:22,1256.72727,1048.20364,891.81091,21.51747,100.0,1010.25945,9.0,-381.89798
2025-10-17 17:35:23,1254.86545,1046.34182,891.81091,21.52762,100.0,1010.24817,9.0,-381.85108
2025-10-17 17:35:23,1254.86545,1046.34182,889.94909,21.52762,100.0,1010.30242,9.0,-381.32092
2025-10-17 17:35:24,1258.58909,1048.20364,893.67273,21.52762,100.0,1010.27529,9.0,-383.0547
2025-10-17 17:35:25,1256.72727,1048.20364,889.94909,21.51747,100.0,1010.3137,9.0,-381.3678
2025-10-17 17:35:25,1254.86545,1046.34182,888.08727,21.52254,100.0,1010.2945,9.0,-379.78831
2025-10-17 17:35:26,1254.86545,1046.34182,889.94909,21.52254,100.0,1010.26737,9.0,-380.75554
2025-10-17 17:35:26,1254.86545,1046.34182,891.81091,21.52762,100.0,1010.27529,9.0,-382.28814
2025-10-17 17:35:27,1254.86545,1042.61818,888.08727,21.52762,100.0,1010.32954,9.0,-379.56689
2025-10-17 17:35:27,1254.86545,1046.34182,889.94909,21.52762,100.0,1010.38379,9.0,-382.6321
2025-10-17 17:35:28,1256.72727,1046.34182,891.81091,21.51747,100.0,1010.3137,9.0,-382.40142
2025-10-17 17:35:29,1256.72727,1048.20364,891.81091,21.52762,100.0,1010.30242,9.0,-382.59167
2025-10-17 17:35:29,1254.86545,1046.34182,889.94909,21.52254,100.0,1010.26737,9.0,-380.75554
2025-10-17 17:35:30,1258.58909,1048.20364,891.81091,21.52762,100.0,1010.30242,9.0,-382.08748
2025-10-17 17:35:31,1256.72727,1046.34182,889.94909,21.5327,100.0,1010.31034,9.0,-380.94504
2025-10-17 17:35:31,1256.72727,1046.34182,891.81091,21.52762,100.0,1010.30242,9.0,-382.221
2025-10-17 17:35:32,1256.72727,1048.20364,893.67273,21.52762,100.0,1010.27529,9.0,-383.5589
2025-10-17 17:35:32,1254.86545,1046.34182,889.94909,21.52762,100.0,1010.30242,9.0,-381.32092
2025-10-17 17:35:33,1256.72727,1046.34182,891.81091,21.5327,100.0,1010.31034,9.0,-382.34933
2025-10-17 17:35:34,1258.58909,1046.34182,895.53455,21.52762,100.0,1010.32954,9.0,-384.96243
2025-10-17 17:35:34,1260.45091,1048.20364,897.39636,21.52762,100.0,1010.30242,9.0,-385.79613
2025-10-17 17:35:35,1256.72727,1044.48,889.94909,21.5327,100.0,1010.33746,9.0,-380.99272
2025-10-17 17:35:36,1256.72727,1044.48,891.81091,21.5327,100.0,1010.25609,9.0,-381.08581
2025-10-17 17:35:36,1258.58909,1048.20364,891.81091,21.5327,100.0,1010.33746,9.0,-382.65287
2025-10-17 17:35:37,1256.72727,1050.06545,897.39636,21.52254,100.0,1010.2945,9.0,-387.01747
2025-10-17 17:35:37,1258.58909,1044.48,891.81091,21.5327,100.0,1010.31034,9.0,-381.45574
2025-10-17 17:35:38,1258.58909,1044.48,891.81091,21.52762,100.0,1010.24817,9.0,-380.45329
2025-10-17 17:35:38,1256.72727,1046.34182,891.81091,21.5327,100.0,1010.36459,9.0,-383.22346
2025-10-17 17:35:39,1260.45091,1048.20364,895.53455,21.52254,100.0,1010.32162,9.0,-384.70058
2025-10-17 17:35:40,1258.58909,1048.20364,895.53455,21.52762,100.0,1010.32954,9.0,-385.33311
2025-10-17 17:35:40,1260.45091,1048.20364,893.67273,21.52762,100.0,1010.24817,9.0,-382.11344
2025-10-17 17:35:41,1258.58909,1046.34182,895.53455,21.51747,100.0,1010.28657,9.0,-384.26873
2025-10-17 17:35:41,1260.45091,1046.34182,895.53455,21.52762,100.0,1010.32954,9.0,-384.45824
2025-10-17 17:35:42,1260.45091,1048.20364,899.25818,21.5327,100.0,1010.28322,9.0,-386.89168
2025-10-17 17:35:43,1256.72727,1048.20364,891.81091,21.52254,100.0,1010.32162,9.0,-382.90041
2025-10-17 17:35:43,1258.58909,1046.34182,891.81091,21.52762,100.0,1010.35666,9.0,-382.59093
2025-10-17 17:35:44,1258.58909,1046.34182,891.81091,21.52762,100.0,1010.30242,9.0,-381.7168
2025-10-17 17:35:44,1262.31273,1048.20364,897.39636,21.5327,100.0,1010.33746,9.0,-385.85732
2025-10-17 17:35:45,1258.58909,1046.34182,893.67273,21.52762,100.0,1010.32954,9.0,-383.55815
2025-10-17 17:35:46,1258.58909,1048.20364,893.67273,21.52762,100.0,1010.35666,9.0,-384.36589
2025-10-17 17:35:46,1260.45091,1044.48,891.81091,21.53777,100.0,1010.31826,9.0,-381.07987
2025-10-17 17:35:47,1262.31273,1050.06545,899.25818,21.53777,100.0,1010.37251,9.0,-388.16828
2025-10-17 17:35:47,1260.45091,1048.20364,897.39636,21.5327,100.0,1010.36459,9.0,-386.79859
2025-10-17 17:35:48,1256.72727,1048.20364,893.67273,21.5327,100.0,1010.33746,9.0,-384.56135
2025-10-17 17:35:49,1260.45091,1046.34182,893.67273,21.5327,100.0,1010.33746,9.0,-383.18228
2025-10-17 17:35:49,1262.31273,1050.06545,897.39636,21.53777,100.0,1010.29114,9.0,-385.45279
2025-10-17 17:35:50,1260.45091,1048.20364,895.53455,21.54285,100.0,1010.29906,9.0,-384.33976
2025-10-17 17:35:50,1260.45091,1046.34182,893.67273,21.5327,100.0,1010.31034,9.0,-382.74522
2025-10-17 17:35:51,1260.45091,1048.20364,895.53455,21.53777,100.0,1010.34539,9.0,-385.08557
2025-10-17 17:35:52,1260.45091,1048.20364,893.67273,21.5327,100.0,1010.31034,9.0,-383.11589
2025-10-17 17:35:52,1264.17455,1048.20364,897.39636,21.53777,100.0,1010.37251,9.0,-385.91853
2025-10-17 17:35:53,1262.31273,1046.34182,895.53455,21.5327,100.0,1010.36459,9.0,-384.51943
2025-10-17 17:35:53,1262.31273,1050.06545,895.53455,21.5327,100.0,1010.31034,9.0,-384.35724
2025-10-17 17:35:54,1260.45091,1051.92727,897.39636,21.51747,100.0,1010.23233,9.0,-385.30782
2025-10-17 17:35:55,1260.45091,1050.06545,897.39636,21.5327,100.0,1010.31034,9.0,-386.26572
2025-10-17 17:35:55,1264.17455,1048.20364,899.25818,21.52762,100.0,1010.27529,9.0,-385.75496
2025-10-17 17:35:56,1262.31273,1044.48,895.53455,21.52762,100.0,1010.27529,9.0,-382.69053
2025-10-17 17:35:56,1262.31273,1048.20364,893.67273,21.52762,100.0,1010.30242,9.0,-382.48336
2025-10-17 17:35:57,1262.31273,1050.06545,897.39636,21.5327,100.0,1010.36459,9.0,-386.63566
2025-10-17 17:35:57,1264.17455,1050.06545,899.25818,21.52762,100.0,1010.35666,9.0,-387.40741
2025-10-17 17:35:58,1262.31273,1048.20364,895.53455,21.53777,100.0,1010.34539,9.0,-384.58137
2025-10-17 17:35:58,1264.17455,1046.34182,895.53455,21.5327,100.0,1010.33746,9.0,-383.57817
2025-10-17 17:35:59,1260.45091,1048.20364,897.39636,21.51747,100.0,1010.28657,9.0,-385.53949
2025-10-17 17:36:00,1262.31273,1050.06545,899.25818,21.52762,100.0,1010.38379,9.0,-388.34867
2025-10-17 17:36:00,1264.17455,1050.06545,895.53455,21.53777,100.0,1010.31826,9.0,-383.98137
2025-10-17 17:36:01,1262.31273,1048.20364,895.53455,21.52762,100.0,1010.32954,9.0,-384.32471
2025-10-17 17:36:02,1264.17455,1048.20364,895.53455,21.5327,100.0,1010.33746,9.0,-383.94884
2025-10-17 17:36:02,1264.17455,1048.20364,897.39636,21.5327,100.0,1010.36459,9.0,-385.79019
2025-10-17 17:36:03,1264.17455,1050.06545,899.25818,21.5327,100.0,1010.36459,9.0,-387.53574
2025-10-17 17:36:03,1264.17455,1048.20364,897.39636,21.5327,100.0,1010.31034,9.0,-384.91606
2025-10-17 17:36:04,1262.31273,1048.20364,895.53455,21.5327,100.0,1010.31034,9.0,-384.01597
2025-10-17 17:36:05,1266.03636,1050.06545,901.12,21.52762,100.0,1010.32954,9.0,-387.87043
2025-10-17 17:36:06,1264.17455,1050.06545,893.67273,21.53777,100.0,1010.34539,9.0,-383.01416
2025-10-17 17:36:06,1266.03636,1051.92727,899.25818,21.52762,100.0,1010.30242,9.0,-386.33026
2025-10-17 17:36:07,1262.31273,1048.20364,895.53455,21.53777,100.0,1010.29114,9.0,-383.70723
2025-10-17 17:36:08,1264.17455,1050.06545,899.25818,21.52762,100.0,1010.27529,9.0,-386.09622
2025-10-17 17:36:08,1264.17455,1048.20364,899.25818,21.5327,100.0,1010.31034,9.0,-386.32035
2025-10-17 17:36:09,1264.17455,1048.20364,897.39636,21.53777,100.0,1010.31826,9.0,-385.04439
2025-10-17 17:36:09,1264.17455,1046.34182,899.25818,21.52762,100.0,1010.24817,9.0,-384.94722
2025-10-17 17:36:10,1264.17455,1050.06545,899.25818,21.52254,100.0,1010.2945,9.0,-386.40496
2025-10-17 17:36:11,1264.17455,1050.06545,901.12,21.5327,100.0,1010.28322,9.0,-387.62883
2025-10-17 17:36:11,1266.03636,1046.34182,897.39636,21.54285,100.0,1010.32619,9.0,-384.29785
2025-10-17 17:36:12,1262.31273,1048.20364,899.25818,21.52762,100.0,1010.30242,9.0,-386.69622
2025-10-17 17:36:12,1266.03636,1050.06545,902.98182,21.53777,100.0,1010.37251,9.0,-389.96845
2025-10-17 17:36:13,1267.89818,1053.78909,902.98182,21.52762,100.0,1010.30242,9.0,-388.88501
2025-10-17 17:36:14,1266.03636,1046.34182,897.39636,21.53777,100.0,1010.29114,9.0,-383.73245
2025-10-17 17:36:14,1266.03636,1050.06545,897.39636,21.53777,100.0,1010.29114,9.0,-384.44439
2025-10-17 17:36:15,1266.03636,1048.20364,899.25818,21.53777,100.0,1010.29114,9.0,-385.50741
2025-10-17 17:36:15,1266.03636,1050.06545,901.12,21.52762,100.0,1010.30242,9.0,-387.43337
2025-10-17 17:36:16,1266.03636,1050.06545,901.12,21.52762,100.0,1010.32954,9.0,-387.87043
2025-10-17 17:36:16,1266.03636,1046.34182,895.53455,21.53777,100.0,1010.29114,9.0,-382.32817
2025-10-17 17:36:17,1264.17455,1048.20364,897.39636,21.52762,100.0,1010.30242,9.0,-384.78774
2025-10-17 17:36:17,1267.89818,1048.20364,897.39636,21.52762,100.0,1010.27529,9.0,-383.34228
2025-10-17 17:36:18,1266.03636,1051.92727,901.12,21.52762,100.0,1010.32954,9.0,-388.1716
2025-10-17 17:36:19,1266.03636,1046.34182,897.39636,21.51747,100.0,1010.28657,9.0,-383.65622
2025-10-17 17:36:19,1266.03636,1048.20364,901.12,21.52254,100.0,1010.34874,9.0,-387.8379
2025-10-17 17:36:20,1267.89818,1046.34182,899.25818,21.5327,100.0,1010.33746,9.0,-385.37834
2025-10-17 17:36:21,1267.89818,1048.20364,902.98182,21.52762,100.0,1010.27529,9.0,-387.55513
2025-10-17 17:36:21,1267.89818,1048.20364,901.12,21.53777,100.0,1010.31826,9.0,-386.84456
2025-10-17 17:36:22,1266.03636,1048.20364,897.39636,21.53777,100.0,1010.37251,9.0,-385.41433
2025-10-17 17:36:22,1266.03636,1048.20364,901.12,21.5327,100.0,1010.28322,9.0,-386.78337
2025-10-17 17:36:23,1267.89818,1048.20364,897.39636,21.5327,100.0,1010.31034,9.0,-383.90766
2025-10-17 17:36:23,1267.89818,1051.92727,902.98182,21.52762,100.0,1010.35666,9.0,-389.50875
2025-10-17 17:36:24,1269.76,1048.20364,901.12,21.5327,100.0,1010.25609,9.0,-385.3379
2025-10-17 17:36:24,1266.03636,1050.06545,902.98182,21.52762,100.0,1010.30242,9.0,-388.83766
2025-10-17 17:36:25,1266.03636,1050.06545,902.98182,21.53777,100.0,1010.26402,9.0,-388.22017
2025-10-17 17:36:26,1269.76,1051.92727,904.84364,21.52254,100.0,1010.37586,9.0,-390.71757
2025-10-17 17:36:26,1266.03636,1046.34182,899.25818,21.5327,100.0,1010.33746,9.0,-385.88254
2025-10-17 17:36:27,1267.89818,1048.20364,899.25818,21.52762,100.0,1010.30242,9.0,-385.18362
2025-10-17 17:36:28,1266.03636,1046.34182,899.25818,21.52762,100.0,1010.35666,9.0,-386.19127
2025-10-17 17:36:28,1269.76,1050.06545,904.84364,21.5327,100.0,1010.28322,9.0,-388.9248
2025-10-17 17:36:29,1269.76,1046.34182,901.12,21.52254,100.0,1010.34874,9.0,-386.45883
2025-10-17 17:36:29,1267.89818,1046.34182,899.25818,21.52762,100.0,1010.32954,9.0,-385.25001
2025-10-17 17:36:30,1267.89818,1048.20364,901.12,21.52762,100.0,1010.30242,9.0,-386.58791
2025-10-17 17:36:30,1269.76,1048.20364,901.12,21.52762,100.0,1010.38379,9.0,-387.3949
2025-10-17 17:36:31,1271.62182,1048.20364,902.98182,21.52762,100.0,1010.32954,9.0,-387.42086
2025-10-17 17:36:32,1267.89818,1046.34182,901.12,21.52254,100.0,1010.34874,9.0,-386.96303
2025-10-17 17:36:32,1269.76,1050.06545,902.98182,21.5327,100.0,1010.31034,9.0,-387.95759
2025-10-17 17:36:33,1269.76,1046.34182,901.12,21.53777,100.0,1010.31826,9.0,-385.96969
2025-10-17 17:36:34,1271.62182,1050.06545,902.98182,21.53777,100.0,1010.29114,9.0,-387.14465
2025-10-17 17:36:34,1271.62182,1048.20364,902.98182,21.51747,100.0,1010.3137,9.0,-387.16421
2025-10-17 17:36:35,1269.76,1048.20364,901.12,21.51239,100.0,1010.27865,9.0,-385.69875
2025-10-17 17:36:35,1271.62182,1048.20364,901.12,21.52254,100.0,1010.32162,9.0,-385.88825
2025-10-17 17:36:36,1269.76,1050.06545,902.98182,21.52762,100.0,1010.24817,9.0,-386.95514
2025-10-17 17:36:36,1271.62182,1050.06545,904.84364,21.52254,100.0,1010.32162,9.0,-389.03808
2025-10-17 17:36:37,1271.62182,1046.34182,901.12,21.52762,100.0,1010.30242,9.0,-385.20884
2025-10-17 17:36:38,1269.76,1046.34182,901.12,21.51747,100.0,1010.28657,9.0,-385.45639
2025-10-17 17:36:38,1271.62182,1050.06545,902.98182,21.52254,100.0,1010.32162,9.0,-387.6338
2025-10-17 17:36:39,1269.76,1050.06545,904.84364,21.52762,100.0,1010.35666,9.0,-390.10767
2025-10-17 17:36:40,1267.89818,1046.34182,899.25818,21.52254,100.0,1010.2945,9.0,-384.68463
2025-10-17 17:36:40,1269.76,1046.34182,901.12,21.52254,100.0,1010.2945,9.0,-385.58471
2025-10-17 17:36:41,1271.62182,1046.34182,901.12,21.52254,100.0,1010.26737,9.0,-384.64346
2025-10-17 17:36:41,1271.62182,1048.20364,902.98182,21.51747,100.0,1010.34082,9.0,-387.60126
2025-10-17 17:36:42,1271.62182,1046.34182,901.12,21.52762,100.0,1010.32954,9.0,-385.6459
2025-10-17 17:36:42,1267.89818,1046.34182,901.12,21.52254,100.0,1010.34874,9.0,-386.96303
2025-10-17 17:36:43,1271.62182,1048.20364,902.98182,21.51747,100.0,1010.3137,9.0,-387.16421
2025-10-17 17:36:44,1271.62182,1050.06545,904.84364,21.52762,100.0,1010.32954,9.0,-389.16641
2025-10-17 17:36:44,1271.62182,1048.20364,902.98182,21.5327,100.0,1010.33746,9.0,-387.54919
2025-10-17 17:36:45,1267.89818,1044.48,899.25818,21.52762,100.0,1010.30242,9.0,-384.42356
2025-10-17 17:36:46,1269.76,1044.48,901.12,21.52762,100.0,1010.35666,9.0,-386.19777
2025-10-17 17:36:46,1271.62182,1051.92727,902.98182,21.52254,100.0,1010.34874,9.0,-388.37203
2025-10-17 17:36:47,1273.48364,1048.20364,904.84364,21.51747,100.0,1010.34082,9.0,-388.50135
2025-10-17 17:36:47,1271.62182,1044.48,899.25818,21.52254,100.0,1010.26737,9.0,-382.84979
2025-10-17 17:36:48,1273.48364,1048.20364,902.98182,21.51747,100.0,1010.28657,9.0,-386.22296
2025-10-17 17:36:48,1269.76,1046.34182,901.12,21.51747,100.0,1010.28657,9.0,-385.45639
2025-10-17 17:36:49,1273.48364,1048.20364,904.84364,21.52254,100.0,1010.32162,9.0,-388.19262
2025-10-17 17:36:50,1273.48364,1046.34182,904.84364,21.52254,100.0,1010.2945,9.0,-387.38489
2025-10-17 17:36:50,1271.62182,1050.06545,906.70545,21.51747,100.0,1010.3137,9.0,-390.31404
2025-10-17 17:36:51,1269.76,1048.20364,904.84364,21.52254,100.0,1010.2945,9.0,-388.76396
2025-10-17 17:36:52,1271.62182,1051.92727,904.84364,21.51747,100.0,1010.25945,9.0,-388.33682
2025-10-17 17:36:52,1273.48364,1048.20364,901.12,21.52254,100.0,1010.34874,9.0,-385.82111
2025-10-17 17:36:53,1273.48364,1044.48,902.98182,21.52762,100.0,1010.30242,9.0,-385.71954
2025-10-17 17:36:53,1271.62182,1048.20364,902.98182,21.51747,100.0,1010.28657,9.0,-386.72715
2025-10-17 17:36:54,1273.48364,1048.20364,904.84364,21.52762,100.0,1010.30242,9.0,-387.88388
2025-10-17 17:36:55,1275.34545,1046.34182,904.84364,21.52762,100.0,1010.32954,9.0,-387.44607
2025-10-17 17:36:55,1273.48364,1048.20364,904.84364,21.52254,100.0,1010.34874,9.0,-388.62968
2025-10-17 17:36:56,1271.62182,1046.34182,902.98182,21.52254,100.0,1010.32162,9.0,-386.92186
2025-10-17 17:36:56,1273.48364,1048.20364,908.56727,21.52762,100.0,1010.30242,9.0,-390.69245
2025-10-17 17:36:57,1275.34545,1051.92727,910.42909,21.52254,100.0,1010.34874,9.0,-392.98077
2025-10-17 17:36:58,1273.48364,1048.20364,902.98182,21.52762,100.0,1010.30242,9.0,-386.4796
2025-10-17 17:36:58,1273.48364,1048.20364,906.70545,21.52254,100.0,1010.2945,9.0,-389.15984
2025-10-17 17:36:59,1273.48364,1046.34182,902.98182,21.52762,100.0,1010.30242,9.0,-386.10892
2025-10-17 17:36:59,1273.48364,1051.92727,906.70545,21.52254,100.0,1010.34874,9.0,-390.6764
2025-10-17 17:37:00,1275.34545,1048.20364,904.84364,21.52762,100.0,1010.35666,9.0,-388.25381
2025-10-17 17:37:01,1273.48364,1048.20364,904.84364,21.51747,100.0,1010.3137,9.0,-388.06429
2025-10-17 17:37:01,1273.48364,1048.20364,902.98182,21.52762,100.0,1010.24817,9.0,-385.60547
2025-10-17 17:37:02,1275.34545,1050.06545,906.70545,21.52762,100.0,1010.32954,9.0,-389.5623
2025-10-17 17:37:02,1275.34545,1050.06545,906.70545,21.51747,100.0,1010.28657,9.0,-388.86859
2025-10-17 17:37:03,1275.34545,1048.20364,904.84364,21.51747,100.0,1010.34082,9.0,-387.99715
2025-10-17 17:37:04,1271.62182,1050.06545,908.56727,21.52254,100.0,1010.2945,9.0,-391.40959
2025-10-17 17:37:04,1275.34545,1050.06545,906.70545,21.52762,100.0,1010.30242,9.0,-389.12523
2025-10-17 17:37:05,1273.48364,1050.06545,902.98182,21.52762,100.0,1010.35666,9.0,-387.69499
2025-10-17 17:37:06,1273.48364,1048.20364,906.70545,21.52254,100.0,1010.2945,9.0,-389.15984
2025-10-17 17:37:06,1273.48364,1046.34182,904.84364,21.5327,100.0,1010.33746,9.0,-388.0786
2025-10-17 17:37:07,1275.34545,1048.20364,901.12,21.52762,100.0,1010.35666,9.0,-385.44524
2025-10-17 17:37:07,1273.48364,1048.20364,906.70545,21.52254,100.0,1010.32162,9.0,-389.5969
2025-10-17 17:37:08,1275.34545,1048.20364,902.98182,21.52254,100.0,1010.32162,9.0,-386.28414
2025-10-17 17:37:08,1275.34545,1048.20364,904.84364,21.52762,100.0,1010.27529,9.0,-386.94262
2025-10-17 17:37:09,1277.20727,1050.06545,904.84364,21.52762,100.0,1010.35666,9.0,-388.09088
2025-10-17 17:37:10,1279.06909,1051.92727,910.42909,21.52254,100.0,1010.26737,9.0,-390.6612
2025-10-17 17:37:10,1277.20727,1050.06545,906.70545,21.51747,100.0,1010.23233,9.0,-387.49029
2025-10-17 17:37:11,1277.20727,1050.06545,904.84364,21.52254,100.0,1010.26737,9.0,-386.65137
2025-10-17 17:37:12,1273.48364,1048.20364,902.98182,21.51747,100.0,1010.28657,9.0,-386.22296
2025-10-17 17:37:12,1277.20727,1046.34182,904.84364,21.51747,100.0,1010.28657,9.0,-386.24817
2025-10-17 17:37:13,1279.06909,1050.06545,910.42909,21.53777,100.0,1010.34539,9.0,-391.61913
2025-10-17 17:37:13,1277.20727,1048.20364,906.70545,21.52254,100.0,1010.2945,9.0,-388.15145
2025-10-17 17:37:14,1275.34545,1046.34182,902.98182,21.52254,100.0,1010.26737,9.0,-385.03935
2025-10-17 17:37:14,1277.20727,1048.20364,904.84364,21.52762,100.0,1010.30242,9.0,-386.87549
2025-10-17 17:37:15,1277.20727,1048.20364,908.56727,21.52762,100.0,1010.19393,9.0,-387.93581
2025-10-17 17:37:16,1275.34545,1046.34182,902.98182,21.52762,100.0,1010.32954,9.0,-386.04179
2025-10-17 17:37:16,1277.20727,1050.06545,908.56727,21.52254,100.0,1010.26737,9.0,-389.45994
2025-10-17 17:37:18,1275.34545,1050.06545,908.56727,21.52762,100.0,1010.27529,9.0,-390.09246
2025-10-17 17:37:18,1279.06909,1051.92727,906.70545,21.52762,100.0,1010.30242,9.0,-388.41801
2025-10-17 17:37:19,1277.20727,1048.20364,904.84364,21.53777,100.0,1010.31826,9.0,-387.13214
2025-10-17 17:37:19,1277.20727,1048.20364,906.70545,21.51747,100.0,1010.23233,9.0,-387.14902
2025-10-17 17:37:20,1277.20727,1050.06545,908.56727,21.52762,100.0,1010.35666,9.0,-390.89944
2025-10-17 17:37:20,1279.06909,1048.20364,908.56727,21.5327,100.0,1010.31034,9.0,-389.30818
2025-10-17 17:37:21,1279.06909,1048.20364,904.84364,21.53777,100.0,1010.31826,9.0,-386.62794
2025-10-17 17:37:22,1279.06909,1050.06545,908.56727,21.5327,100.0,1010.33746,9.0,-390.08651
2025-10-17 17:37:22,1279.06909,1051.92727,910.42909,21.52762,100.0,1010.27529,9.0,-390.78951
2025-10-17 17:37:23,1282.79273,1053.78909,912.29091,21.52254,100.0,1010.2945,9.0,-391.74452
2025-10-17 17:37:24,1277.20727,1048.20364,904.84364,21.52762,100.0,1010.30242,9.0,-386.87549
2025-10-17 17:37:24,1277.20727,1048.20364,906.70545,21.51747,100.0,1010.28657,9.0,-388.02313
2025-10-17 17:37:25,1277.20727,1048.20364,904.84364,21.53777,100.0,1010.29114,9.0,-386.69507
2025-10-17 17:37:25,1279.06909,1050.06545,910.42909,21.5327,100.0,1010.36459,9.0,-391.92786
2025-10-17 17:37:26,1277.20727,1046.34182,906.70545,21.52762,100.0,1010.30242,9.0,-387.9091
2025-10-17 17:37:26,1279.06909,1048.20364,910.42909,21.53777,100.0,1010.31826,9.0,-390.84079
2025-10-17 17:37:27,1279.06909,1046.34182,906.70545,21.52762,100.0,1010.30242,9.0,-387.4049
2025-10-17 17:37:28,1277.20727,1051.92727,908.56727,21.51747,100.0,1010.28657,9.0,-390.06985
2025-10-17 17:37:28,1280.93091,1048.20364,910.42909,21.52762,100.0,1010.30242,9.0,-390.07994
2025-10-17 17:37:29,1280.93091,1046.34182,908.56727,21.53777,100.0,1010.31826,9.0,-388.56164
2025-10-17 17:37:30,1280.93091,1048.20364,908.56727,21.52254,100.0,1010.34874,9.0,-389.42145
2025-10-17 17:37:30,1280.93091,1050.06545,908.56727,21.5327,100.0,1010.25609,9.0,-388.27112
2025-10-17 17:37:31,1280.93091,1050.06545,910.42909,21.5327,100.0,1010.31034,9.0,-390.54953
2025-10-17 17:37:31,1279.06909,1048.20364,906.70545,21.53777,100.0,1010.29114,9.0,-387.59516
2025-10-17 17:37:32,1279.06909,1048.20364,908.56727,21.5327,100.0,1010.25609,9.0,-388.43405
2025-10-17 17:37:33,1279.06909,1048.20364,906.70545,21.53777,100.0,1010.34539,9.0,-388.46929
2025-10-17 17:37:33,1282.79273,1053.78909,910.42909,21.5327,100.0,1010.31034,9.0,-390.59689
2025-10-17 17:37:34,1277.20727,1050.06545,906.70545,21.5327,100.0,1010.33746,9.0,-389.18643
2025-10-17 17:37:34,1280.93091,1046.34182,906.70545,21.52762,100.0,1010.27529,9.0,-386.46364
2025-10-17 17:37:35,1277.20727,1050.06545,910.42909,21.53777,100.0,1010.34539,9.0,-392.12333
2025-10-17 17:37:36,1280.93091,1053.78909,914.15273,21.5327,100.0,1010.31034,9.0,-393.90965
2025-10-17 17:37:36,1282.79273,1050.06545,908.56727,21.5327,100.0,1010.31034,9.0,-388.64105
2025-10-17 17:37:37,1280.93091,1048.20364,908.56727,21.5327,100.0,1010.28322,9.0,-388.36692
2025-10-17 17:37:37,1280.93091,1050.06545,908.56727,21.53777,100.0,1010.23689,9.0,-387.96237
2025-10-17 17:37:38,1282.79273,1050.06545,910.42909,21.52762,100.0,1010.27529,9.0,-389.47995
2025-10-17 17:37:39,1279.06909,1051.92727,912.29091,21.53777,100.0,1010.34539,9.0,-393.32458
2025-10-17 17:37:39,1280.93091,1048.20364,908.56727,21.52762,100.0,1010.24817,9.0,-387.80153
2025-10-17 17:37:40,1280.93091,1048.20364,908.56727,21.53777,100.0,1010.31826,9.0,-388.93231
2025-10-17 17:37:40,1280.93091,1048.20364,908.56727,21.52254,100.0,1010.24025,9.0,-387.67322
2025-10-17 17:37:41,1282.79273,1050.06545,912.29091,21.53777,100.0,1010.34539,9.0,-392.01502
2025-10-17 17:37:42,1280.93091,1050.06545,908.56727,21.53777,100.0,1010.31826,9.0,-389.27358
2025-10-17 17:37:42,1284.65455,1050.06545,912.29091,21.5327,100.0,1010.25609,9.0,-390.07129
2025-10-17 17:37:43,1280.93091,1048.20364,906.70545,21.54285,100.0,1010.35331,9.0,-388.09343
2025-10-17 17:37:43,1282.79273,1050.06545,912.29091,21.53777,100.0,1010.37251,9.0,-392.45209
2025-10-17 17:37:44,1280.93091,1048.20364,908.56727,21.5327,100.0,1010.28322,9.0,-388.36692
2025-10-17 17:37:44,1280.93091,1048.20364,906.70545,21.5327,100.0,1010.28322,9.0,-386.96263
2025-10-17 17:37:45,1280.93091,1050.06545,908.56727,21.53777,100.0,1010.31826,9.0,-389.27358
2025-10-17 17:37:46,1280.93091,1048.20364,910.42909,21.54793,100.0,1010.33411,9.0,-390.59327
2025-10-17 17:37:46,1280.93091,1050.06545,912.29091,21.53777,100.0,1010.37251,9.0,-392.95629
2025-10-17 17:37:47,1280.93091,1048.20364,908.56727,21.53777,100.0,1010.34539,9.0,-389.36938
2025-10-17 17:37:47,1280.93091,1050.06545,912.29091,21.53777,100.0,1010.26402,9.0,-391.20801
2025-10-17 17:37:48,1284.65455,1048.20364,912.29091,21.5327,100.0,1010.31034,9.0,-390.60416
2025-10-17 17:37:49,1284.65455,1051.92727,914.15273,21.53777,100.0,1010.29114,9.0,-392.34214
2025-10-17 17:37:49,1280.93091,1048.20364,908.56727,21.5327,100.0,1010.33746,9.0,-389.24105
2025-10-17 17:37:50,1279.06909,1048.20364,908.56727,21.54285,100.0,1010.32619,9.0,-389.56484
2025-10-17 17:37:50,1280.93091,1046.34182,908.56727,21.52762,100.0,1010.32954,9.0,-388.74205
2025-10-17 17:37:51,1280.93091,1051.92727,914.15273,21.5327,100.0,1010.28322,9.0,-393.22221
2025-10-17 17:37:52,1284.65455,1048.20364,912.29091,21.53777,100.0,1010.31826,9.0,-390.73248
2025-10-17 17:37:52,1282.79273,1048.20364,910.42909,21.52762,100.0,1010.30242,9.0,-389.57574
2025-10-17 17:37:53,1282.79273,1050.06545,910.42909,21.52762,100.0,1010.30242,9.0,-389.91701
2025-10-17 17:37:53,1282.79273,1050.06545,914.15273,21.53777,100.0,1010.26402,9.0,-392.1081
2025-10-17 17:37:54,1284.65455,1055.65091,917.87636,21.54285,100.0,1010.32619,9.0,-396.15721
2025-10-17 17:37:55,1282.79273,1050.06545,910.42909,21.52762,100.0,1010.30242,9.0,-389.91701
2025-10-17 17:37:55,1284.65455,1050.06545,910.42909,21.52762,100.0,1010.32954,9.0,-389.84987
2025-10-17 17:37:56,1282.79273,1048.20364,914.15273,21.5327,100.0,1010.31034,9.0,-392.51264
2025-10-17 17:37:56,1284.65455,1051.92727,912.29091,21.53777,100.0,1010.34539,9.0,-391.81199
2025-10-17 17:37:57,1286.51636,1046.34182,910.42909,21.54285,100.0,1010.29906,9.0,-388.14459
2025-10-17 17:37:58,1284.65455,1051.92727,910.42909,21.5327,100.0,1010.31034,9.0,-389.84231
2025-10-17 17:37:58,1284.65455,1050.06545,910.42909,21.53777,100.0,1010.29114,9.0,-389.2324
2025-10-17 17:37:59,1284.65455,1050.06545,912.29091,21.54285,100.0,1010.32619,9.0,-391.20208
2025-10-17 17:37:59,1286.51636,1050.06545,914.15273,21.53777,100.0,1010.34539,9.0,-392.41091
2025-10-17 17:38:00,1286.51636,1050.06545,914.15273,21.53777,100.0,1010.34539,9.0,-392.41091
2025-10-17 17:38:01,1282.79273,1050.06545,912.29091,21.54285,100.0,1010.32619,9.0,-391.70628
2025-10-17 17:38:01,1284.65455,1050.06545,912.29091,21.5327,100.0,1010.31034,9.0,-390.94542
2025-10-17 17:38:02,1286.51636,1051.92727,914.15273,21.52762,100.0,1010.32954,9.0,-392.45541
2025-10-17 17:38:02,1282.79273,1048.20364,910.42909,21.54285,100.0,1010.29906,9.0,-389.52366
2025-10-17 17:38:03,1286.51636,1050.06545,912.29091,21.52762,100.0,1010.35666,9.0,-391.18702
2025-10-17 17:38:04,1284.65455,1050.06545,910.42909,21.52762,100.0,1010.30242,9.0,-389.41281
2025-10-17 17:38:04,1286.51636,1050.06545,914.15273,21.54285,100.0,1010.35331,9.0,-392.53924
2025-10-17 17:38:05,1286.51636,1048.20364,910.42909,21.53777,100.0,1010.29114,9.0,-388.38693
2025-10-17 17:38:05,1284.65455,1048.20364,912.29091,21.54285,100.0,1010.32619,9.0,-390.86082
2025-10-17 17:38:06,1284.65455,1046.34182,910.42909,21.5327,100.0,1010.28322,9.0,-388.39213
2025-10-17 17:38:07,1288.37818,1051.92727,914.15273,21.54793,100.0,1010.33411,9.0,-392.02748
2025-10-17 17:38:07,1288.37818,1050.06545,916.01455,21.54285,100.0,1010.32619,9.0,-393.00226
2025-10-17 17:38:08,1284.65455,1046.34182,910.42909,21.54285,100.0,1010.32619,9.0,-389.08586
2025-10-17 17:38:08,1284.65455,1048.20364,912.29091,21.53777,100.0,1010.34539,9.0,-391.16955
2025-10-17 17:38:09,1286.51636,1050.06545,914.15273,21.52254,100.0,1010.2945,9.0,-391.58886
2025-10-17 17:38:09,1286.51636,1050.06545,914.15273,21.54285,100.0,1010.32619,9.0,-392.10217
2025-10-17 17:38:10,1286.51636,1046.34182,912.29091,21.53777,100.0,1010.31826,9.0,-389.85761
2025-10-17 17:38:11,1284.65455,1048.20364,910.42909,21.5327,100.0,1010.28322,9.0,-388.76281
2025-10-17 17:38:11,1286.51636,1048.20364,912.29091,21.5327,100.0,1010.33746,9.0,-390.53702
2025-10-17 17:38:12,1286.51636,1051.92727,916.01455,21.54285,100.0,1010.29906,9.0,-393.37055
2025-10-17 17:38:12,1286.51636,1050.06545,914.15273,21.53777,100.0,1010.31826,9.0,-391.97384
2025-10-17 17:38:13,1284.65455,1048.20364,910.42909,21.5327,100.0,1010.33746,9.0,-389.63694
2025-10-17 17:38:14,1286.51636,1048.20364,914.15273,21.5327,100.0,1010.28322,9.0,-391.06718
2025-10-17 17:38:14,1284.65455,1048.20364,912.29091,21.53777,100.0,1010.31826,9.0,-390.73248
2025-10-17 17:38:15,1286.51636,1050.06545,914.15273,21.52762,100.0,1010.27529,9.0,-391.28012
2025-10-17 17:38:15,1286.51636,1048.20364,912.29091,21.5327,100.0,1010.20185,9.0,-388.3517
2025-10-17 17:38:16,1286.51636,1048.20364,912.29091,21.53777,100.0,1010.23689,9.0,-388.91708
2025-10-17 17:38:17,1286.51636,1046.34182,910.42909,21.52762,100.0,1010.30242,9.0,-388.19667
2025-10-17 17:38:17,1288.37818,1051.92727,916.01455,21.5327,100.0,1010.33746,9.0,-393.48383
2025-10-17 17:38:18,1290.24,1048.20364,916.01455,21.53777,100.0,1010.26402,9.0,-391.15432
2025-10-17 17:38:18,1288.37818,1048.20364,916.01455,21.5327,100.0,1010.33746,9.0,-392.84139
2025-10-17 17:38:19,1284.65455,1046.34182,912.29091,21.53777,100.0,1010.31826,9.0,-390.36181
2025-10-17 17:38:20,1286.51636,1050.06545,916.01455,21.53777,100.0,1010.29114,9.0,-392.94105
2025-10-17 17:38:20,1286.51636,1048.20364,914.15273,21.5327,100.0,1010.25609,9.0,-390.63011
2025-10-17 17:38:21,1286.51636,1048.20364,912.29091,21.54285,100.0,1010.32619,9.0,-390.35662
2025-10-17 17:38:21,1286.51636,1046.34182,912.29091,21.53777,100.0,1010.37251,9.0,-390.73175
2025-10-17 17:38:22,1288.37818,1050.06545,916.01455,21.54285,100.0,1010.29906,9.0,-392.56518
2025-10-17 17:38:22,1288.37818,1050.06545,916.01455,21.54793,100.0,1010.27986,9.0,-392.25644
2025-10-17 17:38:23,1286.51636,1046.34182,912.29091,21.53777,100.0,1010.31826,9.0,-389.85761
2025-10-17 17:38:24,1288.37818,1046.34182,912.29091,21.53777,100.0,1010.31826,9.0,-389.35341
2025-10-17 17:38:24,1288.37818,1048.20364,914.15273,21.53777,100.0,1010.31826,9.0,-391.12837
2025-10-17 17:38:25,1286.51636,1048.20364,912.29091,21.54793,100.0,1010.38836,9.0,-391.35911
2025-10-17 17:38:25,1288.37818,1050.06545,916.01455,21.54793,100.0,1010.33411,9.0,-393.13059
2025-10-17 17:38:26,1286.51636,1048.20364,914.15273,21.53777,100.0,1010.31826,9.0,-391.63257
2025-10-17 17:38:27,1288.37818,1050.06545,917.87636,21.553,100.0,1010.28778,9.0,-393.78906
2025-10-17 17:38:27,1290.24,1048.20364,916.01455,21.52762,100.0,1010.27529,9.0,-391.33474
2025-10-17 17:38:28,1288.37818,1050.06545,917.87636,21.5327,100.0,1010.31034,9.0,-394.14988
2025-10-17 17:38:28,1286.51636,1046.34182,914.15273,21.53777,100.0,1010.37251,9.0,-392.13604
2025-10-17 17:38:30,1288.37818,1048.20364,914.15273,21.54285,100.0,1010.38043,9.0,-392.13085
2025-10-17 17:38:30,1290.24,1048.20364,916.01455,21.5327,100.0,1010.36459,9.0,-392.77426
2025-10-17 17:38:31,1288.37818,1044.48,912.29091,21.5327,100.0,1010.31034,9.0,-388.8357
2025-10-17 17:38:31,1290.24,1048.20364,914.15273,21.54285,100.0,1010.27194,9.0,-389.87836
2025-10-17 17:38:32,1292.10182,1048.20364,914.15273,21.53777,100.0,1010.26402,9.0,-389.24584
2025-10-17 17:38:33,1290.24,1050.06545,917.87636,21.5327,100.0,1010.25609,9.0,-392.77155
2025-10-17 17:38:33,1290.24,1050.06545,917.87636,21.52254,100.0,1010.24025,9.0,-392.51492
2025-10-17 17:38:34,1290.24,1046.34182,914.15273,21.54285,100.0,1010.35331,9.0,-390.81891
2025-10-17 17:38:34,1288.37818,1048.20364,914.15273,21.53777,100.0,1010.31826,9.0,-391.12837
2025-10-17 17:38:35,1290.24,1048.20364,917.87636,21.52762,100.0,1010.30242,9.0,-393.17609
2025-10-17 17:38:35,1292.10182,1050.06545,917.87636,21.53777,100.0,1010.26402,9.0,-392.39567
2025-10-17 17:38:36,1288.37818,1046.34182,914.15273,21.53777,100.0,1010.26402,9.0,-389.88356
2025-10-17 17:38:37,1292.10182,1048.20364,917.87636,21.5327,100.0,1010.28322,9.0,-392.36315
2025-10-17 17:38:37,1290.24,1048.20364,914.15273,21.54793,100.0,1010.33411,9.0,-390.88084
2025-10-17 17:38:38,1292.10182,1053.78909,923.46182,21.5327,100.0,1010.28322,9.0,-397.46882
2025-10-17 17:38:38,1290.24,1048.20364,917.87636,21.53777,100.0,1010.31826,9.0,-393.43274
2025-10-17 17:38:39,1288.37818,1050.06545,916.01455,21.5327,100.0,1010.28322,9.0,-392.30853
2025-10-17 17:38:40,1288.37818,1048.20364,914.15273,21.54285,100.0,1010.29906,9.0,-390.81963
2025-10-17 17:38:40,1290.24,1051.92727,917.87636,21.54285,100.0,1010.27194,9.0,-393.32937
2025-10-17 17:38:41,1288.37818,1048.20364,914.15273,21.54285,100.0,1010.29906,9.0,-390.81963
2025-10-17 17:38:41,1288.37818,1048.20364,912.29091,21.54793,100.0,1010.27986,9.0,-389.1066
2025-10-17 17:38:42,1290.24,1048.20364,914.15273,21.53777,100.0,1010.29114,9.0,-390.1871
2025-10-17 17:38:42,1290.24,1050.06545,916.01455,21.54285,100.0,1010.29906,9.0,-392.06098
2025-10-17 17:38:43,1292.10182,1050.06545,917.87636,21.54793,100.0,1010.30698,9.0,-393.0894
2025-10-17 17:38:44,1290.24,1048.20364,916.01455,21.53777,100.0,1010.26402,9.0,-391.15432
2025-10-17 17:38:44,1290.24,1048.20364,916.01455,21.54793,100.0,1010.27986,9.0,-391.41098
2025-10-17 17:38:45,1290.24,1046.34182,916.01455,21.53777,100.0,1010.31826,9.0,-391.65779
2025-10-17 17:38:46,1293.96364,1051.92727,921.6,21.54285,100.0,1010.29906,9.0,-395.56661
2025-10-17 17:38:46,1292.10182,1048.20364,916.01455,21.53777,100.0,1010.29114,9.0,-391.08719
2025-10-17 17:38:47,1290.24,1044.48,912.29091,21.54285,100.0,1010.29906,9.0,-388.15109
2025-10-17 17:38:47,1292.10182,1046.34182,914.15273,21.53777,100.0,1010.26402,9.0,-388.87517
2025-10-17 17:38:48,1292.10182,1050.06545,916.01455,21.54285,100.0,1010.32619,9.0,-391.99386
2025-10-17 17:38:48,1292.10182,1050.06545,919.73818,21.53777,100.0,1010.26402,9.0,-393.79996
2025-10-17 17:38:49,1292.10182,1048.20364,916.01455,21.53777,100.0,1010.31826,9.0,-391.52426
2025-10-17 17:38:50,1290.24,1048.20364,914.15273,21.54793,100.0,1010.36123,9.0,-391.31792
2025-10-17 17:38:50,1292.10182,1048.20364,914.15273,21.54285,100.0,1010.29906,9.0,-389.81124
2025-10-17 17:38:51,1293.96364,1053.78909,919.73818,21.54285,100.0,1010.24481,9.0,-393.53856
2025-10-17 17:38:51,1292.10182,1048.20364,916.01455,21.54793,100.0,1010.27986,9.0,-390.90678
2025-10-17 17:38:52,1290.24,1050.06545,917.87636,21.54285,100.0,1010.32619,9.0,-393.90234
2025-10-17 17:38:53,1292.10182,1048.20364,916.01455,21.54285,100.0,1010.27194,9.0,-390.77845
2025-10-17 17:38:53,1295.82545,1051.92727,921.6,21.54793,100.0,1010.30698,9.0,-395.19075
2025-10-17 17:38:54,1292.10182,1046.34182,917.87636,21.54793,100.0,1010.30698,9.0,-392.37746
2025-10-17 17:38:55,1290.24,1048.20364,914.15273,21.54793,100.0,1010.33411,9.0,-390.88084
2025-10-17 17:38:55,1292.10182,1050.06545,916.01455,21.54285,100.0,1010.27194,9.0,-391.11971
2025-10-17 17:38:56,1293.96364,1051.92727,919.73818,21.54793,100.0,1010.25274,9.0,-393.41651
2025-10-17 17:38:56,1293.96364,1048.20364,917.87636,21.5327,100.0,1010.28322,9.0,-391.85895
2025-10-17 17:38:57,1292.10182,1048.20364,917.87636,21.54793,100.0,1010.27986,9.0,-392.31106
2025-10-17 17:38:58,1293.96364,1051.92727,916.01455,21.54285,100.0,1010.29906,9.0,-391.35376
2025-10-17 17:38:58,1293.96364,1050.06545,919.73818,21.54285,100.0,1010.32619,9.0,-394.29823
2025-10-17 17:38:59,1293.96364,1048.20364,919.73818,21.54285,100.0,1010.32619,9.0,-393.95696
2025-10-17 17:38:59,1293.96364,1046.34182,916.01455,21.54285,100.0,1010.32619,9.0,-390.77772
2025-10-17 17:39:00,1292.10182,1048.20364,917.87636,21.54793,100.0,1010.30698,9.0,-392.74814
2025-10-17 17:39:01,1292.10182,1048.20364,914.15273,21.54285,100.0,1010.32619,9.0,-390.24831
2025-10-17 17:39:01,1293.96364,1053.78909,919.73818,21.53777,100.0,1010.26402,9.0,-393.84731
2025-10-17 17:39:02,1292.10182,1048.20364,917.87636,21.54793,100.0,1010.27986,9.0,-392.31106
2025-10-17 17:39:02,1295.82545,1050.06545,919.73818,21.54793,100.0,1010.33411,9.0,-393.92237
2025-10-17 17:39:03,1292.10182,1048.20364,916.01455,21.54793,100.0,1010.33411,9.0,-391.78093
2025-10-17 17:39:03,1293.96364,1051.92727,917.87636,21.5327,100.0,1010.31034,9.0,-392.93845
2025-10-17 17:39:04,1293.96364,1050.06545,921.6,21.54793,100.0,1010.30698,9.0,-395.39377
2025-10-17 17:39:05,1293.96364,1050.06545,919.73818,21.54285,100.0,1010.32619,9.0,-394.29823
2025-10-17 17:39:05,1293.96364,1046.34182,914.15273,21.54285,100.0,1010.32619,9.0,-389.37344
2025-10-17 17:39:06,1295.82545,1048.20364,919.73818,21.53777,100.0,1010.31826,9.0,-393.32443
2025-10-17 17:39:07,1295.82545,1051.92727,921.6,21.553,100.0,1010.34203,9.0,-395.75616
2025-10-17 17:39:07,1292.10182,1050.06545,917.87636,21.54285,100.0,1010.32619,9.0,-393.39814
2025-10-17 17:39:08,1293.96364,1046.34182,916.01455,21.54285,100.0,1010.32619,9.0,-390.77772
2025-10-17 17:39:08,1293.96364,1048.20364,919.73818,21.54793,100.0,1010.27986,9.0,-393.21115
2025-10-17 17:39:09,1295.82545,1051.92727,921.6,21.54793,100.0,1010.33411,9.0,-395.62782
2025-10-17 17:39:10,1292.10182,1048.20364,916.01455,21.54793,100.0,1010.30698,9.0,-391.34385
2025-10-17 17:39:10,1293.96364,1050.06545,919.73818,21.54793,100.0,1010.36123,9.0,-394.86364
2025-10-17 17:39:11,1292.10182,1050.06545,917.87636,21.55808,100.0,1010.34995,9.0,-393.78317
2025-10-17 17:39:12,1297.68727,1050.06545,923.46182,21.54285,100.0,1010.24481,9.0,-394.78719
2025-10-17 17:39:12,1293.96364,1046.34182,917.87636,21.553,100.0,1010.36915,9.0,-392.87576
2025-10-17 17:39:13,1295.82545,1050.06545,919.73818,21.53777,100.0,1010.29114,9.0,-393.22863
2025-10-17 17:39:13,1292.10182,1048.20364,916.01455,21.54285,100.0,1010.27194,9.0,-390.77845
2025-10-17 17:39:14,1295.82545,1048.20364,921.6,21.54793,100.0,1010.30698,9.0,-394.54831
2025-10-17 17:39:14,1295.82545,1050.06545,921.6,21.54285,100.0,1010.29906,9.0,-394.76124
2025-10-17 17:39:15,1295.82545,1048.20364,916.01455,21.54285,100.0,1010.24481,9.0,-389.33298
2025-10-17 17:39:16,1295.82545,1048.20364,917.87636,21.54793,100.0,1010.33411,9.0,-392.17682
2025-10-17 17:39:16,1295.82545,1050.06545,916.01455,21.54793,100.0,1010.33411,9.0,-391.1138
2025-10-17 17:39:17,1295.82545,1051.92727,923.46182,21.53777,100.0,1010.31826,9.0,-396.77544
2025-10-17 17:39:17,1295.82545,1046.34182,917.87636,21.54793,100.0,1010.30698,9.0,-391.36907
2025-10-17 17:39:18,1297.68727,1050.06545,919.73818,21.53777,100.0,1010.23689,9.0,-391.85029
2025-10-17 17:39:19,1295.82545,1048.20364,917.87636,21.553,100.0,1010.31491,9.0,-391.86808
2025-10-17 17:39:19,1297.68727,1051.92727,921.6,21.54285,100.0,1010.35331,9.0,-395.43236
2025-10-17 17:39:20,1293.96364,1046.34182,919.73818,21.553,100.0,1010.34203,9.0,-393.84297
2025-10-17 17:39:20,1295.82545,1046.34182,916.01455,21.54793,100.0,1010.30698,9.0,-389.96478
2025-10-17 17:39:21,1297.68727,1048.20364,917.87636,21.54285,100.0,1010.35331,9.0,-391.98135
2025-10-17 17:39:21,1295.82545,1048.20364,917.87636,21.54285,100.0,1010.29906,9.0,-391.61141
2025-10-17 17:39:22,1297.68727,1051.92727,921.6,21.54285,100.0,1010.29906,9.0,-394.55821
2025-10-17 17:39:22,1295.82545,1048.20364,919.73818,21.54285,100.0,1010.32619,9.0,-393.45276
2025-10-17 17:39:23,1295.82545,1050.06545,921.6,21.53777,100.0,1010.26402,9.0,-394.19585
2025-10-17 17:39:24,1295.82545,1048.20364,919.73818,21.54793,100.0,1010.33411,9.0,-393.5811
2025-10-17 17:39:24,1297.68727,1051.92727,923.46182,21.54793,100.0,1010.33411,9.0,-396.52791
2025-10-17 17:39:25,1295.82545,1048.20364,917.87636,21.54285,100.0,1010.35331,9.0,-392.48555
2025-10-17 17:39:26,1297.68727,1044.48,917.87636,21.53777,100.0,1010.31826,9.0,-390.65589
2025-10-17 17:39:26,1295.82545,1048.20364,916.01455,21.54793,100.0,1010.27986,9.0,-389.89838
2025-10-17 17:39:27,1295.82545,1051.92727,921.6,21.54285,100.0,1010.29906,9.0,-395.06241
2025-10-17 17:39:27,1297.68727,1048.20364,919.73818,21.54793,100.0,1010.30698,9.0,-392.63983
2025-10-17 17:39:28,1297.68727,1046.34182,914.15273,21.553,100.0,1010.31491,9.0,-388.18464
2025-10-17 17:39:29,1295.82545,1048.20364,917.87636,21.553,100.0,1010.28778,9.0,-391.431
2025-10-17 17:39:29,1297.68727,1050.06545,923.46182,21.53777,100.0,1010.26402,9.0,-395.09593
2025-10-17 17:39:30,1299.54909,1048.20364,923.46182,21.52762,100.0,1010.30242,9.0,-394.86795
2025-10-17 17:39:30,1295.82545,1046.34182,917.87636,21.54285,100.0,1010.32619,9.0,-391.67781
2025-10-17 17:39:31,1299.54909,1048.20364,921.6,21.54285,100.0,1010.29906,9.0,-393.41158
2025-10-17 17:39:31,1297.68727,1048.20364,919.73818,21.53777,100.0,1010.34539,9.0,-393.2573
2025-10-17 17:39:32,1299.54909,1050.06545,921.6,21.54285,100.0,1010.35331,9.0,-394.62699
2025-10-17 17:39:33,1299.54909,1048.20364,919.73818,21.54793,100.0,1010.27986,9.0,-391.69855
2025-10-17 17:39:33,1293.96364,1048.20364,917.87636,21.553,100.0,1010.34203,9.0,-392.80936
2025-10-17 17:39:34,1295.82545,1048.20364,919.73818,21.55808,100.0,1010.34995,9.0,-393.83779
2025-10-17 17:39:34,1297.68727,1050.06545,923.46182,21.54793,100.0,1010.30698,9.0,-395.78966
2025-10-17 17:39:35,1299.54909,1051.92727,923.46182,21.54793,100.0,1010.36123,9.0,-396.46079
2025-10-17 17:39:35,1299.54909,1046.34182,921.6,21.54793,100.0,1010.33411,9.0,-393.60632
2025-10-17 17:39:36,1299.54909,1050.06545,921.6,21.53777,100.0,1010.26402,9.0,-393.18745
2025-10-17 17:39:37,1299.54909,1046.34182,919.73818,21.54285,100.0,1010.32619,9.0,-392.0737
2025-10-17 17:39:37,1299.54909,1050.06545,923.46182,21.54793,100.0,1010.30698,9.0,-395.28546
2025-10-17 17:39:38,1299.54909,1051.92727,921.6,21.54793,100.0,1010.33411,9.0,-394.61942
2025-10-17 17:39:38,1299.54909,1046.34182,919.73818,21.54285,100.0,1010.32619,9.0,-392.0737
2025-10-17 17:39:39,1297.68727,1050.06545,919.73818,21.54793,100.0,1010.27986,9.0,-392.54402
2025-10-17 17:39:39,1297.68727,1050.06545,921.6,21.553,100.0,1010.28778,9.0,-394.07664
2025-10-17 17:39:40,1301.41091,1050.06545,923.46182,21.54285,100.0,1010.29906,9.0,-394.65293
2025-10-17 17:39:41,1297.68727,1048.20364,917.87636,21.54793,100.0,1010.30698,9.0,-391.23554
2025-10-17 17:39:42,1301.41091,1050.06545,921.6,21.54793,100.0,1010.33411,9.0,-393.81406
2025-10-17 17:39:42,1301.41091,1053.78909,927.18545,21.54793,100.0,1010.19849,9.0,-396.39308
2025-10-17 17:39:43,1301.41091,1051.92727,921.6,21.54793,100.0,1010.30698,9.0,-393.67815
2025-10-17 17:39:44,1299.54909,1048.20364,919.73818,21.54285,100.0,1010.27194,9.0,-391.57022
2025-10-17 17:39:44,1299.54909,1048.20364,921.6,21.54285,100.0,1010.29906,9.0,-393.41158
2025-10-17 17:39:45,1301.41091,1050.06545,923.46182,21.5327,100.0,1010.33746,9.0,-395.27041
2025-10-17 17:39:45,1301.41091,1050.06545,921.6,21.54285,100.0,1010.27194,9.0,-392.81158
2025-10-17 17:39:46,1299.54909,1050.06545,921.6,21.53777,100.0,1010.31826,9.0,-394.06159
2025-10-17 17:39:47,1299.54909,1048.20364,919.73818,21.54793,100.0,1010.30698,9.0,-392.13563
2025-10-17 17:39:47,1297.68727,1046.34182,919.73818,21.54285,100.0,1010.29906,9.0,-392.14082
2025-10-17 17:39:48,1299.54909,1051.92727,925.32364,21.54793,100.0,1010.36123,9.0,-397.86507
2025-10-17 17:39:48,1299.54909,1048.20364,921.6,21.54793,100.0,1010.30698,9.0,-393.53991
2025-10-17 17:39:49,1299.54909,1051.92727,923.46182,21.53777,100.0,1010.34539,9.0,-396.20411
2025-10-17 17:39:50,1299.54909,1048.20364,921.6,21.54793,100.0,1010.33411,9.0,-393.97699
2025-10-17 17:39:50,1301.41091,1051.92727,923.46182,21.53777,100.0,1010.29114,9.0,-394.82577
2025-10-17 17:39:51,1301.41091,1050.06545,923.46182,21.53777,100.0,1010.31826,9.0,-394.96167
2025-10-17 17:39:51,1299.54909,1048.20364,919.73818,21.54285,100.0,1010.32619,9.0,-392.44437
2025-10-17 17:39:52,1301.41091,1048.20364,919.73818,21.53777,100.0,1010.26402,9.0,-390.9377
2025-10-17 17:39:52,1299.54909,1048.20364,923.46182,21.54793,100.0,1010.33411,9.0,-395.38127
2025-10-17 17:39:53,1301.41091,1048.20364,923.46182,21.53777,100.0,1010.26402,9.0,-393.74627
2025-10-17 17:39:54,1299.54909,1046.34182,919.73818,21.54285,100.0,1010.29906,9.0,-391.63662
2025-10-17 17:39:54,1301.41091,1050.06545,923.46182,21.5327,100.0,1010.33746,9.0,-395.27041
2025-10-17 17:39:55,1301.41091,1050.06545,923.46182,21.53777,100.0,1010.31826,9.0,-394.96167
2025-10-17 17:39:55,1303.27273,1051.92727,927.18545,21.5327,100.0,1010.28322,9.0,-397.00182
2025-10-17 17:39:56,1301.41091,1050.06545,923.46182,21.53777,100.0,1010.34539,9.0,-395.39874
2025-10-17 17:39:56,1301.41091,1048.20364,921.6,21.53777,100.0,1010.29114,9.0,-392.77905
2025-10-17 17:39:57,1299.54909,1048.20364,919.73818,21.53777,100.0,1010.37251,9.0,-393.19017
2025-10-17 17:39:58,1299.54909,1050.06545,923.46182,21.54285,100.0,1010.35331,9.0,-396.03128
2025-10-17 17:39:58,1303.27273,1050.06545,925.32364,21.54285,100.0,1010.29906,9.0,-395.55302
2025-10-17 17:39:59,1299.54909,1048.20364,921.6,21.52762,100.0,1010.30242,9.0,-393.46367
2025-10-17 17:39:59,1301.41091,1048.20364,923.46182,21.5327,100.0,1010.28322,9.0,-394.05501
2025-10-17 17:40:00,1301.41091,1048.20364,921.6,21.53777,100.0,1010.29114,9.0,-392.77905
2025-10-17 17:40:00,1303.27273,1048.20364,923.46182,21.54285,100.0,1010.35331,9.0,-394.68161
2025-10-17 17:40:01,1303.27273,1050.06545,925.32364,21.54285,100.0,1010.35331,9.0,-396.42716
2025-10-17 17:40:02,1303.27273,1048.20364,925.32364,21.53777,100.0,1010.31826,9.0,-395.52049
2025-10-17 17:40:02,1301.41091,1048.20364,921.6,21.54285,100.0,1010.35331,9.0,-393.78153
2025-10-17 17:40:03,1303.27273,1046.34182,921.6,21.53777,100.0,1010.29114,9.0,-391.90418
2025-10-17 17:40:04,1303.27273,1051.92727,927.18545,21.5327,100.0,1010.31034,9.0,-397.43888
2025-10-17 17:40:04,1301.41091,1050.06545,923.46182,21.53777,100.0,1010.31826,9.0,-394.96167
2025-10-17 17:40:05,1301.41091,1050.06545,921.6,21.5327,100.0,1010.28322,9.0,-392.99199
2025-10-17 17:40:05,1301.41091,1046.34182,919.73818,21.53777,100.0,1010.26402,9.0,-390.56703
2025-10-17 17:40:06,1301.41091,1051.92727,923.46182,21.53777,100.0,1010.29114,9.0,-394.82577
2025-10-17 17:40:07,1299.54909,1048.20364,923.46182,21.53777,100.0,1010.37251,9.0,-395.99874
2025-10-17 17:40:07,1303.27273,1048.20364,921.6,21.52762,100.0,1010.32954,9.0,-392.89233
2025-10-17 17:40:08,1303.27273,1050.06545,925.32364,21.54285,100.0,1010.29906,9.0,-395.55302
2025-10-17 17:40:08,1303.27273,1055.65091,927.18545,21.53777,100.0,1010.31826,9.0,-398.00831
2025-10-17 17:40:09,1303.27273,1048.20364,923.46182,21.54285,100.0,1010.32619,9.0,-394.24454
2025-10-17 17:40:10,1303.27273,1048.20364,923.46182,21.53777,100.0,1010.26402,9.0,-393.24207
2025-10-17 17:40:10,1301.41091,1050.06545,923.46182,21.54793,100.0,1010.41548,9.0,-396.52957
2025-10-17 17:40:11,1301.41091,1050.06545,927.18545,21.53777,100.0,1010.26402,9.0,-396.8961
2025-10-17 17:40:11,1303.27273,1050.06545,925.32364,21.53777,100.0,1010.29114,9.0,-395.42469
2025-10-17 17:40:12,1303.27273,1048.20364,923.46182,21.5327,100.0,1010.33746,9.0,-394.42494
2025-10-17 17:40:13,1301.41091,1048.20364,923.46182,21.53777,100.0,1010.37251,9.0,-395.49454
2025-10-17 17:40:13,1301.41091,1051.92727,923.46182,21.53777,100.0,1010.31826,9.0,-395.26284
2025-10-17 17:40:14,1303.27273,1051.92727,927.18545,21.54285,100.0,1010.29906,9.0,-397.25847
2025-10-17 17:40:14,1305.13455,1048.20364,923.46182,21.53777,100.0,1010.37251,9.0,-394.48615
2025-10-17 17:40:15,1303.27273,1051.92727,925.32364,21.53777,100.0,1010.31826,9.0,-396.16293
2025-10-17 17:40:16,1303.27273,1048.20364,925.32364,21.53777,100.0,1010.34539,9.0,-395.95756
2025-10-17 17:40:16,1301.41091,1051.92727,927.18545,21.52762,100.0,1010.35666,9.0,-398.68888
2025-10-17 17:40:17,1305.13455,1051.92727,927.18545,21.53777,100.0,1010.29114,9.0,-396.62595
2025-10-17 17:40:17,1301.41091,1048.20364,921.6,21.54285,100.0,1010.32619,9.0,-393.34445
2025-10-17 17:40:18,1303.27273,1050.06545,923.46182,21.54793,100.0,1010.33411,9.0,-394.71414
2025-10-17 17:40:18,1303.27273,1050.06545,925.32364,21.54285,100.0,1010.32619,9.0,-395.99009
2025-10-17 17:40:19,1305.13455,1051.92727,925.32364,21.53777,100.0,1010.29114,9.0,-395.22166
2025-10-17 17:40:19,1305.13455,1050.06545,925.32364,21.52762,100.0,1010.27529,9.0,-394.66384
2025-10-17 17:40:20,1305.13455,1050.06545,925.32364,21.54285,100.0,1010.27194,9.0,-394.61175
2025-10-17 17:40:21,1305.13455,1051.92727,925.32364,21.53777,100.0,1010.31826,9.0,-395.65873
2025-10-17 17:40:21,1306.99636,1053.78909,930.90909,21.54285,100.0,1010.32619,9.0,-399.7461
2025-10-17 17:40:22,1306.99636,1051.92727,927.18545,21.5327,100.0,1010.28322,9.0,-395.99342
2025-10-17 17:40:22,1305.13455,1048.20364,925.32364,21.54285,100.0,1010.32619,9.0,-395.14463
2025-10-17 17:40:23,1305.13455,1050.06545,925.32364,21.54793,100.0,1010.33411,9.0,-395.61423
2025-10-17 17:40:24,1303.27273,1051.92727,929.04727,21.53777,100.0,1010.29114,9.0,-398.53443
2025-10-17 17:40:24,1305.13455,1051.92727,927.18545,21.54793,100.0,1010.33411,9.0,-397.31968
2025-10-17 17:40:25,1301.41091,1051.92727,929.04727,21.53777,100.0,1010.26402,9.0,-398.60156
2025-10-17 17:40:25,1301.41091,1050.06545,923.46182,21.54285,100.0,1010.32619,9.0,-395.09001
2025-10-17 17:40:26,1303.27273,1050.06545,923.46182,21.5327,100.0,1010.31034,9.0,-394.32915
2025-10-17 17:40:27,1308.85818,1055.65091,930.90909,21.54285,100.0,1010.29906,9.0,-398.99555
2025-10-17 17:40:27,1306.99636,1051.92727,927.18545,21.53777,100.0,1010.34539,9.0,-396.99589
2025-10-17 17:40:28,1306.99636,1050.06545,927.18545,21.553,100.0,1010.36915,9.0,-397.07974
2025-10-17 17:40:28,1305.13455,1048.20364,925.32364,21.54285,100.0,1010.32619,9.0,-395.14463
2025-10-17 17:40:29,1306.99636,1051.92727,929.04727,21.54793,100.0,1010.27986,9.0,-397.34562
2025-10-17 17:40:30,1306.99636,1051.92727,929.04727,21.54285,100.0,1010.32619,9.0,-398.09143
2025-10-17 17:40:30,1303.27273,1050.06545,925.32364,21.54285,100.0,1010.32619,9.0,-395.99009
2025-10-17 17:40:31,1305.13455,1048.20364,925.32364,21.54793,100.0,1010.33411,9.0,-395.27296
2025-10-17 17:40:31,1305.13455,1051.92727,927.18545,21.54793,100.0,1010.33411,9.0,-397.31968
2025-10-17 17:40:32,1306.99636,1053.78909,929.04727,21.54793,100.0,1010.33411,9.0,-398.47015
2025-10-17 17:40:32,1305.13455,1050.06545,925.32364,21.54285,100.0,1010.27194,9.0,-394.61175
2025-10-17 17:40:33,1306.99636,1051.92727,927.18545,21.53777,100.0,1010.29114,9.0,-396.12175
2025-10-17 17:40:34,1306.99636,1053.78909,927.18545,21.54793,100.0,1010.27986,9.0,-396.19172
2025-10-17 17:40:34,1308.85818,1053.78909,930.90909,21.53777,100.0,1010.29114,9.0,-398.6765
2025-10-17 17:40:35,1306.99636,1048.20364,927.18545,21.54285,100.0,1010.38043,9.0,-396.91886
2025-10-17 17:40:35,1305.13455,1051.92727,929.04727,21.54285,100.0,1010.29906,9.0,-398.15856
2025-10-17 17:40:36,1305.13455,1048.20364,925.32364,21.54793,100.0,1010.27986,9.0,-394.39881
2025-10-17 17:40:37,1306.99636,1051.92727,927.18545,21.53777,100.0,1010.34539,9.0,-396.99589
2025-10-17 17:40:37,1305.13455,1051.92727,929.04727,21.54793,100.0,1010.30698,9.0,-398.28689
2025-10-17 17:40:38,1306.99636,1050.06545,925.32364,21.54285,100.0,1010.29906,9.0,-394.54462
2025-10-17 17:40:38,1306.99636,1050.06545,925.32364,21.54793,100.0,1010.30698,9.0,-394.67296
2025-10-17 17:40:39,1306.99636,1048.20364,927.18545,21.553,100.0,1010.28778,9.0,-395.42723
2025-10-17 17:40:40,1310.72,1051.92727,930.90909,21.54793,100.0,1010.33411,9.0,-398.61566
2025-10-17 17:40:40,1306.99636,1050.06545,925.32364,21.54285,100.0,1010.27194,9.0,-394.10755
2025-10-17 17:40:41,1305.13455,1051.92727,929.04727,21.553,100.0,1010.28778,9.0,-397.97815
2025-10-17 17:40:41,1305.13455,1050.06545,925.32364,21.54285,100.0,1010.29906,9.0,-395.04882
2025-10-17 17:40:42,1306.99636,1051.92727,929.04727,21.54793,100.0,1010.27986,9.0,-397.34562
2025-10-17 17:40:42,1308.85818,1051.92727,929.04727,21.553,100.0,1010.28778,9.0,-396.96975
2025-10-17 17:40:43,1308.85818,1050.06545,927.18545,21.54285,100.0,1010.32619,9.0,-395.88178
2025-10-17 17:40:44,1306.99636,1050.06545,927.18545,21.54793,100.0,1010.33411,9.0,-396.51432
2025-10-17 17:40:44,1305.13455,1048.20364,925.32364,21.54793,100.0,1010.30698,9.0,-394.83589
2025-10-17 17:40:45,1308.85818,1051.92727,930.90909,21.53777,100.0,1010.23689,9.0,-397.55198
2025-10-17 17:40:45,1306.99636,1050.06545,925.32364,21.54793,100.0,1010.33411,9.0,-395.11003
2025-10-17 17:40:46,1308.85818,1051.92727,927.18545,21.553,100.0,1010.31491,9.0,-396.00255
2025-10-17 17:40:47,1306.99636,1051.92727,925.32364,21.54285,100.0,1010.32619,9.0,-395.28286
2025-10-17 17:40:47,1308.85818,1053.78909,930.90909,21.54285,100.0,1010.35331,9.0,-399.67897
2025-10-17 17:40:48,1306.99636,1051.92727,927.18545,21.54285,100.0,1010.32619,9.0,-396.68715
2025-10-17 17:40:48,1305.13455,1050.06545,925.32364,21.54285,100.0,1010.29906,9.0,-395.04882
2025-10-17 17:40:49,1306.99636,1051.92727,927.18545,21.54285,100.0,1010.27194,9.0,-395.813
2025-10-17 17:40:50,1308.85818,1050.06545,927.18545,21.53777,100.0,1010.31826,9.0,-395.75345
2025-10-17 17:40:50,1312.58182,1055.65091,932.77091,21.54285,100.0,1010.27194,9.0,-398.95436
2025-10-17 17:40:51,1308.85818,1050.06545,927.18545,21.54285,100.0,1010.29906,9.0,-395.44471
2025-10-17 17:40:51,1306.99636,1051.92727,927.18545,21.54793,100.0,1010.33411,9.0,-396.81549
2025-10-17 17:40:53,1306.99636,1051.92727,930.90909,21.5327,100.0,1010.28322,9.0,-398.80199
2025-10-17 17:40:53,1306.99636,1051.92727,927.18545,21.54285,100.0,1010.35331,9.0,-397.12422
2025-10-17 17:40:54,1306.99636,1050.06545,927.18545,21.54793,100.0,1010.33411,9.0,-396.51432
2025-10-17 17:40:55,1306.99636,1050.06545,927.18545,21.53777,100.0,1010.34539,9.0,-396.69472
2025-10-17 17:40:55,1310.72,1051.92727,930.90909,21.54285,100.0,1010.32619,9.0,-398.48732
2025-10-17 17:40:56,1308.85818,1051.92727,927.18545,21.54285,100.0,1010.35331,9.0,-396.62002
2025-10-17 17:40:56,1308.85818,1050.06545,925.32364,21.54793,100.0,1010.33411,9.0,-394.60583
2025-10-17 17:40:57,1306.99636,1050.06545,925.32364,21.54285,100.0,1010.29906,9.0,-394.54462
2025-10-17 17:40:57,1306.99636,1051.92727,929.04727,21.54285,100.0,1010.27194,9.0,-397.21729
2025-10-17 17:40:58,1308.85818,1050.06545,929.04727,21.53777,100.0,1010.29114,9.0,-396.72066
2025-10-17 17:40:59,1310.72,1048.20364,927.18545,21.54793,100.0,1010.27986,9.0,-394.2905
2025-10-17 17:40:59,1310.72,1051.92727,930.90909,21.5327,100.0,1010.33746,9.0,-398.66773
2025-10-17 17:41:00,1306.99636,1051.92727,927.18545,21.53777,100.0,1010.29114,9.0,-396.12175
2025-10-17 17:41:01,1310.72,1051.92727,929.04727,21.54285,100.0,1010.32619,9.0,-397.08304
2025-10-17 17:41:01,1306.99636,1050.06545,927.18545,21.53777,100.0,1010.31826,9.0,-396.25765
2025-10-17 17:41:02,1308.85818,1051.92727,927.18545,21.52762,100.0,1010.30242,9.0,-395.79796
2025-10-17 17:41:02,1306.99636,1050.06545,927.18545,21.53777,100.0,1010.29114,9.0,-395.82058
2025-10-17 17:41:03,1312.58182,1051.92727,930.90909,21.5327,100.0,1010.25609,9.0,-396.85233
2025-10-17 17:41:03,1310.72,1050.06545,927.18545,21.5327,100.0,1010.31034,9.0,-395.12092
2025-10-17 17:41:04,1308.85818,1050.06545,927.18545,21.54285,100.0,1010.27194,9.0,-395.00764
2025-10-17 17:41:05,1316.30545,1053.78909,930.90909,21.55808,100.0,1010.26858,9.0,-396.29888
2025-10-17 17:41:05,1310.72,1055.65091,934.63273,21.54285,100.0,1010.29906,9.0,-401.29992
2025-10-17 17:41:06,1308.85818,1050.06545,927.18545,21.553,100.0,1010.31491,9.0,-395.70138
2025-10-17 17:41:07,1310.72,1051.92727,930.90909,21.53777,100.0,1010.34539,9.0,-398.79606
2025-10-17 17:41:07,1310.72,1050.06545,927.18545,21.54285,100.0,1010.27194,9.0,-394.50344
2025-10-17 17:41:08,1308.85818,1051.92727,929.04727,21.54793,100.0,1010.30698,9.0,-397.2785
2025-10-17 17:41:08,1310.72,1053.78909,930.90909,21.54285,100.0,1010.32619,9.0,-398.7377
2025-10-17 17:41:09,1310.72,1048.20364,927.18545,21.553,100.0,1010.28778,9.0,-394.41883
2025-10-17 17:41:10,1310.72,1050.06545,929.04727,21.54285,100.0,1010.32619,9.0,-396.78187
2025-10-17 17:41:10,1310.72,1051.92727,927.18545,21.54793,100.0,1010.30698,9.0,-395.37001
2025-10-17 17:41:11,1310.72,1051.92727,932.77091,21.54285,100.0,1010.35331,9.0,-400.32868
2025-10-17 17:41:11,1310.72,1050.06545,929.04727,21.54285,100.0,1010.27194,9.0,-395.90772
2025-10-17 17:41:12,1310.72,1053.78909,932.77091,21.54285,100.0,1010.29906,9.0,-399.70491
2025-10-17 17:41:12,1310.72,1048.20364,927.18545,21.54285,100.0,1010.29906,9.0,-394.59924
2025-10-17 17:41:13,1310.72,1053.78909,932.77091,21.553,100.0,1010.31491,9.0,-399.96158
2025-10-17 17:41:14,1312.58182,1053.78909,930.90909,21.54285,100.0,1010.32619,9.0,-398.2335
2025-10-17 17:41:14,1310.72,1050.06545,930.90909,21.55808,100.0,1010.34995,9.0,-398.57117
2025-10-17 17:41:15,1312.58182,1050.06545,930.90909,21.55808,100.0,1010.37708,9.0,-398.50406
2025-10-17 17:41:15,1310.72,1051.92727,929.04727,21.553,100.0,1010.31491,9.0,-396.90263
2025-10-17 17:41:16,1314.44364,1051.92727,932.77091,21.54793,100.0,1010.27986,9.0,-398.13739
2025-10-17 17:41:17,1312.58182,1053.78909,932.77091,21.55808,100.0,1010.4042,9.0,-400.89698
2025-10-17 17:41:17,1310.72,1048.20364,929.04727,21.553,100.0,1010.34203,9.0,-396.69728
2025-10-17 17:41:18,1312.58182,1051.92727,932.77091,21.553,100.0,1010.31491,9.0,-399.207
2025-10-17 17:41:19,1314.44364,1053.78909,934.63273,21.55808,100.0,1010.32283,9.0,-400.48581
2025-10-17 17:41:19,1312.58182,1051.92727,932.77091,21.54793,100.0,1010.33411,9.0,-399.51574
2025-10-17 17:41:20,1312.58182,1051.92727,932.77091,21.55808,100.0,1010.37708,9.0,-400.20951
2025-10-17 17:41:20,1312.58182,1053.78909,932.77091,21.55808,100.0,1010.26858,9.0,-398.71156
2025-10-17 17:41:21,1308.85818,1050.06545,929.04727,21.56316,100.0,1010.30363,9.0,-396.92526
2025-10-17 17:41:21,1314.44364,1051.92727,932.77091,21.54793,100.0,1010.33411,9.0,-399.01155
2025-10-17 17:41:22,1310.72,1051.92727,930.90909,21.54793,100.0,1010.33411,9.0,-398.61566
2025-10-17 17:41:23,1310.72,1051.92727,929.04727,21.54793,100.0,1010.27986,9.0,-396.33722
2025-10-17 17:41:23,1312.58182,1053.78909,932.77091,21.55808,100.0,1010.34995,9.0,-400.02281
2025-10-17 17:41:24,1314.44364,1053.78909,934.63273,21.55808,100.0,1010.2957,9.0,-400.04873
2025-10-17 17:41:25,1314.44364,1050.06545,932.77091,21.553,100.0,1010.23353,9.0,-397.0904
2025-10-17 17:41:25,1314.44364,1051.92727,929.04727,21.55808,100.0,1010.32283,9.0,-396.02258
2025-10-17 17:41:26,1314.44364,1053.78909,932.77091,21.56316,100.0,1010.35788,9.0,-399.64696
2025-10-17 17:41:26,1312.58182,1050.06545,929.04727,21.553,100.0,1010.28778,9.0,-395.66019
2025-10-17 17:41:27,1314.44364,1051.92727,932.77091,21.553,100.0,1010.34203,9.0,-399.13989
2025-10-17 17:41:28,1310.72,1050.06545,930.90909,21.553,100.0,1010.34203,9.0,-398.44283
2025-10-17 17:41:28,1312.58182,1048.20364,929.04727,21.54793,100.0,1010.27986,9.0,-395.19059
2025-10-17 17:41:29,1314.44364,1048.20364,929.04727,21.553,100.0,1010.26066,9.0,-394.37764
2025-10-17 17:41:29,1312.58182,1053.78909,932.77091,21.55808,100.0,1010.32283,9.0,-399.58573
2025-10-17 17:41:30,1310.72,1050.06545,929.04727,21.56316,100.0,1010.33075,9.0,-396.85815
2025-10-17 17:41:31,1312.58182,1050.06545,932.77091,21.55808,100.0,1010.2957,9.0,-398.59709
2025-10-17 17:41:31,1314.44364,1050.06545,930.90909,21.54285,100.0,1010.29906,9.0,-396.74068
2025-10-17 17:41:32,1314.44364,1053.78909,934.63273,21.553,100.0,1010.31491,9.0,-400.35747
2025-10-17 17:41:32,1314.44364,1051.92727,934.63273,21.54793,100.0,1010.30698,9.0,-399.97875
2025-10-17 17:41:33,1310.72,1048.20364,929.04727,21.55808,100.0,1010.2957,9.0,-395.95146
2025-10-17 17:41:33,1314.44364,1048.20364,930.90909,21.56316,100.0,1010.30363,9.0,-396.47569
2025-10-17 17:41:34,1314.44364,1051.92727,932.77091,21.55808,100.0,1010.2957,9.0,-398.39407
2025-10-17 17:41:35,1312.58182,1051.92727,934.63273,21.55808,100.0,1010.32283,9.0,-400.73963
2025-10-17 17:41:35,1314.44364,1051.92727,930.90909,21.54793,100.0,1010.27986,9.0,-396.73311
2025-10-17 17:41:36,1312.58182,1050.06545,930.90909,21.553,100.0,1010.28778,9.0,-397.06447
2025-10-17 17:41:36,1314.44364,1048.20364,930.90909,21.54793,100.0,1010.27986,9.0,-396.09067
2025-10-17 17:41:37,1316.30545,1057.51273,940.21818,21.54793,100.0,1010.27986,9.0,-403.82372
2025-10-17 17:41:38,1314.44364,1051.92727,936.49455,21.54793,100.0,1010.27986,9.0,-400.94596
2025-10-17 17:41:38,1314.44364,1050.06545,930.90909,21.553,100.0,1010.31491,9.0,-396.99735
2025-10-17 17:41:39,1314.44364,1050.06545,930.90909,21.553,100.0,1010.4234,9.0,-398.74567
2025-10-17 17:41:39,1314.44364,1051.92727,932.77091,21.55808,100.0,1010.24146,9.0,-397.5199
2025-10-17 17:41:40,1314.44364,1053.78909,934.63273,21.553,100.0,1010.31491,9.0,-400.35747
2025-10-17 17:41:40,1312.58182,1050.06545,929.04727,21.56316,100.0,1010.35788,9.0,-396.79104
2025-10-17 17:41:41,1314.44364,1053.78909,932.77091,21.553,100.0,1010.31491,9.0,-398.95319
2025-10-17 17:41:42,1314.44364,1051.92727,930.90909,21.553,100.0,1010.34203,9.0,-397.7356
2025-10-17 17:41:42,1316.30545,1053.78909,936.49455,21.55808,100.0,1010.2957,9.0,-400.94882
2025-10-17 17:41:43,1314.44364,1051.92727,929.04727,21.55808,100.0,1010.26858,9.0,-395.14841
2025-10-17 17:41:44,1316.30545,1053.78909,936.49455,21.54793,100.0,1010.27986,9.0,-400.69215
2025-10-17 17:41:44,1314.44364,1051.92727,932.77091,21.553,100.0,1010.34203,9.0,-399.13989
2025-10-17 17:41:45,1316.30545,1053.78909,934.63273,21.553,100.0,1010.31491,9.0,-399.85327
2025-10-17 17:41:45,1314.44364,1053.78909,932.77091,21.55808,100.0,1010.32283,9.0,-399.08153
2025-10-17 17:41:46,1314.44364,1053.78909,930.90909,21.54793,100.0,1010.33411,9.0,-397.85764
2025-10-17 17:41:47,1316.30545,1051.92727,932.77091,21.54793,100.0,1010.27986,9.0,-397.6332
2025-10-17 17:41:47,1316.30545,1050.06545,930.90909,21.55808,100.0,1010.2957,9.0,-396.18441
2025-10-17 17:41:48,1316.30545,1053.78909,934.63273,21.54793,100.0,1010.36123,9.0,-400.59909
2025-10-17 17:41:48,1314.44364,1051.92727,932.77091,21.553,100.0,1010.34203,9.0,-399.13989
2025-10-17 17:41:49,1316.30545,1051.92727,932.77091,21.56316,100.0,1010.35788,9.0,-398.89238
2025-10-17 17:41:49,1316.30545,1053.78909,936.49455,21.55808,100.0,1010.32283,9.0,-401.3859
2025-10-17 17:41:50,1316.30545,1053.78909,936.49455,21.54793,100.0,1010.33411,9.0,-401.5663
2025-10-17 17:41:51,1314.44364,1051.92727,930.90909,21.553,100.0,1010.36915,9.0,-398.17268
2025-10-17 17:41:51,1318.16727,1053.78909,934.63273,21.553,100.0,1010.34203,9.0,-399.78616
2025-10-17 17:41:52,1314.44364,1051.92727,930.90909,21.54793,100.0,1010.25274,9.0,-396.29603
2025-10-17 17:41:52,1314.44364,1053.78909,936.49455,21.54793,100.0,1010.30698,9.0,-401.63342
2025-10-17 17:41:53,1318.16727,1051.92727,934.63273,21.55808,100.0,1010.34995,9.0,-399.66412
2025-10-17 17:41:54,1316.30545,1050.06545,932.77091,21.54285,100.0,1010.24481,9.0,-396.76662
2025-10-17 17:41:54,1316.30545,1051.92727,932.77091,21.55808,100.0,1010.32283,9.0,-398.32695
2025-10-17 17:41:55,1316.30545,1053.78909,930.90909,21.54793,100.0,1010.33411,9.0,-397.35344
2025-10-17 17:41:55,1314.44364,1053.78909,934.63273,21.55808,100.0,1010.32283,9.0,-400.48581
2025-10-17 17:41:56,1318.16727,1053.78909,934.63273,21.553,100.0,1010.34203,9.0,-399.78616
2025-10-17 17:41:57,1318.16727,1053.78909,936.49455,21.54793,100.0,1010.27986,9.0,-400.18795
2025-10-17 17:41:57,1316.30545,1050.06545,932.77091,21.55808,100.0,1010.32283,9.0,-398.02578
2025-10-17 17:41:58,1316.30545,1053.78909,934.63273,21.54793,100.0,1010.33411,9.0,-400.16201
2025-10-17 17:41:58,1314.44364,1051.92727,930.90909,21.54793,100.0,1010.30698,9.0,-397.17018
2025-10-17 17:41:59,1316.30545,1051.92727,932.77091,21.553,100.0,1010.34203,9.0,-398.63569
2025-10-17 17:42:00,1314.44364,1050.06545,932.77091,21.553,100.0,1010.31491,9.0,-398.40164
2025-10-17 17:42:00,1314.44364,1051.92727,932.77091,21.553,100.0,1010.28778,9.0,-398.26573
2025-10-17 17:42:01,1318.16727,1053.78909,936.49455,21.553,100.0,1010.36915,9.0,-401.62752
2025-10-17 17:42:01,1316.30545,1051.92727,934.63273,21.553,100.0,1010.31491,9.0,-399.60289
2025-10-17 17:42:02,1318.16727,1051.92727,932.77091,21.54285,100.0,1010.32619,9.0,-397.87481
2025-10-17 17:42:02,1316.30545,1053.78909,936.49455,21.55808,100.0,1010.34995,9.0,-401.82298
2025-10-17 17:42:03,1318.16727,1053.78909,936.49455,21.553,100.0,1010.34203,9.0,-401.19044
2025-10-17 17:42:04,1318.16727,1050.06545,930.90909,21.55808,100.0,1010.2957,9.0,-395.68021
2025-10-17 17:42:05,1318.16727,1050.06545,930.90909,21.54793,100.0,1010.25274,9.0,-394.98647
2025-10-17 17:42:06,1318.16727,1053.78909,938.35636,21.553,100.0,1010.36915,9.0,-403.0318
2025-10-17 17:42:06,1318.16727,1051.92727,934.63273,21.56316,100.0,1010.2765,9.0,-398.48121
2025-10-17 17:42:07,1316.30545,1050.06545,932.77091,21.55808,100.0,1010.2957,9.0,-397.5887
2025-10-17 17:42:07,1318.16727,1050.06545,932.77091,21.54793,100.0,1010.27986,9.0,-396.82783
2025-10-17 17:42:08,1316.30545,1053.78909,936.49455,21.55808,100.0,1010.32283,9.0,-401.3859
2025-10-17 17:42:08,1318.16727,1051.92727,932.77091,21.55808,100.0,1010.34995,9.0,-398.25983
2025-10-17 17:42:09,1318.16727,1050.06545,934.63273,21.553,100.0,1010.34203,9.0,-399.2346
2025-10-17 17:42:10,1316.30545,1048.20364,930.90909,21.56316,100.0,1010.35788,9.0,-396.84566
2025-10-17 17:42:10,1320.02909,1051.92727,938.35636,21.553,100.0,1010.26066,9.0,-400.52891
2025-10-17 17:42:11,1320.02909,1053.78909,936.49455,21.56316,100.0,1010.30363,9.0,-400.06876
2025-10-17 17:42:12,1320.02909,1048.20364,932.77091,21.553,100.0,1010.31491,9.0,-396.54778
2025-10-17 17:42:12,1318.16727,1048.20364,932.77091,21.56316,100.0,1010.30363,9.0,-396.87158
2025-10-17 17:42:13,1318.16727,1050.06545,934.63273,21.55808,100.0,1010.32283,9.0,-398.92587
2025-10-17 17:42:13,1320.02909,1051.92727,936.49455,21.55808,100.0,1010.32283,9.0,-400.12712
2025-10-17 17:42:14,1316.30545,1048.20364,932.77091,21.553,100.0,1010.28778,9.0,-397.11909
2025-10-17 17:42:14,1320.02909,1051.92727,936.49455,21.56316,100.0,1010.30363,9.0,-399.81838
2025-10-17 17:42:15,1320.02909,1050.06545,934.63273,21.55808,100.0,1010.32283,9.0,-398.42167
2025-10-17 17:42:16,1321.89091,1055.65091,940.21818,21.54793,100.0,1010.38836,9.0,-403.92714
2025-10-17 17:42:17,1320.02909,1050.06545,932.77091,21.56823,100.0,1010.31155,9.0,-396.83699
2025-10-17 17:42:17,1318.16727,1050.06545,934.63273,21.56823,100.0,1010.3658,9.0,-399.61965
2025-10-17 17:42:18,1318.16727,1051.92727,934.63273,21.55808,100.0,1010.34995,9.0,-399.66412
2025-10-17 17:42:18,1321.89091,1053.78909,938.35636,21.56823,100.0,1010.33867,9.0,-401.53429
2025-10-17 17:42:19,1318.16727,1051.92727,936.49455,21.56316,100.0,1010.35788,9.0,-401.19675
2025-10-17 17:42:19,1323.75273,1051.92727,934.63273,21.56823,100.0,1010.28442,9.0,-397.09696
2025-10-17 17:42:20,1318.16727,1050.06545,932.77091,21.55808,100.0,1010.37708,9.0,-398.39575
2025-10-17 17:42:21,1318.16727,1051.92727,934.63273,21.55808,100.0,1010.24146,9.0,-397.91579
2025-10-17 17:42:21,1320.02909,1057.51273,940.21818,21.55808,100.0,1010.34995,9.0,-403.94616
2025-10-17 17:42:22,1320.02909,1051.92727,934.63273,21.56823,100.0,1010.3658,9.0,-399.41663
2025-10-17 17:42:22,1321.89091,1053.78909,936.49455,21.56823,100.0,1010.31155,9.0,-399.69291
2025-10-17 17:42:23,1320.02909,1051.92727,934.63273,21.553,100.0,1010.34203,9.0,-399.03158
2025-10-17 17:42:24,1320.02909,1053.78909,936.49455,21.56316,100.0,1010.2765,9.0,-399.63168
2025-10-17 17:42:24,1321.89091,1051.92727,932.77091,21.56316,100.0,1010.30363,9.0,-396.50561
2025-10-17 17:42:25,1318.16727,1051.92727,934.63273,21.56823,100.0,1010.31155,9.0,-399.04664
2025-10-17 17:42:25,1318.16727,1050.06545,932.77091,21.56316,100.0,1010.2765,9.0,-396.77576
2025-10-17 17:42:26,1318.16727,1051.92727,934.63273,21.56316,100.0,1010.35788,9.0,-399.79247
2025-10-17 17:42:26,1320.02909,1055.65091,938.35636,21.56316,100.0,1010.2765,9.0,-401.22668
2025-10-17 17:42:27,1320.02909,1051.92727,936.49455,21.56316,100.0,1010.33075,9.0,-400.25547
2025-10-17 17:42:27,1321.89091,1053.78909,936.49455,21.55808,100.0,1010.37708,9.0,-400.74747
2025-10-17 17:42:28,1321.89091,1051.92727,934.63273,21.55808,100.0,1010.2957,9.0,-397.78156
2025-10-17 17:42:29,1321.89091,1053.78909,938.35636,21.55808,100.0,1010.2957,9.0,-400.84051
2025-10-17 17:42:29,1321.89091,1053.78909,938.35636,21.55808,100.0,1010.24146,9.0,-399.96634
2025-10-17 17:42:30,1321.89091,1051.92727,934.63273,21.553,100.0,1010.28778,9.0,-397.65322
2025-10-17 17:42:31,1320.02909,1050.06545,934.63273,21.56823,100.0,1010.3658,9.0,-399.11546
2025-10-17 17:42:31,1321.89091,1050.06545,934.63273,21.55808,100.0,1010.34995,9.0,-398.35455
2025-10-17 17:42:32,1318.16727,1055.65091,938.35636,21.553,100.0,1010.28778,9.0,-401.91129
2025-10-17 17:42:32,1321.89091,1050.06545,934.63273,21.55808,100.0,1010.32283,9.0,-397.91747
2025-10-17 17:42:33,1320.02909,1050.06545,934.63273,21.56316,100.0,1010.35788,9.0,-398.9871
2025-10-17 17:42:33,1318.16727,1051.92727,934.63273,21.553,100.0,1010.28778,9.0,-398.66161
2025-10-17 17:42:34,1321.89091,1053.78909,938.35636,21.56316,100.0,1010.30363,9.0,-400.96885
2025-10-17 17:42:35,1318.16727,1050.06545,936.49455,21.553,100.0,1010.31491,9.0,-400.20181
2025-10-17 17:42:35,1321.89091,1050.06545,938.35636,21.55808,100.0,1010.34995,9.0,-401.16312
2025-10-17 17:42:36,1320.02909,1048.20364,932.77091,21.55808,100.0,1010.2957,9.0,-396.23903
2025-10-17 17:42:36,1321.89091,1053.78909,938.35636,21.55808,100.0,1010.24146,9.0,-399.96634
2025-10-17 17:42:37,1323.75273,1053.78909,936.49455,21.54793,100.0,1010.30698,9.0,-399.11243
2025-10-17 17:42:38,1321.89091,1048.20364,934.63273,21.553,100.0,1010.28778,9.0,-397.01078
2025-10-17 17:42:38,1320.02909,1048.20364,932.77091,21.55808,100.0,1010.32283,9.0,-396.67612
2025-10-17 17:42:39,1320.02909,1050.06545,936.49455,21.54793,100.0,1010.27986,9.0,-399.1322
2025-10-17 17:42:39,1320.02909,1053.78909,938.35636,21.56823,100.0,1010.28442,9.0,-401.16431
2025-10-17 17:42:40,1320.02909,1050.06545,934.63273,21.553,100.0,1010.28778,9.0,-397.85625
2025-10-17 17:42:40,1321.89091,1051.92727,938.35636,21.553,100.0,1010.28778,9.0,-400.46179
2025-10-17 17:42:41,1321.89091,1050.06545,936.49455,21.54793,100.0,1010.30698,9.0,-399.06508
2025-10-17 17:42:42,1321.89091,1051.92727,938.35636,21.553,100.0,1010.23353,9.0,-399.58763
2025-10-17 17:42:42,1323.75273,1050.06545,936.49455,21.55808,100.0,1010.2957,9.0,-398.38047
2025-10-17 17:42:43,1321.89091,1048.20364,936.49455,21.55808,100.0,1010.2957,9.0,-398.54341
2025-10-17 17:42:43,1321.89091,1048.20364,934.63273,21.553,100.0,1010.34203,9.0,-397.88494
2025-10-17 17:42:44,1321.89091,1051.92727,938.35636,21.553,100.0,1010.28778,9.0,-400.46179
2025-10-17 17:42:44,1320.02909,1050.06545,938.35636,21.55808,100.0,1010.32283,9.0,-401.23024
2025-10-17 17:42:45,1321.89091,1050.06545,936.49455,21.55808,100.0,1010.26858,9.0,-398.44759
2025-10-17 17:42:46,1321.89091,1048.20364,936.49455,21.55808,100.0,1010.2957,9.0,-398.54341
2025-10-17 17:42:46,1320.02909,1048.20364,934.63273,21.57331,100.0,1010.26522,9.0,-397.15418
2025-10-17 17:42:47,1323.75273,1050.06545,938.35636,21.553,100.0,1010.28778,9.0,-399.65642
2025-10-17 17:42:47,1321.89091,1050.06545,936.49455,21.55808,100.0,1010.26858,9.0,-398.44759
2025-10-17 17:42:48,1320.02909,1048.20364,934.63273,21.56316,100.0,1010.33075,9.0,-398.20875
2025-10-17 17:42:49,1323.75273,1048.20364,936.49455,21.56316,100.0,1010.33075,9.0,-398.60464
2025-10-17 17:42:49,1323.75273,1051.92727,942.08,21.55808,100.0,1010.26858,9.0,-402.45741
2025-10-17 17:42:50,1323.75273,1050.06545,938.35636,21.55808,100.0,1010.2957,9.0,-399.78476
2025-10-17 17:42:50,1321.89091,1048.20364,934.63273,21.56316,100.0,1010.30363,9.0,-397.26746
2025-10-17 17:42:51,1321.89091,1050.06545,936.49455,21.55808,100.0,1010.26858,9.0,-398.44759
2025-10-17 17:42:51,1321.89091,1048.20364,938.35636,21.56823,100.0,1010.31155,9.0,-400.20438
2025-10-17 17:42:52,1321.89091,1050.06545,938.35636,21.55808,100.0,1010.2957,9.0,-400.28896
2025-10-17 17:42:52,1321.89091,1051.92727,940.21818,21.56316,100.0,1010.2765,9.0,-401.68567
2025-10-17 17:42:53,1321.89091,1050.06545,936.49455,21.56823,100.0,1010.31155,9.0,-399.14136
2025-10-17 17:42:54,1321.89091,1055.65091,938.35636,21.57331,100.0,1010.37372,9.0,-402.29046
2025-10-17 17:42:54,1321.89091,1048.20364,934.63273,21.56316,100.0,1010.30363,9.0,-397.26746
2025-10-17 17:42:55,1325.61455,1051.92727,940.21818,21.57331,100.0,1010.29235,9.0,-400.93396
2025-10-17 17:42:56,1323.75273,1048.20364,936.49455,21.56316,100.0,1010.2765,9.0,-397.73046
2025-10-17 17:42:56,1323.75273,1048.20364,936.49455,21.56823,100.0,1010.2573,9.0,-397.42172
2025-10-17 17:42:57,1323.75273,1048.20364,936.49455,21.57331,100.0,1010.26522,9.0,-397.55006
2025-10-17 17:42:57,1321.89091,1050.06545,938.35636,21.56316,100.0,1010.24938,9.0,-399.54313
2025-10-17 17:42:58,1321.89091,1048.20364,934.63273,21.57331,100.0,1010.3466,9.0,-397.96126
2025-10-17 17:42:59,1323.75273,1048.20364,936.49455,21.56823,100.0,1010.28442,9.0,-397.85881
2025-10-17 17:42:59,1321.89091,1050.06545,936.49455,21.56823,100.0,1010.28442,9.0,-398.70427
2025-10-17 17:43:00,1323.75273,1053.78909,940.21818,21.57331,100.0,1010.29235,9.0,-401.68854
2025-10-17 17:43:00,1325.61455,1051.92727,938.35636,21.56316,100.0,1010.24938,9.0,-398.8359
2025-10-17 17:43:01,1323.75273,1050.06545,936.49455,21.56823,100.0,1010.31155,9.0,-398.63716
2025-10-17 17:43:02,1323.75273,1050.06545,936.49455,21.56823,100.0,1010.28442,9.0,-398.20007
2025-10-17 17:43:02,1321.89091,1050.06545,940.21818,21.55808,100.0,1010.26858,9.0,-401.25616
2025-10-17 17:43:03,1323.75273,1050.06545,940.21818,21.56823,100.0,1010.2573,9.0,-400.57155
2025-10-17 17:43:03,1323.75273,1048.20364,936.49455,21.56823,100.0,1010.2573,9.0,-397.42172
2025-10-17 17:43:04,1323.75273,1051.92727,940.21818,21.56823,100.0,1010.33867,9.0,-402.18399
2025-10-17 17:43:04,1321.89091,1050.06545,936.49455,21.56823,100.0,1010.31155,9.0,-399.14136
2025-10-17 17:43:05,1325.61455,1053.78909,940.21818,21.56823,100.0,1010.33867,9.0,-401.93018
2025-10-17 17:43:06,1325.61455,1051.92727,940.21818,21.57331,100.0,1010.31947,9.0,-401.37106
2025-10-17 17:43:06,1325.61455,1053.78909,940.21818,21.57331,100.0,1010.31947,9.0,-401.62144
2025-10-17 17:43:07,1323.75273,1051.92727,940.21818,21.56823,100.0,1010.2573,9.0,-400.87272
2025-10-17 17:43:08,1323.75273,1051.92727,940.21818,21.57331,100.0,1010.29235,9.0,-401.43816
2025-10-17 17:43:08,1325.61455,1051.92727,940.21818,21.56316,100.0,1010.30363,9.0,-401.11436
2025-10-17 17:43:09,1323.75273,1050.06545,938.35636,21.56823,100.0,1010.28442,9.0,-399.60436
2025-10-17 17:43:09,1323.75273,1050.06545,938.35636,21.56823,100.0,1010.33867,9.0,-400.47854
2025-10-17 17:43:10,1325.61455,1051.92727,940.21818,21.57331,100.0,1010.26522,9.0,-400.49687
2025-10-17 17:43:10,1325.61455,1051.92727,940.21818,21.57839,100.0,1010.30027,9.0,-401.06232
2025-10-17 17:43:11,1323.75273,1050.06545,938.35636,21.57331,100.0,1010.26522,9.0,-399.29561
2025-10-17 17:43:11,1323.75273,1050.06545,938.35636,21.55808,100.0,1010.2957,9.0,-399.78476
2025-10-17 17:43:12,1325.61455,1050.06545,940.21818,21.57331,100.0,1010.31947,9.0,-401.06989
2025-10-17 17:43:13,1325.61455,1053.78909,940.21818,21.56823,100.0,1010.31155,9.0,-401.49309
2025-10-17 17:43:13,1327.47636,1051.92727,938.35636,21.56823,100.0,1010.2573,9.0,-398.46004
2025-10-17 17:43:14,1325.61455,1048.20364,936.49455,21.56823,100.0,1010.31155,9.0,-397.7917
2025-10-17 17:43:15,1323.75273,1048.20364,936.49455,21.55808,100.0,1010.34995,9.0,-398.91337
2025-10-17 17:43:15,1325.61455,1051.92727,942.08,21.55808,100.0,1010.2957,9.0,-402.3903
2025-10-17 17:43:16,1325.61455,1048.20364,936.49455,21.56823,100.0,1010.31155,9.0,-397.7917
2025-10-17 17:43:17,1325.61455,1048.20364,936.49455,21.57331,100.0,1010.26522,9.0,-397.04587
2025-10-17 17:43:17,1325.61455,1048.20364,936.49455,21.56316,100.0,1010.33075,9.0,-398.10044
2025-10-17 17:43:18,1327.47636,1050.06545,938.35636,21.57331,100.0,1010.3466,9.0,-399.5985
2025-10-17 17:43:19,1323.75273,1051.92727,940.21818,21.56823,100.0,1010.28442,9.0,-401.30981
2025-10-17 17:43:19,1327.47636,1051.92727,940.21818,21.56316,100.0,1010.2765,9.0,-400.17307
2025-10-17 17:43:20,1325.61455,1050.06545,936.49455,21.55808,100.0,1010.2957,9.0,-397.87627
2025-10-17 17:43:20,1325.61455,1051.92727,940.21818,21.56823,100.0,1010.3658,9.0,-402.11688
2025-10-17 17:43:21,1325.61455,1050.06545,938.35636,21.56823,100.0,1010.31155,9.0,-399.53725
2025-10-17 17:43:22,1325.61455,1048.20364,936.49455,21.56823,100.0,1010.2573,9.0,-396.91752
2025-10-17 17:43:22,1323.75273,1050.06545,938.35636,21.55808,100.0,1010.26858,9.0,-399.34768
2025-10-17 17:43:23,1325.61455,1051.92727,936.49455,21.56823,100.0,1010.28442,9.0,-397.99705
2025-10-17 17:43:23,1327.47636,1051.92727,942.08,21.56316,100.0,1010.30363,9.0,-402.01444
2025-10-17 17:43:24,1325.61455,1048.20364,936.49455,21.56823,100.0,1010.31155,9.0,-397.7917
2025-10-17 17:43:24,1327.47636,1051.92727,938.35636,21.57839,100.0,1010.32739,9.0,-399.59093
2025-10-17 17:43:25,1323.75273,1051.92727,938.35636,21.56823,100.0,1010.28442,9.0,-399.90553
2025-10-17 17:43:26,1327.47636,1053.78909,942.08,21.57331,100.0,1010.37372,9.0,-403.39571
2025-10-17 17:43:26,1325.61455,1051.92727,938.35636,21.55808,100.0,1010.32283,9.0,-400.01881
2025-10-17 17:43:27,1325.61455,1051.92727,938.35636,21.57331,100.0,1010.37372,9.0,-400.84096
2025-10-17 17:43:28,1327.47636,1051.92727,938.35636,21.56823,100.0,1010.31155,9.0,-399.33422
2025-10-17 17:43:28,1327.47636,1055.65091,942.08,21.56316,100.0,1010.33075,9.0,-402.89263
2025-10-17 17:43:29,1325.61455,1051.92727,938.35636,21.57331,100.0,1010.29235,9.0,-399.52968
2025-10-17 17:43:29,1325.61455,1048.20364,938.35636,21.57331,100.0,1010.29235,9.0,-398.88724
2025-10-17 17:43:30,1327.47636,1050.06545,938.35636,21.56316,100.0,1010.30363,9.0,-398.9047
2025-10-17 17:43:30,1327.47636,1051.92727,938.35636,21.56823,100.0,1010.3658,9.0,-400.2084
2025-10-17 17:43:31,1329.33818,1053.78909,942.08,21.56823,100.0,1010.31155,9.0,-401.88897
2025-10-17 17:43:32,1323.75273,1051.92727,940.21818,21.56823,100.0,1010.33867,9.0,-402.18399
2025-10-17 17:43:32,1325.61455,1053.78909,942.08,21.56823,100.0,1010.3658,9.0,-403.77155
2025-10-17 17:43:33,1327.47636,1051.92727,936.49455,21.57331,100.0,1010.3466,9.0,-398.49538
2025-10-17 17:43:33,1327.47636,1053.78909,940.21818,21.56823,100.0,1010.33867,9.0,-401.42598
2025-10-17 17:43:34,1323.75273,1051.92727,942.08,21.57331,100.0,1010.31947,9.0,-403.27954
2025-10-17 17:43:34,1327.47636,1053.78909,938.35636,21.57331,100.0,1010.26522,9.0,-398.83877
2025-10-17 17:43:35,1327.47636,1050.06545,938.35636,21.57839,100.0,1010.35452,9.0,-399.72686
2025-10-17 17:43:36,1323.75273,1050.06545,936.49455,21.57839,100.0,1010.35452,9.0,-399.33097
2025-10-17 17:43:36,1329.33818,1055.65091,942.08,21.57331,100.0,1010.26522,9.0,-401.33386
2025-10-17 17:43:37,1327.47636,1048.20364,938.35636,21.56823,100.0,1010.3658,9.0,-399.56597
2025-10-17 17:43:37,1325.61455,1051.92727,940.21818,21.57839,100.0,1010.32739,9.0,-401.49942
2025-10-17 17:43:38,1327.47636,1051.92727,940.21818,21.56823,100.0,1010.33867,9.0,-401.1756
2025-10-17 17:43:39,1327.47636,1053.78909,943.94182,21.57331,100.0,1010.31947,9.0,-403.92581
2025-10-17 17:43:39,1325.61455,1050.06545,938.35636,21.56823,100.0,1010.28442,9.0,-399.10016
2025-10-17 17:43:40,1325.61455,1050.06545,936.49455,21.56823,100.0,1010.31155,9.0,-398.13297
2025-10-17 17:43:41,1327.47636,1051.92727,938.35636,21.57331,100.0,1010.31947,9.0,-399.46257
2025-10-17 17:43:41,1327.47636,1055.65091,942.08,21.56316,100.0,1010.30363,9.0,-402.45554
2025-10-17 17:43:42,1329.33818,1051.92727,942.08,21.57331,100.0,1010.2381,9.0,-400.45567
2025-10-17 17:43:42,1327.47636,1051.92727,938.35636,21.57839,100.0,1010.35452,9.0,-400.02803
2025-10-17 17:43:43,1325.61455,1051.92727,942.08,21.56823,100.0,1010.31155,9.0,-402.64699
2025-10-17 17:43:43,1327.47636,1051.92727,938.35636,21.56823,100.0,1010.28442,9.0,-398.89713
2025-10-17 17:43:44,1329.33818,1057.51273,945.80364,21.56823,100.0,1010.31155,9.0,-405.02055
2025-10-17 17:43:45,1329.33818,1051.92727,943.94182,21.57331,100.0,1010.31947,9.0,-403.17123
2025-10-17 17:43:45,1329.33818,1053.78909,942.08,21.56823,100.0,1010.28442,9.0,-401.45188
2025-10-17 17:43:46,1329.33818,1050.06545,938.35636,21.56823,100.0,1010.31155,9.0,-398.52885
2025-10-17 17:43:46,1329.33818,1055.65091,943.94182,21.56823,100.0,1010.28442,9.0,-403.04689
2025-10-17 17:43:47,1327.47636,1050.06545,940.21818,21.57839,100.0,1010.32739,9.0,-400.69405
2025-10-17 17:43:47,1325.61455,1051.92727,938.35636,21.56823,100.0,1010.28442,9.0,-399.40133
2025-10-17 17:43:48,1327.47636,1051.92727,938.35636,21.56823,100.0,1010.31155,9.0,-399.33422
2025-10-17 17:43:49,1325.61455,1051.92727,936.49455,21.57331,100.0,1010.31947,9.0,-398.56249
2025-10-17 17:43:49,1329.33818,1051.92727,943.94182,21.56823,100.0,1010.31155,9.0,-403.04288
2025-10-17 17:43:50,1327.47636,1051.92727,940.21818,21.56316,100.0,1010.30363,9.0,-400.61016
2025-10-17 17:43:50,1327.47636,1053.78909,940.21818,21.56823,100.0,1010.33867,9.0,-401.42598
2025-10-17 17:43:51,1329.33818,1055.65091,938.35636,21.56823,100.0,1010.31155,9.0,-399.27112
2025-10-17 17:43:52,1329.33818,1053.78909,943.94182,21.56823,100.0,1010.31155,9.0,-403.29326
2025-10-17 17:43:52,1329.33818,1051.92727,943.94182,21.57331,100.0,1010.3466,9.0,-403.60832
2025-10-17 17:43:53,1329.33818,1053.78909,940.21818,21.57331,100.0,1010.3466,9.0,-401.05014
2025-10-17 17:43:53,1329.33818,1048.20364,936.49455,21.56823,100.0,1010.31155,9.0,-396.7833
2025-10-17 17:43:54,1327.47636,1053.78909,942.08,21.55808,100.0,1010.24146,9.0,-401.26232
2025-10-17 17:43:55,1327.47636,1053.78909,943.94182,21.57331,100.0,1010.31947,9.0,-403.92581
2025-10-17 17:43:55,1327.47636,1051.92727,938.35636,21.57331,100.0,1010.31947,9.0,-399.46257
2025-10-17 17:43:56,1329.33818,1051.92727,940.21818,21.56316,100.0,1010.30363,9.0,-400.10596
2025-10-17 17:43:56,1329.33818,1050.06545,940.21818,21.56823,100.0,1010.28442,9.0,-399.49605
2025-10-17 17:43:57,1331.2,1055.65091,945.80364,21.56823,100.0,1010.33867,9.0,-404.82115
2025-10-17 17:43:58,1331.2,1051.92727,940.21818,21.56316,100.0,1010.30363,9.0,-399.60176
2025-10-17 17:43:58,1331.2,1048.20364,938.35636,21.57331,100.0,1010.31947,9.0,-397.81174
2025-10-17 17:43:59,1327.47636,1050.06545,940.21818,21.55808,100.0,1010.26858,9.0,-399.74356
2025-10-17 17:43:59,1331.2,1053.78909,943.94182,21.56316,100.0,1010.35788,9.0,-403.53489
2025-10-17 17:44:00,1327.47636,1050.06545,938.35636,21.56823,100.0,1010.31155,9.0,-399.03305
2025-10-17 17:44:01,1331.2,1051.92727,940.21818,21.57331,100.0,1010.3466,9.0,-400.29556
2025-10-17 17:44:01,1329.33818,1051.92727,940.21818,21.55808,100.0,1010.26858,9.0,-399.54053
2025-10-17 17:44:02,1329.33818,1053.78909,942.08,21.55808,100.0,1010.24146,9.0,-400.75812
2025-10-17 17:44:02,1331.2,1051.92727,943.94182,21.56316,100.0,1010.2765,9.0,-401.97324
2025-10-17 17:44:03,1329.33818,1051.92727,942.08,21.55808,100.0,1010.32283,9.0,-401.81898
2025-10-17 17:44:04,1331.2,1050.06545,942.08,21.57331,100.0,1010.3466,9.0,-401.39867
2025-10-17 17:44:04,1329.33818,1053.78909,942.08,21.56823,100.0,1010.31155,9.0,-401.88897
2025-10-17 17:44:05,1331.2,1053.78909,943.94182,21.57331,100.0,1010.31947,9.0,-402.91741
2025-10-17 17:44:06,1331.2,1051.92727,940.21818,21.56316,100.0,1010.35788,9.0,-400.47593
2025-10-17 17:44:06,1329.33818,1051.92727,940.21818,21.57331,100.0,1010.31947,9.0,-400.36266
2025-10-17 17:44:07,1329.33818,1053.78909,945.80364,21.57331,100.0,1010.29235,9.0,-404.3888
2025-10-17 17:44:07,1333.06182,1053.78909,945.80364,21.57331,100.0,1010.3466,9.0,-404.25459
2025-10-17 17:44:08,1331.2,1050.06545,940.21818,21.57331,100.0,1010.29235,9.0,-399.1202
2025-10-17 17:44:08,1333.06182,1051.92727,943.94182,21.56823,100.0,1010.31155,9.0,-402.03448
2025-10-17 17:44:09,1329.33818,1050.06545,942.08,21.57331,100.0,1010.31947,9.0,-401.46578
2025-10-17 17:44:10,1334.92364,1057.51273,945.80364,21.57839,100.0,1010.30027,9.0,-403.32757
2025-10-17 17:44:10,1329.33818,1051.92727,943.94182,21.56823,100.0,1010.28442,9.0,-402.60579
2025-10-17 17:44:11,1329.33818,1048.20364,938.35636,21.56823,100.0,1010.31155,9.0,-398.18759
2025-10-17 17:44:11,1327.47636,1050.06545,940.21818,21.57331,100.0,1010.31947,9.0,-400.56569
2025-10-17 17:44:12,1331.2,1053.78909,943.94182,21.56823,100.0,1010.28442,9.0,-402.35197
2025-10-17 17:44:12,1331.2,1051.92727,943.94182,21.57331,100.0,1010.29235,9.0,-402.22994
2025-10-17 17:44:13,1329.33818,1050.06545,938.35636,21.57331,100.0,1010.31947,9.0,-398.65721
2025-10-17 17:44:14,1329.33818,1050.06545,942.08,21.56316,100.0,1010.24938,9.0,-400.3349
2025-10-17 17:44:14,1329.33818,1050.06545,940.21818,21.56823,100.0,1010.31155,9.0,-399.93314
2025-10-17 17:44:15,1331.2,1053.78909,942.08,21.56823,100.0,1010.2573,9.0,-400.5106
2025-10-17 17:44:15,1333.06182,1051.92727,943.94182,21.56823,100.0,1010.31155,9.0,-402.03448
2025-10-17 17:44:16,1333.06182,1051.92727,942.08,21.56823,100.0,1010.31155,9.0,-400.6302
2025-10-17 17:44:17,1331.2,1050.06545,943.94182,21.57331,100.0,1010.31947,9.0,-402.36586
2025-10-17 17:44:17,1329.33818,1053.78909,943.94182,21.57331,100.0,1010.37372,9.0,-404.2958
2025-10-17 17:44:18,1333.06182,1053.78909,945.80364,21.56823,100.0,1010.31155,9.0,-403.68915
2025-10-17 17:44:18,1327.47636,1050.06545,942.08,21.57839,100.0,1010.35452,9.0,-402.53543
2025-10-17 17:44:19,1329.33818,1048.20364,942.08,21.56823,100.0,1010.3658,9.0,-401.87034
2025-10-17 17:44:20,1329.33818,1050.06545,942.08,21.56823,100.0,1010.31155,9.0,-401.33742
2025-10-17 17:44:20,1333.06182,1051.92727,945.80364,21.56823,100.0,1010.3658,9.0,-404.31294
2025-10-17 17:44:21,1331.2,1048.20364,940.21818,21.56316,100.0,1010.35788,9.0,-399.8335
2025-10-17 17:44:21,1329.33818,1050.06545,940.21818,21.57331,100.0,1010.31947,9.0,-400.06149
2025-10-17 17:44:22,1331.2,1048.20364,942.08,21.56823,100.0,1010.31155,9.0,-400.49196
2025-10-17 17:44:23,1331.2,1055.65091,947.66545,21.56823,100.0,1010.33867,9.0,-406.22544
2025-10-17 17:44:23,1331.2,1051.92727,947.66545,21.56823,100.0,1010.3658,9.0,-406.22143
2025-10-17 17:44:24,1331.2,1050.06545,940.21818,21.56823,100.0,1010.3658,9.0,-400.30312
2025-10-17 17:44:24,1331.2,1048.20364,942.08,21.58346,100.0,1010.36244,9.0,-401.31413
2025-10-17 17:44:25,1333.06182,1048.20364,942.08,21.56316,100.0,1010.35788,9.0,-400.73358
2025-10-17 17:44:26,1334.92364,1053.78909,945.80364,21.56823,100.0,1010.31155,9.0,-403.18495
2025-10-17 17:44:26,1329.33818,1048.20364,940.21818,21.57331,100.0,1010.37372,9.0,-400.59441
2025-10-17 17:44:27,1333.06182,1048.20364,940.21818,21.56823,100.0,1010.33867,9.0,-399.02056
2025-10-17 17:44:28,1333.06182,1051.92727,945.80364,21.57839,100.0,1010.38164,9.0,-404.56967
2025-10-17 17:44:29,1333.06182,1048.20364,942.08,21.57839,100.0,1010.35452,9.0,-400.68157
2025-10-17 17:44:29,1333.06182,1053.78909,945.80364,21.57331,100.0,1010.31947,9.0,-403.8175
2025-10-17 17:44:30,1333.06182,1050.06545,942.08,21.57839,100.0,1010.32739,9.0,-400.58574
2025-10-17 17:44:31,1331.2,1051.92727,945.80364,21.57331,100.0,1010.29235,9.0,-403.63422
2025-10-17 17:44:31,1333.06182,1046.34182,942.08,21.58346,100.0,1010.30819,9.0,-399.56506
2025-10-17 17:44:32,1331.2,1050.06545,938.35636,21.57331,100.0,1010.31947,9.0,-398.15301
2025-10-17 17:44:32,1331.2,1050.06545,942.08,21.56316,100.0,1010.2765,9.0,-400.26779
2025-10-17 17:44:33,1331.2,1051.92727,943.94182,21.57331,100.0,1010.29235,9.0,-402.22994
2025-10-17 17:44:33,1333.06182,1050.06545,942.08,21.57331,100.0,1010.3466,9.0,-400.89447
2025-10-17 17:44:34,1333.06182,1050.06545,943.94182,21.57839,100.0,1010.32739,9.0,-401.99002
2025-10-17 17:44:35,1333.06182,1048.20364,942.08,21.57331,100.0,1010.3466,9.0,-400.55321
2025-10-17 17:44:35,1331.2,1051.92727,943.94182,21.57839,100.0,1010.32739,9.0,-402.79539
2025-10-17 17:44:36,1333.06182,1053.78909,947.66545,21.56316,100.0,1010.30363,9.0,-404.96508
2025-10-17 17:44:36,1333.06182,1050.06545,942.08,21.57839,100.0,1010.32739,9.0,-400.58574
2025-10-17 17:44:37,1334.92364,1053.78909,943.94182,21.57839,100.0,1010.27314,9.0,-401.16318
2025-10-17 17:44:38,1333.06182,1050.06545,940.21818,21.57839,100.0,1010.32739,9.0,-399.18145
2025-10-17 17:44:38,1334.92364,1053.78909,945.80364,21.58346,100.0,1010.38957,9.0,-404.44423
2025-10-17 17:44:39,1334.92364,1051.92727,945.80364,21.57839,100.0,1010.32739,9.0,-403.19128
2025-10-17 17:44:39,1333.06182,1050.06545,942.08,21.57839,100.0,1010.30027,9.0,-400.14864
2025-10-17 17:44:40,1331.2,1050.06545,943.94182,21.57839,100.0,1010.32739,9.0,-402.49422
2025-10-17 17:44:40,1334.92364,1050.06545,942.08,21.57839,100.0,1010.32739,9.0,-400.08154
2025-10-17 17:44:41,1333.06182,1051.92727,945.80364,21.57331,100.0,1010.29235,9.0,-403.13002
2025-10-17 17:44:42,1333.06182,1050.06545,943.94182,21.57839,100.0,1010.35452,9.0,-402.42712
2025-10-17 17:44:42,1334.92364,1051.92727,947.66545,21.58854,100.0,1010.31611,9.0,-404.41519
2025-10-17 17:44:43,1331.2,1050.06545,943.94182,21.58346,100.0,1010.33532,9.0,-402.62258
2025-10-17 17:44:43,1334.92364,1050.06545,945.80364,21.57839,100.0,1010.30027,9.0,-402.45301
2025-10-17 17:44:44,1333.06182,1050.06545,940.21818,21.58346,100.0,1010.36244,9.0,-399.74692
2025-10-17 17:44:44,1334.92364,1048.20364,942.08,21.59362,100.0,1010.37829,9.0,-400.56249
2025-10-17 17:44:45,1334.92364,1048.20364,943.94182,21.57839,100.0,1010.35452,9.0,-401.58165
2025-10-17 17:44:46,1334.92364,1048.20364,942.08,21.57331,100.0,1010.31947,9.0,-399.61191
2025-10-17 17:44:46,1333.06182,1051.92727,945.80364,21.58346,100.0,1010.28106,9.0,-402.94964
2025-10-17 17:44:47,1333.06182,1050.06545,942.08,21.57331,100.0,1010.3466,9.0,-400.89447
2025-10-17 17:44:47,1334.92364,1048.20364,943.94182,21.57839,100.0,1010.35452,9.0,-401.58165
2025-10-17 17:44:48,1334.92364,1050.06545,945.80364,21.57839,100.0,1010.32739,9.0,-402.89011
2025-10-17 17:44:49,1334.92364,1053.78909,951.38909,21.58346,100.0,1010.33532,9.0,-407.78288
2025-10-17 17:44:49,1336.78545,1051.92727,945.80364,21.56823,100.0,1010.3658,9.0,-403.30455
2025-10-17 17:44:50,1334.92364,1050.06545,942.08,21.57839,100.0,1010.32739,9.0,-400.08154
2025-10-17 17:44:50,1333.06182,1051.92727,943.94182,21.57839,100.0,1010.38164,9.0,-403.16539
2025-10-17 17:44:51,1331.2,1050.06545,943.94182,21.57839,100.0,1010.27314,9.0,-401.62003
2025-10-17 17:44:52,1334.92364,1051.92727,943.94182,21.57839,100.0,1010.32739,9.0,-401.78699
2025-10-17 17:44:52,1334.92364,1046.34182,943.94182,21.56823,100.0,1010.31155,9.0,-400.51717
2025-10-17 17:44:53,1331.2,1050.06545,942.08,21.57839,100.0,1010.35452,9.0,-401.52703
2025-10-17 17:44:53,1331.2,1050.06545,943.94182,21.57839,100.0,1010.32739,9.0,-402.49422
2025-10-17 17:44:54,1334.92364,1055.65091,947.66545,21.57839,100.0,1010.35452,9.0,-405.47376
2025-10-17 17:44:54,1336.78545,1051.92727,945.80364,21.56823,100.0,1010.33867,9.0,-402.86746
2025-10-17 17:44:55,1336.78545,1055.65091,943.94182,21.57839,100.0,1010.32739,9.0,-401.7239
2025-10-17 17:44:56,1334.92364,1050.06545,943.94182,21.57331,100.0,1010.31947,9.0,-401.35746
2025-10-17 17:44:56,1336.78545,1051.92727,947.66545,21.57331,100.0,1010.3466,9.0,-404.4001
2025-10-17 17:44:57,1333.06182,1048.20364,943.94182,21.57839,100.0,1010.35452,9.0,-402.08585
2025-10-17 17:44:57,1334.92364,1048.20364,943.94182,21.57331,100.0,1010.37372,9.0,-401.89039
2025-10-17 17:44:58,1334.92364,1050.06545,942.08,21.58854,100.0,1010.26186,9.0,-399.02696
2025-10-17 17:44:59,1336.78545,1051.92727,945.80364,21.57839,100.0,1010.38164,9.0,-403.56127
2025-10-17 17:44:59,1333.06182,1053.78909,945.80364,21.57839,100.0,1010.32739,9.0,-403.94586
2025-10-17 17:45:00,1334.92364,1050.06545,942.08,21.57331,100.0,1010.37372,9.0,-400.82737
2025-10-17 17:45:00,1336.78545,1051.92727,943.94182,21.57839,100.0,1010.35452,9.0,-401.71989
2025-10-17 17:45:01,1334.92364,1050.06545,943.94182,21.57839,100.0,1010.30027,9.0,-401.04873
2025-10-17 17:45:02,1338.64727,1055.65091,949.52727,21.58346,100.0,1010.30819,9.0,-405.12382
2025-10-17 17:45:02,1334.92364,1050.06545,943.94182,21.57839,100.0,1010.32739,9.0,-401.48582
2025-10-17 17:45:03,1334.92364,1050.06545,943.94182,21.57839,100.0,1010.30027,9.0,-401.04873
2025-10-17 17:45:03,1334.92364,1050.06545,942.08,21.57331,100.0,1010.29235,9.0,-399.51609
2025-10-17 17:45:04,1336.78545,1053.78909,945.80364,21.57839,100.0,1010.32739,9.0,-402.93746
2025-10-17 17:45:05,1336.78545,1050.06545,943.94182,21.57839,100.0,1010.32739,9.0,-400.98163
2025-10-17 17:45:05,1333.06182,1050.06545,943.94182,21.58346,100.0,1010.36244,9.0,-402.55549
2025-10-17 17:45:06,1334.92364,1050.06545,943.94182,21.57839,100.0,1010.38164,9.0,-402.36002
2025-10-17 17:45:06,1334.92364,1048.20364,943.94182,21.57839,100.0,1010.32739,9.0,-401.14456
2025-10-17 17:45:07,1340.50909,1055.65091,953.25091,21.57839,100.0,1010.38164,9.0,-408.61112
2025-10-17 17:45:07,1336.78545,1051.92727,945.80364,21.56823,100.0,1010.2573,9.0,-401.55619
2025-10-17 17:45:08,1336.78545,1051.92727,945.80364,21.57839,100.0,1010.30027,9.0,-402.24998
2025-10-17 17:45:09,1334.92364,1050.06545,943.94182,21.57839,100.0,1010.38164,9.0,-402.36002
2025-10-17 17:45:09,1336.78545,1053.78909,945.80364,21.57331,100.0,1010.3466,9.0,-403.2462
2025-10-17 17:45:10,1334.92364,1050.06545,943.94182,21.57331,100.0,1010.31947,9.0,-401.35746
2025-10-17 17:45:10,1336.78545,1050.06545,945.80364,21.57331,100.0,1010.3466,9.0,-402.69464
2025-10-17 17:45:11,1334.92364,1048.20364,943.94182,21.57331,100.0,1010.3466,9.0,-401.45329
2025-10-17 17:45:11,1336.78545,1050.06545,945.80364,21.58854,100.0,1010.31611,9.0,-402.20554
2025-10-17 17:45:12,1338.64727,1053.78909,947.66545,21.58346,100.0,1010.33532,9.0,-403.96591
2025-10-17 17:45:13,1334.92364,1050.06545,943.94182,21.56316,100.0,1010.33075,9.0,-401.53785
2025-10-17 17:45:13,1336.78545,1051.92727,945.80364,21.57839,100.0,1010.30027,9.0,-402.24998
2025-10-17 17:45:14,1336.78545,1051.92727,943.94182,21.58346,100.0,1010.36244,9.0,-401.84826
2025-10-17 17:45:15,1338.64727,1053.78909,949.52727,21.57331,100.0,1010.37372,9.0,-405.98766
2025-10-17 17:45:15,1336.78545,1053.78909,945.80364,21.57839,100.0,1010.32739,9.0,-402.93746
2025-10-17 17:45:16,1336.78545,1050.06545,945.80364,21.57839,100.0,1010.38164,9.0,-403.2601
2025-10-17 17:45:16,1336.78545,1051.92727,945.80364,21.57331,100.0,1010.3466,9.0,-402.99581
2025-10-17 17:45:17,1336.78545,1053.78909,947.66545,21.57331,100.0,1010.37372,9.0,-405.08757
2025-10-17 17:45:17,1334.92364,1053.78909,947.66545,21.57839,100.0,1010.32739,9.0,-404.84594
2025-10-17 17:45:18,1334.92364,1048.20364,945.80364,21.57839,100.0,1010.30027,9.0,-402.11174
2025-10-17 17:45:19,1336.78545,1050.06545,945.80364,21.57331,100.0,1010.37372,9.0,-403.13174
2025-10-17 17:45:19,1336.78545,1051.92727,945.80364,21.57839,100.0,1010.35452,9.0,-403.12418
2025-10-17 17:45:20,1336.78545,1053.78909,947.66545,21.58346,100.0,1010.36244,9.0,-404.90721
2025-10-17 17:45:20,1338.64727,1051.92727,949.52727,21.58346,100.0,1010.30819,9.0,-404.68271
2025-10-17 17:45:21,1336.78545,1053.78909,947.66545,21.57331,100.0,1010.31947,9.0,-404.21339
2025-10-17 17:45:22,1334.92364,1051.92727,943.94182,21.58346,100.0,1010.30819,9.0,-401.47826
2025-10-17 17:45:22,1338.64727,1053.78909,947.66545,21.57839,100.0,1010.32739,9.0,-403.83755
2025-10-17 17:45:23,1338.64727,1053.78909,949.52727,21.57839,100.0,1010.30027,9.0,-404.80473
2025-10-17 17:45:23,1334.92364,1051.92727,943.94182,21.58346,100.0,1010.38957,9.0,-402.78956
2025-10-17 17:45:24,1338.64727,1048.20364,943.94182,21.57839,100.0,1010.35452,9.0,-400.57326
2025-10-17 17:45:24,1334.92364,1050.06545,943.94182,21.57331,100.0,1010.3466,9.0,-401.79456
2025-10-17 17:45:25,1336.78545,1053.78909,947.66545,21.57331,100.0,1010.26522,9.0,-403.3392
2025-10-17 17:45:26,1336.78545,1051.92727,945.80364,21.56823,100.0,1010.2573,9.0,-401.55619
2025-10-17 17:45:26,1338.64727,1051.92727,949.52727,21.57331,100.0,1010.37372,9.0,-405.73728
2025-10-17 17:45:27,1336.78545,1053.78909,945.80364,21.57331,100.0,1010.31947,9.0,-402.8091
2025-10-17 17:45:27,1340.50909,1053.78909,949.52727,21.57839,100.0,1010.35452,9.0,-405.17473
2025-10-17 17:45:28,1338.64727,1053.78909,947.66545,21.57839,100.0,1010.38164,9.0,-404.71174
2025-10-17 17:45:29,1338.64727,1050.06545,943.94182,21.56823,100.0,1010.31155,9.0,-400.22072
2025-10-17 17:45:29,1336.78545,1051.92727,945.80364,21.57839,100.0,1010.32739,9.0,-402.68708
2025-10-17 17:45:30,1336.78545,1053.78909,945.80364,21.57839,100.0,1010.38164,9.0,-403.81166
2025-10-17 17:45:30,1338.64727,1053.78909,947.66545,21.56823,100.0,1010.39292,9.0,-404.89211
2025-10-17 17:45:31,1336.78545,1051.92727,945.80364,21.58346,100.0,1010.30819,9.0,-402.37834
2025-10-17 17:45:32,1338.64727,1051.92727,943.94182,21.58346,100.0,1010.38957,9.0,-401.78116
2025-10-17 17:45:32,1336.78545,1057.51273,947.66545,21.57331,100.0,1010.31947,9.0,-404.5364
2025-10-17 17:45:33,1340.50909,1053.78909,953.25091,21.57839,100.0,1010.32739,9.0,-407.5462
2025-10-17 17:45:33,1340.50909,1053.78909,949.52727,21.58346,100.0,1010.36244,9.0,-405.3031
2025-10-17 17:45:34,1340.50909,1053.78909,947.66545,21.57839,100.0,1010.32739,9.0,-403.33335
2025-10-17 17:45:35,1336.78545,1051.92727,945.80364,21.57839,100.0,1010.40877,9.0,-403.99837
2025-10-17 17:45:35,1338.64727,1053.78909,947.66545,21.57839,100.0,1010.32739,9.0,-403.83755
2025-10-17 17:45:36,1340.50909,1053.78909,949.52727,21.57839,100.0,1010.40877,9.0,-406.04893
2025-10-17 17:45:36,1340.50909,1050.06545,945.80364,21.57331,100.0,1010.31947,9.0,-401.24915
2025-10-17 17:45:37,1338.64727,1051.92727,947.66545,21.58346,100.0,1010.30819,9.0,-403.27843
2025-10-17 17:45:38,1338.64727,1048.20364,945.80364,21.57331,100.0,1010.3466,9.0,-401.84918
2025-10-17 17:45:38,1340.50909,1051.92727,949.52727,21.58346,100.0,1010.36244,9.0,-405.05272
2025-10-17 17:45:40,1338.64727,1051.92727,945.80364,21.58346,100.0,1010.38957,9.0,-403.18545
2025-10-17 17:45:40,1338.64727,1055.65091,949.52727,21.58346,100.0,1010.33532,9.0,-405.56092
2025-10-17 17:45:41,1336.78545,1050.06545,947.66545,21.58346,100.0,1010.38957,9.0,-404.79276
2025-10-17 17:45:41,1338.64727,1050.06545,945.80364,21.59362,100.0,1010.37829,9.0,-402.70393
2025-10-17 17:45:42,1338.64727,1050.06545,945.80364,21.58346,100.0,1010.33532,9.0,-402.01008
2025-10-17 17:45:43,1340.50909,1053.78909,947.66545,21.57839,100.0,1010.38164,9.0,-404.20754
2025-10-17 17:45:43,1340.50909,1051.92727,949.52727,21.58346,100.0,1010.36244,9.0,-405.05272
2025-10-17 17:45:44,1338.64727,1048.20364,945.80364,21.57839,100.0,1010.35452,9.0,-401.97754
2025-10-17 17:45:44,1338.64727,1050.06545,945.80364,21.58346,100.0,1010.30819,9.0,-401.57298
2025-10-17 17:45:45,1338.64727,1050.06545,945.80364,21.58854,100.0,1010.37036,9.0,-402.57555
2025-10-17 17:45:46,1338.64727,1053.78909,955.11273,21.57331,100.0,1010.31947,9.0,-409.32633
2025-10-17 17:45:46,1342.37091,1051.92727,949.52727,21.57839,100.0,1010.32739,9.0,-403.98305
2025-10-17 17:45:47,1340.50909,1050.06545,945.80364,21.57331,100.0,1010.3466,9.0,-401.68625
2025-10-17 17:45:47,1338.64727,1051.92727,947.66545,21.57839,100.0,1010.38164,9.0,-404.46136
2025-10-17 17:45:48,1340.50909,1050.06545,947.66545,21.57839,100.0,1010.35452,9.0,-403.21889
2025-10-17 17:45:48,1340.50909,1053.78909,949.52727,21.58346,100.0,1010.28106,9.0,-403.9918
2025-10-17 17:45:49,1338.64727,1050.06545,945.80364,21.57839,100.0,1010.38164,9.0,-402.75591
2025-10-17 17:45:50,1336.78545,1050.06545,945.80364,21.57839,100.0,1010.35452,9.0,-402.82301
2025-10-17 17:45:50,1338.64727,1051.92727,945.80364,21.57839,100.0,1010.30027,9.0,-401.74578
2025-10-17 17:45:51,1340.50909,1053.78909,949.52727,21.57331,100.0,1010.31947,9.0,-404.60927
2025-10-17 17:45:51,1338.64727,1050.06545,945.80364,21.58854,100.0,1010.34324,9.0,-402.13845
2025-10-17 17:45:52,1340.50909,1053.78909,953.25091,21.57839,100.0,1010.32739,9.0,-407.5462
2025-10-17 17:45:53,1340.50909,1051.92727,949.52727,21.57839,100.0,1010.32739,9.0,-404.48725
2025-10-17 17:45:53,1340.50909,1055.65091,951.38909,21.57839,100.0,1010.30027,9.0,-405.89554
2025-10-17 17:45:54,1342.37091,1051.92727,949.52727,21.58854,100.0,1010.37036,9.0,-404.67689
2025-10-17 17:45:54,1340.50909,1051.92727,947.66545,21.58854,100.0,1010.37036,9.0,-403.77681
2025-10-17 17:45:55,1340.50909,1051.92727,947.66545,21.57331,100.0,1010.3466,9.0,-403.3917
2025-10-17 17:45:56,1340.50909,1053.78909,949.52727,21.58854,100.0,1010.39749,9.0,-405.86858
2025-10-17 17:45:56,1342.37091,1053.78909,951.38909,21.57839,100.0,1010.35452,9.0,-406.07482
2025-10-17 17:45:57,1340.50909,1055.65091,953.25091,21.58346,100.0,1010.38957,9.0,-408.73949
2025-10-17 17:45:58,1340.50909,1053.78909,947.66545,21.58346,100.0,1010.38957,9.0,-404.33591
2025-10-17 17:45:58,1340.50909,1051.92727,947.66545,21.58346,100.0,1010.33532,9.0,-403.21133
2025-10-17 17:45:59,1342.37091,1051.92727,949.52727,21.58346,100.0,1010.33532,9.0,-404.11142
2025-10-17 17:45:59,1342.37091,1053.78909,949.52727,21.58854,100.0,1010.39749,9.0,-405.36438
2025-10-17 17:46:00,1342.37091,1050.06545,951.38909,21.58346,100.0,1010.33532,9.0,-405.21453
2025-10-17 17:46:01,1342.37091,1055.65091,951.38909,21.58854,100.0,1010.28899,9.0,-405.21097
2025-10-17 17:46:01,1338.64727,1051.92727,945.80364,21.57839,100.0,1010.35452,9.0,-402.61998
2025-10-17 17:46:02,1342.37091,1055.65091,951.38909,21.57839,100.0,1010.32739,9.0,-405.82844
2025-10-17 17:46:02,1342.37091,1055.65091,953.25091,21.56823,100.0,1010.31155,9.0,-406.97601
2025-10-17 17:46:03,1342.37091,1051.92727,947.66545,21.58346,100.0,1010.38957,9.0,-403.58133
2025-10-17 17:46:04,1344.23273,1053.78909,949.52727,21.58854,100.0,1010.28899,9.0,-403.11176
2025-10-17 17:46:04,1340.50909,1055.65091,953.25091,21.58346,100.0,1010.33532,9.0,-407.86529
2025-10-17 17:46:05,1342.37091,1053.78909,951.38909,21.58346,100.0,1010.33532,9.0,-405.76608
2025-10-17 17:46:05,1342.37091,1051.92727,945.80364,21.57331,100.0,1010.29235,9.0,-400.60903
2025-10-17 17:46:06,1340.50909,1053.78909,949.52727,21.58346,100.0,1010.38957,9.0,-405.7402
2025-10-17 17:46:07,1342.37091,1051.92727,947.66545,21.57839,100.0,1010.35452,9.0,-403.01587
2025-10-17 17:46:07,1342.37091,1055.65091,951.38909,21.58346,100.0,1010.38957,9.0,-406.83101
2025-10-17 17:46:08,1340.50909,1051.92727,947.66545,21.58346,100.0,1010.36244,9.0,-403.64843
2025-10-17 17:46:08,1342.37091,1053.78909,949.52727,21.57331,100.0,1010.37372,9.0,-404.97926
2025-10-17 17:46:09,1342.37091,1053.78909,947.66545,21.57331,100.0,1010.31947,9.0,-402.70079
2025-10-17 17:46:09,1342.37091,1055.65091,953.25091,21.57839,100.0,1010.35452,9.0,-407.66982
2025-10-17 17:46:10,1342.37091,1053.78909,949.52727,21.58346,100.0,1010.33532,9.0,-404.3618
2025-10-17 17:46:11,1342.37091,1053.78909,949.52727,21.58346,100.0,1010.33532,9.0,-404.3618
2025-10-17 17:46:11,1342.37091,1050.06545,949.52727,21.58854,100.0,1010.34324,9.0,-403.93862
2025-10-17 17:46:12,1340.50909,1055.65091,951.38909,21.58346,100.0,1010.30819,9.0,-406.0239
2025-10-17 17:46:13,1344.23273,1053.78909,949.52727,21.57839,100.0,1010.32739,9.0,-403.72924
2025-10-17 17:46:13,1342.37091,1051.92727,947.66545,21.58346,100.0,1010.38957,9.0,-403.58133
2025-10-17 17:46:14,1340.50909,1051.92727,947.66545,21.57839,100.0,1010.38164,9.0,-403.95716
2025-10-17 17:46:14,1342.37091,1051.92727,951.38909,21.58346,100.0,1010.33532,9.0,-405.5157
2025-10-17 17:46:15,1344.23273,1055.65091,951.38909,21.58346,100.0,1010.38957,9.0,-406.32681
2025-10-17 17:46:15,1340.50909,1051.92727,947.66545,21.58346,100.0,1010.36244,9.0,-403.64843
2025-10-17 17:46:16,1338.64727,1051.92727,951.38909,21.58346,100.0,1010.33532,9.0,-406.5241
2025-10-17 17:46:16,1340.50909,1050.06545,947.66545,21.58854,100.0,1010.37036,9.0,-403.47564
2025-10-17 17:46:17,1344.23273,1055.65091,951.38909,21.58346,100.0,1010.36244,9.0,-405.88971
2025-10-17 17:46:18,1344.23273,1053.78909,949.52727,21.57839,100.0,1010.35452,9.0,-404.16633
2025-10-17 17:46:18,1338.64727,1051.92727,947.66545,21.57331,100.0,1010.3466,9.0,-403.8959
2025-10-17 17:46:19,1344.23273,1050.06545,947.66545,21.57839,100.0,1010.35452,9.0,-402.2105
2025-10-17 17:46:19,1344.23273,1051.92727,949.52727,21.57331,100.0,1010.37372,9.0,-404.22468
2025-10-17 17:46:20,1344.23273,1053.78909,951.38909,21.57839,100.0,1010.35452,9.0,-405.57062
2025-10-17 17:46:20,1342.37091,1051.92727,951.38909,21.57839,100.0,1010.35452,9.0,-405.82443
2025-10-17 17:46:21,1342.37091,1053.78909,951.38909,21.57331,100.0,1010.31947,9.0,-405.50936
2025-10-17 17:46:22,1342.37091,1053.78909,951.38909,21.57839,100.0,1010.38164,9.0,-406.51191
2025-10-17 17:46:22,1344.23273,1055.65091,951.38909,21.58346,100.0,1010.38957,9.0,-406.32681
2025-10-17 17:46:23,1346.09455,1053.78909,955.11273,21.57839,100.0,1010.35452,9.0,-407.87499
2025-10-17 17:46:24,1344.23273,1053.78909,953.25091,21.58854,100.0,1010.37036,9.0,-407.23164
2025-10-17 17:46:24,1342.37091,1055.65091,956.97455,21.58854,100.0,1010.37036,9.0,-410.73513
2025-10-17 17:46:25,1344.23273,1050.06545,947.66545,21.58346,100.0,1010.38957,9.0,-402.77597
2025-10-17 17:46:25,1342.37091,1053.78909,951.38909,21.58346,100.0,1010.33532,9.0,-405.76608
2025-10-17 17:46:26,1342.37091,1053.78909,951.38909,21.57331,100.0,1010.31947,9.0,-405.50936
2025-10-17 17:46:26,1344.23273,1053.78909,953.25091,21.57839,100.0,1010.40877,9.0,-407.8491
2025-10-17 17:46:27,1344.23273,1055.65091,955.11273,21.57839,100.0,1010.43589,9.0,-409.8812
2025-10-17 17:46:28,1344.23273,1055.65091,951.38909,21.57839,100.0,1010.32739,9.0,-405.32424
2025-10-17 17:46:28,1342.37091,1055.65091,951.38909,21.58854,100.0,1010.37036,9.0,-406.52228
2025-10-17 17:46:29,1344.23273,1053.78909,953.25091,21.58854,100.0,1010.39749,9.0,-407.66875
2025-10-17 17:46:29,1344.23273,1051.92727,951.38909,21.59362,100.0,1010.37829,9.0,-405.70536
2025-10-17 17:46:30,1344.23273,1053.78909,951.38909,21.57839,100.0,1010.35452,9.0,-405.57062
2025-10-17 17:46:31,1346.09455,1055.65091,956.97455,21.58854,100.0,1010.37036,9.0,-409.72673
2025-10-17 17:46:31,1344.23273,1050.06545,947.66545,21.57839,100.0,1010.38164,9.0,-402.6476
2025-10-17 17:46:32,1344.23273,1051.92727,951.38909,21.57331,100.0,1010.37372,9.0,-405.62897
2025-10-17 17:46:33,1340.50909,1050.06545,949.52727,21.58346,100.0,1010.38957,9.0,-405.18865
2025-10-17 17:46:33,1342.37091,1051.92727,949.52727,21.57839,100.0,1010.30027,9.0,-403.54596
2025-10-17 17:46:34,1344.23273,1051.92727,953.25091,21.58346,100.0,1010.38957,9.0,-407.28999
2025-10-17 17:46:34,1344.23273,1051.92727,947.66545,21.58346,100.0,1010.38957,9.0,-403.07714
2025-10-17 17:46:35,1344.23273,1050.06545,949.52727,21.58346,100.0,1010.36244,9.0,-403.74315
2025-10-17 17:46:35,1344.23273,1050.06545,949.52727,21.58854,100.0,1010.42462,9.0,-404.74573
2025-10-17 17:46:36,1346.09455,1051.92727,955.11273,21.57331,100.0,1010.3466,9.0,-407.49624
2025-10-17 17:46:37,1346.09455,1051.92727,951.38909,21.58854,100.0,1010.37036,9.0,-405.07278
2025-10-17 17:46:37,1344.23273,1051.92727,953.25091,21.58346,100.0,1010.30819,9.0,-405.97869
2025-10-17 17:46:38,1342.37091,1050.06545,951.38909,21.58854,100.0,1010.37036,9.0,-405.78001
2025-10-17 17:46:39,1346.09455,1053.78909,955.11273,21.59869,100.0,1010.33196,9.0,-407.51428
2025-10-17 17:46:39,1344.23273,1050.06545,949.52727,21.59362,100.0,1010.35116,9.0,-403.5628
2025-10-17 17:46:40,1344.23273,1050.06545,949.52727,21.58854,100.0,1010.31611,9.0,-402.99732
2025-10-17 17:46:40,1344.23273,1050.06545,949.52727,21.58346,100.0,1010.33532,9.0,-403.30605
2025-10-17 17:46:41,1346.09455,1051.92727,951.38909,21.58854,100.0,1010.34324,9.0,-404.63568
2025-10-17 17:46:41,1346.09455,1050.06545,951.38909,21.57839,100.0,1010.30027,9.0,-403.64067
2025-10-17 17:46:42,1344.23273,1051.92727,951.38909,21.59362,100.0,1010.32403,9.0,-404.83114
2025-10-17 17:46:43,1342.37091,1050.06545,949.52727,21.58346,100.0,1010.38957,9.0,-404.68445
2025-10-17 17:46:43,1344.23273,1059.37455,960.69818,21.58854,100.0,1010.37036,9.0,-413.25037
2025-10-17 17:46:44,1347.95636,1053.78909,955.11273,21.58346,100.0,1010.33532,9.0,-407.06206
2025-10-17 17:46:45,1346.09455,1050.06545,951.38909,21.58854,100.0,1010.39749,9.0,-405.20872
2025-10-17 17:46:45,1344.23273,1051.92727,949.52727,21.59362,100.0,1010.40541,9.0,-404.73818
2025-10-17 17:46:46,1346.09455,1051.92727,951.38909,21.57839,100.0,1010.38164,9.0,-405.25314
2025-10-17 17:46:46,1346.09455,1051.92727,953.25091,21.58346,100.0,1010.38957,9.0,-406.78579
2025-10-17 17:46:47,1347.95636,1051.92727,955.11273,21.59362,100.0,1010.35116,9.0,-407.06842
2025-10-17 17:46:47,1344.23273,1051.92727,949.52727,21.59362,100.0,1010.35116,9.0,-403.86397
2025-10-17 17:46:48,1344.23273,1050.06545,949.52727,21.57839,100.0,1010.30027,9.0,-402.74059
2025-10-17 17:46:49,1346.09455,1053.78909,955.11273,21.59869,100.0,1010.38621,9.0,-408.3885
2025-10-17 17:46:49,1346.09455,1053.78909,953.25091,21.58346,100.0,1010.33532,9.0,-406.16197
2025-10-17 17:46:50,1344.23273,1050.06545,951.38909,21.58854,100.0,1010.37036,9.0,-405.27581
2025-10-17 17:46:51,1344.23273,1050.06545,949.52727,21.57839,100.0,1010.30027,9.0,-402.74059
2025-10-17 17:46:52,1344.23273,1053.78909,951.38909,21.58854,100.0,1010.31611,9.0,-404.95315
2025-10-17 17:46:52,1344.23273,1050.06545,949.52727,21.58346,100.0,1010.38957,9.0,-404.18025
2025-10-17 17:46:53,1346.09455,1050.06545,951.38909,21.57839,100.0,1010.35452,9.0,-404.51487
2025-10-17 17:46:53,1344.23273,1051.92727,951.38909,21.59362,100.0,1010.32403,9.0,-404.83114
2025-10-17 17:46:54,1344.23273,1053.78909,953.25091,21.58854,100.0,1010.37036,9.0,-407.23164
2025-10-17 17:46:55,1346.09455,1051.92727,951.38909,21.58854,100.0,1010.37036,9.0,-405.07278
2025-10-17 17:46:55,1347.95636,1053.78909,953.25091,21.59869,100.0,1010.38621,9.0,-406.48002
2025-10-17 17:46:56,1344.23273,1051.92727,949.52727,21.58854,100.0,1010.34324,9.0,-403.73559
2025-10-17 17:46:57,1347.95636,1055.65091,955.11273,21.58346,100.0,1010.33532,9.0,-407.25278
2025-10-17 17:46:57,1342.37091,1050.06545,949.52727,21.58346,100.0,1010.30819,9.0,-403.37315
2025-10-17 17:46:58,1346.09455,1051.92727,949.52727,21.59362,100.0,1010.32403,9.0,-402.92266
2025-10-17 17:46:58,1346.09455,1053.78909,951.38909,21.58854,100.0,1010.31611,9.0,-404.44895
2025-10-17 17:46:59,1346.09455,1053.78909,951.38909,21.58854,100.0,1010.34324,9.0,-404.88606
2025-10-17 17:47:00,1346.09455,1055.65091,955.11273,21.58854,100.0,1010.28899,9.0,-407.01114
2025-10-17 17:47:00,1346.09455,1050.06545,951.38909,21.58346,100.0,1010.33532,9.0,-404.20614
2025-10-17 17:47:01,1346.09455,1051.92727,953.25091,21.58854,100.0,1010.37036,9.0,-406.47706
2025-10-17 17:47:01,1346.09455,1055.65091,955.11273,21.58854,100.0,1010.34324,9.0,-407.88535
2025-10-17 17:47:02,1347.95636,1057.51273,956.97455,21.58346,100.0,1010.36244,9.0,-409.22645
2025-10-17 17:47:03,1346.09455,1051.92727,951.38909,21.59869,100.0,1010.33196,9.0,-404.45532
2025-10-17 17:47:03,1347.95636,1055.65091,951.38909,21.58854,100.0,1010.37036,9.0,-405.00968
2025-10-17 17:47:04,1346.09455,1051.92727,953.25091,21.58854,100.0,1010.34324,9.0,-406.03996
2025-10-17 17:47:04,1347.95636,1055.65091,953.25091,21.61392,100.0,1010.38285,9.0,-406.61882
2025-10-17 17:47:05,1347.95636,1053.78909,953.25091,21.59869,100.0,1010.33196,9.0,-405.60579
2025-10-17 17:47:05,1344.23273,1051.92727,951.38909,21.58854,100.0,1010.37036,9.0,-405.57698
2025-10-17 17:47:06,1344.23273,1051.92727,951.38909,21.58854,100.0,1010.39749,9.0,-406.01408
2025-10-17 17:47:07,1347.95636,1053.78909,953.25091,21.58854,100.0,1010.31611,9.0,-405.34904
2025-10-17 17:47:07,1344.23273,1055.65091,955.11273,21.58854,100.0,1010.28899,9.0,-407.51534
2025-10-17 17:47:08,1346.09455,1053.78909,953.25091,21.59869,100.0,1010.35908,9.0,-406.5471
2025-10-17 17:47:08,1347.95636,1055.65091,955.11273,21.58346,100.0,1010.33532,9.0,-407.25278
2025-10-17 17:47:09,1346.09455,1053.78909,955.11273,21.58346,100.0,1010.33532,9.0,-407.56626
2025-10-17 17:47:10,1347.95636,1055.65091,955.11273,21.58346,100.0,1010.33532,9.0,-407.25278
2025-10-17 17:47:10,1347.95636,1051.92727,953.25091,21.58346,100.0,1010.38957,9.0,-406.28159
2025-10-17 17:47:11,1346.09455,1051.92727,951.38909,21.58854,100.0,1010.39749,9.0,-405.50988
2025-10-17 17:47:11,1347.95636,1051.92727,953.25091,21.59869,100.0,1010.38621,9.0,-406.22963
2025-10-17 17:47:12,1347.95636,1055.65091,955.11273,21.59362,100.0,1010.37829,9.0,-407.94663
2025-10-17 17:47:12,1347.95636,1051.92727,955.11273,21.58346,100.0,1010.33532,9.0,-406.81168
2025-10-17 17:47:13,1344.23273,1051.92727,951.38909,21.58854,100.0,1010.37036,9.0,-405.57698
2025-10-17 17:47:14,1347.95636,1050.06545,951.38909,21.58854,100.0,1010.34324,9.0,-403.83031
2025-10-17 17:47:14,1347.95636,1055.65091,955.11273,21.58854,100.0,1010.31611,9.0,-406.94404
2025-10-17 17:47:15,1349.81818,1055.65091,958.83636,21.58854,100.0,1010.34324,9.0,-409.68552
2025-10-17 17:47:15,1346.09455,1051.92727,951.38909,21.58854,100.0,1010.39749,9.0,-405.50988
2025-10-17 17:47:16,1347.95636,1053.78909,953.25091,21.58854,100.0,1010.31611,9.0,-405.34904
2025-10-17 17:47:17,1347.95636,1050.06545,951.38909,21.58854,100.0,1010.34324,9.0,-403.83031
2025-10-17 17:47:17,1349.81818,1053.78909,953.25091,21.60377,100.0,1010.42126,9.0,-406.54133
2025-10-17 17:47:18,1347.95636,1053.78909,955.11273,21.59869,100.0,1010.33196,9.0,-407.01008
2025-10-17 17:47:18,1347.95636,1051.92727,953.25091,21.59362,100.0,1010.37829,9.0,-406.10125
2025-10-17 17:47:19,1347.95636,1051.92727,951.38909,21.59362,100.0,1010.35116,9.0,-404.25985
2025-10-17 17:47:19,1346.09455,1050.06545,953.25091,21.58854,100.0,1010.34324,9.0,-405.73879
2025-10-17 17:47:20,1349.81818,1053.78909,955.11273,21.59869,100.0,1010.35908,9.0,-406.94299
2025-10-17 17:47:21,1347.95636,1050.06545,951.38909,21.59362,100.0,1010.35116,9.0,-403.95868
2025-10-17 17:47:21,1347.95636,1053.78909,953.25091,21.59362,100.0,1010.40541,9.0,-406.78874
2025-10-17 17:47:22,1347.95636,1050.06545,951.38909,21.60885,100.0,1010.37493,9.0,-404.34386
2025-10-17 17:47:22,1347.95636,1053.78909,955.11273,21.59869,100.0,1010.33196,9.0,-407.01008
2025-10-17 17:47:23,1347.95636,1050.06545,955.11273,21.59869,100.0,1010.38621,9.0,-407.33275
2025-10-17 17:47:24,1347.95636,1050.06545,951.38909,21.59362,100.0,1010.29691,9.0,-403.08447
2025-10-17 17:47:24,1347.95636,1050.06545,953.25091,21.59869,100.0,1010.35908,9.0,-405.49135
2025-10-17 17:47:25,1347.95636,1050.06545,951.38909,21.59869,100.0,1010.38621,9.0,-404.52418
2025-10-17 17:47:25,1349.81818,1055.65091,956.97455,21.59362,100.0,1010.32403,9.0,-407.9725
2025-10-17 17:47:26,1347.95636,1050.06545,953.25091,21.59869,100.0,1010.38621,9.0,-405.92846
2025-10-17 17:47:27,1347.95636,1050.06545,953.25091,21.59362,100.0,1010.35116,9.0,-405.36297
2025-10-17 17:47:27,1351.68,1053.78909,955.11273,21.59362,100.0,1010.35116,9.0,-406.31041
2025-10-17 17:47:28,1349.81818,1053.78909,955.11273,21.59869,100.0,1010.33196,9.0,-406.50588
2025-10-17 17:47:28,1346.09455,1050.06545,949.52727,21.59362,100.0,1010.37829,9.0,-403.49571
2025-10-17 17:47:29,1349.81818,1053.78909,953.25091,21.59869,100.0,1010.38621,9.0,-405.97582
2025-10-17 17:47:30,1347.95636,1051.92727,953.25091,21.58854,100.0,1010.31611,9.0,-405.09866
2025-10-17 17:47:30,1349.81818,1055.65091,955.11273,21.59869,100.0,1010.38621,9.0,-407.57082
2025-10-17 17:47:31,1346.09455,1051.92727,955.11273,21.59869,100.0,1010.38621,9.0,-408.13812
2025-10-17 17:47:31,1347.95636,1051.92727,951.38909,21.59362,100.0,1010.37829,9.0,-404.69696
2025-10-17 17:47:32,1349.81818,1051.92727,953.25091,21.59869,100.0,1010.38621,9.0,-405.72543
2025-10-17 17:47:32,1349.81818,1055.65091,955.11273,21.58854,100.0,1010.34324,9.0,-406.87695
2025-10-17 17:47:33,1349.81818,1055.65091,956.97455,21.59362,100.0,1010.37829,9.0,-408.84672
2025-10-17 17:47:34,1346.09455,1053.78909,955.11273,21.59869,100.0,1010.38621,9.0,-408.3885
2025-10-17 17:47:34,1349.81818,1055.65091,956.97455,21.59869,100.0,1010.38621,9.0,-408.97511
2025-10-17 17:47:35,1349.81818,1051.92727,953.25091,21.59869,100.0,1010.35908,9.0,-405.28832
2025-10-17 17:47:35,1347.95636,1055.65091,956.97455,21.58854,100.0,1010.31611,9.0,-408.34833
2025-10-17 17:47:36,1349.81818,1053.78909,955.11273,21.59362,100.0,1010.35116,9.0,-406.81461
2025-10-17 17:47:37,1347.95636,1051.92727,953.25091,21.59362,100.0,1010.40541,9.0,-406.53835
2025-10-17 17:47:37,1351.68,1051.92727,955.11273,21.59869,100.0,1010.33196,9.0,-405.7513
2025-10-17 17:47:38,1349.81818,1053.78909,956.97455,21.59869,100.0,1010.44046,9.0,-409.65861
2025-10-17 17:47:38,1349.81818,1051.92727,953.25091,21.60377,100.0,1010.367,9.0,-405.41671
2025-10-17 17:47:39,1349.81818,1050.06545,953.25091,21.58346,100.0,1010.38957,9.0,-405.47623
2025-10-17 17:47:40,1346.09455,1050.06545,951.38909,21.59869,100.0,1010.38621,9.0,-405.02838
2025-10-17 17:47:40,1351.68,1055.65091,956.97455,21.60377,100.0,1010.33988,9.0,-407.72507
2025-10-17 17:47:41,1351.68,1053.78909,956.97455,21.59869,100.0,1010.41333,9.0,-408.7173
2025-10-17 17:47:41,1347.95636,1053.78909,953.25091,21.59869,100.0,1010.38621,9.0,-406.48002
2025-10-17 17:47:42,1351.68,1051.92727,956.97455,21.60377,100.0,1010.39413,9.0,-408.1582
2025-10-17 17:47:43,1347.95636,1051.92727,953.25091,21.59869,100.0,1010.35908,9.0,-405.79252
2025-10-17 17:47:43,1351.68,1051.92727,955.11273,21.60377,100.0,1010.367,9.0,-406.3168
2025-10-17 17:47:44,1347.95636,1050.06545,951.38909,21.58854,100.0,1010.34324,9.0,-403.83031
2025-10-17 17:47:44,1347.95636,1051.92727,955.11273,21.58854,100.0,1010.34324,9.0,-406.94005
2025-10-17 17:47:45,1349.81818,1048.20364,951.38909,21.58346,100.0,1010.33532,9.0,-402.85647
2025-10-17 17:47:46,1349.81818,1053.78909,955.11273,21.59869,100.0,1010.38621,9.0,-407.3801
2025-10-17 17:47:46,1349.81818,1053.78909,956.97455,21.58346,100.0,1010.28106,9.0,-407.08794
2025-10-17 17:47:47,1351.68,1051.92727,956.97455,21.59362,100.0,1010.35116,9.0,-407.46431
2025-10-17 17:47:48,1347.95636,1050.06545,951.38909,21.59869,100.0,1010.35908,9.0,-404.08707
2025-10-17 17:47:48,1351.68,1051.92727,956.97455,21.57839,100.0,1010.35452,9.0,-407.5163
2025-10-17 17:47:49,1349.81818,1053.78909,958.83636,21.59362,100.0,1010.35116,9.0,-409.62318
2025-10-17 17:47:49,1346.09455,1051.92727,951.38909,21.59869,100.0,1010.44046,9.0,-406.20377
2025-10-17 17:47:50,1349.81818,1050.06545,953.25091,21.58346,100.0,1010.33532,9.0,-404.60202
2025-10-17 17:47:50,1349.81818,1050.06545,955.11273,21.58854,100.0,1010.34324,9.0,-406.13468
2025-10-17 17:47:51,1349.81818,1053.78909,956.97455,21.58346,100.0,1010.36244,9.0,-408.39924
2025-10-17 17:47:52,1349.81818,1048.20364,951.38909,21.58854,100.0,1010.39749,9.0,-403.85905
2025-10-17 17:47:52,1349.81818,1050.06545,955.11273,21.57839,100.0,1010.38164,9.0,-406.75214
2025-10-17 17:47:53,1349.81818,1051.92727,955.11273,21.58346,100.0,1010.33532,9.0,-406.30748
2025-10-17 17:47:54,1351.68,1055.65091,958.83636,21.58854,100.0,1010.37036,9.0,-409.61842
2025-10-17 17:47:54,1349.81818,1050.06545,953.25091,21.59362,100.0,1010.29691,9.0,-403.98456
2025-10-17 17:47:55,1351.68,1051.92727,955.11273,21.58854,100.0,1010.37036,9.0,-406.36875
2025-10-17 17:47:55,1351.68,1050.06545,953.25091,21.59869,100.0,1010.38621,9.0,-404.92007
2025-10-17 17:47:56,1351.68,1053.78909,956.97455,21.58854,100.0,1010.34324,9.0,-407.58632
2025-10-17 17:47:57,1351.68,1053.78909,956.97455,21.58854,100.0,1010.39749,9.0,-408.46052
2025-10-17 17:47:57,1347.95636,1050.06545,955.11273,21.58854,100.0,1010.34324,9.0,-406.63888
2025-10-17 17:47:58,1349.81818,1050.06545,953.25091,21.59362,100.0,1010.37829,9.0,-405.29588
2025-10-17 17:47:58,1351.68,1050.06545,955.11273,21.58854,100.0,1010.37036,9.0,-406.06758
2025-10-17 17:47:59,1353.54182,1053.78909,958.83636,21.58854,100.0,1010.37036,9.0,-408.92351
2025-10-17 17:47:59,1351.68,1050.06545,955.11273,21.59362,100.0,1010.40541,9.0,-406.63307
2025-10-17 17:48:00,1351.68,1053.78909,956.97455,21.58346,100.0,1010.38957,9.0,-408.33215
2025-10-17 17:48:01,1347.95636,1050.06545,953.25091,21.58346,100.0,1010.38957,9.0,-405.98042
2025-10-17 17:48:01,1351.68,1053.78909,956.97455,21.58854,100.0,1010.34324,9.0,-407.58632
2025-10-17 17:48:02,1353.54182,1053.78909,956.97455,21.58854,100.0,1010.37036,9.0,-407.51922
2025-10-17 17:48:02,1349.81818,1050.06545,953.25091,21.58854,100.0,1010.34324,9.0,-404.73039
2025-10-17 17:48:04,1351.68,1050.06545,953.25091,21.58346,100.0,1010.38957,9.0,-404.97203
2025-10-17 17:48:04,1351.68,1053.78909,956.97455,21.58346,100.0,1010.38957,9.0,-408.33215
2025-10-17 17:48:05,1347.95636,1051.92727,953.25091,21.59362,100.0,1010.43254,9.0,-406.97546
2025-10-17 17:48:05,1353.54182,1050.06545,955.11273,21.58854,100.0,1010.39749,9.0,-406.00049
2025-10-17 17:48:06,1353.54182,1053.78909,958.83636,21.58346,100.0,1010.36244,9.0,-408.79513
2025-10-17 17:48:07,1351.68,1055.65091,956.97455,21.58346,100.0,1010.36244,9.0,-408.08577
2025-10-17 17:48:07,1351.68,1051.92727,953.25091,21.58854,100.0,1010.39749,9.0,-405.40157
2025-10-17 17:48:08,1349.81818,1053.78909,953.25091,21.58854,100.0,1010.34324,9.0,-405.28195
2025-10-17 17:48:08,1351.68,1051.92727,956.97455,21.58346,100.0,1010.36244,9.0,-407.64466
2025-10-17 17:48:09,1351.68,1055.65091,958.83636,21.59362,100.0,1010.37829,9.0,-409.7468
2025-10-17 17:48:10,1349.81818,1051.92727,955.11273,21.58854,100.0,1010.34324,9.0,-406.43585
2025-10-17 17:48:10,1351.68,1050.06545,953.25091,21.58854,100.0,1010.37036,9.0,-404.6633
2025-10-17 17:48:11,1349.81818,1051.92727,955.11273,21.58854,100.0,1010.37036,9.0,-406.87295
2025-10-17 17:48:11,1351.68,1050.06545,955.11273,21.58854,100.0,1010.34324,9.0,-405.63048
2025-10-17 17:48:12,1353.54182,1055.65091,960.69818,21.58346,100.0,1010.30819,9.0,-409.51594
2025-10-17 17:48:13,1351.68,1051.92727,955.11273,21.58346,100.0,1010.28106,9.0,-404.92908
2025-10-17 17:48:13,1353.54182,1053.78909,956.97455,21.59362,100.0,1010.32403,9.0,-406.77339
2025-10-17 17:48:14,1351.68,1051.92727,955.11273,21.59362,100.0,1010.35116,9.0,-406.06003
2025-10-17 17:48:14,1353.54182,1053.78909,956.97455,21.58854,100.0,1010.37036,9.0,-407.51922
2025-10-17 17:48:15,1351.68,1053.78909,955.11273,21.58854,100.0,1010.42462,9.0,-407.49335
2025-10-17 17:48:15,1351.68,1053.78909,956.97455,21.60377,100.0,1010.42126,9.0,-408.8457
2025-10-17 17:48:16,1349.81818,1051.92727,955.11273,21.59362,100.0,1010.37829,9.0,-407.00133
2025-10-17 17:48:17,1351.68,1053.78909,956.97455,21.58854,100.0,1010.45174,9.0,-409.33474
2025-10-17 17:48:17,1351.68,1053.78909,958.83636,21.58854,100.0,1010.39749,9.0,-409.86481
2025-10-17 17:48:18,1353.54182,1050.06545,955.11273,21.58854,100.0,1010.37036,9.0,-405.56339
2025-10-17 17:48:19,1349.81818,1051.92727,956.97455,21.59869,100.0,1010.44046,9.0,-409.40823
2025-10-17 17:48:19,1351.68,1051.92727,955.11273,21.58854,100.0,1010.39749,9.0,-406.80586
2025-10-17 17:48:20,1353.54182,1051.92727,958.83636,21.59362,100.0,1010.32403,9.0,-407.92729
2025-10-17 17:48:20,1351.68,1050.06545,955.11273,21.59362,100.0,1010.43254,9.0,-407.07018
2025-10-17 17:48:21,1353.54182,1051.92727,955.11273,21.58854,100.0,1010.39749,9.0,-406.30166
2025-10-17 17:48:22,1351.68,1050.06545,953.25091,21.58346,100.0,1010.33532,9.0,-404.09783
2025-10-17 17:48:22,1353.54182,1051.92727,956.97455,21.58346,100.0,1010.36244,9.0,-407.14047
2025-10-17 17:48:23,1351.68,1051.92727,953.25091,21.58346,100.0,1010.30819,9.0,-403.96189
2025-10-17 17:48:23,1353.54182,1051.92727,953.25091,21.58346,100.0,1010.36244,9.0,-404.3319
2025-10-17 17:48:24,1351.68,1051.92727,955.11273,21.58854,100.0,1010.39749,9.0,-406.80586
2025-10-17 17:48:25,1353.54182,1053.78909,958.83636,21.59362,100.0,1010.40541,9.0,-409.48899
2025-10-17 17:48:25,1351.68,1053.78909,958.83636,21.59869,100.0,1010.44046,9.0,-410.5587
2025-10-17 17:48:26,1351.68,1050.06545,953.25091,21.58854,100.0,1010.39749,9.0,-405.1004
2025-10-17 17:48:26,1351.68,1050.06545,955.11273,21.59362,100.0,1010.40541,9.0,-406.63307
2025-10-17 17:48:27,1351.68,1051.92727,956.97455,21.58854,100.0,1010.39749,9.0,-408.21014
2025-10-17 17:48:27,1351.68,1055.65091,960.69818,21.58854,100.0,1010.34324,9.0,-410.5856
2025-10-17 17:48:28,1351.68,1053.78909,956.97455,21.57839,100.0,1010.35452,9.0,-407.76668
2025-10-17 17:48:29,1351.68,1048.20364,956.97455,21.57839,100.0,1010.35452,9.0,-406.87386
2025-10-17 17:48:29,1353.54182,1050.06545,955.11273,21.57839,100.0,1010.38164,9.0,-405.74374
2025-10-17 17:48:30,1355.40364,1051.92727,958.83636,21.59362,100.0,1010.43254,9.0,-409.17152
2025-10-17 17:48:31,1351.68,1051.92727,955.11273,21.58854,100.0,1010.39749,9.0,-406.80586
2025-10-17 17:48:31,1351.68,1053.78909,958.83636,21.58346,100.0,1010.38957,9.0,-409.73643
2025-10-17 17:48:32,1353.54182,1051.92727,955.11273,21.58346,100.0,1010.36244,9.0,-405.73618
2025-10-17 17:48:32,1355.40364,1053.78909,958.83636,21.57839,100.0,1010.38164,9.0,-408.59966
2025-10-17 17:48:33,1351.68,1051.92727,955.11273,21.58346,100.0,1010.36244,9.0,-406.24038
2025-10-17 17:48:34,1351.68,1051.92727,958.83636,21.58854,100.0,1010.34324,9.0,-408.74022
2025-10-17 17:48:34,1353.54182,1050.06545,955.11273,21.57839,100.0,1010.30027,9.0,-404.43245
2025-10-17 17:48:35,1355.40364,1053.78909,958.83636,21.57839,100.0,1010.40877,9.0,-409.03676
2025-10-17 17:48:35,1353.54182,1055.65091,960.69818,21.59362,100.0,1010.37829,9.0,-410.64689
2025-10-17 17:48:36,1353.54182,1051.92727,955.11273,21.58346,100.0,1010.33532,9.0,-405.29908
2025-10-17 17:48:37,1353.54182,1050.06545,955.11273,21.58346,100.0,1010.33532,9.0,-404.99791
2025-10-17 17:48:37,1353.54182,1053.78909,960.69818,21.57839,100.0,1010.38164,9.0,-410.50815
2025-10-17 17:48:38,1357.26545,1055.65091,960.69818,21.57839,100.0,1010.32739,9.0,-408.81628
2025-10-17 17:48:38,1353.54182,1050.06545,955.11273,21.58854,100.0,1010.39749,9.0,-406.00049
2025-10-17 17:48:39,1353.54182,1051.92727,956.97455,21.57839,100.0,1010.40877,9.0,-407.88629
2025-10-17 17:48:40,1355.40364,1053.78909,956.97455,21.58346,100.0,1010.38957,9.0,-407.32375
2025-10-17 17:48:40,1351.68,1055.65091,960.69818,21.57331,100.0,1010.3466,9.0,-410.63761
2025-10-17 17:48:41,1351.68,1051.92727,953.25091,21.57839,100.0,1010.38164,9.0,-405.14483
2025-10-17 17:48:41,1353.54182,1053.78909,956.97455,21.58346,100.0,1010.33532,9.0,-406.95375
2025-10-17 17:48:42,1355.40364,1050.06545,956.97455,21.57839,100.0,1010.32739,9.0,-405.76963
2025-10-17 17:48:43,1355.40364,1051.92727,958.83636,21.58854,100.0,1010.39749,9.0,-408.60603
2025-10-17 17:48:43,1355.40364,1051.92727,958.83636,21.57331,100.0,1010.37372,9.0,-408.22092
2025-10-17 17:48:44,1353.54182,1053.78909,956.97455,21.58854,100.0,1010.39749,9.0,-407.95633
2025-10-17 17:48:45,1353.54182,1051.92727,956.97455,21.58346,100.0,1010.36244,9.0,-407.14047
2025-10-17 17:48:45,1353.54182,1053.78909,956.97455,21.58346,100.0,1010.36244,9.0,-407.39085
2025-10-17 17:48:46,1355.40364,1053.78909,958.83636,21.58854,100.0,1010.34324,9.0,-407.9822
2025-10-17 17:48:46,1353.54182,1050.06545,955.11273,21.57839,100.0,1010.38164,9.0,-405.74374
2025-10-17 17:48:47,1355.40364,1053.78909,956.97455,21.58346,100.0,1010.38957,9.0,-407.32375
2025-10-17 17:48:47,1355.40364,1051.92727,958.83636,21.58346,100.0,1010.36244,9.0,-408.04055
2025-10-17 17:48:48,1355.40364,1053.78909,960.69818,21.58854,100.0,1010.45174,9.0,-411.13491
2025-10-17 17:48:49,1353.54182,1051.92727,956.97455,21.58346,100.0,1010.38957,9.0,-407.57757
2025-10-17 17:48:49,1353.54182,1050.06545,955.11273,21.58346,100.0,1010.36244,9.0,-405.43501
2025-10-17 17:48:50,1353.54182,1051.92727,956.97455,21.58346,100.0,1010.38957,9.0,-407.57757
2025-10-17 17:48:51,1355.40364,1053.78909,960.69818,21.58854,100.0,1010.39749,9.0,-410.2607
2025-10-17 17:48:51,1353.54182,1048.20364,956.97455,21.59362,100.0,1010.35116,9.0,-406.31768
2025-10-17 17:48:52,1353.54182,1051.92727,960.69818,21.58854,100.0,1010.37036,9.0,-410.07741
2025-10-17 17:48:52,1353.54182,1051.92727,956.97455,21.58346,100.0,1010.38957,9.0,-407.57757
2025-10-17 17:48:53,1353.54182,1053.78909,960.69818,21.58854,100.0,1010.42462,9.0,-411.202
2025-10-17 17:48:53,1355.40364,1053.78909,958.83636,21.59362,100.0,1010.37829,9.0,-408.54769
2025-10-17 17:48:54,1355.40364,1050.06545,956.97455,21.58854,100.0,1010.37036,9.0,-406.46347
2025-10-17 17:48:55,1355.40364,1050.06545,956.97455,21.58346,100.0,1010.33532,9.0,-405.898
2025-10-17 17:48:55,1355.40364,1050.06545,956.97455,21.58854,100.0,1010.39749,9.0,-406.90058
2025-10-17 17:48:56,1357.26545,1051.92727,960.69818,21.58854,100.0,1010.37036,9.0,-409.06901
2025-10-17 17:48:56,1351.68,1050.06545,956.97455,21.58346,100.0,1010.38957,9.0,-407.7806
2025-10-17 17:48:57,1357.26545,1051.92727,956.97455,21.59362,100.0,1010.40541,9.0,-406.82593
2025-10-17 17:48:58,1355.40364,1050.06545,955.11273,21.58854,100.0,1010.37036,9.0,-405.05919
2025-10-17 17:48:58,1357.26545,1048.20364,958.83636,21.58854,100.0,1010.42462,9.0,-407.8965
2025-10-17 17:48:59,1357.26545,1051.92727,958.83636,21.60377,100.0,1010.44838,9.0,-408.92412
2025-10-17 17:48:59,1353.54182,1050.06545,955.11273,21.59362,100.0,1010.37829,9.0,-405.69177
2025-10-17 17:49:00,1351.68,1050.06545,955.11273,21.58346,100.0,1010.36244,9.0,-405.93921
2025-10-17 17:49:00,1353.54182,1051.92727,955.11273,21.58346,100.0,1010.38957,9.0,-406.17328
2025-10-17 17:49:01,1357.26545,1055.65091,960.69818,21.58854,100.0,1010.37036,9.0,-409.51011
2025-10-17 17:49:02,1357.26545,1051.92727,958.83636,21.58854,100.0,1010.34324,9.0,-407.22762
2025-10-17 17:49:02,1355.40364,1051.92727,960.69818,21.58854,100.0,1010.37036,9.0,-409.57321
2025-10-17 17:49:03,1357.26545,1051.92727,958.83636,21.58854,100.0,1010.39749,9.0,-408.10183
2025-10-17 17:49:04,1359.12727,1055.65091,962.56,21.59362,100.0,1010.35116,9.0,-410.10147
2025-10-17 17:49:04,1355.40364,1051.92727,955.11273,21.59362,100.0,1010.40541,9.0,-405.92585
2025-10-17 17:49:05,1355.40364,1051.92727,958.83636,21.60377,100.0,1010.42126,9.0,-408.9912
2025-10-17 17:49:05,1355.40364,1051.92727,956.97455,21.59869,100.0,1010.41333,9.0,-407.45852
2025-10-17 17:49:06,1357.26545,1053.78909,960.69818,21.59362,100.0,1010.37829,9.0,-409.44777
2025-10-17 17:49:06,1357.26545,1055.65091,960.69818,21.58854,100.0,1010.37036,9.0,-409.51011
2025-10-17 17:49:07,1357.26545,1050.06545,956.97455,21.59362,100.0,1010.40541,9.0,-406.52476
2025-10-17 17:49:08,1355.40364,1051.92727,958.83636,21.59362,100.0,1010.37829,9.0,-408.29731
2025-10-17 17:49:08,1353.54182,1051.92727,958.83636,21.59869,100.0,1010.41333,9.0,-409.367
2025-10-17 17:49:09,1359.12727,1057.51273,964.42182,21.59362,100.0,1010.40541,9.0,-412.51226
2025-10-17 17:49:09,1355.40364,1053.78909,958.83636,21.59362,100.0,1010.37829,9.0,-408.54769
2025-10-17 17:49:10,1355.40364,1053.78909,960.69818,21.59362,100.0,1010.37829,9.0,-409.95197
2025-10-17 17:49:11,1353.54182,1055.65091,956.97455,21.58854,100.0,1010.34324,9.0,-407.27284
2025-10-17 17:49:11,1357.26545,1057.51273,960.69818,21.58346,100.0,1010.36244,9.0,-409.51403
2025-10-17 17:49:12,1357.26545,1053.78909,960.69818,21.58854,100.0,1010.37036,9.0,-409.31939
2025-10-17 17:49:12,1357.26545,1051.92727,956.97455,21.58346,100.0,1010.38957,9.0,-406.56917
2025-10-17 17:49:13,1355.40364,1055.65091,958.83636,21.58854,100.0,1010.42462,9.0,-409.48424
2025-10-17 17:49:13,1355.40364,1053.78909,956.97455,21.58346,100.0,1010.36244,9.0,-406.88665
2025-10-17 17:49:14,1357.26545,1055.65091,960.69818,21.59362,100.0,1010.35116,9.0,-409.20139
2025-10-17 17:49:15,1357.26545,1050.06545,956.97455,21.59869,100.0,1010.44046,9.0,-407.09027
2025-10-17 17:49:16,1353.54182,1055.65091,962.56,21.58346,100.0,1010.38957,9.0,-412.23152
2025-10-17 17:49:16,1357.26545,1057.51273,962.56,21.59869,100.0,1010.41333,9.0,-411.74057
2025-10-17 17:49:17,1357.26545,1055.65091,960.69818,21.57839,100.0,1010.38164,9.0,-409.69047
2025-10-17 17:49:18,1355.40364,1053.78909,956.97455,21.58854,100.0,1010.34324,9.0,-406.57792
2025-10-17 17:49:18,1357.26545,1051.92727,956.97455,21.58854,100.0,1010.39749,9.0,-406.69755
2025-10-17 17:49:19,1357.26545,1055.65091,958.83636,21.59362,100.0,1010.43254,9.0,-409.10843
2025-10-17 17:49:19,1357.26545,1053.78909,960.69818,21.58854,100.0,1010.37036,9.0,-409.31939
2025-10-17 17:49:20,1357.26545,1053.78909,958.83636,21.58854,100.0,1010.42462,9.0,-408.78932
2025-10-17 17:49:21,1357.26545,1051.92727,958.83636,21.58854,100.0,1010.34324,9.0,-407.22762
2025-10-17 17:49:21,1357.26545,1055.65091,958.83636,21.58346,100.0,1010.33532,9.0,-407.54036
2025-10-17 17:49:22,1360.98909,1055.65091,964.42182,21.58854,100.0,1010.39749,9.0,-411.74739
2025-10-17 17:49:22,1357.26545,1055.65091,960.69818,21.58346,100.0,1010.38957,9.0,-409.81884
2025-10-17 17:49:23,1357.26545,1053.78909,960.69818,21.58346,100.0,1010.36244,9.0,-409.19102
2025-10-17 17:49:23,1357.26545,1053.78909,958.83636,21.57839,100.0,1010.40877,9.0,-408.53256
2025-10-17 17:49:24,1355.40364,1055.65091,960.69818,21.58346,100.0,1010.38957,9.0,-410.32304
2025-10-17 17:49:25,1357.26545,1055.65091,960.69818,21.57839,100.0,1010.35452,9.0,-409.25337
2025-10-17 17:49:25,1357.26545,1051.92727,958.83636,21.58854,100.0,1010.37036,9.0,-407.66473
2025-10-17 17:49:26,1355.40364,1053.78909,956.97455,21.57839,100.0,1010.32739,9.0,-406.32118
2025-10-17 17:49:26,1357.26545,1053.78909,960.69818,21.58854,100.0,1010.39749,9.0,-409.7565
2025-10-17 17:49:27,1357.26545,1055.65091,960.69818,21.57839,100.0,1010.38164,9.0,-409.69047
2025-10-17 17:49:27,1359.12727,1053.78909,958.83636,21.57839,100.0,1010.40877,9.0,-408.02837
2025-10-17 17:49:28,1359.12727,1055.65091,962.56,21.57839,100.0,1010.38164,9.0,-410.59056
2025-10-17 17:49:29,1357.26545,1055.65091,960.69818,21.57839,100.0,1010.35452,9.0,-409.25337
2025-10-17 17:49:29,1357.26545,1057.51273,964.42182,21.58854,100.0,1010.31611,9.0,-411.57676
2025-10-17 17:49:30,1360.98909,1057.51273,962.56,21.58854,100.0,1010.39749,9.0,-410.4754
2025-10-17 17:49:31,1355.40364,1053.78909,958.83636,21.58346,100.0,1010.38957,9.0,-408.72804
2025-10-17 17:49:31,1357.26545,1053.78909,960.69818,21.57331,100.0,1010.37372,9.0,-409.37138
2025-10-17 17:49:32,1357.26545,1055.65091,962.56,21.57331,100.0,1010.42797,9.0,-411.84058
2025-10-17 17:49:32,1360.98909,1055.65091,960.69818,21.57331,100.0,1010.37372,9.0,-408.55371
2025-10-17 17:49:33,1357.26545,1053.78909,960.69818,21.57839,100.0,1010.43589,9.0,-410.37395
2025-10-17 17:49:33,1357.26545,1053.78909,960.69818,21.58854,100.0,1010.39749,9.0,-409.7565
2025-10-17 17:49:34,1359.12727,1059.37455,964.42182,21.57839,100.0,1010.38164,9.0,-412.20571
2025-10-17 17:49:35,1359.12727,1057.51273,964.42182,21.58346,100.0,1010.36244,9.0,-411.8184
2025-10-17 17:49:35,1359.12727,1053.78909,958.83636,21.57331,100.0,1010.31947,9.0,-406.58871
2025-10-17 17:49:36,1360.98909,1053.78909,960.69818,21.58854,100.0,1010.42462,9.0,-409.18521
2025-10-17 17:49:37,1359.12727,1055.65091,962.56,21.58346,100.0,1010.41669,9.0,-411.15603
2025-10-17 17:49:37,1359.12727,1057.51273,962.56,21.58854,100.0,1010.37036,9.0,-410.54249
2025-10-17 17:49:38,1357.26545,1051.92727,958.83636,21.58854,100.0,1010.37036,9.0,-407.66473
2025-10-17 17:49:38,1359.12727,1050.06545,956.97455,21.57839,100.0,1010.35452,9.0,-405.19833
2025-10-17 17:49:39,1359.12727,1053.78909,960.69818,21.57331,100.0,1010.40085,9.0,-409.30428
2025-10-17 17:49:40,1360.98909,1055.65091,960.69818,21.58346,100.0,1010.41669,9.0,-409.24755
2025-10-17 17:49:40,1357.26545,1051.92727,960.69818,21.56823,100.0,1010.33867,9.0,-408.55555
2025-10-17 17:49:41,1357.26545,1053.78909,962.56,21.58346,100.0,1010.41669,9.0,-411.46951
2025-10-17 17:49:41,1360.98909,1057.51273,962.56,21.57839,100.0,1010.35452,9.0,-409.78155
2025-10-17 17:49:42,1359.12727,1051.92727,960.69818,21.59362,100.0,1010.43254,9.0,-409.56741
2025-10-17 17:49:43,1359.12727,1057.51273,962.56,21.58346,100.0,1010.41669,9.0,-411.28832
2025-10-17 17:49:43,1357.26545,1053.78909,960.69818,21.57839,100.0,1010.43589,9.0,-410.37395
2025-10-17 17:49:44,1357.26545,1053.78909,960.69818,21.58854,100.0,1010.39749,9.0,-409.7565
2025-10-17 17:49:44,1357.26545,1053.78909,960.69818,21.58346,100.0,1010.33532,9.0,-408.75392
2025-10-17 17:49:45,1359.12727,1055.65091,964.42182,21.57839,100.0,1010.38164,9.0,-411.99484
2025-10-17 17:49:46,1359.12727,1053.78909,960.69818,21.58854,100.0,1010.34324,9.0,-408.37809
2025-10-17 17:49:46,1359.12727,1053.78909,960.69818,21.58346,100.0,1010.38957,9.0,-409.12392
2025-10-17 17:49:47,1360.98909,1055.65091,960.69818,21.58346,100.0,1010.33532,9.0,-407.93624
2025-10-17 17:49:47,1362.85091,1057.51273,966.28364,21.57839,100.0,1010.35452,9.0,-412.08592
2025-10-17 17:49:48,1360.98909,1055.65091,962.56,21.57331,100.0,1010.3466,9.0,-409.5209
2025-10-17 17:49:49,1357.26545,1051.92727,958.83636,21.58346,100.0,1010.41669,9.0,-408.41056
2025-10-17 17:49:49,1359.12727,1053.78909,960.69818,21.57839,100.0,1010.40877,9.0,-409.43265
2025-10-17 17:49:50,1357.26545,1053.78909,958.83636,21.58346,100.0,1010.41669,9.0,-408.66094
2025-10-17 17:49:50,1360.98909,1057.51273,964.42182,21.58854,100.0,1010.31611,9.0,-410.56837
2025-10-17 17:49:51,1359.12727,1055.65091,962.56,21.57331,100.0,1010.40085,9.0,-410.89928
2025-10-17 17:49:52,1357.26545,1053.78909,958.83636,21.58854,100.0,1010.42462,9.0,-408.78932
2025-10-17 17:49:52,1360.98909,1055.65091,960.69818,21.58854,100.0,1010.45174,9.0,-409.81303
2025-10-17 17:49:53,1362.85091,1055.65091,964.42182,21.58346,100.0,1010.38957,9.0,-411.11482
2025-10-17 17:49:53,1359.12727,1053.78909,958.83636,21.58346,100.0,1010.38957,9.0,-407.71964
2025-10-17 17:49:54,1360.98909,1057.51273,964.42182,21.58854,100.0,1010.42462,9.0,-412.31679
2025-10-17 17:49:55,1359.12727,1051.92727,960.69818,21.57839,100.0,1010.38164,9.0,-408.74517
2025-10-17 17:49:55,1360.98909,1055.65091,962.56,21.57839,100.0,1010.38164,9.0,-410.08636
2025-10-17 17:49:56,1359.12727,1055.65091,964.42182,21.57331,100.0,1010.29235,9.0,-410.55519
2025-10-17 17:49:56,1360.98909,1053.78909,960.69818,21.57839,100.0,1010.30027,9.0,-407.18006
2025-10-17 17:49:57,1357.26545,1053.78909,958.83636,21.57839,100.0,1010.38164,9.0,-408.09547
2025-10-17 17:49:57,1360.98909,1055.65091,960.69818,21.58346,100.0,1010.38957,9.0,-408.81044
2025-10-17 17:49:58,1359.12727,1057.51273,962.56,21.58346,100.0,1010.33532,9.0,-409.97701
2025-10-17 17:49:59,1360.98909,1051.92727,960.69818,21.57839,100.0,1010.38164,9.0,-408.24097
2025-10-17 17:49:59,1359.12727,1051.92727,962.56,21.58854,100.0,1010.39749,9.0,-410.4062
2025-10-17 17:50:00,1360.98909,1053.78909,960.69818,21.58854,100.0,1010.39749,9.0,-408.7481
2025-10-17 17:50:00,1362.85091,1057.51273,966.28364,21.57839,100.0,1010.38164,9.0,-412.52302
2025-10-17 17:50:01,1360.98909,1053.78909,964.42182,21.58346,100.0,1010.36244,9.0,-410.99119
2025-10-17 17:50:02,1360.98909,1051.92727,958.83636,21.58854,100.0,1010.34324,9.0,-406.21923
2025-10-17 17:50:02,1359.12727,1051.92727,958.83636,21.58854,100.0,1010.34324,9.0,-406.72343
2025-10-17 17:50:03,1360.98909,1055.65091,964.42182,21.58854,100.0,1010.39749,9.0,-411.74739
2025-10-17 17:50:03,1360.98909,1055.65091,962.56,21.57839,100.0,1010.35452,9.0,-409.64926
2025-10-17 17:50:04,1360.98909,1051.92727,960.69818,21.58346,100.0,1010.44382,9.0,-409.24355
2025-10-17 17:50:05,1359.12727,1053.78909,960.69818,21.58346,100.0,1010.36244,9.0,-408.68682
2025-10-17 17:50:05,1360.98909,1055.65091,960.69818,21.58854,100.0,1010.37036,9.0,-408.50172
2025-10-17 17:50:06,1362.85091,1055.65091,964.42182,21.59362,100.0,1010.35116,9.0,-410.49736
2025-10-17 17:50:06,1360.98909,1053.78909,960.69818,21.58346,100.0,1010.38957,9.0,-408.61972
2025-10-17 17:50:07,1359.12727,1055.65091,966.28364,21.58346,100.0,1010.41669,9.0,-413.9646
2025-10-17 17:50:08,1359.12727,1053.78909,960.69818,21.58346,100.0,1010.44382,9.0,-409.99813
2025-10-17 17:50:08,1362.85091,1053.78909,964.42182,21.59362,100.0,1010.43254,9.0,-411.61797
2025-10-17 17:50:09,1362.85091,1055.65091,964.42182,21.58854,100.0,1010.39749,9.0,-411.24319
2025-10-17 17:50:09,1360.98909,1055.65091,962.56,21.59869,100.0,1010.38621,9.0,-410.16277
2025-10-17 17:50:10,1359.12727,1053.78909,960.69818,21.59362,100.0,1010.37829,9.0,-408.94358
2025-10-17 17:50:10,1362.85091,1057.51273,964.42182,21.58854,100.0,1010.42462,9.0,-411.81259
2025-10-17 17:50:11,1362.85091,1055.65091,964.42182,21.59869,100.0,1010.41333,9.0,-411.49997
2025-10-17 17:50:11,1360.98909,1051.92727,960.69818,21.58346,100.0,1010.41669,9.0,-408.80644
2025-10-17 17:50:12,1362.85091,1053.78909,960.69818,21.59362,100.0,1010.35116,9.0,-407.49807
2025-10-17 17:50:13,1362.85091,1053.78909,962.56,21.59362,100.0,1010.40541,9.0,-409.77657
2025-10-17 17:50:13,1364.71273,1057.51273,966.28364,21.58854,100.0,1010.39749,9.0,-412.27557
2025-10-17 17:50:14,1362.85091,1055.65091,962.56,21.60377,100.0,1010.42126,9.0,-410.22408
2025-10-17 17:50:14,1359.12727,1051.92727,960.69818,21.59362,100.0,1010.37829,9.0,-408.69319
2025-10-17 17:50:15,1360.98909,1053.78909,966.28364,21.59869,100.0,1010.38621,9.0,-412.78062
2025-10-17 17:50:16,1360.98909,1053.78909,960.69818,21.59362,100.0,1010.35116,9.0,-408.00227
2025-10-17 17:50:16,1360.98909,1055.65091,966.28364,21.59362,100.0,1010.43254,9.0,-413.71717
2025-10-17 17:50:17,1360.98909,1055.65091,964.42182,21.58854,100.0,1010.39749,9.0,-411.74739
2025-10-17 17:50:17,1359.12727,1051.92727,960.69818,21.59869,100.0,1010.41333,9.0,-409.25869
2025-10-17 17:50:18,1360.98909,1053.78909,962.56,21.59362,100.0,1010.35116,9.0,-409.40655
2025-10-17 17:50:19,1360.98909,1057.51273,966.28364,21.59362,100.0,1010.40541,9.0,-413.41235
2025-10-17 17:50:19,1360.98909,1053.78909,964.42182,21.60377,100.0,1010.42126,9.0,-411.94184
2025-10-17 17:50:20,1362.85091,1053.78909,964.42182,21.60377,100.0,1010.33988,9.0,-410.1263
2025-10-17 17:50:21,1360.98909,1053.78909,962.56,21.60377,100.0,1010.42126,9.0,-410.53756
2025-10-17 17:50:21,1364.71273,1053.78909,964.42182,21.59869,100.0,1010.38621,9.0,-410.36794
2025-10-17 17:50:22,1362.85091,1053.78909,964.42182,21.59869,100.0,1010.38621,9.0,-410.87214
2025-10-17 17:50:22,1360.98909,1051.92727,960.69818,21.59869,100.0,1010.38621,9.0,-408.31738
2025-10-17 17:50:23,1360.98909,1051.92727,962.56,21.59362,100.0,1010.35116,9.0,-409.15617
2025-10-17 17:50:23,1359.12727,1053.78909,960.69818,21.59362,100.0,1010.37829,9.0,-408.94358
2025-10-17 17:50:24,1362.85091,1055.65091,966.28364,21.59869,100.0,1010.44046,9.0,-413.34136
2025-10-17 17:50:25,1359.12727,1053.78909,960.69818,21.59869,100.0,1010.41333,9.0,-409.50907
2025-10-17 17:50:25,1364.71273,1053.78909,964.42182,21.60377,100.0,1010.33988,9.0,-409.6221
2025-10-17 17:50:26,1360.98909,1055.65091,962.56,21.60377,100.0,1010.42126,9.0,-410.72828
2025-10-17 17:50:27,1362.85091,1053.78909,964.42182,21.60885,100.0,1010.42918,9.0,-411.56605
2025-10-17 17:50:28,1362.85091,1050.06545,960.69818,21.60885,100.0,1010.32067,9.0,-406.45745
2025-10-17 17:50:28,1360.98909,1053.78909,964.42182,21.60885,100.0,1010.37493,9.0,-411.19601
2025-10-17 17:50:29,1364.71273,1053.78909,962.56,21.59869,100.0,1010.41333,9.0,-409.40076
2025-10-17 17:50:30,1360.98909,1051.92727,960.69818,21.60885,100.0,1010.42918,9.0,-409.0113
2025-10-17 17:50:30,1360.98909,1051.92727,960.69818,21.60377,100.0,1010.367,9.0,-408.00866
2025-10-17 17:50:31,1362.85091,1051.92727,960.69818,21.60885,100.0,1010.3478,9.0,-407.19574
2025-10-17 17:50:31,1362.85091,1055.65091,964.42182,21.60885,100.0,1010.42918,9.0,-411.75677
2025-10-17 17:50:32,1360.98909,1051.92727,964.42182,21.60377,100.0,1010.42126,9.0,-411.69146
2025-10-17 17:50:33,1362.85091,1051.92727,962.56,21.59869,100.0,1010.33196,9.0,-408.34325
2025-10-17 17:50:33,1362.85091,1050.06545,960.69818,21.59869,100.0,1010.41333,9.0,-407.94913
2025-10-17 17:50:34,1362.85091,1050.06545,960.69818,21.59869,100.0,1010.35908,9.0,-407.0749
2025-10-17 17:50:34,1362.85091,1055.65091,970.00727,21.59362,100.0,1010.43254,9.0,-416.02154
2025-10-17 17:50:35,1362.85091,1053.78909,964.42182,21.58346,100.0,1010.36244,9.0,-410.48699
2025-10-17 17:50:36,1368.43636,1051.92727,964.42182,21.59362,100.0,1010.37829,9.0,-408.98077
2025-10-17 17:50:36,1362.85091,1051.92727,960.69818,21.59869,100.0,1010.44046,9.0,-408.68741
2025-10-17 17:50:37,1364.71273,1053.78909,964.42182,21.60377,100.0,1010.39413,9.0,-410.49633
2025-10-17 17:50:37,1362.85091,1051.92727,962.56,21.60377,100.0,1010.367,9.0,-408.90875
2025-10-17 17:50:38,1364.71273,1055.65091,966.28364,21.59869,100.0,1010.41333,9.0,-412.40005
2025-10-17 17:50:39,1362.85091,1053.78909,962.56,21.59362,100.0,1010.37829,9.0,-409.33946
2025-10-17 17:50:39,1364.71273,1055.65091,966.28364,21.59869,100.0,1010.44046,9.0,-412.83717
2025-10-17 17:50:40,1360.98909,1051.92727,962.56,21.59869,100.0,1010.30483,9.0,-408.41033
2025-10-17 17:50:40,1362.85091,1053.78909,962.56,21.59362,100.0,1010.40541,9.0,-409.77657
2025-10-17 17:50:41,1362.85091,1053.78909,964.42182,21.59362,100.0,1010.40541,9.0,-411.18086
2025-10-17 17:50:42,1364.71273,1053.78909,966.28364,21.59869,100.0,1010.38621,9.0,-411.77222
2025-10-17 17:50:42,1362.85091,1053.78909,962.56,21.59362,100.0,1010.37829,9.0,-409.33946
2025-10-17 17:50:43,1364.71273,1051.92727,962.56,21.58346,100.0,1010.36244,9.0,-408.32813
2025-10-17 17:50:43,1362.85091,1053.78909,962.56,21.59362,100.0,1010.37829,9.0,-409.33946
2025-10-17 17:50:44,1360.98909,1053.78909,962.56,21.59362,100.0,1010.40541,9.0,-410.28077
2025-10-17 17:50:45,1364.71273,1055.65091,968.14545,21.59869,100.0,1010.35908,9.0,-412.93011
2025-10-17 17:50:45,1364.71273,1053.78909,964.42182,21.59869,100.0,1010.41333,9.0,-410.80505
2025-10-17 17:50:46,1364.71273,1055.65091,966.28364,21.59869,100.0,1010.35908,9.0,-411.52583
2025-10-17 17:50:46,1362.85091,1053.78909,964.42182,21.59362,100.0,1010.40541,9.0,-411.18086
2025-10-17 17:50:47,1364.71273,1055.65091,968.14545,21.59869,100.0,1010.35908,9.0,-412.93011
2025-10-17 17:50:47,1362.85091,1053.78909,962.56,21.59362,100.0,1010.40541,9.0,-409.77657
2025-10-17 17:50:48,1362.85091,1051.92727,962.56,21.59869,100.0,1010.35908,9.0,-408.78036
2025-10-17 17:50:49,1362.85091,1051.92727,962.56,21.59869,100.0,1010.41333,9.0,-409.65458
2025-10-17 17:50:49,1360.98909,1055.65091,964.42182,21.59869,100.0,1010.41333,9.0,-412.00417
2025-10-17 17:50:50,1364.71273,1055.65091,966.28364,21.59869,100.0,1010.41333,9.0,-412.40005
2025-10-17 17:50:50,1364.71273,1050.06545,964.42182,21.59362,100.0,1010.40541,9.0,-410.12511
2025-10-17 17:50:51,1366.57455,1055.65091,966.28364,21.58854,100.0,1010.37036,9.0,-411.20198
2025-10-17 17:50:52,1360.98909,1051.92727,964.42182,21.59869,100.0,1010.38621,9.0,-411.12595
2025-10-17 17:50:52,1366.57455,1057.51273,966.28364,21.59362,100.0,1010.37829,9.0,-411.46265
2025-10-17 17:50:53,1366.57455,1057.51273,966.28364,21.59869,100.0,1010.41333,9.0,-412.02814
2025-10-17 17:50:53,1360.98909,1051.92727,962.56,21.59869,100.0,1010.35908,9.0,-409.28456
2025-10-17 17:50:54,1362.85091,1053.78909,962.56,21.59869,100.0,1010.35908,9.0,-409.03074
2025-10-17 17:50:55,1364.71273,1055.65091,964.42182,21.59362,100.0,1010.40541,9.0,-410.86738
2025-10-17 17:50:55,1366.57455,1053.78909,966.28364,21.59362,100.0,1010.35116,9.0,-410.70253
2025-10-17 17:50:56,1366.57455,1055.65091,966.28364,21.59362,100.0,1010.29691,9.0,-410.01903
2025-10-17 17:50:56,1360.98909,1053.78909,962.56,21.59869,100.0,1010.41333,9.0,-410.40916
2025-10-17 17:50:57,1362.85091,1053.78909,966.28364,21.59362,100.0,1010.35116,9.0,-411.71093
2025-10-17 17:50:58,1364.71273,1055.65091,968.14545,21.59362,100.0,1010.37829,9.0,-413.23884
2025-10-17 17:50:58,1366.57455,1055.65091,964.42182,21.59869,100.0,1010.41333,9.0,-410.49157
2025-10-17 17:50:59,1364.71273,1053.78909,964.42182,21.59869,100.0,1010.41333,9.0,-410.80505
2025-10-17 17:50:59,1364.71273,1055.65091,968.14545,21.60377,100.0,1010.39413,9.0,-413.49562
2025-10-17 17:51:00,1364.71273,1050.06545,962.56,21.60377,100.0,1010.44838,9.0,-409.41473
2025-10-17 17:51:01,1364.71273,1057.51273,970.00727,21.60377,100.0,1010.39413,9.0,-415.03219
2025-10-17 17:51:01,1366.57455,1057.51273,968.14545,21.59869,100.0,1010.38621,9.0,-412.99532
2025-10-17 17:51:02,1364.71273,1053.78909,966.28364,21.59869,100.0,1010.38621,9.0,-411.77222
2025-10-17 17:51:02,1366.57455,1055.65091,966.28364,21.60377,100.0,1010.39413,9.0,-411.58714
2025-10-17 17:51:03,1366.57455,1055.65091,968.14545,21.59869,100.0,1010.35908,9.0,-412.42592
2025-10-17 17:51:04,1366.57455,1055.65091,968.14545,21.59869,100.0,1010.35908,9.0,-412.42592
2025-10-17 17:51:04,1366.57455,1051.92727,966.28364,21.60377,100.0,1010.367,9.0,-410.70892
2025-10-17 17:51:05,1364.71273,1055.65091,968.14545,21.60885,100.0,1010.42918,9.0,-414.06114
2025-10-17 17:51:05,1362.85091,1050.06545,962.56,21.60377,100.0,1010.367,9.0,-408.60758
2025-10-17 17:51:06,1366.57455,1051.92727,964.42182,21.60885,100.0,1010.40205,9.0,-409.87015
2025-10-17 17:51:07,1364.71273,1051.92727,962.56,21.60885,100.0,1010.42918,9.0,-409.40718
2025-10-17 17:51:07,1362.85091,1053.78909,962.56,21.60885,100.0,1010.37493,9.0,-409.28753
2025-10-17 17:51:08,1364.71273,1051.92727,962.56,21.60885,100.0,1010.42918,9.0,-409.40718
2025-10-17 17:51:08,1364.71273,1055.65091,968.14545,21.60885,100.0,1010.37493,9.0,-413.1869
2025-10-17 17:51:09,1364.71273,1051.92727,962.56,21.59869,100.0,1010.41333,9.0,-409.15038
2025-10-17 17:51:10,1366.57455,1051.92727,964.42182,21.60885,100.0,1010.37493,9.0,-409.43303
2025-10-17 17:51:10,1366.57455,1051.92727,964.42182,21.59869,100.0,1010.33196,9.0,-408.73913
2025-10-17 17:51:11,1366.57455,1057.51273,966.28364,21.59869,100.0,1010.41333,9.0,-412.02814
2025-10-17 17:51:12,1366.57455,1053.78909,966.28364,21.59869,100.0,1010.35908,9.0,-410.83091
2025-10-17 17:51:12,1366.57455,1053.78909,964.42182,21.61392,100.0,1010.35572,9.0,-409.3747
2025-10-17 17:51:13,1362.85091,1053.78909,964.42182,21.60377,100.0,1010.42126,9.0,-411.43764
2025-10-17 17:51:13,1366.57455,1051.92727,966.28364,21.60885,100.0,1010.40205,9.0,-411.27444
2025-10-17 17:51:14,1366.57455,1053.78909,968.14545,21.619,100.0,1010.39077,9.0,-412.7488
2025-10-17 17:51:14,1364.71273,1050.06545,962.56,21.59869,100.0,1010.38621,9.0,-408.4121
2025-10-17 17:51:15,1366.57455,1051.92727,962.56,21.61392,100.0,1010.4371,9.0,-409.0314
2025-10-17 17:51:16,1364.71273,1051.92727,966.28364,21.60885,100.0,1010.40205,9.0,-411.77863
2025-10-17 17:51:16,1364.71273,1057.51273,971.86909,21.60885,100.0,1010.48343,9.0,-417.87624
2025-10-17 17:51:17,1364.71273,1053.78909,964.42182,21.60377,100.0,1010.39413,9.0,-410.49633
2025-10-17 17:51:17,1368.43636,1055.65091,964.42182,21.60377,100.0,1010.31275,9.0,-408.36731
2025-10-17 17:51:18,1364.71273,1051.92727,964.42182,21.60885,100.0,1010.37493,9.0,-409.93723
2025-10-17 17:51:19,1366.57455,1053.78909,964.42182,21.60377,100.0,1010.42126,9.0,-410.42925
2025-10-17 17:51:19,1364.71273,1055.65091,966.28364,21.60377,100.0,1010.33988,9.0,-411.21711
2025-10-17 17:51:20,1364.71273,1053.78909,962.56,21.60377,100.0,1010.39413,9.0,-409.09205
2025-10-17 17:51:20,1364.71273,1051.92727,964.42182,21.60885,100.0,1010.42918,9.0,-410.81147
2025-10-17 17:51:21,1366.57455,1053.78909,964.42182,21.61392,100.0,1010.40998,9.0,-410.24894
2025-10-17 17:51:21,1366.57455,1055.65091,964.42182,21.60885,100.0,1010.40205,9.0,-410.31125
2025-10-17 17:51:22,1368.43636,1055.65091,966.28364,21.60885,100.0,1010.40205,9.0,-411.21134
2025-10-17 17:51:22,1366.57455,1051.92727,964.42182,21.59869,100.0,1010.38621,9.0,-409.61336
2025-10-17 17:51:23,1368.43636,1050.06545,966.28364,21.59869,100.0,1010.38621,9.0,-410.21227
2025-10-17 17:51:24,1368.43636,1053.78909,968.14545,21.61392,100.0,1010.4371,9.0,-412.99043
2025-10-17 17:51:24,1368.43636,1053.78909,966.28364,21.60885,100.0,1010.45631,9.0,-411.89486
2025-10-17 17:51:25,1364.71273,1051.92727,964.42182,21.61392,100.0,1010.40998,9.0,-410.50276
2025-10-17 17:51:26,1364.71273,1050.06545,962.56,21.60885,100.0,1010.40205,9.0,-408.6689
2025-10-17 17:51:26,1366.57455,1055.65091,966.28364,21.60885,100.0,1010.42918,9.0,-412.15266
2025-10-17 17:51:27,1364.71273,1055.65091,968.14545,21.60377,100.0,1010.39413,9.0,-413.49562
2025-10-17 17:51:27,1366.57455,1050.06545,964.42182,21.60885,100.0,1010.37493,9.0,-409.13186
2025-10-17 17:51:28,1364.71273,1051.92727,962.56,21.61392,100.0,1010.38285,9.0,-408.66135
2025-10-17 17:51:28,1364.71273,1050.06545,964.42182,21.59869,100.0,1010.35908,9.0,-409.37927
2025-10-17 17:51:29,1364.71273,1055.65091,968.14545,21.59869,100.0,1010.41333,9.0,-413.80434
2025-10-17 17:51:30,1366.57455,1053.78909,968.14545,21.60377,100.0,1010.367,9.0,-412.36359
2025-10-17 17:51:30,1368.43636,1053.78909,966.28364,21.60377,100.0,1010.42126,9.0,-411.32933
2025-10-17 17:51:31,1364.71273,1051.92727,962.56,21.59869,100.0,1010.41333,9.0,-409.15038
2025-10-17 17:51:32,1366.57455,1055.65091,968.14545,21.60885,100.0,1010.40205,9.0,-413.11982
2025-10-17 17:51:32,1366.57455,1053.78909,968.14545,21.60885,100.0,1010.42918,9.0,-413.36622
2025-10-17 17:51:33,1366.57455,1051.92727,964.42182,21.59869,100.0,1010.41333,9.0,-410.05047
2025-10-17 17:51:33,1366.57455,1051.92727,966.28364,21.60885,100.0,1010.40205,9.0,-411.27444
2025-10-17 17:51:34,1368.43636,1053.78909,968.14545,21.61392,100.0,1010.35572,9.0,-411.67907
2025-10-17 17:51:35,1366.57455,1053.78909,968.14545,21.60885,100.0,1010.3478,9.0,-412.05487
2025-10-17 17:51:35,1364.71273,1051.92727,964.42182,21.60377,100.0,1010.39413,9.0,-410.24595
2025-10-17 17:51:36,1364.71273,1053.78909,968.14545,21.61392,100.0,1010.4371,9.0,-413.99883
2025-10-17 17:51:37,1368.43636,1055.65091,968.14545,21.60885,100.0,1010.40205,9.0,-412.61562
2025-10-17 17:51:37,1364.71273,1051.92727,964.42182,21.62408,100.0,1010.45295,9.0,-411.19673
2025-10-17 17:51:38,1366.57455,1051.92727,962.56,21.61392,100.0,1010.46423,9.0,-409.46852
2025-10-17 17:51:38,1366.57455,1051.92727,966.28364,21.62915,100.0,1010.46087,9.0,-412.22525
2025-10-17 17:51:39,1364.71273,1051.92727,964.42182,21.619,100.0,1010.4179,9.0,-410.63117
2025-10-17 17:51:40,1366.57455,1053.78909,968.14545,21.619,100.0,1010.39077,9.0,-412.7488
2025-10-17 17:51:41,1364.71273,1050.06545,966.28364,21.619,100.0,1010.39077,9.0,-411.29716
2025-10-17 17:51:41,1366.57455,1051.92727,962.56,21.619,100.0,1010.44503,9.0,-409.15982
2025-10-17 17:51:42,1368.43636,1055.65091,970.00727,21.60377,100.0,1010.44838,9.0,-414.76574
2025-10-17 17:51:42,1368.43636,1053.78909,970.00727,21.61392,100.0,1010.38285,9.0,-413.52047
2025-10-17 17:51:43,1368.43636,1051.92727,964.42182,21.61392,100.0,1010.4371,9.0,-409.93148
2025-10-17 17:51:44,1366.57455,1051.92727,962.56,21.619,100.0,1010.4179,9.0,-408.72269
2025-10-17 17:51:44,1368.43636,1055.65091,968.14545,21.61392,100.0,1010.4371,9.0,-413.18115
2025-10-17 17:51:45,1366.57455,1053.78909,968.14545,21.619,100.0,1010.4179,9.0,-413.18593
2025-10-17 17:51:45,1364.71273,1053.78909,964.42182,21.60885,100.0,1010.37493,9.0,-410.18761
2025-10-17 17:51:46,1366.57455,1053.78909,964.42182,21.60885,100.0,1010.40205,9.0,-410.12053
2025-10-17 17:51:47,1368.43636,1053.78909,966.28364,21.619,100.0,1010.4179,9.0,-411.27744
2025-10-17 17:51:47,1364.71273,1055.65091,968.14545,21.62915,100.0,1010.43374,9.0,-414.1377
2025-10-17 17:51:48,1368.43636,1055.65091,970.00727,21.619,100.0,1010.44503,9.0,-414.71386
2025-10-17 17:51:48,1368.43636,1053.78909,968.14545,21.619,100.0,1010.44503,9.0,-413.11885
2025-10-17 17:51:49,1368.43636,1053.78909,964.42182,21.61392,100.0,1010.38285,9.0,-409.30762
2025-10-17 17:51:50,1368.43636,1055.65091,968.14545,21.60885,100.0,1010.37493,9.0,-412.17851
2025-10-17 17:51:50,1370.29818,1055.65091,968.14545,21.619,100.0,1010.44503,9.0,-412.80538
2025-10-17 17:51:51,1368.43636,1051.92727,966.28364,21.60885,100.0,1010.40205,9.0,-410.77024
2025-10-17 17:51:51,1368.43636,1051.92727,966.28364,21.61392,100.0,1010.4371,9.0,-411.33577
2025-10-17 17:51:52,1366.57455,1053.78909,964.42182,21.60885,100.0,1010.42918,9.0,-410.55765
2025-10-17 17:51:52,1368.43636,1055.65091,968.14545,21.61392,100.0,1010.38285,9.0,-412.30691
2025-10-17 17:51:53,1368.43636,1055.65091,968.14545,21.60885,100.0,1010.37493,9.0,-412.17851
2025-10-17 17:51:54,1368.43636,1053.78909,964.42182,21.619,100.0,1010.47215,9.0,-410.74741
2025-10-17 17:51:54,1366.57455,1053.78909,966.28364,21.619,100.0,1010.36365,9.0,-410.90739
2025-10-17 17:51:55,1368.43636,1057.51273,971.86909,21.60885,100.0,1010.40205,9.0,-415.55648
2025-10-17 17:51:55,1370.29818,1059.37455,975.59273,21.61392,100.0,1010.40998,9.0,-418.06784
2025-10-17 17:51:56,1366.57455,1051.92727,966.28364,21.60885,100.0,1010.37493,9.0,-410.83732
2025-10-17 17:51:57,1368.43636,1051.92727,964.42182,21.60885,100.0,1010.42918,9.0,-409.80307
2025-10-17 17:51:57,1368.43636,1055.65091,968.14545,21.61392,100.0,1010.35572,9.0,-411.86979
2025-10-17 17:51:58,1370.29818,1055.65091,968.14545,21.60885,100.0,1010.45631,9.0,-412.98566
2025-10-17 17:51:58,1368.43636,1053.78909,966.28364,21.619,100.0,1010.36365,9.0,-410.40319
2025-10-17 17:51:59,1368.43636,1051.92727,966.28364,21.61392,100.0,1010.38285,9.0,-410.46152
2025-10-17 17:51:59,1366.57455,1051.92727,966.28364,21.60885,100.0,1010.37493,9.0,-410.83732
2025-10-17 17:52:00,1366.57455,1055.65091,966.28364,21.60377,100.0,1010.42126,9.0,-412.02425
2025-10-17 17:52:00,1368.43636,1055.65091,968.14545,21.60377,100.0,1010.367,9.0,-412.05011
2025-10-17 17:52:01,1370.29818,1053.78909,968.14545,21.60377,100.0,1010.39413,9.0,-411.79231
2025-10-17 17:52:02,1368.43636,1051.92727,966.28364,21.60885,100.0,1010.40205,9.0,-410.77024
2025-10-17 17:52:02,1368.43636,1051.92727,966.28364,21.619,100.0,1010.4179,9.0,-411.02706
2025-10-17 17:52:03,1368.43636,1055.65091,970.00727,21.61392,100.0,1010.4371,9.0,-414.58544
2025-10-17 17:52:04,1368.43636,1055.65091,970.00727,21.59869,100.0,1010.44046,9.0,-414.63734
2025-10-17 17:52:04,1366.57455,1051.92727,966.28364,21.60377,100.0,1010.42126,9.0,-411.58315
2025-10-17 17:52:05,1368.43636,1051.92727,966.28364,21.60885,100.0,1010.40205,9.0,-410.77024
2025-10-17 17:52:05,1370.29818,1053.78909,968.14545,21.60377,100.0,1010.44838,9.0,-412.66654
2025-10-17 17:52:06,1368.43636,1051.92727,962.56,21.61392,100.0,1010.4371,9.0,-408.5272
2025-10-17 17:52:06,1368.43636,1051.92727,964.42182,21.60885,100.0,1010.37493,9.0,-408.92883
2025-10-17 17:52:07,1370.29818,1053.78909,968.14545,21.60885,100.0,1010.37493,9.0,-411.48359
2025-10-17 17:52:08,1372.16,1057.51273,971.86909,21.60885,100.0,1010.3478,9.0,-413.67385
2025-10-17 17:52:09,1368.43636,1051.92727,966.28364,21.60885,100.0,1010.40205,9.0,-410.77024
2025-10-17 17:52:09,1368.43636,1053.78909,964.42182,21.60885,100.0,1010.42918,9.0,-410.05345
2025-10-17 17:52:10,1368.43636,1051.92727,966.28364,21.60885,100.0,1010.40205,9.0,-410.77024
2025-10-17 17:52:10,1368.43636,1050.06545,966.28364,21.60885,100.0,1010.42918,9.0,-410.90619
2025-10-17 17:52:11,1368.43636,1055.65091,970.00727,21.60377,100.0,1010.42126,9.0,-414.32862
2025-10-17 17:52:11,1368.43636,1053.78909,964.42182,21.60885,100.0,1010.42918,9.0,-410.05345
2025-10-17 17:52:12,1370.29818,1050.06545,964.42182,21.60885,100.0,1010.40205,9.0,-408.56059
2025-10-17 17:52:13,1370.29818,1053.78909,968.14545,21.61392,100.0,1010.40998,9.0,-412.04911
2025-10-17 17:52:13,1370.29818,1055.65091,968.14545,21.60885,100.0,1010.48343,9.0,-413.42278
2025-10-17 17:52:14,1370.29818,1053.78909,968.14545,21.60885,100.0,1010.45631,9.0,-412.79494
2025-10-17 17:52:14,1368.43636,1053.78909,966.28364,21.58854,100.0,1010.39749,9.0,-410.94416
2025-10-17 17:52:15,1370.29818,1051.92727,964.42182,21.59869,100.0,1010.38621,9.0,-408.60496
2025-10-17 17:52:16,1370.29818,1053.78909,970.00727,21.61392,100.0,1010.4371,9.0,-413.89052
2025-10-17 17:52:16,1368.43636,1053.78909,966.28364,21.59362,100.0,1010.43254,9.0,-411.50966
2025-10-17 17:52:17,1368.43636,1053.78909,966.28364,21.60377,100.0,1010.42126,9.0,-411.32933
2025-10-17 17:52:17,1370.29818,1053.78909,966.28364,21.59869,100.0,1010.41333,9.0,-410.69674
2025-10-17 17:52:18,1368.43636,1055.65091,970.00727,21.59869,100.0,1010.38621,9.0,-413.76311
2025-10-17 17:52:19,1372.16,1053.78909,970.00727,21.59869,100.0,1010.38621,9.0,-412.564
2025-10-17 17:52:19,1370.29818,1053.78909,966.28364,21.59869,100.0,1010.38621,9.0,-410.25963
2025-10-17 17:52:20,1368.43636,1053.78909,966.28364,21.59869,100.0,1010.41333,9.0,-411.20094
2025-10-17 17:52:20,1372.16,1053.78909,970.00727,21.60377,100.0,1010.42126,9.0,-413.12951
2025-10-17 17:52:21,1374.02182,1057.51273,975.59273,21.60377,100.0,1010.39413,9.0,-416.72406
2025-10-17 17:52:22,1368.43636,1053.78909,968.14545,21.61392,100.0,1010.38285,9.0,-412.11619
2025-10-17 17:52:22,1370.29818,1055.65091,968.14545,21.619,100.0,1010.44503,9.0,-412.80538
2025-10-17 17:52:23,1370.29818,1053.78909,968.14545,21.60885,100.0,1010.45631,9.0,-412.79494
2025-10-17 17:52:23,1370.29818,1055.65091,970.00727,21.60885,100.0,1010.40205,9.0,-413.51571
2025-10-17 17:52:24,1370.29818,1053.78909,966.28364,21.60377,100.0,1010.39413,9.0,-410.38802
2025-10-17 17:52:24,1370.29818,1051.92727,966.28364,21.61392,100.0,1010.40998,9.0,-410.39445
2025-10-17 17:52:25,1368.43636,1050.06545,968.14545,21.60885,100.0,1010.42918,9.0,-412.31047
2025-10-17 17:52:25,1368.43636,1053.78909,964.42182,21.60377,100.0,1010.367,9.0,-409.05082
2025-10-17 17:52:26,1372.16,1051.92727,970.00727,21.60885,100.0,1010.40205,9.0,-412.57041
2025-10-17 17:52:27,1368.43636,1051.92727,968.14545,21.60885,100.0,1010.3478,9.0,-411.30029
2025-10-17 17:52:27,1372.16,1053.78909,970.00727,21.60885,100.0,1010.42918,9.0,-413.25791
2025-10-17 17:52:28,1370.29818,1050.06545,968.14545,21.60377,100.0,1010.367,9.0,-410.80364
2025-10-17 17:52:28,1370.29818,1053.78909,971.86909,21.60885,100.0,1010.42918,9.0,-415.16639
2025-10-17 17:52:29,1368.43636,1051.92727,968.14545,21.61392,100.0,1010.38285,9.0,-411.86581
2025-10-17 17:52:30,1368.43636,1050.06545,966.28364,21.60377,100.0,1010.39413,9.0,-410.34067
2025-10-17 17:52:30,1370.29818,1050.06545,966.28364,21.60885,100.0,1010.42918,9.0,-410.40199
2025-10-17 17:52:31,1370.29818,1048.20364,968.14545,21.60885,100.0,1010.42918,9.0,-411.46501
2025-10-17 17:52:31,1370.29818,1051.92727,971.86909,21.61392,100.0,1010.4371,9.0,-415.04442
2025-10-17 17:52:32,1368.43636,1048.20364,964.42182,21.61392,100.0,1010.46423,9.0,-409.72617
2025-10-17 17:52:32,1370.29818,1050.06545,968.14545,21.61392,100.0,1010.40998,9.0,-411.49756
2025-10-17 17:52:33,1368.43636,1051.92727,968.14545,21.61392,100.0,1010.38285,9.0,-411.86581
2025-10-17 17:52:34,1372.16,1053.78909,973.73091,21.61392,100.0,1010.40998,9.0,-415.75777
2025-10-17 17:52:34,1370.29818,1048.20364,968.14545,21.619,100.0,1010.39077,9.0,-410.84759
2025-10-17 17:52:35,1372.16,1051.92727,971.86909,21.62915,100.0,1010.40662,9.0,-414.05124
2025-10-17 17:52:36,1370.29818,1050.06545,968.14545,21.62408,100.0,1010.45295,9.0,-412.19153
2025-10-17 17:52:36,1370.29818,1051.92727,968.14545,21.619,100.0,1010.4179,9.0,-411.92715
2025-10-17 17:52:37,1372.16,1053.78909,973.73091,21.61392,100.0,1010.40998,9.0,-415.75777
2025-10-17 17:52:37,1368.43636,1050.06545,966.28364,21.61392,100.0,1010.38285,9.0,-410.16035
2025-10-17 17:52:38,1370.29818,1050.06545,968.14545,21.619,100.0,1010.4179,9.0,-411.62598
2025-10-17 17:52:39,1372.16,1053.78909,971.86909,21.62408,100.0,1010.48008,9.0,-415.48458
2025-10-17 17:52:39,1372.16,1055.65091,971.86909,21.61392,100.0,1010.4371,9.0,-414.98133
2025-10-17 17:52:40,1370.29818,1051.92727,971.86909,21.62408,100.0,1010.39869,9.0,-414.42701
2025-10-17 17:52:40,1372.16,1051.92727,971.86909,21.60377,100.0,1010.367,9.0,-413.40918
2025-10-17 17:52:41,1370.29818,1051.92727,968.14545,21.60377,100.0,1010.367,9.0,-411.10481
2025-10-17 17:52:42,1372.16,1055.65091,970.00727,21.61392,100.0,1010.40998,9.0,-413.13992
2025-10-17 17:52:42,1370.29818,1051.92727,966.28364,21.619,100.0,1010.44503,9.0,-410.95999
2025-10-17 17:52:43,1372.16,1051.92727,966.28364,21.61392,100.0,1010.38285,9.0,-409.45313
2025-10-17 17:52:43,1370.29818,1051.92727,968.14545,21.61392,100.0,1010.4371,9.0,-412.23585
2025-10-17 17:52:44,1372.16,1055.65091,970.00727,21.61392,100.0,1010.4371,9.0,-413.57704
2025-10-17 17:52:44,1370.29818,1055.65091,971.86909,21.619,100.0,1010.49928,9.0,-416.4882
2025-10-17 17:52:45,1370.29818,1051.92727,968.14545,21.62408,100.0,1010.37157,9.0,-411.18131
2025-10-17 17:52:46,1370.29818,1051.92727,968.14545,21.62915,100.0,1010.46087,9.0,-412.62114
2025-10-17 17:52:46,1372.16,1053.78909,971.86909,21.619,100.0,1010.44503,9.0,-414.91903
2025-10-17 17:52:47,1374.02182,1057.51273,975.59273,21.619,100.0,1010.39077,9.0,-416.67215
2025-10-17 17:52:48,1372.16,1051.92727,968.14545,21.619,100.0,1010.36365,9.0,-410.5487
2025-10-17 17:52:48,1368.43636,1053.78909,966.28364,21.62915,100.0,1010.35236,9.0,-410.2229
2025-10-17 17:52:49,1370.29818,1051.92727,968.14545,21.62408,100.0,1010.39869,9.0,-411.61844
2025-10-17 17:52:49,1370.29818,1055.65091,971.86909,21.63423,100.0,1010.44167,9.0,-415.56211
2025-10-17 17:52:50,1368.43636,1051.92727,968.14545,21.619,100.0,1010.47215,9.0,-413.3056
2025-10-17 17:52:50,1370.29818,1053.78909,968.14545,21.619,100.0,1010.33652,9.0,-410.86615
2025-10-17 17:52:52,1374.02182,1057.51273,973.73091,21.619,100.0,1010.36365,9.0,-414.83074
2025-10-17 17:52:52,1372.16,1055.65091,970.00727,21.62408,100.0,1010.34444,9.0,-412.08537
2025-10-17 17:52:53,1372.16,1051.92727,968.14545,21.63423,100.0,1010.41454,9.0,-411.37111
2025-10-17 17:52:54,1374.02182,1051.92727,968.14545,21.62408,100.0,1010.42582,9.0,-411.04718
2025-10-17 17:52:54,1372.16,1053.78909,968.14545,21.62915,100.0,1010.35236,9.0,-410.61879
2025-10-17 17:52:55,1370.29818,1053.78909,971.86909,21.63931,100.0,1010.42246,9.0,-415.0627
2025-10-17 17:52:55,1370.29818,1051.92727,968.14545,21.62408,100.0,1010.42582,9.0,-412.05557
2025-10-17 17:52:56,1370.29818,1051.92727,968.14545,21.62915,100.0,1010.43374,9.0,-412.184
2025-10-17 17:52:57,1370.29818,1051.92727,966.28364,21.62915,100.0,1010.40662,9.0,-410.34259
2025-10-17 17:52:57,1374.02182,1051.92727,971.86909,21.63423,100.0,1010.38741,9.0,-413.23834
2025-10-17 17:52:58,1372.16,1050.06545,968.14545,21.63423,100.0,1010.38741,9.0,-410.6328
2025-10-17 17:52:58,1372.16,1053.78909,971.86909,21.62408,100.0,1010.42582,9.0,-414.61032
2025-10-17 17:52:59,1372.16,1051.92727,970.00727,21.63931,100.0,1010.44959,9.0,-413.34098
2025-10-17 17:53:00,1372.16,1053.78909,971.86909,21.64438,100.0,1010.45751,9.0,-415.1241
2025-10-17 17:53:00,1372.16,1050.06545,971.86909,21.63931,100.0,1010.39533,9.0,-413.56981
2025-10-17 17:53:01,1372.16,1050.06545,968.14545,21.63423,100.0,1010.38741,9.0,-410.6328
2025-10-17 17:53:01,1370.29818,1050.06545,968.14545,21.64438,100.0,1010.40326,9.0,-411.39389
2025-10-17 17:53:02,1372.16,1051.92727,966.28364,21.63931,100.0,1010.44959,9.0,-410.53241
2025-10-17 17:53:03,1374.02182,1051.92727,971.86909,21.64438,100.0,1010.37613,9.0,-413.05809
2025-10-17 17:53:03,1370.29818,1048.20364,968.14545,21.64438,100.0,1010.40326,9.0,-411.05263
2025-10-17 17:53:04,1372.16,1050.06545,968.14545,21.64438,100.0,1010.37613,9.0,-410.45255
2025-10-17 17:53:04,1374.02182,1051.92727,966.28364,21.64438,100.0,1010.37613,9.0,-408.84524
2025-10-17 17:53:05,1375.88364,1053.78909,975.59273,21.64438,100.0,1010.40326,9.0,-416.04999
2025-10-17 17:53:06,1372.16,1048.20364,970.00727,21.64946,100.0,1010.43831,9.0,-412.51832
2025-10-17 17:53:06,1374.02182,1051.92727,968.14545,21.64946,100.0,1010.35692,9.0,-409.94083
2025-10-17 17:53:07,1372.16,1050.06545,970.00727,21.65454,100.0,1010.36484,9.0,-411.67661
2025-10-17 17:53:07,1374.02182,1053.78909,971.86909,21.65454,100.0,1010.44623,9.0,-414.4397
2025-10-17 17:53:08,1374.02182,1050.06545,970.00727,21.65961,100.0,1010.39989,9.0,-411.73804
2025-10-17 17:53:08,1372.16,1050.06545,966.28364,21.65961,100.0,1010.31851,9.0,-408.12221
2025-10-17 17:53:09,1368.43636,1048.20364,968.14545,21.64946,100.0,1010.38405,9.0,-411.24814
2025-10-17 17:53:10,1374.02182,1051.92727,970.00727,21.65454,100.0,1010.44623,9.0,-412.78503
2025-10-17 17:53:10,1372.16,1051.92727,971.86909,21.65961,100.0,1010.39989,9.0,-413.94769
2025-10-17 17:53:11,1372.16,1050.06545,968.14545,21.65961,100.0,1010.39989,9.0,-410.83795
2025-10-17 17:53:11,1370.29818,1053.78909,973.73091,21.66469,100.0,1010.46207,9.0,-417.10935
2025-10-17 17:53:12,1372.16,1051.92727,970.00727,21.65961,100.0,1010.45415,9.0,-413.41771
2025-10-17 17:53:13,1372.16,1051.92727,970.00727,21.65961,100.0,1010.37277,9.0,-412.10625
2025-10-17 17:53:13,1370.29818,1050.06545,971.86909,21.65454,100.0,1010.44623,9.0,-414.89654
2025-10-17 17:53:14,1370.29818,1050.06545,968.14545,21.66469,100.0,1010.38069,9.0,-411.03348
2025-10-17 17:53:14,1370.29818,1050.06545,968.14545,21.65961,100.0,1010.39989,9.0,-411.34215
2025-10-17 17:53:15,1374.02182,1050.06545,970.00727,21.65961,100.0,1010.42702,9.0,-412.17519
2025-10-17 17:53:15,1372.16,1051.92727,971.86909,21.67484,100.0,1010.42366,9.0,-414.33317
2025-10-17 17:53:16,1370.29818,1048.20364,966.28364,21.65961,100.0,1010.34564,9.0,-408.72229
2025-10-17 17:53:16,1372.16,1050.06545,968.14545,21.65961,100.0,1010.37277,9.0,-410.4008
2025-10-17 17:53:17,1372.16,1050.06545,968.14545,21.66469,100.0,1010.35356,9.0,-410.09212
2025-10-17 17:53:18,1374.02182,1053.78909,975.59273,21.65454,100.0,1010.36484,9.0,-415.93682
2025-10-17 17:53:18,1374.02182,1050.06545,970.00727,21.65961,100.0,1010.37277,9.0,-411.30088
2025-10-17 17:53:19,1372.16,1050.06545,966.28364,21.65961,100.0,1010.39989,9.0,-409.43367
2025-10-17 17:53:19,1372.16,1048.20364,966.28364,21.65961,100.0,1010.42702,9.0,-409.52955
2025-10-17 17:53:20,1375.88364,1051.92727,971.86909,21.66469,100.0,1010.38069,9.0,-412.63062
2025-10-17 17:53:20,1374.02182,1053.78909,971.86909,21.66469,100.0,1010.32643,9.0,-412.51089
2025-10-17 17:53:21,1372.16,1050.06545,968.14545,21.66469,100.0,1010.46207,9.0,-411.84075
2025-10-17 17:53:22,1372.16,1050.06545,966.28364,21.65961,100.0,1010.42702,9.0,-409.87082
2025-10-17 17:53:22,1372.16,1051.92727,970.00727,21.65961,100.0,1010.37277,9.0,-412.10625
2025-10-17 17:53:23,1374.02182,1051.92727,970.00727,21.66469,100.0,1010.40782,9.0,-412.16769
2025-10-17 17:53:23,1370.29818,1053.78909,971.86909,21.66469,100.0,1010.40782,9.0,-414.83075
2025-10-17 17:53:24,1374.02182,1050.06545,970.00727,21.66469,100.0,1010.46207,9.0,-412.74084
2025-10-17 17:53:25,1374.02182,1051.92727,971.86909,21.67484,100.0,1010.45079,9.0,-414.26614
2025-10-17 17:53:25,1374.02182,1051.92727,970.00727,21.66469,100.0,1010.38069,9.0,-411.73053
2025-10-17 17:53:26,1374.02182,1057.51273,971.86909,21.67484,100.0,1010.47792,9.0,-415.2767
2025-10-17 17:53:26,1374.02182,1051.92727,968.14545,21.66469,100.0,1010.43495,9.0,-411.20056
2025-10-17 17:53:27,1372.16,1051.92727,968.14545,21.66977,100.0,1010.33435,9.0,-410.08462
2025-10-17 17:53:28,1374.02182,1051.92727,966.28364,21.66977,100.0,1010.38861,9.0,-409.05046
2025-10-17 17:53:28,1374.02182,1055.65091,971.86909,21.66977,100.0,1010.36148,9.0,-413.26725
2025-10-17 17:53:29,1374.02182,1051.92727,968.14545,21.67484,100.0,1010.42366,9.0,-411.02041
2025-10-17 17:53:29,1374.02182,1051.92727,968.14545,21.66977,100.0,1010.41574,9.0,-410.8919
2025-10-17 17:53:30,1372.16,1048.20364,968.14545,21.66977,100.0,1010.44287,9.0,-411.19083
2025-10-17 17:53:31,1375.88364,1055.65091,975.59273,21.67484,100.0,1010.39653,9.0,-416.13728
2025-10-17 17:53:31,1372.16,1051.92727,971.86909,21.66977,100.0,1010.44287,9.0,-414.64183
2025-10-17 17:53:32,1372.16,1050.06545,968.14545,21.67484,100.0,1010.42366,9.0,-411.22344
2025-10-17 17:53:32,1374.02182,1050.06545,968.14545,21.66469,100.0,1010.38069,9.0,-410.02508
2025-10-17 17:53:33,1374.02182,1050.06545,971.86909,21.685,100.0,1010.35812,9.0,-412.47333
2025-10-17 17:53:34,1374.02182,1051.92727,971.86909,21.67484,100.0,1010.3694,9.0,-412.95465
2025-10-17 17:53:34,1370.29818,1048.20364,968.14545,21.685,100.0,1010.43951,9.0,-411.6434
2025-10-17 17:53:35,1374.02182,1050.06545,971.86909,21.69007,100.0,1010.4203,9.0,-413.4762
2025-10-17 17:53:35,1372.16,1048.20364,968.14545,21.69515,100.0,1010.42822,9.0,-410.9591
2025-10-17 17:53:36,1374.02182,1051.92727,973.73091,21.69007,100.0,1010.4203,9.0,-415.18165
2025-10-17 17:53:37,1372.16,1050.06545,970.00727,21.69007,100.0,1010.39317,9.0,-412.13894
2025-10-17 17:53:37,1374.02182,1051.92727,971.86909,21.685,100.0,1010.41238,9.0,-413.64884
2025-10-17 17:53:38,1372.16,1048.20364,966.28364,21.685,100.0,1010.38525,9.0,-408.86058
2025-10-17 17:53:39,1374.02182,1053.78909,970.00727,21.69007,100.0,1010.36604,9.0,-411.74912
2025-10-17 17:53:39,1374.02182,1051.92727,970.00727,21.67992,100.0,1010.40445,9.0,-412.11604
2025-10-17 17:53:40,1370.29818,1051.92727,968.14545,21.69007,100.0,1010.36604,9.0,-411.10285
2025-10-17 17:53:40,1372.16,1050.06545,968.14545,21.67992,100.0,1010.37732,9.0,-410.47761
2025-10-17 17:53:41,1374.02182,1051.92727,971.86909,21.685,100.0,1010.43951,9.0,-414.08601
2025-10-17 17:53:41,1370.29818,1051.92727,966.28364,21.685,100.0,1010.33099,9.0,-409.13287
2025-10-17 17:53:42,1374.02182,1050.06545,966.28364,21.685,100.0,1010.38525,9.0,-408.69765
2025-10-17 17:53:43,1372.16,1051.92727,968.14545,21.685,100.0,1010.43951,9.0,-411.78164
2025-10-17 17:53:43,1374.02182,1053.78909,971.86909,21.67484,100.0,1010.42366,9.0,-414.07936
2025-10-17 17:53:44,1374.02182,1055.65091,970.00727,21.67992,100.0,1010.40445,9.0,-412.55714
2025-10-17 17:53:45,1374.02182,1051.92727,968.14545,21.67484,100.0,1010.39653,9.0,-410.58324
2025-10-17 17:53:45,1374.02182,1053.78909,971.86909,21.67484,100.0,1010.34227,9.0,-412.76787
2025-10-17 17:53:46,1374.02182,1051.92727,968.14545,21.67484,100.0,1010.45079,9.0,-411.45757
2025-10-17 17:53:46,1375.88364,1055.65091,970.00727,21.67484,100.0,1010.42366,9.0,-412.36159
2025-10-17 17:53:47,1375.88364,1055.65091,970.00727,21.67484,100.0,1010.39653,9.0,-411.92443
2025-10-17 17:53:47,1372.16,1055.65091,968.14545,21.685,100.0,1010.46664,9.0,-412.65991
2025-10-17 17:53:48,1374.02182,1055.65091,968.14545,21.685,100.0,1010.38525,9.0,-410.8442
2025-10-17 17:53:49,1375.88364,1057.51273,971.86909,21.67484,100.0,1010.34227,9.0,-412.58668
2025-10-17 17:53:49,1374.02182,1051.92727,968.14545,21.66469,100.0,1010.32643,9.0,-409.45194
2025-10-17 17:53:50,1374.02182,1051.92727,968.14545,21.685,100.0,1010.41238,9.0,-410.84027
2025-10-17 17:53:51,1370.29818,1053.78909,966.28364,21.67484,100.0,1010.39653,9.0,-410.43774
2025-10-17 17:53:51,1374.02182,1055.65091,970.00727,21.66977,100.0,1010.38861,9.0,-412.30013
2025-10-17 17:53:52,1375.88364,1055.65091,973.73091,21.67484,100.0,1010.39653,9.0,-414.733
2025-10-17 17:53:52,1374.02182,1053.78909,968.14545,21.67484,100.0,1010.45079,9.0,-411.70795
2025-10-17 17:53:53,1374.02182,1053.78909,968.14545,21.67484,100.0,1010.39653,9.0,-410.83362
2025-10-17 17:53:54,1372.16,1053.78909,968.14545,21.69007,100.0,1010.4203,9.0,-411.72338
2025-10-17 17:53:54,1375.88364,1057.51273,971.86909,21.67484,100.0,1010.39653,9.0,-413.461
2025-10-17 17:53:55,1375.88364,1055.65091,971.86909,21.66977,100.0,1010.30722,9.0,-411.88873
2025-10-17 17:53:55,1374.02182,1053.78909,970.00727,21.67992,100.0,1010.40445,9.0,-412.36642
2025-10-17 17:53:56,1375.88364,1055.65091,971.86909,21.67992,100.0,1010.43158,9.0,-413.89439
2025-10-17 17:53:57,1374.02182,1057.51273,971.86909,21.67484,100.0,1010.42366,9.0,-414.40237
2025-10-17 17:53:57,1375.88364,1055.65091,971.86909,21.66977,100.0,1010.36148,9.0,-412.76305
2025-10-17 17:53:58,1374.02182,1053.78909,968.14545,21.66977,100.0,1010.41574,9.0,-411.14228
2025-10-17 17:53:58,1374.02182,1053.78909,971.86909,21.67484,100.0,1010.34227,9.0,-412.76787
2025-10-17 17:53:59,1374.02182,1059.37455,973.73091,21.66977,100.0,1010.47,9.0,-416.63105
2025-10-17 17:53:59,1374.02182,1059.37455,971.86909,21.67484,100.0,1010.39653,9.0,-414.04379
2025-10-17 17:54:00,1375.88364,1059.37455,973.73091,21.66977,100.0,1010.44287,9.0,-415.68969
2025-10-17 17:54:01,1374.02182,1057.51273,970.00727,21.66977,100.0,1010.38861,9.0,-412.43242
2025-10-17 17:54:01,1374.02182,1055.65091,970.00727,21.65961,100.0,1010.34564,9.0,-411.606
2025-10-17 17:54:02,1374.02182,1064.96,975.59273,21.67484,100.0,1010.42366,9.0,-417.25032
2025-10-17 17:54:03,1368.43636,1059.37455,971.86909,21.67484,100.0,1010.42366,9.0,-415.99354
2025-10-17 17:54:04,1374.02182,1057.51273,970.00727,21.66977,100.0,1010.38861,9.0,-412.43242
2025-10-17 17:54:04,1375.88364,1057.51273,971.86909,21.66977,100.0,1010.36148,9.0,-412.89534
2025-10-17 17:54:05,1375.88364,1059.37455,970.00727,21.67484,100.0,1010.3694,9.0,-411.69814
2025-10-17 17:54:06,1374.02182,1057.51273,971.86909,21.66977,100.0,1010.36148,9.0,-413.39954
2025-10-17 17:54:06,1374.02182,1057.51273,968.14545,21.67484,100.0,1010.34227,9.0,-410.28231
2025-10-17 17:54:07,1374.02182,1057.51273,971.86909,21.67484,100.0,1010.3694,9.0,-413.52804
2025-10-17 17:54:07,1375.88364,1061.23636,971.86909,21.67484,100.0,1010.3694,9.0,-413.13203
2025-10-17 17:54:08,1374.02182,1057.51273,971.86909,21.69007,100.0,1010.44743,9.0,-414.78794
2025-10-17 17:54:09,1377.74545,1057.51273,973.73091,21.685,100.0,1010.43951,9.0,-415.05529
2025-10-17 17:54:09,1375.88364,1057.51273,973.73091,21.66977,100.0,1010.38861,9.0,-414.73679
2025-10-17 17:54:10,1375.88364,1059.37455,973.73091,21.67484,100.0,1010.3694,9.0,-414.50671
2025-10-17 17:54:11,1377.74545,1057.51273,971.86909,21.685,100.0,1010.38525,9.0,-412.77666
2025-10-17 17:54:11,1374.02182,1057.51273,970.00727,21.67484,100.0,1010.34227,9.0,-411.68659
2025-10-17 17:54:12,1375.88364,1057.51273,971.86909,21.69007,100.0,1010.39317,9.0,-413.40939
2025-10-17 17:54:12,1377.74545,1059.37455,973.73091,21.69515,100.0,1010.37396,9.0,-414.07941
2025-10-17 17:54:13,1372.16,1055.65091,970.00727,21.69007,100.0,1010.39317,9.0,-412.88121
2025-10-17 17:54:13,1374.02182,1057.51273,970.00727,21.69515,100.0,1010.42822,9.0,-413.07501
2025-10-17 17:54:14,1377.74545,1053.78909,971.86909,21.685,100.0,1010.41238,9.0,-412.89083
2025-10-17 17:54:15,1377.74545,1061.23636,975.59273,21.69007,100.0,1010.4203,9.0,-416.25912
2025-10-17 17:54:15,1377.74545,1059.37455,973.73091,21.69515,100.0,1010.42822,9.0,-414.95377
2025-10-17 17:54:16,1375.88364,1055.65091,970.00727,21.69007,100.0,1010.36604,9.0,-411.43564
2025-10-17 17:54:16,1377.74545,1055.65091,971.86909,21.69515,100.0,1010.40109,9.0,-412.90143
2025-10-17 17:54:17,1374.02182,1057.51273,973.73091,21.70023,100.0,1010.40901,9.0,-415.57495
2025-10-17 17:54:17,1377.74545,1057.51273,973.73091,21.70531,100.0,1010.33554,9.0,-413.38355
2025-10-17 17:54:18,1375.88364,1055.65091,970.00727,21.71038,100.0,1010.37059,9.0,-411.51263
2025-10-17 17:54:19,1375.88364,1053.78909,971.86909,21.72054,100.0,1010.33217,9.0,-412.10894
2025-10-17 17:54:19,1375.88364,1053.78909,970.00727,21.73069,100.0,1010.34802,9.0,-410.96182
2025-10-17 17:54:20,1374.02182,1057.51273,973.73091,21.73069,100.0,1010.37515,9.0,-415.0348
2025-10-17 17:54:20,1375.88364,1055.65091,973.73091,21.71546,100.0,1010.32425,9.0,-413.57538
2025-10-17 17:54:21,1375.88364,1053.78909,970.00727,21.74592,100.0,1010.48031,9.0,-413.09648
2025-10-17 17:54:22,1374.02182,1055.65091,973.73091,21.73577,100.0,1010.38307,9.0,-415.0311
2025-10-17 17:54:22,1374.02182,1055.65091,971.86909,21.74592,100.0,1010.39891,9.0,-413.88404
2025-10-17 17:54:23,1375.88364,1057.51273,975.59273,21.73069,100.0,1010.34802,9.0,-415.49768
2025-10-17 17:54:23,1375.88364,1053.78909,971.86909,21.751,100.0,1010.3797,9.0,-412.88053
2025-10-17 17:54:24,1377.74545,1051.92727,970.00727,21.75607,100.0,1010.41475,9.0,-411.28751
2025-10-17 17:54:25,1375.88364,1053.78909,971.86909,21.751,100.0,1010.3797,9.0,-412.88053
2025-10-17 17:54:25,1377.74545,1053.78909,971.86909,21.75607,100.0,1010.33336,9.0,-411.63052
2025-10-17 17:54:26,1375.88364,1051.92727,968.14545,21.75607,100.0,1010.41475,9.0,-410.38742
2025-10-17 17:54:26,1377.74545,1050.06545,970.00727,21.7713,100.0,1010.35712,9.0,-410.0606
2025-10-17 17:54:27,1375.88364,1051.92727,970.00727,21.78146,100.0,1010.37296,9.0,-411.12329
2025-10-17 17:54:28,1377.74545,1057.51273,979.31636,21.78146,100.0,1010.40009,9.0,-418.65114
2025-10-17 17:54:28,1374.02182,1053.78909,973.73091,21.78653,100.0,1010.35375,9.0,-414.37787
2025-10-17 17:54:29,1375.88364,1053.78909,970.00727,21.78653,100.0,1010.43515,9.0,-412.37682
2025-10-17 17:54:29,1375.88364,1053.78909,971.86909,21.79161,100.0,1010.41594,9.0,-413.47255
2025-10-17 17:54:30,1377.74545,1053.78909,973.73091,21.79161,100.0,1010.44307,9.0,-414.80988
2025-10-17 17:54:30,1377.74545,1055.65091,973.73091,21.79161,100.0,1010.44307,9.0,-415.0006
2025-10-17 17:54:31,1377.74545,1053.78909,970.00727,21.79161,100.0,1010.3888,9.0,-411.12682
2025-10-17 17:54:32,1375.88364,1053.78909,971.86909,21.79669,100.0,1010.36959,9.0,-412.72675
2025-10-17 17:54:32,1375.88364,1053.78909,968.14545,21.80176,100.0,1010.37751,9.0,-410.04688
2025-10-17 17:54:33,1377.74545,1053.78909,971.86909,21.79161,100.0,1010.36167,9.0,-412.09387
2025-10-17 17:54:33,1377.74545,1053.78909,973.73091,21.79161,100.0,1010.3888,9.0,-413.93539
2025-10-17 17:54:34,1377.74545,1053.78909,971.86909,21.79161,100.0,1010.36167,9.0,-412.09387
2025-10-17 17:54:35,1375.88364,1057.51273,971.86909,21.78146,100.0,1010.34583,9.0,-412.66373
2025-10-17 17:54:35,1377.74545,1053.78909,971.86909,21.79161,100.0,1010.33453,9.0,-411.65662
2025-10-17 17:54:36,1379.60727,1055.65091,973.73091,21.79161,100.0,1010.3888,9.0,-413.62192
2025-10-17 17:54:36,1374.02182,1051.92727,970.00727,21.78653,100.0,1010.38088,9.0,-411.75616
2025-10-17 17:54:37,1375.88364,1051.92727,971.86909,21.79161,100.0,1010.3888,9.0,-412.78493
2025-10-17 17:54:38,1377.74545,1055.65091,971.86909,21.79161,100.0,1010.41594,9.0,-413.15907
2025-10-17 17:54:38,1375.88364,1055.65091,971.86909,21.79669,100.0,1010.36959,9.0,-412.91747
2025-10-17 17:54:39,1375.88364,1051.92727,970.00727,21.79669,100.0,1010.36959,9.0,-411.07208
2025-10-17 17:54:39,1377.74545,1051.92727,970.00727,21.79161,100.0,1010.3888,9.0,-410.87644
2025-10-17 17:54:40,1375.88364,1053.78909,968.14545,21.79669,100.0,1010.39672,9.0,-410.35543
2025-10-17 17:54:41,1377.74545,1059.37455,973.73091,21.79669,100.0,1010.42386,9.0,-414.90292
2025-10-17 17:54:41,1375.88364,1050.06545,971.86909,21.79161,100.0,1010.3888,9.0,-412.48376
2025-10-17 17:54:42,1379.60727,1053.78909,971.86909,21.81192,100.0,1010.42049,9.0,-412.54172
2025-10-17 17:54:42,1377.74545,1053.78909,970.00727,21.80684,100.0,1010.38543,9.0,-411.07566
2025-10-17 17:54:43,1377.74545,1055.65091,971.86909,21.80176,100.0,1010.40464,9.0,-412.97922
2025-10-17 17:54:44,1379.60727,1055.65091,971.86909,21.80176,100.0,1010.43178,9.0,-412.91227
2025-10-17 17:54:44,1375.88364,1051.92727,970.00727,21.80684,100.0,1010.3583,9.0,-410.89223
2025-10-17 17:54:45,1375.88364,1051.92727,970.00727,21.81192,100.0,1010.42049,9.0,-411.89545
2025-10-17 17:54:45,1375.88364,1055.65091,971.86909,21.79669,100.0,1010.39672,9.0,-413.35472
2025-10-17 17:54:46,1379.60727,1055.65091,971.86909,21.79161,100.0,1010.41594,9.0,-412.65488
2025-10-17 17:54:46,1375.88364,1050.06545,970.00727,21.80684,100.0,1010.4397,9.0,-411.90282
2025-10-17 17:54:47,1379.60727,1055.65091,971.86909,21.79669,100.0,1010.36959,9.0,-411.90907
2025-10-17 17:54:48,1375.88364,1051.92727,968.14545,21.80684,100.0,1010.38543,9.0,-409.9252
2025-10-17 17:54:48,1377.74545,1055.65091,975.59273,21.80176,100.0,1010.40464,9.0,-415.78779
2025-10-17 17:54:49,1377.74545,1053.78909,973.73091,21.80176,100.0,1010.45891,9.0,-415.06728
2025-10-17 17:54:49,1379.60727,1053.78909,971.86909,21.80684,100.0,1010.41257,9.0,-412.41301
2025-10-17 17:54:50,1377.74545,1055.65091,973.73091,21.80176,100.0,1010.40464,9.0,-414.3835
2025-10-17 17:54:51,1377.74545,1051.92727,971.86909,21.80176,100.0,1010.32324,9.0,-411.22636
2025-10-17 17:54:51,1379.60727,1055.65091,973.73091,21.79669,100.0,1010.34245,9.0,-412.87611
2025-10-17 17:54:52,1377.74545,1053.78909,970.00727,21.80176,100.0,1010.43178,9.0,-411.82146
2025-10-17 17:54:52,1377.74545,1057.51273,975.59273,21.80176,100.0,1010.37751,9.0,-415.48282
2025-10-17 17:54:53,1375.88364,1057.51273,977.45455,21.79669,100.0,1010.36959,9.0,-417.26261
2025-10-17 17:54:54,1377.74545,1055.65091,973.73091,21.80176,100.0,1010.43178,9.0,-414.82075
2025-10-17 17:54:54,1377.74545,1055.65091,971.86909,21.79669,100.0,1010.39672,9.0,-412.85052
2025-10-17 17:54:55,1377.74545,1055.65091,971.86909,21.78146,100.0,1010.37296,9.0,-412.46447
2025-10-17 17:54:55,1377.74545,1053.78909,971.86909,21.78653,100.0,1010.32661,9.0,-411.52795
2025-10-17 17:54:56,1381.46909,1057.51273,975.59273,21.79161,100.0,1010.3888,9.0,-414.65429
2025-10-17 17:54:57,1379.60727,1057.51273,975.59273,21.79161,100.0,1010.36167,9.0,-414.72124
2025-10-17 17:54:57,1377.74545,1055.65091,973.73091,21.79161,100.0,1010.36167,9.0,-413.68887
2025-10-17 17:54:58,1379.60727,1057.51273,973.73091,21.78146,100.0,1010.34583,9.0,-413.05961
2025-10-17 17:54:58,1379.60727,1057.51273,975.59273,21.78653,100.0,1010.40802,9.0,-415.46705
2025-10-17 17:54:59,1377.74545,1059.37455,975.59273,21.78146,100.0,1010.37296,9.0,-415.48392
2025-10-17 17:55:00,1379.60727,1053.78909,975.59273,21.78653,100.0,1010.38088,9.0,-414.7068
2025-10-17 17:55:00,1379.60727,1053.78909,971.86909,21.78146,100.0,1010.42723,9.0,-412.64403
2025-10-17 17:55:01,1377.74545,1053.78909,970.00727,21.77638,100.0,1010.39217,9.0,-411.17804
2025-10-17 17:55:01,1379.60727,1057.51273,973.73091,21.78146,100.0,1010.37296,9.0,-413.49685
2025-10-17 17:55:02,1379.60727,1057.51273,973.73091,21.77638,100.0,1010.36504,9.0,-413.36819
2025-10-17 17:55:03,1377.74545,1053.78909,971.86909,21.7713,100.0,1010.35712,9.0,-412.01643
2025-10-17 17:55:03,1377.74545,1055.65091,971.86909,21.76623,100.0,1010.3492,9.0,-412.07851
2025-10-17 17:55:04,1375.88364,1053.78909,970.00727,21.76623,100.0,1010.37633,9.0,-411.42493
2025-10-17 17:55:04,1377.74545,1057.51273,973.73091,21.76115,100.0,1010.36841,9.0,-413.92366
2025-10-17 17:55:05,1377.74545,1055.65091,975.59273,21.7713,100.0,1010.41139,9.0,-415.89018
2025-10-17 17:55:05,1379.60727,1057.51273,975.59273,21.76115,100.0,1010.39554,9.0,-415.26097
2025-10-17 17:55:06,1377.74545,1055.65091,971.86909,21.75607,100.0,1010.36049,9.0,-412.25846
2025-10-17 17:55:07,1379.60727,1055.65091,973.73091,21.75607,100.0,1010.36049,9.0,-413.15854
2025-10-17 17:55:07,1377.74545,1057.51273,973.73091,21.751,100.0,1010.3797,9.0,-414.10362
2025-10-17 17:55:08,1375.88364,1053.78909,971.86909,21.75607,100.0,1010.44189,9.0,-413.8836
2025-10-17 17:55:09,1375.88364,1055.65091,970.00727,21.751,100.0,1010.3797,9.0,-411.66696
2025-10-17 17:55:09,1379.60727,1053.78909,970.00727,21.751,100.0,1010.40683,9.0,-410.90506
2025-10-17 17:55:10,1379.60727,1059.37455,975.59273,21.74592,100.0,1010.34465,9.0,-414.51646
2025-10-17 17:55:10,1379.60727,1055.65091,970.00727,21.74592,100.0,1010.42604,9.0,-411.40437
2025-10-17 17:55:11,1377.74545,1057.51273,973.73091,21.74084,100.0,1010.36386,9.0,-413.84639
2025-10-17 17:55:11,1377.74545,1055.65091,973.73091,21.74592,100.0,1010.31751,9.0,-412.96829
2025-10-17 17:55:12,1379.60727,1057.51273,975.59273,21.72561,100.0,1010.39436,9.0,-415.2351
2025-10-17 17:55:13,1381.46909,1057.51273,977.45455,21.72561,100.0,1010.39436,9.0,-416.13518
2025-10-17 17:55:13,1379.60727,1055.65091,970.00727,21.74084,100.0,1010.44526,9.0,-411.71296
2025-10-17 17:55:14,1375.88364,1057.51273,971.86909,21.72054,100.0,1010.33217,9.0,-412.43195
2025-10-17 17:55:15,1379.60727,1059.37455,973.73091,21.72561,100.0,1010.42149,9.0,-414.34659
2025-10-17 17:55:16,1375.88364,1055.65091,971.86909,21.72054,100.0,1010.41357,9.0,-413.61125
2025-10-17 17:55:16,1377.74545,1057.51273,970.00727,21.71546,100.0,1010.45991,9.0,-412.58086
2025-10-17 17:55:17,1379.60727,1059.37455,973.73091,21.72054,100.0,1010.35931,9.0,-413.34362
2025-10-17 17:55:17,1379.60727,1061.23636,975.59273,21.72054,100.0,1010.35931,9.0,-414.77751
2025-10-17 17:55:18,1379.60727,1057.51273,973.73091,21.71546,100.0,1010.43278,9.0,-414.44804
2025-10-17 17:55:19,1379.60727,1061.23636,975.59273,21.71546,100.0,1010.40565,9.0,-415.52332
2025-10-17 17:55:19,1381.46909,1055.65091,975.59273,21.71546,100.0,1010.37852,9.0,-414.34145
2025-10-17 17:55:20,1379.60727,1059.37455,975.59273,21.71546,100.0,1010.43278,9.0,-415.93091
2025-10-17 17:55:20,1381.46909,1057.51273,975.59273,21.71038,100.0,1010.37059,9.0,-414.34518
2025-10-17 17:55:21,1379.60727,1055.65091,971.86909,21.70023,100.0,1010.35475,9.0,-411.65142
2025-10-17 17:55:22,1379.60727,1057.51273,971.86909,21.70531,100.0,1010.44406,9.0,-413.22381
2025-10-17 17:55:22,1379.60727,1055.65091,971.86909,21.70531,100.0,1010.41693,9.0,-412.65433
2025-10-17 17:55:23,1381.46909,1061.23636,977.45455,21.70531,100.0,1010.3898,9.0,-416.16628
2025-10-17 17:55:23,1379.60727,1057.51273,973.73091,21.72054,100.0,1010.38644,9.0,-413.70223
2025-10-17 17:55:24,1379.60727,1057.51273,975.59273,21.70023,100.0,1010.38188,9.0,-415.02946
2025-10-17 17:55:24,1377.74545,1057.51273,975.59273,21.69515,100.0,1010.34683,9.0,-414.96794
2025-10-17 17:55:25,1387.05455,1059.37455,977.45455,21.71038,100.0,1010.42486,9.0,-415.18983
2025-10-17 17:55:26,1381.46909,1057.51273,977.45455,21.70531,100.0,1010.33554,9.0,-415.18372
2025-10-17 17:55:26,1379.60727,1053.78909,971.86909,21.70023,100.0,1010.38188,9.0,-411.89788
2025-10-17 17:55:27,1379.60727,1053.78909,971.86909,21.70023,100.0,1010.38188,9.0,-411.89788
2025-10-17 17:55:27,1381.46909,1057.51273,975.59273,21.70023,100.0,1010.40901,9.0,-414.96244
2025-10-17 17:55:28,1379.60727,1059.37455,975.59273,21.70023,100.0,1010.38188,9.0,-415.10804
2025-10-17 17:55:28,1377.74545,1053.78909,971.86909,21.70023,100.0,1010.35475,9.0,-411.9649
2025-10-17 17:55:29,1379.60727,1055.65091,975.59273,21.69515,100.0,1010.37396,9.0,-414.76863
2025-10-17 17:55:30,1381.46909,1057.51273,973.73091,21.69515,100.0,1010.3197,9.0,-412.11808
2025-10-17 17:55:30,1379.60727,1059.37455,975.59273,21.71038,100.0,1010.34346,9.0,-414.49077
2025-10-17 17:55:31,1377.74545,1059.37455,975.59273,21.70023,100.0,1010.40901,9.0,-416.04942
2025-10-17 17:55:31,1381.46909,1055.65091,973.73091,21.69515,100.0,1010.40109,9.0,-413.29732
2025-10-17 17:55:32,1377.74545,1057.51273,973.73091,21.69515,100.0,1010.37396,9.0,-414.00083
2025-10-17 17:55:33,1377.74545,1057.51273,973.73091,21.69515,100.0,1010.42822,9.0,-414.87519
2025-10-17 17:55:33,1379.60727,1059.37455,975.59273,21.69515,100.0,1010.37396,9.0,-414.9795
2025-10-17 17:55:34,1379.60727,1055.65091,971.86909,21.70023,100.0,1010.35475,9.0,-411.65142
2025-10-17 17:55:34,1379.60727,1055.65091,971.86909,21.69007,100.0,1010.31178,9.0,-410.95718
2025-10-17 17:55:35,1381.46909,1057.51273,975.59273,21.70023,100.0,1010.35475,9.0,-414.08808
2025-10-17 17:55:36,1381.46909,1057.51273,975.59273,21.70023,100.0,1010.35475,9.0,-414.08808
2025-10-17 17:55:36,1377.74545,1055.65091,973.73091,21.70531,100.0,1010.36267,9.0,-413.68845
2025-10-17 17:55:37,1381.46909,1053.78909,971.86909,21.70531,100.0,1010.36267,9.0,-411.08505
2025-10-17 17:55:37,1383.33091,1057.51273,975.59273,21.71038,100.0,1010.39772,9.0,-414.27817
2025-10-17 17:55:38,1381.46909,1063.09818,979.31636,21.70531,100.0,1010.41693,9.0,-417.99311
2025-10-17 17:55:39,1381.46909,1059.37455,975.59273,21.70023,100.0,1010.40901,9.0,-415.04102
2025-10-17 17:55:39,1377.74545,1059.37455,971.86909,21.71038,100.0,1010.39772,9.0,-413.06078
2025-10-17 17:55:40,1379.60727,1057.51273,973.73091,21.69515,100.0,1010.34683,9.0,-413.05945
2025-10-17 17:55:41,1383.33091,1057.51273,975.59273,21.70023,100.0,1010.32762,9.0,-413.1467
2025-10-17 17:55:41,1379.60727,1055.65091,973.73091,21.69007,100.0,1010.28465,9.0,-411.92429
2025-10-17 17:55:42,1379.60727,1055.65091,975.59273,21.71038,100.0,1010.39772,9.0,-415.15428
2025-10-17 17:55:42,1379.60727,1057.51273,973.73091,21.70023,100.0,1010.38188,9.0,-413.62517
2025-10-17 17:55:43,1383.33091,1059.37455,975.59273,21.70023,100.0,1010.38188,9.0,-414.09964
2025-10-17 17:55:43,1383.33091,1057.51273,977.45455,21.70531,100.0,1010.36267,9.0,-415.11671
2025-10-17 17:55:44,1381.46909,1053.78909,975.59273,21.70531,100.0,1010.36267,9.0,-413.89361
2025-10-17 17:55:45,1381.46909,1061.23636,981.17818,21.69515,100.0,1010.34683,9.0,-418.28058
2025-10-17 17:55:45,1379.60727,1055.65091,971.86909,21.71038,100.0,1010.39772,9.0,-412.34571
2025-10-17 17:55:46,1381.46909,1057.51273,977.45455,21.71038,100.0,1010.39772,9.0,-416.18665
2025-10-17 17:55:46,1383.33091,1057.51273,977.45455,21.69515,100.0,1010.40109,9.0,-415.73398
2025-10-17 17:55:47,1381.46909,1055.65091,973.73091,21.70023,100.0,1010.40901,9.0,-413.42587
2025-10-17 17:55:48,1381.46909,1055.65091,971.86909,21.70023,100.0,1010.40901,9.0,-412.02158
2025-10-17 17:55:48,1381.46909,1055.65091,977.45455,21.70531,100.0,1010.36267,9.0,-415.48862
2025-10-17 17:55:49,1383.33091,1059.37455,979.31636,21.69007,100.0,1010.33891,9.0,-416.21397
2025-10-17 17:55:49,1379.60727,1055.65091,973.73091,21.69515,100.0,1010.37396,9.0,-413.36434
2025-10-17 17:55:50,1379.60727,1057.51273,973.73091,21.69515,100.0,1010.34683,9.0,-413.05945
2025-10-17 17:55:50,1383.33091,1057.51273,977.45455,21.67992,100.0,1010.40445,9.0,-415.78557
2025-10-17 17:55:51,1383.33091,1061.23636,979.31636,21.685,100.0,1010.38525,9.0,-416.9894
2025-10-17 17:55:52,1381.46909,1055.65091,973.73091,21.69515,100.0,1010.40109,9.0,-413.29732
2025-10-17 17:55:52,1381.46909,1055.65091,973.73091,21.69007,100.0,1010.39317,9.0,-413.16879
2025-10-17 17:55:53,1381.46909,1057.51273,973.73091,21.685,100.0,1010.38525,9.0,-413.17255
2025-10-17 17:55:54,1383.33091,1057.51273,977.45455,21.685,100.0,1010.38525,9.0,-415.47692
2025-10-17 17:55:54,1383.33091,1055.65091,977.45455,21.67484,100.0,1010.3694,9.0,-415.08761
2025-10-17 17:55:55,1381.46909,1055.65091,973.73091,21.67484,100.0,1010.31514,9.0,-411.90891
2025-10-17 17:55:55,1381.46909,1057.51273,975.59273,21.685,100.0,1010.41238,9.0,-415.01401
2025-10-17 17:55:56,1381.46909,1059.37455,975.59273,21.67484,100.0,1010.3694,9.0,-414.3984
2025-10-17 17:55:56,1383.33091,1061.23636,981.17818,21.67484,100.0,1010.31514,9.0,-417.26233
2025-10-17 17:55:57,1381.46909,1057.51273,977.45455,21.67484,100.0,1010.31514,9.0,-414.84977
2025-10-17 17:55:58,1381.46909,1057.51273,975.59273,21.66977,100.0,1010.33435,9.0,-413.75416
2025-10-17 17:55:58,1383.33091,1057.51273,975.59273,21.66977,100.0,1010.36148,9.0,-413.68712
2025-10-17 17:55:59,1383.33091,1061.23636,979.31636,21.66977,100.0,1010.30722,9.0,-415.72956
2025-10-17 17:55:59,1381.46909,1059.37455,975.59273,21.67992,100.0,1010.37732,9.0,-414.5269
2025-10-17 17:56:00,1381.46909,1057.51273,975.59273,21.685,100.0,1010.43951,9.0,-415.45118
2025-10-17 17:56:00,1381.46909,1057.51273,975.59273,21.66469,100.0,1010.32643,9.0,-413.62567
2025-10-17 17:56:01,1383.33091,1057.51273,975.59273,21.66977,100.0,1010.30722,9.0,-412.8128
2025-10-17 17:56:02,1383.33091,1061.23636,979.31636,21.67484,100.0,1010.42366,9.0,-417.6067
2025-10-17 17:56:02,1383.33091,1055.65091,973.73091,21.66469,100.0,1010.38069,9.0,-412.45921
2025-10-17 17:56:03,1381.46909,1055.65091,977.45455,21.66977,100.0,1010.41574,9.0,-416.33763
2025-10-17 17:56:03,1383.33091,1057.51273,975.59273,21.65454,100.0,1010.36484,9.0,-413.73883
2025-10-17 17:56:04,1385.19273,1059.37455,979.31636,21.66469,100.0,1010.40782,9.0,-416.8159
2025-10-17 17:56:05,1385.19273,1057.51273,977.45455,21.65961,100.0,1010.39989,9.0,-415.20455
2025-10-17 17:56:05,1381.46909,1055.65091,973.73091,21.66469,100.0,1010.38069,9.0,-412.96341
2025-10-17 17:56:06,1379.60727,1057.51273,973.73091,21.65961,100.0,1010.39989,9.0,-413.90857
2025-10-17 17:56:06,1379.60727,1059.37455,973.73091,21.66977,100.0,1010.36148,9.0,-413.36981
2025-10-17 17:56:07,1383.33091,1059.37455,979.31636,21.66469,100.0,1010.40782,9.0,-417.3201
2025-10-17 17:56:08,1381.46909,1057.51273,973.73091,21.65961,100.0,1010.37277,9.0,-412.96722
2025-10-17 17:56:08,1383.33091,1057.51273,975.59273,21.65961,100.0,1010.31851,9.0,-412.993
2025-10-17 17:56:09,1383.33091,1057.51273,975.59273,21.66977,100.0,1010.41574,9.0,-414.56144
2025-10-17 17:56:09,1385.19273,1059.37455,977.45455,21.65961,100.0,1010.34564,9.0,-414.40882
2025-10-17 17:56:10,1381.46909,1057.51273,975.59273,21.65961,100.0,1010.37277,9.0,-414.3715
2025-10-17 17:56:11,1383.33091,1059.37455,977.45455,21.65961,100.0,1010.37277,9.0,-415.35017
2025-10-17 17:56:11,1381.46909,1055.65091,975.59273,21.66469,100.0,1010.38069,9.0,-414.3677
2025-10-17 17:56:12,1385.19273,1059.37455,979.31636,21.66977,100.0,1010.41574,9.0,-416.94439
2025-10-17 17:56:12,1383.33091,1055.65091,975.59273,21.65961,100.0,1010.39989,9.0,-414.17217
2025-10-17 17:56:13,1385.19273,1057.51273,977.45455,21.66469,100.0,1010.38069,9.0,-414.89587
2025-10-17 17:56:13,1383.33091,1055.65091,975.59273,21.65961,100.0,1010.39989,9.0,-414.17217
2025-10-17 17:56:14,1383.33091,1059.37455,979.31636,21.65961,100.0,1010.42702,9.0,-417.62877
2025-10-17 17:56:15,1385.19273,1059.37455,979.31636,21.66469,100.0,1010.40782,9.0,-416.8159
2025-10-17 17:56:15,1383.33091,1055.65091,975.59273,21.66469,100.0,1010.38069,9.0,-413.8635
2025-10-17 17:56:16,1387.05455,1059.37455,981.17818,21.65961,100.0,1010.34564,9.0,-416.71319
2025-10-17 17:56:16,1381.46909,1055.65091,973.73091,21.65454,100.0,1010.39197,9.0,-413.14361
2025-10-17 17:56:17,1385.19273,1059.37455,983.04,21.66469,100.0,1010.40782,9.0,-419.62447
2025-10-17 17:56:18,1381.46909,1055.65091,973.73091,21.66977,100.0,1010.41574,9.0,-413.52906
2025-10-17 17:56:18,1383.33091,1053.78909,973.73091,21.65961,100.0,1010.31851,9.0,-411.26571
2025-10-17 17:56:19,1381.46909,1055.65091,975.59273,21.65961,100.0,1010.39989,9.0,-414.67637
2025-10-17 17:56:19,1385.19273,1057.51273,977.45455,21.65961,100.0,1010.37277,9.0,-414.76739
2025-10-17 17:56:20,1385.19273,1057.51273,977.45455,21.66977,100.0,1010.38861,9.0,-415.02436
2025-10-17 17:56:21,1383.33091,1053.78909,977.45455,21.65961,100.0,1010.37277,9.0,-414.94858
2025-10-17 17:56:21,1381.46909,1053.78909,975.59273,21.66469,100.0,1010.35356,9.0,-413.73982
2025-10-17 17:56:22,1383.33091,1055.65091,975.59273,21.65454,100.0,1010.33772,9.0,-413.1694
2025-10-17 17:56:22,1385.19273,1057.51273,983.04,21.66469,100.0,1010.35356,9.0,-418.67157
2025-10-17 17:56:23,1383.33091,1053.78909,975.59273,21.65961,100.0,1010.34564,9.0,-413.10714
2025-10-17 17:56:24,1385.19273,1055.65091,979.31636,21.65961,100.0,1010.39989,9.0,-416.47654
2025-10-17 17:56:24,1383.33091,1055.65091,975.59273,21.65454,100.0,1010.4191,9.0,-414.48085
2025-10-17 17:56:25,1385.19273,1057.51273,979.31636,21.66977,100.0,1010.38861,9.0,-416.42865
2025-10-17 17:56:25,1383.33091,1053.78909,975.59273,21.65961,100.0,1010.39989,9.0,-413.98145
2025-10-17 17:56:26,1383.33091,1053.78909,977.45455,21.66469,100.0,1010.32643,9.0,-414.20275
2025-10-17 17:56:27,1385.19273,1055.65091,977.45455,21.65961,100.0,1010.39989,9.0,-415.07226
2025-10-17 17:56:27,1379.60727,1055.65091,981.17818,21.65961,100.0,1010.34564,9.0,-418.51911
2025-10-17 17:56:28,1383.33091,1053.78909,975.59273,21.65961,100.0,1010.39989,9.0,-413.98145
2025-10-17 17:56:29,1387.05455,1055.65091,979.31636,21.65961,100.0,1010.37277,9.0,-415.53519
2025-10-17 17:56:29,1387.05455,1053.78909,977.45455,21.65961,100.0,1010.37277,9.0,-413.94018
2025-10-17 17:56:30,1383.33091,1055.65091,979.31636,21.66977,100.0,1010.41574,9.0,-417.23772
2025-10-17 17:56:30,1387.05455,1055.65091,979.31636,21.65961,100.0,1010.37277,9.0,-415.53519
2025-10-17 17:56:31,1385.19273,1053.78909,977.45455,21.66977,100.0,1010.41574,9.0,-415.13852
2025-10-17 17:56:32,1385.19273,1051.92727,975.59273,21.65961,100.0,1010.42702,9.0,-413.66402
2025-10-17 17:56:32,1385.19273,1053.78909,979.31636,21.66469,100.0,1010.35356,9.0,-415.53999
2025-10-17 17:56:33,1385.19273,1053.78909,979.31636,21.65961,100.0,1010.37277,9.0,-415.84867
2025-10-17 17:56:33,1385.19273,1050.06545,975.59273,21.66469,100.0,1010.35356,9.0,-412.17987
2025-10-17 17:56:34,1383.33091,1053.78909,979.31636,21.64946,100.0,1010.32979,9.0,-415.65879
2025-10-17 17:56:34,1385.19273,1053.78909,979.31636,21.65454,100.0,1010.39197,9.0,-416.15735
2025-10-17 17:56:35,1385.19273,1053.78909,981.17818,21.65961,100.0,1010.37277,9.0,-417.25295
2025-10-17 17:56:36,1383.33091,1051.92727,977.45455,21.66977,100.0,1010.36148,9.0,-414.51801
2025-10-17 17:56:36,1385.19273,1053.78909,977.45455,21.65961,100.0,1010.34564,9.0,-414.00723
2025-10-17 17:56:37,1383.33091,1051.92727,975.59273,21.65961,100.0,1010.37277,9.0,-413.29392
2025-10-17 17:56:38,1385.19273,1053.78909,979.31636,21.66977,100.0,1010.38861,9.0,-416.10564
2025-10-17 17:56:38,1383.33091,1050.06545,973.73091,21.66469,100.0,1010.40782,9.0,-412.1541
2025-10-17 17:56:39,1383.33091,1051.92727,975.59273,21.65454,100.0,1010.36484,9.0,-413.16544
2025-10-17 17:56:39,1383.33091,1050.06545,973.73091,21.66469,100.0,1010.35356,9.0,-411.27979
2025-10-17 17:56:40,1385.19273,1051.92727,973.73091,21.65961,100.0,1010.34564,9.0,-410.94828
2025-10-17 17:56:40,1383.33091,1053.78909,979.31636,21.66469,100.0,1010.38069,9.0,-416.48135
2025-10-17 17:56:41,1385.19273,1053.78909,979.31636,21.65961,100.0,1010.37277,9.0,-415.84867
2025-10-17 17:56:42,1383.33091,1055.65091,981.17818,21.66469,100.0,1010.38069,9.0,-418.07635
2025-10-17 17:56:42,1385.19273,1050.06545,975.59273,21.65961,100.0,1010.34564,9.0,-412.05139
2025-10-17 17:56:43,1387.05455,1053.78909,979.31636,21.66469,100.0,1010.40782,9.0,-415.91011
2025-10-17 17:56:44,1381.46909,1051.92727,973.73091,21.65961,100.0,1010.39989,9.0,-412.83098
2025-10-17 17:56:44,1381.46909,1051.92727,975.59273,21.66977,100.0,1010.38861,9.0,-414.05509
2025-10-17 17:56:45,1383.33091,1053.78909,973.73091,21.65961,100.0,1010.34564,9.0,-411.70286
2025-10-17 17:56:45,1385.19273,1055.65091,977.45455,21.66469,100.0,1010.35356,9.0,-414.32643
2025-10-17 17:56:46,1383.33091,1053.78909,981.17818,21.66977,100.0,1010.36148,9.0,-417.57696
2025-10-17 17:56:46,1383.33091,1053.78909,975.59273,21.66469,100.0,1010.32643,9.0,-412.79847
2025-10-17 17:56:47,1385.19273,1050.06545,975.59273,21.65961,100.0,1010.39989,9.0,-412.9257
2025-10-17 17:56:48,1385.19273,1055.65091,979.31636,21.65961,100.0,1010.37277,9.0,-416.03939
2025-10-17 17:56:48,1388.91636,1053.78909,981.17818,21.65961,100.0,1010.34564,9.0,-415.8074
2025-10-17 17:56:49,1383.33091,1051.92727,975.59273,21.65961,100.0,1010.34564,9.0,-412.85676
2025-10-17 17:56:50,1385.19273,1055.65091,977.45455,21.65454,100.0,1010.36484,9.0,-414.50663
2025-10-17 17:56:50,1385.19273,1051.92727,975.59273,21.65454,100.0,1010.36484,9.0,-412.66124
2025-10-17 17:56:51,1387.05455,1055.65091,981.17818,21.66469,100.0,1010.35356,9.0,-416.6308
2025-10-17 17:56:51,1385.19273,1051.92727,973.73091,21.65454,100.0,1010.33772,9.0,-410.81981
2025-10-17 17:56:52,1385.19273,1053.78909,977.45455,21.65454,100.0,1010.39197,9.0,-414.75306
2025-10-17 17:56:52,1385.19273,1050.06545,975.59273,21.65454,100.0,1010.39197,9.0,-412.79723
2025-10-17 17:56:53,1385.19273,1055.65091,979.31636,21.65961,100.0,1010.39989,9.0,-416.47654
2025-10-17 17:56:54,1383.33091,1053.78909,979.31636,21.65961,100.0,1010.34564,9.0,-415.91571
2025-10-17 17:56:54,1385.19273,1051.92727,975.59273,21.65454,100.0,1010.39197,9.0,-413.09839
2025-10-17 17:56:55,1383.33091,1050.06545,977.45455,21.64946,100.0,1010.35692,9.0,-414.1401
2025-10-17 17:56:56,1385.19273,1053.78909,977.45455,21.65961,100.0,1010.39989,9.0,-414.88154
2025-10-17 17:56:56,1387.05455,1053.78909,979.31636,21.65454,100.0,1010.4191,9.0,-416.0903
2025-10-17 17:56:57,1385.19273,1050.06545,977.45455,21.66469,100.0,1010.32643,9.0,-413.147
2025-10-17 17:56:57,1385.19273,1051.92727,975.59273,21.65454,100.0,1010.36484,9.0,-412.66124
2025-10-17 17:56:58,1387.05455,1051.92727,977.45455,21.66469,100.0,1010.35356,9.0,-413.38113
2025-10-17 17:56:58,1385.19273,1053.78909,979.31636,21.65961,100.0,1010.42702,9.0,-416.72297
2025-10-17 17:56:59,1385.19273,1053.78909,973.73091,21.66469,100.0,1010.40782,9.0,-412.20145
2025-10-17 17:57:00,1385.19273,1053.78909,977.45455,21.66977,100.0,1010.41574,9.0,-415.13852
2025-10-17 17:57:00,1385.19273,1055.65091,983.04,21.66469,100.0,1010.38069,9.0,-418.97644
2025-10-17 17:57:01,1387.05455,1053.78909,979.31636,21.65454,100.0,1010.4191,9.0,-416.0903
2025-10-17 17:57:02,1387.05455,1051.92727,979.31636,21.66977,100.0,1010.41574,9.0,-415.78822
2025-10-17 17:57:02,1385.19273,1053.78909,977.45455,21.66977,100.0,1010.44287,9.0,-415.57568
2025-10-17 17:57:03,1383.33091,1051.92727,975.59273,21.65454,100.0,1010.39197,9.0,-413.60259
2025-10-17 17:57:03,1385.19273,1053.78909,979.31636,21.65454,100.0,1010.33772,9.0,-415.28305
2025-10-17 17:57:04,1387.05455,1053.78909,981.17818,21.65961,100.0,1010.39989,9.0,-417.18591
2025-10-17 17:57:05,1383.33091,1050.06545,975.59273,21.65454,100.0,1010.33772,9.0,-412.42712
2025-10-17 17:57:05,1385.19273,1055.65091,979.31636,21.65454,100.0,1010.33772,9.0,-415.47377
2025-10-17 17:57:06,1385.19273,1055.65091,983.04,21.65961,100.0,1010.39989,9.0,-419.28511
2025-10-17 17:57:07,1385.19273,1055.65091,983.04,21.65961,100.0,1010.34564,9.0,-418.4108
2025-10-17 17:57:07,1385.19273,1053.78909,979.31636,21.66469,100.0,1010.35356,9.0,-415.53999
2025-10-17 17:57:08,1385.19273,1051.92727,975.59273,21.65454,100.0,1010.33772,9.0,-412.2241
2025-10-17 17:57:08,1385.19273,1053.78909,979.31636,21.65961,100.0,1010.39989,9.0,-416.28582
2025-10-17 17:57:09,1387.05455,1051.92727,977.45455,21.66977,100.0,1010.38861,9.0,-413.94678
2025-10-17 17:57:10,1387.05455,1055.65091,983.04,21.64946,100.0,1010.41118,9.0,-418.96112
2025-10-17 17:57:10,1387.05455,1053.78909,977.45455,21.65961,100.0,1010.45415,9.0,-415.25165
2025-10-17 17:57:11,1387.05455,1051.92727,979.31636,21.65961,100.0,1010.42702,9.0,-415.96839
2025-10-17 17:57:11,1385.19273,1051.92727,975.59273,21.66469,100.0,1010.35356,9.0,-412.48104
2025-10-17 17:57:12,1385.19273,1051.92727,977.45455,21.65961,100.0,1010.39989,9.0,-414.63115
2025-10-17 17:57:13,1387.05455,1051.92727,975.59273,21.65961,100.0,1010.42702,9.0,-413.15983
2025-10-17 17:57:13,1387.05455,1051.92727,981.17818,21.65961,100.0,1010.39989,9.0,-416.93553
2025-10-17 17:57:14,1385.19273,1050.06545,977.45455,21.65961,100.0,1010.37277,9.0,-413.89283
2025-10-17 17:57:15,1385.19273,1051.92727,977.45455,21.65961,100.0,1010.39989,9.0,-414.63115
2025-10-17 17:57:15,1385.19273,1050.06545,977.45455,21.65961,100.0,1010.42702,9.0,-414.76714
2025-10-17 17:57:16,1383.33091,1050.06545,975.59273,21.65961,100.0,1010.39989,9.0,-413.4299
2025-10-17 17:57:16,1385.19273,1050.06545,975.59273,21.65454,100.0,1010.33772,9.0,-411.92293
2025-10-17 17:57:17,1385.19273,1050.06545,979.31636,21.66977,100.0,1010.44287,9.0,-416.42841
2025-10-17 17:57:18,1387.05455,1048.20364,979.31636,21.65454,100.0,1010.33772,9.0,-413.88603
2025-10-17 17:57:18,1381.46909,1048.20364,973.73091,21.65454,100.0,1010.39197,9.0,-412.06007
2025-10-17 17:57:19,1383.33091,1048.20364,975.59273,21.65961,100.0,1010.39989,9.0,-413.08863
2025-10-17 17:57:19,1387.05455,1051.92727,981.17818,21.64946,100.0,1010.38405,9.0,-416.67858
2025-10-17 17:57:20,1388.91636,1051.92727,983.04,21.65961,100.0,1010.37277,9.0,-417.39846
2025-10-17 17:57:21,1385.19273,1050.06545,975.59273,21.65454,100.0,1010.4191,9.0,-413.23438
2025-10-17 17:57:21,1385.19273,1051.92727,977.45455,21.65961,100.0,1010.37277,9.0,-414.194
2025-10-17 17:57:22,1385.19273,1050.06545,977.45455,21.65454,100.0,1010.36484,9.0,-413.76436
2025-10-17 17:57:22,1387.05455,1053.78909,979.31636,21.65961,100.0,1010.39989,9.0,-415.78162
2025-10-17 17:57:23,1387.05455,1050.06545,977.45455,21.65454,100.0,1010.39197,9.0,-413.69731
2025-10-17 17:57:23,1385.19273,1050.06545,977.45455,21.65454,100.0,1010.36484,9.0,-413.76436
2025-10-17 17:57:24,1387.05455,1048.20364,977.45455,21.65961,100.0,1010.37277,9.0,-413.04737
2025-10-17 17:57:24,1385.19273,1051.92727,977.45455,21.65961,100.0,1010.42702,9.0,-415.06831
2025-10-17 17:57:25,1387.05455,1051.92727,979.31636,21.64946,100.0,1010.38405,9.0,-415.2743
2025-10-17 17:57:26,1385.19273,1053.78909,981.17818,21.66469,100.0,1010.38069,9.0,-417.38143
2025-10-17 17:57:26,1385.19273,1053.78909,981.17818,21.64946,100.0,1010.35692,9.0,-416.99602
2025-10-17 17:57:27,1385.19273,1050.06545,977.45455,21.65961,100.0,1010.37277,9.0,-413.89283
2025-10-17 17:57:27,1383.33091,1051.92727,977.45455,21.65961,100.0,1010.39989,9.0,-415.13535
2025-10-17 17:57:28,1387.05455,1053.78909,979.31636,21.65961,100.0,1010.39989,9.0,-415.78162
2025-10-17 17:57:29,1385.19273,1051.92727,975.59273,21.65961,100.0,1010.42702,9.0,-413.66402
2025-10-17 17:57:29,1385.19273,1050.06545,977.45455,21.65961,100.0,1010.39989,9.0,-414.32999
2025-10-17 17:57:30,1387.05455,1051.92727,977.45455,21.65454,100.0,1010.44623,9.0,-414.87278
2025-10-17 17:57:30,1387.05455,1051.92727,979.31636,21.65961,100.0,1010.42702,9.0,-415.96839
2025-10-17 17:57:31,1387.05455,1048.20364,975.59273,21.66977,100.0,1010.38861,9.0,-411.90006
2025-10-17 17:57:31,1387.05455,1050.06545,977.45455,21.66469,100.0,1010.43495,9.0,-414.39143
2025-10-17 17:57:32,1387.05455,1055.65091,981.17818,21.65961,100.0,1010.34564,9.0,-416.50232
2025-10-17 17:57:33,1387.05455,1055.65091,979.31636,21.65961,100.0,1010.37277,9.0,-415.53519
2025-10-17 17:57:33,1385.19273,1051.92727,977.45455,21.65454,100.0,1010.4191,9.0,-414.93983
2025-10-17 17:57:34,1387.05455,1051.92727,979.31636,21.65961,100.0,1010.37277,9.0,-415.09409
2025-10-17 17:57:35,1385.19273,1051.92727,977.45455,21.65961,100.0,1010.42702,9.0,-415.06831
2025-10-17 17:57:35,1387.05455,1051.92727,977.45455,21.66469,100.0,1010.38069,9.0,-413.81828
2025-10-17 17:57:36,1387.05455,1051.92727,979.31636,21.66469,100.0,1010.35356,9.0,-414.78541
2025-10-17 17:57:36,1385.19273,1051.92727,975.59273,21.65961,100.0,1010.37277,9.0,-412.78972
2025-10-17 17:57:37,1385.19273,1050.06545,977.45455,21.66469,100.0,1010.40782,9.0,-414.45847
2025-10-17 17:57:37,1385.19273,1050.06545,977.45455,21.66977,100.0,1010.36148,9.0,-413.71264
2025-10-17 17:57:38,1387.05455,1053.78909,979.31636,21.66977,100.0,1010.36148,9.0,-415.16428
2025-10-17 17:57:39,1388.91636,1053.78909,979.31636,21.66469,100.0,1010.38069,9.0,-414.96875
2025-10-17 17:57:40,1385.19273,1051.92727,977.45455,21.66977,100.0,1010.41574,9.0,-414.88813
2025-10-17 17:57:41,1388.91636,1051.92727,979.31636,21.66469,100.0,1010.38069,9.0,-414.71837
2025-10-17 17:57:41,1383.33091,1050.06545,975.59273,21.66977,100.0,1010.47,9.0,-414.5612
2025-10-17 17:57:42,1385.19273,1050.06545,977.45455,21.66977,100.0,1010.38861,9.0,-414.1498
2025-10-17 17:57:42,1385.19273,1050.06545,975.59273,21.67484,100.0,1010.39653,9.0,-412.87402
2025-10-17 17:57:43,1387.05455,1053.78909,981.17818,21.65961,100.0,1010.39989,9.0,-417.18591
2025-10-17 17:57:44,1387.05455,1051.92727,979.31636,21.685,100.0,1010.41238,9.0,-415.73659
2025-10-17 17:57:44,1383.33091,1050.06545,975.59273,21.685,100.0,1010.38525,9.0,-413.19808
2025-10-17 17:57:45,1385.19273,1051.92727,973.73091,21.685,100.0,1010.41238,9.0,-412.02794
2025-10-17 17:57:45,1388.91636,1053.78909,981.17818,21.67484,100.0,1010.39653,9.0,-416.63003
2025-10-17 17:57:46,1387.05455,1053.78909,979.31636,21.67484,100.0,1010.39653,9.0,-415.72994
2025-10-17 17:57:47,1385.19273,1050.06545,977.45455,21.66977,100.0,1010.38861,9.0,-414.1498
2025-10-17 17:57:47,1387.05455,1050.06545,977.45455,21.66977,100.0,1010.38861,9.0,-413.64561
2025-10-17 17:57:48,1387.05455,1053.78909,981.17818,21.66977,100.0,1010.38861,9.0,-417.00573
2025-10-17 17:57:48,1387.05455,1053.78909,981.17818,21.67484,100.0,1010.3694,9.0,-416.69706
2025-10-17 17:57:49,1385.19273,1050.06545,977.45455,21.67992,100.0,1010.35019,9.0,-413.53248
2025-10-17 17:57:49,1387.05455,1050.06545,977.45455,21.67484,100.0,1010.3694,9.0,-413.33694
2025-10-17 17:57:50,1385.19273,1048.20364,975.59273,21.67484,100.0,1010.42366,9.0,-412.96992
2025-10-17 17:57:51,1385.19273,1050.06545,979.31636,21.67484,100.0,1010.42366,9.0,-416.11975
2025-10-17 17:57:51,1387.05455,1050.06545,979.31636,21.66977,100.0,1010.36148,9.0,-414.61273
2025-10-17 17:57:52,1388.91636,1050.06545,981.17818,21.67484,100.0,1010.34227,9.0,-415.20415
2025-10-17 17:57:53,1387.05455,1048.20364,975.59273,21.67484,100.0,1010.42366,9.0,-412.46572
2025-10-17 17:57:53,1387.05455,1048.20364,975.59273,21.67484,100.0,1010.45079,9.0,-412.90288
2025-10-17 17:57:54,1387.05455,1051.92727,981.17818,21.67484,100.0,1010.39653,9.0,-416.88385
2025-10-17 17:57:54,1387.05455,1050.06545,979.31636,21.685,100.0,1010.38525,9.0,-414.99825
2025-10-17 17:57:55,1387.05455,1048.20364,975.59273,21.67992,100.0,1010.37732,9.0,-411.7199
2025-10-17 17:57:55,1387.05455,1048.20364,977.45455,21.66469,100.0,1010.35356,9.0,-412.73869
2025-10-17 17:57:56,1388.91636,1051.92727,981.17818,21.67484,100.0,1010.42366,9.0,-416.81681
2025-10-17 17:57:57,1387.05455,1050.06545,977.45455,21.66977,100.0,1010.36148,9.0,-413.20845
2025-10-17 17:57:57,1387.05455,1050.06545,977.45455,21.67484,100.0,1010.3694,9.0,-413.33694
2025-10-17 17:57:58,1387.05455,1048.20364,975.59273,21.66977,100.0,1010.38861,9.0,-411.90006
2025-10-17 17:57:59,1387.05455,1053.78909,981.17818,21.685,100.0,1010.43951,9.0,-417.82843
2025-10-17 17:57:59,1383.33091,1050.06545,975.59273,21.67484,100.0,1010.34227,9.0,-412.50389
2025-10-17 17:58:00,1387.05455,1050.06545,977.45455,21.69007,100.0,1010.44743,9.0,-414.59684
2025-10-17 17:58:00,1387.05455,1048.20364,977.45455,21.67484,100.0,1010.39653,9.0,-413.43284
2025-10-17 17:58:01,1383.33091,1051.92727,977.45455,21.67992,100.0,1010.40445,9.0,-415.21218
2025-10-17 17:58:02,1388.91636,1051.92727,981.17818,21.66977,100.0,1010.33435,9.0,-415.37683
2025-10-17 17:58:02,1387.05455,1050.06545,977.45455,21.685,100.0,1010.33099,9.0,-412.71962
2025-10-17 17:58:03,1387.05455,1050.06545,979.31636,21.67484,100.0,1010.39653,9.0,-415.17839
2025-10-17 17:58:03,1385.19273,1050.06545,975.59273,21.69007,100.0,1010.33891,9.0,-411.94806
2025-10-17 17:58:04,1387.05455,1051.92727,981.17818,21.66977,100.0,1010.38861,9.0,-416.75534
2025-10-17 17:58:04,1387.05455,1050.06545,977.45455,21.685,100.0,1010.35812,9.0,-413.15679
2025-10-17 17:58:05,1388.91636,1051.92727,981.17818,21.685,100.0,1010.38525,9.0,-416.19951
2025-10-17 17:58:06,1383.33091,1050.06545,975.59273,21.67484,100.0,1010.42366,9.0,-413.81538
2025-10-17 17:58:06,1388.91636,1053.78909,981.17818,21.69515,100.0,1010.37396,9.0,-416.26977
2025-10-17 17:58:07,1387.05455,1050.06545,977.45455,21.685,100.0,1010.35812,9.0,-413.15679
2025-10-17 17:58:07,1387.05455,1048.20364,977.45455,21.69007,100.0,1010.33891,9.0,-412.50688
2025-10-17 17:58:08,1385.19273,1050.06545,977.45455,21.69007,100.0,1010.44743,9.0,-415.10104
2025-10-17 17:58:08,1385.19273,1048.20364,977.45455,21.66469,100.0,1010.32643,9.0,-412.80573
2025-10-17 17:58:09,1388.91636,1053.78909,979.31636,21.685,100.0,1010.43951,9.0,-415.91995
2025-10-17 17:58:10,1387.05455,1050.06545,977.45455,21.685,100.0,1010.38525,9.0,-413.59397
2025-10-17 17:58:10,1388.91636,1053.78909,979.31636,21.67484,100.0,1010.39653,9.0,-415.22574
2025-10-17 17:58:11,1387.05455,1050.06545,979.31636,21.69007,100.0,1010.39317,9.0,-415.12678
2025-10-17 17:58:12,1388.91636,1051.92727,979.31636,21.66977,100.0,1010.41574,9.0,-415.28402
2025-10-17 17:58:12,1387.05455,1053.78909,979.31636,21.67484,100.0,1010.39653,9.0,-415.72994
2025-10-17 17:58:13,1387.05455,1050.06545,977.45455,21.66977,100.0,1010.36148,9.0,-413.20845
2025-10-17 17:58:13,1387.05455,1051.92727,977.45455,21.65961,100.0,1010.34564,9.0,-413.25265
2025-10-17 17:58:14,1388.91636,1051.92727,979.31636,21.66977,100.0,1010.44287,9.0,-415.72118
2025-10-17 17:58:14,1388.91636,1053.78909,981.17818,21.67484,100.0,1010.39653,9.0,-416.63003
2025-10-17 17:58:15,1388.91636,1051.92727,977.45455,21.67484,100.0,1010.34227,9.0,-412.69675
2025-10-17 17:58:16,1387.05455,1050.06545,977.45455,21.67484,100.0,1010.3694,9.0,-413.33694
2025-10-17 17:58:16,1387.05455,1053.78909,979.31636,21.67484,100.0,1010.39653,9.0,-415.72994
2025-10-17 17:58:17,1388.91636,1055.65091,981.17818,21.66977,100.0,1010.38861,9.0,-416.69225
2025-10-17 17:58:18,1387.05455,1051.92727,979.31636,21.67484,100.0,1010.39653,9.0,-415.47956
2025-10-17 17:58:18,1387.05455,1053.78909,979.31636,21.66977,100.0,1010.30722,9.0,-414.28996
2025-10-17 17:58:19,1387.05455,1050.06545,977.45455,21.66977,100.0,1010.38861,9.0,-413.64561
2025-10-17 17:58:19,1388.91636,1053.78909,981.17818,21.66977,100.0,1010.36148,9.0,-416.06437
2025-10-17 17:58:20,1388.91636,1053.78909,979.31636,21.67484,100.0,1010.39653,9.0,-415.22574
2025-10-17 17:58:20,1383.33091,1048.20364,975.59273,21.67992,100.0,1010.45871,9.0,-414.0398
2025-10-17 17:58:21,1387.05455,1051.92727,979.31636,21.66977,100.0,1010.41574,9.0,-415.78822
2025-10-17 17:58:22,1387.05455,1050.06545,975.59273,21.67484,100.0,1010.42366,9.0,-412.80699
2025-10-17 17:58:22,1388.91636,1053.78909,981.17818,21.66977,100.0,1010.36148,9.0,-416.06437
2025-10-17 17:58:23,1387.05455,1053.78909,979.31636,21.67484,100.0,1010.39653,9.0,-415.72994
2025-10-17 17:58:24,1387.05455,1051.92727,979.31636,21.67992,100.0,1010.43158,9.0,-416.04524
2025-10-17 17:58:24,1388.91636,1055.65091,981.17818,21.685,100.0,1010.41238,9.0,-417.07778
2025-10-17 17:58:25,1388.91636,1055.65091,983.04,21.685,100.0,1010.41238,9.0,-418.48206
2025-10-17 17:58:25,1387.05455,1050.06545,979.31636,21.66977,100.0,1010.41574,9.0,-415.48705
2025-10-17 17:58:26,1388.91636,1050.06545,977.45455,21.66977,100.0,1010.41574,9.0,-413.57857
2025-10-17 17:58:27,1385.19273,1050.06545,977.45455,21.66977,100.0,1010.38861,9.0,-414.1498
2025-10-17 17:58:27,1387.05455,1053.78909,983.04,21.67484,100.0,1010.42366,9.0,-418.97568
2025-10-17 17:58:28,1388.91636,1050.06545,977.45455,21.66977,100.0,1010.41574,9.0,-413.57857
2025-10-17 17:58:28,1387.05455,1051.92727,977.45455,21.65961,100.0,1010.37277,9.0,-413.6898
2025-10-17 17:58:29,1387.05455,1051.92727,977.45455,21.66469,100.0,1010.35356,9.0,-413.38113
2025-10-17 17:58:30,1388.91636,1055.65091,984.90182,21.685,100.0,1010.43951,9.0,-420.32352
2025-10-17 17:58:30,1388.91636,1053.78909,981.17818,21.67484,100.0,1010.3694,9.0,-416.19286
2025-10-17 17:58:31,1387.05455,1050.06545,977.45455,21.66977,100.0,1010.36148,9.0,-413.20845
2025-10-17 17:58:31,1387.05455,1051.92727,979.31636,21.66977,100.0,1010.36148,9.0,-414.9139
2025-10-17 17:58:32,1387.05455,1051.92727,979.31636,21.66977,100.0,1010.33435,9.0,-414.47674
2025-10-17 17:58:33,1388.91636,1055.65091,984.90182,21.685,100.0,1010.43951,9.0,-420.32352
2025-10-17 17:58:33,1388.91636,1051.92727,979.31636,21.66977,100.0,1010.41574,9.0,-415.28402
2025-10-17 17:58:34,1387.05455,1050.06545,979.31636,21.66977,100.0,1010.44287,9.0,-415.92421
2025-10-17 17:58:34,1388.91636,1053.78909,979.31636,21.685,100.0,1010.43951,9.0,-415.91995
2025-10-17 17:58:35,1387.05455,1055.65091,983.04,21.67992,100.0,1010.40445,9.0,-418.85774
2025-10-17 17:58:36,1387.05455,1051.92727,983.04,21.66977,100.0,1010.36148,9.0,-417.72247
2025-10-17 17:58:36,1388.91636,1055.65091,981.17818,21.66469,100.0,1010.38069,9.0,-416.56376
2025-10-17 17:58:37,1385.19273,1050.06545,977.45455,21.66977,100.0,1010.44287,9.0,-415.02413
2025-10-17 17:58:37,1390.77818,1053.78909,981.17818,21.685,100.0,1010.38525,9.0,-415.94569
2025-10-17 17:58:38,1388.91636,1051.92727,977.45455,21.66977,100.0,1010.36148,9.0,-413.00542
2025-10-17 17:58:39,1388.91636,1051.92727,979.31636,21.67484,100.0,1010.3694,9.0,-414.5382
2025-10-17 17:58:39,1388.91636,1051.92727,979.31636,21.66977,100.0,1010.38861,9.0,-414.84686
2025-10-17 17:58:40,1388.91636,1053.78909,981.17818,21.67484,100.0,1010.3694,9.0,-416.19286
2025-10-17 17:58:40,1387.05455,1051.92727,983.04,21.67992,100.0,1010.32307,9.0,-417.10514
2025-10-17 17:58:41,1385.19273,1051.92727,977.45455,21.66977,100.0,1010.38861,9.0,-414.45097
2025-10-17 17:58:42,1388.91636,1050.06545,977.45455,21.67484,100.0,1010.3694,9.0,-412.83274
2025-10-17 17:58:42,1388.91636,1053.78909,981.17818,21.66977,100.0,1010.38861,9.0,-416.50153
2025-10-17 17:58:43,1390.77818,1053.78909,984.90182,21.685,100.0,1010.35812,9.0,-418.31709
2025-10-17 17:58:43,1387.05455,1051.92727,977.45455,21.66977,100.0,1010.33435,9.0,-413.07246
2025-10-17 17:58:44,1388.91636,1051.92727,979.31636,21.685,100.0,1010.35812,9.0,-414.35805
2025-10-17 17:58:45,1390.77818,1053.78909,979.31636,21.66977,100.0,1010.41574,9.0,-415.03021
2025-10-17 17:58:45,1390.77818,1051.92727,981.17818,21.67484,100.0,1010.39653,9.0,-415.87545
2025-10-17 17:58:46,1385.19273,1048.20364,979.31636,21.66977,100.0,1010.41574,9.0,-415.64998
2025-10-17 17:58:46,1388.91636,1050.06545,979.31636,21.65961,100.0,1010.39989,9.0,-414.72587
2025-10-17 17:58:47,1387.05455,1050.06545,977.45455,21.66469,100.0,1010.38069,9.0,-413.51712
2025-10-17 17:58:48,1388.91636,1053.78909,981.17818,21.66977,100.0,1010.41574,9.0,-416.93869
2025-10-17 17:58:48,1390.77818,1053.78909,981.17818,21.66977,100.0,1010.38861,9.0,-415.99733
2025-10-17 17:58:49,1387.05455,1053.78909,981.17818,21.65961,100.0,1010.31851,9.0,-415.87445
2025-10-17 17:58:50,1388.91636,1051.92727,981.17818,21.66469,100.0,1010.43495,9.0,-416.99697
2025-10-17 17:58:50,1390.77818,1053.78909,983.04,21.66469,100.0,1010.40782,9.0,-417.71028
2025-10-17 17:58:51,1388.91636,1053.78909,981.17818,21.66469,100.0,1010.38069,9.0,-416.37304
2025-10-17 17:58:52,1390.77818,1050.06545,979.31636,21.66977,100.0,1010.38861,9.0,-414.04149
2025-10-17 17:58:53,1388.91636,1051.92727,981.17818,21.65454,100.0,1010.39197,9.0,-416.30285
2025-10-17 17:58:53,1388.91636,1053.78909,981.17818,21.65961,100.0,1010.39989,9.0,-416.68171
2025-10-17 17:58:54,1388.91636,1051.92727,977.45455,21.65961,100.0,1010.37277,9.0,-413.1856
2025-10-17 17:58:54,1388.91636,1050.06545,979.31636,21.65961,100.0,1010.34564,9.0,-413.85157
2025-10-17 17:58:55,1388.91636,1051.92727,979.31636,21.66469,100.0,1010.40782,9.0,-415.15553
2025-10-17 17:58:56,1388.91636,1057.51273,984.90182,21.65961,100.0,1010.39989,9.0,-419.81329
2025-10-17 17:58:56,1390.77818,1053.78909,979.31636,21.66977,100.0,1010.44287,9.0,-415.46737
2025-10-17 17:58:57,1388.91636,1053.78909,981.17818,21.65961,100.0,1010.37277,9.0,-416.24456
2025-10-17 17:58:57,1388.91636,1053.78909,983.04,21.66469,100.0,1010.40782,9.0,-418.21448
2025-10-17 17:58:58,1392.64,1051.92727,981.17818,21.65961,100.0,1010.42702,9.0,-415.86008
2025-10-17 17:58:58,1390.77818,1053.78909,983.04,21.66977,100.0,1010.38861,9.0,-417.40161
2025-10-17 17:58:59,1387.05455,1051.92727,977.45455,21.66977,100.0,1010.38861,9.0,-413.94678
2025-10-17 17:58:59,1388.91636,1053.78909,983.04,21.66977,100.0,1010.41574,9.0,-418.34297
2025-10-17 17:59:00,1388.91636,1055.65091,983.04,21.66977,100.0,1010.38861,9.0,-418.09653
2025-10-17 17:59:01,1387.05455,1051.92727,979.31636,21.66977,100.0,1010.38861,9.0,-415.35106
2025-10-17 17:59:01,1390.77818,1055.65091,986.76364,21.65454,100.0,1010.39197,9.0,-420.45261
2025-10-17 17:59:02,1390.77818,1051.92727,984.90182,21.66469,100.0,1010.38069,9.0,-418.42703
2025-10-17 17:59:03,1388.91636,1051.92727,979.31636,21.65961,100.0,1010.37277,9.0,-414.58989
2025-10-17 17:59:03,1388.91636,1051.92727,981.17818,21.65961,100.0,1010.42702,9.0,-416.86848
2025-10-17 17:59:04,1392.64,1053.78909,983.04,21.65961,100.0,1010.37277,9.0,-416.64044
2025-10-17 17:59:04,1388.91636,1051.92727,981.17818,21.65961,100.0,1010.37277,9.0,-415.99417
2025-10-17 17:59:05,1390.77818,1053.78909,983.04,21.66977,100.0,1010.36148,9.0,-416.96445
2025-10-17 17:59:06,1388.91636,1057.51273,984.90182,21.65961,100.0,1010.39989,9.0,-419.81329
2025-10-17 17:59:06,1390.77818,1051.92727,979.31636,21.65961,100.0,1010.34564,9.0,-413.64854
2025-10-17 17:59:07,1392.64,1053.78909,983.04,21.66469,100.0,1010.38069,9.0,-416.76893
2025-10-17 17:59:07,1390.77818,1053.78909,981.17818,21.65961,100.0,1010.42702,9.0,-416.61466
2025-10-17 17:59:08,1390.77818,1053.78909,981.17818,21.66469,100.0,1010.38069,9.0,-415.86884
2025-10-17 17:59:09,1392.64,1053.78909,983.04,21.67992,100.0,1010.37732,9.0,-416.71726
2025-10-17 17:59:09,1388.91636,1053.78909,983.04,21.66469,100.0,1010.35356,9.0,-417.34016
2025-10-17 17:59:10,1388.91636,1051.92727,979.31636,21.67484,100.0,1010.42366,9.0,-415.41253
2025-10-17 17:59:10,1392.64,1055.65091,983.04,21.66977,100.0,1010.44287,9.0,-417.96246
2025-10-17 17:59:11,1390.77818,1051.92727,981.17818,21.66469,100.0,1010.35356,9.0,-415.1813
2025-10-17 17:59:12,1390.77818,1055.65091,983.04,21.66469,100.0,1010.35356,9.0,-417.02669
2025-10-17 17:59:12,1390.77818,1051.92727,981.17818,21.66469,100.0,1010.35356,9.0,-415.1813
2025-10-17 17:59:13,1387.05455,1050.06545,977.45455,21.65454,100.0,1010.31059,9.0,-412.38586
2025-10-17 17:59:13,1388.91636,1051.92727,981.17818,21.66977,100.0,1010.36148,9.0,-415.81399
2025-10-17 17:59:14,1390.77818,1059.37455,984.90182,21.65961,100.0,1010.31851,9.0,-418.07621
2025-10-17 17:59:14,1390.77818,1057.51273,986.76364,21.65961,100.0,1010.37277,9.0,-420.27622
2025-10-17 17:59:15,1392.64,1051.92727,979.31636,21.65961,100.0,1010.39989,9.0,-414.01865
2025-10-17 17:59:16,1390.77818,1051.92727,979.31636,21.66469,100.0,1010.38069,9.0,-414.21417
2025-10-17 17:59:16,1390.77818,1050.06545,977.45455,21.65961,100.0,1010.39989,9.0,-412.81739
2025-10-17 17:59:17,1388.91636,1053.78909,983.04,21.65961,100.0,1010.39989,9.0,-418.08599
2025-10-17 17:59:17,1390.77818,1050.06545,979.31636,21.66977,100.0,1010.41574,9.0,-414.47865
2025-10-17 17:59:18,1390.77818,1051.92727,981.17818,21.66977,100.0,1010.38861,9.0,-415.74695
2025-10-17 17:59:19,1390.77818,1051.92727,979.31636,21.66469,100.0,1010.32643,9.0,-413.33986
2025-10-17 17:59:19,1390.77818,1055.65091,983.04,21.65454,100.0,1010.36484,9.0,-417.20689
2025-10-17 17:59:20,1392.64,1053.78909,981.17818,21.66469,100.0,1010.2993,9.0,-414.05317
2025-10-17 17:59:20,1394.50182,1053.78909,981.17818,21.66469,100.0,1010.40782,9.0,-415.2976
2025-10-17 17:59:21,1390.77818,1055.65091,983.04,21.65961,100.0,1010.39989,9.0,-417.77252
2025-10-17 17:59:22,1392.64,1053.78909,979.31636,21.65961,100.0,1010.42702,9.0,-414.70618
2025-10-17 17:59:22,1392.64,1053.78909,983.04,21.65454,100.0,1010.39197,9.0,-416.94912
2025-10-17 17:59:23,1392.64,1050.06545,979.31636,21.66469,100.0,1010.40782,9.0,-413.84596
2025-10-17 17:59:24,1388.91636,1051.92727,981.17818,21.66469,100.0,1010.40782,9.0,-416.55981
2025-10-17 17:59:24,1390.77818,1053.78909,979.31636,21.66469,100.0,1010.38069,9.0,-414.46455
2025-10-17 17:59:25,1390.77818,1055.65091,984.90182,21.64438,100.0,1010.37613,9.0,-418.7914
2025-10-17 17:59:25,1390.77818,1051.92727,981.17818,21.67484,100.0,1010.42366,9.0,-416.31261
2025-10-17 17:59:26,1392.64,1053.78909,979.31636,21.66977,100.0,1010.36148,9.0,-413.65169
2025-10-17 17:59:26,1392.64,1053.78909,983.04,21.65961,100.0,1010.37277,9.0,-416.64044
2025-10-17 17:59:27,1394.50182,1057.51273,984.90182,21.65961,100.0,1010.37277,9.0,-417.86354
2025-10-17 17:59:28,1392.64,1055.65091,983.04,21.66469,100.0,1010.38069,9.0,-416.95964
2025-10-17 17:59:28,1390.77818,1053.78909,981.17818,21.66977,100.0,1010.36148,9.0,-415.56017
2025-10-17 17:59:29,1390.77818,1055.65091,983.04,21.65454,100.0,1010.39197,9.0,-417.64404
2025-10-17 17:59:30,1388.91636,1051.92727,979.31636,21.64438,100.0,1010.349,9.0,-414.2045
2025-10-17 17:59:30,1392.64,1053.78909,984.90182,21.65961,100.0,1010.45415,9.0,-419.35619
2025-10-17 17:59:31,1392.64,1053.78909,984.90182,21.65961,100.0,1010.42702,9.0,-418.91904
2025-10-17 17:59:31,1390.77818,1053.78909,981.17818,21.65454,100.0,1010.36484,9.0,-415.61189
2025-10-17 17:59:32,1388.91636,1053.78909,981.17818,21.64946,100.0,1010.35692,9.0,-415.98762
2025-10-17 17:59:32,1392.64,1055.65091,984.90182,21.65454,100.0,1010.39197,9.0,-418.54413
2025-10-17 17:59:33,1390.77818,1051.92727,981.17818,21.65961,100.0,1010.37277,9.0,-415.48998
2025-10-17 17:59:34,1394.50182,1053.78909,983.04,21.65961,100.0,1010.39989,9.0,-416.5734
2025-10-17 17:59:34,1392.64,1051.92727,981.17818,21.65961,100.0,1010.34564,9.0,-414.54862
2025-10-17 17:59:35,1390.77818,1057.51273,983.04,21.64946,100.0,1010.43831,9.0,-418.52216
2025-10-17 17:59:35,1398.22545,1055.65091,981.17818,21.65961,100.0,1010.31851,9.0,-413.03998
2025-10-17 17:59:36,1390.77818,1053.78909,979.31636,21.65961,100.0,1010.37277,9.0,-414.33607
2025-10-17 17:59:36,1392.64,1053.78909,981.17818,21.64946,100.0,1010.35692,9.0,-414.97922
2025-10-17 17:59:37,1390.77818,1051.92727,981.17818,21.66469,100.0,1010.38069,9.0,-415.61846
2025-10-17 17:59:38,1390.77818,1057.51273,983.04,21.65454,100.0,1010.36484,9.0,-417.33918
2025-10-17 17:59:38,1390.77818,1053.78909,981.17818,21.65454,100.0,1010.39197,9.0,-416.04904
2025-10-17 17:59:39,1390.77818,1053.78909,979.31636,21.66469,100.0,1010.40782,9.0,-414.90171
2025-10-17 17:59:39,1392.64,1053.78909,984.90182,21.65454,100.0,1010.36484,9.0,-417.91626
2025-10-17 17:59:40,1394.50182,1057.51273,984.90182,21.65454,100.0,1010.4191,9.0,-418.60937
2025-10-17 17:59:41,1392.64,1053.78909,984.90182,21.64946,100.0,1010.35692,9.0,-417.78779
2025-10-17 17:59:41,1392.64,1053.78909,983.04,21.65454,100.0,1010.39197,9.0,-416.94912
2025-10-17 17:59:42,1390.77818,1051.92727,983.04,21.65454,100.0,1010.33772,9.0,-416.32864
2025-10-17 17:59:42,1390.77818,1053.78909,979.31636,21.64438,100.0,1010.349,9.0,-413.95069
2025-10-17 17:59:43,1394.50182,1053.78909,984.90182,21.65454,100.0,1010.39197,9.0,-417.84921
2025-10-17 17:59:44,1392.64,1051.92727,983.04,21.64438,100.0,1010.349,9.0,-416.00467
2025-10-17 17:59:44,1392.64,1051.92727,983.04,21.66469,100.0,1010.40782,9.0,-416.9557
2025-10-17 17:59:45,1392.64,1053.78909,984.90182,21.64946,100.0,1010.43831,9.0,-419.09923
2025-10-17 17:59:45,1392.64,1053.78909,981.17818,21.65961,100.0,1010.37277,9.0,-415.23616
2025-10-17 17:59:46,1390.77818,1051.92727,983.04,21.65961,100.0,1010.39989,9.0,-417.33141
2025-10-17 17:59:47,1390.77818,1055.65091,984.90182,21.65454,100.0,1010.36484,9.0,-418.61117
2025-10-17 17:59:47,1392.64,1051.92727,983.04,21.65454,100.0,1010.36484,9.0,-416.26159
2025-10-17 17:59:48,1394.50182,1057.51273,984.90182,21.64946,100.0,1010.32979,9.0,-417.16946
2025-10-17 17:59:49,1394.50182,1053.78909,983.04,21.66469,100.0,1010.38069,9.0,-416.26473
2025-10-17 17:59:49,1390.77818,1053.78909,983.04,21.64946,100.0,1010.35692,9.0,-416.88771
2025-10-17 17:59:50,1390.77818,1051.92727,981.17818,21.65454,100.0,1010.36484,9.0,-415.3615
2025-10-17 17:59:50,1392.64,1055.65091,986.76364,21.65454,100.0,1010.4191,9.0,-420.38556
2025-10-17 17:59:51,1392.64,1051.92727,981.17818,21.64946,100.0,1010.41118,9.0,-415.60314
2025-10-17 17:59:51,1392.64,1053.78909,983.04,21.65454,100.0,1010.33772,9.0,-416.07482
2025-10-17 17:59:52,1394.50182,1055.65091,983.04,21.66469,100.0,1010.40782,9.0,-416.8926
2025-10-17 17:59:53,1394.50182,1053.78909,984.90182,21.65454,100.0,1010.33772,9.0,-416.97491
2025-10-17 17:59:53,1392.64,1051.92727,983.04,21.65961,100.0,1010.45415,9.0,-417.70152
2025-10-17 17:59:54,1392.64,1051.92727,979.31636,21.65961,100.0,1010.37277,9.0,-413.58149
2025-10-17 17:59:54,1394.50182,1053.78909,983.04,21.65961,100.0,1010.42702,9.0,-417.01055
2025-10-17 17:59:55,1390.77818,1051.92727,981.17818,21.65961,100.0,1010.39989,9.0,-415.92713
2025-10-17 17:59:56,1392.64,1053.78909,984.90182,21.65961,100.0,1010.42702,9.0,-418.91904
2025-10-17 17:59:56,1392.64,1051.92727,981.17818,21.65961,100.0,1010.37277,9.0,-414.98578
2025-10-17 17:59:57,1392.64,1051.92727,984.90182,21.65961,100.0,1010.29138,9.0,-416.48289
2025-10-17 17:59:58,1392.64,1051.92727,983.04,21.65961,100.0,1010.42702,9.0,-417.26437
2025-10-17 17:59:58,1394.50182,1055.65091,986.76364,21.65961,100.0,1010.45415,9.0,-420.447
2025-10-17 17:59:59,1394.50182,1053.78909,986.76364,21.65454,100.0,1010.39197,9.0,-419.25349
2025-10-17 17:59:59,1392.64,1053.78909,984.90182,21.65454,100.0,1010.36484,9.0,-417.91626
2025-10-17 18:00:00,1392.64,1050.06545,981.17818,21.65961,100.0,1010.34564,9.0,-414.24745
2025-10-17 18:00:01,1394.50182,1053.78909,984.90182,21.65454,100.0,1010.33772,9.0,-416.97491
2025-10-17 18:00:01,1392.64,1053.78909,984.90182,21.65961,100.0,1010.39989,9.0,-418.48188
2025-10-17 18:00:02,1392.64,1053.78909,983.04,21.65961,100.0,1010.39989,9.0,-417.0776
2025-10-17 18:00:02,1390.77818,1051.92727,983.04,21.66469,100.0,1010.32643,9.0,-416.14843
2025-10-17 18:00:03,1392.64,1051.92727,981.17818,21.65454,100.0,1010.4191,9.0,-415.73161
2025-10-17 18:00:04,1394.50182,1053.78909,986.76364,21.65454,100.0,1010.28346,9.0,-417.50489
2025-10-17 18:00:05,1394.50182,1051.92727,983.04,21.65454,100.0,1010.36484,9.0,-415.75739
2025-10-17 18:00:05,1390.77818,1053.78909,983.04,21.65454,100.0,1010.31059,9.0,-416.14187
2025-10-17 18:00:06,1394.50182,1051.92727,983.04,21.64946,100.0,1010.32979,9.0,-415.19178
2025-10-17 18:00:07,1394.50182,1053.78909,984.90182,21.64946,100.0,1010.35692,9.0,-417.2836
2025-10-17 18:00:07,1394.50182,1051.92727,983.04,21.64946,100.0,1010.32979,9.0,-415.19178
2025-10-17 18:00:08,1390.77818,1053.78909,986.76364,21.65961,100.0,1010.37277,9.0,-419.95321
2025-10-17 18:00:08,1392.64,1055.65091,986.76364,21.64946,100.0,1010.38405,9.0,-419.81994
2025-10-17 18:00:09,1394.50182,1053.78909,984.90182,21.64946,100.0,1010.41118,9.0,-418.15789
2025-10-17 18:00:10,1396.36364,1055.65091,984.90182,21.64946,100.0,1010.30267,9.0,-416.09583
2025-10-17 18:00:10,1394.50182,1051.92727,983.04,21.64946,100.0,1010.32979,9.0,-415.19178
2025-10-17 18:00:11,1390.77818,1051.92727,981.17818,21.65961,100.0,1010.37277,9.0,-415.48998
2025-10-17 18:00:11,1392.64,1057.51273,986.76364,21.65961,100.0,1010.34564,9.0,-419.33487
2025-10-17 18:00:12,1394.50182,1053.78909,984.90182,21.66977,100.0,1010.44287,9.0,-418.67182
2025-10-17 18:00:13,1396.36364,1053.78909,984.90182,21.65454,100.0,1010.39197,9.0,-417.34501
2025-10-17 18:00:13,1392.64,1051.92727,981.17818,21.65454,100.0,1010.39197,9.0,-415.29446
2025-10-17 18:00:14,1394.50182,1055.65091,986.76364,21.65454,100.0,1010.33772,9.0,-418.56991
2025-10-17 18:00:14,1396.36364,1053.78909,984.90182,21.65454,100.0,1010.36484,9.0,-416.90786
2025-10-17 18:00:15,1392.64,1051.92727,983.04,21.65961,100.0,1010.37277,9.0,-416.39006
2025-10-17 18:00:16,1394.50182,1050.06545,983.04,21.65454,100.0,1010.39197,9.0,-415.89337
2025-10-17 18:00:16,1394.50182,1053.78909,981.17818,21.65454,100.0,1010.33772,9.0,-414.16634
2025-10-17 18:00:17,1394.50182,1055.65091,986.76364,21.65454,100.0,1010.36484,9.0,-419.00706
2025-10-17 18:00:17,1394.50182,1050.06545,983.04,21.64438,100.0,1010.37613,9.0,-415.63645
2025-10-17 18:00:18,1394.50182,1053.78909,984.90182,21.65961,100.0,1010.39989,9.0,-417.97768
2025-10-17 18:00:19,1392.64,1055.65091,986.76364,21.65961,100.0,1010.39989,9.0,-420.07689
2025-10-17 18:00:19,1392.64,1051.92727,983.04,21.64946,100.0,1010.38405,9.0,-416.57027
2025-10-17 18:00:20,1392.64,1051.92727,983.04,21.64946,100.0,1010.41118,9.0,-417.00742
2025-10-17 18:00:21,1394.50182,1051.92727,983.04,21.64438,100.0,1010.40326,9.0,-416.37476
2025-10-17 18:00:21,1394.50182,1050.06545,983.04,21.64946,100.0,1010.38405,9.0,-415.76491
2025-10-17 18:00:22,1392.64,1055.65091,984.90182,21.65454,100.0,1010.36484,9.0,-418.10698
2025-10-17 18:00:22,1392.64,1051.92727,979.31636,21.65454,100.0,1010.33772,9.0,-413.01587
2025-10-17 18:00:23,1394.50182,1050.06545,983.04,21.64946,100.0,1010.38405,9.0,-415.76491
2025-10-17 18:00:23,1394.50182,1050.06545,981.17818,21.64946,100.0,1010.38405,9.0,-414.36062
2025-10-17 18:00:24,1396.36364,1057.51273,988.62545,21.66469,100.0,1010.40782,9.0,-420.73355
2025-10-17 18:00:25,1394.50182,1053.78909,986.76364,21.65961,100.0,1010.37277,9.0,-418.94481
2025-10-17 18:00:25,1394.50182,1051.92727,983.04,21.64946,100.0,1010.41118,9.0,-416.50322
2025-10-17 18:00:26,1394.50182,1051.92727,981.17818,21.64438,100.0,1010.37613,9.0,-414.53333
2025-10-17 18:00:26,1394.50182,1053.78909,984.90182,21.65961,100.0,1010.34564,9.0,-417.10338
2025-10-17 18:00:27,1394.50182,1053.78909,984.90182,21.65961,100.0,1010.39989,9.0,-417.97768
2025-10-17 18:00:28,1392.64,1051.92727,983.04,21.64946,100.0,1010.38405,9.0,-416.57027
2025-10-17 18:00:28,1394.50182,1055.65091,984.90182,21.64946,100.0,1010.38405,9.0,-417.91146
2025-10-17 18:00:29,1394.50182,1051.92727,983.04,21.65454,100.0,1010.36484,9.0,-415.75739
2025-10-17 18:00:29,1394.50182,1051.92727,984.90182,21.65454,100.0,1010.33772,9.0,-416.72453
2025-10-17 18:00:30,1396.36364,1051.92727,986.76364,21.63931,100.0,1010.39533,9.0,-418.55068
2025-10-17 18:00:30,1394.50182,1051.92727,981.17818,21.64946,100.0,1010.38405,9.0,-414.66179
2025-10-17 18:00:31,1394.50182,1050.06545,981.17818,21.64946,100.0,1010.38405,9.0,-414.36062
2025-10-17 18:00:32,1394.50182,1051.92727,983.04,21.65454,100.0,1010.33772,9.0,-415.32024
2025-10-17 18:00:32,1396.36364,1055.65091,988.62545,21.64946,100.0,1010.41118,9.0,-420.65298
2025-10-17 18:00:33,1394.50182,1051.92727,983.04,21.64946,100.0,1010.35692,9.0,-415.62893
2025-10-17 18:00:33,1394.50182,1051.92727,983.04,21.65454,100.0,1010.39197,9.0,-416.19454
2025-10-17 18:00:34,1394.50182,1051.92727,981.17818,21.63931,100.0,1010.36821,9.0,-414.40489
2025-10-17 18:00:35,1396.36364,1053.78909,984.90182,21.63931,100.0,1010.36821,9.0,-416.95964
2025-10-17 18:00:35,1396.36364,1050.06545,981.17818,21.64946,100.0,1010.35692,9.0,-413.41928
2025-10-17 18:00:36,1396.36364,1053.78909,984.90182,21.64946,100.0,1010.32979,9.0,-416.34225
2025-10-17 18:00:36,1392.64,1053.78909,981.17818,21.65961,100.0,1010.37277,9.0,-415.23616
2025-10-17 18:00:37,1398.22545,1055.65091,986.76364,21.64946,100.0,1010.32979,9.0,-417.43306
2025-10-17 18:00:38,1396.36364,1051.92727,986.76364,21.64438,100.0,1010.37613,9.0,-418.24199
2025-10-17 18:00:38,1392.64,1051.92727,983.04,21.64946,100.0,1010.32979,9.0,-415.69598
2025-10-17 18:00:39,1394.50182,1051.92727,981.17818,21.64946,100.0,1010.32979,9.0,-413.7875
2025-10-17 18:00:39,1394.50182,1053.78909,986.76364,21.64946,100.0,1010.32979,9.0,-418.25073
2025-10-17 18:00:40,1396.36364,1053.78909,984.90182,21.64946,100.0,1010.32979,9.0,-416.34225
2025-10-17 18:00:40,1394.50182,1053.78909,983.04,21.65961,100.0,1010.37277,9.0,-416.13625
2025-10-17 18:00:41,1394.50182,1050.06545,981.17818,21.65454,100.0,1010.36484,9.0,-414.05194
2025-10-17 18:00:41,1394.50182,1050.06545,981.17818,21.64946,100.0,1010.35692,9.0,-413.92348
2025-10-17 18:00:42,1392.64,1057.51273,988.62545,21.65961,100.0,1010.37277,9.0,-421.17631
2025-10-17 18:00:43,1396.36364,1053.78909,984.90182,21.64438,100.0,1010.37613,9.0,-417.08809
2025-10-17 18:00:43,1396.36364,1053.78909,983.04,21.65961,100.0,1010.37277,9.0,-415.63205
2025-10-17 18:00:44,1394.50182,1053.78909,983.04,21.64946,100.0,1010.38405,9.0,-416.31646
2025-10-17 18:00:45,1396.36364,1055.65091,986.76364,21.63931,100.0,1010.39533,9.0,-418.99178
2025-10-17 18:00:45,1396.36364,1055.65091,984.90182,21.63931,100.0,1010.34108,9.0,-416.71322
2025-10-17 18:00:46,1394.50182,1053.78909,983.04,21.63931,100.0,1010.34108,9.0,-415.62241
2025-10-17 18:00:46,1394.50182,1051.92727,983.04,21.65454,100.0,1010.39197,9.0,-416.19454
2025-10-17 18:00:47,1394.50182,1051.92727,983.04,21.64946,100.0,1010.41118,9.0,-416.50322
2025-10-17 18:00:48,1396.36364,1055.65091,986.76364,21.65454,100.0,1010.33772,9.0,-418.06571
2025-10-17 18:00:48,1396.36364,1053.78909,984.90182,21.63931,100.0,1010.34108,9.0,-416.5225
2025-10-17 18:00:49,1396.36364,1051.92727,981.17818,21.64946,100.0,1010.38405,9.0,-414.15759
2025-10-17 18:00:49,1392.64,1053.78909,983.04,21.64946,100.0,1010.38405,9.0,-416.82066
2025-10-17 18:00:50,1396.36364,1057.51273,988.62545,21.64946,100.0,1010.38405,9.0,-420.34812
2025-10-17 18:00:51,1394.50182,1053.78909,986.76364,21.65454,100.0,1010.33772,9.0,-418.37919
2025-10-17 18:00:51,1396.36364,1053.78909,981.17818,21.64946,100.0,1010.32979,9.0,-413.53368
2025-10-17 18:00:52,1394.50182,1053.78909,983.04,21.64438,100.0,1010.32187,9.0,-415.31372
2025-10-17 18:00:52,1396.36364,1055.65091,986.76364,21.64946,100.0,1010.41118,9.0,-419.24869
2025-10-17 18:00:53,1396.36364,1053.78909,986.76364,21.65961,100.0,1010.45415,9.0,-419.75208
2025-10-17 18:00:54,1396.36364,1051.92727,983.04,21.65961,100.0,1010.34564,9.0,-414.94451
2025-10-17 18:00:54,1392.64,1053.78909,983.04,21.64438,100.0,1010.349,9.0,-416.25506
2025-10-17 18:00:55,1396.36364,1051.92727,984.90182,21.65454,100.0,1010.33772,9.0,-416.22033
2025-10-17 18:00:55,1398.22545,1053.78909,986.76364,21.64438,100.0,1010.40326,9.0,-418.42532
2025-10-17 18:00:56,1398.22545,1053.78909,986.76364,21.65454,100.0,1010.36484,9.0,-417.80795
2025-10-17 18:00:57,1396.36364,1053.78909,988.62545,21.63931,100.0,1010.31395,9.0,-418.89393
2025-10-17 18:00:57,1396.36364,1050.06545,984.90182,21.64438,100.0,1010.349,9.0,-416.09939
2025-10-17 18:00:58,1396.36364,1055.65091,988.62545,21.65454,100.0,1010.33772,9.0,-419.47
2025-10-17 18:00:58,1398.22545,1051.92727,988.62545,21.66469,100.0,1010.43495,9.0,-420.09312
2025-10-17 18:00:59,1396.36364,1051.92727,983.04,21.64946,100.0,1010.35692,9.0,-415.12473
2025-10-17 18:01:00,1396.36364,1050.06545,983.04,21.64946,100.0,1010.38405,9.0,-415.26071
2025-10-17 18:01:00,1398.22545,1055.65091,988.62545,21.64438,100.0,1010.40326,9.0,-420.02032
2025-10-17 18:01:01,1398.22545,1051.92727,986.76364,21.64946,100.0,1010.41118,9.0,-418.30339
2025-10-17 18:01:01,1394.50182,1051.92727,983.04,21.64946,100.0,1010.38405,9.0,-416.06608
2025-10-17 18:01:02,1396.36364,1053.78909,986.76364,21.65961,100.0,1010.34564,9.0,-418.00346
2025-10-17 18:01:03,1396.36364,1055.65091,988.62545,21.65454,100.0,1010.39197,9.0,-420.3443
2025-10-17 18:01:03,1398.22545,1053.78909,988.62545,21.65454,100.0,1010.36484,9.0,-419.21223
2025-10-17 18:01:04,1396.36364,1050.06545,983.04,21.64946,100.0,1010.41118,9.0,-415.69785
2025-10-17 18:01:04,1396.36364,1051.92727,988.62545,21.64946,100.0,1010.41118,9.0,-420.21188
2025-10-17 18:01:05,1396.36364,1050.06545,984.90182,21.65454,100.0,1010.39197,9.0,-416.79346
2025-10-17 18:01:06,1398.22545,1053.78909,988.62545,21.65961,100.0,1010.37277,9.0,-419.3407
2025-10-17 18:01:06,1398.22545,1050.06545,984.90182,21.65961,100.0,1010.39989,9.0,-416.41774
2025-10-17 18:01:07,1398.22545,1051.92727,986.76364,21.64946,100.0,1010.30267,9.0,-416.55481
2025-10-17 18:01:07,1394.50182,1050.06545,984.90182,21.64946,100.0,1010.38405,9.0,-417.16919
2025-10-17 18:01:08,1394.50182,1053.78909,986.76364,21.65454,100.0,1010.31059,9.0,-417.94204
2025-10-17 18:01:09,1396.36364,1051.92727,984.90182,21.64946,100.0,1010.35692,9.0,-416.52902
2025-10-17 18:01:09,1394.50182,1051.92727,983.04,21.64438,100.0,1010.37613,9.0,-415.93762
2025-10-17 18:01:10,1396.36364,1053.78909,984.90182,21.65454,100.0,1010.4191,9.0,-417.78216
2025-10-17 18:01:11,1398.22545,1051.92727,984.90182,21.64438,100.0,1010.29474,9.0,-415.02208
2025-10-17 18:01:11,1398.22545,1051.92727,988.62545,21.64946,100.0,1010.32979,9.0,-418.39624
2025-10-17 18:01:12,1396.36364,1051.92727,984.90182,21.64438,100.0,1010.349,9.0,-416.40056
2025-10-17 18:01:12,1396.36364,1051.92727,984.90182,21.65961,100.0,1010.37277,9.0,-416.78595
2025-10-17 18:01:13,1396.36364,1051.92727,984.90182,21.64946,100.0,1010.38405,9.0,-416.96616
2025-10-17 18:01:13,1398.22545,1055.65091,988.62545,21.64946,100.0,1010.38405,9.0,-419.71163
2025-10-17 18:01:14,1396.36364,1051.92727,984.90182,21.64946,100.0,1010.38405,9.0,-416.96616
2025-10-17 18:01:15,1396.36364,1051.92727,984.90182,21.65454,100.0,1010.36484,9.0,-416.65748
2025-10-17 18:01:15,1396.36364,1055.65091,988.62545,21.64946,100.0,1010.38405,9.0,-420.21583
2025-10-17 18:01:17,1396.36364,1051.92727,983.04,21.65454,100.0,1010.39197,9.0,-415.69034
2025-10-17 18:01:17,1398.22545,1053.78909,986.76364,21.64438,100.0,1010.349,9.0,-417.55103
2025-10-17 18:01:18,1398.22545,1050.06545,984.90182,21.65454,100.0,1010.36484,9.0,-415.85211
2025-10-17 18:01:18,1396.36364,1055.65091,988.62545,21.65961,100.0,1010.37277,9.0,-420.03562
2025-10-17 18:01:19,1398.22545,1053.78909,988.62545,21.66469,100.0,1010.40782,9.0,-419.90634
2025-10-17 18:01:20,1396.36364,1053.78909,986.76364,21.65454,100.0,1010.39197,9.0,-418.74929
2025-10-17 18:01:20,1394.50182,1055.65091,984.90182,21.64946,100.0,1010.38405,9.0,-417.91146
2025-10-17 18:01:21,1396.36364,1055.65091,984.90182,21.64946,100.0,1010.38405,9.0,-417.40726
2025-10-17 18:01:21,1398.22545,1055.65091,992.34909,21.65454,100.0,1010.36484,9.0,-422.21152
2025-10-17 18:01:22,1396.36364,1051.92727,984.90182,21.64946,100.0,1010.32979,9.0,-416.09187
2025-10-17 18:01:23,1398.22545,1055.65091,988.62545,21.65961,100.0,1010.34564,9.0,-419.09427
2025-10-17 18:01:23,1398.22545,1057.51273,988.62545,21.65454,100.0,1010.4191,9.0,-420.40954
2025-10-17 18:01:24,1398.22545,1055.65091,990.48727,21.65454,100.0,1010.36484,9.0,-420.80723
2025-10-17 18:01:25,1396.36364,1051.92727,984.90182,21.66469,100.0,1010.40782,9.0,-417.35159
2025-10-17 18:01:25,1398.22545,1053.78909,984.90182,21.64946,100.0,1010.38405,9.0,-416.71235
2025-10-17 18:01:26,1398.22545,1053.78909,984.90182,21.64946,100.0,1010.35692,9.0,-416.2752
2025-10-17 18:01:26,1398.22545,1055.65091,986.76364,21.64438,100.0,1010.32187,9.0,-417.30461
2025-10-17 18:01:27,1396.36364,1051.92727,983.04,21.63931,100.0,1010.39533,9.0,-415.74211
2025-10-17 18:01:27,1396.36364,1053.78909,983.04,21.64438,100.0,1010.40326,9.0,-416.12095
2025-10-17 18:01:28,1398.22545,1053.78909,986.76364,21.64946,100.0,1010.43831,9.0,-418.99092
2025-10-17 18:01:29,1400.08727,1055.65091,988.62545,21.64946,100.0,1010.38405,9.0,-419.20744
2025-10-17 18:01:30,1394.50182,1051.92727,984.90182,21.63931,100.0,1010.34108,9.0,-416.77632
2025-10-17 18:01:30,1400.08727,1053.78909,986.76364,21.64946,100.0,1010.35692,9.0,-417.17528
2025-10-17 18:01:31,1396.36364,1051.92727,984.90182,21.64438,100.0,1010.40326,9.0,-417.27485
2025-10-17 18:01:31,1396.36364,1055.65091,988.62545,21.65961,100.0,1010.39989,9.0,-420.47277
2025-10-17 18:01:32,1398.22545,1053.78909,988.62545,21.64946,100.0,1010.35692,9.0,-419.08377
2025-10-17 18:01:32,1398.22545,1055.65091,986.76364,21.64946,100.0,1010.41118,9.0,-418.7445
2025-10-17 18:01:33,1398.22545,1053.78909,986.76364,21.63931,100.0,1010.34108,9.0,-417.42259
2025-10-17 18:01:34,1400.08727,1053.78909,983.04,21.65454,100.0,1010.39197,9.0,-414.93233
2025-10-17 18:01:34,1398.22545,1055.65091,990.48727,21.65454,100.0,1010.33772,9.0,-420.37008
2025-10-17 18:01:35,1398.22545,1053.78909,986.76364,21.64438,100.0,1010.37613,9.0,-417.98817
2025-10-17 18:01:35,1398.22545,1055.65091,990.48727,21.64946,100.0,1010.35692,9.0,-420.67877
2025-10-17 18:01:36,1396.36364,1053.78909,984.90182,21.64946,100.0,1010.32979,9.0,-416.34225
2025-10-17 18:01:37,1400.08727,1055.65091,986.76364,21.64946,100.0,1010.38405,9.0,-417.80315
2025-10-17 18:01:37,1398.22545,1051.92727,984.90182,21.64946,100.0,1010.38405,9.0,-416.46196
2025-10-17 18:01:38,1398.22545,1053.78909,986.76364,21.64438,100.0,1010.37613,9.0,-417.98817
2025-10-17 18:01:38,1398.22545,1053.78909,986.76364,21.64438,100.0,1010.349,9.0,-417.55103
2025-10-17 18:01:39,1398.22545,1053.78909,986.76364,21.64438,100.0,1010.37613,9.0,-417.98817
2025-10-17 18:01:39,1400.08727,1053.78909,988.62545,21.64946,100.0,1010.43831,9.0,-419.89101
2025-10-17 18:01:40,1398.22545,1053.78909,986.76364,21.64438,100.0,1010.349,9.0,-417.55103
2025-10-17 18:01:40,1400.08727,1055.65091,988.62545,21.65454,100.0,1010.4191,9.0,-419.77305
2025-10-17 18:01:41,1400.08727,1055.65091,988.62545,21.64946,100.0,1010.38405,9.0,-419.20744
2025-10-17 18:01:42,1398.22545,1057.51273,990.48727,21.63931,100.0,1010.36821,9.0,-420.9913
2025-10-17 18:01:42,1398.22545,1055.65091,986.76364,21.63931,100.0,1010.36821,9.0,-418.05045
2025-10-17 18:01:43,1400.08727,1053.78909,988.62545,21.63931,100.0,1010.39533,9.0,-419.19695
2025-10-17 18:01:44,1400.08727,1051.92727,986.76364,21.64946,100.0,1010.38405,9.0,-417.36205
2025-10-17 18:01:44,1400.08727,1055.65091,988.62545,21.64438,100.0,1010.37613,9.0,-419.07898
2025-10-17 18:01:45,1400.08727,1053.78909,988.62545,21.63931,100.0,1010.34108,9.0,-418.32267
2025-10-17 18:01:45,1398.22545,1053.78909,986.76364,21.65454,100.0,1010.4191,9.0,-418.68225
2025-10-17 18:01:46,1398.22545,1055.65091,990.48727,21.65454,100.0,1010.4191,9.0,-421.68153
2025-10-17 18:01:47,1400.08727,1057.51273,988.62545,21.64946,100.0,1010.38405,9.0,-419.33972
2025-10-17 18:01:47,1400.08727,1057.51273,990.48727,21.64946,100.0,1010.30267,9.0,-419.43257
2025-10-17 18:01:48,1398.22545,1051.92727,984.90182,21.64946,100.0,1010.38405,9.0,-416.46196
2025-10-17 18:01:49,1400.08727,1051.92727,984.90182,21.64438,100.0,1010.43038,9.0,-416.70359
2025-10-17 18:01:49,1398.22545,1053.78909,984.90182,21.65454,100.0,1010.39197,9.0,-416.84081
2025-10-17 18:01:50,1398.22545,1055.65091,988.62545,21.64946,100.0,1010.38405,9.0,-419.71163
2025-10-17 18:01:50,1398.22545,1053.78909,986.76364,21.64946,100.0,1010.38405,9.0,-418.11663
2025-10-17 18:01:51,1400.08727,1053.78909,986.76364,21.65961,100.0,1010.42702,9.0,-418.30653
2025-10-17 18:01:51,1400.08727,1051.92727,986.76364,21.64946,100.0,1010.41118,9.0,-417.7992
2025-10-17 18:01:52,1400.08727,1055.65091,988.62545,21.65454,100.0,1010.36484,9.0,-418.89875
2025-10-17 18:01:53,1398.22545,1057.51273,990.48727,21.65454,100.0,1010.44623,9.0,-422.25097
2025-10-17 18:01:53,1396.36364,1053.78909,984.90182,21.64438,100.0,1010.37613,9.0,-417.08809
2025-10-17 18:01:54,1400.08727,1057.51273,990.48727,21.65454,100.0,1010.4191,9.0,-421.30963
2025-10-17 18:01:54,1400.08727,1053.78909,988.62545,21.64946,100.0,1010.41118,9.0,-419.45386
2025-10-17 18:01:55,1401.94909,1053.78909,988.62545,21.64946,100.0,1010.41118,9.0,-418.94966
2025-10-17 18:01:56,1398.22545,1055.65091,986.76364,21.63423,100.0,1010.33316,9.0,-417.48487
2025-10-17 18:01:56,1398.22545,1053.78909,986.76364,21.65454,100.0,1010.39197,9.0,-418.2451
2025-10-17 18:01:57,1400.08727,1053.78909,984.90182,21.64438,100.0,1010.43038,9.0,-416.95398
2025-10-17 18:01:57,1400.08727,1055.65091,990.48727,21.64438,100.0,1010.43038,9.0,-421.35755
2025-10-17 18:01:58,1400.08727,1051.92727,986.76364,21.63423,100.0,1010.38741,9.0,-417.41384
2025-10-17 18:01:59,1398.22545,1053.78909,986.76364,21.64438,100.0,1010.37613,9.0,-417.98817
2025-10-17 18:01:59,1398.22545,1053.78909,986.76364,21.63931,100.0,1010.31395,9.0,-416.98545
2025-10-17 18:02:00,1401.94909,1055.65091,990.48727,21.64438,100.0,1010.37613,9.0,-419.97907
2025-10-17 18:02:00,1401.94909,1055.65091,990.48727,21.63931,100.0,1010.36821,9.0,-419.85062
2025-10-17 18:02:01,1400.08727,1051.92727,986.76364,21.63931,100.0,1010.36821,9.0,-417.10515
2025-10-17 18:02:02,1400.08727,1053.78909,988.62545,21.63931,100.0,1010.42246,9.0,-419.63409
2025-10-17 18:02:02,1400.08727,1055.65091,988.62545,21.63931,100.0,1010.39533,9.0,-419.38767
2025-10-17 18:02:03,1400.08727,1057.51273,992.34909,21.63931,100.0,1010.36821,9.0,-421.89139
2025-10-17 18:02:03,1400.08727,1053.78909,986.76364,21.64438,100.0,1010.45751,9.0,-418.7954
2025-10-17 18:02:04,1400.08727,1053.78909,984.90182,21.64438,100.0,1010.349,9.0,-415.64255
2025-10-17 18:02:05,1398.22545,1053.78909,986.76364,21.63423,100.0,1010.41454,9.0,-418.60556
2025-10-17 18:02:05,1401.94909,1055.65091,990.48727,21.63931,100.0,1010.42246,9.0,-420.7249
2025-10-17 18:02:06,1400.08727,1053.78909,986.76364,21.63931,100.0,1010.36821,9.0,-417.35553
2025-10-17 18:02:06,1401.94909,1057.51273,990.48727,21.64946,100.0,1010.30267,9.0,-418.92837
2025-10-17 18:02:07,1401.94909,1053.78909,990.48727,21.64438,100.0,1010.43038,9.0,-420.66263
2025-10-17 18:02:08,1401.94909,1055.65091,992.34909,21.64438,100.0,1010.37613,9.0,-421.38335
2025-10-17 18:02:08,1400.08727,1055.65091,988.62545,21.62915,100.0,1010.35236,9.0,-418.69366
2025-10-17 18:02:09,1396.36364,1053.78909,986.76364,21.64438,100.0,1010.45751,9.0,-419.8038
2025-10-17 18:02:09,1400.08727,1055.65091,986.76364,21.63931,100.0,1010.34108,9.0,-417.10911
2025-10-17 18:02:10,1400.08727,1055.65091,992.34909,21.62915,100.0,1010.40662,9.0,-422.3765
2025-10-17 18:02:10,1400.08727,1057.51273,988.62545,21.62915,100.0,1010.37949,9.0,-419.26309
2025-10-17 18:02:11,1400.08727,1053.78909,988.62545,21.64946,100.0,1010.41118,9.0,-419.45386
2025-10-17 18:02:12,1401.94909,1057.51273,988.62545,21.64438,100.0,1010.40326,9.0,-419.14421
2025-10-17 18:02:12,1400.08727,1055.65091,988.62545,21.64946,100.0,1010.35692,9.0,-418.77029
2025-10-17 18:02:13,1403.81091,1059.37455,992.34909,21.63931,100.0,1010.31395,9.0,-420.0873
2025-10-17 18:02:13,1400.08727,1055.65091,988.62545,21.62915,100.0,1010.35236,9.0,-418.69366
2025-10-17 18:02:14,1400.08727,1053.78909,986.76364,21.63423,100.0,1010.41454,9.0,-418.10136
2025-10-17 18:02:14,1400.08727,1053.78909,986.76364,21.63931,100.0,1010.36821,9.0,-417.35553
2025-10-17 18:02:15,1401.94909,1057.51273,990.48727,21.63931,100.0,1010.42246,9.0,-420.85719
2025-10-17 18:02:16,1401.94909,1057.51273,992.34909,21.64438,100.0,1010.43038,9.0,-422.38993
2025-10-17 18:02:16,1400.08727,1053.78909,988.62545,21.63423,100.0,1010.36028,9.0,-418.63137
2025-10-17 18:02:17,1400.08727,1053.78909,988.62545,21.64438,100.0,1010.37613,9.0,-418.88826
2025-10-17 18:02:17,1400.08727,1055.65091,988.62545,21.64438,100.0,1010.37613,9.0,-419.07898
2025-10-17 18:02:18,1400.08727,1057.51273,990.48727,21.64438,100.0,1010.40326,9.0,-421.0527
2025-10-17 18:02:18,1401.94909,1055.65091,990.48727,21.63931,100.0,1010.39533,9.0,-420.28776
2025-10-17 18:02:19,1405.67273,1055.65091,990.48727,21.63423,100.0,1010.36028,9.0,-418.71378
2025-10-17 18:02:20,1401.94909,1055.65091,988.62545,21.63423,100.0,1010.36028,9.0,-418.3179
2025-10-17 18:02:20,1400.08727,1055.65091,992.34909,21.63423,100.0,1010.38741,9.0,-422.0678
2025-10-17 18:02:21,1401.94909,1051.92727,986.76364,21.64438,100.0,1010.349,9.0,-416.29225
2025-10-17 18:02:22,1400.08727,1053.78909,986.76364,21.64946,100.0,1010.35692,9.0,-417.17528
2025-10-17 18:02:22,1400.08727,1055.65091,988.62545,21.63931,100.0,1010.36821,9.0,-418.95053
2025-10-17 18:02:23,1398.22545,1055.65091,988.62545,21.64438,100.0,1010.43038,9.0,-420.45746
2025-10-17 18:02:23,1401.94909,1057.51273,992.34909,21.64946,100.0,1010.35692,9.0,-421.20695
2025-10-17 18:02:24,1400.08727,1053.78909,988.62545,21.62915,100.0,1010.40662,9.0,-419.37721
2025-10-17 18:02:24,1400.08727,1053.78909,988.62545,21.63931,100.0,1010.36821,9.0,-418.75981
2025-10-17 18:02:25,1400.08727,1053.78909,988.62545,21.63931,100.0,1010.34108,9.0,-418.32267
2025-10-17 18:02:26,1401.94909,1059.37455,992.34909,21.63931,100.0,1010.36821,9.0,-421.46577
2025-10-17 18:02:26,1400.08727,1055.65091,990.48727,21.64438,100.0,1010.37613,9.0,-420.48326
2025-10-17 18:02:27,1400.08727,1055.65091,988.62545,21.63423,100.0,1010.38741,9.0,-419.25923
2025-10-17 18:02:28,1400.08727,1053.78909,986.76364,21.64946,100.0,1010.38405,9.0,-417.61243
2025-10-17 18:02:29,1401.94909,1057.51273,990.48727,21.63931,100.0,1010.39533,9.0,-420.42005
2025-10-17 18:02:29,1401.94909,1053.78909,988.62545,21.62915,100.0,1010.37949,9.0,-418.43588
2025-10-17 18:02:30,1398.22545,1053.78909,988.62545,21.63423,100.0,1010.33316,9.0,-418.69844
2025-10-17 18:02:31,1401.94909,1053.78909,990.48727,21.64946,100.0,1010.38405,9.0,-419.9168
2025-10-17 18:02:31,1400.08727,1057.51273,990.48727,21.63931,100.0,1010.39533,9.0,-420.92424
2025-10-17 18:02:32,1401.94909,1057.51273,990.48727,21.64438,100.0,1010.349,9.0,-419.67421
2025-10-17 18:02:32,1403.81091,1057.51273,992.34909,21.63931,100.0,1010.42246,9.0,-421.75727
2025-10-17 18:02:33,1400.08727,1053.78909,988.62545,21.63423,100.0,1010.33316,9.0,-418.19424
2025-10-17 18:02:34,1401.94909,1057.51273,992.34909,21.63931,100.0,1010.36821,9.0,-421.38719
2025-10-17 18:02:34,1400.08727,1055.65091,990.48727,21.63931,100.0,1010.36821,9.0,-420.35482
2025-10-17 18:02:35,1401.94909,1053.78909,988.62545,21.62915,100.0,1010.37949,9.0,-418.43588
2025-10-17 18:02:35,1401.94909,1053.78909,986.76364,21.64438,100.0,1010.37613,9.0,-416.97978
2025-10-17 18:02:36,1400.08727,1057.51273,990.48727,21.63423,100.0,1010.33316,9.0,-419.92153
2025-10-17 18:02:37,1400.08727,1055.65091,992.34909,21.63423,100.0,1010.41454,9.0,-422.50493
2025-10-17 18:02:37,1400.08727,1053.78909,986.76364,21.62915,100.0,1010.35236,9.0,-417.09866
2025-10-17 18:02:38,1401.94909,1055.65091,992.34909,21.62408,100.0,1010.34444,9.0,-420.86961
2025-10-17 18:02:38,1403.81091,1055.65091,990.48727,21.63931,100.0,1010.42246,9.0,-420.2207
2025-10-17 18:02:39,1401.94909,1059.37455,996.07273,21.63931,100.0,1010.39533,9.0,-424.71148
2025-10-17 18:02:40,1400.08727,1055.65091,986.76364,21.63423,100.0,1010.30603,9.0,-416.54354
2025-10-17 18:02:40,1400.08727,1055.65091,988.62545,21.64438,100.0,1010.40326,9.0,-419.51612
2025-10-17 18:02:41,1401.94909,1055.65091,988.62545,21.64438,100.0,1010.40326,9.0,-419.01192
2025-10-17 18:02:41,1401.94909,1057.51273,992.34909,21.63423,100.0,1010.41454,9.0,-422.13303
2025-10-17 18:02:42,1400.08727,1053.78909,986.76364,21.63931,100.0,1010.36821,9.0,-417.35553
2025-10-17 18:02:43,1400.08727,1055.65091,992.34909,21.63931,100.0,1010.31395,9.0,-420.88482
2025-10-17 18:02:43,1401.94909,1051.92727,986.76364,21.63423,100.0,1010.38741,9.0,-416.90964
2025-10-17 18:02:44,1401.94909,1055.65091,990.48727,21.63423,100.0,1010.36028,9.0,-419.72218
2025-10-17 18:02:44,1403.81091,1055.65091,990.48727,21.63931,100.0,1010.36821,9.0,-419.34642
2025-10-17 18:02:45,1400.08727,1053.78909,988.62545,21.63423,100.0,1010.36028,9.0,-418.63137
2025-10-17 18:02:46,1401.94909,1053.78909,988.62545,21.64946,100.0,1010.35692,9.0,-418.07537
2025-10-17 18:02:46,1400.08727,1053.78909,988.62545,21.63931,100.0,1010.36821,9.0,-418.75981
2025-10-17 18:02:47,1401.94909,1055.65091,992.34909,21.63931,100.0,1010.44959,9.0,-422.56632
2025-10-17 18:02:47,1400.08727,1055.65091,990.48727,21.64438,100.0,1010.37613,9.0,-420.48326
2025-10-17 18:02:48,1398.22545,1053.78909,988.62545,21.63931,100.0,1010.42246,9.0,-420.13829
2025-10-17 18:02:49,1400.08727,1055.65091,990.48727,21.63931,100.0,1010.39533,9.0,-420.79196
2025-10-17 18:02:49,1403.81091,1053.78909,992.34909,21.63931,100.0,1010.34108,9.0,-420.12285
2025-10-17 18:02:50,1401.94909,1053.78909,988.62545,21.63931,100.0,1010.34108,9.0,-417.81847
2025-10-17 18:02:50,1398.22545,1051.92727,990.48727,21.63931,100.0,1010.39533,9.0,-420.85505
2025-10-17 18:02:51,1400.08727,1053.78909,990.48727,21.63931,100.0,1010.36821,9.0,-420.1641
2025-10-17 18:02:52,1401.94909,1053.78909,992.34909,21.63931,100.0,1010.34108,9.0,-420.62704
2025-10-17 18:02:52,1401.94909,1053.78909,988.62545,21.63931,100.0,1010.36821,9.0,-418.25561
2025-10-17 18:02:53,1403.81091,1051.92727,990.48727,21.63931,100.0,1010.42246,9.0,-419.7796
2025-10-17 18:02:54,1400.08727,1053.78909,988.62545,21.64438,100.0,1010.40326,9.0,-419.3254
2025-10-17 18:02:54,1401.94909,1055.65091,990.48727,21.64438,100.0,1010.43038,9.0,-420.85335
2025-10-17 18:02:55,1403.81091,1057.51273,992.34909,21.63931,100.0,1010.39533,9.0,-421.32013
2025-10-17 18:02:55,1400.08727,1053.78909,988.62545,21.63931,100.0,1010.31395,9.0,-417.88553
2025-10-17 18:02:56,1401.94909,1053.78909,988.62545,21.62915,100.0,1010.32523,9.0,-417.56161
2025-10-17 18:02:56,1400.08727,1053.78909,990.48727,21.63423,100.0,1010.41454,9.0,-420.90993
2025-10-17 18:02:57,1405.67273,1057.51273,996.07273,21.64438,100.0,1010.45751,9.0,-424.62724
2025-10-17 18:02:58,1403.81091,1057.51273,990.48727,21.63931,100.0,1010.39533,9.0,-419.91585
2025-10-17 18:02:58,1403.81091,1055.65091,992.34909,21.63423,100.0,1010.36028,9.0,-420.62227
2025-10-17 18:02:59,1401.94909,1053.78909,988.62545,21.63423,100.0,1010.38741,9.0,-418.56431
2025-10-17 18:02:59,1403.81091,1057.51273,994.21091,21.64438,100.0,1010.32187,9.0,-421.54144
2025-10-17 18:03:00,1403.81091,1053.78909,990.48727,21.62915,100.0,1010.32523,9.0,-418.4617
2025-10-17 18:03:00,1401.94909,1053.78909,986.76364,21.64946,100.0,1010.43831,9.0,-417.98253
2025-10-17 18:03:01,1401.94909,1053.78909,988.62545,21.63423,100.0,1010.36028,9.0,-418.12718
2025-10-17 18:03:02,1400.08727,1053.78909,990.48727,21.65454,100.0,1010.36484,9.0,-420.11232
2025-10-17 18:03:02,1401.94909,1057.51273,994.21091,21.64438,100.0,1010.37613,9.0,-422.91992
2025-10-17 18:03:03,1401.94909,1051.92727,988.62545,21.63931,100.0,1010.34108,9.0,-417.56809
2025-10-17 18:03:03,1401.94909,1057.51273,990.48727,21.63423,100.0,1010.41454,9.0,-420.72874
2025-10-17 18:03:04,1401.94909,1055.65091,992.34909,21.63931,100.0,1010.39533,9.0,-421.69204
2025-10-17 18:03:05,1405.67273,1055.65091,992.34909,21.63931,100.0,1010.39533,9.0,-420.68365
2025-10-17 18:03:05,1401.94909,1055.65091,992.34909,21.63423,100.0,1010.36028,9.0,-421.12646
2025-10-17 18:03:06,1401.94909,1053.78909,988.62545,21.63931,100.0,1010.42246,9.0,-419.12989
2025-10-17 18:03:06,1403.81091,1053.78909,988.62545,21.64438,100.0,1010.32187,9.0,-417.00558
2025-10-17 18:03:07,1403.81091,1055.65091,990.48727,21.64438,100.0,1010.40326,9.0,-419.91201
2025-10-17 18:03:07,1403.81091,1055.65091,992.34909,21.63931,100.0,1010.36821,9.0,-420.7507
2025-10-17 18:03:08,1401.94909,1051.92727,988.62545,21.63931,100.0,1010.39533,9.0,-418.44237
2025-10-17 18:03:08,1405.67273,1055.65091,992.34909,21.63423,100.0,1010.38741,9.0,-420.5552
2025-10-17 18:03:09,1401.94909,1053.78909,988.62545,21.63423,100.0,1010.38741,9.0,-418.56431
2025-10-17 18:03:10,1405.67273,1057.51273,994.21091,21.63931,100.0,1010.42246,9.0,-422.65736
2025-10-17 18:03:10,1403.81091,1055.65091,994.21091,21.63931,100.0,1010.39533,9.0,-422.59213
2025-10-17 18:03:11,1403.81091,1053.78909,988.62545,21.63931,100.0,1010.39533,9.0,-418.18855
2025-10-17 18:03:12,1401.94909,1050.06545,988.62545,21.63423,100.0,1010.36028,9.0,-417.57562
2025-10-17 18:03:12,1403.81091,1057.51273,992.34909,21.63931,100.0,1010.42246,9.0,-421.75727
2025-10-17 18:03:13,1403.81091,1057.51273,994.21091,21.63931,100.0,1010.36821,9.0,-422.28728
2025-10-17 18:03:13,1400.08727,1055.65091,988.62545,21.63931,100.0,1010.42246,9.0,-419.82481
2025-10-17 18:03:14,1405.67273,1055.65091,992.34909,21.63931,100.0,1010.39533,9.0,-420.68365
2025-10-17 18:03:14,1401.94909,1055.65091,988.62545,21.63423,100.0,1010.44167,9.0,-419.6293
2025-10-17 18:03:15,1403.81091,1057.51273,996.07273,21.63931,100.0,1010.39533,9.0,-424.1287
2025-10-17 18:03:16,1400.08727,1053.78909,988.62545,21.63423,100.0,1010.36028,9.0,-418.63137
2025-10-17 18:03:16,1405.67273,1057.51273,994.21091,21.63931,100.0,1010.34108,9.0,-421.34594
2025-10-17 18:03:17,1400.08727,1051.92727,988.62545,21.63931,100.0,1010.42246,9.0,-419.38371
2025-10-17 18:03:18,1403.81091,1057.51273,996.07273,21.64438,100.0,1010.40326,9.0,-424.25715
2025-10-17 18:03:18,1405.67273,1057.51273,992.34909,21.63423,100.0,1010.44167,9.0,-421.56177
2025-10-17 18:03:19,1401.94909,1053.78909,990.48727,21.64438,100.0,1010.40326,9.0,-420.22549
2025-10-17 18:03:19,1400.08727,1053.78909,988.62545,21.64946,100.0,1010.38405,9.0,-419.01672
2025-10-17 18:03:20,1403.81091,1057.51273,990.48727,21.63931,100.0,1010.36821,9.0,-419.47871
2025-10-17 18:03:20,1403.81091,1055.65091,992.34909,21.63423,100.0,1010.38741,9.0,-421.0594
2025-10-17 18:03:21,1401.94909,1055.65091,988.62545,21.64438,100.0,1010.43038,9.0,-419.44907
2025-10-17 18:03:22,1403.81091,1053.78909,988.62545,21.64438,100.0,1010.43038,9.0,-418.75415
2025-10-17 18:03:22,1403.81091,1055.65091,992.34909,21.64946,100.0,1010.43831,9.0,-421.8819
2025-10-17 18:03:23,1405.67273,1057.51273,996.07273,21.63931,100.0,1010.42246,9.0,-424.06164
2025-10-17 18:03:24,1403.81091,1055.65091,994.21091,21.63931,100.0,1010.42246,9.0,-423.02927
2025-10-17 18:03:24,1403.81091,1055.65091,994.21091,21.64438,100.0,1010.349,9.0,-421.84629
2025-10-17 18:03:25,1400.08727,1051.92727,988.62545,21.63931,100.0,1010.36821,9.0,-418.50943
2025-10-17 18:03:25,1405.67273,1055.65091,990.48727,21.63931,100.0,1010.36821,9.0,-418.84222
2025-10-17 18:03:26,1403.81091,1053.78909,994.21091,21.64438,100.0,1010.37613,9.0,-422.09272
2025-10-17 18:03:26,1403.81091,1055.65091,990.48727,21.65454,100.0,1010.39197,9.0,-419.73179
2025-10-17 18:03:27,1400.08727,1053.78909,990.48727,21.64438,100.0,1010.32187,9.0,-419.41826
2025-10-17 18:03:28,1401.94909,1055.65091,994.21091,21.63931,100.0,1010.39533,9.0,-423.09633
2025-10-17 18:03:28,1405.67273,1053.78909,992.34909,21.64946,100.0,1010.35692,9.0,-419.87554
2025-10-17 18:03:29,1403.81091,1053.78909,990.48727,21.64438,100.0,1010.349,9.0,-418.847
2025-10-17 18:03:29,1405.67273,1055.65091,992.34909,21.64946,100.0,1010.41118,9.0,-420.94056
2025-10-17 18:03:30,1401.94909,1055.65091,992.34909,21.64946,100.0,1010.38405,9.0,-421.51181
2025-10-17 18:03:31,1405.67273,1057.51273,994.21091,21.64946,100.0,1010.43831,9.0,-422.91428
2025-10-17 18:03:31,1405.67273,1053.78909,994.21091,21.64438,100.0,1010.43038,9.0,-422.4628
2025-10-17 18:03:32,1403.81091,1053.78909,990.48727,21.64438,100.0,1010.40326,9.0,-419.72129
2025-10-17 18:03:32,1403.81091,1051.92727,990.48727,21.64438,100.0,1010.349,9.0,-418.59662
2025-10-17 18:03:33,1403.81091,1057.51273,994.21091,21.64438,100.0,1010.37613,9.0,-422.41572
2025-10-17 18:03:33,1401.94909,1055.65091,994.21091,21.64946,100.0,1010.35692,9.0,-422.47894
2025-10-17 18:03:34,1401.94909,1053.78909,990.48727,21.64438,100.0,1010.32187,9.0,-418.91406
2025-10-17 18:03:34,1401.94909,1053.78909,990.48727,21.64946,100.0,1010.38405,9.0,-419.9168
2025-10-17 18:03:35,1403.81091,1053.78909,994.21091,21.63931,100.0,1010.39533,9.0,-422.40141
2025-10-17 18:03:36,1405.67273,1057.51273,996.07273,21.64438,100.0,1010.43038,9.0,-424.1901
2025-10-17 18:03:36,1403.81091,1055.65091,994.21091,21.63931,100.0,1010.39533,9.0,-422.59213
2025-10-17 18:03:37,1403.81091,1053.78909,992.34909,21.64438,100.0,1010.37613,9.0,-420.68843
2025-10-17 18:03:37,1403.81091,1051.92727,990.48727,21.64438,100.0,1010.37613,9.0,-419.03377
2025-10-17 18:03:38,1403.81091,1057.51273,996.07273,21.64946,100.0,1010.38405,9.0,-423.94847
2025-10-17 18:03:39,1405.67273,1055.65091,992.34909,21.63423,100.0,1010.38741,9.0,-420.5552
2025-10-17 18:03:39,1403.81091,1053.78909,988.62545,21.63931,100.0,1010.34108,9.0,-417.31428
2025-10-17 18:03:40,1405.67273,1055.65091,996.07273,21.64438,100.0,1010.32187,9.0,-422.30924
2025-10-17 18:03:41,1405.67273,1053.78909,990.48727,21.63931,100.0,1010.39533,9.0,-419.08864
2025-10-17 18:03:41,1405.67273,1055.65091,997.93455,21.64438,100.0,1010.45751,9.0,-425.89924
2025-10-17 18:03:42,1405.67273,1055.65091,996.07273,21.63931,100.0,1010.36821,9.0,-423.05507
2025-10-17 18:03:43,1405.67273,1053.78909,994.21091,21.63931,100.0,1010.36821,9.0,-421.46007
2025-10-17 18:03:43,1403.81091,1053.78909,992.34909,21.64438,100.0,1010.32187,9.0,-419.81415
2025-10-17 18:03:44,1405.67273,1051.92727,992.34909,21.64438,100.0,1010.37613,9.0,-419.93385
2025-10-17 18:03:45,1403.81091,1053.78909,990.48727,21.64946,100.0,1010.43831,9.0,-420.2869
2025-10-17 18:03:45,1405.67273,1055.65091,996.07273,21.65454,100.0,1010.39197,9.0,-423.44044
2025-10-17 18:03:46,1405.67273,1055.65091,994.21091,21.64438,100.0,1010.40326,9.0,-422.21638
2025-10-17 18:03:46,1401.94909,1053.78909,990.48727,21.64946,100.0,1010.35692,9.0,-419.47966
2025-10-17 18:03:47,1403.81091,1055.65091,996.07273,21.64946,100.0,1010.38405,9.0,-423.81618
2025-10-17 18:03:48,1405.67273,1051.92727,994.21091,21.64946,100.0,1010.46544,9.0,-422.77803
2025-10-17 18:03:48,1407.53455,1053.78909,992.34909,21.63423,100.0,1010.38741,9.0,-419.86029
2025-10-17 18:03:49,1405.67273,1055.65091,997.93455,21.64438,100.0,1010.37613,9.0,-424.58781
2025-10-17 18:03:49,1403.81091,1055.65091,994.21091,21.64438,100.0,1010.37613,9.0,-422.28344
2025-10-17 18:03:50,1403.81091,1051.92727,990.48727,21.65454,100.0,1010.33772,9.0,-418.41639
2025-10-17 18:03:50,1401.94909,1050.06545,990.48727,21.64946,100.0,1010.43831,9.0,-420.23954
2025-10-17 18:03:51,1405.67273,1051.92727,990.48727,21.64946,100.0,1010.35692,9.0,-418.22088
2025-10-17 18:03:52,1407.53455,1055.65091,994.21091,21.64946,100.0,1010.41118,9.0,-421.84064
2025-10-17 18:03:52,1403.81091,1055.65091,992.34909,21.65454,100.0,1010.36484,9.0,-420.69892
2025-10-17 18:03:53,1401.94909,1051.92727,990.48727,21.65454,100.0,1010.39197,9.0,-419.79489
2025-10-17 18:03:53,1405.67273,1050.06545,990.48727,21.64946,100.0,1010.32979,9.0,-417.48256
2025-10-17 18:03:54,1401.94909,1051.92727,990.48727,21.64438,100.0,1010.40326,9.0,-419.97511
2025-10-17 18:03:55,1403.81091,1055.65091,994.21091,21.63931,100.0,1010.34108,9.0,-421.71785
2025-10-17 18:03:55,1403.81091,1053.78909,992.34909,21.64438,100.0,1010.40326,9.0,-421.12557
2025-10-17 18:03:56,1407.53455,1053.78909,994.21091,21.65454,100.0,1010.44623,9.0,-422.21554
2025-10-17 18:03:56,1401.94909,1053.78909,990.48727,21.64438,100.0,1010.40326,9.0,-420.22549
2025-10-17 18:03:57,1407.53455,1053.78909,994.21091,21.64438,100.0,1010.37613,9.0,-421.08432
2025-10-17 18:03:58,1405.67273,1053.78909,994.21091,21.64946,100.0,1010.43831,9.0,-422.59127
2025-10-17 18:03:58,1405.67273,1051.92727,990.48727,21.63931,100.0,1010.36821,9.0,-418.40112
2025-10-17 18:03:59,1403.81091,1053.78909,992.34909,21.63931,100.0,1010.31395,9.0,-419.68571
2025-10-17 18:03:59,1407.53455,1053.78909,994.21091,21.64438,100.0,1010.40326,9.0,-421.52146
2025-10-17 18:04:00,1407.53455,1055.65091,996.07273,21.64946,100.0,1010.38405,9.0,-422.80778
2025-10-17 18:04:00,1401.94909,1053.78909,990.48727,21.64438,100.0,1010.40326,9.0,-420.22549
2025-10-17 18:04:01,1405.67273,1053.78909,996.07273,21.64946,100.0,1010.38405,9.0,-423.12126
2025-10-17 18:04:01,1405.67273,1051.92727,990.48727,21.64946,100.0,1010.35692,9.0,-418.22088
2025-10-17 18:04:02,1403.81091,1055.65091,996.07273,21.64946,100.0,1010.43831,9.0,-424.69047
2025-10-17 18:04:03,1403.81091,1055.65091,994.21091,21.64438,100.0,1010.43038,9.0,-423.15772
2025-10-17 18:04:03,1405.67273,1050.06545,990.48727,21.64438,100.0,1010.37613,9.0,-418.2284
2025-10-17 18:04:04,1405.67273,1053.78909,992.34909,21.64946,100.0,1010.38405,9.0,-420.31269
2025-10-17 18:04:05,1405.67273,1053.78909,990.48727,21.64438,100.0,1010.43038,9.0,-419.65424
2025-10-17 18:04:05,1407.53455,1051.92727,992.34909,21.65454,100.0,1010.36484,9.0,-419.24943
2025-10-17 18:04:06,1405.67273,1053.78909,994.21091,21.63931,100.0,1010.47672,9.0,-423.20863
2025-10-17 18:04:06,1405.67273,1051.92727,992.34909,21.64946,100.0,1010.38405,9.0,-420.06231
2025-10-17 18:04:07,1405.67273,1053.78909,990.48727,21.64946,100.0,1010.32979,9.0,-418.03411
2025-10-17 18:04:08,1407.53455,1053.78909,994.21091,21.63931,100.0,1010.36821,9.0,-420.95587
2025-10-17 18:04:08,1405.67273,1055.65091,996.07273,21.64438,100.0,1010.37613,9.0,-423.18352
2025-10-17 18:04:09,1407.53455,1055.65091,994.21091,21.63931,100.0,1010.44959,9.0,-422.45801
2025-10-17 18:04:09,1405.67273,1053.78909,992.34909,21.63931,100.0,1010.34108,9.0,-419.61865
2025-10-17 18:04:10,1407.53455,1055.65091,996.07273,21.64438,100.0,1010.37613,9.0,-422.67932
2025-10-17 18:04:11,1403.81091,1051.92727,990.48727,21.64438,100.0,1010.349,9.0,-418.59662
2025-10-17 18:04:11,1405.67273,1051.92727,990.48727,21.64438,100.0,1010.37613,9.0,-418.52957
2025-10-17 18:04:12,1405.67273,1053.78909,992.34909,21.64438,100.0,1010.37613,9.0,-420.18423
2025-10-17 18:04:12,1405.67273,1055.65091,994.21091,21.63931,100.0,1010.39533,9.0,-422.08793
2025-10-17 18:04:13,1407.53455,1055.65091,996.07273,21.64438,100.0,1010.43038,9.0,-423.55361
2025-10-17 18:04:14,1405.67273,1053.78909,996.07273,21.64438,100.0,1010.40326,9.0,-423.42995
2025-10-17 18:04:14,1405.67273,1050.06545,992.34909,21.63931,100.0,1010.42246,9.0,-420.37851
2025-10-17 18:04:15,1405.67273,1053.78909,992.34909,21.65454,100.0,1010.4191,9.0,-420.87831
2025-10-17 18:04:15,1405.67273,1055.65091,994.21091,21.63931,100.0,1010.44959,9.0,-422.96221
2025-10-17 18:04:16,1405.67273,1053.78909,992.34909,21.63931,100.0,1010.42246,9.0,-420.93007
2025-10-17 18:04:17,1405.67273,1053.78909,992.34909,21.64438,100.0,1010.45751,9.0,-421.49566
2025-10-17 18:04:17,1407.53455,1053.78909,996.07273,21.64438,100.0,1010.43038,9.0,-423.36289
2025-10-17 18:04:18,1407.53455,1055.65091,996.07273,21.63931,100.0,1010.39533,9.0,-422.98802
2025-10-17 18:04:18,1405.67273,1051.92727,992.34909,21.63931,100.0,1010.34108,9.0,-419.36826
2025-10-17 18:04:19,1401.94909,1053.78909,990.48727,21.64438,100.0,1010.40326,9.0,-420.22549
2025-10-17 18:04:20,1405.67273,1051.92727,990.48727,21.64946,100.0,1010.32979,9.0,-417.78373
2025-10-17 18:04:20,1403.81091,1057.51273,996.07273,21.64946,100.0,1010.35692,9.0,-423.51132
2025-10-17 18:04:21,1405.67273,1053.78909,994.21091,21.64438,100.0,1010.43038,9.0,-422.4628
2025-10-17 18:04:21,1403.81091,1053.78909,990.48727,21.64946,100.0,1010.43831,9.0,-420.2869
2025-10-17 18:04:22,1405.67273,1051.92727,992.34909,21.63423,100.0,1010.38741,9.0,-420.1141
2025-10-17 18:04:23,1407.53455,1053.78909,992.34909,21.64438,100.0,1010.349,9.0,-419.24289
2025-10-17 18:04:23,1409.39636,1055.65091,997.93455,21.63931,100.0,1010.36821,9.0,-423.45096
2025-10-17 18:04:24,1405.67273,1053.78909,994.21091,21.63931,100.0,1010.36821,9.0,-421.46007
2025-10-17 18:04:24,1407.53455,1051.92727,992.34909,21.64438,100.0,1010.349,9.0,-418.99251
2025-10-17 18:04:25,1405.67273,1055.65091,992.34909,21.64946,100.0,1010.38405,9.0,-420.50341
2025-10-17 18:04:26,1407.53455,1055.65091,996.07273,21.63931,100.0,1010.42246,9.0,-423.42516
2025-10-17 18:04:26,1405.67273,1053.78909,992.34909,21.64438,100.0,1010.37613,9.0,-420.18423
2025-10-17 18:04:27,1407.53455,1055.65091,996.07273,21.64946,100.0,1010.43831,9.0,-423.68207
2025-10-17 18:04:27,1407.53455,1053.78909,990.48727,21.64946,100.0,1010.38405,9.0,-418.40421
2025-10-17 18:04:28,1407.53455,1057.51273,996.07273,21.63931,100.0,1010.42246,9.0,-423.55744
2025-10-17 18:04:29,1403.81091,1055.65091,996.07273,21.65961,100.0,1010.37277,9.0,-423.63596
2025-10-17 18:04:29,1407.53455,1053.78909,992.34909,21.64438,100.0,1010.40326,9.0,-420.11718
2025-10-17 18:04:30,1405.67273,1051.92727,992.34909,21.64946,100.0,1010.38405,9.0,-420.06231
2025-10-17 18:04:30,1407.53455,1051.92727,992.34909,21.64438,100.0,1010.43038,9.0,-420.30394
2025-10-17 18:04:31,1405.67273,1055.65091,996.07273,21.64946,100.0,1010.43831,9.0,-424.18627
2025-10-17 18:04:32,1405.67273,1055.65091,994.21091,21.65454,100.0,1010.39197,9.0,-422.03616
2025-10-17 18:04:32,1403.81091,1051.92727,990.48727,21.64438,100.0,1010.32187,9.0,-418.15948
2025-10-17 18:04:33,1407.53455,1055.65091,997.93455,21.63931,100.0,1010.42246,9.0,-424.82944
2025-10-17 18:04:33,1405.67273,1057.51273,999.79636,21.64438,100.0,1010.45751,9.0,-427.43581
2025-10-17 18:04:34,1405.67273,1053.78909,992.34909,21.64946,100.0,1010.38405,9.0,-420.31269
2025-10-17 18:04:35,1407.53455,1055.65091,994.21091,21.65454,100.0,1010.33772,9.0,-420.65766
2025-10-17 18:04:35,1405.67273,1051.92727,992.34909,21.64438,100.0,1010.40326,9.0,-420.37099
2025-10-17 18:04:36,1407.53455,1053.78909,994.21091,21.65454,100.0,1010.44623,9.0,-422.21554
2025-10-17 18:04:36,1407.53455,1055.65091,996.07273,21.64438,100.0,1010.40326,9.0,-423.11647
2025-10-17 18:04:37,1403.81091,1051.92727,992.34909,21.64946,100.0,1010.43831,9.0,-421.4408
2025-10-17 18:04:37,1405.67273,1053.78909,992.34909,21.64946,100.0,1010.43831,9.0,-421.18698
2025-10-17 18:04:38,1403.81091,1053.78909,992.34909,21.63931,100.0,1010.42246,9.0,-421.43426
2025-10-17 18:04:38,1407.53455,1053.78909,994.21091,21.64438,100.0,1010.40326,9.0,-421.52146
2025-10-17 18:04:39,1403.81091,1055.65091,990.48727,21.64946,100.0,1010.43831,9.0,-420.47762
2025-10-17 18:04:40,1407.53455,1053.78909,996.07273,21.64946,100.0,1010.43831,9.0,-423.49135
2025-10-17 18:04:40,1407.53455,1051.92727,992.34909,21.65454,100.0,1010.4191,9.0,-420.12373
2025-10-17 18:04:41,1403.81091,1057.51273,997.93455,21.64946,100.0,1010.38405,9.0,-425.35275
2025-10-17 18:04:41,1405.67273,1055.65091,996.07273,21.64946,100.0,1010.38405,9.0,-423.31198
2025-10-17 18:04:42,1405.67273,1051.92727,990.48727,21.63931,100.0,1010.42246,9.0,-419.2754
2025-10-17 18:04:43,1407.53455,1053.78909,994.21091,21.64946,100.0,1010.41118,9.0,-421.64992
2025-10-17 18:04:43,1407.53455,1053.78909,992.34909,21.63931,100.0,1010.36821,9.0,-419.55159
2025-10-17 18:04:44,1405.67273,1055.65091,994.21091,21.64946,100.0,1010.38405,9.0,-421.90769
2025-10-17 18:04:44,1405.67273,1053.78909,992.34909,21.64438,100.0,1010.37613,9.0,-420.18423
2025-10-17 18:04:45,1405.67273,1053.78909,992.34909,21.64438,100.0,1010.48464,9.0,-421.93281
2025-10-17 18:04:45,1405.67273,1053.78909,994.21091,21.64946,100.0,1010.41118,9.0,-422.15412
2025-10-17 18:04:46,1409.39636,1055.65091,996.07273,21.65454,100.0,1010.44623,9.0,-423.30635
2025-10-17 18:04:47,1407.53455,1051.92727,990.48727,21.64946,100.0,1010.35692,9.0,-417.71668
2025-10-17 18:04:47,1405.67273,1053.78909,990.48727,21.64946,100.0,1010.46544,9.0,-420.21985
2025-10-17 18:04:48,1407.53455,1051.92727,992.34909,21.63931,100.0,1010.39533,9.0,-419.73835
2025-10-17 18:04:49,1407.53455,1053.78909,992.34909,21.64438,100.0,1010.349,9.0,-419.24289
2025-10-17 18:04:49,1409.39636,1055.65091,996.07273,21.64946,100.0,1010.35692,9.0,-421.86644
2025-10-17 18:04:50,1405.67273,1053.78909,994.21091,21.65454,100.0,1010.39197,9.0,-421.84544
2025-10-17 18:04:50,1407.53455,1050.06545,992.34909,21.65454,100.0,1010.39197,9.0,-419.38541
2025-10-17 18:04:51,1405.67273,1053.78909,992.34909,21.64946,100.0,1010.35692,9.0,-419.87554
2025-10-17 18:04:52,1403.81091,1053.78909,992.34909,21.64946,100.0,1010.43831,9.0,-421.69118
2025-10-17 18:04:53,1409.39636,1055.65091,996.07273,21.63931,100.0,1010.42246,9.0,-422.92096
2025-10-17 18:04:53,1407.53455,1053.78909,992.34909,21.64946,100.0,1010.35692,9.0,-419.37135
2025-10-17 18:04:54,1407.53455,1055.65091,996.07273,21.65454,100.0,1010.39197,9.0,-422.93625
2025-10-17 18:04:55,1409.39636,1053.78909,996.07273,21.65961,100.0,1010.39989,9.0,-422.3698
2025-10-17 18:04:55,1405.67273,1051.92727,992.34909,21.65454,100.0,1010.4191,9.0,-420.62792
2025-10-17 18:04:56,1405.67273,1051.92727,992.34909,21.65454,100.0,1010.4191,9.0,-420.62792
2025-10-17 18:04:56,1407.53455,1053.78909,996.07273,21.65454,100.0,1010.39197,9.0,-422.74553
2025-10-17 18:04:57,1409.39636,1053.78909,996.07273,21.64946,100.0,1010.32979,9.0,-421.23857
2025-10-17 18:04:58,1407.53455,1051.92727,992.34909,21.65454,100.0,1010.36484,9.0,-419.24943
2025-10-17 18:04:58,1409.39636,1051.92727,992.34909,21.65454,100.0,1010.39197,9.0,-419.18238
2025-10-17 18:04:59,1409.39636,1055.65091,996.07273,21.65454,100.0,1010.39197,9.0,-422.43205
2025-10-17 18:04:59,1409.39636,1053.78909,996.07273,21.65454,100.0,1010.39197,9.0,-422.24133
2025-10-17 18:05:00,1407.53455,1050.06545,992.34909,21.63931,100.0,1010.39533,9.0,-419.43718
2025-10-17 18:05:01,1409.39636,1055.65091,996.07273,21.64438,100.0,1010.43038,9.0,-423.04941
2025-10-17 18:05:01,1409.39636,1057.51273,994.21091,21.65454,100.0,1010.39197,9.0,-421.16005
2025-10-17 18:05:02,1407.53455,1055.65091,996.07273,21.64946,100.0,1010.35692,9.0,-422.37063
2025-10-17 18:05:02,1409.39636,1053.78909,994.21091,21.64438,100.0,1010.37613,9.0,-420.58012
2025-10-17 18:05:03,1407.53455,1053.78909,992.34909,21.65961,100.0,1010.42702,9.0,-420.50259
2025-10-17 18:05:04,1409.39636,1053.78909,994.21091,21.64946,100.0,1010.35692,9.0,-420.27143
2025-10-17 18:05:04,1409.39636,1053.78909,994.21091,21.64946,100.0,1010.35692,9.0,-420.27143
2025-10-17 18:05:05,1407.53455,1053.78909,994.21091,21.64946,100.0,1010.38405,9.0,-421.21278
2025-10-17 18:05:05,1407.53455,1057.51273,996.07273,21.65454,100.0,1010.39197,9.0,-423.06854
2025-10-17 18:05:06,1407.53455,1050.06545,992.34909,21.64946,100.0,1010.38405,9.0,-419.25694
2025-10-17 18:05:07,1409.39636,1055.65091,996.07273,21.64438,100.0,1010.37613,9.0,-422.17513
2025-10-17 18:05:07,1407.53455,1055.65091,997.93455,21.64946,100.0,1010.35692,9.0,-423.77492
2025-10-17 18:05:08,1409.39636,1051.92727,994.21091,21.64946,100.0,1010.32979,9.0,-419.5839
2025-10-17 18:05:08,1409.39636,1050.06545,992.34909,21.64946,100.0,1010.46544,9.0,-420.06418
2025-10-17 18:05:09,1405.67273,1053.78909,996.07273,21.64438,100.0,1010.43038,9.0,-423.86709
2025-10-17 18:05:10,1409.39636,1053.78909,996.07273,21.64946,100.0,1010.43831,9.0,-422.98716
2025-10-17 18:05:10,1409.39636,1055.65091,996.07273,21.64438,100.0,1010.43038,9.0,-423.04941
2025-10-17 18:05:11,1407.53455,1053.78909,992.34909,21.64946,100.0,1010.43831,9.0,-420.68278
2025-10-17 18:05:11,1409.39636,1053.78909,996.07273,21.63931,100.0,1010.36821,9.0,-421.85596
2025-10-17 18:05:12,1409.39636,1053.78909,996.07273,21.64438,100.0,1010.43038,9.0,-422.85869
2025-10-17 18:05:13,1407.53455,1053.78909,996.07273,21.64946,100.0,1010.46544,9.0,-423.9285
2025-10-17 18:05:13,1409.39636,1051.92727,994.21091,21.65961,100.0,1010.42702,9.0,-421.15229
2025-10-17 18:05:14,1407.53455,1053.78909,992.34909,21.65454,100.0,1010.33772,9.0,-419.06266
2025-10-17 18:05:14,1409.39636,1057.51273,994.21091,21.64946,100.0,1010.38405,9.0,-421.03159
2025-10-17 18:05:15,1409.39636,1055.65091,997.93455,21.64946,100.0,1010.41118,9.0,-424.14501
2025-10-17 18:05:16,1407.53455,1055.65091,997.93455,21.65454,100.0,1010.4191,9.0,-424.77768
2025-10-17 18:05:16,1407.53455,1051.92727,992.34909,21.64946,100.0,1010.38405,9.0,-419.55811
2025-10-17 18:05:17,1405.67273,1051.92727,990.48727,21.64946,100.0,1010.43831,9.0,-419.53232
2025-10-17 18:05:17,1407.53455,1057.51273,997.93455,21.64946,100.0,1010.43831,9.0,-425.21865
2025-10-17 18:05:18,1409.39636,1053.78909,996.07273,21.64946,100.0,1010.43831,9.0,-422.98716
2025-10-17 18:05:19,1407.53455,1053.78909,994.21091,21.64946,100.0,1010.41118,9.0,-421.64992
2025-10-17 18:05:19,1409.39636,1053.78909,994.21091,21.65454,100.0,1010.4191,9.0,-421.27419
2025-10-17 18:05:20,1405.67273,1055.65091,997.93455,21.64946,100.0,1010.43831,9.0,-425.59056
2025-10-17 18:05:21,1407.53455,1053.78909,994.21091,21.64946,100.0,1010.41118,9.0,-421.64992
2025-10-17 18:05:21,1409.39636,1055.65091,994.21091,21.64946,100.0,1010.41118,9.0,-421.33644
2025-10-17 18:05:22,1405.67273,1053.78909,994.21091,21.64438,100.0,1010.40326,9.0,-422.02566
2025-10-17 18:05:22,1409.39636,1055.65091,997.93455,21.65454,100.0,1010.4191,9.0,-424.27348
2025-10-17 18:05:23,1405.67273,1053.78909,994.21091,21.64438,100.0,1010.43038,9.0,-422.4628
2025-10-17 18:05:23,1405.67273,1053.78909,994.21091,21.64946,100.0,1010.41118,9.0,-422.15412
2025-10-17 18:05:24,1409.39636,1053.78909,994.21091,21.65961,100.0,1010.42702,9.0,-421.40267
2025-10-17 18:05:25,1409.39636,1057.51273,997.93455,21.64946,100.0,1010.41118,9.0,-424.2773
2025-10-17 18:05:25,1407.53455,1053.78909,994.21091,21.64438,100.0,1010.45751,9.0,-422.39575
2025-10-17 18:05:26,1409.39636,1053.78909,994.21091,21.65961,100.0,1010.48128,9.0,-422.27698
2025-10-17 18:05:27,1409.39636,1053.78909,994.21091,21.64946,100.0,1010.46544,9.0,-422.02002
2025-10-17 18:05:27,1407.53455,1053.78909,994.21091,21.65961,100.0,1010.39989,9.0,-421.46972
2025-10-17 18:05:28,1409.39636,1057.51273,996.07273,21.65454,100.0,1010.44623,9.0,-423.43864
2025-10-17 18:05:28,1405.67273,1053.78909,992.34909,21.65961,100.0,1010.37277,9.0,-420.13248
2025-10-17 18:05:29,1407.53455,1051.92727,994.21091,21.65454,100.0,1010.47336,9.0,-422.40231
2025-10-17 18:05:29,1407.53455,1055.65091,994.21091,21.64438,100.0,1010.43038,9.0,-422.14933
2025-10-17 18:05:30,1409.39636,1057.51273,997.93455,21.65961,100.0,1010.45415,9.0,-424.9714
2025-10-17 18:05:31,1409.39636,1055.65091,997.93455,21.65454,100.0,1010.4191,9.0,-424.27348
2025-10-17 18:05:31,1409.39636,1053.78909,994.21091,21.64946,100.0,1010.43831,9.0,-421.58287
2025-10-17 18:05:32,1409.39636,1053.78909,994.21091,21.64946,100.0,1010.41118,9.0,-421.14572
2025-10-17 18:05:32,1409.39636,1057.51273,996.07273,21.65454,100.0,1010.4191,9.0,-423.00149
2025-10-17 18:05:33,1409.39636,1055.65091,996.07273,21.65454,100.0,1010.39197,9.0,-422.43205
2025-10-17 18:05:34,1409.39636,1053.78909,992.34909,21.64438,100.0,1010.40326,9.0,-419.61298
2025-10-17 18:05:34,1409.39636,1055.65091,994.21091,21.66469,100.0,1010.43495,9.0,-421.72188
2025-10-17 18:05:35,1409.39636,1055.65091,994.21091,21.65454,100.0,1010.4191,9.0,-421.46491
2025-10-17 18:05:35,1409.39636,1057.51273,997.93455,21.64946,100.0,1010.43831,9.0,-424.71445
2025-10-17 18:05:36,1411.25818,1057.51273,997.93455,21.65454,100.0,1010.39197,9.0,-423.46442
2025-10-17 18:05:36,1409.39636,1057.51273,994.21091,21.66469,100.0,1010.46207,9.0,-422.29133
2025-10-17 18:05:37,1409.39636,1055.65091,997.93455,21.64946,100.0,1010.35692,9.0,-423.27072
2025-10-17 18:05:38,1407.53455,1057.51273,996.07273,21.64946,100.0,1010.43831,9.0,-423.81436
2025-10-17 18:05:38,1411.25818,1057.51273,997.93455,21.65454,100.0,1010.39197,9.0,-423.46442
2025-10-17 18:05:39,1407.53455,1053.78909,992.34909,21.64946,100.0,1010.43831,9.0,-420.68278
2025-10-17 18:05:40,1411.25818,1053.78909,996.07273,21.64946,100.0,1010.38405,9.0,-421.60866
2025-10-17 18:05:40,1411.25818,1051.92727,994.21091,21.64946,100.0,1010.38405,9.0,-419.954
2025-10-17 18:05:41,1411.25818,1057.51273,997.93455,21.66469,100.0,1010.40782,9.0,-423.72138
2025-10-17 18:05:41,1409.39636,1053.78909,994.21091,21.65961,100.0,1010.50841,9.0,-422.71414
2025-10-17 18:05:42,1411.25818,1055.65091,996.07273,21.63931,100.0,1010.42246,9.0,-422.41676
2025-10-17 18:05:42,1407.53455,1053.78909,996.07273,21.65454,100.0,1010.44623,9.0,-423.61983
2025-10-17 18:05:43,1411.25818,1055.65091,997.93455,21.66469,100.0,1010.46207,9.0,-424.46341
2025-10-17 18:05:44,1411.25818,1055.65091,996.07273,21.65961,100.0,1010.42702,9.0,-422.49348
2025-10-17 18:05:44,1407.53455,1053.78909,994.21091,21.65961,100.0,1010.42702,9.0,-421.90687
2025-10-17 18:05:45,1409.39636,1051.92727,994.21091,21.64946,100.0,1010.43831,9.0,-421.33249
2025-10-17 18:05:45,1411.25818,1055.65091,996.07273,21.65454,100.0,1010.47336,9.0,-423.2393
2025-10-17 18:05:46,1409.39636,1055.65091,997.93455,21.64946,100.0,1010.43831,9.0,-424.58216
2025-10-17 18:05:46,1409.39636,1053.78909,994.21091,21.66469,100.0,1010.46207,9.0,-421.96832
2025-10-17 18:05:47,1411.25818,1051.92727,997.93455,21.65454,100.0,1010.39197,9.0,-422.89103
2025-10-17 18:05:48,1409.39636,1053.78909,996.07273,21.65454,100.0,1010.44623,9.0,-423.11563
2025-10-17 18:05:48,1411.25818,1053.78909,997.93455,21.65454,100.0,1010.47336,9.0,-424.45287
2025-10-17 18:05:49,1407.53455,1053.78909,996.07273,21.66469,100.0,1010.46207,9.0,-423.8768
2025-10-17 18:05:49,1409.39636,1053.78909,996.07273,21.65454,100.0,1010.4191,9.0,-422.67848
2025-10-17 18:05:50,1409.39636,1053.78909,997.93455,21.65454,100.0,1010.39197,9.0,-423.64561
2025-10-17 18:05:51,1409.39636,1051.92727,992.34909,21.66469,100.0,1010.40782,9.0,-419.43934
2025-10-17 18:05:51,1407.53455,1053.78909,997.93455,21.65454,100.0,1010.39197,9.0,-424.14981
2025-10-17 18:05:52,1411.25818,1051.92727,994.21091,21.65454,100.0,1010.4191,9.0,-420.51961
2025-10-17 18:05:52,1409.39636,1053.78909,994.21091,21.65454,100.0,1010.39197,9.0,-420.83704
2025-10-17 18:05:53,1409.39636,1053.78909,994.21091,21.63931,100.0,1010.36821,9.0,-420.45167
2025-10-17 18:05:54,1411.25818,1055.65091,997.93455,21.65454,100.0,1010.36484,9.0,-422.89498
2025-10-17 18:05:54,1407.53455,1051.92727,994.21091,21.65961,100.0,1010.42702,9.0,-421.65649
2025-10-17 18:05:55,1407.53455,1053.78909,992.34909,21.64438,100.0,1010.43038,9.0,-420.55432
2025-10-17 18:05:55,1409.39636,1057.51273,997.93455,21.64946,100.0,1010.38405,9.0,-423.84016
2025-10-17 18:05:56,1409.39636,1055.65091,999.79636,21.65454,100.0,1010.39197,9.0,-425.24062
2025-10-17 18:05:57,1409.39636,1055.65091,997.93455,21.64946,100.0,1010.38405,9.0,-423.70787
2025-10-17 18:05:57,1409.39636,1051.92727,994.21091,21.65454,100.0,1010.39197,9.0,-420.58666
2025-10-17 18:05:58,1407.53455,1053.78909,994.21091,21.65454,100.0,1010.39197,9.0,-421.34124
2025-10-17 18:05:58,1409.39636,1055.65091,997.93455,21.64946,100.0,1010.38405,9.0,-423.70787
2025-10-17 18:05:59,1411.25818,1053.78909,997.93455,21.65961,100.0,1010.37277,9.0,-422.83274
2025-10-17 18:06:00,1409.39636,1051.92727,996.07273,21.64946,100.0,1010.41118,9.0,-422.29963
2025-10-17 18:06:00,1409.39636,1053.78909,994.21091,21.65454,100.0,1010.44623,9.0,-421.71134
2025-10-17 18:06:01,1411.25818,1053.78909,994.21091,21.65961,100.0,1010.45415,9.0,-421.33563
2025-10-17 18:06:01,1409.39636,1055.65091,999.79636,21.64438,100.0,1010.43038,9.0,-425.85798
2025-10-17 18:06:02,1409.39636,1055.65091,996.07273,21.65454,100.0,1010.44623,9.0,-423.30635
2025-10-17 18:06:03,1413.12,1053.78909,999.79636,21.65454,100.0,1010.39197,9.0,-424.0415
2025-10-17 18:06:03,1409.39636,1053.78909,994.21091,21.64946,100.0,1010.41118,9.0,-421.14572
2025-10-17 18:06:04,1409.39636,1053.78909,996.07273,21.65454,100.0,1010.50049,9.0,-423.98993
2025-10-17 18:06:05,1407.53455,1053.78909,994.21091,21.65961,100.0,1010.45415,9.0,-422.34403
2025-10-17 18:06:06,1409.39636,1053.78909,994.21091,21.65454,100.0,1010.4191,9.0,-421.27419
2025-10-17 18:06:06,1409.39636,1053.78909,996.07273,21.64946,100.0,1010.43831,9.0,-422.98716
2025-10-17 18:06:07,1411.25818,1057.51273,997.93455,21.65454,100.0,1010.47336,9.0,-424.77587
2025-10-17 18:06:07,1411.25818,1051.92727,996.07273,21.65961,100.0,1010.42702,9.0,-422.05238
2025-10-17 18:06:08,1409.39636,1057.51273,997.93455,21.64946,100.0,1010.38405,9.0,-423.84016
2025-10-17 18:06:09,1411.25818,1055.65091,997.93455,21.65961,100.0,1010.48128,9.0,-424.77207
2025-10-17 18:06:09,1413.12,1055.65091,1001.65818,21.64946,100.0,1010.41118,9.0,-425.94519
2025-10-17 18:06:10,1409.39636,1053.78909,994.21091,21.65454,100.0,1010.39197,9.0,-420.83704
2025-10-17 18:06:10,1411.25818,1053.78909,996.07273,21.64946,100.0,1010.38405,9.0,-421.60866
2025-10-17 18:06:11,1411.25818,1051.92727,994.21091,21.66469,100.0,1010.43495,9.0,-420.77658
2025-10-17 18:06:11,1411.25818,1055.65091,999.79636,21.65454,100.0,1010.44623,9.0,-425.61072
2025-10-17 18:06:12,1411.25818,1055.65091,997.93455,21.64438,100.0,1010.43038,9.0,-423.9495
2025-10-17 18:06:13,1409.39636,1053.78909,996.07273,21.64946,100.0,1010.43831,9.0,-422.98716
2025-10-17 18:06:13,1407.53455,1053.78909,996.07273,21.65961,100.0,1010.48128,9.0,-424.18546
2025-10-17 18:06:14,1411.25818,1053.78909,996.07273,21.65454,100.0,1010.39197,9.0,-421.73713
2025-10-17 18:06:14,1413.12,1057.51273,1001.65818,21.64946,100.0,1010.49256,9.0,-427.38892
2025-10-17 18:06:15,1411.25818,1053.78909,996.07273,21.64946,100.0,1010.46544,9.0,-422.9201
2025-10-17 18:06:16,1411.25818,1053.78909,997.93455,21.64946,100.0,1010.46544,9.0,-424.32439
2025-10-17 18:06:16,1407.53455,1051.92727,994.21091,21.63931,100.0,1010.36821,9.0,-420.70549
2025-10-17 18:06:17,1411.25818,1053.78909,997.93455,21.64946,100.0,1010.43831,9.0,-423.88724
2025-10-17 18:06:17,1411.25818,1053.78909,997.93455,21.63931,100.0,1010.39533,9.0,-423.19318
2025-10-17 18:06:18,1409.39636,1051.92727,996.07273,21.64946,100.0,1010.46544,9.0,-423.17392
2025-10-17 18:06:19,1411.25818,1053.78909,996.07273,21.64946,100.0,1010.38405,9.0,-421.60866
2025-10-17 18:06:19,1411.25818,1055.65091,999.79636,21.64946,100.0,1010.41118,9.0,-425.0451
2025-10-17 18:06:20,1411.25818,1055.65091,999.79636,21.64946,100.0,1010.43831,9.0,-425.48225
2025-10-17 18:06:20,1411.25818,1051.92727,996.07273,21.64438,100.0,1010.43038,9.0,-422.10411
2025-10-17 18:06:21,1409.39636,1051.92727,996.07273,21.65454,100.0,1010.44623,9.0,-422.86525
2025-10-17 18:06:22,1411.25818,1055.65091,997.93455,21.65454,100.0,1010.47336,9.0,-424.64359
2025-10-17 18:06:22,1411.25818,1055.65091,996.07273,21.64946,100.0,1010.41118,9.0,-422.23653
2025-10-17 18:06:23,1409.39636,1051.92727,994.21091,21.64438,100.0,1010.45751,9.0,-421.64117
2025-10-17 18:06:23,1411.25818,1053.78909,994.21091,21.64946,100.0,1010.43831,9.0,-421.07867
2025-10-17 18:06:24,1411.25818,1051.92727,992.34909,21.64438,100.0,1010.349,9.0,-417.98411
2025-10-17 18:06:24,1411.25818,1055.65091,999.79636,21.64946,100.0,1010.43831,9.0,-425.48225
2025-10-17 18:06:25,1411.25818,1053.78909,999.79636,21.65454,100.0,1010.50049,9.0,-426.2943
2025-10-17 18:06:26,1407.53455,1053.78909,994.21091,21.63931,100.0,1010.44959,9.0,-422.26729
2025-10-17 18:06:26,1411.25818,1053.78909,996.07273,21.65454,100.0,1010.39197,9.0,-421.73713
2025-10-17 18:06:27,1409.39636,1053.78909,994.21091,21.64438,100.0,1010.43038,9.0,-421.45441
2025-10-17 18:06:27,1413.12,1057.51273,1001.65818,21.64438,100.0,1010.37613,9.0,-425.51187
2025-10-17 18:06:28,1409.39636,1053.78909,997.93455,21.64946,100.0,1010.43831,9.0,-424.39144
2025-10-17 18:06:29,1413.12,1055.65091,997.93455,21.64946,100.0,1010.38405,9.0,-422.69947
2025-10-17 18:06:29,1409.39636,1051.92727,994.21091,21.65454,100.0,1010.4191,9.0,-421.02381
2025-10-17 18:06:30,1409.39636,1057.51273,997.93455,21.64946,100.0,1010.43831,9.0,-424.71445
2025-10-17 18:06:30,1409.39636,1051.92727,994.21091,21.63931,100.0,1010.42246,9.0,-421.07557
2025-10-17 18:06:31,1411.25818,1051.92727,996.07273,21.64946,100.0,1010.41118,9.0,-421.79543
2025-10-17 18:06:31,1409.39636,1053.78909,996.07273,21.64946,100.0,1010.46544,9.0,-423.4243
2025-10-17 18:06:32,1411.25818,1053.78909,996.07273,21.64438,100.0,1010.48464,9.0,-423.22878
2025-10-17 18:06:32,1413.12,1055.65091,997.93455,21.65454,100.0,1010.44623,9.0,-423.70224
2025-10-17 18:06:33,1411.25818,1053.78909,996.07273,21.64438,100.0,1010.48464,9.0,-423.22878
2025-10-17 18:06:34,1409.39636,1053.78909,996.07273,21.64946,100.0,1010.49256,9.0,-423.86145
2025-10-17 18:06:34,1413.12,1053.78909,996.07273,21.64946,100.0,1010.46544,9.0,-422.41591
2025-10-17 18:06:35,1409.39636,1055.65091,997.93455,21.64946,100.0,1010.46544,9.0,-425.01931
2025-10-17 18:06:36,1411.25818,1053.78909,999.79636,21.63931,100.0,1010.50385,9.0,-426.34603
2025-10-17 18:06:36,1409.39636,1051.92727,996.07273,21.64946,100.0,1010.43831,9.0,-422.73677
2025-10-17 18:06:37,1409.39636,1055.65091,996.07273,21.64438,100.0,1010.45751,9.0,-423.48656
2025-10-17 18:06:37,1411.25818,1053.78909,996.07273,21.64438,100.0,1010.37613,9.0,-421.48021
2025-10-17 18:06:38,1411.25818,1055.65091,997.93455,21.65454,100.0,1010.4191,9.0,-423.76928
2025-10-17 18:06:38,1409.39636,1053.78909,996.07273,21.65454,100.0,1010.4191,9.0,-422.67848
2025-10-17 18:06:39,1409.39636,1053.78909,997.93455,21.63931,100.0,1010.44959,9.0,-424.57166
2025-10-17 18:06:40,1411.25818,1053.78909,994.21091,21.63931,100.0,1010.42246,9.0,-420.82175
2025-10-17 18:06:40,1411.25818,1055.65091,1001.65818,21.64946,100.0,1010.49256,9.0,-427.76083
2025-10-17 18:06:41,1411.25818,1051.92727,996.07273,21.64946,100.0,1010.46544,9.0,-422.66972
2025-10-17 18:06:41,1411.25818,1055.65091,999.79636,21.64438,100.0,1010.45751,9.0,-425.79093
2025-10-17 18:06:42,1411.25818,1055.65091,996.07273,21.63423,100.0,1010.4688,9.0,-423.16259
2025-10-17 18:06:43,1411.25818,1055.65091,999.79636,21.64438,100.0,1010.43038,9.0,-425.35378
2025-10-17 18:06:43,1411.25818,1053.78909,996.07273,21.63423,100.0,1010.44167,9.0,-422.53473
2025-10-17 18:06:44,1411.25818,1053.78909,996.07273,21.64946,100.0,1010.38405,9.0,-421.60866
2025-10-17 18:06:44,1411.25818,1053.78909,996.07273,21.64438,100.0,1010.43038,9.0,-422.35449
2025-10-17 18:06:45,1411.25818,1055.65091,996.07273,21.63931,100.0,1010.47672,9.0,-423.29104
2025-10-17 18:06:45,1413.12,1057.51273,1001.65818,21.64946,100.0,1010.43831,9.0,-426.51462
2025-10-17 18:06:46,1411.25818,1055.65091,996.07273,21.63931,100.0,1010.47672,9.0,-423.29104
2025-10-17 18:06:47,1414.98182,1053.78909,999.79636,21.63423,100.0,1010.4688,9.0,-424.77204
2025-10-17 18:06:47,1413.12,1055.65091,997.93455,21.63423,100.0,1010.4688,9.0,-424.06267
2025-10-17 18:06:48,1414.98182,1055.65091,999.79636,21.63931,100.0,1010.50385,9.0,-425.52835
2025-10-17 18:06:49,1411.25818,1055.65091,1001.65818,21.64438,100.0,1010.43038,9.0,-426.75807
2025-10-17 18:06:49,1411.25818,1053.78909,996.07273,21.63931,100.0,1010.44959,9.0,-422.66318
2025-10-17 18:06:50,1409.39636,1053.78909,996.07273,21.64946,100.0,1010.43831,9.0,-422.98716
2025-10-17 18:06:50,1413.12,1055.65091,997.93455,21.63931,100.0,1010.44959,9.0,-423.75399
2025-10-17 18:06:51,1411.25818,1055.65091,999.79636,21.63423,100.0,1010.4688,9.0,-425.97116
2025-10-17 18:06:51,1409.39636,1053.78909,996.07273,21.64946,100.0,1010.43831,9.0,-422.98716
2025-10-17 18:06:52,1411.25818,1051.92727,994.21091,21.63931,100.0,1010.47672,9.0,-421.44565
2025-10-17 18:06:53,1414.98182,1053.78909,999.79636,21.63931,100.0,1010.42246,9.0,-424.02621
2025-10-17 18:06:53,1413.12,1059.37455,1001.65818,21.63931,100.0,1010.44959,9.0,-426.77343
2025-10-17 18:06:54,1413.12,1053.78909,997.93455,21.63931,100.0,1010.42246,9.0,-423.12613
2025-10-17 18:06:54,1413.12,1053.78909,999.79636,21.64438,100.0,1010.43038,9.0,-424.65886
2025-10-17 18:06:55,1411.25818,1053.78909,997.93455,21.62915,100.0,1010.43374,9.0,-423.81057
2025-10-17 18:06:56,1414.98182,1057.51273,1001.65818,21.63931,100.0,1010.39533,9.0,-425.31637
2025-10-17 18:06:56,1411.25818,1055.65091,997.93455,21.64946,100.0,1010.41118,9.0,-423.64081
2025-10-17 18:06:57,1411.25818,1053.78909,997.93455,21.64438,100.0,1010.43038,9.0,-423.75878
2025-10-17 18:06:57,1413.12,1051.92727,996.07273,21.64438,100.0,1010.40326,9.0,-421.16277
2025-10-17 18:06:58,1413.12,1055.65091,999.79636,21.62915,100.0,1010.43374,9.0,-424.90138
2025-10-17 18:06:59,1413.12,1053.78909,999.79636,21.65454,100.0,1010.50049,9.0,-425.7901
2025-10-17 18:06:59,1413.12,1053.78909,997.93455,21.63931,100.0,1010.50385,9.0,-424.43755
2025-10-17 18:07:00,1411.25818,1053.78909,999.79636,21.63931,100.0,1010.34108,9.0,-423.72319
2025-10-17 18:07:01,1413.12,1057.51273,1001.65818,21.63931,100.0,1010.42246,9.0,-426.2577
2025-10-17 18:07:01,1414.98182,1055.65091,1001.65818,21.64438,100.0,1010.48464,9.0,-426.62396
2025-10-17 18:07:02,1413.12,1053.78909,999.79636,21.65454,100.0,1010.50049,9.0,-425.7901
2025-10-17 18:07:02,1413.12,1051.92727,994.21091,21.64438,100.0,1010.37613,9.0,-419.32134
2025-10-17 18:07:03,1411.25818,1053.78909,997.93455,21.64946,100.0,1010.43831,9.0,-423.88724
2025-10-17 18:07:04,1413.12,1055.65091,1001.65818,21.65961,100.0,1010.42702,9.0,-426.20213
2025-10-17 18:07:04,1411.25818,1053.78909,999.79636,21.64946,100.0,1010.49256,9.0,-426.16582
2025-10-17 18:07:05,1411.25818,1053.78909,997.93455,21.64946,100.0,1010.43831,9.0,-423.88724
2025-10-17 18:07:05,1411.25818,1057.51273,1001.65818,21.64438,100.0,1010.37613,9.0,-426.01607
2025-10-17 18:07:06,1409.39636,1055.65091,999.79636,21.63931,100.0,1010.42246,9.0,-425.72953
2025-10-17 18:07:07,1414.98182,1053.78909,999.79636,21.63931,100.0,1010.42246,9.0,-424.02621
2025-10-17 18:07:07,1413.12,1051.92727,997.93455,21.64946,100.0,1010.41118,9.0,-422.69551
2025-10-17 18:07:08,1411.25818,1051.92727,997.93455,21.64946,100.0,1010.41118,9.0,-423.19971
2025-10-17 18:07:08,1413.12,1057.51273,1001.65818,21.63931,100.0,1010.47672,9.0,-427.13198
2025-10-17 18:07:09,1413.12,1055.65091,999.79636,21.64946,100.0,1010.49256,9.0,-425.85234
2025-10-17 18:07:10,1413.12,1053.78909,997.93455,21.64438,100.0,1010.45751,9.0,-423.69172
2025-10-17 18:07:10,1413.12,1051.92727,997.93455,21.64946,100.0,1010.49256,9.0,-424.00696
2025-10-17 18:07:11,1413.12,1053.78909,996.07273,21.63931,100.0,1010.44959,9.0,-422.15898
2025-10-17 18:07:11,1414.98182,1057.51273,999.79636,21.64438,100.0,1010.45751,9.0,-424.91482
2025-10-17 18:07:12,1414.98182,1055.65091,1003.52,21.63931,100.0,1010.44959,9.0,-427.46264
2025-10-17 18:07:12,1413.12,1053.78909,997.93455,21.64438,100.0,1010.43038,9.0,-423.25458
2025-10-17 18:07:13,1413.12,1051.92727,996.07273,21.63931,100.0,1010.42246,9.0,-421.47146
2025-10-17 18:07:14,1416.84364,1057.51273,1003.52,21.63931,100.0,1010.44959,9.0,-427.09073
2025-10-17 18:07:14,1411.25818,1051.92727,997.93455,21.63931,100.0,1010.50385,9.0,-424.69136
2025-10-17 18:07:15,1413.12,1053.78909,997.93455,21.64438,100.0,1010.51177,9.0,-424.56601
2025-10-17 18:07:16,1411.25818,1057.51273,999.79636,21.63931,100.0,1010.42246,9.0,-425.35762
2025-10-17 18:07:17,1411.25818,1053.78909,997.93455,21.63423,100.0,1010.41454,9.0,-423.50188
2025-10-17 18:07:17,1413.12,1051.92727,996.07273,21.63931,100.0,1010.39533,9.0,-421.03432
2025-10-17 18:07:18,1411.25818,1055.65091,997.93455,21.63931,100.0,1010.50385,9.0,-425.13246
2025-10-17 18:07:19,1414.98182,1055.65091,1001.65818,21.64438,100.0,1010.45751,9.0,-426.18681
2025-10-17 18:07:19,1416.84364,1059.37455,1003.52,21.65454,100.0,1010.50049,9.0,-427.99187
2025-10-17 18:07:20,1413.12,1053.78909,997.93455,21.63423,100.0,1010.49592,9.0,-424.30909
2025-10-17 18:07:20,1413.12,1053.78909,997.93455,21.63931,100.0,1010.44959,9.0,-423.56327
2025-10-17 18:07:21,1413.12,1053.78909,997.93455,21.63931,100.0,1010.47672,9.0,-424.00041
2025-10-17 18:07:22,1414.98182,1057.51273,1001.65818,21.64438,100.0,1010.43038,9.0,-425.88196
2025-10-17 18:07:22,1413.12,1055.65091,997.93455,21.63931,100.0,1010.44959,9.0,-423.75399
2025-10-17 18:07:23,1413.12,1055.65091,997.93455,21.63931,100.0,1010.44959,9.0,-423.75399
2025-10-17 18:07:23,1413.12,1055.65091,997.93455,21.62915,100.0,1010.46087,9.0,-423.93423
2025-10-17 18:07:24,1411.25818,1055.65091,997.93455,21.63931,100.0,1010.44959,9.0,-424.25818
2025-10-17 18:07:25,1416.84364,1053.78909,1001.65818,21.64946,100.0,1010.49256,9.0,-426.05751
2025-10-17 18:07:25,1414.98182,1055.65091,999.79636,21.64438,100.0,1010.51177,9.0,-425.65682
2025-10-17 18:07:26,1413.12,1055.65091,999.79636,21.63423,100.0,1010.4688,9.0,-425.46696
2025-10-17 18:07:27,1413.12,1059.37455,1003.52,21.63423,100.0,1010.44167,9.0,-428.04926
2025-10-17 18:07:27,1413.12,1055.65091,999.79636,21.63931,100.0,1010.47672,9.0,-425.59541
2025-10-17 18:07:28,1414.98182,1053.78909,996.07273,21.63931,100.0,1010.47672,9.0,-422.09192
2025-10-17 18:07:28,1413.12,1053.78909,997.93455,21.63423,100.0,1010.38741,9.0,-422.56054
2025-10-17 18:07:29,1411.25818,1055.65091,997.93455,21.63931,100.0,1010.47672,9.0,-424.69532
2025-10-17 18:07:29,1414.98182,1057.51273,1001.65818,21.64946,100.0,1010.43831,9.0,-426.01042
2025-10-17 18:07:30,1411.25818,1053.78909,997.93455,21.63931,100.0,1010.44959,9.0,-424.06746
2025-10-17 18:07:31,1413.12,1053.78909,999.79636,21.64438,100.0,1010.43038,9.0,-424.65886
2025-10-17 18:07:31,1413.12,1055.65091,999.79636,21.63931,100.0,1010.47672,9.0,-425.59541
2025-10-17 18:07:32,1414.98182,1057.51273,1003.52,21.64438,100.0,1010.43038,9.0,-427.28624
2025-10-17 18:07:33,1414.98182,1051.92727,997.93455,21.64946,100.0,1010.49256,9.0,-423.50276
2025-10-17 18:07:33,1413.12,1055.65091,997.93455,21.64438,100.0,1010.45751,9.0,-423.88244
2025-10-17 18:07:34,1413.12,1053.78909,996.07273,21.63931,100.0,1010.44959,9.0,-422.15898
2025-10-17 18:07:34,1413.12,1057.51273,997.93455,21.64438,100.0,1010.48464,9.0,-424.45188
2025-10-17 18:07:35,1413.12,1057.51273,1001.65818,21.63931,100.0,1010.47672,9.0,-427.13198
2025-10-17 18:07:35,1414.98182,1053.78909,997.93455,21.63423,100.0,1010.44167,9.0,-422.93062
2025-10-17 18:07:36,1411.25818,1055.65091,997.93455,21.63423,100.0,1010.4688,9.0,-424.56687
2025-10-17 18:07:37,1414.98182,1055.65091,997.93455,21.62408,100.0,1010.5072,9.0,-424.17586
2025-10-17 18:07:37,1414.98182,1061.23636,1005.38182,21.63931,100.0,1010.53097,9.0,-430.41883
2025-10-17 18:07:38,1413.12,1053.78909,997.93455,21.64438,100.0,1010.43038,9.0,-423.25458
2025-10-17 18:07:38,1413.12,1057.51273,1001.65818,21.63423,100.0,1010.4688,9.0,-427.00353
2025-10-17 18:07:39,1413.12,1055.65091,997.93455,21.63931,100.0,1010.47672,9.0,-424.19113
2025-10-17 18:07:40,1414.98182,1055.65091,1001.65818,21.63423,100.0,1010.41454,9.0,-425.49277
2025-10-17 18:07:40,1413.12,1053.78909,997.93455,21.63423,100.0,1010.4688,9.0,-423.87195
2025-10-17 18:07:41,1414.98182,1053.78909,997.93455,21.63931,100.0,1010.42246,9.0,-422.62193
2025-10-17 18:07:41,1411.25818,1053.78909,996.07273,21.63423,100.0,1010.44167,9.0,-422.53473
2025-10-17 18:07:42,1413.12,1055.65091,997.93455,21.63931,100.0,1010.47672,9.0,-424.19113
2025-10-17 18:07:42,1413.12,1057.51273,1001.65818,21.63931,100.0,1010.47672,9.0,-427.13198
2025-10-17 18:07:43,1414.98182,1055.65091,997.93455,21.62915,100.0,1010.40662,9.0,-422.55576
2025-10-17 18:07:44,1414.98182,1057.51273,1003.52,21.64946,100.0,1010.49256,9.0,-428.289
2025-10-17 18:07:44,1413.12,1057.51273,999.79636,21.63931,100.0,1010.47672,9.0,-425.7277
2025-10-17 18:07:45,1413.12,1057.51273,1001.65818,21.63931,100.0,1010.39533,9.0,-425.82056
2025-10-17 18:07:45,1413.12,1053.78909,1001.65818,21.64438,100.0,1010.43038,9.0,-426.06315
2025-10-17 18:07:46,1413.12,1053.78909,996.07273,21.64946,100.0,1010.43831,9.0,-421.97876
2025-10-17 18:07:46,1411.25818,1051.92727,999.79636,21.63931,100.0,1010.44959,9.0,-425.22137
2025-10-17 18:07:47,1413.12,1057.51273,999.79636,21.63931,100.0,1010.47672,9.0,-425.7277
2025-10-17 18:07:48,1414.98182,1057.51273,999.79636,21.63931,100.0,1010.47672,9.0,-425.2235
2025-10-17 18:07:48,1414.98182,1053.78909,999.79636,21.63931,100.0,1010.47672,9.0,-424.90049
2025-10-17 18:07:49,1413.12,1057.51273,1001.65818,21.64438,100.0,1010.45751,9.0,-426.8233
2025-10-17 18:07:49,1420.56727,1053.78909,997.93455,21.64438,100.0,1010.45751,9.0,-421.67493
2025-10-17 18:07:50,1416.84364,1061.23636,1001.65818,21.64438,100.0,1010.48464,9.0,-426.36024
2025-10-17 18:07:50,1413.12,1055.65091,997.93455,21.64946,100.0,1010.41118,9.0,-423.13662
2025-10-17 18:07:51,1416.84364,1057.51273,1001.65818,21.63931,100.0,1010.47672,9.0,-426.12359
2025-10-17 18:07:52,1411.25818,1053.78909,996.07273,21.64438,100.0,1010.43038,9.0,-422.35449
2025-10-17 18:07:52,1413.12,1055.65091,1001.65818,21.65454,100.0,1010.50049,9.0,-427.38511
2025-10-17 18:07:53,1414.98182,1055.65091,1001.65818,21.63931,100.0,1010.47672,9.0,-426.4955
2025-10-17 18:07:53,1414.98182,1051.92727,997.93455,21.64946,100.0,1010.51969,9.0,-423.93991
2025-10-17 18:07:54,1414.98182,1055.65091,999.79636,21.64946,100.0,1010.51969,9.0,-425.78529
2025-10-17 18:07:54,1413.12,1053.78909,997.93455,21.63423,100.0,1010.52305,9.0,-424.74623
2025-10-17 18:07:55,1414.98182,1053.78909,997.93455,21.63423,100.0,1010.49592,9.0,-423.80489
2025-10-17 18:07:56,1414.98182,1053.78909,999.79636,21.64438,100.0,1010.45751,9.0,-424.59181
2025-10-17 18:07:56,1414.98182,1057.51273,1003.52,21.64438,100.0,1010.43038,9.0,-427.28624
2025-10-17 18:07:57,1416.84364,1053.78909,997.93455,21.64438,100.0,1010.48464,9.0,-423.12047
2025-10-17 18:07:58,1416.84364,1055.65091,999.79636,21.64946,100.0,1010.49256,9.0,-424.84395
2025-10-17 18:07:58,1416.84364,1055.65091,1001.65818,21.63931,100.0,1010.47672,9.0,-425.9913
2025-10-17 18:07:59,1414.98182,1051.92727,997.93455,21.64438,100.0,1010.48464,9.0,-423.37429
2025-10-17 18:07:59,1413.12,1053.78909,999.79636,21.63931,100.0,1010.50385,9.0,-425.84183
2025-10-17 18:08:00,1413.12,1053.78909,999.79636,21.64438,100.0,1010.45751,9.0,-425.09601
2025-10-17 18:08:00,1414.98182,1057.51273,1003.52,21.64438,100.0,1010.45751,9.0,-427.72339
2025-10-17 18:08:01,1413.12,1051.92727,997.93455,21.63423,100.0,1010.4688,9.0,-423.62157
2025-10-17 18:08:02,1414.98182,1053.78909,999.79636,21.63931,100.0,1010.47672,9.0,-424.90049
2025-10-17 18:08:02,1414.98182,1053.78909,997.93455,21.63423,100.0,1010.41454,9.0,-422.49348
2025-10-17 18:08:03,1414.98182,1061.23636,1003.52,21.63423,100.0,1010.44167,9.0,-427.57467
2025-10-17 18:08:03,1416.84364,1057.51273,1003.52,21.63931,100.0,1010.50385,9.0,-427.96501
2025-10-17 18:08:04,1413.12,1053.78909,999.79636,21.63931,100.0,1010.42246,9.0,-424.53041
2025-10-17 18:08:05,1413.12,1051.92727,997.93455,21.63931,100.0,1010.36821,9.0,-422.00146
2025-10-17 18:08:05,1416.84364,1055.65091,1001.65818,21.63931,100.0,1010.44959,9.0,-425.55416
2025-10-17 18:08:06,1414.98182,1055.65091,1001.65818,21.63931,100.0,1010.47672,9.0,-426.4955
2025-10-17 18:08:06,1413.12,1053.78909,999.79636,21.63931,100.0,1010.44959,9.0,-424.96755
2025-10-17 18:08:07,1413.12,1051.92727,997.93455,21.63931,100.0,1010.42246,9.0,-422.87574
2025-10-17 18:08:07,1414.98182,1053.78909,997.93455,21.63931,100.0,1010.47672,9.0,-423.49621
2025-10-17 18:08:08,1416.84364,1053.78909,1001.65818,21.64946,100.0,1010.49256,9.0,-426.05751
2025-10-17 18:08:09,1416.84364,1055.65091,1001.65818,21.63931,100.0,1010.42246,9.0,-425.11702
2025-10-17 18:08:09,1413.12,1053.78909,999.79636,21.63931,100.0,1010.39533,9.0,-424.09327
2025-10-17 18:08:10,1413.12,1053.78909,996.07273,21.63931,100.0,1010.50385,9.0,-423.03326
2025-10-17 18:08:11,1414.98182,1055.65091,997.93455,21.64946,100.0,1010.43831,9.0,-423.06957
2025-10-17 18:08:11,1414.98182,1057.51273,1001.65818,21.63931,100.0,1010.42246,9.0,-425.75351
2025-10-17 18:08:12,1414.98182,1051.92727,996.07273,21.63931,100.0,1010.47672,9.0,-421.84154
2025-10-17 18:08:12,1413.12,1051.92727,997.93455,21.63931,100.0,1010.47672,9.0,-423.75002
2025-10-17 18:08:13,1414.98182,1055.65091,1001.65818,21.63931,100.0,1010.42246,9.0,-425.62122
2025-10-17 18:08:13,1413.12,1055.65091,999.79636,21.63423,100.0,1010.41454,9.0,-424.59268
2025-10-17 18:08:14,1414.98182,1053.78909,1001.65818,21.63931,100.0,1010.39533,9.0,-424.99336
2025-10-17 18:08:15,1416.84364,1057.51273,1001.65818,21.64946,100.0,1010.46544,9.0,-425.94337
2025-10-17 18:08:15,1414.98182,1053.78909,996.07273,21.64946,100.0,1010.46544,9.0,-421.91171
2025-10-17 18:08:16,1414.98182,1055.65091,1001.65818,21.62915,100.0,1010.40662,9.0,-425.36433
2025-10-17 18:08:16,1414.98182,1051.92727,1001.65818,21.63931,100.0,1010.44959,9.0,-425.61725
2025-10-17 18:08:17,1414.98182,1053.78909,997.93455,21.63931,100.0,1010.44959,9.0,-423.05907
2025-10-17 18:08:18,1414.98182,1053.78909,999.79636,21.64438,100.0,1010.48464,9.0,-425.02895
2025-10-17 18:08:18,1414.98182,1053.78909,1001.65818,21.64438,100.0,1010.48464,9.0,-426.43324
2025-10-17 18:08:19,1414.98182,1055.65091,1003.52,21.64438,100.0,1010.45751,9.0,-427.5911
2025-10-17 18:08:19,1414.98182,1051.92727,997.93455,21.63931,100.0,1010.47672,9.0,-423.24583
2025-10-17 18:08:20,1416.84364,1053.78909,1001.65818,21.63423,100.0,1010.4688,9.0,-425.67213
2025-10-17 18:08:20,1413.12,1051.92727,997.93455,21.63931,100.0,1010.44959,9.0,-423.31288
2025-10-17 18:08:21,1413.12,1055.65091,1001.65818,21.64438,100.0,1010.43038,9.0,-426.25387
2025-10-17 18:08:22,1416.84364,1055.65091,1001.65818,21.64438,100.0,1010.43038,9.0,-425.24547
2025-10-17 18:08:22,1416.84364,1055.65091,1001.65818,21.64438,100.0,1010.45751,9.0,-425.68262
2025-10-17 18:08:23,1414.98182,1051.92727,999.79636,21.63931,100.0,1010.42246,9.0,-423.77583
2025-10-17 18:08:24,1418.70545,1055.65091,1005.38182,21.63931,100.0,1010.44959,9.0,-427.85853
2025-10-17 18:08:24,1416.84364,1053.78909,999.79636,21.63931,100.0,1010.39533,9.0,-423.08487
2025-10-17 18:08:25,1414.98182,1051.92727,999.79636,21.64438,100.0,1010.45751,9.0,-424.34143
2025-10-17 18:08:25,1414.98182,1051.92727,997.93455,21.64946,100.0,1010.49256,9.0,-423.50276
2025-10-17 18:08:26,1413.12,1053.78909,1003.52,21.64438,100.0,1010.45751,9.0,-427.90458
2025-10-17 18:08:26,1416.84364,1055.65091,999.79636,21.64438,100.0,1010.48464,9.0,-424.71548
2025-10-17 18:08:28,1414.98182,1051.92727,999.79636,21.64438,100.0,1010.48464,9.0,-424.77857
2025-10-17 18:08:28,1416.84364,1051.92727,999.79636,21.64438,100.0,1010.48464,9.0,-424.27437
2025-10-17 18:08:29,1418.70545,1053.78909,1001.65818,21.64946,100.0,1010.41118,9.0,-424.24187
2025-10-17 18:08:30,1414.98182,1055.65091,1001.65818,21.63931,100.0,1010.44959,9.0,-426.05836
2025-10-17 18:08:30,1413.12,1051.92727,999.79636,21.63931,100.0,1010.44959,9.0,-424.71717
2025-10-17 18:08:31,1414.98182,1051.92727,997.93455,21.64438,100.0,1010.43038,9.0,-422.5
2025-10-17 18:08:31,1416.84364,1055.65091,1003.52,21.63931,100.0,1010.47672,9.0,-427.39558
2025-10-17 18:08:32,1416.84364,1051.92727,1003.52,21.64438,100.0,1010.45751,9.0,-426.6458
2025-10-17 18:08:32,1414.98182,1051.92727,997.93455,21.64438,100.0,1010.45751,9.0,-422.93714
2025-10-17 18:08:33,1414.98182,1053.78909,999.79636,21.64438,100.0,1010.43038,9.0,-424.15467
2025-10-17 18:08:34,1414.98182,1053.78909,999.79636,21.63423,100.0,1010.4688,9.0,-424.77204
2025-10-17 18:08:34,1414.98182,1055.65091,1003.52,21.64946,100.0,1010.49256,9.0,-428.15671
2025-10-17 18:08:35,1414.98182,1055.65091,1001.65818,21.64438,100.0,1010.48464,9.0,-426.62396
2025-10-17 18:08:35,1416.84364,1055.65091,999.79636,21.64438,100.0,1010.45751,9.0,-424.27833
2025-10-17 18:08:36,1413.12,1053.78909,997.93455,21.64946,100.0,1010.49256,9.0,-424.25734
2025-10-17 18:08:37,1414.98182,1055.65091,1003.52,21.64946,100.0,1010.46544,9.0,-427.71957
2025-10-17 18:08:37,1414.98182,1053.78909,1003.52,21.64946,100.0,1010.41118,9.0,-426.65455
2025-10-17 18:08:38,1413.12,1051.92727,999.79636,21.64946,100.0,1010.43831,9.0,-424.53695
2025-10-17 18:08:38,1414.98182,1051.92727,996.07273,21.64946,100.0,1010.43831,9.0,-421.22418
2025-10-17 18:08:39,1414.98182,1053.78909,999.79636,21.64438,100.0,1010.45751,9.0,-424.59181
2025-10-17 18:08:39,1414.98182,1055.65091,1001.65818,21.63931,100.0,1010.47672,9.0,-426.4955
2025-10-17 18:08:40,1416.84364,1051.92727,997.93455,21.63931,100.0,1010.44959,9.0,-422.30449
2025-10-17 18:08:40,1416.84364,1053.78909,999.79636,21.64438,100.0,1010.5389,9.0,-425.39904
2025-10-17 18:08:41,1416.84364,1053.78909,1001.65818,21.64946,100.0,1010.43831,9.0,-425.18322
2025-10-17 18:08:42,1416.84364,1057.51273,1007.24364,21.64438,100.0,1010.45751,9.0,-430.02776
2025-10-17 18:08:42,1416.84364,1053.78909,999.79636,21.64438,100.0,1010.43038,9.0,-423.65047
2025-10-17 18:08:43,1416.84364,1053.78909,999.79636,21.65961,100.0,1010.48128,9.0,-424.47304
2025-10-17 18:08:44,1414.98182,1053.78909,1001.65818,21.65454,100.0,1010.47336,9.0,-426.25304
2025-10-17 18:08:44,1416.84364,1055.65091,1001.65818,21.64946,100.0,1010.49256,9.0,-426.24823
2025-10-17 18:08:45,1414.98182,1055.65091,1003.52,21.63931,100.0,1010.50385,9.0,-428.33692
2025-10-17 18:08:45,1416.84364,1055.65091,999.79636,21.65961,100.0,1010.48128,9.0,-424.66376
2025-10-17 18:08:46,1416.84364,1053.78909,999.79636,21.64946,100.0,1010.49256,9.0,-424.65323
2025-10-17 18:08:47,1416.84364,1055.65091,997.93455,21.65454,100.0,1010.44623,9.0,-422.69384
2025-10-17 18:08:47,1416.84364,1055.65091,1003.52,21.63931,100.0,1010.47672,9.0,-427.39558
2025-10-17 18:08:48,1416.84364,1055.65091,999.79636,21.64438,100.0,1010.45751,9.0,-424.27833
2025-10-17 18:08:48,1414.98182,1057.51273,1003.52,21.64946,100.0,1010.43831,9.0,-427.41471
2025-10-17 18:08:49,1416.84364,1051.92727,999.79636,21.64946,100.0,1010.49256,9.0,-424.40284
2025-10-17 18:08:50,1418.70545,1057.51273,1003.52,21.64946,100.0,1010.43831,9.0,-426.40631
2025-10-17 18:08:50,1416.84364,1053.78909,997.93455,21.63931,100.0,1010.44959,9.0,-422.55487
2025-10-17 18:08:51,1416.84364,1053.78909,999.79636,21.65454,100.0,1010.44623,9.0,-423.9074
2025-10-17 18:08:51,1416.84364,1053.78909,997.93455,21.65454,100.0,1010.47336,9.0,-422.94027
2025-10-17 18:08:52,1416.84364,1055.65091,1001.65818,21.64946,100.0,1010.49256,9.0,-426.24823
2025-10-17 18:08:53,1416.84364,1053.78909,1001.65818,21.64438,100.0,1010.48464,9.0,-425.92904
2025-10-17 18:08:53,1416.84364,1051.92727,999.79636,21.65454,100.0,1010.44623,9.0,-423.65702
2025-10-17 18:08:54,1416.84364,1053.78909,1001.65818,21.64946,100.0,1010.46544,9.0,-425.62036
2025-10-17 18:08:54,1416.84364,1053.78909,1003.52,21.64946,100.0,1010.49256,9.0,-427.4618
2025-10-17 18:08:55,1418.70545,1055.65091,1003.52,21.63931,100.0,1010.39533,9.0,-425.57996
2025-10-17 18:08:56,1416.84364,1053.78909,999.79636,21.65454,100.0,1010.50049,9.0,-424.78171
2025-10-17 18:08:56,1416.84364,1051.92727,999.79636,21.64946,100.0,1010.46544,9.0,-423.9657
2025-10-17 18:08:57,1416.84364,1053.78909,1001.65818,21.64438,100.0,1010.43038,9.0,-425.05475
2025-10-17 18:08:57,1416.84364,1057.51273,1001.65818,21.65454,100.0,1010.50049,9.0,-426.509
2025-10-17 18:08:58,1414.98182,1053.78909,997.93455,21.65454,100.0,1010.47336,9.0,-423.44447
2025-10-17 18:08:59,1416.84364,1051.92727,997.93455,21.65454,100.0,1010.44623,9.0,-422.25274
2025-10-17 18:08:59,1414.98182,1051.92727,999.79636,21.64438,100.0,1010.48464,9.0,-424.77857
2025-10-17 18:09:00,1416.84364,1057.51273,1003.52,21.64946,100.0,1010.51969,9.0,-428.22195
2025-10-17 18:09:00,1416.84364,1051.92727,1001.65818,21.64946,100.0,1010.51969,9.0,-426.24428
2025-10-17 18:09:01,1416.84364,1051.92727,999.79636,21.64438,100.0,1010.45751,9.0,-423.83723
2025-10-17 18:09:02,1416.84364,1053.78909,997.93455,21.63931,100.0,1010.42246,9.0,-422.11773
2025-10-17 18:09:02,1416.84364,1055.65091,1001.65818,21.64946,100.0,1010.43831,9.0,-425.37394
2025-10-17 18:09:03,1416.84364,1055.65091,1003.52,21.64946,100.0,1010.49256,9.0,-427.65251
2025-10-17 18:09:03,1416.84364,1053.78909,997.93455,21.64438,100.0,1010.40326,9.0,-421.80904
2025-10-17 18:09:04,1418.70545,1053.78909,1003.52,21.65454,100.0,1010.47336,9.0,-426.64893
2025-10-17 18:09:04,1416.84364,1053.78909,999.79636,21.64946,100.0,1010.49256,9.0,-424.65323
2025-10-17 18:09:05,1418.70545,1055.65091,1005.38182,21.64946,100.0,1010.46544,9.0,-428.11545
2025-10-17 18:09:06,1416.84364,1051.92727,999.79636,21.64438,100.0,1010.43038,9.0,-423.40009
2025-10-17 18:09:06,1416.84364,1051.92727,999.79636,21.64946,100.0,1010.43831,9.0,-423.52855
2025-10-17 18:09:07,1416.84364,1053.78909,1001.65818,21.64946,100.0,1010.43831,9.0,-425.18322
2025-10-17 18:09:08,1418.70545,1055.65091,1003.52,21.65454,100.0,1010.52762,9.0,-427.71395
2025-10-17 18:09:08,1414.98182,1053.78909,999.79636,21.64438,100.0,1010.48464,9.0,-425.02895
2025-10-17 18:09:09,1416.84364,1055.65091,1003.52,21.63931,100.0,1010.44959,9.0,-426.95844
2025-10-17 18:09:10,1416.84364,1053.78909,999.79636,21.64946,100.0,1010.51969,9.0,-425.09037
2025-10-17 18:09:10,1414.98182,1055.65091,1001.65818,21.63931,100.0,1010.50385,9.0,-426.93264
2025-10-17 18:09:11,1418.70545,1055.65091,1003.52,21.65454,100.0,1010.4191,9.0,-425.96534
2025-10-17 18:09:11,1418.70545,1055.65091,1003.52,21.65961,100.0,1010.50841,9.0,-427.40529
2025-10-17 18:09:12,1416.84364,1053.78909,999.79636,21.64438,100.0,1010.48464,9.0,-424.52476
2025-10-17 18:09:12,1416.84364,1053.78909,999.79636,21.65454,100.0,1010.4191,9.0,-423.47025
2025-10-17 18:09:13,1418.70545,1053.78909,1005.38182,21.64946,100.0,1010.46544,9.0,-427.92473
2025-10-17 18:09:14,1414.98182,1053.78909,999.79636,21.63931,100.0,1010.42246,9.0,-424.02621
2025-10-17 18:09:14,1416.84364,1055.65091,1001.65818,21.64946,100.0,1010.46544,9.0,-425.81108
2025-10-17 18:09:15,1416.84364,1053.78909,1001.65818,21.64946,100.0,1010.43831,9.0,-425.18322
2025-10-17 18:09:15,1418.70545,1053.78909,1003.52,21.65961,100.0,1010.48128,9.0,-426.77741
2025-10-17 18:09:16,1416.84364,1057.51273,1003.52,21.64946,100.0,1010.46544,9.0,-427.34766
2025-10-17 18:09:16,1414.98182,1051.92727,1001.65818,21.65454,100.0,1010.50049,9.0,-426.43981
2025-10-17 18:09:17,1416.84364,1051.92727,999.79636,21.64438,100.0,1010.45751,9.0,-423.83723
2025-10-17 18:09:18,1416.84364,1051.92727,1001.65818,21.64438,100.0,1010.45751,9.0,-425.24151
2025-10-17 18:09:18,1416.84364,1055.65091,1003.52,21.64438,100.0,1010.48464,9.0,-427.52404
2025-10-17 18:09:19,1418.70545,1051.92727,997.93455,21.65454,100.0,1010.44623,9.0,-421.74854
2025-10-17 18:09:19,1418.70545,1053.78909,1001.65818,21.65454,100.0,1010.52762,9.0,-426.11894
2025-10-17 18:09:20,1418.70545,1051.92727,1003.52,21.64946,100.0,1010.49256,9.0,-426.70721
2025-10-17 18:09:21,1416.84364,1055.65091,1003.52,21.65454,100.0,1010.47336,9.0,-427.34384
2025-10-17 18:09:21,1418.70545,1055.65091,1001.65818,21.64946,100.0,1010.49256,9.0,-425.74403
2025-10-17 18:09:22,1416.84364,1051.92727,999.79636,21.63931,100.0,1010.47672,9.0,-424.14591
2025-10-17 18:09:22,1418.70545,1051.92727,1001.65818,21.64438,100.0,1010.5389,9.0,-426.04875
2025-10-17 18:09:23,1416.84364,1055.65091,999.79636,21.64946,100.0,1010.49256,9.0,-424.84395
2025-10-17 18:09:23,1418.70545,1055.65091,1003.52,21.63931,100.0,1010.50385,9.0,-427.32852
2025-10-17 18:09:24,1416.84364,1053.78909,999.79636,21.63423,100.0,1010.41454,9.0,-423.39357
2025-10-17 18:09:24,1418.70545,1055.65091,1003.52,21.65961,100.0,1010.45415,9.0,-426.53098
2025-10-17 18:09:25,1416.84364,1051.92727,997.93455,21.64946,100.0,1010.46544,9.0,-422.56141
2025-10-17 18:09:26,1420.56727,1055.65091,1005.38182,21.64438,100.0,1010.43038,9.0,-427.04564
2025-10-17 18:09:26,1418.70545,1057.51273,1001.65818,21.63931,100.0,1010.44959,9.0,-425.18225
2025-10-17 18:09:27,1416.84364,1051.92727,997.93455,21.64946,100.0,1010.49256,9.0,-422.99856
2025-10-17 18:09:28,1416.84364,1051.92727,999.79636,21.63931,100.0,1010.42246,9.0,-423.27163
2025-10-17 18:09:28,1420.56727,1055.65091,1003.52,21.63931,100.0,1010.5581,9.0,-427.69861
2025-10-17 18:09:29,1416.84364,1053.78909,1003.52,21.63423,100.0,1010.4688,9.0,-427.07641
2025-10-17 18:09:29,1418.70545,1053.78909,1001.65818,21.64946,100.0,1010.43831,9.0,-424.67902
2025-10-17 18:09:30,1418.70545,1053.78909,999.79636,21.63931,100.0,1010.44959,9.0,-423.45496
2025-10-17 18:09:30,1418.70545,1053.78909,999.79636,21.63931,100.0,1010.44959,9.0,-423.45496
2025-10-17 18:09:31,1416.84364,1055.65091,1001.65818,21.63423,100.0,1010.4688,9.0,-425.86285
2025-10-17 18:09:32,1418.70545,1053.78909,1001.65818,21.64438,100.0,1010.45751,9.0,-424.9877
2025-10-17 18:09:32,1416.84364,1055.65091,1003.52,21.64946,100.0,1010.49256,9.0,-427.65251
2025-10-17 18:09:33,1418.70545,1053.78909,1001.65818,21.63931,100.0,1010.50385,9.0,-425.73352
2025-10-17 18:09:34,1418.70545,1053.78909,1003.52,21.64438,100.0,1010.45751,9.0,-426.39198
2025-10-17 18:09:34,1418.70545,1055.65091,1001.65818,21.63931,100.0,1010.47672,9.0,-425.4871
2025-10-17 18:09:35,1418.70545,1053.78909,999.79636,21.64946,100.0,1010.49256,9.0,-424.14903
2025-10-17 18:09:35,1414.98182,1051.92727,999.79636,21.64946,100.0,1010.46544,9.0,-424.4699
2025-10-17 18:09:36,1418.70545,1055.65091,1001.65818,21.63931,100.0,1010.47672,9.0,-425.4871
2025-10-17 18:09:36,1420.56727,1055.65091,1003.52,21.64946,100.0,1010.46544,9.0,-426.20697
2025-10-17 18:09:37,1416.84364,1050.06545,997.93455,21.64438,100.0,1010.48464,9.0,-422.56892
2025-10-17 18:09:37,1416.84364,1053.78909,999.79636,21.63931,100.0,1010.50385,9.0,-424.83343
2025-10-17 18:09:38,1418.70545,1051.92727,999.79636,21.63423,100.0,1010.4688,9.0,-423.51326
2025-10-17 18:09:39,1418.70545,1057.51273,1005.38182,21.63423,100.0,1010.44167,9.0,-427.86237
2025-10-17 18:09:40,1416.84364,1051.92727,1001.65818,21.63931,100.0,1010.42246,9.0,-424.67592
2025-10-17 18:09:41,1418.70545,1055.65091,1005.38182,21.63931,100.0,1010.47672,9.0,-428.29567
2025-10-17 18:09:41,1414.98182,1051.92727,999.79636,21.64438,100.0,1010.5389,9.0,-425.65286
2025-10-17 18:09:42,1418.70545,1055.65091,1007.24364,21.63931,100.0,1010.47672,9.0,-429.69995
2025-10-17 18:09:42,1420.56727,1057.51273,1003.52,21.64438,100.0,1010.45751,9.0,-426.21079
2025-10-17 18:09:43,1418.70545,1055.65091,1003.52,21.64946,100.0,1010.49256,9.0,-427.14832
2025-10-17 18:09:44,1416.84364,1055.65091,1001.65818,21.64946,100.0,1010.38405,9.0,-424.49964
2025-10-17 18:09:44,1418.70545,1053.78909,1003.52,21.64946,100.0,1010.46544,9.0,-426.52045
2025-10-17 18:09:45,1420.56727,1055.65091,1003.52,21.64438,100.0,1010.48464,9.0,-426.51565
2025-10-17 18:09:46,1420.56727,1051.92727,1003.52,21.63931,100.0,1010.44959,9.0,-425.50894
2025-10-17 18:09:46,1416.84364,1053.78909,1001.65818,21.63931,100.0,1010.50385,9.0,-426.23772
2025-10-17 18:09:47,1416.84364,1051.92727,1001.65818,21.64438,100.0,1010.51177,9.0,-426.1158
2025-10-17 18:09:47,1416.84364,1053.78909,1003.52,21.64438,100.0,1010.48464,9.0,-427.33332
2025-10-17 18:09:48,1420.56727,1055.65091,1003.52,21.63931,100.0,1010.50385,9.0,-426.82433
2025-10-17 18:09:49,1418.70545,1050.06545,999.79636,21.64438,100.0,1010.45751,9.0,-423.03186
2025-10-17 18:09:49,1420.56727,1053.78909,1005.38182,21.63931,100.0,1010.47672,9.0,-427.60075
2025-10-17 18:09:50,1420.56727,1051.92727,1003.52,21.64438,100.0,1010.45751,9.0,-425.6374
2025-10-17 18:09:50,1416.84364,1051.92727,999.79636,21.64438,100.0,1010.45751,9.0,-423.83723
2025-10-17 18:09:51,1418.70545,1055.65091,1009.10545,21.63931,100.0,1010.44959,9.0,-430.6671
2025-10-17 18:09:52,1416.84364,1053.78909,1005.38182,21.63931,100.0,1010.44959,9.0,-428.17201
2025-10-17 18:09:52,1418.70545,1055.65091,1003.52,21.63931,100.0,1010.47672,9.0,-426.89138
2025-10-17 18:09:53,1418.70545,1050.06545,1001.65818,21.63931,100.0,1010.50385,9.0,-425.18197
2025-10-17 18:09:53,1418.70545,1051.92727,1001.65818,21.64946,100.0,1010.46544,9.0,-424.86578
2025-10-17 18:09:54,1418.70545,1051.92727,999.79636,21.63931,100.0,1010.47672,9.0,-423.64171
2025-10-17 18:09:55,1420.56727,1053.78909,1003.52,21.63931,100.0,1010.47672,9.0,-426.19647
2025-10-17 18:09:55,1420.56727,1053.78909,1003.52,21.64438,100.0,1010.48464,9.0,-426.32493
2025-10-17 18:09:56,1416.84364,1051.92727,1001.65818,21.65454,100.0,1010.44623,9.0,-425.06131
2025-10-17 18:09:56,1418.70545,1050.06545,999.79636,21.64438,100.0,1010.40326,9.0,-422.15757
2025-10-17 18:09:57,1418.70545,1051.92727,1001.65818,21.64946,100.0,1010.43831,9.0,-424.42864
2025-10-17 18:09:58,1418.70545,1055.65091,1007.24364,21.63931,100.0,1010.47672,9.0,-429.69995
2025-10-17 18:09:58,1418.70545,1051.92727,1003.52,21.64946,100.0,1010.43831,9.0,-425.83292
2025-10-17 18:09:59,1420.56727,1053.78909,1003.52,21.64946,100.0,1010.49256,9.0,-426.4534
2025-10-17 18:09:59,1414.98182,1051.92727,999.79636,21.64438,100.0,1010.43038,9.0,-423.90428
2025-10-17 18:10:00,1418.70545,1053.78909,1005.38182,21.63931,100.0,1010.39533,9.0,-426.79353
2025-10-17 18:10:01,1416.84364,1053.78909,1003.52,21.63931,100.0,1010.36821,9.0,-425.4563
2025-10-17 18:10:01,1416.84364,1051.92727,1001.65818,21.64438,100.0,1010.43038,9.0,-424.80437
2025-10-17 18:10:02,1418.70545,1051.92727,1001.65818,21.65961,100.0,1010.50841,9.0,-425.5599
2025-10-17 18:10:02,1416.84364,1053.78909,1001.65818,21.64946,100.0,1010.43831,9.0,-425.18322
2025-10-17 18:10:03,1418.70545,1055.65091,1005.38182,21.64438,100.0,1010.45751,9.0,-427.98699
2025-10-17 18:10:04,1420.56727,1053.78909,1003.52,21.63931,100.0,1010.42246,9.0,-425.32219
2025-10-17 18:10:04,1420.56727,1050.06545,999.79636,21.64438,100.0,1010.45751,9.0,-422.52766
2025-10-17 18:10:05,1418.70545,1055.65091,1005.38182,21.63931,100.0,1010.44959,9.0,-427.85853
2025-10-17 18:10:05,1416.84364,1053.78909,1003.52,21.64946,100.0,1010.46544,9.0,-427.02465
2025-10-17 18:10:06,1420.56727,1051.92727,1001.65818,21.63931,100.0,1010.47672,9.0,-424.5418
2025-10-17 18:10:07,1416.84364,1051.92727,999.79636,21.64946,100.0,1010.46544,9.0,-423.9657
2025-10-17 18:10:07,1418.70545,1051.92727,999.79636,21.64438,100.0,1010.48464,9.0,-423.77018
2025-10-17 18:10:08,1416.84364,1055.65091,1003.52,21.64438,100.0,1010.48464,9.0,-427.52404
2025-10-17 18:10:08,1418.70545,1051.92727,999.79636,21.64438,100.0,1010.48464,9.0,-423.77018
2025-10-17 18:10:09,1416.84364,1050.06545,999.79636,21.64946,100.0,1010.49256,9.0,-424.10167
2025-10-17 18:10:10,1414.98182,1051.92727,999.79636,21.65454,100.0,1010.44623,9.0,-424.16122
2025-10-17 18:10:10,1420.56727,1055.65091,1005.38182,21.64438,100.0,1010.51177,9.0,-428.35708
2025-10-17 18:10:11,1418.70545,1053.78909,1005.38182,21.64438,100.0,1010.48464,9.0,-428.23341
2025-10-17 18:10:11,1418.70545,1051.92727,1001.65818,21.64946,100.0,1010.43831,9.0,-424.42864
2025-10-17 18:10:12,1416.84364,1051.92727,1001.65818,21.64946,100.0,1010.46544,9.0,-425.36998
2025-10-17 18:10:13,1418.70545,1053.78909,1005.38182,21.64946,100.0,1010.49256,9.0,-428.36188
2025-10-17 18:10:13,1418.70545,1055.65091,1003.52,21.63931,100.0,1010.44959,9.0,-426.45424
2025-10-17 18:10:14,1418.70545,1051.92727,1001.65818,21.63931,100.0,1010.47672,9.0,-425.046
2025-10-17 18:10:14,1420.56727,1050.06545,999.79636,21.65454,100.0,1010.55474,9.0,-424.09606
2025-10-17 18:10:15,1420.56727,1051.92727,1001.65818,21.63931,100.0,1010.47672,9.0,-424.5418
2025-10-17 18:10:15,1420.56727,1053.78909,1005.38182,21.64438,100.0,1010.45751,9.0,-427.29207
2025-10-17 18:10:16,1418.70545,1055.65091,1003.52,21.64946,100.0,1010.51969,9.0,-427.58546
2025-10-17 18:10:17,1420.56727,1053.78909,1003.52,21.64946,100.0,1010.51969,9.0,-426.89055
2025-10-17 18:10:17,1420.56727,1051.92727,1003.52,21.64946,100.0,1010.46544,9.0,-425.76587
2025-10-17 18:10:18,1416.84364,1050.06545,999.79636,21.63931,100.0,1010.44959,9.0,-423.4076
2025-10-17 18:10:18,1420.56727,1057.51273,1007.24364,21.63931,100.0,1010.47672,9.0,-429.32804
2025-10-17 18:10:19,1418.70545,1053.78909,1003.52,21.63423,100.0,1010.4688,9.0,-426.57221
2025-10-17 18:10:20,1418.70545,1050.06545,999.79636,21.64438,100.0,1010.48464,9.0,-423.46901
2025-10-17 18:10:20,1418.70545,1055.65091,1003.52,21.64946,100.0,1010.54682,9.0,-428.02261
2025-10-17 18:10:21,1420.56727,1055.65091,1005.38182,21.64438,100.0,1010.45751,9.0,-427.48279
2025-10-17 18:10:21,1418.70545,1053.78909,1001.65818,21.65961,100.0,1010.50841,9.0,-425.81028
2025-10-17 18:10:22,1418.70545,1051.92727,1001.65818,21.65454,100.0,1010.50049,9.0,-425.43141
2025-10-17 18:10:23,1416.84364,1051.92727,1001.65818,21.64946,100.0,1010.46544,9.0,-425.36998
2025-10-17 18:10:23,1420.56727,1055.65091,1005.38182,21.64438,100.0,1010.48464,9.0,-427.91993
2025-10-17 18:10:24,1420.56727,1053.78909,1005.38182,21.63931,100.0,1010.42246,9.0,-426.72647
2025-10-17 18:10:24,1416.84364,1051.92727,1001.65818,21.64438,100.0,1010.48464,9.0,-425.67866
2025-10-17 18:10:25,1420.56727,1051.92727,1001.65818,21.63931,100.0,1010.44959,9.0,-424.10466
2025-10-17 18:10:26,1416.84364,1053.78909,1005.38182,21.65454,100.0,1010.47336,9.0,-428.55741
2025-10-17 18:10:26,1418.70545,1055.65091,1005.38182,21.63931,100.0,1010.44959,9.0,-427.85853
2025-10-17 18:10:27,1416.84364,1051.92727,999.79636,21.64946,100.0,1010.49256,9.0,-424.40284
2025-10-17 18:10:27,1420.56727,1050.06545,999.79636,21.65961,100.0,1010.53554,9.0,-423.7874
2025-10-17 18:10:28,1416.84364,1051.92727,1001.65818,21.64946,100.0,1010.51969,9.0,-426.24428
2025-10-17 18:10:28,1420.56727,1053.78909,1003.52,21.63931,100.0,1010.44959,9.0,-425.75933
2025-10-17 18:10:29,1420.56727,1053.78909,1003.52,21.64946,100.0,1010.51969,9.0,-426.89055
2025-10-17 18:10:30,1420.56727,1051.92727,999.79636,21.64946,100.0,1010.49256,9.0,-423.39445
2025-10-17 18:10:30,1416.84364,1057.51273,1003.52,21.65454,100.0,1010.50049,9.0,-427.91328
2025-10-17 18:10:31,1420.56727,1053.78909,1003.52,21.65454,100.0,1010.50049,9.0,-426.58188
2025-10-17 18:10:31,1420.56727,1053.78909,1001.65818,21.65961,100.0,1010.42702,9.0,-423.99462
2025-10-17 18:10:32,1413.12,1053.78909,1001.65818,21.65454,100.0,1010.52762,9.0,-427.63154
2025-10-17 18:10:33,1420.56727,1050.06545,1003.52,21.65454,100.0,1010.47336,9.0,-425.59318
2025-10-17 18:10:33,1418.70545,1051.92727,1001.65818,21.64438,100.0,1010.48464,9.0,-425.17446
2025-10-17 18:10:34,1418.70545,1053.78909,1005.38182,21.66469,100.0,1010.51633,9.0,-428.74735
2025-10-17 18:10:34,1418.70545,1051.92727,1001.65818,21.65454,100.0,1010.47336,9.0,-424.99426
2025-10-17 18:10:35,1418.70545,1051.92727,1001.65818,21.64946,100.0,1010.51969,9.0,-425.74008
2025-10-17 18:10:36,1418.70545,1051.92727,1001.65818,21.64946,100.0,1010.49256,9.0,-425.30293
2025-10-17 18:10:36,1422.42909,1053.78909,1005.38182,21.64946,100.0,1010.51969,9.0,-427.79063
2025-10-17 18:10:37,1420.56727,1053.78909,1003.52,21.65961,100.0,1010.50841,9.0,-426.71037
2025-10-17 18:10:37,1418.70545,1050.06545,999.79636,21.65961,100.0,1010.48128,9.0,-423.41729
2025-10-17 18:10:38,1418.70545,1051.92727,999.79636,21.65454,100.0,1010.47336,9.0,-423.58998
2025-10-17 18:10:39,1420.56727,1053.78909,1003.52,21.64946,100.0,1010.46544,9.0,-426.01625
2025-10-17 18:10:39,1418.70545,1053.78909,1005.38182,21.66469,100.0,1010.4892,9.0,-428.31019
2025-10-17 18:10:40,1420.56727,1050.06545,999.79636,21.65961,100.0,1010.45415,9.0,-422.47594
2025-10-17 18:10:40,1418.70545,1051.92727,999.79636,21.65454,100.0,1010.50049,9.0,-424.02713
2025-10-17 18:10:41,1418.70545,1051.92727,1001.65818,21.65961,100.0,1010.50841,9.0,-425.5599
2025-10-17 18:10:42,1422.42909,1051.92727,1003.52,21.66977,100.0,1010.49713,9.0,-425.77564
2025-10-17 18:10:42,1416.84364,1051.92727,1003.52,21.65961,100.0,1010.45415,9.0,-426.59407
2025-10-17 18:10:43,1422.42909,1051.92727,1007.24364,21.66469,100.0,1010.4892,9.0,-428.4557
2025-10-17 18:10:43,1418.70545,1051.92727,1001.65818,21.66469,100.0,1010.46207,9.0,-424.81408
2025-10-17 18:10:44,1422.42909,1053.78909,1005.38182,21.66977,100.0,1010.47,9.0,-426.99314
2025-10-17 18:10:45,1422.42909,1053.78909,1003.52,21.66469,100.0,1010.46207,9.0,-425.46035
2025-10-17 18:10:45,1418.70545,1050.06545,999.79636,21.66469,100.0,1010.46207,9.0,-423.10863
2025-10-17 18:10:46,1418.70545,1050.06545,999.79636,21.65961,100.0,1010.45415,9.0,-422.98014
2025-10-17 18:10:46,1422.42909,1053.78909,1005.38182,21.66977,100.0,1010.49713,9.0,-427.4303
2025-10-17 18:10:47,1420.56727,1053.78909,1003.52,21.66977,100.0,1010.47,9.0,-426.09305
2025-10-17 18:10:48,1418.70545,1051.92727,1001.65818,21.67484,100.0,1010.53218,9.0,-425.94543
2025-10-17 18:10:48,1418.70545,1053.78909,1001.65818,21.65961,100.0,1010.50841,9.0,-425.81028
2025-10-17 18:10:49,1420.56727,1053.78909,1005.38182,21.65454,100.0,1010.44623,9.0,-427.11186
2025-10-17 18:10:49,1422.42909,1057.51273,1009.10545,21.66469,100.0,1010.54346,9.0,-431.30769
2025-10-17 18:10:50,1418.70545,1051.92727,1001.65818,21.65961,100.0,1010.48128,9.0,-425.12275
2025-10-17 18:10:51,1420.56727,1053.78909,1003.52,21.65961,100.0,1010.50841,9.0,-426.71037
2025-10-17 18:10:52,1422.42909,1055.65091,1005.38182,21.66469,100.0,1010.4892,9.0,-427.49252
2025-10-17 18:10:52,1420.56727,1050.06545,999.79636,21.66469,100.0,1010.4892,9.0,-423.04159
2025-10-17 18:10:53,1420.56727,1051.92727,1001.65818,21.65961,100.0,1010.48128,9.0,-424.61855
2025-10-17 18:10:54,1418.70545,1050.06545,1001.65818,21.66469,100.0,1010.46207,9.0,-424.51291
2025-10-17 18:10:54,1418.70545,1053.78909,1001.65818,21.66469,100.0,1010.4892,9.0,-425.50162
2025-10-17 18:10:55,1424.29091,1055.65091,1007.24364,21.66469,100.0,1010.57059,9.0,-429.70408
2025-10-17 18:10:55,1420.56727,1051.92727,1001.65818,21.66469,100.0,1010.4892,9.0,-424.74704
2025-10-17 18:10:56,1418.70545,1053.78909,1001.65818,21.65454,100.0,1010.44623,9.0,-424.80749
2025-10-17 18:10:57,1420.56727,1053.78909,1001.65818,21.65961,100.0,1010.53554,9.0,-425.74324
2025-10-17 18:10:57,1422.42909,1055.65091,1005.38182,21.66469,100.0,1010.4892,9.0,-427.49252
2025-10-17 18:10:58,1420.56727,1053.78909,1001.65818,21.65454,100.0,1010.47336,9.0,-424.74044
2025-10-17 18:10:59,1418.70545,1051.92727,1001.65818,21.66469,100.0,1010.51633,9.0,-425.6884
2025-10-17 18:10:59,1420.56727,1051.92727,999.79636,21.67484,100.0,1010.53218,9.0,-424.03694
2025-10-17 18:11:00,1422.42909,1055.65091,1005.38182,21.66469,100.0,1010.4892,9.0,-427.49252
2025-10-17 18:11:00,1420.56727,1051.92727,1001.65818,21.66469,100.0,1010.46207,9.0,-424.30989
2025-10-17 18:11:01,1416.84364,1053.78909,999.79636,21.64946,100.0,1010.46544,9.0,-424.21608
2025-10-17 18:11:01,1420.56727,1055.65091,1001.65818,21.65454,100.0,1010.44623,9.0,-424.49401
2025-10-17 18:11:02,1420.56727,1057.51273,1007.24364,21.64946,100.0,1010.46544,9.0,-429.14783
2025-10-17 18:11:03,1418.70545,1051.92727,999.79636,21.65961,100.0,1010.48128,9.0,-423.71846
2025-10-17 18:11:03,1420.56727,1053.78909,1003.52,21.66977,100.0,1010.47,9.0,-426.09305
2025-10-17 18:11:04,1418.70545,1051.92727,1001.65818,21.65961,100.0,1010.48128,9.0,-425.12275
2025-10-17 18:11:05,1420.56727,1053.78909,1003.52,21.66977,100.0,1010.49713,9.0,-426.53022
2025-10-17 18:11:05,1420.56727,1053.78909,1005.38182,21.65961,100.0,1010.45415,9.0,-427.24034
2025-10-17 18:11:06,1418.70545,1051.92727,999.79636,21.66469,100.0,1010.4892,9.0,-423.84696
2025-10-17 18:11:06,1418.70545,1051.92727,1001.65818,21.65961,100.0,1010.48128,9.0,-425.12275
2025-10-17 18:11:07,1420.56727,1051.92727,1001.65818,21.65961,100.0,1010.48128,9.0,-424.61855
2025-10-17 18:11:07,1422.42909,1055.65091,1007.24364,21.65961,100.0,1010.42702,9.0,-427.894
2025-10-17 18:11:08,1420.56727,1051.92727,1001.65818,21.66469,100.0,1010.4892,9.0,-424.74704
2025-10-17 18:11:09,1420.56727,1053.78909,1005.38182,21.65961,100.0,1010.50841,9.0,-428.11465
2025-10-17 18:11:09,1420.56727,1051.92727,1001.65818,21.66469,100.0,1010.51633,9.0,-425.1842
2025-10-17 18:11:10,1422.42909,1055.65091,1007.24364,21.65961,100.0,1010.50841,9.0,-429.20546
2025-10-17 18:11:10,1422.42909,1051.92727,1003.52,21.65961,100.0,1010.48128,9.0,-425.51863
2025-10-17 18:11:11,1420.56727,1053.78909,1003.52,21.65961,100.0,1010.50841,9.0,-426.71037
2025-10-17 18:11:11,1418.70545,1051.92727,1001.65818,21.65454,100.0,1010.47336,9.0,-424.99426
2025-10-17 18:11:12,1420.56727,1051.92727,1003.52,21.67992,100.0,1010.45871,9.0,-425.66254
2025-10-17 18:11:13,1422.42909,1053.78909,1005.38182,21.66977,100.0,1010.41574,9.0,-426.11882
2025-10-17 18:11:13,1422.42909,1050.06545,1001.65818,21.65454,100.0,1010.47336,9.0,-423.68469
2025-10-17 18:11:14,1420.56727,1053.78909,1001.65818,21.65961,100.0,1010.48128,9.0,-424.86893
2025-10-17 18:11:14,1418.70545,1053.78909,1005.38182,21.65961,100.0,1010.50841,9.0,-428.61885
2025-10-17 18:11:15,1420.56727,1055.65091,1007.24364,21.66977,100.0,1010.47,9.0,-429.09234
2025-10-17 18:11:16,1422.42909,1051.92727,1005.38182,21.66469,100.0,1010.46207,9.0,-426.61426
2025-10-17 18:11:16,1422.42909,1051.92727,1001.65818,21.65961,100.0,1010.48128,9.0,-424.11435
2025-10-17 18:11:17,1418.70545,1050.06545,1001.65818,21.66469,100.0,1010.51633,9.0,-425.38723
2025-10-17 18:11:17,1424.29091,1051.92727,1003.52,21.65961,100.0,1010.50841,9.0,-425.45159
2025-10-17 18:11:18,1420.56727,1053.78909,1005.38182,21.66977,100.0,1010.47,9.0,-427.49734
2025-10-17 18:11:18,1422.42909,1051.92727,1003.52,21.65961,100.0,1010.53554,9.0,-426.39294
2025-10-17 18:11:19,1422.42909,1051.92727,1001.65818,21.67484,100.0,1010.53218,9.0,-424.93703
2025-10-17 18:11:20,1422.42909,1050.06545,1001.65818,21.66469,100.0,1010.46207,9.0,-423.50452
2025-10-17 18:11:20,1424.29091,1055.65091,1007.24364,21.67484,100.0,1010.53218,9.0,-429.08679
2025-10-17 18:11:21,1420.56727,1053.78909,1005.38182,21.66977,100.0,1010.49713,9.0,-427.9345
2025-10-17 18:11:21,1422.42909,1050.06545,1001.65818,21.66977,100.0,1010.49713,9.0,-424.07018
2025-10-17 18:11:22,1422.42909,1050.06545,1003.52,21.66977,100.0,1010.47,9.0,-425.0373
2025-10-17 18:11:23,1422.42909,1053.78909,1005.38182,21.66977,100.0,1010.49713,9.0,-427.4303
2025-10-17 18:11:23,1420.56727,1050.06545,1003.52,21.66977,100.0,1010.47,9.0,-425.5415
2025-10-17 18:11:24,1420.56727,1051.92727,1003.52,21.66469,100.0,1010.46207,9.0,-425.71417
2025-10-17 18:11:24,1418.70545,1050.06545,1001.65818,21.66977,100.0,1010.52426,9.0,-425.51574
2025-10-17 18:11:25,1418.70545,1053.78909,1001.65818,21.66977,100.0,1010.47,9.0,-425.19297
2025-10-17 18:11:26,1422.42909,1053.78909,1007.24364,21.66977,100.0,1010.49713,9.0,-428.83459
2025-10-17 18:11:26,1418.70545,1051.92727,1001.65818,21.66977,100.0,1010.52426,9.0,-425.81691
2025-10-17 18:11:27,1418.70545,1053.78909,1003.52,21.66977,100.0,1010.49713,9.0,-427.03441
2025-10-17 18:11:27,1422.42909,1051.92727,1001.65818,21.66977,100.0,1010.49713,9.0,-424.37135
2025-10-17 18:11:28,1424.29091,1051.92727,1007.24364,21.66977,100.0,1010.49713,9.0,-428.08001
2025-10-17 18:11:29,1420.56727,1051.92727,1007.24364,21.66977,100.0,1010.52426,9.0,-429.52556
2025-10-17 18:11:29,1420.56727,1050.06545,1003.52,21.67484,100.0,1010.45079,9.0,-425.23285
2025-10-17 18:11:30,1418.70545,1051.92727,1001.65818,21.685,100.0,1010.54803,9.0,-426.20249
2025-10-17 18:11:30,1422.42909,1053.78909,1003.52,21.66977,100.0,1010.49713,9.0,-426.02602
2025-10-17 18:11:31,1420.56727,1053.78909,1005.38182,21.66977,100.0,1010.49713,9.0,-427.9345
2025-10-17 18:11:32,1420.56727,1050.06545,1003.52,21.67484,100.0,1010.50505,9.0,-426.10718
2025-10-17 18:11:32,1422.42909,1050.06545,1001.65818,21.685,100.0,1010.49377,9.0,-424.01858
2025-10-17 18:11:33,1422.42909,1051.92727,1005.38182,21.66977,100.0,1010.49713,9.0,-427.17992
2025-10-17 18:11:33,1422.42909,1053.78909,1009.10545,21.66977,100.0,1010.47,9.0,-429.80171
2025-10-17 18:11:34,1420.56727,1050.06545,1003.52,21.685,100.0,1010.54803,9.0,-426.80141
2025-10-17 18:11:35,1420.56727,1053.78909,1005.38182,21.685,100.0,1010.49377,9.0,-427.8829
2025-10-17 18:11:35,1422.42909,1048.20364,1001.65818,21.69007,100.0,1010.50169,9.0,-423.80586
2025-10-17 18:11:36,1422.42909,1053.78909,1005.38182,21.685,100.0,1010.46664,9.0,-426.94153
2025-10-17 18:11:36,1420.56727,1051.92727,1005.38182,21.67484,100.0,1010.47792,9.0,-427.37547
2025-10-17 18:11:37,1422.42909,1051.92727,1003.52,21.69007,100.0,1010.50169,9.0,-425.85258
2025-10-17 18:11:37,1422.42909,1050.06545,1001.65818,21.685,100.0,1010.57516,9.0,-425.3301
2025-10-17 18:11:38,1420.56727,1051.92727,1003.52,21.69007,100.0,1010.50169,9.0,-426.35677
2025-10-17 18:11:38,1422.42909,1053.78909,1005.38182,21.685,100.0,1010.54803,9.0,-428.25305
2025-10-17 18:11:39,1420.56727,1053.78909,1001.65818,21.685,100.0,1010.49377,9.0,-425.07433
2025-10-17 18:11:40,1422.42909,1053.78909,1003.52,21.67484,100.0,1010.47792,9.0,-425.71737
2025-10-17 18:11:40,1422.42909,1053.78909,1005.38182,21.67484,100.0,1010.45079,9.0,-426.68449
2025-10-17 18:11:41,1420.56727,1055.65091,1007.24364,21.67484,100.0,1010.45079,9.0,-428.78369
2025-10-17 18:11:42,1420.56727,1051.92727,1005.38182,21.69515,100.0,1010.45535,9.0,-427.01525
2025-10-17 18:11:42,1418.70545,1050.06545,999.79636,21.66977,100.0,1010.47,9.0,-423.23713
2025-10-17 18:11:43,1422.42909,1050.06545,1001.65818,21.67992,100.0,1010.48584,9.0,-423.89005
2025-10-17 18:11:43,1422.42909,1053.78909,1003.52,21.67484,100.0,1010.42366,9.0,-424.84304
2025-10-17 18:11:44,1424.29091,1053.78909,1003.52,21.685,100.0,1010.46664,9.0,-425.03305
2025-10-17 18:11:44,1418.70545,1048.20364,1001.65818,21.67992,100.0,1010.48584,9.0,-424.55718
2025-10-17 18:11:45,1418.70545,1050.06545,999.79636,21.685,100.0,1010.5209,9.0,-424.05987
2025-10-17 18:11:45,1422.42909,1048.20364,1003.52,21.69007,100.0,1010.50169,9.0,-425.21014
2025-10-17 18:11:46,1420.56727,1053.78909,1007.24364,21.70023,100.0,1010.51753,9.0,-429.67283
2025-10-17 18:11:47,1422.42909,1051.92727,1005.38182,21.70023,100.0,1010.5718,9.0,-428.38833
2025-10-17 18:11:47,1420.56727,1050.06545,1001.65818,21.69515,100.0,1010.50961,9.0,-424.77987
2025-10-17 18:11:48,1418.70545,1050.06545,999.79636,21.69515,100.0,1010.48248,9.0,-423.4426
2025-10-17 18:11:48,1422.42909,1051.92727,1005.38182,21.69007,100.0,1010.50169,9.0,-427.25686
2025-10-17 18:11:49,1420.56727,1053.78909,1003.52,21.69515,100.0,1010.53674,9.0,-427.17288
2025-10-17 18:11:49,1420.56727,1050.06545,1001.65818,21.69007,100.0,1010.55595,9.0,-425.52567
2025-10-17 18:11:50,1422.42909,1051.92727,1003.52,21.69007,100.0,1010.47456,9.0,-425.4154
2025-10-17 18:11:51,1420.56727,1051.92727,1001.65818,21.69007,100.0,1010.44743,9.0,-424.07814
2025-10-17 18:11:51,1422.42909,1051.92727,1003.52,21.69007,100.0,1010.44743,9.0,-424.97822
2025-10-17 18:11:52,1422.42909,1051.92727,1003.52,21.69007,100.0,1010.47456,9.0,-425.4154
2025-10-17 18:11:52,1420.56727,1051.92727,1001.65818,21.69007,100.0,1010.52882,9.0,-425.38967
2025-10-17 18:11:53,1420.56727,1051.92727,1005.38182,21.67484,100.0,1010.47792,9.0,-427.37547
2025-10-17 18:11:54,1420.56727,1053.78909,1007.24364,21.685,100.0,1010.49377,9.0,-429.28718
2025-10-17 18:11:54,1422.42909,1053.78909,1003.52,21.69007,100.0,1010.55595,9.0,-426.97731
2025-10-17 18:11:55,1422.42909,1050.06545,1001.65818,21.685,100.0,1010.49377,9.0,-424.01858
2025-10-17 18:11:55,1422.42909,1053.78909,1003.52,21.685,100.0,1010.49377,9.0,-425.97442
2025-10-17 18:11:56,1418.70545,1050.06545,1001.65818,21.685,100.0,1010.49377,9.0,-425.02698
2025-10-17 18:11:57,1420.56727,1051.92727,1005.38182,21.69515,100.0,1010.48248,9.0,-427.45243
2025-10-17 18:11:57,1420.56727,1051.92727,1005.38182,21.69007,100.0,1010.55595,9.0,-428.63541
2025-10-17 18:11:58,1420.56727,1053.78909,1003.52,21.70023,100.0,1010.51753,9.0,-426.86426
2025-10-17 18:11:58,1422.42909,1053.78909,1005.38182,21.69007,100.0,1010.47456,9.0,-427.07007
2025-10-17 18:11:59,1422.42909,1053.78909,1005.38182,21.685,100.0,1010.54803,9.0,-428.25305
2025-10-17 18:12:00,1422.42909,1053.78909,1005.38182,21.685,100.0,1010.5209,9.0,-427.81587
2025-10-17 18:12:00,1418.70545,1050.06545,1001.65818,21.69515,100.0,1010.50961,9.0,-425.28407
2025-10-17 18:12:01,1422.42909,1050.06545,1001.65818,21.685,100.0,1010.46664,9.0,-423.58141
2025-10-17 18:12:02,1422.42909,1051.92727,1003.52,21.67992,100.0,1010.45871,9.0,-425.15834
2025-10-17 18:12:02,1420.56727,1051.92727,1003.52,21.69515,100.0,1010.50961,9.0,-426.48532
2025-10-17 18:12:03,1422.42909,1050.06545,1001.65818,21.69515,100.0,1010.45535,9.0,-423.40131
2025-10-17 18:12:04,1422.42909,1051.92727,1005.38182,21.67992,100.0,1010.48584,9.0,-426.99979
2025-10-17 18:12:04,1424.29091,1050.06545,1005.38182,21.69515,100.0,1010.45535,9.0,-425.70568
2025-10-17 18:12:05,1420.56727,1051.92727,1001.65818,21.69515,100.0,1010.50961,9.0,-425.08104
2025-10-17 18:12:06,1424.29091,1053.78909,1003.52,21.69007,100.0,1010.47456,9.0,-425.16158
2025-10-17 18:12:06,1420.56727,1050.06545,1001.65818,21.69007,100.0,1010.50169,9.0,-424.65132
2025-10-17 18:12:07,1420.56727,1053.78909,1005.38182,21.69515,100.0,1010.50961,9.0,-428.13999
2025-10-17 18:12:07,1422.42909,1051.92727,1005.38182,21.69007,100.0,1010.50169,9.0,-427.25686
2025-10-17 18:12:08,1422.42909,1051.92727,1003.52,21.69515,100.0,1010.50961,9.0,-425.98112
2025-10-17 18:12:09,1422.42909,1050.06545,999.79636,21.70023,100.0,1010.54466,9.0,-423.43713
2025-10-17 18:12:09,1420.56727,1050.06545,1003.52,21.69515,100.0,1010.48248,9.0,-425.74697
2025-10-17 18:12:10,1422.42909,1053.78909,1003.52,21.69515,100.0,1010.56387,9.0,-427.10587
2025-10-17 18:12:10,1422.42909,1051.92727,999.79636,21.69515,100.0,1010.50961,9.0,-423.17256
2025-10-17 18:12:11,1420.56727,1050.06545,1003.52,21.69007,100.0,1010.52882,9.0,-426.49278
2025-10-17 18:12:11,1422.42909,1053.78909,1005.38182,21.66977,100.0,1010.47,9.0,-426.99314
2025-10-17 18:12:12,1424.29091,1055.65091,1007.24364,21.69515,100.0,1010.50961,9.0,-428.7266
2025-10-17 18:12:13,1424.29091,1050.06545,1003.52,21.685,100.0,1010.5209,9.0,-425.35584
2025-10-17 18:12:13,1422.42909,1050.06545,1001.65818,21.69007,100.0,1010.52882,9.0,-424.5843
2025-10-17 18:12:14,1418.70545,1050.06545,999.79636,21.69007,100.0,1010.47456,9.0,-423.31406
2025-10-17 18:12:14,1424.29091,1053.78909,1005.38182,21.70023,100.0,1010.51753,9.0,-427.26015
2025-10-17 18:12:15,1420.56727,1051.92727,1003.52,21.70023,100.0,1010.46327,9.0,-425.73952
2025-10-17 18:12:16,1420.56727,1051.92727,1001.65818,21.69515,100.0,1010.53674,9.0,-425.51822
2025-10-17 18:12:16,1422.42909,1050.06545,999.79636,21.69007,100.0,1010.50169,9.0,-422.74284
2025-10-17 18:12:17,1422.42909,1050.06545,1001.65818,21.69515,100.0,1010.48248,9.0,-423.83849
2025-10-17 18:12:17,1424.29091,1053.78909,1005.38182,21.69007,100.0,1010.47456,9.0,-426.56587
2025-10-17 18:12:18,1422.42909,1053.78909,1007.24364,21.70531,100.0,1010.55259,9.0,-429.73439
2025-10-17 18:12:19,1420.56727,1050.06545,1001.65818,21.70023,100.0,1010.51753,9.0,-424.90843
2025-10-17 18:12:19,1418.70545,1050.06545,1003.52,21.69515,100.0,1010.56387,9.0,-427.56271
2025-10-17 18:12:20,1422.42909,1051.92727,1005.38182,21.69007,100.0,1010.52882,9.0,-427.69404
2025-10-17 18:12:21,1422.42909,1051.92727,1005.38182,21.69515,100.0,1010.48248,9.0,-426.94823
2025-10-17 18:12:21,1420.56727,1048.20364,999.79636,21.69007,100.0,1010.44743,9.0,-422.03142
2025-10-17 18:12:22,1418.70545,1050.06545,1003.52,21.69515,100.0,1010.42822,9.0,-425.37682
2025-10-17 18:12:22,1422.42909,1053.78909,1007.24364,21.69007,100.0,1010.44743,9.0,-428.03718
2025-10-17 18:12:23,1424.29091,1051.92727,1007.24364,21.69007,100.0,1010.47456,9.0,-427.71977
2025-10-17 18:12:23,1422.42909,1050.06545,1001.65818,21.685,100.0,1010.49377,9.0,-424.01858
2025-10-17 18:12:24,1420.56727,1050.06545,1003.52,21.69007,100.0,1010.50169,9.0,-426.0556
2025-10-17 18:12:25,1424.29091,1053.78909,1007.24364,21.66977,100.0,1010.47,9.0,-427.89323
2025-10-17 18:12:25,1422.42909,1051.92727,1003.52,21.69515,100.0,1010.48248,9.0,-425.54395
2025-10-17 18:12:26,1420.56727,1050.06545,997.93455,21.685,100.0,1010.54803,9.0,-422.58856
2025-10-17 18:12:27,1422.42909,1053.78909,1005.38182,21.685,100.0,1010.43951,9.0,-426.50436
2025-10-17 18:12:27,1422.42909,1051.92727,1003.52,21.67992,100.0,1010.43158,9.0,-424.72117
2025-10-17 18:12:28,1422.42909,1051.92727,1005.38182,21.685,100.0,1010.5209,9.0,-427.56549
2025-10-17 18:12:28,1422.42909,1050.06545,1001.65818,21.69007,100.0,1010.50169,9.0,-424.14712
2025-10-17 18:12:29,1420.56727,1051.92727,1003.52,21.69515,100.0,1010.50961,9.0,-426.48532
2025-10-17 18:12:29,1422.42909,1051.92727,1003.52,21.69515,100.0,1010.50961,9.0,-425.98112
2025-10-17 18:12:30,1424.29091,1055.65091,1009.10545,21.685,100.0,1010.49377,9.0,-429.87379
2025-10-17 18:12:31,1420.56727,1053.78909,1005.38182,21.69007,100.0,1010.50169,9.0,-428.01144
2025-10-17 18:12:31,1422.42909,1050.06545,1003.52,21.685,100.0,1010.46664,9.0,-424.98569
2025-10-17 18:12:32,1422.42909,1048.20364,1001.65818,21.67484,100.0,1010.45079,9.0,-422.9831
2025-10-17 18:12:32,1424.29091,1053.78909,1005.38182,21.69007,100.0,1010.50169,9.0,-427.00304
2025-10-17 18:12:33,1424.29091,1053.78909,1005.38182,21.67992,100.0,1010.51297,9.0,-427.18314
2025-10-17 18:12:34,1422.42909,1050.06545,1001.65818,21.69007,100.0,1010.50169,9.0,-424.14712
2025-10-17 18:12:34,1422.42909,1050.06545,1005.38182,21.69007,100.0,1010.55595,9.0,-427.83004
2025-10-17 18:12:35,1422.42909,1050.06545,1001.65818,21.685,100.0,1010.43951,9.0,-423.14424
2025-10-17 18:12:35,1420.56727,1053.78909,1005.38182,21.69007,100.0,1010.55595,9.0,-428.88579
2025-10-17 18:12:36,1422.42909,1051.92727,1003.52,21.685,100.0,1010.49377,9.0,-425.72404
2025-10-17 18:12:36,1424.29091,1050.06545,1003.52,21.685,100.0,1010.54803,9.0,-425.79301
2025-10-17 18:12:37,1424.29091,1051.92727,1005.38182,21.69007,100.0,1010.52882,9.0,-427.18984
2025-10-17 18:12:38,1422.42909,1051.92727,1003.52,21.69007,100.0,1010.47456,9.0,-425.4154
2025-10-17 18:12:38,1424.29091,1051.92727,1005.38182,21.69007,100.0,1010.52882,9.0,-427.18984
2025-10-17 18:12:39,1424.29091,1051.92727,1003.52,21.685,100.0,1010.49377,9.0,-425.21984
2025-10-17 18:12:40,1424.29091,1050.06545,1003.52,21.69007,100.0,1010.50169,9.0,-425.04721
2025-10-17 18:12:40,1420.56727,1050.06545,1001.65818,21.67992,100.0,1010.45871,9.0,-423.95708
2025-10-17 18:12:41,1422.42909,1053.78909,1003.52,21.69007,100.0,1010.55595,9.0,-426.97731
2025-10-17 18:12:41,1422.42909,1050.06545,1001.65818,21.69007,100.0,1010.50169,9.0,-424.14712
2025-10-17 18:12:42,1420.56727,1051.92727,1003.52,21.685,100.0,1010.49377,9.0,-426.22823
2025-10-17 18:12:42,1420.56727,1050.06545,1003.52,21.69007,100.0,1010.50169,9.0,-426.0556
2025-10-17 18:12:43,1424.29091,1053.78909,1007.24364,21.69515,100.0,1010.50961,9.0,-428.53588
2025-10-17 18:12:44,1424.29091,1053.78909,1003.52,21.67484,100.0,1010.47792,9.0,-425.21317
2025-10-17 18:12:44,1420.56727,1050.06545,1003.52,21.69007,100.0,1010.52882,9.0,-426.49278
2025-10-17 18:12:45,1420.56727,1050.06545,1003.52,21.67484,100.0,1010.58644,9.0,-427.41868
2025-10-17 18:12:45,1422.42909,1051.92727,1005.38182,21.69007,100.0,1010.52882,9.0,-427.69404
2025-10-17 18:12:46,1424.29091,1051.92727,1005.38182,21.685,100.0,1010.49377,9.0,-426.62412
2025-10-17 18:12:46,1420.56727,1050.06545,1001.65818,21.69007,100.0,1010.50169,9.0,-424.65132
2025-10-17 18:12:47,1420.56727,1050.06545,1001.65818,21.66977,100.0,1010.52426,9.0,-425.01154
2025-10-17 18:12:48,1418.70545,1050.06545,1001.65818,21.67484,100.0,1010.53218,9.0,-425.64426
2025-10-17 18:12:48,1424.29091,1055.65091,1007.24364,21.67484,100.0,1010.47792,9.0,-428.21246
2025-10-17 18:12:49,1422.42909,1051.92727,1005.38182,21.685,100.0,1010.54803,9.0,-428.00267
2025-10-17 18:12:49,1422.42909,1053.78909,1003.52,21.685,100.0,1010.5209,9.0,-426.41159
2025-10-17 18:12:50,1420.56727,1051.92727,1005.38182,21.66977,100.0,1010.49713,9.0,-427.68412
2025-10-17 18:12:51,1420.56727,1055.65091,1005.38182,21.685,100.0,1010.54803,9.0,-428.94797
2025-10-17 18:12:51,1420.56727,1050.06545,1003.52,21.685,100.0,1010.5209,9.0,-426.36424
2025-10-17 18:12:52,1420.56727,1050.06545,1001.65818,21.69007,100.0,1010.55595,9.0,-425.52567
2025-10-17 18:12:52,1420.56727,1050.06545,1001.65818,21.685,100.0,1010.5209,9.0,-424.95995
2025-10-17 18:12:53,1422.42909,1050.06545,1001.65818,21.66977,100.0,1010.47,9.0,-423.63302
2025-10-17 18:12:54,1422.42909,1053.78909,1005.38182,21.685,100.0,1010.46664,9.0,-426.94153
2025-10-17 18:12:54,1422.42909,1050.06545,1001.65818,21.685,100.0,1010.49377,9.0,-424.01858
2025-10-17 18:12:55,1422.42909,1053.78909,1005.38182,21.66977,100.0,1010.52426,9.0,-427.86746
2025-10-17 18:12:55,1422.42909,1053.78909,1001.65818,21.67992,100.0,1010.45871,9.0,-424.00443
2025-10-17 18:12:56,1424.29091,1053.78909,1007.24364,21.685,100.0,1010.49377,9.0,-428.27879
2025-10-17 18:12:57,1424.29091,1053.78909,1007.24364,21.67484,100.0,1010.47792,9.0,-428.02174
2025-10-17 18:12:57,1422.42909,1050.06545,1003.52,21.69007,100.0,1010.50169,9.0,-425.55141
2025-10-17 18:12:58,1420.56727,1051.92727,1001.65818,21.66977,100.0,1010.47,9.0,-424.43839
2025-10-17 18:12:58,1424.29091,1053.78909,1005.38182,21.67484,100.0,1010.45079,9.0,-426.18029
2025-10-17 18:12:59,1422.42909,1053.78909,1007.24364,21.685,100.0,1010.46664,9.0,-428.34581
2025-10-17 18:12:59,1422.42909,1053.78909,1003.52,21.67484,100.0,1010.45079,9.0,-425.2802
2025-10-17 18:13:00,1424.29091,1051.92727,1003.52,21.67484,100.0,1010.47792,9.0,-424.96279
2025-10-17 18:13:01,1424.29091,1051.92727,1001.65818,21.685,100.0,1010.5209,9.0,-424.25273
2025-10-17 18:13:01,1422.42909,1055.65091,1007.24364,21.69007,100.0,1010.50169,9.0,-429.10225
2025-10-17 18:13:02,1422.42909,1053.78909,1003.52,21.685,100.0,1010.49377,9.0,-425.97442
2025-10-17 18:13:02,1426.15273,1051.92727,1005.38182,21.685,100.0,1010.49377,9.0,-426.11992
2025-10-17 18:13:03,1424.29091,1051.92727,1001.65818,21.685,100.0,1010.43951,9.0,-422.94121
2025-10-17 18:13:04,1422.42909,1051.92727,1003.52,21.69007,100.0,1010.4203,9.0,-424.54105
2025-10-17 18:13:04,1424.29091,1053.78909,1005.38182,21.69007,100.0,1010.55595,9.0,-427.8774
2025-10-17 18:13:05,1424.29091,1053.78909,1003.52,21.67992,100.0,1010.56723,9.0,-426.6532
2025-10-17 18:13:05,1424.29091,1051.92727,1003.52,21.69007,100.0,1010.52882,9.0,-425.78555
2025-10-17 18:13:06,1422.42909,1051.92727,1003.52,21.69007,100.0,1010.52882,9.0,-426.28975
2025-10-17 18:13:07,1424.29091,1051.92727,1003.52,21.66977,100.0,1010.47,9.0,-424.83428
2025-10-17 18:13:07,1424.29091,1051.92727,1003.52,21.67484,100.0,1010.50505,9.0,-425.39995
2025-10-17 18:13:08,1424.29091,1050.06545,1001.65818,21.685,100.0,1010.49377,9.0,-423.51438
2025-10-17 18:13:08,1424.29091,1051.92727,1003.52,21.66977,100.0,1010.52426,9.0,-425.7086
2025-10-17 18:13:09,1424.29091,1053.78909,1009.10545,21.66977,100.0,1010.55139,9.0,-430.609
2025-10-17 18:13:10,1424.29091,1053.78909,1005.38182,21.67992,100.0,1010.5401,9.0,-427.62031
2025-10-17 18:13:10,1422.42909,1053.78909,1003.52,21.685,100.0,1010.54803,9.0,-426.84876
2025-10-17 18:13:11,1420.56727,1051.92727,1003.52,21.66977,100.0,1010.49713,9.0,-426.27983
2025-10-17 18:13:11,1424.29091,1053.78909,1003.52,21.67484,100.0,1010.45079,9.0,-424.776
2025-10-17 18:13:12,1424.29091,1055.65091,1007.24364,21.66977,100.0,1010.52426,9.0,-428.95827
2025-10-17 18:13:13,1422.42909,1053.78909,1003.52,21.685,100.0,1010.5209,9.0,-426.41159
2025-10-17 18:13:13,1424.29091,1051.92727,1003.52,21.66977,100.0,1010.47,9.0,-424.83428
2025-10-17 18:13:14,1424.29091,1051.92727,1003.52,21.67484,100.0,1010.42366,9.0,-424.08846
2025-10-17 18:13:15,1424.29091,1055.65091,1009.10545,21.66469,100.0,1010.4892,9.0,-429.79689
2025-10-17 18:13:16,1426.15273,1055.65091,1007.24364,21.66977,100.0,1010.47,9.0,-427.57975
2025-10-17 18:13:16,1426.15273,1051.92727,1005.38182,21.66977,100.0,1010.52426,9.0,-426.60868
2025-10-17 18:13:17,1426.15273,1057.51273,1010.96727,21.685,100.0,1010.54803,9.0,-431.78051
2025-10-17 18:13:17,1424.29091,1053.78909,1007.24364,21.69007,100.0,1010.47456,9.0,-427.97015
2025-10-17 18:13:18,1424.29091,1051.92727,1003.52,21.66977,100.0,1010.52426,9.0,-425.7086
2025-10-17 18:13:19,1424.29091,1053.78909,1003.52,21.685,100.0,1010.5209,9.0,-425.90739
2025-10-17 18:13:19,1424.29091,1053.78909,1007.24364,21.66977,100.0,1010.52426,9.0,-428.76755
2025-10-17 18:13:20,1426.15273,1053.78909,1007.24364,21.66977,100.0,1010.52426,9.0,-428.26335
2025-10-17 18:13:20,1424.29091,1051.92727,1001.65818,21.66977,100.0,1010.47,9.0,-423.42999
2025-10-17 18:13:21,1422.42909,1051.92727,1005.38182,21.66469,100.0,1010.51633,9.0,-427.48857
2025-10-17 18:13:22,1422.42909,1055.65091,1009.10545,21.66977,100.0,1010.55139,9.0,-431.30391
2025-10-17 18:13:22,1424.29091,1053.78909,1009.10545,21.685,100.0,1010.54803,9.0,-430.55742
2025-10-17 18:13:23,1424.29091,1050.06545,1003.52,21.65961,100.0,1010.56267,9.0,-426.02473
2025-10-17 18:13:24,1424.29091,1051.92727,1003.52,21.66977,100.0,1010.52426,9.0,-425.7086
2025-10-17 18:13:24,1424.29091,1051.92727,1005.38182,21.65961,100.0,1010.45415,9.0,-425.98157
2025-10-17 18:13:25,1424.29091,1055.65091,1009.10545,21.66977,100.0,1010.47,9.0,-429.48823
2025-10-17 18:13:25,1422.42909,1050.06545,1001.65818,21.66469,100.0,1010.46207,9.0,-423.50452
2025-10-17 18:13:26,1424.29091,1055.65091,1007.24364,21.67484,100.0,1010.47792,9.0,-428.21246
2025-10-17 18:13:26,1420.56727,1051.92727,1003.52,21.67484,100.0,1010.42366,9.0,-425.09685
2025-10-17 18:13:27,1424.29091,1053.78909,1007.24364,21.67484,100.0,1010.55931,9.0,-429.33323
2025-10-17 18:13:28,1426.15273,1051.92727,1007.24364,21.67484,100.0,1010.47792,9.0,-427.26716
2025-10-17 18:13:28,1424.29091,1050.06545,1003.52,21.67484,100.0,1010.53218,9.0,-425.53595
2025-10-17 18:13:29,1424.29091,1051.92727,1005.38182,21.66977,100.0,1010.52426,9.0,-427.11288
2025-10-17 18:13:30,1422.42909,1053.78909,1005.38182,21.67992,100.0,1010.51297,9.0,-427.68734
2025-10-17 18:13:30,1422.42909,1053.78909,1007.24364,21.67484,100.0,1010.42366,9.0,-427.65161
2025-10-17 18:13:31,1424.29091,1051.92727,1005.38182,21.67992,100.0,1010.48584,9.0,-426.49559
2025-10-17 18:13:31,1426.15273,1050.06545,1003.52,21.67484,100.0,1010.53218,9.0,-425.03175
2025-10-17 18:13:32,1422.42909,1051.92727,1007.24364,21.69007,100.0,1010.50169,9.0,-428.66114
2025-10-17 18:13:32,1426.15273,1053.78909,1007.24364,21.69007,100.0,1010.50169,9.0,-427.90313
2025-10-17 18:13:33,1422.42909,1051.92727,1005.38182,21.685,100.0,1010.46664,9.0,-426.69115
2025-10-17 18:13:34,1424.29091,1051.92727,1005.38182,21.69007,100.0,1010.44743,9.0,-425.87831
2025-10-17 18:13:34,1424.29091,1051.92727,1009.10545,21.69007,100.0,1010.47456,9.0,-429.12406
2025-10-17 18:13:35,1426.15273,1053.78909,1007.24364,21.69007,100.0,1010.47456,9.0,-427.46595
2025-10-17 18:13:36,1424.29091,1048.20364,1005.38182,21.685,100.0,1010.46664,9.0,-425.54451
2025-10-17 18:13:36,1424.29091,1051.92727,1007.24364,21.67484,100.0,1010.58644,9.0,-429.52002
2025-10-17 18:13:37,1424.29091,1050.06545,1005.38182,21.67484,100.0,1010.47792,9.0,-426.0659
2025-10-17 18:13:37,1426.15273,1051.92727,1007.24364,21.69515,100.0,1010.50961,9.0,-427.7813
2025-10-17 18:13:38,1426.15273,1053.78909,1009.10545,21.67992,100.0,1010.48584,9.0,-429.05034
2025-10-17 18:13:39,1424.29091,1050.06545,1003.52,21.69007,100.0,1010.50169,9.0,-425.04721
2025-10-17 18:13:39,1424.29091,1051.92727,1007.24364,21.67992,100.0,1010.48584,9.0,-427.89988
2025-10-17 18:13:40,1424.29091,1050.06545,1003.52,21.685,100.0,1010.5209,9.0,-425.35584
2025-10-17 18:13:40,1428.01455,1051.92727,1012.82909,21.685,100.0,1010.46664,9.0,-430.79569
2025-10-17 18:13:41,1424.29091,1051.92727,1005.38182,21.69515,100.0,1010.48248,9.0,-426.44403
2025-10-17 18:13:41,1426.15273,1050.06545,1007.24364,21.685,100.0,1010.5209,9.0,-427.66021
2025-10-17 18:13:42,1424.29091,1048.20364,1005.38182,21.69007,100.0,1010.50169,9.0,-426.11023
2025-10-17 18:13:43,1424.29091,1051.92727,1009.10545,21.70023,100.0,1010.4904,9.0,-429.38115
2025-10-17 18:13:43,1426.15273,1050.06545,1005.38182,21.71546,100.0,1010.51417,9.0,-426.15294
2025-10-17 18:13:44,1422.42909,1050.06545,1003.52,21.70023,100.0,1010.54466,9.0,-426.2457
2025-10-17 18:13:44,1424.29091,1048.20364,1005.38182,21.70023,100.0,1010.54466,9.0,-426.80452
2025-10-17 18:13:45,1424.29091,1048.20364,1005.38182,21.69007,100.0,1010.52882,9.0,-426.5474
2025-10-17 18:13:45,1426.15273,1053.78909,1009.10545,21.69515,100.0,1010.50961,9.0,-429.43596
2025-10-17 18:13:46,1424.29091,1050.06545,1007.24364,21.70023,100.0,1010.51753,9.0,-428.11288
2025-10-17 18:13:47,1426.15273,1053.78909,1009.10545,21.685,100.0,1010.49377,9.0,-429.17887
2025-10-17 18:13:47,1422.42909,1050.06545,1005.38182,21.69515,100.0,1010.50961,9.0,-427.08424
2025-10-17 18:13:48,1424.29091,1053.78909,1007.24364,21.69007,100.0,1010.44743,9.0,-427.53298
2025-10-17 18:13:49,1422.42909,1050.06545,1005.38182,21.69007,100.0,1010.47456,9.0,-426.51851
2025-10-17 18:13:49,1426.15273,1048.20364,1005.38182,21.69007,100.0,1010.47456,9.0,-425.16885
2025-10-17 18:13:50,1424.29091,1050.06545,1003.52,21.69007,100.0,1010.52882,9.0,-425.48438
2025-10-17 18:13:50,1422.42909,1053.78909,1009.10545,21.70023,100.0,1010.4904,9.0,-430.13573
2025-10-17 18:13:51,1426.15273,1051.92727,1007.24364,21.70023,100.0,1010.54466,9.0,-428.34704
2025-10-17 18:13:52,1424.29091,1050.06545,1003.52,21.69515,100.0,1010.48248,9.0,-424.73858
2025-10-17 18:13:52,1424.29091,1050.06545,1005.38182,21.69515,100.0,1010.50961,9.0,-426.58004
2025-10-17 18:13:53,1426.15273,1055.65091,1009.10545,21.71038,100.0,1010.50625,9.0,-429.57519
2025-10-17 18:13:53,1428.01455,1057.51273,1012.82909,21.70023,100.0,1010.51753,9.0,-432.1919
2025-10-17 18:13:54,1424.29091,1050.06545,1007.24364,21.69007,100.0,1010.50169,9.0,-427.85578
2025-10-17 18:13:55,1426.15273,1051.92727,1007.24364,21.72054,100.0,1010.52209,9.0,-427.98698
2025-10-17 18:13:55,1424.29091,1050.06545,1009.10545,21.74592,100.0,1010.53457,9.0,-429.80017
2025-10-17 18:13:56,1424.29091,1053.78909,1009.10545,21.7713,100.0,1010.49279,9.0,-429.68332
2025-10-17 18:13:56,1422.42909,1046.34182,1001.65818,21.80684,100.0,1010.46684,9.0,-422.89602
2025-10-17 18:13:57,1424.29091,1046.34182,1003.52,21.84745,100.0,1010.47593,9.0,-423.95154
2025-10-17 18:13:57,1422.42909,1050.06545,1005.38182,21.85253,100.0,1010.51099,9.0,-427.13803
2025-10-17 18:13:58,1424.29091,1051.92727,1009.10545,21.84745,100.0,1010.55734,9.0,-430.48935
2025-10-17 18:13:59,1424.29091,1050.06545,1007.24364,21.85761,100.0,1010.51891,9.0,-428.1669
2025-10-17 18:13:59,1424.29091,1042.61818,1007.24364,21.83222,100.0,1010.53358,9.0,-426.89883
2025-10-17 18:14:00,1424.29091,1037.03273,1009.10545,21.83222,100.0,1010.50644,9.0,-426.73236
2025-10-17 18:14:01,1426.15273,1031.44727,1009.10545,21.82207,100.0,1010.54487,9.0,-426.02435
2025-10-17 18:14:01,1422.42909,1025.86182,1007.24364,21.82207,100.0,1010.51774,9.0,-424.96841
2025-10-17 18:14:02,1422.42909,1016.55273,1005.38182,21.84238,100.0,1010.52229,9.0,-424.68652
2025-10-17 18:14:02,1422.42909,1012.82909,1005.38182,21.85253,100.0,1010.5924,9.0,-426.53323
2025-10-17 18:14:03,1424.29091,1007.24364,1007.24364,21.82715,100.0,1010.57993,9.0,-428.3866
2025-10-17 18:14:03,1422.42909,999.79636,1009.10545,21.82207,100.0,1010.51774,9.0,-430.61768
2025-10-17 18:14:04,1422.42909,992.34909,1009.10545,21.82715,100.0,1010.49852,9.0,-431.03488
2025-10-17 18:14:05,1422.42909,986.76364,1003.52,21.82207,100.0,1010.46346,9.0,-426.40761
2025-10-17 18:14:05,1422.42909,983.04,1003.52,21.82207,100.0,1010.4906,9.0,-426.77254
2025-10-17 18:14:06,1424.29091,983.04,1009.10545,21.83222,100.0,1010.50644,9.0,-430.7387
2025-10-17 18:14:06,1420.56727,983.04,1007.24364,21.85253,100.0,1010.48386,9.0,-429.98333
2025-10-17 18:14:07,1420.56727,981.17818,1003.52,21.84745,100.0,1010.50307,9.0,-427.3978
2025-10-17 18:14:08,1420.56727,981.17818,1001.65818,21.86776,100.0,1010.48048,9.0,-425.6341
2025-10-17 18:14:08,1422.42909,984.90182,1005.38182,21.87791,100.0,1010.52346,9.0,-428.77176
2025-10-17 18:14:09,1420.56727,984.90182,1005.38182,21.88807,100.0,1010.51217,9.0,-429.09631
2025-10-17 18:14:09,1418.70545,983.04,1001.65818,21.88299,100.0,1010.50424,9.0,-426.61021
2025-10-17 18:14:10,1422.42909,984.90182,1005.38182,21.89822,100.0,1010.50087,9.0,-428.41247
2025-10-17 18:14:10,1418.70545,983.04,999.79636,21.9033,100.0,1010.50879,9.0,-425.28396
2025-10-17 18:14:11,1422.42909,988.62545,1005.38182,21.90837,100.0,1010.46243,9.0,-427.80001
2025-10-17 18:14:12,1420.56727,984.90182,1003.52,21.91345,100.0,1010.55177,9.0,-428.33628
2025-10-17 18:14:12,1418.70545,984.90182,1003.52,21.91853,100.0,1010.50541,9.0,-428.09469
2025-10-17 18:14:13,1420.56727,984.90182,1001.65818,21.9236,100.0,1010.43191,9.0,-425.00307
2025-10-17 18:14:13,1416.84364,984.90182,1001.65818,21.91853,100.0,1010.53255,9.0,-427.63194
2025-10-17 18:14:14,1420.56727,984.90182,1005.38182,21.9236,100.0,1010.40477,9.0,-427.37431
2025-10-17 18:14:15,1422.42909,984.90182,1001.65818,21.92868,100.0,1010.46697,9.0,-425.06508
2025-10-17 18:14:15,1416.84364,984.90182,1001.65818,21.94391,100.0,1010.62644,9.0,-429.1511
2025-10-17 18:14:16,1416.84364,983.04,999.79636,21.94899,100.0,1010.58008,9.0,-426.94813
2025-10-17 18:14:16,1418.70545,984.90182,1001.65818,21.94899,100.0,1010.47151,9.0,-426.1517
2025-10-17 18:14:17,1418.70545,983.04,999.79636,21.95914,100.0,1010.43307,9.0,-424.07761
2025-10-17 18:14:18,1418.70545,983.04,999.79636,21.95914,100.0,1010.43307,9.0,-424.07761
2025-10-17 18:14:18,1414.98182,979.31636,999.79636,21.95914,100.0,1010.43307,9.0,-424.88343
2025-10-17 18:14:19,1420.56727,981.17818,1003.52,21.96422,100.0,1010.38671,9.0,-425.55071
2025-10-17 18:14:20,1418.70545,983.04,999.79636,21.97945,100.0,1010.51904,9.0,-425.46805
2025-10-17 18:14:20,1418.70545,977.45455,997.93455,21.97945,100.0,1010.43761,9.0,-422.4012
2025-10-17 18:14:21,1416.84364,977.45455,996.07273,21.9896,100.0,1010.50773,9.0,-422.63376
2025-10-17 18:14:21,1416.84364,981.17818,1001.65818,21.99468,100.0,1010.46137,9.0,-426.36578
2025-10-17 18:14:22,1416.84364,977.45455,997.93455,21.99468,100.0,1010.46137,9.0,-423.29223
2025-10-17 18:14:23,1416.84364,975.59273,997.93455,21.99468,100.0,1010.40708,9.0,-422.23975
2025-10-17 18:14:23,1416.84364,977.45455,997.93455,21.99975,100.0,1010.46929,9.0,-423.42118
2025-10-17 18:14:24,1416.84364,979.31636,997.93455,22.00483,100.0,1010.42292,9.0,-422.82323
2025-10-17 18:14:24,1416.84364,977.45455,999.79636,22.02006,100.0,1010.44668,9.0,-424.46655
2025-10-17 18:14:25,1418.70545,977.45455,999.79636,21.99468,100.0,1010.40708,9.0,-423.31755
2025-10-17 18:14:25,1416.84364,975.59273,1001.65818,22.03021,100.0,1010.46252,9.0,-425.9511
2025-10-17 18:14:26,1414.98182,973.73091,996.07273,22.00991,100.0,1010.37655,9.0,-420.64561
2025-10-17 18:14:27,1416.84364,975.59273,996.07273,22.01498,100.0,1010.43876,9.0,-421.3513
2025-10-17 18:14:28,1416.84364,971.86909,996.07273,22.03021,100.0,1010.43537,9.0,-420.86586
2025-10-17 18:14:28,1413.12,973.73091,992.34909,22.02514,100.0,1010.48174,9.0,-420.04036
2025-10-17 18:14:29,1413.12,971.86909,997.93455,22.03529,100.0,1010.389,9.0,-422.53271
2025-10-17 18:14:30,1414.98182,973.73091,996.07273,22.03529,100.0,1010.47044,9.0,-422.1653
2025-10-17 18:14:30,1413.12,971.86909,996.07273,22.03529,100.0,1010.47044,9.0,-422.44066
2025-10-17 18:14:31,1416.84364,971.86909,996.07273,22.05052,100.0,1010.46705,9.0,-421.38186
2025-10-17 18:14:31,1414.98182,970.00727,997.93455,22.04544,100.0,1010.40484,9.0,-422.04287
2025-10-17 18:14:32,1416.84364,975.59273,999.79636,22.05052,100.0,1010.43991,9.0,-424.18798
2025-10-17 18:14:33,1413.12,968.14545,992.34909,22.06067,100.0,1010.51004,9.0,-419.78302
2025-10-17 18:14:33,1413.12,970.00727,994.21091,22.0556,100.0,1010.42068,9.0,-419.9965
2025-10-17 18:14:34,1413.12,968.14545,992.34909,22.0556,100.0,1010.44782,9.0,-418.77914
2025-10-17 18:14:34,1413.12,971.86909,997.93455,22.07083,100.0,1010.44444,9.0,-423.43577
2025-10-17 18:14:35,1411.25818,970.00727,996.07273,22.08098,100.0,1010.48742,9.0,-422.98756
2025-10-17 18:14:35,1409.39636,968.14545,994.21091,22.08098,100.0,1010.46027,9.0,-421.39953
2025-10-17 18:14:36,1411.25818,964.42182,990.48727,22.0759,100.0,1010.4795,9.0,-417.90525
2025-10-17 18:14:37,1414.98182,968.14545,994.21091,22.08606,100.0,1010.44105,9.0,-419.57853
2025-10-17 18:14:37,1413.12,970.00727,996.07273,22.09114,100.0,1010.42182,9.0,-421.42911
2025-10-17 18:14:38,1409.39636,968.14545,990.48727,22.09114,100.0,1010.36752,9.0,-417.09925
2025-10-17 18:14:38,1411.25818,968.14545,996.07273,22.08606,100.0,1010.46819,9.0,-422.42866
2025-10-17 18:14:39,1411.25818,966.28364,994.21091,22.09114,100.0,1010.47611,9.0,-420.90397
2025-10-17 18:14:40,1411.25818,970.00727,996.07273,22.09114,100.0,1010.42182,9.0,-421.93331
2025-10-17 18:14:40,1411.25818,964.42182,992.34909,22.09621,100.0,1010.40259,9.0,-418.07591
2025-10-17 18:14:41,1409.39636,962.56,988.62545,22.11144,100.0,1010.45349,9.0,-416.37261
2025-10-17 18:14:41,1411.25818,964.42182,992.34909,22.10129,100.0,1010.43765,9.0,-418.64242
2025-10-17 18:14:42,1411.25818,962.56,990.48727,22.08098,100.0,1010.40598,9.0,-416.49839
2025-10-17 18:14:42,1409.39636,966.28364,992.34909,22.10637,100.0,1010.36413,9.0,-418.20376
2025-10-17 18:14:43,1411.25818,962.56,988.62545,22.11652,100.0,1010.46141,9.0,-415.99748
2025-10-17 18:14:43,1409.39636,964.42182,990.48727,22.11652,100.0,1010.43426,9.0,-417.69206
2025-10-17 18:14:44,1411.25818,964.42182,994.21091,22.11144,100.0,1010.42634,9.0,-419.86736
2025-10-17 18:14:45,1411.25818,966.28364,994.21091,22.1216,100.0,1010.36074,9.0,-419.05356
2025-10-17 18:14:46,1409.39636,962.56,990.48727,22.12667,100.0,1010.42295,9.0,-417.28917
2025-10-17 18:14:46,1413.12,962.56,992.34909,22.12667,100.0,1010.47725,9.0,-418.56001
2025-10-17 18:14:47,1409.39636,960.69818,988.62545,22.13683,100.0,1010.43879,9.0,-415.94431
2025-10-17 18:14:47,1407.53455,966.28364,990.48727,22.14698,100.0,1010.40032,9.0,-417.89877
2025-10-17 18:14:48,1411.25818,962.56,992.34909,22.1419,100.0,1010.44671,9.0,-418.57651
2025-10-17 18:14:48,1409.39636,960.69818,986.76364,22.15713,100.0,1010.41616,9.0,-414.18143
2025-10-17 18:14:49,1409.39636,958.83636,988.62545,22.1419,100.0,1010.39241,9.0,-415.03245
2025-10-17 18:14:50,1409.39636,958.83636,986.76364,22.14698,100.0,1010.40032,9.0,-413.75726
2025-10-17 18:14:50,1409.39636,968.14545,994.21091,22.13683,100.0,1010.38449,9.0,-420.19442
2025-10-17 18:14:51,1409.39636,960.69818,988.62545,22.15713,100.0,1010.36186,9.0,-414.71072
2025-10-17 18:14:51,1409.39636,962.56,990.48727,22.15206,100.0,1010.51684,9.0,-418.8096
2025-10-17 18:14:52,1409.39636,958.83636,988.62545,22.14698,100.0,1010.42747,9.0,-415.59903
2025-10-17 18:14:53,1409.39636,958.83636,986.76364,22.16221,100.0,1010.36978,9.0,-413.26955
2025-10-17 18:14:53,1405.67273,956.97455,988.62545,22.15206,100.0,1010.40824,9.0,-416.17373
2025-10-17 18:14:54,1407.53455,953.25091,984.90182,22.14698,100.0,1010.31888,9.0,-411.32254
2025-10-17 18:14:54,1407.53455,953.25091,984.90182,22.15206,100.0,1010.29964,9.0,-411.01413
2025-10-17 18:14:55,1409.39636,955.11273,988.62545,22.15206,100.0,1010.35394,9.0,-414.21365
2025-10-17 18:14:56,1409.39636,951.38909,988.62545,22.13683,100.0,1010.24874,9.0,-412.53808
2025-10-17 18:14:56,1405.67273,951.38909,984.90182,22.15206,100.0,1010.35394,9.0,-412.4376
2025-10-17 18:14:57,1409.39636,951.38909,986.76364,22.1419,100.0,1010.33811,9.0,-412.57532
2025-10-17 18:14:58,1405.67273,953.25091,988.62545,22.1419,100.0,1010.36526,9.0,-415.3812
2025-10-17 18:14:58,1407.53455,953.25091,990.48727,22.14698,100.0,1010.31888,9.0,-415.53539
2025-10-17 18:14:59,1407.53455,947.66545,984.90182,22.13683,100.0,1010.35734,9.0,-412.29648
2025-10-17 18:14:59,1403.81091,947.66545,984.90182,22.15713,100.0,1010.33471,9.0,-412.94623
2025-10-17 18:15:00,1401.94909,947.66545,984.90182,22.14698,100.0,1010.31888,9.0,-413.19226
2025-10-17 18:15:00,1403.81091,949.52727,988.62545,22.1419,100.0,1010.33811,9.0,-415.60886
2025-10-17 18:15:01,1405.67273,947.66545,984.90182,22.16221,100.0,1010.31548,9.0,-412.13363
2025-10-17 18:15:02,1405.67273,949.52727,986.76364,22.16729,100.0,1010.29625,9.0,-413.03333
2025-10-17 18:15:02,1403.81091,949.52727,984.90182,22.16729,100.0,1010.35055,9.0,-413.00824
2025-10-17 18:15:03,1407.53455,956.97455,988.62545,22.16729,100.0,1010.3234,9.0,-414.30683
2025-10-17 18:15:03,1407.53455,949.52727,986.76364,22.17744,100.0,1010.33923,9.0,-413.22483
2025-10-17 18:15:04,1405.67273,951.38909,988.62545,22.18759,100.0,1010.35506,9.0,-415.27488
2025-10-17 18:15:05,1401.94909,953.25091,984.90182,22.16729,100.0,1010.3234,9.0,-412.91399
2025-10-17 18:15:05,1403.81091,951.38909,984.90182,22.17744,100.0,1010.39353,9.0,-413.5873
2025-10-17 18:15:06,1405.67273,953.25091,986.76364,22.18252,100.0,1010.3743,9.0,-414.13471
2025-10-17 18:15:06,1403.81091,949.52727,981.17818,22.18252,100.0,1010.32,9.0,-409.71197
2025-10-17 18:15:07,1407.53455,951.38909,988.62545,22.19267,100.0,1010.30868,9.0,-414.02476
2025-10-17 18:15:08,1405.67273,955.11273,988.62545,22.18759,100.0,1010.32791,9.0,-414.81325
2025-10-17 18:15:08,1405.67273,953.25091,986.76364,22.19775,100.0,1010.3166,9.0,-413.20951
2025-10-17 18:15:09,1405.67273,953.25091,984.90182,22.2079,100.0,1010.35958,9.0,-412.501
2025-10-17 18:15:09,1403.81091,958.83636,986.76364,22.20282,100.0,1010.32451,9.0,-414.06499
2025-10-17 18:15:10,1403.81091,956.97455,986.76364,22.21805,100.0,1010.32111,9.0,-413.88955
2025-10-17 18:15:11,1403.81091,951.38909,979.31636,22.21805,100.0,1010.40257,9.0,-409.53244
2025-10-17 18:15:11,1403.81091,955.11273,983.04,22.2079,100.0,1010.35958,9.0,-411.62108
2025-10-17 18:15:12,1401.94909,955.11273,981.17818,22.22821,100.0,1010.30979,9.0,-409.92493
2025-10-17 18:15:12,1400.08727,958.83636,984.90182,22.22821,100.0,1010.71709,9.0,-420.00288
2025-10-17 18:15:13,1401.94909,955.11273,983.04,22.21298,100.0,1010.28604,9.0,-410.94181
2025-10-17 18:15:14,1401.94909,953.25091,981.17818,22.2079,100.0,1010.27813,9.0,-409.38824
2025-10-17 18:15:14,1403.81091,955.11273,983.04,22.22313,100.0,1010.32903,9.0,-411.13342
2025-10-17 18:15:15,1403.81091,953.25091,981.17818,22.21298,100.0,1010.39465,9.0,-410.7633
2025-10-17 18:15:15,1400.08727,955.11273,981.17818,22.22313,100.0,1010.32903,9.0,-410.73753
2025-10-17 18:15:16,1401.94909,956.97455,981.17818,22.21805,100.0,1010.32111,9.0,-410.18089
2025-10-17 18:15:17,1401.94909,958.83636,983.04,22.21805,100.0,1010.32111,9.0,-411.71048
2025-10-17 18:15:17,1401.94909,955.11273,977.45455,22.21298,100.0,1010.34035,9.0,-407.60403
2025-10-17 18:15:18,1401.94909,956.97455,979.31636,22.21805,100.0,1010.26681,9.0,-407.90154
2025-10-17 18:15:18,1398.22545,960.69818,979.31636,22.23328,100.0,1010.31771,9.0,-410.02616
2025-10-17 18:15:19,1401.94909,960.69818,979.31636,22.22313,100.0,1010.41049,9.0,-410.50965
2025-10-17 18:15:19,1401.94909,964.42182,983.04,22.21805,100.0,1010.48403,9.0,-414.92398
2025-10-17 18:15:20,1400.08727,962.56,979.31636,22.21805,100.0,1010.48403,9.0,-412.39605
2025-10-17 18:15:21,1400.08727,960.69818,975.59273,22.21298,100.0,1010.50326,9.0,-409.69712
2025-10-17 18:15:21,1400.08727,960.69818,979.31636,22.22313,100.0,1010.43764,9.0,-411.45139
2025-10-17 18:15:22,1401.94909,968.14545,984.90182,22.22313,100.0,1010.38333,9.0,-415.19718
2025-10-17 18:15:22,1401.94909,968.14545,975.59273,22.22313,100.0,1010.41049,9.0,-408.61329
2025-10-17 18:15:23,1400.08727,970.00727,979.31636,22.22313,100.0,1010.43764,9.0,-412.61411
2025-10-17 18:15:24,1401.94909,968.14545,977.45455,22.21298,100.0,1010.44896,9.0,-410.63436
2025-10-17 18:15:24,1403.81091,968.14545,979.31636,22.22821,100.0,1010.55417,9.0,-413.23454
2025-10-17 18:15:25,1398.22545,968.14545,977.45455,22.22313,100.0,1010.49194,9.0,-412.3386
2025-10-17 18:15:25,1400.08727,966.28364,977.45455,22.23328,100.0,1010.53493,9.0,-412.28083
2025-10-17 18:15:26,1400.08727,968.14545,977.45455,22.22313,100.0,1010.43764,9.0,-410.95932
2025-10-17 18:15:26,1400.08727,968.14545,977.45455,22.21805,100.0,1010.45687,9.0,-411.26771
2025-10-17 18:15:27,1401.94909,971.86909,981.17818,22.22313,100.0,1010.41049,9.0,-413.32028
2025-10-17 18:15:28,1400.08727,970.00727,975.59273,22.21298,100.0,1010.4218,9.0,-409.54724
2025-10-17 18:15:28,1401.94909,977.45455,981.17818,22.21805,100.0,1010.40257,9.0,-413.80382
2025-10-17 18:15:29,1401.94909,973.73091,979.31636,22.21805,100.0,1010.56548,9.0,-414.64092
2025-10-17 18:15:30,1400.08727,977.45455,984.90182,22.21298,100.0,1010.47611,9.0,-418.30004
2025-10-17 18:15:30,1401.94909,973.73091,977.45455,22.21805,100.0,1010.53833,9.0,-412.7991
2025-10-17 18:15:31,1400.08727,977.45455,979.31636,22.21805,100.0,1010.45687,9.0,-413.77881
2025-10-17 18:15:31,1400.08727,971.86909,977.45455,22.2079,100.0,1010.44104,9.0,-411.50355
2025-10-17 18:15:32,1400.08727,973.73091,979.31636,22.2079,100.0,1010.49534,9.0,-414.01173
2025-10-17 18:15:32,1400.08727,970.00727,981.17818,22.21805,100.0,1010.53833,9.0,-415.63939
2025-10-17 18:15:33,1400.08727,968.14545,975.59273,22.21805,100.0,1010.45687,9.0,-409.86342
2025-10-17 18:15:34,1398.22545,966.28364,977.45455,22.20282,100.0,1010.40597,9.0,-410.69749
2025-10-17 18:15:34,1396.36364,968.14545,979.31636,22.2079,100.0,1010.54965,9.0,-415.17222
2025-10-17 18:15:35,1398.22545,966.28364,979.31636,22.2079,100.0,1010.38673,9.0,-411.79338
2025-10-17 18:15:35,1398.22545,962.56,975.59273,22.22821,100.0,1010.30979,9.0,-407.28719
2025-10-17 18:15:36,1396.36364,966.28364,979.31636,22.21805,100.0,1010.45687,9.0,-413.43094
2025-10-17 18:15:37,1398.22545,966.28364,975.59273,22.2079,100.0,1010.38673,9.0,-408.98481
2025-10-17 18:15:37,1400.08727,970.00727,979.31636,22.20282,100.0,1010.37882,9.0,-411.66
2025-10-17 18:15:38,1398.22545,964.42182,973.73091,22.21805,100.0,1010.40257,9.0,-407.59834
2025-10-17 18:15:39,1396.36364,962.56,973.73091,22.21805,100.0,1010.40257,9.0,-407.87898
2025-10-17 18:15:39,1400.08727,968.14545,977.45455,22.21298,100.0,1010.34035,9.0,-409.38842
2025-10-17 18:15:40,1398.22545,968.14545,977.45455,22.2079,100.0,1010.41389,9.0,-411.07608
2025-10-17 18:15:41,1396.36364,962.56,973.73091,22.21298,100.0,1010.34035,9.0,-406.87477
2025-10-17 18:15:41,1398.22545,964.42182,973.73091,22.2079,100.0,1010.38673,9.0,-407.34006
2025-10-17 18:15:42,1396.36364,973.73091,973.73091,22.20282,100.0,1010.43312,9.0,-409.80307
2025-10-17 18:15:42,1396.36364,971.86909,977.45455,22.2079,100.0,1010.35958,9.0,-411.19935
2025-10-17 18:15:43,1394.50182,975.59273,975.59273,22.19267,100.0,1010.41728,9.0,-411.65942
2025-10-17 18:15:44,1394.50182,973.73091,971.86909,22.20282,100.0,1010.40597,9.0,-408.46546
2025-10-17 18:15:44,1396.36364,971.86909,973.73091,22.19267,100.0,1010.41728,9.0,-409.31597
2025-10-17 18:15:45,1398.22545,973.73091,975.59273,22.18759,100.0,1010.43652,9.0,-410.75328
2025-10-17 18:15:45,1398.22545,975.59273,975.59273,22.19267,100.0,1010.44444,9.0,-411.08855
2025-10-17 18:15:46,1398.22545,977.45455,977.45455,22.18759,100.0,1010.38222,9.0,-411.66638
2025-10-17 18:15:47,1396.36364,975.59273,971.86909,22.18252,100.0,1010.3743,9.0,-407.6509
2025-10-17 18:15:47,1396.36364,983.04,977.45455,22.18252,100.0,1010.40145,9.0,-412.82941
2025-10-17 18:15:48,1396.36364,983.04,979.31636,22.17236,100.0,1010.43992,9.0,-414.85048
2025-10-17 18:15:49,1398.22545,984.90182,977.45455,22.18252,100.0,1010.40145,9.0,-412.37812
2025-10-17 18:15:49,1398.22545,983.04,973.73091,22.17236,100.0,1010.43992,9.0,-410.13343
2025-10-17 18:15:50,1398.22545,983.04,973.73091,22.17744,100.0,1010.42068,9.0,-409.82504
2025-10-17 18:15:50,1398.22545,981.17818,973.73091,22.17744,100.0,1010.36638,9.0,-408.86456
2025-10-17 18:15:51,1398.22545,984.90182,977.45455,22.17236,100.0,1010.33131,9.0,-411.24488
2025-10-17 18:15:51,1398.22545,988.62545,977.45455,22.16221,100.0,1010.36978,9.0,-411.86617
2025-10-17 18:15:52,1398.22545,992.34909,977.45455,22.16729,100.0,1010.3777,9.0,-411.85862
2025-10-17 18:15:53,1398.22545,983.04,973.73091,22.18759,100.0,1010.40937,9.0,-409.64577
2025-10-17 18:15:53,1394.50182,988.62545,977.45455,22.16729,100.0,1010.3777,9.0,-413.00366
2025-10-17 18:15:54,1396.36364,990.48727,975.59273,22.17236,100.0,1010.38561,9.0,-411.17406
2025-10-17 18:15:55,1398.22545,988.62545,979.31636,22.16221,100.0,1010.42408,9.0,-414.14545
2025-10-17 18:15:55,1398.22545,990.48727,977.45455,22.15713,100.0,1010.36186,9.0,-411.68684
2025-10-17 18:15:56,1396.36364,992.34909,975.59273,22.15713,100.0,1010.33471,9.0,-410.26284
2025-10-17 18:15:56,1396.36364,988.62545,977.45455,22.15206,100.0,1010.43539,9.0,-413.42465
2025-10-17 18:15:57,1396.36364,986.76364,971.86909,22.15206,100.0,1010.35394,9.0,-407.91427
2025-10-17 18:15:58,1396.36364,990.48727,973.73091,22.15206,100.0,1010.40824,9.0,-410.12836
2025-10-17 18:15:58,1396.36364,990.48727,973.73091,22.14698,100.0,1010.37318,9.0,-409.56178
2025-10-17 18:15:59,1398.22545,990.48727,975.59273,22.1419,100.0,1010.31096,9.0,-409.45781
2025-10-17 18:15:59,1396.36364,986.76364,973.73091,22.15206,100.0,1010.35394,9.0,-409.31855
2025-10-17 18:16:00,1394.50182,992.34909,975.59273,22.15713,100.0,1010.44331,9.0,-412.51702
2025-10-17 18:16:00,1398.22545,988.62545,975.59273,22.16221,100.0,1010.34263,9.0,-410.02438
2025-10-17 18:16:01,1400.08727,992.34909,983.04,22.16221,100.0,1010.31548,9.0,-414.56318
2025-10-17 18:16:02,1394.50182,988.62545,973.73091,22.15206,100.0,1010.43539,9.0,-411.12028
2025-10-17 18:16:02,1396.36364,990.48727,975.59273,22.15713,100.0,1010.36186,9.0,-410.78675
2025-10-17 18:16:03,1394.50182,988.62545,973.73091,22.15206,100.0,1010.40824,9.0,-410.68279
2025-10-17 18:16:04,1400.08727,990.48727,975.59273,22.15206,100.0,1010.35394,9.0,-409.64927
2025-10-17 18:16:04,1396.36364,986.76364,973.73091,22.15206,100.0,1010.35394,9.0,-409.31855
2025-10-17 18:16:05,1396.36364,990.48727,971.86909,22.16221,100.0,1010.45123,9.0,-409.41978
2025-10-17 18:16:05,1398.22545,990.48727,971.86909,22.14698,100.0,1010.29173,9.0,-406.34083
2025-10-17 18:16:06,1398.22545,994.21091,975.59273,22.13683,100.0,1010.35734,9.0,-409.99377
2025-10-17 18:16:07,1396.36364,996.07273,977.45455,22.14698,100.0,1010.34603,9.0,-411.56141
2025-10-17 18:16:07,1394.50182,994.21091,973.73091,22.13683,100.0,1010.38449,9.0,-410.03536
2025-10-17 18:16:08,1398.22545,992.34909,973.73091,22.13683,100.0,1010.33019,9.0,-408.27552
2025-10-17 18:16:09,1398.22545,996.07273,975.59273,22.1419,100.0,1010.41956,9.0,-410.8363
2025-10-17 18:16:09,1396.36364,997.93455,975.59273,22.1419,100.0,1010.39241,9.0,-410.70258
2025-10-17 18:16:10,1396.36364,994.21091,973.73091,22.13175,100.0,1010.43087,9.0,-410.27704
2025-10-17 18:16:10,1398.22545,994.21091,971.86909,22.13683,100.0,1010.43879,9.0,-408.49764
2025-10-17 18:16:11,1398.22545,997.93455,977.45455,22.12667,100.0,1010.42295,9.0,-412.09038
2025-10-17 18:16:11,1400.08727,996.07273,975.59273,22.13175,100.0,1010.40372,9.0,-410.07393
2025-10-17 18:16:12,1398.22545,996.07273,975.59273,22.11652,100.0,1010.35282,9.0,-409.75345
2025-10-17 18:16:13,1396.36364,994.21091,971.86909,22.11652,100.0,1010.37997,9.0,-408.04807
2025-10-17 18:16:13,1394.50182,996.07273,973.73091,22.11652,100.0,1010.29852,9.0,-408.48263
2025-10-17 18:16:14,1401.94909,1001.65818,981.17818,22.11652,100.0,1010.32567,9.0,-411.79879
2025-10-17 18:16:14,1398.22545,1001.65818,977.45455,22.1216,100.0,1010.38788,9.0,-411.00262
2025-10-17 18:16:15,1398.22545,997.93455,973.73091,22.10637,100.0,1010.44557,9.0,-409.64047
2025-10-17 18:16:16,1398.22545,999.79636,975.59273,22.10637,100.0,1010.28269,9.0,-408.17975
2025-10-17 18:16:16,1396.36364,1003.52,977.45455,22.09621,100.0,1010.40259,9.0,-411.41625
2025-10-17 18:16:17,1400.08727,1001.65818,977.45455,22.09114,100.0,1010.36752,9.0,-410.16156
2025-10-17 18:16:17,1398.22545,1003.52,975.59273,22.10129,100.0,1010.35621,9.0,-408.7619
2025-10-17 18:16:18,1398.22545,1001.65818,973.73091,22.08606,100.0,1010.3596,9.0,-407.72816
2025-10-17 18:16:19,1398.22545,1005.38182,973.73091,22.09621,100.0,1010.37544,9.0,-407.31466
2025-10-17 18:16:19,1398.22545,1009.10545,979.31636,22.0759,100.0,1010.39806,9.0,-411.1268
2025-10-17 18:16:20,1398.22545,1010.96727,977.45455,22.06575,100.0,1010.32793,9.0,-408.19991
2025-10-17 18:16:20,1400.08727,1009.10545,975.59273,22.0556,100.0,1010.2578,9.0,-405.54827
2025-10-17 18:16:21,1400.08727,1009.10545,975.59273,22.05052,100.0,1010.35847,9.0,-407.16897
2025-10-17 18:16:22,1400.08727,1012.82909,977.45455,22.0556,100.0,1010.36639,9.0,-407.92847
2025-10-17 18:16:22,1400.08727,1010.96727,979.31636,22.0556,100.0,1010.42068,9.0,-410.59169
2025-10-17 18:16:23,1400.08727,1010.96727,975.59273,22.04544,100.0,1010.29626,9.0,-405.77544
2025-10-17 18:16:23,1400.08727,1009.10545,975.59273,22.05052,100.0,1010.33132,9.0,-406.73155
2025-10-17 18:16:24,1400.08727,1010.96727,973.73091,22.0556,100.0,1010.33924,9.0,-405.06656
2025-10-17 18:16:25,1400.08727,1010.96727,979.31636,22.05052,100.0,1010.38561,9.0,-410.02526
2025-10-17 18:16:25,1398.22545,1009.10545,975.59273,22.04544,100.0,1010.40484,9.0,-408.41901
2025-10-17 18:16:26,1401.94909,1012.82909,981.17818,22.06067,100.0,1010.34716,9.0,-409.92442
2025-10-17 18:16:26,1400.08727,1010.96727,977.45455,22.0556,100.0,1010.33924,9.0,-407.87513
2025-10-17 18:16:27,1401.94909,1010.96727,979.31636,22.04037,100.0,1010.36978,9.0,-409.26308
2025-10-17 18:16:28,1401.94909,1014.69091,979.31636,22.05052,100.0,1010.4942,9.0,-410.51738
2025-10-17 18:16:28,1398.22545,1007.24364,973.73091,22.04544,100.0,1010.43199,9.0,-407.83827
2025-10-17 18:16:29,1396.36364,1009.10545,975.59273,22.05052,100.0,1010.43991,9.0,-409.48964
2025-10-17 18:16:29,1398.22545,1010.96727,977.45455,22.03021,100.0,1010.40823,9.0,-409.48404
2025-10-17 18:16:30,1400.08727,1012.82909,979.31636,22.03529,100.0,1010.55187,9.0,-412.31609
2025-10-17 18:16:31,1398.22545,1012.82909,979.31636,22.03529,100.0,1010.28042,9.0,-408.44616
2025-10-17 18:16:31,1400.08727,1010.96727,975.59273,22.03021,100.0,1010.29965,9.0,-405.82592
2025-10-17 18:16:32,1400.08727,1016.55273,979.31636,22.03021,100.0,1010.3268,9.0,-407.97325
2025-10-17 18:16:32,1401.94909,1018.41455,981.17818,22.02006,100.0,1010.36525,9.0,-409.17811
2025-10-17 18:16:33,1398.22545,1014.69091,977.45455,22.03021,100.0,1010.29965,9.0,-406.98104
2025-10-17 18:16:34,1403.81091,1020.27636,984.90182,22.03021,100.0,1010.24536,9.0,-409.28369
2025-10-17 18:16:34,1398.22545,1016.55273,977.45455,22.03021,100.0,1010.40823,9.0,-408.38538
2025-10-17 18:16:35,1401.94909,1016.55273,983.04,22.01498,100.0,1010.35733,9.0,-410.76552
2025-10-17 18:16:36,1401.94909,1014.69091,979.31636,22.01498,100.0,1010.33018,9.0,-407.86484
2025-10-17 18:16:36,1400.08727,1016.55273,983.04,22.01498,100.0,1010.33018,9.0,-410.83232
2025-10-17 18:16:37,1398.22545,1016.55273,981.17818,22.02006,100.0,1010.41953,9.0,-411.3734
2025-10-17 18:16:37,1400.08727,1018.41455,979.31636,22.02006,100.0,1010.44668,9.0,-409.59023
2025-10-17 18:16:38,1403.81091,1018.41455,981.17818,22.01498,100.0,1010.41162,9.0,-409.41974
2025-10-17 18:16:38,1400.08727,1016.55273,979.31636,22.02006,100.0,1010.36525,9.0,-408.59011
2025-10-17 18:16:39,1401.94909,1018.41455,979.31636,21.99975,100.0,1010.33357,9.0,-407.25801
2025-10-17 18:16:40,1401.94909,1020.27636,979.31636,21.99468,100.0,1010.37994,9.0,-407.73413
2025-10-17 18:16:40,1401.94909,1022.13818,981.17818,21.9896,100.0,1010.31773,9.0,-407.9166
2025-10-17 18:16:41,1398.22545,1020.27636,979.31636,21.99468,100.0,1010.37994,9.0,-408.74253
2025-10-17 18:16:42,1398.22545,1020.27636,977.45455,21.9896,100.0,1010.48059,9.0,-408.95883
2025-10-17 18:16:42,1400.08727,1022.13818,979.31636,21.99975,100.0,1010.33357,9.0,-407.27438
2025-10-17 18:16:43,1401.94909,1022.13818,984.90182,21.99468,100.0,1010.3528,9.0,-411.29148
2025-10-17 18:16:43,1401.94909,1022.13818,979.31636,21.99468,100.0,1010.29851,9.0,-406.20386
2025-10-17 18:16:44,1401.94909,1024.0,979.31636,21.98452,100.0,1010.33696,9.0,-406.66342
2025-10-17 18:16:44,1400.08727,1024.0,981.17818,21.97437,100.0,1010.34826,9.0,-408.75144
2025-10-17 18:16:45,1403.81091,1025.86182,984.90182,21.97437,100.0,1010.32112,9.0,-410.02686
2025-10-17 18:16:46,1403.81091,1027.72364,983.04,21.97945,100.0,1010.3019,9.0,-408.30591
2025-10-17 18:16:46,1401.94909,1027.72364,984.90182,21.98452,100.0,1010.85267,9.0,-419.09089
2025-10-17 18:16:47,1407.53455,1029.58545,988.62545,21.96422,100.0,1010.27814,9.0,-411.2004
2025-10-17 18:16:48,1403.81091,1027.72364,983.04,21.94391,100.0,1010.32789,9.0,-408.71572
2025-10-17 18:16:48,1403.81091,1029.58545,986.76364,21.95406,100.0,1010.37087,9.0,-412.29616
2025-10-17 18:16:49,1403.81091,1027.72364,983.04,21.94899,100.0,1010.25439,9.0,-407.53254
2025-10-17 18:16:49,1403.81091,1025.86182,983.04,21.96422,100.0,1010.27814,9.0,-407.92741
2025-10-17 18:16:50,1405.67273,1027.72364,983.04,21.96422,100.0,1010.30528,9.0,-407.85236
2025-10-17 18:16:50,1407.53455,1031.44727,988.62545,21.94391,100.0,1010.32789,9.0,-412.15117
2025-10-17 18:16:52,1407.53455,1033.30909,988.62545,21.92868,100.0,1010.30413,9.0,-411.98563
2025-10-17 18:16:52,1403.81091,1033.30909,986.76364,21.93883,100.0,1010.29283,9.0,-411.41013
2025-10-17 18:16:53,1407.53455,1035.17091,992.34909,21.93883,100.0,1010.34711,9.0,-415.76645
2025-10-17 18:16:54,1405.67273,1027.72364,986.76364,21.93883,100.0,1010.42853,9.0,-412.64059
2025-10-17 18:16:54,1403.81091,1027.72364,984.90182,21.94391,100.0,1010.38217,9.0,-410.9947
2025-10-17 18:16:55,1405.67273,1029.58545,986.76364,21.93376,100.0,1010.31205,9.0,-410.8391
2025-10-17 18:16:55,1407.53455,1031.44727,988.62545,21.93376,100.0,1010.33919,9.0,-412.33077
2025-10-17 18:16:56,1405.67273,1031.44727,986.76364,21.93883,100.0,1010.40139,9.0,-412.43425
2025-10-17 18:16:57,1407.53455,1031.44727,986.76364,21.91853,100.0,1010.34257,9.0,-410.97725
2025-10-17 18:16:57,1405.67273,1027.72364,984.90182,21.9236,100.0,1010.32335,9.0,-409.53768
2025-10-17 18:16:58,1407.53455,1033.30909,990.48727,21.93376,100.0,1010.39347,9.0,-414.8308
2025-10-17 18:16:58,1409.39636,1031.44727,988.62545,21.90837,100.0,1010.35387,9.0,-412.05698
2025-10-17 18:16:59,1405.67273,1031.44727,984.90182,21.91345,100.0,1010.38893,9.0,-410.82297
2025-10-17 18:16:59,1407.53455,1035.17091,988.62545,21.89314,100.0,1010.2487,9.0,-411.36099
2025-10-17 18:17:00,1405.67273,1033.30909,988.62545,21.9033,100.0,1010.29168,9.0,-412.28296
2025-10-17 18:17:01,1405.67273,1035.17091,990.48727,21.9033,100.0,1010.42737,9.0,-416.15102
2025-10-17 18:17:01,1403.81091,1029.58545,986.76364,21.89314,100.0,1010.35725,9.0,-412.06187
2025-10-17 18:17:02,1405.67273,1029.58545,986.76364,21.90837,100.0,1010.35387,9.0,-411.50684
2025-10-17 18:17:02,1405.67273,1029.58545,988.62545,21.90837,100.0,1010.46243,9.0,-414.66042
2025-10-17 18:17:03,1403.81091,1031.44727,986.76364,21.90837,100.0,1010.24532,9.0,-410.41599
2025-10-17 18:17:04,1407.53455,1035.17091,992.34909,21.89822,100.0,1010.3109,9.0,-415.173
2025-10-17 18:17:04,1405.67273,1031.44727,986.76364,21.88807,100.0,1010.34933,9.0,-411.5831
2025-10-17 18:17:05,1407.53455,1031.44727,988.62545,21.89822,100.0,1010.39231,9.0,-413.17815
2025-10-17 18:17:06,1405.67273,1035.17091,986.76364,21.88299,100.0,1010.50424,9.0,-414.57638
2025-10-17 18:17:06,1409.39636,1035.17091,990.48727,21.88299,100.0,1010.39569,9.0,-414.62732
2025-10-17 18:17:07,1405.67273,1033.30909,988.62545,21.88299,100.0,1010.31428,9.0,-412.64233
2025-10-17 18:17:08,1405.67273,1033.30909,990.48727,21.89822,100.0,1010.36517,9.0,-414.87037
2025-10-17 18:17:08,1409.39636,1037.03273,990.48727,21.89822,100.0,1010.33803,9.0,-414.02444
2025-10-17 18:17:09,1413.12,1042.61818,1001.65818,21.88807,100.0,1010.43075,9.0,-424.06685
2025-10-17 18:17:09,1409.39636,1035.17091,994.21091,21.88807,100.0,1010.3222,9.0,-416.25277
2025-10-17 18:17:10,1409.39636,1035.17091,994.21091,21.88299,100.0,1010.15145,9.0,-413.50014
2025-10-17 18:17:10,1407.53455,1037.03273,992.34909,21.88807,100.0,1010.29506,9.0,-415.23798
2025-10-17 18:17:11,1409.39636,1038.89455,996.07273,21.87791,100.0,1010.36063,9.0,-418.95401
2025-10-17 18:17:12,1407.53455,1035.17091,990.48727,21.87284,100.0,1010.35271,9.0,-414.43661
2025-10-17 18:17:12,1409.39636,1037.03273,992.34909,21.88299,100.0,1010.47711,9.0,-417.66613
2025-10-17 18:17:13,1407.53455,1035.17091,988.62545,21.87284,100.0,1010.32558,9.0,-412.59503
2025-10-17 18:17:13,1409.39636,1037.03273,992.34909,21.86268,100.0,1010.30974,9.0,-414.96444
2025-10-17 18:17:14,1409.39636,1035.17091,990.48727,21.86268,100.0,1010.33687,9.0,-413.67484
2025-10-17 18:17:15,1409.39636,1038.89455,990.48727,21.86776,100.0,1010.34479,9.0,-414.48357
2025-10-17 18:17:15,1407.53455,1037.03273,988.62545,21.85253,100.0,1010.34817,9.0,-413.27711
2025-10-17 18:17:16,1407.53455,1038.89455,992.34909,21.85253,100.0,1010.26676,9.0,-415.13117
2025-10-17 18:17:16,1413.12,1044.48,999.79636,21.85253,100.0,1010.13108,9.0,-418.22284
2025-10-17 18:17:17,1407.53455,1042.61818,997.93455,21.86268,100.0,1010.41829,9.0,-422.56415
2025-10-17 18:17:18,1411.25818,1042.61818,997.93455,21.84745,100.0,1010.31311,9.0,-419.85757
2025-10-17 18:17:18,1409.39636,1037.03273,992.34909,21.84745,100.0,1010.42166,9.0,-416.76457
2025-10-17 18:17:19,1411.25818,1042.61818,996.07273,21.85253,100.0,1010.42958,9.0,-420.33119
2025-10-17 18:17:19,1411.25818,1040.75636,994.21091,21.84745,100.0,1010.31311,9.0,-416.65426
2025-10-17 18:17:20,1407.53455,1042.61818,994.21091,21.84238,100.0,1010.35947,9.0,-418.80321
2025-10-17 18:17:21,1409.39636,1042.61818,994.21091,21.84238,100.0,1010.41374,9.0,-419.17357
2025-10-17 18:17:21,1409.39636,1044.48,994.21091,21.83222,100.0,1010.37076,9.0,-418.87621
2025-10-17 18:17:22,1411.25818,1046.34182,997.93455,21.83222,100.0,1010.26222,9.0,-419.82088
2025-10-17 18:17:22,1409.39636,1040.75636,992.34909,21.83222,100.0,1010.34363,9.0,-416.24249
2025-10-17 18:17:23,1409.39636,1044.48,994.21091,21.83222,100.0,1010.42503,9.0,-419.75075
2025-10-17 18:17:24,1413.12,1044.48,996.07273,21.82715,100.0,1010.30857,9.0,-418.26882
2025-10-17 18:17:24,1411.25818,1044.48,996.07273,21.81192,100.0,1010.33908,9.0,-419.26139
2025-10-17 18:17:25,1409.39636,1048.20364,996.07273,21.82207,100.0,1010.27351,9.0,-419.47129
2025-10-17 18:17:26,1411.25818,1044.48,992.34909,21.81192,100.0,1010.31195,9.0,-416.01557
2025-10-17 18:17:26,1411.25818,1048.20364,997.93455,21.81192,100.0,1010.25768,9.0,-420.11397
2025-10-17 18:17:27,1413.12,1051.92727,999.79636,21.81699,100.0,1010.42841,9.0,-424.40876
2025-10-17 18:17:27,1413.12,1048.20364,996.07273,21.81192,100.0,1010.36622,9.0,-419.95451
2025-10-17 18:17:28,1411.25818,1048.20364,997.93455,21.80684,100.0,1010.33116,9.0,-421.29704
2025-10-17 18:17:29,1411.25818,1048.20364,996.07273,21.81192,100.0,1010.36622,9.0,-420.45871
2025-10-17 18:17:29,1411.25818,1046.34182,994.21091,21.80684,100.0,1010.41257,9.0,-419.42956
2025-10-17 18:17:30,1413.12,1051.92727,1001.65818,21.80176,100.0,1010.29611,9.0,-423.6779
2025-10-17 18:17:31,1414.98182,1051.92727,1001.65818,21.81192,100.0,1010.31195,9.0,-423.43109
2025-10-17 18:17:31,1414.98182,1051.92727,999.79636,21.80176,100.0,1010.45891,9.0,-424.39292
2025-10-17 18:17:32,1414.98182,1048.20364,999.79636,21.79161,100.0,1010.3888,9.0,-422.61859
2025-10-17 18:17:32,1413.12,1055.65091,1003.52,21.79669,100.0,1010.42386,9.0,-427.58084
2025-10-17 18:17:33,1414.98182,1050.06545,999.79636,21.79161,100.0,1010.33453,9.0,-422.08537
2025-10-17 18:17:33,1413.12,1050.06545,997.93455,21.79161,100.0,1010.33453,9.0,-421.18529
2025-10-17 18:17:34,1411.25818,1051.92727,1001.65818,21.78653,100.0,1010.43515,9.0,-426.41951
2025-10-17 18:17:34,1413.12,1050.06545,997.93455,21.78653,100.0,1010.35375,9.0,-421.49385
2025-10-17 18:17:35,1414.98182,1053.78909,1003.52,21.78653,100.0,1010.32661,9.0,-425.31682
2025-10-17 18:17:36,1416.84364,1048.20364,1001.65818,21.78146,100.0,1010.31869,9.0,-422.38685
2025-10-17 18:17:36,1414.98182,1053.78909,1001.65818,21.7713,100.0,1010.32999,9.0,-423.96379
2025-10-17 18:17:37,1413.12,1050.06545,999.79636,21.7713,100.0,1010.35712,9.0,-422.94938
2025-10-17 18:17:38,1418.70545,1055.65091,1003.52,21.77638,100.0,1010.36504,9.0,-425.11628
2025-10-17 18:17:38,1414.98182,1050.06545,999.79636,21.76115,100.0,1010.47694,9.0,-424.37402
2025-10-17 18:17:39,1413.12,1050.06545,999.79636,21.76623,100.0,1010.32206,9.0,-422.38351
2025-10-17 18:17:39,1413.12,1050.06545,1001.65818,21.76623,100.0,1010.29493,9.0,-423.35057
2025-10-17 18:17:40,1416.84364,1051.92727,999.79636,21.77638,100.0,1010.33791,9.0,-421.93358
2025-10-17 18:17:40,1416.84364,1051.92727,1001.65818,21.75607,100.0,1010.38762,9.0,-424.13496
2025-10-17 18:17:41,1414.98182,1051.92727,1003.52,21.751,100.0,1010.3797,9.0,-425.91482
2025-10-17 18:17:42,1413.12,1051.92727,999.79636,21.751,100.0,1010.3797,9.0,-423.61045
2025-10-17 18:17:42,1414.98182,1053.78909,1003.52,21.74592,100.0,1010.29038,9.0,-424.72494
2025-10-17 18:17:43,1414.98182,1057.51273,1003.52,21.74084,100.0,1010.41812,9.0,-427.1054
2025-10-17 18:17:44,1416.84364,1053.78909,1001.65818,21.75607,100.0,1010.38762,9.0,-424.38534
2025-10-17 18:17:44,1414.98182,1055.65091,1003.52,21.74084,100.0,1010.30959,9.0,-425.22427
2025-10-17 18:17:45,1414.98182,1051.92727,1001.65818,21.74592,100.0,1010.31751,9.0,-423.50749
2025-10-17 18:17:45,1414.98182,1055.65091,1005.38182,21.73577,100.0,1010.32881,9.0,-426.93717
2025-10-17 18:17:46,1416.84364,1051.92727,1001.65818,21.73069,100.0,1010.34802,9.0,-423.49191
2025-10-17 18:17:47,1416.84364,1053.78909,1005.38182,21.73577,100.0,1010.32881,9.0,-426.24225
2025-10-17 18:17:47,1418.70545,1053.78909,1007.24364,21.751,100.0,1010.08124,9.0,-423.15601
2025-10-17 18:17:48,1418.70545,1055.65091,1009.10545,21.751,100.0,1010.2983,9.0,-428.24873
2025-10-17 18:17:48,1416.84364,1051.92727,1007.24364,21.751,100.0,1010.32544,9.0,-427.34476
2025-10-17 18:17:49,1418.70545,1053.78909,1005.38182,21.73577,100.0,1010.35594,9.0,-426.17525
2025-10-17 18:17:50,1418.70545,1051.92727,1005.38182,21.71546,100.0,1010.26999,9.0,-424.53617
2025-10-17 18:17:50,1416.84364,1051.92727,1003.52,21.73069,100.0,1010.40228,9.0,-425.7706
2025-10-17 18:17:51,1418.70545,1051.92727,1005.38182,21.73069,100.0,1010.40228,9.0,-426.67068
2025-10-17 18:17:51,1416.84364,1053.78909,1005.38182,21.72561,100.0,1010.31296,9.0,-425.98508
2025-10-17 18:17:52,1416.84364,1053.78909,1003.52,21.72561,100.0,1010.2587,9.0,-423.7064
2025-10-17 18:17:53,1416.84364,1051.92727,1005.38182,21.72561,100.0,1010.28583,9.0,-425.2975
2025-10-17 18:17:53,1418.70545,1053.78909,1005.38182,21.72561,100.0,1010.28583,9.0,-425.04368
2025-10-17 18:17:54,1418.70545,1048.20364,1003.52,21.72561,100.0,1010.3401,9.0,-423.62098
2025-10-17 18:17:54,1413.12,1050.06545,1001.65818,21.72054,100.0,1010.46783,9.0,-426.12795
2025-10-17 18:17:55,1416.84364,1051.92727,1009.10545,21.71546,100.0,1010.29712,9.0,-428.28613
2025-10-17 18:17:56,1418.70545,1053.78909,1009.10545,21.71038,100.0,1010.34346,9.0,-428.77814
2025-10-17 18:17:56,1416.84364,1048.20364,1005.38182,21.71038,100.0,1010.31633,9.0,-425.14376
2025-10-17 18:17:57,1418.70545,1051.92727,1001.65818,21.70531,100.0,1010.33554,9.0,-422.78206
2025-10-17 18:17:57,1418.70545,1051.92727,1005.38182,21.70531,100.0,1010.28128,9.0,-424.71627
2025-10-17 18:17:58,1418.70545,1053.78909,1007.24364,21.69007,100.0,1010.28465,9.0,-426.42253
2025-10-17 18:17:59,1416.84364,1055.65091,1009.10545,21.69515,100.0,1010.37396,9.0,-429.96178
2025-10-17 18:17:59,1416.84364,1051.92727,1003.52,21.69515,100.0,1010.34683,9.0,-424.87065
2025-10-17 18:18:00,1418.70545,1051.92727,1005.38182,21.69007,100.0,1010.31178,9.0,-425.20503
2025-10-17 18:18:00,1418.70545,1048.20364,1005.38182,21.69007,100.0,1010.25752,9.0,-423.68825
2025-10-17 18:18:01,1416.84364,1051.92727,1007.24364,21.70023,100.0,1010.30049,9.0,-426.93339
2025-10-17 18:18:02,1418.70545,1048.20364,1005.38182,21.69515,100.0,1010.40109,9.0,-426.00265
2025-10-17 18:18:02,1420.56727,1051.92727,1009.10545,21.69007,100.0,1010.28465,9.0,-427.07223
2025-10-17 18:18:03,1418.70545,1048.20364,1005.38182,21.69007,100.0,1010.33891,9.0,-424.99977
2025-10-17 18:18:03,1418.70545,1053.78909,1009.10545,21.685,100.0,1010.27673,9.0,-427.6983
2025-10-17 18:18:05,1416.84364,1048.20364,1003.52,21.67484,100.0,1010.28801,9.0,-423.277
2025-10-17 18:18:05,1418.70545,1051.92727,1007.24364,21.66977,100.0,1010.25296,9.0,-425.65816
2025-10-17 18:18:06,1416.84364,1051.92727,1005.38182,21.66977,100.0,1010.41574,9.0,-427.38103
2025-10-17 18:18:06,1422.42909,1053.78909,1009.10545,21.65961,100.0,1010.37277,9.0,-428.23325
2025-10-17 18:18:07,1418.70545,1055.65091,1009.10545,21.63931,100.0,1010.34108,9.0,-428.91854
2025-10-17 18:18:08,1416.84364,1057.51273,1009.10545,21.63423,100.0,1010.33316,9.0,-429.42659
2025-10-17 18:18:08,1418.70545,1061.23636,1012.82909,21.619,100.0,1010.33652,9.0,-431.89102
2025-10-17 18:18:09,1422.42909,1059.37455,1010.96727,21.62408,100.0,1010.37157,9.0,-430.01428
2025-10-17 18:18:09,1418.70545,1059.37455,1007.24364,21.61392,100.0,1010.35572,9.0,-427.95728
2025-10-17 18:18:10,1422.42909,1063.09818,1010.96727,21.59362,100.0,1010.32403,9.0,-429.25886
2025-10-17 18:18:11,1416.84364,1059.37455,1007.24364,21.59362,100.0,1010.35116,9.0,-428.38503
2025-10-17 18:18:11,1418.70545,1064.96,1014.69091,21.58854,100.0,1010.37036,9.0,-433.76749
2025-10-17 18:18:12,1422.42909,1059.37455,1012.82909,21.60377,100.0,1010.367,9.0,-431.34206
2025-10-17 18:18:12,1422.42909,1061.23636,1010.96727,21.619,100.0,1010.44503,9.0,-431.22685
2025-10-17 18:18:13,1422.42909,1063.09818,1014.69091,21.58854,100.0,1010.28899,9.0,-431.50195
2025-10-17 18:18:14,1422.42909,1061.23636,1010.96727,21.58854,100.0,1010.31611,9.0,-429.14513
2025-10-17 18:18:14,1422.42909,1061.23636,1014.69091,21.59362,100.0,1010.35116,9.0,-432.51917
2025-10-17 18:18:15,1422.42909,1063.09818,1016.55273,21.59362,100.0,1010.37829,9.0,-434.34593
2025-10-17 18:18:16,1422.42909,1063.09818,1014.69091,21.59362,100.0,1010.32403,9.0,-432.06743
2025-10-17 18:18:16,1422.42909,1059.37455,1010.96727,21.58346,100.0,1010.33532,9.0,-429.42425
2025-10-17 18:18:17,1424.29091,1066.82182,1018.41455,21.59362,100.0,1010.24266,9.0,-432.91736
2025-10-17 18:18:17,1422.42909,1061.23636,1014.69091,21.58854,100.0,1010.26186,9.0,-431.07949
2025-10-17 18:18:18,1424.29091,1061.23636,1018.41455,21.59869,100.0,1010.30483,9.0,-434.07771
2025-10-17 18:18:19,1424.29091,1059.37455,1016.55273,21.60377,100.0,1010.31275,9.0,-432.7722
2025-10-17 18:18:19,1422.42909,1053.78909,1012.82909,21.60377,100.0,1010.33988,9.0,-430.50335
2025-10-17 18:18:20,1426.15273,1057.51273,1016.55273,21.60377,100.0,1010.33988,9.0,-432.62653
2025-10-17 18:18:20,1424.29091,1053.78909,1016.55273,21.60377,100.0,1010.33988,9.0,-432.80772
2025-10-17 18:18:21,1418.70545,1057.51273,1018.41455,21.59362,100.0,1010.32403,9.0,-435.79084
2025-10-17 18:18:22,1420.56727,1057.51273,1016.55273,21.58854,100.0,1010.28899,9.0,-433.31688
2025-10-17 18:18:22,1422.42909,1059.37455,1016.55273,21.57839,100.0,1010.24602,9.0,-432.19745
2025-10-17 18:18:23,1420.56727,1055.65091,1012.82909,21.59362,100.0,1010.29691,9.0,-430.50439
2025-10-17 18:18:23,1422.42909,1057.51273,1016.55273,21.58346,100.0,1010.30819,9.0,-433.12142
2025-10-17 18:18:24,1422.42909,1053.78909,1012.82909,21.59362,100.0,1010.26978,9.0,-429.37237
2025-10-17 18:18:25,1422.42909,1059.37455,1016.55273,21.59869,100.0,1010.30483,9.0,-433.14801
2025-10-17 18:18:25,1424.29091,1055.65091,1016.55273,21.58346,100.0,1010.38957,9.0,-433.79624
2025-10-17 18:18:26,1422.42909,1053.78909,1010.96727,21.57839,100.0,1010.30027,9.0,-428.4572
2025-10-17 18:18:26,1422.42909,1055.65091,1014.69091,21.58346,100.0,1010.33532,9.0,-432.02195
2025-10-17 18:18:27,1422.42909,1057.51273,1016.55273,21.57839,100.0,1010.24602,9.0,-432.11887
2025-10-17 18:18:27,1424.29091,1063.09818,1016.55273,21.57839,100.0,1010.35452,9.0,-433.4566
2025-10-17 18:18:28,1422.42909,1055.65091,1010.96727,21.57331,100.0,1010.29235,9.0,-428.51956
2025-10-17 18:18:29,1422.42909,1057.51273,1018.41455,21.56823,100.0,1010.39292,9.0,-435.889
2025-10-17 18:18:29,1420.56727,1055.65091,1014.69091,21.56823,100.0,1010.33867,9.0,-432.57816
2025-10-17 18:18:30,1426.15273,1057.51273,1018.41455,21.58346,100.0,1010.36244,9.0,-434.39151
2025-10-17 18:18:30,1424.29091,1057.51273,1016.55273,21.56823,100.0,1010.31155,9.0,-432.66925
2025-10-17 18:18:31,1422.42909,1055.65091,1012.82909,21.57331,100.0,1010.3466,9.0,-430.79804
2025-10-17 18:18:32,1424.29091,1053.78909,1014.69091,21.57839,100.0,1010.38164,9.0,-432.07286
2025-10-17 18:18:32,1424.29091,1059.37455,1016.55273,21.58854,100.0,1010.34324,9.0,-433.26128
2025-10-17 18:18:33,1424.29091,1057.51273,1018.41455,21.56316,100.0,1010.33075,9.0,-434.38227
2025-10-17 18:18:33,1422.42909,1059.37455,1014.69091,21.56823,100.0,1010.31155,9.0,-431.84775
2025-10-17 18:18:34,1426.15273,1057.51273,1016.55273,21.57331,100.0,1010.3466,9.0,-432.7305
2025-10-17 18:18:34,1424.29091,1057.51273,1014.69091,21.56823,100.0,1010.33867,9.0,-431.70205
2025-10-17 18:18:35,1424.29091,1059.37455,1022.13818,21.56823,100.0,1010.39292,9.0,-438.27196
2025-10-17 18:18:36,1426.15273,1061.23636,1022.13818,21.56316,100.0,1010.24938,9.0,-435.48357
2025-10-17 18:18:36,1424.29091,1057.51273,1020.27636,21.56823,100.0,1010.33867,9.0,-435.91491
2025-10-17 18:18:37,1422.42909,1057.51273,1018.41455,21.553,100.0,1010.34203,9.0,-435.06686
2025-10-17 18:18:37,1426.15273,1057.51273,1018.41455,21.553,100.0,1010.34203,9.0,-434.05846
2025-10-17 18:18:38,1426.15273,1057.51273,1020.27636,21.56316,100.0,1010.30363,9.0,-434.84527
2025-10-17 18:18:39,1424.29091,1055.65091,1020.27636,21.57839,100.0,1010.35452,9.0,-436.03934
2025-10-17 18:18:39,1424.29091,1053.78909,1018.41455,21.57839,100.0,1010.38164,9.0,-434.88143
2025-10-17 18:18:40,1426.15273,1053.78909,1022.13818,21.57839,100.0,1010.35452,9.0,-436.7487
2025-10-17 18:18:40,1426.15273,1055.65091,1022.13818,21.55808,100.0,1010.2957,9.0,-435.98892
2025-10-17 18:18:41,1424.29091,1053.78909,1018.41455,21.55808,100.0,1010.34995,9.0,-434.368
2025-10-17 18:18:42,1426.15273,1055.65091,1020.27636,21.56316,100.0,1010.30363,9.0,-434.71298
2025-10-17 18:18:42,1422.42909,1053.78909,1016.55273,21.553,100.0,1010.36915,9.0,-433.77665
2025-10-17 18:18:43,1426.15273,1055.65091,1020.27636,21.54285,100.0,1010.32619,9.0,-435.07378
2025-10-17 18:18:43,1424.29091,1053.78909,1020.27636,21.55808,100.0,1010.32283,9.0,-435.3352
2025-10-17 18:18:44,1422.42909,1051.92727,1018.41455,21.56316,100.0,1010.385,9.0,-435.18725
2025-10-17 18:18:45,1422.42909,1055.65091,1016.55273,21.54285,100.0,1010.24481,9.0,-431.96239
2025-10-17 18:18:45,1424.29091,1053.78909,1018.41455,21.53777,100.0,1010.29114,9.0,-433.41758
2025-10-17 18:18:46,1426.15273,1055.65091,1024.0,21.53777,100.0,1010.29114,9.0,-437.31695
2025-10-17 18:18:46,1424.29091,1053.78909,1020.27636,21.53777,100.0,1010.39963,9.0,-436.57014
2025-10-17 18:18:47,1424.29091,1053.78909,1018.41455,21.52762,100.0,1010.30242,9.0,-433.59799
2025-10-17 18:18:48,1422.42909,1051.92727,1018.41455,21.54285,100.0,1010.35331,9.0,-434.67387
2025-10-17 18:18:48,1426.15273,1055.65091,1024.0,21.553,100.0,1010.34203,9.0,-438.13903
2025-10-17 18:18:49,1422.42909,1051.92727,1016.55273,21.54285,100.0,1010.32619,9.0,-432.83251
2025-10-17 18:18:50,1424.29091,1053.78909,1018.41455,21.52762,100.0,1010.32954,9.0,-434.03505
2025-10-17 18:18:50,1424.29091,1051.92727,1018.41455,21.5327,100.0,1010.33746,9.0,-433.913
2025-10-17 18:18:51,1424.29091,1053.78909,1022.13818,21.5327,100.0,1010.28322,9.0,-436.09782
2025-10-17 18:18:51,1422.42909,1050.06545,1018.41455,21.52762,100.0,1010.32954,9.0,-433.9877
2025-10-17 18:18:52,1424.29091,1048.20364,1018.41455,21.52762,100.0,1010.38379,9.0,-434.01636
2025-10-17 18:18:53,1424.29091,1051.92727,1020.27636,21.54285,100.0,1010.35331,9.0,-435.57395
2025-10-17 18:18:53,1422.42909,1053.78909,1024.0,21.54285,100.0,1010.38043,9.0,-439.57417
2025-10-17 18:18:54,1422.42909,1050.06545,1016.55273,21.5327,100.0,1010.36459,9.0,-433.14881
2025-10-17 18:18:54,1422.42909,1048.20364,1018.41455,21.51747,100.0,1010.3137,9.0,-433.38978
2025-10-17 18:18:55,1422.42909,1050.06545,1018.41455,21.52762,100.0,1010.32954,9.0,-433.9877
2025-10-17 18:18:56,1424.29091,1053.78909,1022.13818,21.51239,100.0,1010.3329,9.0,-436.8957
2025-10-17 18:18:56,1422.42909,1053.78909,1022.13818,21.52254,100.0,1010.37586,9.0,-438.09361
2025-10-17 18:18:57,1424.29091,1055.65091,1025.86182,21.50731,100.0,1010.08087,9.0,-435.83325
2025-10-17 18:18:57,1422.42909,1050.06545,1020.27636,21.52762,100.0,1010.32954,9.0,-435.39198
2025-10-17 18:18:58,1424.29091,1051.92727,1018.41455,21.52254,100.0,1010.34874,9.0,-434.0934
2025-10-17 18:18:58,1426.15273,1051.92727,1025.86182,21.51747,100.0,1010.36794,9.0,-439.51507
2025-10-17 18:18:59,1424.29091,1044.48,1018.41455,21.52254,100.0,1010.2945,9.0,-431.81679
2025-10-17 18:19:00,1424.29091,1050.06545,1022.13818,21.52254,100.0,1010.32162,9.0,-436.16374
2025-10-17 18:19:00,1420.56727,1050.06545,1018.41455,21.52254,100.0,1010.40299,9.0,-435.67475
2025-10-17 18:19:01,1424.29091,1051.92727,1020.27636,21.51747,100.0,1010.39506,9.0,-436.24347
2025-10-17 18:19:01,1424.29091,1051.92727,1020.27636,21.50731,100.0,1010.32497,9.0,-435.11272
2025-10-17 18:19:02,1422.42909,1050.06545,1018.41455,21.50731,100.0,1010.27073,9.0,-433.03736
2025-10-17 18:19:03,1422.42909,1048.20364,1018.41455,21.51239,100.0,1010.27865,9.0,-432.82441
2025-10-17 18:19:03,1420.56727,1048.20364,1018.41455,21.52762,100.0,1010.30242,9.0,-433.71357
2025-10-17 18:19:04,1424.29091,1051.92727,1022.13818,21.51747,100.0,1010.28657,9.0,-435.89954
2025-10-17 18:19:04,1422.42909,1048.20364,1018.41455,21.52254,100.0,1010.34874,9.0,-433.95517
2025-10-17 18:19:05,1424.29091,1051.92727,1020.27636,21.51239,100.0,1010.30577,9.0,-434.80399
2025-10-17 18:19:05,1424.29091,1051.92727,1020.27636,21.50731,100.0,1010.29785,9.0,-434.67567
2025-10-17 18:19:06,1420.56727,1055.65091,1020.27636,21.50224,100.0,1010.34417,9.0,-436.87094
2025-10-17 18:19:07,1420.56727,1051.92727,1016.55273,21.49716,100.0,1010.33625,9.0,-433.49295
2025-10-17 18:19:07,1420.56727,1051.92727,1018.41455,21.49716,100.0,1010.28201,9.0,-434.02315
2025-10-17 18:19:08,1420.56727,1051.92727,1016.55273,21.51747,100.0,1010.42219,9.0,-434.88036
2025-10-17 18:19:09,1422.42909,1055.65091,1022.13818,21.51747,100.0,1010.36794,9.0,-438.156
2025-10-17 18:19:09,1426.15273,1053.78909,1022.13818,21.50224,100.0,1010.28993,9.0,-435.69782
2025-10-17 18:19:10,1420.56727,1051.92727,1016.55273,21.50224,100.0,1010.34417,9.0,-433.62127
2025-10-17 18:19:10,1422.42909,1051.92727,1018.41455,21.50224,100.0,1010.31705,9.0,-434.08431
2025-10-17 18:19:11,1424.29091,1053.78909,1022.13818,21.49716,100.0,1010.36337,9.0,-437.38483
2025-10-17 18:19:12,1424.29091,1057.51273,1025.86182,21.49208,100.0,1010.35545,9.0,-440.38808
2025-10-17 18:19:12,1422.42909,1053.78909,1024.0,21.49208,100.0,1010.35545,9.0,-439.16499
2025-10-17 18:19:13,1420.56727,1053.78909,1018.41455,21.49716,100.0,1010.36337,9.0,-435.58466
2025-10-17 18:19:13,1424.29091,1055.65091,1020.27636,21.49716,100.0,1010.36337,9.0,-436.17126
2025-10-17 18:19:14,1424.29091,1053.78909,1022.13818,21.48701,100.0,1010.34752,9.0,-437.12818
2025-10-17 18:19:15,1420.56727,1051.92727,1018.41455,21.49208,100.0,1010.35545,9.0,-435.20595
2025-10-17 18:19:15,1422.42909,1055.65091,1020.27636,21.49208,100.0,1010.3012,9.0,-435.67306
2025-10-17 18:19:16,1422.42909,1053.78909,1020.27636,21.49208,100.0,1010.32833,9.0,-435.91938
2025-10-17 18:19:17,1422.42909,1053.78909,1020.27636,21.48193,100.0,1010.31248,9.0,-435.66274
2025-10-17 18:19:17,1424.29091,1053.78909,1022.13818,21.48701,100.0,1010.34752,9.0,-437.12818
2025-10-17 18:19:18,1424.29091,1051.92727,1024.0,21.48193,100.0,1010.36672,9.0,-438.5908
2025-10-17 18:19:19,1422.42909,1057.51273,1024.0,21.48193,100.0,1010.36672,9.0,-439.66838
2025-10-17 18:19:19,1422.42909,1053.78909,1022.13818,21.47685,100.0,1010.33168,9.0,-437.37574
2025-10-17 18:19:20,1422.42909,1059.37455,1025.86182,21.47178,100.0,1010.32375,9.0,-440.45758
2025-10-17 18:19:20,1422.42909,1053.78909,1024.0,21.47685,100.0,1010.33168,9.0,-438.78002
2025-10-17 18:19:21,1422.42909,1051.92727,1020.27636,21.47685,100.0,1010.33168,9.0,-435.72107
2025-10-17 18:19:22,1424.29091,1053.78909,1024.0,21.47685,100.0,1010.33168,9.0,-438.27583
2025-10-17 18:19:22,1424.29091,1051.92727,1022.13818,21.48701,100.0,1010.3204,9.0,-436.44077
2025-10-17 18:19:23,1420.56727,1051.92727,1020.27636,21.48701,100.0,1010.42889,9.0,-437.79302
2025-10-17 18:19:23,1422.42909,1051.92727,1022.13818,21.4667,100.0,1010.31583,9.0,-436.86872
2025-10-17 18:19:24,1424.29091,1055.65091,1025.86182,21.47178,100.0,1010.32375,9.0,-439.74251
2025-10-17 18:19:24,1426.15273,1055.65091,1025.86182,21.47178,100.0,1010.32375,9.0,-439.23831
2025-10-17 18:19:25,1422.42909,1057.51273,1024.0,21.47178,100.0,1010.32375,9.0,-438.97471
2025-10-17 18:19:26,1422.42909,1053.78909,1022.13818,21.47178,100.0,1010.35088,9.0,-437.68444
2025-10-17 18:19:26,1424.29091,1051.92727,1024.0,21.46162,100.0,1010.33503,9.0,-438.0775
2025-10-17 18:19:27,1422.42909,1053.78909,1024.0,21.46162,100.0,1010.33503,9.0,-438.83208
2025-10-17 18:19:28,1420.56727,1050.06545,1020.27636,21.45655,100.0,1010.29999,9.0,-435.41082
2025-10-17 18:19:28,1422.42909,1051.92727,1022.13818,21.46162,100.0,1010.38927,9.0,-438.05145
2025-10-17 18:19:29,1422.42909,1051.92727,1020.27636,21.46162,100.0,1010.30791,9.0,-435.33612
2025-10-17 18:19:29,1424.29091,1053.78909,1024.0,21.46162,100.0,1010.38927,9.0,-439.20192
2025-10-17 18:19:30,1422.42909,1051.92727,1024.0,21.45147,100.0,1010.31918,9.0,-438.32505
2025-10-17 18:19:30,1424.29091,1050.06545,1022.13818,21.45147,100.0,1010.29206,9.0,-435.67839
2025-10-17 18:19:31,1422.42909,1050.06545,1022.13818,21.45655,100.0,1010.35423,9.0,-437.18494
2025-10-17 18:19:32,1424.29091,1050.06545,1024.0,21.45147,100.0,1010.40054,9.0,-438.83072
2025-10-17 18:19:32,1424.29091,1051.92727,1024.0,21.45147,100.0,1010.29206,9.0,-437.38385
2025-10-17 18:19:33,1422.42909,1048.20364,1020.27636,21.47685,100.0,1010.30456,9.0,-434.64161
2025-10-17 18:19:34,1422.42909,1050.06545,1024.0,21.45655,100.0,1010.27287,9.0,-437.27818
2025-10-17 18:19:34,1420.56727,1048.20364,1024.0,21.45147,100.0,1010.29206,9.0,-437.74981
2025-10-17 18:19:35,1426.15273,1050.06545,1027.72364,21.45655,100.0,1010.51695,9.0,-443.01148
2025-10-17 18:19:35,1422.42909,1048.20364,1024.0,21.45655,100.0,1010.27287,9.0,-436.93692
2025-10-17 18:19:36,1426.15273,1050.06545,1027.72364,21.46162,100.0,1010.36215,9.0,-440.51772
2025-10-17 18:19:36,1420.56727,1046.34182,1024.0,21.4667,100.0,1010.34295,9.0,-438.20111
2025-10-17 18:19:37,1424.29091,1050.06545,1029.58545,21.45655,100.0,1010.32711,9.0,-441.86086
2025-10-17 18:19:38,1420.56727,1044.48,1025.86182,21.47685,100.0,1010.33168,9.0,-439.03563
2025-10-17 18:19:38,1422.42909,1042.61818,1024.0,21.47685,100.0,1010.3588,9.0,-437.16676
2025-10-17 18:19:39,1420.56727,1044.48,1024.0,21.4667,100.0,1010.34295,9.0,-437.81173
2025-10-17 18:19:39,1424.29091,1048.20364,1025.86182,21.44639,100.0,1010.33838,9.0,-438.89139
2025-10-17 18:19:40,1422.42909,1050.06545,1025.86182,21.47178,100.0,1010.32375,9.0,-439.50444
2025-10-17 18:19:41,1420.56727,1048.20364,1022.13818,21.45655,100.0,1010.32711,9.0,-436.91086
2025-10-17 18:19:41,1424.29091,1050.06545,1025.86182,21.4667,100.0,1010.42431,9.0,-440.62
2025-10-17 18:19:42,1422.42909,1048.20364,1024.0,21.46162,100.0,1010.36215,9.0,-438.37628
2025-10-17 18:19:42,1420.56727,1051.92727,1025.86182,21.45147,100.0,1010.31918,9.0,-440.23354
2025-10-17 18:19:43,1420.56727,1053.78909,1025.86182,21.44639,100.0,1010.3655,9.0,-441.22961
2025-10-17 18:19:43,1422.42909,1051.92727,1024.0,21.45147,100.0,1010.3463,9.0,-438.76206
2025-10-17 18:19:44,1420.56727,1051.92727,1027.72364,21.43624,100.0,1010.26829,9.0,-440.81584
2025-10-17 18:19:45,1420.56727,1050.06545,1025.86182,21.45147,100.0,1010.45478,9.0,-442.11742
2025-10-17 18:19:45,1420.56727,1053.78909,1027.72364,21.45147,100.0,1010.3463,9.0,-442.32521
2025-10-17 18:19:46,1422.42909,1050.06545,1022.13818,21.43624,100.0,1010.32253,9.0,-436.67162
2025-10-17 18:19:47,1424.29091,1048.20364,1025.86182,21.42609,100.0,1010.27957,9.0,-437.94107
2025-10-17 18:19:47,1422.42909,1050.06545,1024.0,21.44639,100.0,1010.3655,9.0,-438.76957
2025-10-17 18:19:48,1420.56727,1053.78909,1027.72364,21.43624,100.0,1010.32253,9.0,-441.94022
2025-10-17 18:19:48,1422.42909,1048.20364,1024.0,21.44639,100.0,1010.3655,9.0,-438.42831
2025-10-17 18:19:49,1422.42909,1050.06545,1024.0,21.43624,100.0,1010.34965,9.0,-438.51291
2025-10-17 18:19:49,1420.56727,1053.78909,1029.58545,21.43624,100.0,1010.32253,9.0,-443.34451
2025-10-17 18:19:50,1424.29091,1055.65091,1029.58545,21.43116,100.0,1010.36885,9.0,-443.27249
2025-10-17 18:19:51,1424.29091,1051.92727,1027.72364,21.42609,100.0,1010.25245,9.0,-439.5508
2025-10-17 18:19:51,1424.29091,1051.92727,1027.72364,21.44132,100.0,1010.35757,9.0,-441.24678
2025-10-17 18:19:52,1422.42909,1053.78909,1027.72364,21.43116,100.0,1010.36885,9.0,-442.18169
2025-10-17 18:19:53,1422.42909,1050.06545,1027.72364,21.43116,100.0,1010.36885,9.0,-441.63013
2025-10-17 18:19:53,1424.29091,1051.92727,1029.58545,21.43624,100.0,1010.34965,9.0,-442.52273
2025-10-17 18:19:54,1422.42909,1053.78909,1027.72364,21.43116,100.0,1010.36885,9.0,-442.18169
2025-10-17 18:19:54,1422.42909,1050.06545,1027.72364,21.42101,100.0,1010.32588,9.0,-440.93646
2025-10-17 18:19:55,1422.42909,1051.92727,1029.58545,21.43624,100.0,1010.37677,9.0,-443.46393
2025-10-17 18:19:55,1424.29091,1048.20364,1025.86182,21.41086,100.0,1010.31003,9.0,-438.43003
2025-10-17 18:19:56,1422.42909,1051.92727,1027.72364,21.41086,100.0,1010.39139,9.0,-442.29189
2025-10-17 18:19:57,1426.15273,1053.78909,1033.30909,21.41593,100.0,1010.37219,9.0,-445.4381
2025-10-17 18:19:57,1422.42909,1051.92727,1027.72364,21.40578,100.0,1010.32923,9.0,-441.28957
2025-10-17 18:19:58,1422.42909,1046.34182,1025.86182,21.41086,100.0,1010.36427,9.0,-439.43751
2025-10-17 18:19:58,1424.29091,1050.06545,1029.58545,21.40578,100.0,1010.35634,9.0,-442.32547
2025-10-17 18:19:59,1420.56727,1048.20364,1024.0,21.42101,100.0,1010.353,9.0,-438.72781
2025-10-17 18:20:00,1422.42909,1051.92727,1027.72364,21.41086,100.0,1010.39139,9.0,-442.29189
2025-10-17 18:20:00,1424.29091,1050.06545,1027.72364,21.4007,100.0,1010.3213,9.0,-440.35585
2025-10-17 18:20:01,1422.42909,1048.20364,1024.0,21.40578,100.0,1010.32923,9.0,-437.83857
2025-10-17 18:20:01,1422.42909,1051.92727,1029.58545,21.40578,100.0,1010.49193,9.0,-445.31574
2025-10-17 18:20:02,1424.29091,1048.20364,1025.86182,21.39563,100.0,1010.3405,9.0,-438.91891
2025-10-17 18:20:03,1422.42909,1050.06545,1031.44727,21.39563,100.0,1010.3405,9.0,-443.97723
2025-10-17 18:20:03,1422.42909,1048.20364,1027.72364,21.39563,100.0,1010.39473,9.0,-441.70134
2025-10-17 18:20:04,1424.29091,1050.06545,1031.44727,21.41086,100.0,1010.36427,9.0,-443.85811
2025-10-17 18:20:05,1422.42909,1044.48,1024.0,21.41593,100.0,1010.34507,9.0,-437.33521
2025-10-17 18:20:05,1422.42909,1046.34182,1025.86182,21.40578,100.0,1010.32923,9.0,-438.87218
2025-10-17 18:20:06,1422.42909,1046.34182,1025.86182,21.4007,100.0,1010.34842,9.0,-439.1808
2025-10-17 18:20:06,1422.42909,1050.06545,1029.58545,21.40578,100.0,1010.30211,9.0,-441.95571
2025-10-17 18:20:07,1422.42909,1046.34182,1025.86182,21.39563,100.0,1010.36761,9.0,-439.48941
2025-10-17 18:20:07,1424.29091,1048.20364,1029.58545,21.39563,100.0,1010.42185,9.0,-443.0384
2025-10-17 18:20:08,1422.42909,1048.20364,1025.86182,21.39563,100.0,1010.36761,9.0,-439.86008
2025-10-17 18:20:09,1424.29091,1051.92727,1029.58545,21.39563,100.0,1010.3405,9.0,-442.36992
2025-10-17 18:20:09,1424.29091,1048.20364,1031.44727,21.38547,100.0,1010.406,9.0,-444.18593
2025-10-17 18:20:10,1422.42909,1044.48,1025.86182,21.3804,100.0,1010.34384,9.0,-438.71491
2025-10-17 18:20:11,1420.56727,1046.34182,1025.86182,21.3804,100.0,1010.31672,9.0,-439.17153
2025-10-17 18:20:11,1422.42909,1050.06545,1029.58545,21.38547,100.0,1010.32465,9.0,-442.31621
2025-10-17 18:20:12,1422.42909,1051.92727,1029.58545,21.38547,100.0,1010.35177,9.0,-443.05435
2025-10-17 18:20:12,1422.42909,1048.20364,1027.72364,21.38547,100.0,1010.406,9.0,-441.88156
2025-10-17 18:20:13,1422.42909,1051.92727,1029.58545,21.38547,100.0,1010.35177,9.0,-443.05435
2025-10-17 18:20:13,1424.29091,1046.34182,1025.86182,21.38547,100.0,1010.37888,9.0,-439.16544
2025-10-17 18:20:14,1422.42909,1050.06545,1029.58545,21.39055,100.0,1010.35969,9.0,-442.88155
2025-10-17 18:20:14,1422.42909,1050.06545,1031.44727,21.3804,100.0,1010.28961,9.0,-443.15516
2025-10-17 18:20:15,1424.29091,1048.20364,1027.72364,21.3804,100.0,1010.34384,9.0,-440.37505
2025-10-17 18:20:16,1422.42909,1048.20364,1029.58545,21.37024,100.0,1010.38223,9.0,-442.90068
2025-10-17 18:20:16,1424.29091,1048.20364,1029.58545,21.37024,100.0,1010.32799,9.0,-441.52257
2025-10-17 18:20:17,1424.29091,1048.20364,1029.58545,21.36517,100.0,1010.32007,9.0,-441.39418
2025-10-17 18:20:18,1418.70545,1048.20364,1027.72364,21.36009,100.0,1010.36638,9.0,-442.24799
2025-10-17 18:20:18,1422.42909,1046.34182,1027.72364,21.36009,100.0,1010.39349,9.0,-441.30586
2025-10-17 18:20:19,1424.29091,1048.20364,1027.72364,21.37024,100.0,1010.35511,9.0,-440.55524
2025-10-17 18:20:19,1424.29091,1048.20364,1029.58545,21.37024,100.0,1010.40934,9.0,-442.83343
2025-10-17 18:20:20,1420.56727,1048.20364,1027.72364,21.36009,100.0,1010.33926,9.0,-441.30684
2025-10-17 18:20:20,1422.42909,1044.48,1025.86182,21.36009,100.0,1010.33926,9.0,-438.6383
2025-10-17 18:20:21,1422.42909,1048.20364,1027.72364,21.36009,100.0,1010.33926,9.0,-440.80264
2025-10-17 18:20:22,1422.42909,1050.06545,1033.30909,21.36009,100.0,1010.42061,9.0,-446.6676
2025-10-17 18:20:22,1422.42909,1048.20364,1031.44727,21.34994,100.0,1010.43188,9.0,-445.10216
2025-10-17 18:20:23,1422.42909,1048.20364,1027.72364,21.34486,100.0,1010.42395,9.0,-442.16515
2025-10-17 18:20:24,1418.70545,1048.20364,1027.72364,21.34486,100.0,1010.39683,9.0,-442.73661
2025-10-17 18:20:24,1420.56727,1048.20364,1029.58545,21.34486,100.0,1010.3426,9.0,-442.76283
2025-10-17 18:20:25,1422.42909,1050.06545,1031.44727,21.34486,100.0,1010.36972,9.0,-444.44112
2025-10-17 18:20:25,1422.42909,1048.20364,1029.58545,21.33978,100.0,1010.36179,9.0,-442.56713
2025-10-17 18:20:26,1420.56727,1046.34182,1027.72364,21.34486,100.0,1010.39683,9.0,-441.86174
2025-10-17 18:20:27,1418.70545,1048.20364,1029.58545,21.33978,100.0,1010.38891,9.0,-444.01246
2025-10-17 18:20:27,1424.29091,1050.06545,1031.44727,21.34486,100.0,1010.36972,9.0,-443.93692
2025-10-17 18:20:28,1424.29091,1050.06545,1031.44727,21.33978,100.0,1010.30756,9.0,-442.93462
2025-10-17 18:20:29,1422.42909,1046.34182,1027.72364,21.32963,100.0,1010.37306,9.0,-440.97222
2025-10-17 18:20:30,1424.29091,1048.20364,1033.30909,21.33471,100.0,1010.35387,9.0,-444.74307
2025-10-17 18:20:30,1422.42909,1048.20364,1029.58545,21.33471,100.0,1010.38099,9.0,-442.87563
2025-10-17 18:20:31,1426.15273,1046.34182,1033.30909,21.33978,100.0,1010.36179,9.0,-443.99663
2025-10-17 18:20:31,1422.42909,1048.20364,1033.30909,21.32963,100.0,1010.40018,9.0,-445.99267
2025-10-17 18:20:32,1422.42909,1048.20364,1033.30909,21.32455,100.0,1010.33802,9.0,-444.99037
2025-10-17 18:20:33,1424.29091,1048.20364,1033.30909,21.32455,100.0,1010.31091,9.0,-444.04925
2025-10-17 18:20:33,1422.42909,1046.34182,1033.30909,21.32963,100.0,1010.31883,9.0,-444.31122
2025-10-17 18:20:34,1424.29091,1046.34182,1031.44727,21.33471,100.0,1010.38099,9.0,-443.40504
2025-10-17 18:20:34,1422.42909,1048.20364,1033.30909,21.32455,100.0,1010.33802,9.0,-444.99037
2025-10-17 18:20:35,1424.29091,1048.20364,1037.03273,21.31948,100.0,1010.3301,9.0,-447.16628
2025-10-17 18:20:36,1422.42909,1046.34182,1029.58545,21.31948,100.0,1010.24875,9.0,-440.37191
2025-10-17 18:20:36,1420.56727,1044.48,1031.44727,21.31948,100.0,1010.3301,9.0,-443.20176
2025-10-17 18:20:37,1424.29091,1046.34182,1033.30909,21.32455,100.0,1010.36514,9.0,-444.55242
2025-10-17 18:20:38,1424.29091,1051.92727,1040.75636,21.32455,100.0,1010.33802,9.0,-450.74574
2025-10-17 18:20:38,1424.29091,1050.06545,1037.03273,21.32963,100.0,1010.34595,9.0,-447.76446
2025-10-17 18:20:39,1422.42909,1048.20364,1037.03273,21.31948,100.0,1010.35721,9.0,-448.1074
2025-10-17 18:20:39,1424.29091,1048.20364,1037.03273,21.32963,100.0,1010.37306,9.0,-447.86012
2025-10-17 18:20:40,1426.15273,1046.34182,1035.17091,21.32455,100.0,1010.36514,9.0,-445.45251
2025-10-17 18:20:41,1426.15273,1046.34182,1037.03273,21.32455,100.0,1010.36514,9.0,-446.85679
2025-10-17 18:20:41,1424.29091,1046.34182,1033.30909,21.32455,100.0,1010.36514,9.0,-444.55242
2025-10-17 18:20:42,1422.42909,1042.61818,1031.44727,21.32455,100.0,1010.41936,9.0,-443.73938
2025-10-17 18:20:43,1424.29091,1042.61818,1033.30909,21.32455,100.0,1010.28379,9.0,-442.45485
2025-10-17 18:20:43,1424.29091,1050.06545,1035.17091,21.31948,100.0,1010.3301,9.0,-446.10326
2025-10-17 18:20:44,1422.42909,1044.48,1031.44727,21.32455,100.0,1010.28379,9.0,-441.95218
2025-10-17 18:20:44,1424.29091,1044.48,1031.44727,21.32455,100.0,1010.33802,9.0,-442.32182
2025-10-17 18:20:45,1424.29091,1044.48,1035.17091,21.33471,100.0,1010.29964,9.0,-444.51343
2025-10-17 18:20:46,1424.29091,1048.20364,1035.17091,21.33471,100.0,1010.29964,9.0,-445.27349
2025-10-17 18:20:46,1422.42909,1046.34182,1033.30909,21.33471,100.0,1010.32676,9.0,-444.43966
2025-10-17 18:20:47,1424.29091,1048.20364,1037.03273,21.33978,100.0,1010.33468,9.0,-447.24314
2025-10-17 18:20:47,1422.42909,1048.20364,1035.17091,21.32455,100.0,1010.39225,9.0,-447.2685
2025-10-17 18:20:48,1422.42909,1044.48,1031.44727,21.33978,100.0,1010.25333,9.0,-441.46362
2025-10-17 18:20:49,1420.56727,1046.34182,1037.03273,21.33471,100.0,1010.32676,9.0,-447.75243
2025-10-17 18:20:49,1422.42909,1042.61818,1027.72364,21.32963,100.0,1010.29172,9.0,-438.87464
2025-10-17 18:20:50,1424.29091,1048.20364,1035.17091,21.32963,100.0,1010.37306,9.0,-446.45583
2025-10-17 18:20:50,1424.29091,1048.20364,1035.17091,21.32455,100.0,1010.25668,9.0,-444.57969
2025-10-17 18:20:51,1424.29091,1040.75636,1031.44727,21.32963,100.0,1010.29172,9.0,-440.78426
2025-10-17 18:20:51,1426.15273,1044.48,1033.30909,21.33471,100.0,1010.24541,9.0,-441.73109
2025-10-17 18:20:52,1422.42909,1042.61818,1031.44727,21.35501,100.0,1010.33134,9.0,-442.32533
2025-10-17 18:20:53,1422.42909,1044.48,1031.44727,21.34486,100.0,1010.26126,9.0,-441.59204
2025-10-17 18:20:53,1426.15273,1046.34182,1035.17091,21.32963,100.0,1010.34595,9.0,-445.14403
2025-10-17 18:20:54,1424.29091,1048.20364,1035.17091,21.31948,100.0,1010.35721,9.0,-446.19891
2025-10-17 18:20:55,1424.29091,1046.34182,1033.30909,21.32455,100.0,1010.28379,9.0,-443.24165
2025-10-17 18:20:55,1422.42909,1046.34182,1029.58545,21.32455,100.0,1010.31091,9.0,-441.3742
2025-10-17 18:20:56,1422.42909,1048.20364,1033.30909,21.33471,100.0,1010.35387,9.0,-445.24726
2025-10-17 18:20:56,1422.42909,1050.06545,1035.17091,21.32963,100.0,1010.31883,9.0,-446.42744
2025-10-17 18:20:57,1426.15273,1050.06545,1038.89455,21.32963,100.0,1010.94247,9.0,-458.27699
2025-10-17 18:20:58,1422.42909,1048.20364,1038.89455,21.31948,100.0,1010.3301,9.0,-449.07476
2025-10-17 18:20:58,1422.42909,1044.48,1033.30909,21.31948,100.0,1010.24875,9.0,-442.79109
2025-10-17 18:20:59,1426.15273,1050.06545,1040.75636,21.32455,100.0,1010.28379,9.0,-449.06653
2025-10-17 18:20:59,1428.01455,1050.06545,1044.48,21.32455,100.0,1010.39225,9.0,-453.11859
2025-10-17 18:21:00,1426.15273,1046.34182,1040.75636,21.32963,100.0,1010.29172,9.0,-448.48304
2025-10-17 18:21:01,1426.15273,1046.34182,1040.75636,21.30932,100.0,1010.4227,9.0,-450.59069
2025-10-17 18:21:01,1424.29091,1044.48,1035.17091,21.31948,100.0,1010.19453,9.0,-442.81734
2025-10-17 18:21:02,1429.87636,1051.92727,1046.34182,21.31948,100.0,1010.98084,9.0,-463.80369
2025-10-17 18:21:02,1428.01455,1050.06545,1042.61818,21.3144,100.0,1010.40351,9.0,-451.89428
2025-10-17 18:21:03,1428.01455,1048.20364,1040.75636,21.30425,100.0,1010.38766,9.0,-449.89175
2025-10-17 18:21:03,1424.29091,1044.48,1038.89455,21.32455,100.0,1010.39225,9.0,-448.81281
2025-10-17 18:21:04,1426.15273,1042.61818,1037.03273,21.33978,100.0,1010.38891,9.0,-446.45533
2025-10-17 18:21:04,1426.15273,1044.48,1042.61818,21.37532,100.0,1010.41727,9.0,-451.52756
2025-10-17 18:21:05,1426.15273,1040.75636,1038.89455,21.39563,100.0,1010.39473,9.0,-447.56643
2025-10-17 18:21:06,1422.42909,1040.75636,1037.03273,21.40578,100.0,1010.35634,9.0,-446.55332
2025-10-17 18:21:06,1426.15273,1042.61818,1038.89455,21.42609,100.0,1010.30668,9.0,-446.54638
2025-10-17 18:21:07,1426.15273,1048.20364,1050.06545,21.44639,100.0,1010.39262,9.0,-457.5169
2025-10-17 18:21:08,1426.15273,1042.61818,1040.75636,21.45147,100.0,1010.3463,9.0,-448.59232
2025-10-17 18:21:08,1426.15273,1042.61818,1037.03273,21.47178,100.0,1010.378,9.0,-446.29706
2025-10-17 18:21:09,1424.29091,1038.89455,1037.03273,21.47685,100.0,1010.33168,9.0,-445.27939
2025-10-17 18:21:09,1426.15273,1042.61818,1040.75636,21.49208,100.0,1010.35545,9.0,-448.74486
2025-10-17 18:21:10,1424.29091,1040.75636,1037.03273,21.49716,100.0,1010.36337,9.0,-446.17406
2025-10-17 18:21:11,1424.29091,1038.89455,1038.89455,21.51239,100.0,1010.44139,9.0,-448.45604
2025-10-17 18:21:11,1424.29091,1037.03273,1037.03273,21.50731,100.0,1010.37922,9.0,-445.69198
2025-10-17 18:21:12,1420.56727,1037.03273,1037.03273,21.51239,100.0,1010.36002,9.0,-446.39165
2025-10-17 18:21:12,1426.15273,1038.89455,1038.89455,21.51239,100.0,1010.30577,9.0,-445.76658
2025-10-17 18:21:13,1424.29091,1038.89455,1035.17091,21.54285,100.0,1010.35331,9.0,-444.23218
2025-10-17 18:21:14,1424.29091,1038.89455,1038.89455,21.56823,100.0,1010.39292,9.0,-447.68249
2025-10-17 18:21:14,1424.29091,1037.03273,1035.17091,21.57331,100.0,1010.3466,9.0,-443.77076
2025-10-17 18:21:15,1426.15273,1040.75636,1038.89455,21.57839,100.0,1010.35452,9.0,-446.94222
2025-10-17 18:21:15,1424.29091,1037.03273,1037.03273,21.58346,100.0,1010.33532,9.0,-444.99467
2025-10-17 18:21:16,1422.42909,1038.89455,1035.17091,21.58854,100.0,1010.28899,9.0,-443.70609
2025-10-17 18:21:17,1420.56727,1035.17091,1035.17091,21.61392,100.0,1010.35572,9.0,-444.60937
2025-10-17 18:21:17,1424.29091,1037.03273,1035.17091,21.60377,100.0,1010.367,9.0,-444.10391
2025-10-17 18:21:18,1424.29091,1033.30909,1037.03273,21.61392,100.0,1010.3286,9.0,-444.29096
2025-10-17 18:21:18,1420.56727,1035.17091,1033.30909,21.62408,100.0,1010.31731,9.0,-442.58766
2025-10-17 18:21:19,1424.29091,1035.17091,1037.03273,21.64438,100.0,1010.32187,9.0,-444.46441
2025-10-17 18:21:20,1424.29091,1037.03273,1038.89455,21.63931,100.0,1010.34108,9.0,-446.5
2025-10-17 18:21:20,1422.42909,1038.89455,1038.89455,21.65961,100.0,1010.37277,9.0,-447.87537
2025-10-17 18:21:21,1422.42909,1037.03273,1033.30909,21.65454,100.0,1010.36484,9.0,-443.1767
2025-10-17 18:21:21,1420.56727,1035.17091,1033.30909,21.65961,100.0,1010.37277,9.0,-443.48677
2025-10-17 18:21:22,1420.56727,1035.17091,1035.17091,21.67484,100.0,1010.3694,9.0,-444.83936
2025-10-17 18:21:23,1422.42909,1038.89455,1035.17091,21.69007,100.0,1010.36604,9.0,-444.96349
2025-10-17 18:21:23,1422.42909,1033.30909,1033.30909,21.70531,100.0,1010.33554,9.0,-442.11333
2025-10-17 18:21:24,1420.56727,1037.03273,1035.17091,21.70023,100.0,1010.30049,9.0,-444.05587
2025-10-17 18:21:24,1420.56727,1035.17091,1031.44727,21.71038,100.0,1010.31633,9.0,-441.18178
2025-10-17 18:21:25,1424.29091,1038.89455,1038.89455,21.72054,100.0,1010.35931,9.0,-447.16479
2025-10-17 18:21:26,1420.56727,1033.30909,1033.30909,21.73577,100.0,1010.30167,9.0,-442.07735
2025-10-17 18:21:26,1422.42909,1033.30909,1031.44727,21.751,100.0,1010.21691,9.0,-438.80582
2025-10-17 18:21:27,1422.42909,1035.17091,1031.44727,21.76115,100.0,1010.28701,9.0,-440.21467
2025-10-17 18:21:27,1420.56727,1037.03273,1033.30909,21.7713,100.0,1010.43852,9.0,-444.88918
2025-10-17 18:21:28,1420.56727,1037.03273,1035.17091,21.7713,100.0,1010.19432,9.0,-442.3584
2025-10-17 18:21:29,1418.70545,1033.30909,1031.44727,21.7713,100.0,1010.19432,9.0,-439.45424
2025-10-17 18:21:29,1418.70545,1033.30909,1031.44727,21.77638,100.0,1010.22937,9.0,-440.02011
2025-10-17 18:21:30,1418.70545,1033.30909,1031.44727,21.78146,100.0,1010.26443,9.0,-440.58599
2025-10-17 18:21:30,1422.42909,1037.03273,1035.17091,21.79161,100.0,1010.3074,9.0,-443.68052
2025-10-17 18:21:31,1420.56727,1035.17091,1031.44727,21.80176,100.0,1010.35037,9.0,-441.74816
2025-10-17 18:21:32,1420.56727,1035.17091,1035.17091,21.80176,100.0,1010.24184,9.0,-442.80772
2025-10-17 18:21:32,1420.56727,1037.03273,1033.30909,21.80684,100.0,1010.27689,9.0,-442.29198
2025-10-17 18:21:33,1418.70545,1037.03273,1033.30909,21.81192,100.0,1010.25768,9.0,-442.48762
2025-10-17 18:21:33,1420.56727,1035.17091,1033.30909,21.82207,100.0,1010.24638,9.0,-441.48096
2025-10-17 18:21:34,1418.70545,1033.30909,1027.72364,21.82715,100.0,1010.20003,9.0,-436.74931
2025-10-17 18:21:35,1416.84364,1033.30909,1029.58545,21.8373,100.0,1010.243,9.0,-439.35251
2025-10-17 18:21:35,1416.84364,1035.17091,1029.58545,21.84238,100.0,1010.33233,9.0,-441.07025
2025-10-17 18:21:36,1420.56727,1035.17091,1031.44727,21.84745,100.0,1010.31311,9.0,-441.15761
2025-10-17 18:21:36,1416.84364,1033.30909,1031.44727,21.84238,100.0,1010.22378,9.0,-440.44825
2025-10-17 18:21:37,1418.70545,1031.44727,1027.72364,21.85253,100.0,1010.23962,9.0,-437.17191
2025-10-17 18:21:38,1420.56727,1033.30909,1029.58545,21.86268,100.0,1010.2826,9.0,-438.98786
2025-10-17 18:21:38,1420.56727,1037.03273,1035.17091,21.87284,100.0,1010.29844,9.0,-444.05806
2025-10-17 18:21:39,1418.70545,1029.58545,1029.58545,21.88299,100.0,1010.31428,9.0,-439.63189
2025-10-17 18:21:39,1420.56727,1033.30909,1031.44727,21.88807,100.0,1010.29506,9.0,-440.59878
2025-10-17 18:21:40,1416.84364,1033.30909,1029.58545,21.88807,100.0,1010.3222,9.0,-440.64021
2025-10-17 18:21:40,1418.70545,1033.30909,1031.44727,21.89314,100.0,1010.35725,9.0,-442.10642
2025-10-17 18:21:42,1418.70545,1033.30909,1027.72364,21.90837,100.0,1010.2996,9.0,-438.37237
2025-10-17 18:21:42,1418.70545,1029.58545,1027.72364,21.91345,100.0,1010.30751,9.0,-438.12589
2025-10-17 18:21:43,1418.70545,1031.44727,1027.72364,21.91853,100.0,1010.31543,9.0,-438.40899
2025-10-17 18:21:43,1416.84364,1035.17091,1031.44727,21.93376,100.0,1010.31205,9.0,-442.16922
2025-10-17 18:21:44,1418.70545,1031.44727,1027.72364,21.93883,100.0,1010.29283,9.0,-438.04974
2025-10-17 18:21:45,1416.84364,1031.44727,1031.44727,21.93883,100.0,1010.23855,9.0,-440.48782
2025-10-17 18:21:45,1418.70545,1031.44727,1027.72364,21.95406,100.0,1010.2623,9.0,-437.56166
2025-10-17 18:21:46,1418.70545,1033.30909,1031.44727,21.95406,100.0,1010.2623,9.0,-440.59129
2025-10-17 18:21:46,1418.70545,1031.44727,1027.72364,21.95406,100.0,1010.20802,9.0,-436.68695
2025-10-17 18:21:47,1418.70545,1029.58545,1027.72364,21.97437,100.0,1010.18541,9.0,-436.17352
2025-10-17 18:21:48,1418.70545,1029.58545,1027.72364,21.97437,100.0,1010.21255,9.0,-436.61089
2025-10-17 18:21:48,1418.70545,1033.30909,1031.44727,21.96929,100.0,1010.17749,9.0,-439.22851
2025-10-17 18:21:49,1416.84364,1031.44727,1025.86182,21.9896,100.0,1010.20916,9.0,-435.81439
2025-10-17 18:21:49,1416.84364,1031.44727,1027.72364,21.97945,100.0,1010.3019,9.0,-438.71035
2025-10-17 18:21:50,1414.98182,1033.30909,1029.58545,21.98452,100.0,1010.25553,9.0,-440.09406
2025-10-17 18:21:51,1418.70545,1035.17091,1031.44727,21.99468,100.0,1010.18994,9.0,-439.71282
2025-10-17 18:21:51,1418.70545,1035.17091,1033.30909,21.97437,100.0,1010.13113,9.0,-440.16412
2025-10-17 18:21:52,1416.84364,1033.30909,1025.86182,21.99468,100.0,1010.3528,9.0,-438.35128
2025-10-17 18:21:52,1418.70545,1033.30909,1029.58545,22.00483,100.0,1010.2872,9.0,-439.60138
2025-10-17 18:21:53,1416.84364,1031.44727,1027.72364,22.02006,100.0,1010.31096,9.0,-438.86708
2025-10-17 18:21:53,1418.70545,1033.30909,1027.72364,22.02514,100.0,1010.31888,9.0,-438.71291
2025-10-17 18:21:54,1414.98182,1031.44727,1025.86182,22.03021,100.0,1010.29965,9.0,-437.78752
2025-10-17 18:21:55,1416.84364,1029.58545,1027.72364,22.03021,100.0,1010.35394,9.0,-439.40817
2025-10-17 18:21:55,1416.84364,1031.44727,1025.86182,22.03021,100.0,1010.3268,9.0,-437.72073
2025-10-17 18:21:56,1416.84364,1033.30909,1027.72364,22.03529,100.0,1010.30757,9.0,-439.03764
2025-10-17 18:21:56,1416.84364,1033.30909,1031.44727,22.03021,100.0,1010.29965,9.0,-441.71724
2025-10-17 18:21:57,1418.70545,1031.44727,1029.58545,22.03021,100.0,1010.29965,9.0,-439.58769
2025-10-17 18:21:57,1418.70545,1031.44727,1029.58545,22.05052,100.0,1010.30418,9.0,-439.6662
2025-10-17 18:21:58,1413.12,1033.30909,1025.86182,22.04544,100.0,1010.21482,9.0,-437.15005
2025-10-17 18:21:59,1414.98182,1035.17091,1029.58545,22.05052,100.0,1010.30418,9.0,-441.17283
2025-10-17 18:21:59,1418.70545,1033.30909,1029.58545,22.08606,100.0,1010.38675,9.0,-441.22779
2025-10-17 18:22:00,1414.98182,1029.58545,1025.86182,22.06067,100.0,1010.34716,9.0,-438.4072
2025-10-17 18:22:00,1413.12,1031.44727,1025.86182,22.07083,100.0,1010.22727,9.0,-437.1365
2025-10-17 18:22:01,1416.84364,1029.58545,1027.72364,22.07083,100.0,1010.28156,9.0,-438.253
2025-10-17 18:22:02,1416.84364,1033.30909,1029.58545,22.07083,100.0,1010.28156,9.0,-440.0326
2025-10-17 18:22:02,1413.12,1031.44727,1024.0,22.0759,100.0,1010.28948,9.0,-436.73609
2025-10-17 18:22:03,1414.98182,1029.58545,1024.0,22.0759,100.0,1010.28948,9.0,-436.07764
2025-10-17 18:22:03,1414.98182,1031.44727,1025.86182,22.09621,100.0,1010.294,9.0,-437.71482
2025-10-17 18:22:04,1416.84364,1035.17091,1025.86182,22.08606,100.0,1010.27816,9.0,-437.45081
2025-10-17 18:22:05,1416.84364,1029.58545,1027.72364,22.09621,100.0,1010.294,9.0,-438.46066
2025-10-17 18:22:05,1414.98182,1027.72364,1024.0,22.09621,100.0,1010.32115,9.0,-436.51699
2025-10-17 18:22:06,1413.12,1031.44727,1024.0,22.10637,100.0,1010.33698,9.0,-437.51027
2025-10-17 18:22:06,1414.98182,1027.72364,1022.13818,22.10129,100.0,1010.27477,9.0,-434.36684
2025-10-17 18:22:07,1414.98182,1031.44727,1025.86182,22.09621,100.0,1010.294,9.0,-437.71482
2025-10-17 18:22:07,1413.12,1027.72364,1024.0,22.09621,100.0,1010.294,9.0,-436.58374
2025-10-17 18:22:08,1414.98182,1027.72364,1022.13818,22.11144,100.0,1010.2906,9.0,-434.62492
2025-10-17 18:22:09,1413.12,1029.58545,1022.13818,22.10637,100.0,1010.36413,9.0,-436.3892
2025-10-17 18:22:09,1416.84364,1031.44727,1027.72364,22.11652,100.0,1010.32567,9.0,-439.13109
2025-10-17 18:22:10,1414.98182,1033.30909,1022.13818,22.1216,100.0,1010.33359,9.0,-435.77255
2025-10-17 18:22:10,1414.98182,1031.44727,1027.72364,22.12667,100.0,1010.28721,9.0,-439.01846
2025-10-17 18:22:11,1413.12,1029.58545,1022.13818,22.13175,100.0,1010.37657,9.0,-436.59705
2025-10-17 18:22:12,1414.98182,1031.44727,1027.72364,22.1419,100.0,1010.33811,9.0,-439.84314
2025-10-17 18:22:12,1416.84364,1031.44727,1025.86182,22.1419,100.0,1010.36526,9.0,-438.37214
2025-10-17 18:22:13,1413.12,1027.72364,1022.13818,22.14698,100.0,1010.37318,9.0,-436.47006
2025-10-17 18:22:13,1413.12,1031.44727,1025.86182,22.15206,100.0,1010.38109,9.0,-439.63871
2025-10-17 18:22:14,1414.98182,1031.44727,1025.86182,22.14698,100.0,1010.40032,9.0,-439.44291
2025-10-17 18:22:15,1413.12,1031.44727,1025.86182,22.14698,100.0,1010.42747,9.0,-440.3846
2025-10-17 18:22:15,1413.12,1027.72364,1022.13818,22.15206,100.0,1010.32679,9.0,-435.72416
2025-10-17 18:22:16,1413.12,1031.44727,1027.72364,22.16221,100.0,1010.26118,9.0,-439.1137
2025-10-17 18:22:16,1414.98182,1031.44727,1027.72364,22.16729,100.0,1010.29625,9.0,-439.17609
2025-10-17 18:22:17,1414.98182,1031.44727,1025.86182,22.15713,100.0,1010.28041,9.0,-437.51363
2025-10-17 18:22:18,1411.25818,1027.72364,1020.27636,22.16729,100.0,1010.3234,9.0,-434.77385
2025-10-17 18:22:18,1414.98182,1027.72364,1022.13818,22.16221,100.0,1010.31548,9.0,-435.04065
2025-10-17 18:22:19,1413.12,1029.58545,1025.86182,22.16221,100.0,1010.31548,9.0,-438.43016
2025-10-17 18:22:20,1413.12,1031.44727,1025.86182,22.17744,100.0,1010.31208,9.0,-438.5342
2025-10-17 18:22:20,1411.25818,1027.72364,1022.13818,22.17744,100.0,1010.31208,9.0,-435.99883
2025-10-17 18:22:21,1411.25818,1029.58545,1022.13818,22.17744,100.0,1010.28493,9.0,-435.63807
2025-10-17 18:22:21,1413.12,1025.86182,1022.13818,22.17236,100.0,1010.27701,9.0,-434.93624
2025-10-17 18:22:22,1411.25818,1029.58545,1022.13818,22.18252,100.0,1010.29284,9.0,-435.76718
2025-10-17 18:22:22,1411.25818,1029.58545,1024.0,22.18759,100.0,1010.27361,9.0,-436.86305
2025-10-17 18:22:23,1409.39636,1027.72364,1020.27636,22.19775,100.0,1010.18084,9.0,-432.99007
2025-10-17 18:22:24,1413.12,1027.72364,1022.13818,22.20282,100.0,1010.24306,9.0,-434.39011
2025-10-17 18:22:24,1409.39636,1029.58545,1022.13818,22.20282,100.0,1010.2159,9.0,-435.03773
2025-10-17 18:22:25,1413.12,1029.58545,1024.0,22.20282,100.0,1010.24306,9.0,-435.87114
2025-10-17 18:22:26,1411.25818,1027.72364,1020.27636,22.20282,100.0,1010.32451,9.0,-434.8026
2025-10-17 18:22:26,1413.12,1029.58545,1024.0,22.21805,100.0,1010.29396,9.0,-436.69604
2025-10-17 18:22:27,1413.12,1029.58545,1024.0,22.22313,100.0,1010.38333,9.0,-438.13779
2025-10-17 18:22:27,1413.12,1027.72364,1024.0,22.21298,100.0,1010.34035,9.0,-437.36523
2025-10-17 18:22:28,1409.39636,1029.58545,1024.0,22.21298,100.0,1010.31319,9.0,-438.01284
2025-10-17 18:22:28,1413.12,1029.58545,1020.27636,22.22313,100.0,1010.41049,9.0,-435.76677
2025-10-17 18:22:29,1413.12,1027.72364,1018.41455,22.21298,100.0,1010.34035,9.0,-433.15237
2025-10-17 18:22:30,1409.39636,1037.03273,1027.72364,22.22821,100.0,1010.30979,9.0,-441.74637
2025-10-17 18:22:30,1411.25818,1029.58545,1020.27636,22.22821,100.0,1010.3641,9.0,-435.52503
2025-10-17 18:22:31,1407.53455,1025.86182,1020.27636,22.23836,100.0,1010.35278,9.0,-436.28564
2025-10-17 18:22:32,1411.25818,1027.72364,1022.13818,22.23836,100.0,1010.37993,9.0,-437.11086
2025-10-17 18:22:32,1413.12,1029.58545,1024.0,22.23328,100.0,1010.2634,9.0,-436.20836
2025-10-17 18:22:33,1409.39636,1027.72364,1024.0,22.23328,100.0,1010.23625,9.0,-436.70246
2025-10-17 18:22:33,1411.25818,1025.86182,1018.41455,22.23328,100.0,1010.2634,9.0,-432.43116
2025-10-17 18:22:34,1411.25818,1025.86182,1020.27636,22.22821,100.0,1010.33694,9.0,-435.01894
2025-10-17 18:22:35,1413.12,1029.58545,1024.0,22.23836,100.0,1010.27132,9.0,-436.3375
2025-10-17 18:22:35,1411.25818,1029.58545,1024.0,22.24344,100.0,1010.27923,9.0,-436.97084
2025-10-17 18:22:36,1411.25818,1027.72364,1022.13818,22.25867,100.0,1010.27583,9.0,-435.4397
2025-10-17 18:22:36,1413.12,1029.58545,1020.27636,22.25359,100.0,1010.29507,9.0,-433.91637
2025-10-17 18:22:37,1413.12,1027.72364,1020.27636,22.25867,100.0,1010.33014,9.0,-434.40634
2025-10-17 18:22:37,1414.98182,1033.30909,1027.72364,22.24851,100.0,1010.28715,9.0,-439.27547
2025-10-17 18:22:38,1409.39636,1027.72364,1020.27636,22.26374,100.0,1010.28374,9.0,-434.66877
2025-10-17 18:22:39,1413.12,1027.72364,1022.13818,22.26882,100.0,1010.26451,9.0,-434.75625
2025-10-17 18:22:39,1411.25818,1027.72364,1018.41455,22.26882,100.0,1010.31881,9.0,-433.32702
2025-10-17 18:22:40,1411.25818,1027.72364,1022.13818,22.26882,100.0,1010.31881,9.0,-436.13559
2025-10-17 18:22:40,1413.12,1031.44727,1024.0,22.2739,100.0,1010.32673,9.0,-437.39584
2025-10-17 18:22:41,1411.25818,1027.72364,1020.27636,22.2739,100.0,1010.4082,9.0,-436.1732
2025-10-17 18:22:42,1413.12,1029.58545,1022.13818,22.2739,100.0,1010.29958,9.0,-435.39973
2025-10-17 18:22:42,1411.25818,1029.58545,1022.13818,22.28405,100.0,1010.31541,9.0,-436.16228
2025-10-17 18:22:43,1411.25818,1029.58545,1020.27636,22.2942,100.0,1010.27693,9.0,-434.14117
2025-10-17 18:22:43,1409.39636,1027.72364,1020.27636,22.2739,100.0,1010.24527,9.0,-434.05195
2025-10-17 18:22:44,1409.39636,1027.72364,1022.13818,22.28405,100.0,1010.31541,9.0,-436.58972
2025-10-17 18:22:45,1409.39636,1029.58545,1020.27636,22.28405,100.0,1010.2611,9.0,-434.38703
2025-10-17 18:22:45,1411.25818,1027.72364,1020.27636,22.28405,100.0,1010.23394,9.0,-433.3685
2025-10-17 18:22:46,1411.25818,1027.72364,1020.27636,22.28913,100.0,1010.24186,9.0,-433.49766
2025-10-17 18:22:46,1411.25818,1025.86182,1016.55273,22.30436,100.0,1010.23845,9.0,-430.64723
2025-10-17 18:22:47,1411.25818,1029.58545,1022.13818,22.2942,100.0,1010.22262,9.0,-434.67028
2025-10-17 18:22:48,1411.25818,1031.44727,1025.86182,22.28913,100.0,1010.26901,9.0,-438.3791
2025-10-17 18:22:48,1407.53455,1029.58545,1020.27636,22.28405,100.0,1010.28825,9.0,-435.32881
2025-10-17 18:22:49,1409.39636,1024.0,1018.41455,22.29928,100.0,1010.28484,9.0,-433.3891
2025-10-17 18:22:50,1409.39636,1025.86182,1018.41455,22.28913,100.0,1010.2147,9.0,-432.1682
2025-10-17 18:22:50,1409.39636,1025.86182,1016.55273,22.29928,100.0,1010.23053,9.0,-431.02226
2025-10-17 18:22:51,1409.39636,1027.72364,1018.41455,22.29928,100.0,1010.25769,9.0,-432.85592
2025-10-17 18:22:51,1411.25818,1033.30909,1024.0,22.30436,100.0,1010.31992,9.0,-438.02101
2025-10-17 18:22:52,1411.25818,1025.86182,1016.55273,22.30943,100.0,1010.27352,9.0,-431.21401
2025-10-17 18:22:52,1409.39636,1027.72364,1018.41455,22.30436,100.0,1010.21129,9.0,-432.10991
2025-10-17 18:22:54,1411.25818,1031.44727,1020.27636,22.30436,100.0,1010.12982,9.0,-431.92822
2025-10-17 18:22:54,1409.39636,1027.72364,1016.55273,22.30943,100.0,1010.21921,9.0,-430.8348
2025-10-17 18:22:55,1409.39636,1029.58545,1016.55273,22.32466,100.0,1010.24295,9.0,-431.2991
2025-10-17 18:22:55,1409.39636,1027.72364,1016.55273,22.31959,100.0,1010.23504,9.0,-431.09316
2025-10-17 18:22:56,1409.39636,1027.72364,1018.41455,22.31959,100.0,1010.37082,9.0,-434.68548
2025-10-17 18:22:57,1411.25818,1029.58545,1022.13818,22.31451,100.0,1010.33575,9.0,-436.4998
2025-10-17 18:22:57,1409.39636,1027.72364,1016.55273,22.31959,100.0,1010.23504,9.0,-431.09316
2025-10-17 18:22:58,1407.53455,1025.86182,1016.55273,22.32974,100.0,1010.27802,9.0,-432.30156
2025-10-17 18:22:58,1411.25818,1024.0,1016.55273,22.33989,100.0,1010.2667,9.0,-431.20132
2025-10-17 18:22:59,1411.25818,1027.72364,1020.27636,22.33989,100.0,1010.29386,9.0,-434.35192
2025-10-17 18:23:00,1407.53455,1033.30909,1014.69091,22.34497,100.0,1010.27461,9.0,-431.2911
2025-10-17 18:23:00,1405.67273,1025.86182,1014.69091,22.33989,100.0,1010.2667,9.0,-431.22225
2025-10-17 18:23:01,1407.53455,1025.86182,1016.55273,22.35005,100.0,1010.22821,9.0,-431.50549
2025-10-17 18:23:01,1411.25818,1029.58545,1022.13818,22.35005,100.0,1010.20105,9.0,-434.34086
2025-10-17 18:23:02,1407.53455,1029.58545,1018.41455,22.35005,100.0,1010.25537,9.0,-433.41594
2025-10-17 18:23:03,1407.53455,1027.72364,1016.55273,22.35512,100.0,1010.29044,9.0,-432.50174
2025-10-17 18:23:03,1411.25818,1027.72364,1020.27636,22.3602,100.0,1010.13541,9.0,-431.80533
2025-10-17 18:23:04,1409.39636,1029.58545,1018.41455,22.35512,100.0,1010.29044,9.0,-433.47858
2025-10-17 18:23:04,1407.53455,1027.72364,1020.27636,22.35512,100.0,1010.20897,9.0,-433.99742
2025-10-17 18:23:05,1411.25818,1027.72364,1018.41455,22.36528,100.0,1010.41491,9.0,-434.90661
2025-10-17 18:23:06,1407.53455,1024.0,1014.69091,22.3602,100.0,1010.32552,9.0,-431.75989
2025-10-17 18:23:06,1409.39636,1025.86182,1016.55273,22.37036,100.0,1010.36851,9.0,-433.26868
2025-10-17 18:23:07,1409.39636,1027.72364,1018.41455,22.38051,100.0,1010.38434,9.0,-434.92321
2025-10-17 18:23:07,1409.39636,1027.72364,1016.55273,22.37543,100.0,1010.37642,9.0,-433.3897
2025-10-17 18:23:08,1409.39636,1029.58545,1018.41455,22.36528,100.0,1010.33343,9.0,-434.17464
2025-10-17 18:23:09,1407.53455,1025.86182,1014.69091,22.37036,100.0,1010.25987,9.0,-430.61803
2025-10-17 18:23:09,1407.53455,1027.72364,1016.55273,22.37036,100.0,1010.31419,9.0,-432.88938
2025-10-17 18:23:10,1409.39636,1027.72364,1016.55273,22.37036,100.0,1010.31419,9.0,-432.38519
2025-10-17 18:23:10,1405.67273,1025.86182,1014.69091,22.38051,100.0,1010.35718,9.0,-432.6936
2025-10-17 18:23:11,1407.53455,1025.86182,1018.41455,22.38559,100.0,1010.39225,9.0,-435.56485
2025-10-17 18:23:11,1409.39636,1025.86182,1014.69091,22.38051,100.0,1010.38434,9.0,-432.12285
2025-10-17 18:23:12,1409.39636,1029.58545,1018.41455,22.38559,100.0,1010.31078,9.0,-433.81624
2025-10-17 18:23:12,1407.53455,1027.72364,1014.69091,22.38559,100.0,1010.39225,9.0,-432.74807
2025-10-17 18:23:13,1407.53455,1025.86182,1014.69091,22.39574,100.0,1010.43525,9.0,-433.45242
2025-10-17 18:23:14,1407.53455,1027.72364,1016.55273,22.38051,100.0,1010.43866,9.0,-434.89842
2025-10-17 18:23:14,1411.25818,1025.86182,1018.41455,22.38051,100.0,1010.43866,9.0,-435.30252
2025-10-17 18:23:15,1405.67273,1025.86182,1014.69091,22.38559,100.0,1010.33794,9.0,-432.38518
2025-10-17 18:23:16,1409.39636,1027.72364,1014.69091,22.39066,100.0,1010.40017,9.0,-432.37311
2025-10-17 18:23:16,1405.67273,1024.0,1014.69091,22.40082,100.0,1010.36168,9.0,-432.86025
2025-10-17 18:23:17,1409.39636,1027.72364,1016.55273,22.41097,100.0,1010.35035,9.0,-432.98137
2025-10-17 18:23:17,1409.39636,1025.86182,1016.55273,22.40589,100.0,1010.3696,9.0,-433.298
2025-10-17 18:23:18,1405.67273,1025.86182,1014.69091,22.40589,100.0,1010.28812,9.0,-431.58912
2025-10-17 18:23:19,1409.39636,1025.86182,1014.69091,22.40082,100.0,1010.36168,9.0,-431.76448
2025-10-17 18:23:19,1405.67273,1025.86182,1014.69091,22.41605,100.0,1010.38543,9.0,-433.1606
2025-10-17 18:23:20,1411.25818,1027.72364,1018.41455,22.40589,100.0,1010.3696,9.0,-434.18988
2025-10-17 18:23:20,1405.67273,1025.86182,1014.69091,22.42112,100.0,1010.39334,9.0,-433.28985
2025-10-17 18:23:21,1409.39636,1027.72364,1014.69091,22.40589,100.0,1010.31528,9.0,-431.01018
2025-10-17 18:23:21,1407.53455,1024.0,1012.82909,22.41605,100.0,1010.35827,9.0,-430.90182
2025-10-17 18:23:22,1409.39636,1027.72364,1016.55273,22.41097,100.0,1010.37751,9.0,-433.41904
2025-10-17 18:23:23,1409.39636,1025.86182,1014.69091,22.42112,100.0,1010.36618,9.0,-431.84378
2025-10-17 18:23:23,1405.67273,1025.86182,1014.69091,22.42112,100.0,1010.4205,9.0,-433.72753
2025-10-17 18:23:24,1405.67273,1025.86182,1010.96727,22.41605,100.0,1010.30395,9.0,-429.03902
2025-10-17 18:23:24,1409.39636,1025.86182,1014.69091,22.43128,100.0,1010.40917,9.0,-432.53996
2025-10-17 18:23:25,1405.67273,1025.86182,1016.55273,22.42112,100.0,1010.44767,9.0,-435.56949
2025-10-17 18:23:25,1409.39636,1022.13818,1012.82909,22.41605,100.0,1010.33111,9.0,-430.11729
2025-10-17 18:23:26,1407.53455,1027.72364,1014.69091,22.42112,100.0,1010.31186,9.0,-431.46441
2025-10-17 18:23:27,1407.53455,1025.86182,1016.55273,22.42112,100.0,1010.31186,9.0,-432.87691
2025-10-17 18:23:27,1405.67273,1024.0,1014.69091,22.4262,100.0,1010.29261,9.0,-431.75576
2025-10-17 18:23:28,1409.39636,1025.86182,1014.69091,22.44143,100.0,1010.37068,9.0,-431.92309
2025-10-17 18:23:28,1407.53455,1024.0,1012.82909,22.44651,100.0,1010.29711,9.0,-429.92655
2025-10-17 18:23:29,1407.53455,1025.86182,1012.82909,22.43635,100.0,1010.28128,9.0,-429.58069
2025-10-17 18:23:30,1407.53455,1025.86182,1014.69091,22.45158,100.0,1010.27786,9.0,-430.93501
2025-10-17 18:23:30,1409.39636,1025.86182,1016.55273,22.45158,100.0,1010.27786,9.0,-431.83509
2025-10-17 18:23:31,1409.39636,1025.86182,1014.69091,22.46681,100.0,1010.35593,9.0,-431.69397
2025-10-17 18:23:31,1407.53455,1024.0,1014.69091,22.45666,100.0,1010.28578,9.0,-431.15163
2025-10-17 18:23:32,1409.39636,1024.0,1014.69091,22.43635,100.0,1010.3356,9.0,-431.44353
2025-10-17 18:23:33,1409.39636,1025.86182,1018.41455,22.46681,100.0,1010.32877,9.0,-434.06483
2025-10-17 18:23:33,1407.53455,1025.86182,1012.82909,22.45158,100.0,1010.33219,9.0,-430.40612
2025-10-17 18:23:34,1407.53455,1025.86182,1016.55273,22.45158,100.0,1010.2507,9.0,-431.9016
2025-10-17 18:23:35,1405.67273,1024.0,1012.82909,22.45158,100.0,1010.2507,9.0,-429.6846
2025-10-17 18:23:35,1407.53455,1024.0,1016.55273,22.46681,100.0,1010.27444,9.0,-432.3767
2025-10-17 18:23:36,1403.81091,1024.0,1012.82909,22.47189,100.0,1010.33668,9.0,-431.5812
2025-10-17 18:23:36,1407.53455,1029.58545,1018.41455,22.48204,100.0,1010.32535,9.0,-434.58762
2025-10-17 18:23:37,1409.39636,1025.86182,1016.55273,22.48712,100.0,1010.22461,9.0,-430.98897
2025-10-17 18:23:38,1407.53455,1022.13818,1010.96727,22.4922,100.0,1010.28685,9.0,-428.52973
2025-10-17 18:23:38,1409.39636,1027.72364,1014.69091,22.4922,100.0,1010.28685,9.0,-430.58117
2025-10-17 18:23:39,1407.53455,1027.72364,1018.41455,22.48712,100.0,1010.25177,9.0,-433.32696
2025-10-17 18:23:40,1407.53455,1025.86182,1016.55273,22.50235,100.0,1010.24835,9.0,-431.88091
2025-10-17 18:23:40,1407.53455,1025.86182,1014.69091,22.50235,100.0,1010.24835,9.0,-430.47663
2025-10-17 18:23:41,1407.53455,1025.86182,1016.55273,22.4922,100.0,1010.31401,9.0,-432.93559
2025-10-17 18:23:41,1405.67273,1022.13818,1009.10545,22.49727,100.0,1010.2676,9.0,-427.32117
2025-10-17 18:23:42,1407.53455,1025.86182,1016.55273,22.49727,100.0,1010.29476,9.0,-432.62712
2025-10-17 18:23:42,1405.67273,1025.86182,1014.69091,22.49727,100.0,1010.40342,9.0,-433.47795
2025-10-17 18:23:43,1405.67273,1024.0,1010.96727,22.4922,100.0,1010.25969,9.0,-428.43886
2025-10-17 18:23:44,1405.67273,1027.72364,1018.41455,22.49727,100.0,1010.34909,9.0,-435.40285
2025-10-17 18:23:44,1407.53455,1025.86182,1014.69091,22.50743,100.0,1010.33776,9.0,-431.91909
2025-10-17 18:23:45,1407.53455,1027.72364,1009.10545,22.50743,100.0,1010.20193,9.0,-425.50935
2025-10-17 18:23:46,1409.39636,1024.0,1014.69091,22.50235,100.0,1010.30268,9.0,-430.93527
2025-10-17 18:23:46,1407.53455,1024.0,1014.69091,22.50235,100.0,1010.30268,9.0,-431.43947
2025-10-17 18:23:47,1407.53455,1020.27636,1012.82909,22.49727,100.0,1010.2676,9.0,-429.84366
2025-10-17 18:23:47,1405.67273,1024.0,1012.82909,22.5125,100.0,1010.31851,9.0,-430.7979
2025-10-17 18:23:48,1405.67273,1022.13818,1010.96727,22.5125,100.0,1010.20985,9.0,-427.80001
2025-10-17 18:23:49,1409.39636,1027.72364,1016.55273,22.51758,100.0,1010.24492,9.0,-431.31853
2025-10-17 18:23:49,1407.53455,1022.13818,1012.82909,22.52266,100.0,1010.25284,9.0,-429.39634
2025-10-17 18:23:50,1405.67273,1022.13818,1009.10545,22.52773,100.0,1010.23359,9.0,-426.78348
2025-10-17 18:23:50,1407.53455,1024.0,1014.69091,22.52773,100.0,1010.31508,9.0,-431.64803
2025-10-17 18:23:51,1405.67273,1024.0,1010.96727,22.52773,100.0,1010.23359,9.0,-428.03042
2025-10-17 18:23:52,1405.67273,1025.86182,1014.69091,22.53281,100.0,1010.2415,9.0,-430.88087
2025-10-17 18:23:52,1409.39636,1024.0,1016.55273,22.52773,100.0,1010.28792,9.0,-432.11037
2025-10-17 18:23:53,1403.81091,1024.0,1010.96727,22.53789,100.0,1010.33091,9.0,-430.10639
2025-10-17 18:23:54,1403.81091,1022.13818,1010.96727,22.53281,100.0,1010.2415,9.0,-428.82121
2025-10-17 18:23:54,1403.81091,1024.0,1012.82909,22.53789,100.0,1010.33091,9.0,-431.51068
2025-10-17 18:23:55,1405.67273,1020.27636,1010.96727,22.54296,100.0,1010.33882,9.0,-430.10693
2025-10-17 18:23:55,1407.53455,1020.27636,1010.96727,22.53789,100.0,1010.14075,9.0,-426.40917
2025-10-17 18:23:56,1403.81091,1022.13818,1010.96727,22.54296,100.0,1010.23016,9.0,-428.64197
2025-10-17 18:23:57,1403.81091,1025.86182,1014.69091,22.53789,100.0,1010.41241,9.0,-434.14086
2025-10-17 18:23:57,1407.53455,1022.13818,1010.96727,22.53789,100.0,1010.30374,9.0,-428.81759
2025-10-17 18:23:58,1405.67273,1025.86182,1014.69091,22.53281,100.0,1010.18717,9.0,-430.00536
2025-10-17 18:23:58,1405.67273,1024.0,1010.96727,22.55819,100.0,1010.30823,9.0,-429.24374
2025-10-17 18:23:59,1407.53455,1025.86182,1012.82909,22.53789,100.0,1010.30374,9.0,-429.97715
2025-10-17 18:24:00,1405.67273,1025.86182,1012.82909,22.55312,100.0,1010.24599,9.0,-429.55585
2025-10-17 18:24:00,1403.81091,1024.0,1010.96727,22.54296,100.0,1010.20299,9.0,-428.04687
2025-10-17 18:24:01,1403.81091,1024.0,1010.96727,22.54296,100.0,1010.36599,9.0,-430.67342
2025-10-17 18:24:01,1405.67273,1024.0,1014.69091,22.55312,100.0,1010.16449,9.0,-429.73421
2025-10-17 18:24:02,1407.53455,1025.86182,1014.69091,22.55819,100.0,1010.36257,9.0,-432.33628
2025-10-17 18:24:02,1405.67273,1022.13818,1009.10545,22.55819,100.0,1010.0909,9.0,-424.49465
2025-10-17 18:24:03,1403.81091,1024.0,1010.96727,22.55312,100.0,1010.27315,9.0,-429.18091
2025-10-17 18:24:03,1403.81091,1020.27636,1009.10545,22.56835,100.0,1010.29689,9.0,-428.53988
2025-10-17 18:24:04,1403.81091,1024.0,1012.82909,22.56327,100.0,1010.18031,9.0,-429.09263
2025-10-17 18:24:05,1405.67273,1022.13818,1007.24364,22.57342,100.0,1010.25047,9.0,-425.66698
2025-10-17 18:24:06,1403.81091,1024.0,1009.10545,22.57342,100.0,1010.38631,9.0,-429.60702
2025-10-17 18:24:07,1405.67273,1022.13818,1009.10545,22.5785,100.0,1010.20405,9.0,-426.32496
2025-10-17 18:24:07,1407.53455,1024.0,1010.96727,22.58358,100.0,1010.29347,9.0,-428.51032
2025-10-17 18:24:08,1403.81091,1024.0,1010.96727,22.57342,100.0,1010.0603,9.0,-425.75795
2025-10-17 18:24:08,1405.67273,1022.13818,1009.10545,22.5785,100.0,1010.12254,9.0,-425.01162
2025-10-17 18:24:09,1403.81091,1020.27636,1009.10545,22.58358,100.0,1010.15762,9.0,-426.30097
2025-10-17 18:24:09,1405.67273,1024.0,1012.82909,22.58866,100.0,1010.16554,9.0,-428.35912
2025-10-17 18:24:10,1403.81091,1022.13818,1009.10545,22.57342,100.0,1010.19614,9.0,-426.69991
2025-10-17 18:24:11,1403.81091,1024.0,1010.96727,22.57342,100.0,1010.25047,9.0,-428.82241
2025-10-17 18:24:11,1405.67273,1022.13818,1010.96727,22.59373,100.0,1010.30929,9.0,-429.4304
2025-10-17 18:24:12,1405.67273,1024.0,1010.96727,22.58866,100.0,1010.21987,9.0,-427.83042
2025-10-17 18:24:13,1405.67273,1022.13818,1009.10545,22.59881,100.0,1010.20853,9.0,-426.4042
2025-10-17 18:24:13,1407.53455,1025.86182,1012.82909,22.59881,100.0,1010.29004,9.0,-429.77724
2025-10-17 18:24:14,1405.67273,1022.13818,1009.10545,22.59881,100.0,1010.31721,9.0,-428.15539
2025-10-17 18:24:14,1403.81091,1027.72364,1012.82909,22.60896,100.0,1010.27869,9.0,-430.59816
2025-10-17 18:24:15,1405.67273,1024.0,1012.82909,22.59881,100.0,1010.2357,9.0,-429.49322
2025-10-17 18:24:16,1403.81091,1022.13818,1009.10545,22.60896,100.0,1010.25152,9.0,-427.60472
2025-10-17 18:24:16,1401.94909,1022.13818,1007.24364,22.60389,100.0,1010.21644,9.0,-426.13757
2025-10-17 18:24:17,1405.67273,1024.0,1009.10545,22.60896,100.0,1010.19719,9.0,-426.06757
2025-10-17 18:24:17,1407.53455,1027.72364,1012.82909,22.60896,100.0,1010.30586,9.0,-430.02757
2025-10-17 18:24:18,1403.81091,1025.86182,1010.96727,22.61912,100.0,1010.32169,9.0,-429.89843
2025-10-17 18:24:19,1407.53455,1027.72364,1012.82909,22.60896,100.0,1010.22436,9.0,-428.71416
2025-10-17 18:24:19,1405.67273,1024.0,1009.10545,22.61912,100.0,1010.21301,9.0,-426.32608
2025-10-17 18:24:20,1407.53455,1025.86182,1012.82909,22.60896,100.0,1010.3602,9.0,-430.91139
2025-10-17 18:24:20,1401.94909,1027.72364,1007.24364,22.61404,100.0,1010.28661,9.0,-427.01877
2025-10-17 18:24:21,1403.81091,1024.0,1009.10545,22.60896,100.0,1010.19719,9.0,-426.57176
2025-10-17 18:24:22,1401.94909,1024.0,1009.10545,22.62419,100.0,1010.30243,9.0,-428.77718
2025-10-17 18:24:22,1403.81091,1025.86182,1014.69091,22.62927,100.0,1010.22884,9.0,-431.21427
2025-10-17 18:24:23,1405.67273,1024.0,1010.96727,22.61912,100.0,1010.34886,9.0,-429.91942
2025-10-17 18:24:23,1405.67273,1024.0,1012.82909,22.62927,100.0,1010.33752,9.0,-431.14444
2025-10-17 18:24:24,1405.67273,1022.13818,1007.24364,22.62927,100.0,1010.25601,9.0,-425.77547
2025-10-17 18:24:25,1405.67273,1025.86182,1010.96727,22.6445,100.0,1010.2254,9.0,-427.85146
2025-10-17 18:24:25,1409.39636,1025.86182,1014.69091,22.6445,100.0,1010.19823,9.0,-429.2138
2025-10-17 18:24:26,1405.67273,1022.13818,1007.24364,22.6445,100.0,1010.25257,9.0,-425.72544
2025-10-17 18:24:26,1403.81091,1020.27636,1005.38182,22.6445,100.0,1010.30691,9.0,-425.91913
2025-10-17 18:24:27,1405.67273,1025.86182,1012.82909,22.63942,100.0,1010.24466,9.0,-429.56431
2025-10-17 18:24:28,1405.67273,1024.0,1010.96727,22.63435,100.0,1010.29109,9.0,-428.99378
2025-10-17 18:24:28,1405.67273,1022.13818,1007.24364,22.63435,100.0,1010.42694,9.0,-428.53167
2025-10-17 18:24:29,1403.81091,1022.13818,1009.10545,22.63435,100.0,1010.20958,9.0,-426.93758
2025-10-17 18:24:29,1403.81091,1022.13818,1007.24364,22.64958,100.0,1010.31483,9.0,-427.23456
2025-10-17 18:24:30,1407.53455,1024.0,1014.69091,22.6445,100.0,1010.25257,9.0,-430.68103
2025-10-17 18:24:31,1405.67273,1025.86182,1014.69091,22.65973,100.0,1010.27631,9.0,-431.48565
2025-10-17 18:24:31,1403.81091,1025.86182,1010.96727,22.6445,100.0,1009.98087,9.0,-424.41521
2025-10-17 18:24:32,1403.81091,1022.13818,1007.24364,22.64958,100.0,1010.12463,9.0,-424.16974
2025-10-17 18:24:32,1403.81091,1024.0,1009.10545,22.65973,100.0,1010.16763,9.0,-426.11301
2025-10-17 18:24:33,1403.81091,1024.0,1010.96727,22.65973,100.0,1010.27631,9.0,-429.26865
2025-10-17 18:24:34,1401.94909,1022.13818,1009.10545,22.66481,100.0,1010.39291,9.0,-430.40655
2025-10-17 18:24:34,1405.67273,1020.27636,1007.24364,22.66988,100.0,1010.12911,9.0,-423.96281
2025-10-17 18:24:35,1403.81091,1022.13818,1007.24364,22.66988,100.0,1010.37365,9.0,-428.1895
2025-10-17 18:24:35,1405.67273,1024.0,1009.10545,22.66481,100.0,1010.39291,9.0,-429.24081
2025-10-17 18:24:36,1405.67273,1024.0,1010.96727,22.66988,100.0,1010.29214,9.0,-429.02299
2025-10-17 18:24:37,1403.81091,1024.0,1010.96727,22.6445,100.0,1010.36126,9.0,-430.63218
2025-10-17 18:24:37,1403.81091,1022.13818,1009.10545,22.64958,100.0,1010.28766,9.0,-428.20101
2025-10-17 18:24:38,1405.67273,1025.86182,1010.96727,22.65973,100.0,1010.33065,9.0,-429.55276
2025-10-17 18:24:38,1405.67273,1022.13818,1010.96727,22.66481,100.0,1010.31139,9.0,-429.48891
2025-10-17 18:24:39,1403.81091,1022.13818,1009.10545,22.67496,100.0,1010.40874,9.0,-430.16092
2025-10-17 18:24:39,1401.94909,1024.0,1005.38182,22.66988,100.0,1010.31931,9.0,-426.25638
2025-10-17 18:24:40,1405.67273,1024.0,1007.24364,22.67496,100.0,1010.35439,9.0,-427.21939
2025-10-17 18:24:40,1405.67273,1024.0,1012.82909,22.67496,100.0,1010.35439,9.0,-431.43225
2025-10-17 18:24:41,1403.81091,1020.27636,1007.24364,22.68004,100.0,1010.36231,9.0,-428.22834
2025-10-17 18:24:42,1405.67273,1022.13818,1007.24364,22.68511,100.0,1010.2887,9.0,-426.32174
2025-10-17 18:24:42,1405.67273,1020.27636,1007.24364,22.68511,100.0,1010.42456,9.0,-428.72915
2025-10-17 18:24:43,1405.67273,1025.86182,1014.69091,22.69019,100.0,1010.26944,9.0,-431.38558
2025-10-17 18:24:44,1405.67273,1022.13818,1009.10545,22.69527,100.0,1010.35887,9.0,-428.86032
2025-10-17 18:24:44,1403.81091,1022.13818,1007.24364,22.69527,100.0,1010.41322,9.0,-428.83596
2025-10-17 18:24:45,1403.81091,1020.27636,1007.24364,22.69527,100.0,1010.35887,9.0,-428.17835
2025-10-17 18:24:45,1405.67273,1025.86182,1010.96727,22.70034,100.0,1010.36678,9.0,-430.14918
2025-10-17 18:24:46,1403.81091,1024.0,1010.96727,22.70542,100.0,1010.34752,9.0,-430.43218
2025-10-17 18:24:47,1405.67273,1018.41455,1007.24364,22.70034,100.0,1010.36678,9.0,-428.07315
2025-10-17 18:24:47,1403.81091,1020.27636,1007.24364,22.7105,100.0,1010.35544,9.0,-428.12839
2025-10-17 18:24:48,1405.67273,1022.13818,1010.96727,22.71557,100.0,1010.309,9.0,-429.46819
2025-10-17 18:24:48,1405.67273,1025.86182,1010.96727,22.7105,100.0,1010.24674,9.0,-428.21842
2025-10-17 18:24:49,1401.94909,1024.0,1010.96727,22.71557,100.0,1010.36335,9.0,-431.195
2025-10-17 18:24:50,1401.94909,1025.86182,1010.96727,22.71557,100.0,1010.309,9.0,-430.23187
2025-10-17 18:24:50,1403.81091,1022.13818,1007.24364,22.71557,100.0,1010.309,9.0,-427.16382
2025-10-17 18:24:51,1405.67273,1022.13818,1009.10545,22.72573,100.0,1010.352,9.0,-428.76042
2025-10-17 18:24:51,1403.81091,1025.86182,1009.10545,22.71557,100.0,1010.309,9.0,-428.32339
2025-10-17 18:24:52,1403.81091,1022.13818,1005.38182,22.72065,100.0,1010.28974,9.0,-425.45097
2025-10-17 18:24:53,1401.94909,1022.13818,1007.24364,22.7105,100.0,1010.21957,9.0,-426.22509
2025-10-17 18:24:53,1401.94909,1025.86182,1010.96727,22.7105,100.0,1010.24674,9.0,-429.22682
2025-10-17 18:24:54,1405.67273,1024.0,1010.96727,22.70542,100.0,1010.266,9.0,-428.61437
2025-10-17 18:24:54,1401.94909,1020.27636,1005.38182,22.72573,100.0,1010.29765,9.0,-426.3026
2025-10-17 18:24:55,1403.81091,1022.13818,1007.24364,22.72065,100.0,1010.31691,9.0,-427.29313
2025-10-17 18:24:56,1403.81091,1022.13818,1010.96727,22.72573,100.0,1010.29765,9.0,-429.79313
2025-10-17 18:24:56,1405.67273,1027.72364,1012.82909,22.72573,100.0,1010.32483,9.0,-430.87818
2025-10-17 18:24:57,1403.81091,1020.27636,1005.38182,22.72573,100.0,1010.2433,9.0,-424.92263
2025-10-17 18:24:57,1405.67273,1022.13818,1009.10545,22.72065,100.0,1010.23539,9.0,-426.87957
2025-10-17 18:24:58,1405.67273,1020.27636,1005.38182,22.73588,100.0,1010.25913,9.0,-424.67707
2025-10-17 18:24:58,1403.81091,1024.0,1010.96727,22.72065,100.0,1010.18104,9.0,-427.75495
2025-10-17 18:24:59,1403.81091,1022.13818,1007.24364,22.73588,100.0,1010.23195,9.0,-425.92954
2025-10-17 18:25:00,1405.67273,1020.27636,1007.24364,22.73588,100.0,1010.23195,9.0,-425.64347
2025-10-17 18:25:00,1403.81091,1020.27636,1007.24364,22.7308,100.0,1010.22404,9.0,-426.01834
2025-10-17 18:25:01,1401.94909,1020.27636,1007.24364,22.72573,100.0,1010.2433,9.0,-426.83111
2025-10-17 18:25:01,1405.67273,1024.0,1009.10545,22.72065,100.0,1010.20822,9.0,-426.28435
2025-10-17 18:25:02,1405.67273,1022.13818,1009.10545,22.74096,100.0,1010.23986,9.0,-426.95896
2025-10-17 18:25:02,1403.81091,1020.27636,1009.10545,22.74096,100.0,1010.29421,9.0,-428.55707
2025-10-17 18:25:03,1401.94909,1018.41455,1005.38182,22.74603,100.0,1010.24778,9.0,-425.77595
2025-10-17 18:25:04,1407.53455,1020.27636,1009.10545,22.74096,100.0,1010.18552,9.0,-425.79709
2025-10-17 18:25:04,1403.81091,1018.41455,1009.10545,22.74096,100.0,1010.23986,9.0,-427.95098
2025-10-17 18:25:05,1403.81091,1020.27636,1005.38182,22.74603,100.0,1010.27495,9.0,-425.43994
2025-10-17 18:25:05,1401.94909,1020.27636,1009.10545,22.74096,100.0,1010.10399,9.0,-425.996
2025-10-17 18:25:06,1403.81091,1020.27636,1005.38182,22.74603,100.0,1010.19343,9.0,-424.12625
2025-10-17 18:25:06,1401.94909,1022.13818,1009.10545,22.74096,100.0,1010.23986,9.0,-427.96736
2025-10-17 18:25:07,1403.81091,1018.41455,1007.24364,22.74603,100.0,1010.19343,9.0,-425.80024
2025-10-17 18:25:08,1401.94909,1020.27636,1007.24364,22.74603,100.0,1010.24778,9.0,-426.91053
2025-10-17 18:25:08,1401.94909,1020.27636,1007.24364,22.75111,100.0,1010.28286,9.0,-427.47778
2025-10-17 18:25:09,1405.67273,1020.27636,1009.10545,22.74603,100.0,1010.24778,9.0,-427.30642
2025-10-17 18:25:10,1403.81091,1018.41455,1005.38182,22.76126,100.0,1010.10846,9.0,-423.03237
2025-10-17 18:25:10,1401.94909,1018.41455,1005.38182,22.75619,100.0,1010.1549,9.0,-424.28303
2025-10-17 18:25:11,1403.81091,1016.55273,1005.38182,22.76126,100.0,1010.13563,9.0,-423.78236
2025-10-17 18:25:11,1403.81091,1024.0,1009.10545,22.75619,100.0,1010.20925,9.0,-426.81804
2025-10-17 18:25:12,1403.81091,1020.27636,1009.10545,22.77142,100.0,1010.28733,9.0,-428.45745
2025-10-17 18:25:12,1401.94909,1018.41455,1005.38182,22.76634,100.0,1010.22507,9.0,-425.41757
2025-10-17 18:25:13,1401.94909,1018.41455,1007.24364,22.7765,100.0,1010.3496,9.0,-428.8323
2025-10-17 18:25:14,1401.94909,1018.41455,1007.24364,22.76634,100.0,1010.22507,9.0,-426.82185
2025-10-17 18:25:14,1403.81091,1020.27636,1009.10545,22.7765,100.0,1010.21372,9.0,-427.27309
2025-10-17 18:25:15,1403.81091,1018.41455,1007.24364,22.78157,100.0,1010.41186,9.0,-429.33337
2025-10-17 18:25:15,1403.81091,1022.13818,1007.24364,22.77142,100.0,1010.39604,9.0,-428.58671
2025-10-17 18:25:16,1403.81091,1016.55273,1005.38182,22.7765,100.0,1010.3496,9.0,-427.23591
2025-10-17 18:25:17,1401.94909,1022.13818,1009.10545,22.77142,100.0,1010.23298,9.0,-427.86769
2025-10-17 18:25:18,1403.81091,1018.41455,1007.24364,22.77142,100.0,1010.28733,9.0,-427.32286
2025-10-17 18:25:18,1401.94909,1020.27636,1007.24364,22.78157,100.0,1010.27598,9.0,-427.37825
2025-10-17 18:25:19,1403.81091,1022.13818,1007.24364,22.78157,100.0,1010.30316,9.0,-427.09385
2025-10-17 18:25:20,1401.94909,1022.13818,1010.96727,22.78157,100.0,1010.35751,9.0,-431.28247
2025-10-17 18:25:20,1403.81091,1018.41455,1003.52,22.78665,100.0,1010.31107,9.0,-424.90253
2025-10-17 18:25:21,1401.94909,1020.27636,1009.10545,22.78665,100.0,1010.3926,9.0,-430.66366
2025-10-17 18:25:22,1401.94909,1022.13818,1009.10545,22.7765,100.0,1010.32242,9.0,-429.31084
2025-10-17 18:25:22,1405.67273,1022.13818,1010.96727,22.7765,100.0,1010.29525,9.0,-429.26881
2025-10-17 18:25:23,1403.81091,1020.27636,1003.52,22.79173,100.0,1010.2918,9.0,-424.32433
2025-10-17 18:25:23,1403.81091,1020.27636,1003.52,22.79173,100.0,1010.2918,9.0,-424.32433
2025-10-17 18:25:24,1401.94909,1018.41455,1003.52,22.78665,100.0,1010.22954,9.0,-424.09295
2025-10-17 18:25:25,1403.81091,1022.13818,1009.10545,22.80188,100.0,1010.25327,9.0,-427.70209
2025-10-17 18:25:25,1403.81091,1018.41455,1005.38182,22.78665,100.0,1010.25672,9.0,-425.43096
2025-10-17 18:25:26,1401.94909,1018.41455,1003.52,22.78665,100.0,1010.22954,9.0,-424.09295
2025-10-17 18:25:26,1401.94909,1018.41455,1005.38182,22.79173,100.0,1010.23745,9.0,-425.62666
2025-10-17 18:25:27,1405.67273,1022.13818,1009.10545,22.7968,100.0,1010.27254,9.0,-427.50638
2025-10-17 18:25:28,1403.81091,1018.41455,1007.24364,22.7968,100.0,1010.32689,9.0,-427.96998
2025-10-17 18:25:28,1401.94909,1018.41455,1005.38182,22.7968,100.0,1010.24536,9.0,-425.75609
2025-10-17 18:25:29,1401.94909,1018.41455,1003.52,22.7968,100.0,1010.27254,9.0,-424.78974
2025-10-17 18:25:29,1403.81091,1018.41455,1007.24364,22.7968,100.0,1010.24536,9.0,-426.65618
2025-10-17 18:25:30,1403.81091,1022.13818,1010.96727,22.81203,100.0,1010.29627,9.0,-429.80327
2025-10-17 18:25:31,1400.08727,1020.27636,1005.38182,22.7968,100.0,1010.21818,9.0,-425.55266
2025-10-17 18:25:31,1403.81091,1018.41455,1003.52,22.81711,100.0,1010.27701,9.0,-424.3655
2025-10-17 18:25:32,1401.94909,1018.41455,1003.52,22.81203,100.0,1010.29627,9.0,-425.17815
2025-10-17 18:25:32,1401.94909,1022.13818,1009.10545,22.81203,100.0,1010.29627,9.0,-428.90318
2025-10-17 18:25:33,1400.08727,1020.27636,1005.38182,22.81203,100.0,1010.24192,9.0,-425.94104
2025-10-17 18:25:33,1403.81091,1018.41455,1005.38182,22.81203,100.0,1010.29627,9.0,-426.07824
2025-10-17 18:25:34,1401.94909,1020.27636,1007.24364,22.80696,100.0,1010.23401,9.0,-426.71165
2025-10-17 18:25:35,1403.81091,1022.13818,1007.24364,22.80696,100.0,1010.23401,9.0,-425.98933
2025-10-17 18:25:35,1403.81091,1022.13818,1007.24364,22.80188,100.0,1010.2261,9.0,-425.85987
2025-10-17 18:25:36,1403.81091,1020.27636,1007.24364,22.80696,100.0,1010.26118,9.0,-426.6454
2025-10-17 18:25:36,1403.81091,1020.27636,1009.10545,22.80696,100.0,1010.31554,9.0,-428.92556
2025-10-17 18:25:37,1401.94909,1018.41455,1007.24364,22.82726,100.0,1010.26565,9.0,-427.49935
2025-10-17 18:25:38,1401.94909,1020.27636,1007.24364,22.81203,100.0,1010.26909,9.0,-427.27907
2025-10-17 18:25:38,1403.81091,1018.41455,1003.52,22.82219,100.0,1010.25774,9.0,-424.05706
2025-10-17 18:25:39,1403.81091,1020.27636,1007.24364,22.82726,100.0,1010.21129,9.0,-425.84954
2025-10-17 18:25:39,1403.81091,1020.27636,1007.24364,22.82726,100.0,1010.26565,9.0,-426.72545
2025-10-17 18:25:40,1403.81091,1022.13818,1009.10545,22.81711,100.0,1010.24983,9.0,-427.65259
2025-10-17 18:25:41,1403.81091,1016.55273,1007.24364,22.83234,100.0,1010.24638,9.0,-426.99882
2025-10-17 18:25:41,1400.08727,1020.27636,1007.24364,22.83234,100.0,1010.2192,9.0,-426.98747
2025-10-17 18:25:42,1403.81091,1020.27636,1003.52,22.83234,100.0,1010.19202,9.0,-422.73254
2025-10-17 18:25:42,1403.81091,1018.41455,1007.24364,22.83742,100.0,1010.22711,9.0,-426.37832
2025-10-17 18:25:43,1403.81091,1020.27636,1007.24364,22.83742,100.0,1010.1184,9.0,-424.35677
2025-10-17 18:25:44,1403.81091,1018.41455,1001.65818,22.83742,100.0,1010.14558,9.0,-420.85158
2025-10-17 18:25:44,1403.81091,1018.41455,1005.38182,22.84249,100.0,1010.09913,9.0,-422.91378
2025-10-17 18:25:45,1403.81091,1020.27636,1007.24364,22.84249,100.0,1010.15349,9.0,-424.92429
2025-10-17 18:25:45,1400.08727,1018.41455,1003.52,22.83742,100.0,1010.22711,9.0,-424.57815
2025-10-17 18:25:46,1401.94909,1020.27636,1005.38182,22.84757,100.0,1010.1614,9.0,-424.15377
2025-10-17 18:25:47,1400.08727,1020.27636,1003.52,22.84757,100.0,1010.13422,9.0,-422.81572
2025-10-17 18:25:47,1398.22545,1016.55273,1001.65818,22.85265,100.0,1010.19649,9.0,-423.50295
2025-10-17 18:25:48,1401.94909,1018.41455,1001.65818,22.84757,100.0,1010.1614,9.0,-421.6149
2025-10-17 18:25:49,1403.81091,1020.27636,1007.24364,22.85772,100.0,1010.2044,9.0,-425.75102
2025-10-17 18:25:49,1401.94909,1018.41455,1005.38182,22.85265,100.0,1010.19649,9.0,-424.99103
2025-10-17 18:25:50,1401.94909,1016.55273,1003.52,22.85772,100.0,1010.23158,9.0,-424.46642
2025-10-17 18:25:50,1401.94909,1020.27636,1007.24364,22.87295,100.0,1010.22813,9.0,-426.64416
2025-10-17 18:25:51,1401.94909,1020.27636,1009.10545,22.85772,100.0,1010.17722,9.0,-427.22153
2025-10-17 18:25:52,1403.81091,1016.55273,1005.38182,22.85772,100.0,1010.09568,9.0,-423.17663
2025-10-17 18:25:52,1401.94909,1018.41455,1003.52,22.86788,100.0,1010.22022,9.0,-423.97563
2025-10-17 18:25:53,1401.94909,1016.55273,1003.52,22.85772,100.0,1010.12286,9.0,-422.71452
2025-10-17 18:25:54,1403.81091,1022.13818,1007.24364,22.8628,100.0,1010.15795,9.0,-424.78657
2025-10-17 18:25:54,1400.08727,1016.55273,1003.52,22.85772,100.0,1010.28594,9.0,-425.84657
2025-10-17 18:25:55,1401.94909,1014.69091,1003.52,22.8628,100.0,1010.15795,9.0,-423.6274
2025-10-17 18:25:55,1400.08727,1016.55273,1001.65818,22.85772,100.0,1010.09568,9.0,-421.37646
2025-10-17 18:25:56,1401.94909,1018.41455,1007.24364,22.85772,100.0,1010.17722,9.0,-426.08695
2025-10-17 18:25:56,1403.81091,1018.41455,1005.38182,22.86788,100.0,1010.16586,9.0,-423.99975
2025-10-17 18:25:57,1403.81091,1016.55273,1007.24364,22.8628,100.0,1010.18513,9.0,-426.02446
2025-10-17 18:25:58,1400.08727,1016.55273,1003.52,22.87295,100.0,1010.14659,9.0,-423.60763
2025-10-17 18:25:58,1403.81091,1020.27636,1007.24364,22.87295,100.0,1010.17377,9.0,-425.26399
2025-10-17 18:25:59,1403.81091,1018.41455,1007.24364,22.87295,100.0,1010.17377,9.0,-425.53369
2025-10-17 18:25:59,1401.94909,1020.27636,1005.38182,22.88311,100.0,1010.13523,9.0,-423.7473
2025-10-17 18:26:00,1403.81091,1018.41455,1007.24364,22.88311,100.0,1010.32549,9.0,-427.98303
2025-10-17 18:26:01,1401.94909,1018.41455,1001.65818,22.87803,100.0,1010.10014,9.0,-420.64075
2025-10-17 18:26:01,1400.08727,1020.27636,1007.24364,22.86788,100.0,1010.16586,9.0,-426.14273
2025-10-17 18:26:02,1403.81091,1020.27636,1007.24364,22.86788,100.0,1010.22022,9.0,-426.0103
2025-10-17 18:26:02,1400.08727,1016.55273,1003.52,22.86788,100.0,1010.22022,9.0,-424.79192
2025-10-17 18:26:03,1401.94909,1016.55273,1003.52,22.86788,100.0,1010.16586,9.0,-423.41175
2025-10-17 18:26:03,1403.81091,1020.27636,1005.38182,22.87295,100.0,1010.17377,9.0,-423.85971
2025-10-17 18:26:04,1403.81091,1018.41455,1007.24364,22.87803,100.0,1010.20886,9.0,-426.10136
2025-10-17 18:26:05,1400.08727,1018.41455,1003.52,22.87295,100.0,1010.09223,9.0,-422.41957
2025-10-17 18:26:05,1400.08727,1018.41455,1001.65818,22.88311,100.0,1010.16241,9.0,-422.15062
2025-10-17 18:26:06,1401.94909,1016.55273,1003.52,22.88818,100.0,1010.25186,9.0,-424.8065
2025-10-17 18:26:06,1403.81091,1018.41455,1007.24364,22.89326,100.0,1010.15104,9.0,-425.17653
2025-10-17 18:26:07,1400.08727,1018.41455,1005.38182,22.87803,100.0,1010.07295,9.0,-423.51553
2025-10-17 18:26:08,1400.08727,1018.41455,1003.52,22.88311,100.0,1010.08086,9.0,-422.24093
2025-10-17 18:26:08,1400.08727,1018.41455,1005.38182,22.88818,100.0,1010.17032,9.0,-425.08891
2025-10-17 18:26:09,1398.22545,1016.55273,1003.52,22.88818,100.0,1010.08877,9.0,-423.18692
2025-10-17 18:26:09,1403.81091,1018.41455,1005.38182,22.90341,100.0,1010.27559,9.0,-425.7838
2025-10-17 18:26:10,1403.81091,1020.27636,1005.38182,22.89834,100.0,1010.21332,9.0,-424.5083
2025-10-17 18:26:11,1400.08727,1014.69091,1003.52,22.89326,100.0,1010.23259,9.0,-425.34773
2025-10-17 18:26:11,1401.94909,1016.55273,1001.65818,22.90341,100.0,1010.13968,9.0,-421.60149
2025-10-17 18:26:12,1403.81091,1022.13818,1007.24364,22.89834,100.0,1010.26768,9.0,-426.57047
2025-10-17 18:26:12,1403.81091,1018.41455,1005.38182,22.89326,100.0,1010.12386,9.0,-423.33425
2025-10-17 18:26:13,1403.81091,1020.27636,1003.52,22.90341,100.0,1010.22123,9.0,-423.2338
2025-10-17 18:26:14,1400.08727,1018.41455,1003.52,22.90849,100.0,1010.20195,9.0,-424.20369
2025-10-17 18:26:14,1403.81091,1018.41455,1007.24364,22.90849,100.0,1010.25632,9.0,-426.87989
2025-10-17 18:26:15,1401.94909,1016.55273,1003.52,22.89834,100.0,1010.2405,9.0,-424.62801
2025-10-17 18:26:15,1401.94909,1018.41455,1005.38182,22.90849,100.0,1010.25632,9.0,-425.9798
2025-10-17 18:26:16,1401.94909,1016.55273,1003.52,22.90341,100.0,1010.27559,9.0,-425.1958
2025-10-17 18:26:17,1403.81091,1020.27636,1005.38182,22.91864,100.0,1010.24496,9.0,-425.02757
2025-10-17 18:26:17,1403.81091,1016.55273,1005.38182,22.89326,100.0,1010.17823,9.0,-424.52233
2025-10-17 18:26:18,1401.94909,1018.41455,1003.52,22.91357,100.0,1010.23705,9.0,-424.26733
2025-10-17 18:26:18,1403.81091,1020.27636,1005.38182,22.91864,100.0,1010.29932,9.0,-425.9036
2025-10-17 18:26:19,1401.94909,1020.27636,1005.38182,22.91357,100.0,1010.31859,9.0,-426.71596
2025-10-17 18:26:20,1403.81091,1018.41455,1005.38182,22.91357,100.0,1010.34578,9.0,-426.91948
2025-10-17 18:26:20,1401.94909,1018.41455,1003.52,22.91864,100.0,1010.27214,9.0,-424.8352
2025-10-17 18:26:21,1401.94909,1018.41455,1003.52,22.92372,100.0,1010.28005,9.0,-424.96508
2025-10-17 18:26:21,1400.08727,1018.41455,1005.38182,22.91357,100.0,1010.26423,9.0,-426.61383
2025-10-17 18:26:22,1403.81091,1018.41455,1007.24364,22.91864,100.0,1010.13623,9.0,-424.94949
2025-10-17 18:26:23,1401.94909,1016.55273,1003.52,22.91864,100.0,1010.27214,9.0,-425.14729
2025-10-17 18:26:23,1401.94909,1018.41455,1003.52,22.91864,100.0,1010.24496,9.0,-424.39718
2025-10-17 18:26:24,1401.94909,1018.41455,1005.38182,22.9288,100.0,1010.26078,9.0,-426.06124
2025-10-17 18:26:24,1403.81091,1024.0,1010.96727,22.92372,100.0,1010.38878,9.0,-431.18494
2025-10-17 18:26:25,1403.81091,1022.13818,1007.24364,22.92372,100.0,1010.25287,9.0,-426.34361
2025-10-17 18:26:26,1401.94909,1016.55273,1003.52,22.91357,100.0,1010.34578,9.0,-426.33148
2025-10-17 18:26:26,1401.94909,1018.41455,1003.52,22.92372,100.0,1010.28005,9.0,-424.96508
2025-10-17 18:26:27,1401.94909,1022.13818,1005.38182,22.91357,100.0,1010.26423,9.0,-425.62181
2025-10-17 18:26:27,1401.94909,1022.13818,1007.24364,22.91864,100.0,1010.21777,9.0,-426.27991
2025-10-17 18:26:28,1400.08727,1016.55273,1003.52,22.91864,100.0,1010.38087,9.0,-427.40356
2025-10-17 18:26:28,1401.94909,1014.69091,1001.65818,22.92372,100.0,1010.38878,9.0,-425.97025
2025-10-17 18:26:29,1401.94909,1014.69091,1003.52,22.91864,100.0,1010.35369,9.0,-426.80663
2025-10-17 18:30:25,1374.02182,981.17818,970.00727,23.78678,100.0,1010.07356,9.0,-409.24629
2025-10-17 18:30:25,1375.88364,983.04,973.73091,23.79693,100.0,1010.03493,9.0,-411.03778
2025-10-17 18:30:26,1377.74545,981.17818,971.86909,23.79185,100.0,1010.08146,9.0,-409.78159
2025-10-17 18:30:26,1375.88364,977.45455,968.14545,23.79185,100.0,1010.02703,9.0,-406.33501
2025-10-17 18:30:27,1375.88364,979.31636,970.00727,23.79185,100.0,1010.02703,9.0,-407.88716
2025-10-17 18:30:27,1377.74545,979.31636,970.00727,23.80708,100.0,1010.02351,9.0,-407.36296
2025-10-17 18:30:28,1377.74545,983.04,973.73091,23.80708,100.0,1010.13239,9.0,-412.12861
2025-10-17 18:30:29,1377.74545,979.31636,971.86909,23.80708,100.0,1010.10517,9.0,-410.08312
2025-10-17 18:30:29,1374.02182,979.31636,968.14545,23.80708,100.0,1010.02351,9.0,-406.96707
2025-10-17 18:30:30,1375.88364,979.31636,970.00727,23.80201,100.0,1009.98839,9.0,-407.28893
2025-10-17 18:30:30,1375.88364,979.31636,970.00727,23.82231,100.0,1010.10165,9.0,-409.16363
2025-10-17 18:30:31,1375.88364,981.17818,973.73091,23.81216,100.0,1010.14029,9.0,-412.68703
2025-10-17 18:30:31,1375.88364,979.31636,970.00727,23.82739,100.0,1010.10955,9.0,-409.3035
2025-10-17 18:30:32,1374.02182,979.31636,968.14545,23.83247,100.0,1010.22634,9.0,-410.29793
2025-10-17 18:30:33,1375.88364,979.31636,970.00727,23.83247,100.0,1010.17189,9.0,-410.32072
2025-10-17 18:30:33,1375.88364,981.17818,973.73091,23.83754,100.0,1010.12535,9.0,-412.50912
2025-10-17 18:30:34,1375.88364,981.17818,971.86909,23.85277,100.0,1010.14906,9.0,-411.52521
2025-10-17 18:30:34,1375.88364,981.17818,970.00727,23.85277,100.0,1010.23072,9.0,-411.4369
2025-10-17 18:30:35,1375.88364,979.31636,966.28364,23.85785,100.0,1010.07529,9.0,-406.0195
2025-10-17 18:30:35,1374.02182,979.31636,970.00727,23.85277,100.0,1010.17628,9.0,-410.94666
2025-10-17 18:30:36,1377.74545,977.45455,971.86909,23.85277,100.0,1010.2035,9.0,-411.63334
2025-10-17 18:30:37,1374.02182,979.31636,966.28364,23.86293,100.0,1010.11041,9.0,-407.10266
2025-10-17 18:30:37,1374.02182,979.31636,968.14545,23.85785,100.0,1010.2114,9.0,-410.12129
2025-10-17 18:30:38,1375.88364,979.31636,970.00727,23.86801,100.0,1010.17276,9.0,-410.42473
2025-10-17 18:30:39,1374.02182,979.31636,970.00727,23.85785,100.0,1010.26585,9.0,-412.4029
2025-10-17 18:30:39,1374.02182,977.45455,968.14545,23.86801,100.0,1010.19998,9.0,-409.81545
2025-10-17 18:30:40,1375.88364,979.31636,970.00727,23.87308,100.0,1010.23511,9.0,-411.44251
2025-10-17 18:30:40,1372.16,977.45455,966.28364,23.88324,100.0,1010.33258,9.0,-411.09156
2025-10-17 18:30:41,1374.02182,981.17818,971.86909,23.87816,100.0,1010.21579,9.0,-413.16993
2025-10-17 18:30:41,1375.88364,977.45455,968.14545,23.87308,100.0,1010.26233,9.0,-410.32903
2025-10-17 18:30:42,1375.88364,981.17818,971.86909,23.88324,100.0,1010.3598,9.0,-414.99968
2025-10-17 18:30:43,1374.02182,979.31636,968.14545,23.89847,100.0,1010.22017,9.0,-410.36811
2025-10-17 18:30:43,1374.02182,981.17818,970.00727,23.89339,100.0,1010.23949,9.0,-412.18747
2025-10-17 18:30:44,1374.02182,979.31636,970.00727,23.87816,100.0,1010.16134,9.0,-410.77117
2025-10-17 18:30:44,1374.02182,975.59273,966.28364,23.89339,100.0,1010.21227,9.0,-408.49753
2025-10-17 18:30:45,1375.88364,977.45455,968.14545,23.89847,100.0,1010.19294,9.0,-409.27735
2025-10-17 18:30:45,1375.88364,975.59273,966.28364,23.90354,100.0,1010.20084,9.0,-407.83614
2025-10-17 18:30:46,1374.02182,979.31636,968.14545,23.90354,100.0,1010.20084,9.0,-410.07019
2025-10-17 18:30:46,1372.16,979.31636,968.14545,23.90862,100.0,1010.23597,9.0,-411.15392
2025-10-17 18:30:47,1372.16,977.45455,966.28364,23.92385,100.0,1010.15077,9.0,-408.26979
2025-10-17 18:30:48,1374.02182,977.45455,966.28364,23.9137,100.0,1010.24387,9.0,-409.23846
2025-10-17 18:30:48,1374.02182,977.45455,966.28364,23.90862,100.0,1010.26319,9.0,-409.53627
2025-10-17 18:30:49,1375.88364,979.31636,971.86909,23.9137,100.0,1010.18942,9.0,-412.21758
2025-10-17 18:30:49,1374.02182,979.31636,964.42182,23.9137,100.0,1010.21665,9.0,-407.54335
2025-10-17 18:30:50,1375.88364,977.45455,966.28364,23.90862,100.0,1010.23597,9.0,-408.59337
2025-10-17 18:30:50,1374.02182,975.59273,966.28364,23.92385,100.0,1010.20522,9.0,-408.46529
2025-10-17 18:30:51,1374.02182,977.45455,966.28364,23.90862,100.0,1010.20875,9.0,-408.65888
2025-10-17 18:30:52,1375.88364,979.31636,971.86909,23.9137,100.0,1010.21665,9.0,-412.65628
2025-10-17 18:30:52,1375.88364,973.73091,966.28364,23.91877,100.0,1010.19732,9.0,-407.61396
2025-10-17 18:30:53,1374.02182,975.59273,966.28364,23.94416,100.0,1010.23683,9.0,-409.02982
2025-10-17 18:30:53,1372.16,977.45455,964.42182,23.94416,100.0,1010.2096,9.0,-407.86872
2025-10-17 18:30:54,1375.88364,977.45455,968.14545,23.93908,100.0,1010.22893,9.0,-409.9664
2025-10-17 18:30:55,1374.02182,973.73091,964.42182,23.94416,100.0,1010.23683,9.0,-407.4194
2025-10-17 18:30:55,1374.02182,977.45455,970.00727,23.92893,100.0,1010.21312,9.0,-411.59262
2025-10-17 18:30:56,1374.02182,977.45455,970.00727,23.93908,100.0,1010.25615,9.0,-412.31361
2025-10-17 18:30:56,1372.16,977.45455,968.14545,23.93908,100.0,1010.22893,9.0,-410.9748
2025-10-17 18:30:57,1374.02182,977.45455,966.28364,23.94416,100.0,1010.2096,9.0,-408.76881
2025-10-17 18:30:58,1374.02182,975.59273,964.42182,23.93908,100.0,1010.25615,9.0,-407.92304
2025-10-17 18:30:58,1372.16,975.59273,966.28364,23.93908,100.0,1010.25615,9.0,-409.83153
2025-10-17 18:30:59,1372.16,975.59273,966.28364,23.94416,100.0,1010.26405,9.0,-409.97274
2025-10-17 18:30:59,1374.02182,977.45455,968.14545,23.94923,100.0,1010.2175,9.0,-410.31436
2025-10-17 18:31:00,1374.02182,973.73091,964.42182,23.94923,100.0,1010.19028,9.0,-406.68322
2025-10-17 18:31:01,1374.02182,975.59273,966.28364,23.94923,100.0,1010.19028,9.0,-408.29364
2025-10-17 18:31:01,1374.02182,977.45455,968.14545,23.96447,100.0,1010.21398,9.0,-410.29972
2025-10-17 18:31:02,1374.02182,977.45455,968.14545,23.97462,100.0,1010.20255,9.0,-410.14396
2025-10-17 18:31:02,1374.02182,973.73091,964.42182,23.95939,100.0,1010.2333,9.0,-407.40462
2025-10-17 18:31:03,1372.16,975.59273,968.14545,23.96954,100.0,1010.16742,9.0,-409.8902
2025-10-17 18:31:04,1372.16,975.59273,964.42182,23.96954,100.0,1010.22188,9.0,-407.95911
2025-10-17 18:31:04,1374.02182,977.45455,968.14545,23.96954,100.0,1010.24911,9.0,-410.87992
2025-10-17 18:31:05,1374.02182,975.59273,966.28364,23.98477,100.0,1010.24558,9.0,-409.28389
2025-10-17 18:31:05,1372.16,973.73091,962.56,23.98477,100.0,1010.24558,9.0,-406.77338
2025-10-17 18:31:06,1370.29818,975.59273,966.28364,23.98477,100.0,1010.24558,9.0,-410.29228
2025-10-17 18:31:07,1374.02182,975.59273,966.28364,23.98477,100.0,1010.19113,9.0,-408.40639
2025-10-17 18:31:07,1374.02182,975.59273,966.28364,23.99493,100.0,1010.28861,9.0,-410.00602
2025-10-17 18:31:08,1374.02182,971.86909,964.42182,24.0,100.0,1010.26928,9.0,-407.86977
2025-10-17 18:31:08,1374.02182,977.45455,966.28364,23.98985,100.0,1010.1718,9.0,-408.287
2025-10-17 18:31:09,1372.16,975.59273,966.28364,23.98985,100.0,1010.1718,9.0,-408.61349
2025-10-17 18:31:09,1372.16,973.73091,968.14545,23.98477,100.0,1010.1639,9.0,-409.66999
2025-10-17 18:31:10,1372.16,971.86909,964.42182,23.98477,100.0,1010.24558,9.0,-407.94883
2025-10-17 18:31:11,1370.29818,973.73091,964.42182,24.0,100.0,1010.1876,9.0,-407.79072
2025-10-17 18:31:11,1370.29818,973.73091,962.56,24.0,100.0,1010.1876,9.0,-406.38644
2025-10-17 18:31:12,1372.16,975.59273,966.28364,24.01016,100.0,1010.23063,9.0,-409.61935
2025-10-17 18:31:12,1374.02182,971.86909,964.42182,24.0,100.0,1010.13314,9.0,-405.67597
2025-10-17 18:31:13,1370.29818,971.86909,962.56,24.00508,100.0,1010.08658,9.0,-404.54435
2025-10-17 18:31:14,1370.29818,973.73091,964.42182,24.01016,100.0,1010.31231,9.0,-409.82943
2025-10-17 18:31:14,1370.29818,971.86909,964.42182,24.0,100.0,1010.1876,9.0,-407.56188
2025-10-17 18:31:15,1374.02182,977.45455,970.00727,24.01523,100.0,1010.12961,9.0,-410.48824
2025-10-17 18:31:15,1372.16,971.86909,960.69818,24.01016,100.0,1010.14894,9.0,-403.65522
2025-10-17 18:31:16,1374.02182,975.59273,966.28364,24.01016,100.0,1010.09448,9.0,-406.92132
2025-10-17 18:31:16,1370.29818,971.86909,962.56,24.02031,100.0,1010.13751,9.0,-405.40875
2025-10-17 18:31:17,1370.29818,973.73091,964.42182,24.03046,100.0,1010.18054,9.0,-407.76464
2025-10-17 18:31:17,1372.16,973.73091,966.28364,24.02539,100.0,1010.14541,9.0,-408.08393
2025-10-17 18:31:18,1372.16,971.86909,964.42182,24.03554,100.0,1010.10675,9.0,-405.85732
2025-10-17 18:31:19,1372.16,970.00727,962.56,24.03046,100.0,1010.15331,9.0,-404.94491
2025-10-17 18:31:19,1374.02182,970.00727,964.42182,24.03554,100.0,1010.18844,9.0,-406.42584
2025-10-17 18:31:20,1372.16,975.59273,966.28364,24.05077,100.0,1010.15768,9.0,-408.5618
2025-10-17 18:31:20,1374.02182,971.86909,964.42182,24.04062,100.0,1010.16911,9.0,-406.37279
2025-10-17 18:31:21,1372.16,975.59273,966.28364,24.04569,100.0,1010.17701,9.0,-408.8584
2025-10-17 18:31:22,1372.16,971.86909,962.56,24.04569,100.0,1010.17701,9.0,-405.61486
2025-10-17 18:31:22,1370.29818,975.59273,966.28364,24.05077,100.0,1010.21214,9.0,-409.94358
2025-10-17 18:31:23,1372.16,970.00727,962.56,24.06092,100.0,1010.22794,9.0,-406.23673
2025-10-17 18:31:23,1370.29818,971.86909,960.69818,24.05585,100.0,1010.32896,9.0,-407.19319
2025-10-17 18:31:24,1372.16,970.00727,960.69818,24.04569,100.0,1010.2587,9.0,-405.28331
2025-10-17 18:31:24,1372.16,971.86909,962.56,24.05077,100.0,1010.13045,9.0,-404.87946
2025-10-17 18:31:25,1374.02182,973.73091,966.28364,24.05077,100.0,1010.2666,9.0,-409.60664
2025-10-17 18:31:26,1374.02182,971.86909,964.42182,24.05585,100.0,1010.22004,9.0,-407.23817
2025-10-17 18:31:26,1372.16,973.73091,964.42182,24.066,100.0,1010.2903,9.0,-409.13342
2025-10-17 18:31:27,1370.29818,971.86909,966.28364,24.066,100.0,1010.20861,9.0,-409.49665
2025-10-17 18:31:27,1374.02182,971.86909,966.28364,24.06092,100.0,1010.2824,9.0,-409.66234
2025-10-17 18:31:28,1372.16,973.73091,964.42182,24.06092,100.0,1010.2824,9.0,-408.99109
2025-10-17 18:31:29,1372.16,970.00727,960.69818,24.07108,100.0,1010.21651,9.0,-404.67832
2025-10-17 18:31:29,1370.29818,970.00727,962.56,24.08123,100.0,1010.314,9.0,-408.1881
2025-10-17 18:31:30,1372.16,973.73091,964.42182,24.08631,100.0,1010.26744,9.0,-408.82551
2025-10-17 18:31:30,1372.16,973.73091,964.42182,24.07616,100.0,1010.36057,9.0,-410.29583
2025-10-17 18:31:31,1372.16,968.14545,962.56,24.08123,100.0,1010.34124,9.0,-407.87222
2025-10-17 18:31:32,1370.29818,970.00727,960.69818,24.07616,100.0,1010.3061,9.0,-406.64136
2025-10-17 18:31:32,1370.29818,970.00727,962.56,24.08123,100.0,1010.34124,9.0,-408.62692
2025-10-17 18:31:33,1370.29818,973.73091,966.28364,24.09646,100.0,1010.44664,9.0,-413.65205
2025-10-17 18:31:33,1372.16,970.00727,962.56,24.09139,100.0,1010.38427,9.0,-408.84657
2025-10-17 18:31:35,1368.43636,968.14545,958.83636,24.11677,100.0,1010.31484,9.0,-405.7538
2025-10-17 18:31:35,1374.02182,970.00727,966.28364,24.10662,100.0,1010.40797,9.0,-411.57879
2025-10-17 18:31:36,1372.16,970.00727,964.42182,24.11169,100.0,1010.25247,9.0,-408.18837
2025-10-17 18:31:36,1368.43636,970.00727,960.69818,24.10662,100.0,1010.27181,9.0,-406.68436
2025-10-17 18:31:37,1372.16,966.28364,958.83636,24.12692,100.0,1010.33064,9.0,-404.78149
2025-10-17 18:31:38,1370.29818,970.00727,960.69818,24.12692,100.0,1010.16724,9.0,-404.55684
2025-10-17 18:31:38,1370.29818,970.00727,962.56,24.12692,100.0,1010.33064,9.0,-408.59421
2025-10-17 18:31:39,1372.16,966.28364,960.69818,24.12692,100.0,1010.35787,9.0,-406.62463
2025-10-17 18:31:39,1368.43636,970.00727,960.69818,24.12185,100.0,1010.37721,9.0,-408.42903
2025-10-17 18:31:40,1370.29818,970.00727,960.69818,24.11677,100.0,1009.82464,9.0,-399.00529
2025-10-17 18:31:41,1374.02182,973.73091,964.42182,24.09139,100.0,1010.19364,9.0,-407.14737
2025-10-17 18:31:41,1370.29818,966.28364,956.97455,24.07616,100.0,1010.3061,9.0,-403.33284
2025-10-17 18:31:42,1370.29818,970.00727,960.69818,24.066,100.0,1010.2903,9.0,-406.35658
2025-10-17 18:31:42,1370.29818,973.73091,966.28364,24.02031,100.0,1010.27366,9.0,-410.64002
2025-10-17 18:31:43,1370.29818,975.59273,966.28364,24.0,100.0,1010.16037,9.0,-408.96238
2025-10-17 18:31:43,1372.16,977.45455,964.42182,23.97462,100.0,1010.39314,9.0,-410.91079
2025-10-17 18:31:44,1372.16,975.59273,964.42182,23.95939,100.0,1010.26053,9.0,-408.55369
2025-10-17 18:31:45,1372.16,975.59273,962.56,23.92893,100.0,1010.24035,9.0,-406.74069
2025-10-17 18:31:45,1368.43636,977.45455,964.42182,23.9137,100.0,1010.32555,9.0,-410.66288
2025-10-17 18:31:46,1375.88364,983.04,970.00727,23.89339,100.0,1010.26671,9.0,-412.20742
2025-10-17 18:31:46,1374.02182,981.17818,964.42182,23.89339,100.0,1010.23949,9.0,-407.97462
2025-10-17 18:31:47,1370.29818,983.04,966.28364,23.87308,100.0,1010.42567,9.0,-413.41983
2025-10-17 18:31:48,1368.43636,983.04,962.56,23.85785,100.0,1010.29307,9.0,-408.9396
2025-10-17 18:31:48,1374.02182,984.90182,966.28364,23.85277,100.0,1010.23072,9.0,-409.27089
2025-10-17 18:31:49,1370.29818,981.17818,962.56,23.84262,100.0,1010.1877,9.0,-406.61337
2025-10-17 18:31:49,1374.02182,983.04,960.69818,23.82739,100.0,1010.32732,9.0,-406.49799
2025-10-17 18:31:50,1374.02182,981.17818,962.56,23.82739,100.0,1010.27288,9.0,-406.93953
2025-10-17 18:31:50,1374.02182,983.04,962.56,23.82231,100.0,1010.4283,9.0,-409.51693
2025-10-17 18:31:51,1374.02182,986.76364,968.14545,23.79693,100.0,1010.33434,9.0,-412.22628
2025-10-17 18:31:51,1374.02182,983.04,962.56,23.78678,100.0,1010.37298,9.0,-408.53936
2025-10-17 18:31:52,1374.02182,983.04,962.56,23.77155,100.0,1010.4037,9.0,-408.99862
2025-10-17 18:31:53,1374.02182,984.90182,966.28364,23.75124,100.0,1010.31765,9.0,-410.42659
2025-10-17 18:31:53,1374.02182,986.76364,968.14545,23.73601,100.0,1010.34838,9.0,-412.31098
2025-10-17 18:31:54,1375.88364,986.76364,966.28364,23.73093,100.0,1010.34047,9.0,-410.26381
2025-10-17 18:31:55,1374.02182,983.04,962.56,23.73093,100.0,1010.47656,9.0,-410.08
2025-10-17 18:31:55,1375.88364,983.04,962.56,23.70555,100.0,1010.35539,9.0,-407.5677
2025-10-17 18:31:56,1375.88364,988.62545,968.14545,23.69032,100.0,1010.35889,9.0,-411.86197
2025-10-17 18:31:56,1375.88364,986.76364,968.14545,23.69539,100.0,1010.36679,9.0,-412.01501
2025-10-17 18:31:57,1372.16,984.90182,962.56,23.67509,100.0,1010.38961,9.0,-409.11627
2025-10-17 18:31:58,1375.88364,984.90182,964.42182,23.67001,100.0,1010.43613,9.0,-410.25143
2025-10-17 18:31:58,1372.16,984.90182,964.42182,23.65478,100.0,1010.3852,9.0,-410.40836
2025-10-17 18:31:59,1377.74545,990.48727,970.00727,23.64463,100.0,1010.36939,9.0,-412.788
2025-10-17 18:31:59,1374.02182,984.90182,962.56,23.63955,100.0,1010.3887,9.0,-408.52619
2025-10-17 18:32:00,1374.02182,988.62545,966.28364,23.60909,100.0,1010.50454,9.0,-413.14799
2025-10-17 18:32:01,1374.02182,986.76364,964.42182,23.61416,100.0,1010.37639,9.0,-409.70302
2025-10-17 18:32:01,1375.88364,990.48727,968.14545,23.60401,100.0,1010.38779,9.0,-412.10711
2025-10-17 18:32:02,1374.02182,986.76364,964.42182,23.58878,100.0,1010.39128,9.0,-409.89659
2025-10-17 18:32:02,1375.88364,986.76364,966.28364,23.5837,100.0,1010.35617,9.0,-410.22175
2025-10-17 18:32:03,1375.88364,986.76364,964.42182,23.57863,100.0,1010.37547,9.0,-409.11958
2025-10-17 18:32:04,1375.88364,988.62545,966.28364,23.5837,100.0,1010.38338,9.0,-410.64528
2025-10-17 18:32:04,1375.88364,988.62545,968.14545,23.57355,100.0,1010.42199,9.0,-412.65385
2025-10-17 18:32:05,1377.74545,992.34909,968.14545,23.55832,100.0,1010.4799,9.0,-412.91995
2025-10-17 18:32:05,1375.88364,984.90182,964.42182,23.55324,100.0,1010.472,9.0,-410.61174
2025-10-17 18:32:06,1379.60727,988.62545,968.14545,23.54817,100.0,1010.51851,9.0,-413.15738
2025-10-17 18:32:07,1377.74545,988.62545,968.14545,23.54817,100.0,1010.40967,9.0,-411.90777
2025-10-17 18:32:07,1375.88364,988.62545,968.14545,23.53294,100.0,1010.44037,9.0,-412.88154
2025-10-17 18:32:08,1377.74545,986.76364,966.28364,23.52278,100.0,1010.39735,9.0,-410.27839
2025-10-17 18:32:08,1375.88364,984.90182,964.42182,23.51263,100.0,1010.43595,9.0,-409.96485
2025-10-17 18:32:09,1377.74545,988.62545,968.14545,23.50755,100.0,1010.34642,9.0,-410.8231
2025-10-17 18:32:10,1379.60727,988.62545,968.14545,23.50755,100.0,1010.31922,9.0,-409.88047
2025-10-17 18:32:10,1377.74545,981.17818,962.56,23.50247,100.0,1010.42014,9.0,-407.6474
2025-10-17 18:32:11,1377.74545,984.90182,962.56,23.50247,100.0,1010.31131,9.0,-406.03208
2025-10-17 18:32:11,1379.60727,988.62545,970.00727,23.51263,100.0,1010.32712,9.0,-411.42008
2025-10-17 18:32:12,1377.74545,988.62545,968.14545,23.48724,100.0,1010.39642,9.0,-411.59773
2025-10-17 18:32:13,1375.88364,983.04,962.56,23.50755,100.0,1010.31922,9.0,-406.61863
2025-10-17 18:32:13,1377.74545,983.04,964.42182,23.51263,100.0,1010.32712,9.0,-407.65404
2025-10-17 18:32:14,1377.74545,983.04,968.14545,23.48724,100.0,1010.34201,9.0,-410.66352
2025-10-17 18:32:14,1377.74545,983.04,968.14545,23.48724,100.0,1010.3148,9.0,-410.22512
2025-10-17 18:32:15,1377.74545,981.17818,966.28364,23.48217,100.0,1010.3341,9.0,-409.0388
2025-10-17 18:32:15,1375.88364,983.04,964.42182,23.48724,100.0,1010.34201,9.0,-408.35915
2025-10-17 18:32:16,1377.74545,981.17818,966.28364,23.4974,100.0,1010.2762,9.0,-408.12869
2025-10-17 18:32:16,1379.60727,984.90182,968.14545,23.49232,100.0,1010.43153,9.0,-411.66251
2025-10-17 18:32:17,1375.88364,984.90182,970.00727,23.48217,100.0,1010.36131,9.0,-412.92834
2025-10-17 18:32:18,1375.88364,986.76364,968.14545,23.47201,100.0,1010.31829,9.0,-410.83534
2025-10-17 18:32:18,1375.88364,984.90182,964.42182,23.48217,100.0,1010.44293,9.0,-410.0307
2025-10-17 18:32:19,1381.46909,983.04,966.28364,23.47709,100.0,1010.43502,9.0,-409.73457
2025-10-17 18:32:20,1379.60727,983.04,970.00727,23.48724,100.0,1010.42363,9.0,-412.87884
2025-10-17 18:32:20,1377.74545,981.17818,966.28364,23.47709,100.0,1010.38061,9.0,-409.7807
2025-10-17 18:32:21,1377.74545,981.17818,964.42182,23.48724,100.0,1010.28759,9.0,-406.89268
2025-10-17 18:32:21,1377.74545,981.17818,964.42182,23.48724,100.0,1010.39642,9.0,-408.64631
2025-10-17 18:32:22,1379.60727,983.04,968.14545,23.47201,100.0,1010.3455,9.0,-410.19301
2025-10-17 18:32:23,1379.60727,979.31636,964.42182,23.46694,100.0,1010.3648,9.0,-407.48548
2025-10-17 18:32:23,1377.74545,983.04,964.42182,23.47201,100.0,1010.45432,9.0,-409.64223
2025-10-17 18:32:24,1377.74545,983.04,966.28364,23.47201,100.0,1010.45432,9.0,-411.04652
2025-10-17 18:32:24,1381.46909,983.04,970.00727,23.45171,100.0,1010.25946,9.0,-409.67765
2025-10-17 18:32:25,1379.60727,984.90182,966.28364,23.46186,100.0,1010.4113,9.0,-409.88733
2025-10-17 18:32:26,1377.74545,983.04,964.42182,23.44663,100.0,1010.33317,9.0,-407.65385
2025-10-17 18:32:26,1379.60727,981.17818,962.56,23.47201,100.0,1010.31829,9.0,-405.45629
2025-10-17 18:32:27,1379.60727,984.90182,968.14545,23.46694,100.0,1010.3648,9.0,-410.54953
2025-10-17 18:32:27,1379.60727,984.90182,970.00727,23.45171,100.0,1010.20505,9.0,-409.35799
2025-10-17 18:32:28,1377.74545,983.04,968.14545,23.43648,100.0,1010.29015,9.0,-409.75524
2025-10-17 18:32:29,1379.60727,983.04,966.28364,23.44155,100.0,1010.27086,9.0,-407.54274
2025-10-17 18:32:29,1379.60727,981.17818,964.42182,23.44663,100.0,1010.33317,9.0,-407.06419
2025-10-17 18:32:30,1381.46909,984.90182,968.14545,23.44155,100.0,1010.37967,9.0,-410.24924
2025-10-17 18:32:30,1381.46909,984.90182,970.00727,23.44663,100.0,1010.33317,9.0,-410.9112
2025-10-17 18:32:31,1377.74545,983.04,968.14545,23.46694,100.0,1010.28318,9.0,-409.68565
2025-10-17 18:32:32,1379.60727,981.17818,962.56,23.46694,100.0,1010.31038,9.0,-405.32153
2025-10-17 18:32:32,1379.60727,981.17818,970.00727,23.46694,100.0,1010.31038,9.0,-410.93866
2025-10-17 18:32:33,1379.60727,979.31636,968.14545,23.46186,100.0,1010.35689,9.0,-410.15935
2025-10-17 18:32:33,1377.74545,977.45455,966.28364,23.45171,100.0,1010.34108,9.0,-408.84219
2025-10-17 18:32:34,1377.74545,979.31636,964.42182,23.46186,100.0,1010.38409,9.0,-408.29337
2025-10-17 18:32:34,1375.88364,981.17818,966.28364,23.45678,100.0,1010.4306,9.0,-411.0611
2025-10-17 18:32:35,1379.60727,981.17818,968.14545,23.44663,100.0,1010.30597,9.0,-409.43438
2025-10-17 18:32:35,1381.46909,983.04,968.14545,23.42632,100.0,1010.32875,9.0,-409.35504
2025-10-17 18:32:36,1377.74545,979.31636,966.28364,23.43648,100.0,1010.39897,9.0,-409.90187
2025-10-17 18:32:37,1379.60727,983.04,966.28364,23.43648,100.0,1010.39897,9.0,-409.60025
2025-10-17 18:32:37,1374.02182,984.90182,973.73091,23.40094,100.0,1010.34362,9.0,-415.84406
2025-10-17 18:32:38,1381.46909,981.17818,966.28364,23.41109,100.0,1010.38664,9.0,-408.77804
2025-10-17 18:32:38,1377.74545,979.31636,966.28364,23.42125,100.0,1010.37525,9.0,-409.49913
2025-10-17 18:32:39,1379.60727,981.17818,962.56,23.40602,100.0,1010.35153,9.0,-405.90132
2025-10-17 18:32:40,1379.60727,981.17818,968.14545,23.40094,100.0,1010.31642,9.0,-409.5419
2025-10-17 18:32:40,1379.60727,983.04,968.14545,23.39586,100.0,1010.39012,9.0,-410.80854
2025-10-17 18:32:41,1377.74545,983.04,968.14545,23.41109,100.0,1010.35944,9.0,-410.83782
2025-10-17 18:32:41,1379.60727,981.17818,964.42182,23.40602,100.0,1010.35153,9.0,-407.3056
2025-10-17 18:32:42,1379.60727,979.31636,966.28364,23.40602,100.0,1010.32433,9.0,-408.15442
2025-10-17 18:32:42,1379.60727,983.04,968.14545,23.42125,100.0,1010.40246,9.0,-411.04016
2025-10-17 18:32:43,1381.46909,981.17818,970.00727,23.42632,100.0,1010.41036,9.0,-411.98897
2025-10-17 18:32:44,1379.60727,983.04,968.14545,23.41109,100.0,1010.35944,9.0,-410.33362
2025-10-17 18:32:44,1381.46909,983.04,970.00727,23.37555,100.0,1010.30409,9.0,-410.29711
2025-10-17 18:32:45,1379.60727,983.04,966.28364,23.37048,100.0,1010.26898,9.0,-407.42086
2025-10-17 18:32:46,1377.74545,983.04,964.42182,23.39586,100.0,1010.25411,9.0,-406.31244
2025-10-17 18:32:47,1381.46909,983.04,968.14545,23.39079,100.0,1010.32781,9.0,-409.29385
2025-10-17 18:32:47,1381.46909,983.04,966.28364,23.38571,100.0,1010.34711,9.0,-408.19417
2025-10-17 18:32:48,1381.46909,986.76364,971.86909,23.38063,100.0,1010.3664,9.0,-412.78401
2025-10-17 18:32:48,1377.74545,983.04,966.28364,23.39586,100.0,1010.33572,9.0,-409.03176
2025-10-17 18:32:49,1379.60727,983.04,966.28364,23.40602,100.0,1010.32433,9.0,-408.357
2025-10-17 18:32:50,1377.74545,981.17818,964.42182,23.39586,100.0,1010.39012,9.0,-408.41871
2025-10-17 18:32:50,1379.60727,988.62545,971.86909,23.40602,100.0,1010.46034,9.0,-414.81901
2025-10-17 18:32:51,1379.60727,984.90182,968.14545,23.41109,100.0,1010.44105,9.0,-411.7016
2025-10-17 18:32:51,1379.60727,983.04,966.28364,23.41109,100.0,1010.35944,9.0,-408.92934
2025-10-17 18:32:52,1379.60727,984.90182,968.14545,23.40602,100.0,1010.40594,9.0,-411.12924
2025-10-17 18:32:53,1379.60727,983.04,966.28364,23.40602,100.0,1010.67797,9.0,-414.05561
2025-10-17 18:32:53,1381.46909,983.04,970.00727,23.39079,100.0,1010.46382,9.0,-412.88985
2025-10-17 18:32:54,1377.74545,981.17818,966.28364,23.38571,100.0,1010.31991,9.0,-408.67876
2025-10-17 18:32:54,1377.74545,983.04,964.42182,23.3654,100.0,1010.36988,9.0,-408.14059
2025-10-17 18:32:55,1379.60727,983.04,966.28364,23.37555,100.0,1010.4129,9.0,-409.74607
2025-10-17 18:32:56,1379.60727,986.76364,970.00727,23.35525,100.0,1010.32687,9.0,-411.21643
2025-10-17 18:32:56,1381.46909,986.76364,966.28364,23.37048,100.0,1010.40499,9.0,-409.18064
2025-10-17 18:32:57,1381.46909,986.76364,970.00727,23.3654,100.0,1010.36988,9.0,-411.41737
2025-10-17 18:32:57,1379.60727,983.04,964.42182,23.3654,100.0,1010.34268,9.0,-407.19806
2025-10-17 18:32:58,1377.74545,986.76364,968.14545,23.3654,100.0,1010.26108,9.0,-409.26819
2025-10-17 18:32:59,1379.60727,986.76364,970.00727,23.37048,100.0,1010.35059,9.0,-411.61674
2025-10-17 18:32:59,1381.46909,984.90182,966.28364,23.35017,100.0,1010.29176,9.0,-407.3126
2025-10-17 18:33:00,1377.74545,984.90182,964.42182,23.36032,100.0,1010.36198,9.0,-408.06004
2025-10-17 18:33:00,1381.46909,986.76364,968.14545,23.34509,100.0,1010.31105,9.0,-409.04137
2025-10-17 18:33:01,1379.60727,990.48727,970.00727,23.35525,100.0,1010.35407,9.0,-411.58957
2025-10-17 18:33:02,1379.60727,984.90182,964.42182,23.3654,100.0,1010.39708,9.0,-408.12761
2025-10-17 18:33:02,1381.46909,990.48727,970.00727,23.36032,100.0,1010.30757,9.0,-410.34211
2025-10-17 18:33:03,1379.60727,986.76364,970.00727,23.35525,100.0,1010.27247,9.0,-410.33979
2025-10-17 18:33:03,1383.33091,988.62545,971.86909,23.35017,100.0,1010.34616,9.0,-411.90237
2025-10-17 18:33:04,1377.74545,984.90182,966.28364,23.34509,100.0,1010.33825,9.0,-409.06436
2025-10-17 18:33:05,1379.60727,986.76364,964.42182,23.34002,100.0,1010.35755,9.0,-407.48041
2025-10-17 18:33:05,1379.60727,986.76364,966.28364,23.34002,100.0,1010.27595,9.0,-407.56977
2025-10-17 18:33:06,1381.46909,988.62545,970.00727,23.34002,100.0,1010.41195,9.0,-412.05074
2025-10-17 18:33:06,1381.46909,988.62545,968.14545,23.32479,100.0,1010.36103,9.0,-409.80885
2025-10-17 18:33:07,1381.46909,986.76364,968.14545,23.31971,100.0,1010.38032,9.0,-410.12911
2025-10-17 18:33:07,1381.46909,984.90182,968.14545,23.32479,100.0,1010.27943,9.0,-408.48948
2025-10-17 18:33:08,1381.46909,986.76364,970.00727,23.32479,100.0,1010.36103,9.0,-411.22808
2025-10-17 18:33:09,1383.33091,990.48727,971.86909,23.2994,100.0,1010.32149,9.0,-411.39865
2025-10-17 18:33:09,1381.46909,988.62545,970.00727,23.2994,100.0,1010.34869,9.0,-410.98707
2025-10-17 18:33:10,1383.33091,988.62545,971.86909,23.2994,100.0,1010.34869,9.0,-411.88716
2025-10-17 18:33:11,1381.46909,990.48727,968.14545,23.29433,100.0,1010.31358,9.0,-408.96157
2025-10-17 18:33:11,1381.46909,990.48727,971.86909,23.28417,100.0,1010.27057,9.0,-411.06663
2025-10-17 18:33:12,1381.46909,990.48727,970.00727,23.28417,100.0,1010.32497,9.0,-410.53888
2025-10-17 18:33:12,1381.46909,986.76364,968.14545,23.27402,100.0,1010.36355,9.0,-409.81126
2025-10-17 18:33:13,1381.46909,988.62545,968.14545,23.26894,100.0,1010.35564,9.0,-409.66387
2025-10-17 18:33:13,1379.60727,992.34909,971.86909,23.25879,100.0,1010.39422,9.0,-413.45175
2025-10-17 18:33:14,1383.33091,990.48727,970.00727,23.26387,100.0,1010.34773,9.0,-410.38133
2025-10-17 18:33:15,1379.60727,988.62545,970.00727,23.25879,100.0,1010.36702,9.0,-411.74587
2025-10-17 18:33:15,1383.33091,990.48727,971.86909,23.25371,100.0,1010.38631,9.0,-412.39748
2025-10-17 18:33:16,1385.19273,994.21091,973.73091,23.24864,100.0,1010.3512,9.0,-412.51714
2025-10-17 18:33:16,1381.46909,992.34909,971.86909,23.23848,100.0,1010.38978,9.0,-412.85691
2025-10-17 18:33:17,1381.46909,988.62545,968.14545,23.24356,100.0,1010.34329,9.0,-409.44065
2025-10-17 18:33:18,1381.46909,990.48727,970.00727,23.24356,100.0,1010.34329,9.0,-410.79471
2025-10-17 18:33:18,1381.46909,990.48727,970.00727,23.24356,100.0,1010.45208,9.0,-412.54768
2025-10-17 18:33:19,1379.60727,990.48727,971.86909,23.2334,100.0,1010.32748,9.0,-412.43896
2025-10-17 18:33:19,1385.19273,992.34909,971.86909,23.21817,100.0,1010.38534,9.0,-411.75863
2025-10-17 18:33:20,1383.33091,990.48727,971.86909,23.21817,100.0,1010.22217,9.0,-409.71991
2025-10-17 18:33:20,1383.33091,990.48727,970.00727,23.20294,100.0,1010.28003,9.0,-409.23474
2025-10-17 18:33:21,1381.46909,990.48727,971.86909,23.2131,100.0,1010.35024,9.0,-412.28332
2025-10-17 18:33:22,1385.19273,994.21091,977.45455,23.19279,100.0,1010.3186,9.0,-414.7507
2025-10-17 18:33:22,1383.33091,990.48727,970.00727,23.19787,100.0,1010.43529,9.0,-411.73225
2025-10-17 18:33:23,1385.19273,994.21091,973.73091,23.19279,100.0,1010.3186,9.0,-411.94213
2025-10-17 18:33:23,1381.46909,992.34909,971.86909,23.20802,100.0,1010.39672,9.0,-412.94148
2025-10-17 18:33:24,1385.19273,992.34909,975.59273,23.18771,100.0,1010.36508,9.0,-414.21466
2025-10-17 18:33:24,1383.33091,992.34909,971.86909,23.18264,100.0,1010.27559,9.0,-410.46406
2025-10-17 18:33:25,1383.33091,994.21091,973.73091,23.17756,100.0,1010.37646,9.0,-413.36604
2025-10-17 18:33:26,1383.33091,990.48727,970.00727,23.17248,100.0,1010.25978,9.0,-408.88309
2025-10-17 18:33:26,1383.33091,994.21091,973.73091,23.16233,100.0,1010.37993,9.0,-413.40972
2025-10-17 18:33:27,1383.33091,996.07273,975.59273,23.17756,100.0,1010.48523,9.0,-416.36159
2025-10-17 18:33:27,1383.33091,994.21091,975.59273,23.16233,100.0,1010.40712,9.0,-415.25219
2025-10-17 18:33:28,1381.46909,992.34909,970.00727,23.16741,100.0,1010.46941,9.0,-412.6749
2025-10-17 18:33:28,1383.33091,994.21091,973.73091,23.15218,100.0,1010.33692,9.0,-412.70875
2025-10-17 18:33:29,1385.19273,994.21091,977.45455,23.16233,100.0,1010.37993,9.0,-415.71409
2025-10-17 18:33:30,1385.19273,990.48727,973.73091,23.1471,100.0,1010.30181,9.0,-411.84499
2025-10-17 18:33:30,1385.19273,988.62545,971.86909,23.15725,100.0,1010.29044,9.0,-410.31544
2025-10-17 18:33:31,1385.19273,990.48727,971.86909,23.14202,100.0,1010.3211,9.0,-410.74759
2025-10-17 18:33:31,1385.19273,994.21091,975.59273,23.11664,100.0,1010.28155,9.0,-412.69042
2025-10-17 18:33:32,1385.19273,994.21091,977.45455,23.12679,100.0,1010.37895,9.0,-415.67139
2025-10-17 18:33:33,1381.46909,992.34909,973.73091,23.12172,100.0,1010.31665,9.0,-412.98728
2025-10-17 18:33:33,1385.19273,994.21091,975.59273,23.12679,100.0,1010.32456,9.0,-413.39078
2025-10-17 18:33:34,1381.46909,990.48727,971.86909,23.13187,100.0,1010.30528,9.0,-411.49354
2025-10-17 18:33:34,1387.05455,996.07273,981.17818,23.13187,100.0,1010.35966,9.0,-417.50724
2025-10-17 18:33:35,1387.05455,994.21091,975.59273,23.13695,100.0,1010.36757,9.0,-413.58712
2025-10-17 18:33:35,1383.33091,990.48727,973.73091,23.13187,100.0,1010.33247,9.0,-412.83179
2025-10-17 18:33:36,1381.46909,990.48727,971.86909,23.13695,100.0,1010.34038,9.0,-412.06291
2025-10-17 18:33:37,1385.19273,994.21091,975.59273,23.11156,100.0,1010.35522,9.0,-413.87383
2025-10-17 18:33:37,1385.19273,994.21091,975.59273,23.12172,100.0,1010.45261,9.0,-415.45045
2025-10-17 18:33:38,1385.19273,990.48727,971.86909,23.12679,100.0,1010.37895,9.0,-411.66847
2025-10-17 18:33:38,1385.19273,990.48727,971.86909,23.11156,100.0,1010.38241,9.0,-411.71335
2025-10-17 18:33:39,1381.46909,990.48727,973.73091,23.11156,100.0,1010.38241,9.0,-414.12603
2025-10-17 18:33:39,1385.19273,992.34909,975.59273,23.10141,100.0,1010.36659,9.0,-414.17351
2025-10-17 18:33:40,1387.05455,990.48727,977.45455,23.12172,100.0,1010.39823,9.0,-415.68415
2025-10-17 18:33:41,1385.19273,992.34909,977.45455,23.12172,100.0,1010.37104,9.0,-415.66377
2025-10-17 18:33:41,1387.05455,990.48727,975.59273,23.12172,100.0,1010.34384,9.0,-413.40355
2025-10-17 18:33:42,1383.33091,990.48727,975.59273,23.1471,100.0,1010.32901,9.0,-414.19164
2025-10-17 18:33:42,1387.05455,992.34909,977.45455,23.12679,100.0,1010.35175,9.0,-414.85254
2025-10-17 18:33:43,1383.33091,988.62545,973.73091,23.10649,100.0,1010.40169,9.0,-413.97919
2025-10-17 18:33:44,1387.05455,990.48727,977.45455,23.10649,100.0,1010.34731,9.0,-414.85284
2025-10-17 18:33:44,1385.19273,988.62545,973.73091,23.10141,100.0,1010.47535,9.0,-414.65845
2025-10-17 18:33:45,1387.05455,992.34909,977.45455,23.10141,100.0,1010.36659,9.0,-415.07359
2025-10-17 18:33:45,1385.19273,994.21091,979.31636,23.09633,100.0,1010.35868,9.0,-416.72762
2025-10-17 18:33:46,1385.19273,990.48727,975.59273,23.09125,100.0,1010.37796,9.0,-414.43622
2025-10-17 18:33:46,1383.33091,992.34909,975.59273,23.07602,100.0,1010.35423,9.0,-414.46152
2025-10-17 18:33:47,1383.33091,992.34909,977.45455,23.07095,100.0,1010.29194,9.0,-414.8588
2025-10-17 18:33:47,1388.91636,996.07273,983.04,23.07602,100.0,1010.35423,9.0,-418.28103
2025-10-17 18:33:48,1385.19273,994.21091,975.59273,23.06079,100.0,1010.35769,9.0,-413.87976
2025-10-17 18:33:49,1387.05455,996.07273,977.45455,23.05064,100.0,1010.34187,9.0,-414.35706
2025-10-17 18:33:49,1383.33091,994.21091,977.45455,23.06079,100.0,1010.35769,9.0,-415.78825
2025-10-17 18:33:50,1387.05455,994.21091,977.45455,23.04049,100.0,1010.32605,9.0,-414.25745
2025-10-17 18:33:50,1387.05455,996.07273,979.31636,23.04049,100.0,1010.38043,9.0,-416.37642
2025-10-17 18:33:51,1385.19273,996.07273,975.59273,23.02526,100.0,1010.32951,9.0,-413.24249
2025-10-17 18:33:51,1387.05455,994.21091,977.45455,23.02526,100.0,1010.38388,9.0,-415.18028
2025-10-17 18:33:52,1385.19273,994.21091,975.59273,23.02018,100.0,1010.29441,9.0,-412.8355
2025-10-17 18:33:53,1387.05455,997.93455,981.17818,23.0151,100.0,1010.31369,9.0,-416.4899
2025-10-17 18:33:53,1388.91636,997.93455,983.04,22.99987,100.0,1010.31715,9.0,-417.43708
2025-10-17 18:33:54,1388.91636,997.93455,977.45455,22.99987,100.0,1010.37152,9.0,-414.10038
2025-10-17 18:33:54,1385.19273,997.93455,979.31636,22.98464,100.0,1010.37497,9.0,-416.56038
2025-10-17 18:33:55,1388.91636,997.93455,979.31636,22.98972,100.0,1010.38288,9.0,-415.68221
2025-10-17 18:33:56,1385.19273,997.93455,977.45455,22.96941,100.0,1010.40561,9.0,-415.64171
2025-10-17 18:33:57,1388.91636,996.07273,977.45455,22.96941,100.0,1010.40561,9.0,-414.83375
2025-10-17 18:33:57,1388.91636,999.79636,977.45455,22.94911,100.0,1010.37397,9.0,-413.87277
2025-10-17 18:33:58,1385.19273,997.93455,981.17818,22.95926,100.0,1010.33542,9.0,-417.31399
2025-10-17 18:33:58,1388.91636,997.93455,979.31636,22.95926,100.0,1010.36261,9.0,-415.33935
2025-10-17 18:33:59,1385.19273,996.07273,975.59273,22.95418,100.0,1010.3547,9.0,-413.60955
2025-10-17 18:33:59,1387.05455,999.79636,977.45455,22.94403,100.0,1010.42042,9.0,-415.12303
2025-10-17 18:34:00,1390.77818,999.79636,981.17818,22.93387,100.0,1010.35024,9.0,-415.78719
2025-10-17 18:34:01,1387.05455,996.07273,979.31636,22.93895,100.0,1010.2766,9.0,-414.64784
2025-10-17 18:34:01,1388.91636,996.07273,977.45455,22.93387,100.0,1010.37742,9.0,-414.36153
2025-10-17 18:34:02,1388.91636,997.93455,979.31636,22.93387,100.0,1010.35024,9.0,-415.12735
2025-10-17 18:34:03,1388.91636,996.07273,977.45455,22.9288,100.0,1010.31514,9.0,-413.35554
2025-10-17 18:34:03,1388.91636,999.79636,981.17818,22.9288,100.0,1010.39669,9.0,-417.03751
2025-10-17 18:34:04,1388.91636,999.79636,979.31636,22.9288,100.0,1010.28796,9.0,-413.88112
2025-10-17 18:34:04,1390.77818,997.93455,979.31636,22.92372,100.0,1010.30723,9.0,-413.92529
2025-10-17 18:34:05,1387.05455,997.93455,979.31636,22.91357,100.0,1010.29141,9.0,-414.67395
2025-10-17 18:34:05,1390.77818,999.79636,984.90182,22.91864,100.0,1010.29932,9.0,-417.76801
2025-10-17 18:34:06,1388.91636,996.07273,983.04,22.90849,100.0,1010.41941,9.0,-419.23897
2025-10-17 18:34:07,1388.91636,997.93455,981.17818,22.91864,100.0,1010.38087,9.0,-417.01795
2025-10-17 18:34:07,1387.05455,996.07273,979.31636,22.90341,100.0,1010.30277,9.0,-415.05274
2025-10-17 18:34:08,1388.91636,999.79636,983.04,22.89834,100.0,1010.40359,9.0,-418.53865
2025-10-17 18:34:08,1388.91636,997.93455,979.31636,22.89834,100.0,1010.37641,9.0,-415.53233
2025-10-17 18:34:09,1388.91636,997.93455,979.31636,22.88818,100.0,1010.38776,9.0,-415.71078
2025-10-17 18:34:10,1388.91636,997.93455,981.17818,22.88311,100.0,1010.29831,9.0,-415.67134
2025-10-17 18:34:10,1388.91636,996.07273,979.31636,22.88311,100.0,1010.35267,9.0,-415.34348
2025-10-17 18:34:11,1390.77818,997.93455,981.17818,22.87803,100.0,1010.34476,9.0,-415.91341
2025-10-17 18:34:11,1388.91636,997.93455,977.45455,22.87295,100.0,1010.25531,9.0,-412.16538
2025-10-17 18:34:12,1388.91636,996.07273,979.31636,22.88818,100.0,1010.38776,9.0,-415.91121
2025-10-17 18:34:12,1388.91636,1001.65818,979.31636,22.87803,100.0,1010.39912,9.0,-415.36809
2025-10-17 18:34:13,1388.91636,999.79636,983.04,22.87803,100.0,1010.4263,9.0,-418.89562
2025-10-17 18:34:14,1390.77818,997.93455,983.04,22.86788,100.0,1010.46484,9.0,-419.24824
2025-10-17 18:34:14,1388.91636,996.07273,979.31636,22.86788,100.0,1010.41048,9.0,-416.26833
2025-10-17 18:34:15,1390.77818,996.07273,981.17818,22.86788,100.0,1010.32894,9.0,-415.85446
2025-10-17 18:34:16,1387.05455,997.93455,981.17818,22.8628,100.0,1010.32103,9.0,-416.53277
2025-10-17 18:34:16,1388.91636,999.79636,983.04,22.85772,100.0,1010.31312,9.0,-417.06296
2025-10-17 18:34:17,1390.77818,994.21091,979.31636,22.85265,100.0,1010.35956,9.0,-415.09872
2025-10-17 18:34:17,1388.91636,997.93455,981.17818,22.85772,100.0,1010.3403,9.0,-416.33691
2025-10-17 18:34:18,1388.91636,996.07273,981.17818,22.85772,100.0,1010.3403,9.0,-416.53734
2025-10-17 18:34:18,1390.77818,999.79636,983.04,22.85265,100.0,1010.3052,9.0,-416.42914
2025-10-17 18:34:19,1388.91636,997.93455,981.17818,22.85265,100.0,1010.33238,9.0,-416.20728
2025-10-17 18:34:20,1390.77818,999.79636,984.90182,22.85265,100.0,1010.3052,9.0,-417.83343
2025-10-17 18:34:20,1390.77818,996.07273,979.31636,22.84249,100.0,1010.28938,9.0,-413.80206
2025-10-17 18:34:21,1390.77818,997.93455,983.04,22.84757,100.0,1010.37883,9.0,-417.85369
2025-10-17 18:34:21,1390.77818,996.07273,981.17818,22.84249,100.0,1010.12631,9.0,-412.57856
2025-10-17 18:34:22,1390.77818,996.07273,979.31636,22.83742,100.0,1010.28147,9.0,-413.67249
2025-10-17 18:34:22,1388.91636,996.07273,979.31636,22.83742,100.0,1010.36301,9.0,-415.49058
2025-10-17 18:34:23,1387.05455,997.93455,981.17818,22.83234,100.0,1010.30074,9.0,-416.19315
2025-10-17 18:34:24,1388.91636,997.93455,984.90182,22.82219,100.0,1010.36645,9.0,-419.55231
2025-10-17 18:34:24,1390.77818,996.07273,981.17818,22.82219,100.0,1010.36645,9.0,-416.43997
2025-10-17 18:34:25,1388.91636,996.07273,981.17818,22.82219,100.0,1010.33927,9.0,-416.50622
2025-10-17 18:34:25,1390.77818,999.79636,983.04,22.81711,100.0,1010.4129,9.0,-418.14995
2025-10-17 18:34:26,1392.64,1001.65818,988.62545,22.82726,100.0,1010.32001,9.0,-420.08488
2025-10-17 18:34:27,1388.91636,996.07273,981.17818,22.82219,100.0,1010.3121,9.0,-416.06826
2025-10-17 18:34:27,1388.91636,994.21091,981.17818,22.81711,100.0,1010.35854,9.0,-416.97617
2025-10-17 18:34:28,1392.64,996.07273,981.17818,22.80696,100.0,1010.26118,9.0,-414.23343
2025-10-17 18:34:29,1388.91636,999.79636,984.90182,22.81711,100.0,1010.33136,9.0,-418.74459
2025-10-17 18:34:29,1390.77818,999.79636,983.04,22.80188,100.0,1010.3348,9.0,-416.88558
2025-10-17 18:34:30,1390.77818,1001.65818,983.04,22.81203,100.0,1010.29627,9.0,-415.98769
2025-10-17 18:34:30,1390.77818,997.93455,981.17818,22.80188,100.0,1010.3348,9.0,-415.72155
2025-10-17 18:34:31,1390.77818,997.93455,983.04,22.7968,100.0,1010.29972,9.0,-416.55844
2025-10-17 18:34:31,1394.50182,1001.65818,988.62545,22.79173,100.0,1010.26463,9.0,-418.6743
2025-10-17 18:34:32,1392.64,997.93455,984.90182,22.79173,100.0,1010.2918,9.0,-417.32908
2025-10-17 18:34:33,1390.77818,1001.65818,986.76364,22.79173,100.0,1010.34616,9.0,-419.5922
2025-10-17 18:34:33,1388.91636,997.93455,981.17818,22.79173,100.0,1010.2918,9.0,-415.52891
2025-10-17 18:34:34,1392.64,999.79636,984.90182,22.78665,100.0,1010.31107,9.0,-417.39732
2025-10-17 18:34:34,1390.77818,999.79636,984.90182,22.7765,100.0,1010.32242,9.0,-418.08061
2025-10-17 18:34:35,1390.77818,999.79636,983.04,22.76634,100.0,1010.36095,9.0,-417.29336
2025-10-17 18:34:35,1390.77818,997.93455,983.04,22.77142,100.0,1010.28733,9.0,-416.34925
2025-10-17 18:34:36,1390.77818,999.79636,983.04,22.75111,100.0,1010.36439,9.0,-417.34313
2025-10-17 18:34:37,1392.64,1001.65818,986.76364,22.74603,100.0,1010.35648,9.0,-419.23717
2025-10-17 18:34:37,1390.77818,1001.65818,983.04,22.76126,100.0,1010.35304,9.0,-416.883
2025-10-17 18:34:38,1390.77818,999.79636,981.17818,22.74603,100.0,1010.3293,9.0,-415.37158
2025-10-17 18:34:38,1392.64,999.79636,984.90182,22.72573,100.0,1010.32483,9.0,-417.5965
2025-10-17 18:34:39,1392.64,1003.52,986.76364,22.7308,100.0,1010.27839,9.0,-417.65316
2025-10-17 18:34:40,1390.77818,1003.52,988.62545,22.7308,100.0,1010.27839,9.0,-419.56164
2025-10-17 18:34:40,1390.77818,999.79636,983.04,22.7105,100.0,1010.35544,9.0,-417.18423
2025-10-17 18:34:41,1390.77818,1001.65818,983.04,22.70542,100.0,1010.23883,9.0,-415.02247
2025-10-17 18:34:41,1390.77818,1001.65818,984.90182,22.70542,100.0,1010.34752,9.0,-418.17824
2025-10-17 18:34:42,1392.64,1003.52,986.76364,22.71557,100.0,1010.309,9.0,-418.14098
2025-10-17 18:34:43,1390.77818,1001.65818,984.90182,22.7105,100.0,1010.35544,9.0,-418.30754
2025-10-17 18:34:43,1390.77818,1001.65818,984.90182,22.70034,100.0,1010.33961,9.0,-418.04894
2025-10-17 18:34:44,1392.64,1001.65818,984.90182,22.68511,100.0,1010.23436,9.0,-415.8433
2025-10-17 18:34:44,1392.64,1005.38182,990.48727,22.70034,100.0,1010.33961,9.0,-421.08602
2025-10-17 18:34:45,1392.64,1001.65818,986.76364,22.69527,100.0,1010.30453,9.0,-418.38186
2025-10-17 18:34:46,1394.50182,1003.52,986.76364,22.69527,100.0,1010.3317,9.0,-417.99532
2025-10-17 18:34:46,1390.77818,1001.65818,984.90182,22.70542,100.0,1010.34752,9.0,-418.17824
2025-10-17 18:34:47,1392.64,999.79636,984.90182,22.70034,100.0,1010.33961,9.0,-417.82571
2025-10-17 18:34:47,1390.77818,1003.52,988.62545,22.70542,100.0,1010.3747,9.0,-421.10447
2025-10-17 18:34:48,1392.64,999.79636,986.76364,22.7105,100.0,1010.32826,9.0,-419.05072
2025-10-17 18:34:48,1392.64,999.79636,984.90182,22.70542,100.0,1010.32035,9.0,-417.51714
2025-10-17 18:34:49,1392.64,997.93455,984.90182,22.69527,100.0,1010.30453,9.0,-417.4988
2025-10-17 18:34:50,1394.50182,1001.65818,988.62545,22.71557,100.0,1010.309,9.0,-419.36127
2025-10-17 18:34:50,1394.50182,997.93455,986.76364,22.70542,100.0,1010.3747,9.0,-419.53322
2025-10-17 18:34:51,1390.77818,1001.65818,990.48727,22.70034,100.0,1010.33961,9.0,-422.26179
2025-10-17 18:34:51,1392.64,997.93455,988.62545,22.69019,100.0,1010.45965,9.0,-422.80525
2025-10-17 18:34:52,1392.64,1003.52,990.48727,22.68511,100.0,1010.23436,9.0,-419.73595
2025-10-17 18:34:52,1394.50182,1001.65818,986.76364,22.68511,100.0,1010.34305,9.0,-418.49481
2025-10-17 18:34:53,1392.64,999.79636,986.76364,22.68511,100.0,1010.2887,9.0,-418.40427
2025-10-17 18:34:54,1390.77818,1001.65818,986.76364,22.67496,100.0,1010.30005,9.0,-418.8068
2025-10-17 18:34:54,1392.64,999.79636,988.62545,22.65973,100.0,1010.27631,9.0,-419.60004
2025-10-17 18:34:55,1392.64,1003.52,990.48727,22.67496,100.0,1010.43591,9.0,-422.98022
2025-10-17 18:34:55,1390.77818,999.79636,988.62545,22.66481,100.0,1010.25705,9.0,-419.79567
2025-10-17 18:34:56,1394.50182,1001.65818,990.48727,22.66481,100.0,1010.31139,9.0,-420.78627
2025-10-17 18:34:56,1392.64,999.79636,986.76364,22.66988,100.0,1010.31931,9.0,-418.89214
2025-10-17 18:34:57,1396.36364,1005.38182,994.21091,22.66988,100.0,1010.23779,9.0,-421.2348
2025-10-17 18:34:58,1394.50182,1001.65818,992.34909,22.66988,100.0,1010.34648,9.0,-422.75767
2025-10-17 18:34:58,1394.50182,1001.65818,988.62545,22.64958,100.0,1010.31483,9.0,-419.43201
2025-10-17 18:34:59,1394.50182,997.93455,984.90182,22.64958,100.0,1010.36917,9.0,-418.02033
2025-10-17 18:34:59,1394.50182,1003.52,988.62545,22.63942,100.0,1010.299,9.0,-418.85327
2025-10-17 18:35:00,1392.64,1003.52,988.62545,22.6445,100.0,1010.27974,9.0,-419.0489
2025-10-17 18:35:01,1392.64,1003.52,992.34909,22.63435,100.0,1010.29109,9.0,-422.03677
2025-10-17 18:35:01,1394.50182,999.79636,988.62545,22.6445,100.0,1010.27974,9.0,-419.14588
2025-10-17 18:35:02,1392.64,1001.65818,988.62545,22.62927,100.0,1010.33752,9.0,-420.29477
2025-10-17 18:35:02,1394.50182,1001.65818,984.90182,22.63435,100.0,1010.29109,9.0,-416.23564
2025-10-17 18:35:03,1394.50182,1003.52,990.48727,22.62419,100.0,1010.27526,9.0,-419.86975
2025-10-17 18:35:03,1394.50182,999.79636,988.62545,22.62927,100.0,1010.4462,9.0,-421.82282
2025-10-17 18:35:04,1394.50182,1001.65818,990.48727,22.62419,100.0,1010.3296,9.0,-421.06559
2025-10-17 18:35:05,1394.50182,1003.52,990.48727,22.62927,100.0,1010.33752,9.0,-420.87465
2025-10-17 18:35:05,1394.50182,1003.52,990.48727,22.61912,100.0,1010.37603,9.0,-421.49173
2025-10-17 18:35:06,1392.64,1001.65818,984.90182,22.60389,100.0,1010.32512,9.0,-417.27765
2025-10-17 18:35:06,1396.36364,1003.52,988.62545,22.60389,100.0,1010.37946,9.0,-419.63322
2025-10-17 18:35:07,1396.36364,1003.52,992.34909,22.60896,100.0,1010.30586,9.0,-421.25765
2025-10-17 18:35:08,1392.64,1001.65818,988.62545,22.61404,100.0,1010.36811,9.0,-420.78257
2025-10-17 18:35:09,1392.64,1003.52,986.76364,22.59881,100.0,1010.20853,9.0,-416.48127
2025-10-17 18:35:09,1394.50182,1001.65818,988.62545,22.59373,100.0,1010.33646,9.0,-419.76127
2025-10-17 18:35:10,1396.36364,1001.65818,990.48727,22.58866,100.0,1010.38288,9.0,-421.40767
2025-10-17 18:35:10,1396.36364,1005.38182,994.21091,22.58358,100.0,1010.3478,9.0,-422.9776
2025-10-17 18:35:11,1392.64,1003.52,988.62545,22.58358,100.0,1010.3478,9.0,-420.12451
2025-10-17 18:35:11,1394.50182,1003.52,992.34909,22.57342,100.0,1010.27764,9.0,-421.29477
2025-10-17 18:35:12,1394.50182,1003.52,986.76364,22.56835,100.0,1010.35123,9.0,-418.26599
2025-10-17 18:35:13,1392.64,1005.38182,988.62545,22.57342,100.0,1010.35914,9.0,-419.95237
2025-10-17 18:35:13,1396.36364,1005.38182,990.48727,22.5785,100.0,1010.31272,9.0,-419.60197
2025-10-17 18:35:14,1394.50182,1003.52,988.62545,22.57342,100.0,1010.33197,9.0,-419.36176
2025-10-17 18:35:14,1394.50182,1003.52,988.62545,22.56835,100.0,1010.3784,9.0,-420.10805
2025-10-17 18:35:15,1394.50182,1003.52,988.62545,22.56327,100.0,1010.26181,9.0,-418.22768
2025-10-17 18:35:15,1394.50182,1005.38182,992.34909,22.56327,100.0,1010.31615,9.0,-421.56042
2025-10-17 18:35:16,1396.36364,1007.24364,992.34909,22.55819,100.0,1010.36257,9.0,-421.42916
2025-10-17 18:35:17,1396.36364,1005.38182,994.21091,22.55819,100.0,1010.30823,9.0,-422.33124
2025-10-17 18:35:17,1392.64,1003.52,990.48727,22.55819,100.0,1010.28107,9.0,-420.44467
2025-10-17 18:35:18,1396.36364,1007.24364,992.34909,22.55312,100.0,1010.35465,9.0,-421.29988
2025-10-17 18:35:18,1396.36364,1005.38182,990.48727,22.54804,100.0,1010.26524,9.0,-418.82638
2025-10-17 18:35:19,1394.50182,1001.65818,990.48727,22.53281,100.0,1010.29583,9.0,-420.48988
2025-10-17 18:35:19,1392.64,1003.52,988.62545,22.53789,100.0,1010.33091,9.0,-419.83661
2025-10-17 18:35:20,1394.50182,1005.38182,990.48727,22.53789,100.0,1010.30374,9.0,-419.94757
2025-10-17 18:35:21,1396.36364,1007.24364,994.21091,22.52773,100.0,1010.31508,9.0,-422.05782
2025-10-17 18:35:21,1396.36364,1005.38182,990.48727,22.53281,100.0,1010.323,9.0,-419.75186
2025-10-17 18:35:22,1396.36364,1007.24364,996.07273,22.5125,100.0,1010.31851,9.0,-423.51206
2025-10-17 18:35:22,1396.36364,1003.52,990.48727,22.5125,100.0,1010.34567,9.0,-420.46166
2025-10-17 18:35:23,1396.36364,1007.24364,996.07273,22.50743,100.0,1010.31059,9.0,-423.3828
2025-10-17 18:35:24,1396.36364,1007.24364,994.21091,22.5125,100.0,1010.37284,9.0,-422.98325
2025-10-17 18:35:24,1396.36364,1007.24364,992.34909,22.4922,100.0,1010.36834,9.0,-421.49963
2025-10-17 18:35:25,1394.50182,1005.38182,990.48727,22.50235,100.0,1010.41134,9.0,-421.66915
2025-10-17 18:35:25,1398.22545,1003.52,990.48727,22.5125,100.0,1010.4,9.0,-420.83294
2025-10-17 18:35:26,1396.36364,1007.24364,994.21091,22.5125,100.0,1010.31851,9.0,-422.10778
2025-10-17 18:35:27,1396.36364,1005.38182,990.48727,22.5125,100.0,1010.26418,9.0,-418.79707
2025-10-17 18:35:27,1398.22545,1009.10545,997.93455,22.5125,100.0,1010.37284,9.0,-424.90151
2025-10-17 18:35:28,1398.22545,1007.24364,997.93455,22.50743,100.0,1010.28343,9.0,-423.84515
2025-10-17 18:35:28,1398.22545,1005.38182,994.21091,22.50235,100.0,1010.30268,9.0,-421.7184
2025-10-17 18:35:29,1398.22545,1009.10545,994.21091,22.49727,100.0,1010.32193,9.0,-421.26741
2025-10-17 18:35:30,1398.22545,1010.96727,997.93455,22.50235,100.0,1010.27551,9.0,-422.94008
2025-10-17 18:35:30,1398.22545,1005.38182,992.34909,22.49727,100.0,1010.24043,9.0,-419.3094
2025-10-17 18:35:31,1398.22545,1005.38182,994.21091,22.49727,100.0,1010.29476,9.0,-421.58914
2025-10-17 18:35:31,1398.22545,1005.38182,996.07273,22.50743,100.0,1010.33776,9.0,-423.68968
2025-10-17 18:35:32,1396.36364,1003.52,992.34909,22.48712,100.0,1010.33326,9.0,-421.65736
2025-10-17 18:35:32,1398.22545,1009.10545,997.93455,22.50235,100.0,1010.30268,9.0,-423.76751
2025-10-17 18:35:33,1398.22545,1007.24364,994.21091,22.50235,100.0,1010.35701,9.0,-422.22052
2025-10-17 18:35:34,1396.36364,1005.38182,994.21091,22.4922,100.0,1010.34118,9.0,-422.83953
2025-10-17 18:35:34,1396.36364,1005.38182,996.07273,22.48204,100.0,1010.27102,9.0,-423.10986
2025-10-17 18:35:35,1398.22545,1005.38182,992.34909,22.48712,100.0,1010.33326,9.0,-420.80179
2025-10-17 18:35:35,1396.36364,1005.38182,997.93455,22.47697,100.0,1010.39893,9.0,-426.57347
2025-10-17 18:35:36,1398.22545,1003.52,994.21091,22.48204,100.0,1010.54266,9.0,-425.92994
2025-10-17 18:35:37,1400.08727,1009.10545,997.93455,22.4922,100.0,1010.36834,9.0,-424.31797
2025-10-17 18:35:37,1396.36364,1005.38182,992.34909,22.47189,100.0,1010.33668,9.0,-421.35593
2025-10-17 18:35:38,1394.50182,1005.38182,992.34909,22.47697,100.0,1010.31743,9.0,-421.55167
2025-10-17 18:35:38,1396.36364,1005.38182,994.21091,22.47697,100.0,1010.56191,9.0,-426.3912
2025-10-17 18:35:39,1396.36364,1007.24364,992.34909,22.46681,100.0,1010.41026,9.0,-422.16646
2025-10-17 18:35:40,1398.22545,1007.24364,996.07273,22.47697,100.0,1010.45325,9.0,-425.16708
2025-10-17 18:35:40,1396.36364,1007.24364,996.07273,22.46174,100.0,1010.40234,9.0,-424.84576
2025-10-17 18:35:41,1394.50182,1005.38182,992.34909,22.47189,100.0,1010.36385,9.0,-422.29784
2025-10-17 18:35:41,1396.36364,1005.38182,992.34909,22.47189,100.0,1010.41817,9.0,-422.66907
2025-10-17 18:35:42,1398.22545,1007.24364,999.79636,22.46681,100.0,1010.32877,9.0,-425.96627
2025-10-17 18:35:43,1396.36364,1005.38182,992.34909,22.46174,100.0,1010.29369,9.0,-420.65972
2025-10-17 18:35:43,1400.08727,1009.10545,997.93455,22.45158,100.0,1010.33219,9.0,-423.72162
2025-10-17 18:35:44,1398.22545,1005.38182,992.34909,22.45158,100.0,1010.33219,9.0,-420.77242
2025-10-17 18:35:44,1398.22545,1007.24364,997.93455,22.44143,100.0,1010.31636,9.0,-424.35344
2025-10-17 18:35:45,1398.22545,1005.38182,996.07273,22.43128,100.0,1010.32769,9.0,-423.50169
2025-10-17 18:35:45,1398.22545,1005.38182,992.34909,22.45666,100.0,1010.36726,9.0,-421.33938
2025-10-17 18:35:46,1398.22545,1007.24364,994.21091,22.43128,100.0,1010.30053,9.0,-421.28639
2025-10-17 18:35:46,1396.36364,1005.38182,994.21091,22.4262,100.0,1010.34694,9.0,-422.91005
2025-10-17 18:35:47,1398.22545,1009.10545,997.93455,22.43635,100.0,1010.30844,9.0,-423.83808
2025-10-17 18:35:48,1396.36364,1007.24364,992.34909,22.4262,100.0,1010.23829,9.0,-419.3817
2025-10-17 18:35:48,1400.08727,1007.24364,997.93455,22.4262,100.0,1010.23829,9.0,-422.58616
2025-10-17 18:35:49,1398.22545,1007.24364,997.93455,22.41605,100.0,1010.27678,9.0,-423.70725
2025-10-17 18:35:50,1400.08727,1009.10545,996.07273,22.42112,100.0,1010.2847,9.0,-421.54188
2025-10-17 18:35:50,1398.22545,1009.10545,997.93455,22.42112,100.0,1010.31186,9.0,-423.88804
2025-10-17 18:35:51,1398.22545,1005.38182,994.21091,22.42112,100.0,1010.33902,9.0,-422.2766
2025-10-17 18:35:51,1400.08727,1007.24364,996.07273,22.41605,100.0,1010.27678,9.0,-421.79877
2025-10-17 18:35:52,1396.36364,1007.24364,996.07273,22.41605,100.0,1010.35827,9.0,-424.12018
2025-10-17 18:35:52,1398.22545,1009.10545,999.79636,22.40589,100.0,1010.34244,9.0,-425.77995
2025-10-17 18:35:53,1400.08727,1009.10545,996.07273,22.40589,100.0,1010.31528,9.0,-422.02952
2025-10-17 18:35:53,1398.22545,1009.10545,997.93455,22.40082,100.0,1010.2802,9.0,-423.37111
2025-10-17 18:35:54,1398.22545,1009.10545,996.07273,22.40082,100.0,1010.22588,9.0,-421.0915
2025-10-17 18:35:55,1398.22545,1010.96727,1001.65818,22.40589,100.0,1010.31528,9.0,-426.35687
2025-10-17 18:35:55,1400.08727,1009.10545,997.93455,22.39574,100.0,1010.35377,9.0,-424.05066
2025-10-17 18:35:56,1400.08727,1005.38182,994.21091,22.39574,100.0,1010.35377,9.0,-422.00155
2025-10-17 18:35:56,1398.22545,1007.24364,994.21091,22.39066,100.0,1010.37301,9.0,-422.44083
2025-10-17 18:35:57,1400.08727,1009.10545,999.79636,22.39574,100.0,1010.29945,9.0,-424.57963
2025-10-17 18:35:57,1398.22545,1010.96727,997.93455,22.39574,100.0,1010.27229,9.0,-422.85218
2025-10-17 18:35:58,1400.08727,1007.24364,996.07273,22.39574,100.0,1010.35377,9.0,-423.03249
2025-10-17 18:35:59,1400.08727,1007.24364,997.93455,22.39066,100.0,1010.37301,9.0,-424.7452
2025-10-17 18:35:59,1398.22545,1007.24364,996.07273,22.38051,100.0,1010.33002,9.0,-423.149
2025-10-17 18:36:00,1400.08727,1009.10545,996.07273,22.38559,100.0,1010.33794,9.0,-422.38791
2025-10-17 18:36:00,1401.94909,1007.24364,999.79636,22.39574,100.0,1010.32661,9.0,-424.89921
2025-10-17 18:36:01,1401.94909,1010.96727,999.79636,22.39066,100.0,1010.37301,9.0,-424.86947
2025-10-17 18:36:02,1400.08727,1010.96727,1001.65818,22.38559,100.0,1010.28362,9.0,-425.33576
2025-10-17 18:36:02,1401.94909,1009.10545,999.79636,22.38559,100.0,1010.31078,9.0,-424.25463
2025-10-17 18:36:03,1400.08727,1010.96727,1001.65818,22.38051,100.0,1010.30286,9.0,-425.64419
2025-10-17 18:36:03,1400.08727,1009.10545,997.93455,22.38051,100.0,1010.2757,9.0,-422.78768
2025-10-17 18:36:04,1398.22545,1007.24364,996.07273,22.38051,100.0,1010.30286,9.0,-422.71136
2025-10-17 18:36:05,1398.22545,1007.24364,997.93455,22.37543,100.0,1010.26779,9.0,-423.54878
2025-10-17 18:36:05,1401.94909,1010.96727,999.79636,22.37543,100.0,1010.29495,9.0,-423.60649
2025-10-17 18:36:06,1400.08727,1005.38182,997.93455,22.37543,100.0,1010.29495,9.0,-423.85556
2025-10-17 18:36:06,1398.22545,1007.24364,996.07273,22.39066,100.0,1010.37301,9.0,-423.84512
2025-10-17 18:36:07,1400.08727,1010.96727,1001.65818,22.38559,100.0,1010.31078,9.0,-425.77342
2025-10-17 18:36:08,1400.08727,1010.96727,1001.65818,22.38559,100.0,1010.3651,9.0,-426.64872
2025-10-17 18:36:08,1401.94909,1009.10545,999.79636,22.38051,100.0,1010.35718,9.0,-425.00071
2025-10-17 18:36:09,1396.36364,1007.24364,997.93455,22.3602,100.0,1010.32552,9.0,-424.97824
2025-10-17 18:36:09,1398.22545,1007.24364,997.93455,22.37543,100.0,1010.26779,9.0,-423.54878
2025-10-17 18:36:10,1398.22545,1007.24364,997.93455,22.36528,100.0,1010.33343,9.0,-424.60326
2025-10-17 18:36:11,1400.08727,1010.96727,1001.65818,22.3602,100.0,1010.35268,9.0,-426.44023
2025-10-17 18:36:11,1398.22545,1009.10545,997.93455,22.35512,100.0,1010.29044,9.0,-423.52108
2025-10-17 18:36:12,1400.08727,1005.38182,997.93455,22.35512,100.0,1010.34476,9.0,-424.65161
2025-10-17 18:36:12,1398.22545,1009.10545,997.93455,22.35512,100.0,1010.3176,9.0,-423.95871
2025-10-17 18:36:13,1401.94909,1010.96727,1001.65818,22.35512,100.0,1010.29044,9.0,-424.93156
2025-10-17 18:36:14,1400.08727,1007.24364,997.93455,22.35005,100.0,1010.28253,9.0,-423.2738
2025-10-17 18:36:14,1401.94909,1009.10545,999.79636,22.35512,100.0,1010.26329,9.0,-423.47934
2025-10-17 18:36:15,1400.08727,1007.24364,997.93455,22.3602,100.0,1010.37983,9.0,-424.84512
2025-10-17 18:36:15,1400.08727,1010.96727,999.79636,22.34497,100.0,1010.32893,9.0,-424.64831
2025-10-17 18:36:16,1398.22545,1009.10545,1001.65818,22.33482,100.0,1010.36741,9.0,-427.56331
2025-10-17 18:36:16,1400.08727,1007.24364,997.93455,22.35512,100.0,1010.3176,9.0,-423.84063
2025-10-17 18:36:17,1398.22545,1009.10545,999.79636,22.34497,100.0,1010.32893,9.0,-425.5422
2025-10-17 18:36:18,1400.08727,1010.96727,1001.65818,22.33989,100.0,1010.29386,9.0,-425.48576
2025-10-17 18:36:19,1400.08727,1009.10545,997.93455,22.33989,100.0,1010.32101,9.0,-423.50451
2025-10-17 18:36:19,1401.94909,1007.24364,999.79636,22.33989,100.0,1010.32101,9.0,-424.79072
2025-10-17 18:36:20,1398.22545,1009.10545,997.93455,22.33482,100.0,1010.36741,9.0,-424.75474
2025-10-17 18:36:21,1403.81091,1009.10545,1003.52,22.33482,100.0,1010.34025,9.0,-427.01738
2025-10-17 18:36:21,1403.81091,1009.10545,1001.65818,22.32466,100.0,1010.32442,9.0,-425.35469
2025-10-17 18:36:22,1400.08727,1007.24364,997.93455,22.32974,100.0,1010.30518,9.0,-423.63223
2025-10-17 18:36:22,1400.08727,1007.24364,999.79636,22.32466,100.0,1010.29727,9.0,-424.90731
2025-10-17 18:36:23,1400.08727,1009.10545,1001.65818,22.32974,100.0,1010.30518,9.0,-426.05468
2025-10-17 18:36:24,1401.94909,1010.96727,1001.65818,22.32974,100.0,1010.30518,9.0,-425.16078
2025-10-17 18:36:24,1401.94909,1007.24364,1001.65818,22.32466,100.0,1010.29727,9.0,-425.8074
2025-10-17 18:36:25,1398.22545,1007.24364,999.79636,22.32466,100.0,1010.24295,9.0,-424.53629
2025-10-17 18:36:25,1400.08727,1007.24364,999.79636,22.33989,100.0,1010.34817,9.0,-425.73254
2025-10-17 18:36:26,1401.94909,1009.10545,1003.52,22.32974,100.0,1010.33234,9.0,-427.39238
2025-10-17 18:36:27,1403.81091,1009.10545,1001.65818,22.34497,100.0,1010.43756,9.0,-427.18439
2025-10-17 18:36:27,1403.81091,1010.96727,1003.52,22.32974,100.0,1010.38665,9.0,-427.37371
2025-10-17 18:36:28,1401.94909,1007.24364,999.79636,22.32466,100.0,1010.35158,9.0,-425.27833
2025-10-17 18:36:28,1401.94909,1010.96727,1003.52,22.33989,100.0,1010.2667,9.0,-425.94823
2025-10-17 18:36:29,1401.94909,1009.10545,1003.52,22.32466,100.0,1010.29727,9.0,-426.82557
2025-10-17 18:36:30,1400.08727,1007.24364,999.79636,22.32974,100.0,1010.33234,9.0,-425.47412
2025-10-17 18:36:30,1401.94909,1009.10545,1001.65818,22.33482,100.0,1010.39457,9.0,-426.99253
2025-10-17 18:36:31,1400.08727,1009.10545,1001.65818,22.31959,100.0,1010.28935,9.0,-425.79629
2025-10-17 18:36:31,1401.94909,1010.96727,1003.52,22.30943,100.0,1010.35499,9.0,-427.36109
2025-10-17 18:36:32,1400.08727,1009.10545,1001.65818,22.29928,100.0,1010.33916,9.0,-426.59233
2025-10-17 18:36:33,1401.94909,1009.10545,1001.65818,22.30436,100.0,1010.31992,9.0,-425.77972
2025-10-17 18:36:33,1401.94909,1010.96727,1003.52,22.29928,100.0,1010.28484,9.0,-426.22753
2025-10-17 18:36:34,1401.94909,1012.82909,1003.52,22.30436,100.0,1010.2656,9.0,-425.53503
2025-10-17 18:36:34,1401.94909,1005.38182,999.79636,22.30436,100.0,1010.31992,9.0,-425.1349
2025-10-17 18:36:35,1400.08727,1009.10545,999.79636,22.30943,100.0,1010.27352,9.0,-424.13363
2025-10-17 18:36:35,1401.94909,1009.10545,999.79636,22.30436,100.0,1010.34707,9.0,-424.81303
2025-10-17 18:36:36,1401.94909,1009.10545,999.79636,22.29928,100.0,1010.312,9.0,-424.24625
2025-10-17 18:36:37,1401.94909,1010.96727,1005.38182,22.30436,100.0,1010.2656,9.0,-427.3234
2025-10-17 18:36:37,1401.94909,1007.24364,1001.65818,22.30436,100.0,1010.2656,9.0,-425.29065
2025-10-17 18:36:38,1400.08727,1007.24364,999.79636,22.29928,100.0,1010.28484,9.0,-424.69898
2025-10-17 18:36:38,1401.94909,1009.10545,1001.65818,22.28913,100.0,1010.35048,9.0,-426.26735
2025-10-17 18:36:39,1401.94909,1012.82909,1005.38182,22.28913,100.0,1010.32332,9.0,-427.86454
2025-10-17 18:36:39,1403.81091,1007.24364,1001.65818,22.28913,100.0,1010.37764,9.0,-426.58685
2025-10-17 18:36:40,1403.81091,1010.96727,1003.52,22.29928,100.0,1010.39347,9.0,-427.4737
2025-10-17 18:36:41,1401.94909,1009.10545,1001.65818,22.28913,100.0,1010.29617,9.0,-425.39218
2025-10-17 18:36:41,1401.94909,1012.82909,1003.52,22.30436,100.0,1010.31992,9.0,-426.41022
2025-10-17 18:36:42,1403.81091,1010.96727,1003.52,22.2942,100.0,1010.27693,9.0,-425.59415
2025-10-17 18:36:42,1401.94909,1009.10545,1003.52,22.28405,100.0,1010.34256,9.0,-427.54245
2025-10-17 18:36:43,1403.81091,1007.24364,1001.65818,22.28405,100.0,1010.31541,9.0,-425.5825
2025-10-17 18:36:43,1400.08727,1007.24364,1001.65818,22.28913,100.0,1010.35048,9.0,-427.15766
2025-10-17 18:36:44,1405.67273,1010.96727,1007.24364,22.27897,100.0,1010.33465,9.0,-428.82375
2025-10-17 18:36:45,1400.08727,1007.24364,999.79636,22.28913,100.0,1010.32332,9.0,-425.31579
2025-10-17 18:36:45,1403.81091,1010.96727,1003.52,22.2739,100.0,1010.35389,9.0,-426.82778
2025-10-17 18:36:46,1400.08727,1009.10545,1001.65818,22.27897,100.0,1010.30749,9.0,-426.07561
2025-10-17 18:36:47,1403.81091,1010.96727,1005.38182,22.28913,100.0,1010.29617,9.0,-427.30685
2025-10-17 18:36:47,1401.94909,1009.10545,1005.38182,22.28913,100.0,1010.24186,9.0,-427.32558
2025-10-17 18:36:48,1401.94909,1009.10545,1001.65818,22.28405,100.0,1010.34256,9.0,-426.13817
2025-10-17 18:36:48,1401.94909,1009.10545,1001.65818,22.26882,100.0,1010.29166,9.0,-425.31308
2025-10-17 18:36:49,1403.81091,1010.96727,1005.38182,22.30436,100.0,1010.31992,9.0,-427.69439
2025-10-17 18:36:49,1403.81091,1009.10545,1003.52,22.28913,100.0,1010.29617,9.0,-426.29226
2025-10-17 18:36:50,1401.94909,1007.24364,1001.65818,22.29928,100.0,1010.28484,9.0,-425.59906
2025-10-17 18:36:50,1403.81091,1009.10545,1003.52,22.28913,100.0,1010.35048,9.0,-427.16743
2025-10-17 18:36:51,1401.94909,1009.10545,1001.65818,22.28405,100.0,1010.31541,9.0,-425.70058
2025-10-17 18:36:52,1403.81091,1010.96727,1005.38182,22.27897,100.0,1010.28034,9.0,-427.0485
2025-10-17 18:36:52,1401.94909,1009.10545,1003.52,22.27897,100.0,1010.25318,9.0,-426.10054
2025-10-17 18:36:53,1401.94909,1007.24364,1001.65818,22.27897,100.0,1010.41611,9.0,-427.70784
2025-10-17 18:36:53,1401.94909,1007.24364,1001.65818,22.26374,100.0,1010.39236,9.0,-427.3203
2025-10-17 18:36:54,1403.81091,1010.96727,1005.38182,22.26882,100.0,1010.37312,9.0,-428.54046
2025-10-17 18:36:54,1403.81091,1010.96727,1005.38182,22.26374,100.0,1010.47383,9.0,-430.16156
2025-10-17 18:36:55,1400.08727,1007.24364,1001.65818,22.25867,100.0,1010.4116,9.0,-428.1329
2025-10-17 18:36:56,1403.81091,1014.69091,1009.10545,22.25867,100.0,1010.24867,9.0,-428.58706
2025-10-17 18:36:56,1401.94909,1010.96727,1007.24364,22.24851,100.0,1010.36861,9.0,-430.36984
2025-10-17 18:36:57,1403.81091,1014.69091,1007.24364,22.26374,100.0,1010.25659,9.0,-427.31193
2025-10-17 18:36:57,1403.81091,1012.82909,1009.10545,22.26374,100.0,1010.41952,9.0,-431.71091
2025-10-17 18:36:58,1401.94909,1010.96727,1005.38182,22.26374,100.0,1010.33805,9.0,-428.47792
2025-10-17 18:36:59,1405.67273,1010.96727,1003.52,22.24851,100.0,1010.28715,9.0,-425.2402
2025-10-17 18:36:59,1403.81091,1010.96727,1007.24364,22.25867,100.0,1010.30298,9.0,-428.81128
2025-10-17 18:37:00,1401.94909,1012.82909,1007.24364,22.25359,100.0,1010.32222,9.0,-429.23979
2025-10-17 18:37:00,1403.81091,1007.24364,1003.52,22.25359,100.0,1010.29507,9.0,-426.64937
2025-10-17 18:37:01,1405.67273,1012.82909,1005.38182,22.26882,100.0,1010.31881,9.0,-426.77703
2025-10-17 18:37:01,1400.08727,1009.10545,1003.52,22.25359,100.0,1010.29507,9.0,-427.27165
2025-10-17 18:37:02,1405.67273,1009.10545,1007.24364,22.25867,100.0,1010.35729,9.0,-429.57191
2025-10-17 18:37:03,1405.67273,1009.10545,1007.24364,22.25359,100.0,1010.29507,9.0,-428.56762
2025-10-17 18:37:03,1403.81091,1009.10545,1005.38182,22.24851,100.0,1010.26,9.0,-427.10083
2025-10-17 18:37:04,1403.81091,1010.96727,1005.38182,22.24344,100.0,1010.30639,9.0,-427.45709
2025-10-17 18:37:04,1405.67273,1010.96727,1009.10545,22.24344,100.0,1010.30639,9.0,-429.76146
2025-10-17 18:37:05,1407.53455,1012.82909,1007.24364,22.24851,100.0,1010.3143,9.0,-427.59804
2025-10-17 18:37:06,1403.81091,1009.10545,1005.38182,22.24344,100.0,1010.25208,9.0,-426.97168
2025-10-17 18:37:06,1403.81091,1010.96727,1005.38182,22.24344,100.0,1010.30639,9.0,-427.45709
2025-10-17 18:37:07,1403.81091,1010.96727,1003.52,22.22313,100.0,1010.22042,9.0,-424.66116
2025-10-17 18:37:07,1403.81091,1012.82909,1009.10545,22.23836,100.0,1010.37993,9.0,-431.06507
2025-10-17 18:37:08,1403.81091,1009.10545,1003.52,22.23836,100.0,1010.40708,9.0,-428.06356
2025-10-17 18:37:08,1405.67273,1010.96727,1003.52,22.22821,100.0,1010.30979,9.0,-425.59872
2025-10-17 18:37:09,1403.81091,1010.96727,1003.52,22.24344,100.0,1010.33354,9.0,-426.49036
2025-10-17 18:37:10,1401.94909,1014.69091,1009.10545,22.23328,100.0,1010.34486,9.0,-430.63329
2025-10-17 18:37:10,1405.67273,1012.82909,1010.96727,22.23836,100.0,1010.29847,9.0,-430.65251
2025-10-17 18:37:11,1401.94909,1009.10545,1005.38182,22.23836,100.0,1010.35278,9.0,-429.09694
2025-10-17 18:37:12,1403.81091,1012.82909,1005.38182,22.22821,100.0,1010.3641,9.0,-427.9982
2025-10-17 18:37:12,1403.81091,1009.10545,1007.24364,22.22821,100.0,1010.39125,9.0,-430.61382
2025-10-17 18:37:13,1405.67273,1012.82909,1009.10545,22.22821,100.0,1010.4184,9.0,-431.17766
2025-10-17 18:37:13,1405.67273,1010.96727,1007.24364,22.23328,100.0,1010.42632,9.0,-430.28662
2025-10-17 18:37:14,1403.81091,1009.10545,1005.38182,22.22313,100.0,1010.35618,9.0,-428.64285
2025-10-17 18:37:14,1405.67273,1007.24364,1005.38182,22.22313,100.0,1010.35618,9.0,-428.52476
2025-10-17 18:37:15,1403.81091,1012.82909,1009.10545,22.2079,100.0,1010.44104,9.0,-432.04034
2025-10-17 18:37:16,1403.81091,1010.96727,1007.24364,22.21298,100.0,1010.25889,9.0,-428.08656
2025-10-17 18:37:16,1403.81091,1012.82909,1007.24364,22.21298,100.0,1010.44896,9.0,-430.7652
2025-10-17 18:37:17,1401.94909,1010.96727,1005.38182,22.21298,100.0,1010.28604,9.0,-427.624
2025-10-17 18:37:17,1405.67273,1014.69091,1010.96727,22.19775,100.0,1010.34375,9.0,-431.0003
2025-10-17 18:37:18,1405.67273,1010.96727,1007.24364,22.21805,100.0,1010.29396,9.0,-428.14902
2025-10-17 18:37:19,1405.67273,1009.10545,1005.38182,22.19775,100.0,1010.28944,9.0,-427.05547
2025-10-17 18:37:19,1405.67273,1010.96727,1003.52,22.19267,100.0,1010.30868,9.0,-425.56989
2025-10-17 18:37:20,1403.81091,1010.96727,1007.24364,22.19775,100.0,1010.39805,9.0,-430.32434
2025-10-17 18:37:20,1403.81091,1014.69091,1009.10545,22.20282,100.0,1010.59603,9.0,-434.16708
2025-10-17 18:37:21,1405.67273,1009.10545,1009.10545,22.21298,100.0,1010.34035,9.0,-430.68894
2025-10-17 18:37:21,1401.94909,1012.82909,1009.10545,22.21298,100.0,1010.34035,9.0,-430.92355
2025-10-17 18:37:22,1403.81091,1010.96727,1009.10545,22.21298,100.0,1010.3675,9.0,-431.24097
2025-10-17 18:37:23,1403.81091,1012.82909,1007.24364,22.19775,100.0,1010.39805,9.0,-429.94026
2025-10-17 18:37:23,1403.81091,1012.82909,1010.96727,22.2079,100.0,1010.35958,9.0,-432.13203
2025-10-17 18:37:24,1405.67273,1009.10545,1007.24364,22.2079,100.0,1010.30528,9.0,-428.718
2025-10-17 18:37:25,1405.67273,1009.10545,1009.10545,22.21805,100.0,1010.37542,9.0,-431.25561
2025-10-17 18:37:25,1405.67273,1010.96727,1007.24364,22.21805,100.0,1010.37542,9.0,-429.46163
2025-10-17 18:37:26,1403.81091,1010.96727,1009.10545,22.21298,100.0,1010.28604,9.0,-429.92837
2025-10-17 18:37:26,1403.81091,1009.10545,1005.38182,22.21805,100.0,1010.40257,9.0,-429.38878
2025-10-17 18:37:27,1401.94909,1009.10545,1005.38182,22.21805,100.0,1010.40257,9.0,-429.89298
2025-10-17 18:37:27,1403.81091,1007.24364,1005.38182,22.22821,100.0,1010.44556,9.0,-430.47074
2025-10-17 18:37:28,1405.67273,1010.96727,1009.10545,22.22313,100.0,1010.41049,9.0,-431.4326
2025-10-17 18:41:20,1629.09091,1267.89818,1208.32,16.02466,100.0,1010.46528,9.0,-521.9208
2025-10-17 18:41:21,1627.22909,1258.58909,1204.59636,16.01958,100.0,1010.45731,9.0,-519.43757
2025-10-17 18:41:21,1627.22909,1260.45091,1204.59636,16.01451,100.0,1010.44934,9.0,-519.37481
2025-10-17 18:41:22,1629.09091,1262.31273,1208.32,16.01451,100.0,1010.42245,9.0,-521.28517
2025-10-17 18:41:22,1627.22909,1260.45091,1204.59636,16.00943,100.0,1010.44137,9.0,-519.24895
2025-10-17 18:41:23,1630.95273,1264.17455,1208.32,15.9942,100.0,1010.44435,9.0,-521.15619
2025-10-17 18:41:23,1627.22909,1260.45091,1204.59636,15.99928,100.0,1010.4792,9.0,-519.86378
2025-10-17 18:41:24,1627.22909,1262.31273,1206.45818,15.99928,100.0,1010.4792,9.0,-521.30733
2025-10-17 18:41:24,1629.09091,1262.31273,1206.45818,15.98405,100.0,1010.48218,9.0,-520.85882
2025-10-17 18:41:25,1632.81455,1264.17455,1210.18182,15.96882,100.0,1010.43138,9.0,-521.86026
2025-10-17 18:41:25,1630.95273,1267.89818,1210.18182,15.9739,100.0,1010.49313,9.0,-523.29536
2025-10-17 18:41:26,1630.95273,1262.31273,1208.32,15.97897,100.0,1010.44732,9.0,-521.19979
2025-10-17 18:41:27,1630.95273,1264.17455,1208.32,15.95867,100.0,1010.4961,9.0,-522.00819
2025-10-17 18:41:27,1627.22909,1264.17455,1206.45818,15.96374,100.0,1010.47718,9.0,-521.30492
2025-10-17 18:41:28,1629.09091,1262.31273,1208.32,15.96374,100.0,1010.4503,9.0,-521.75967
2025-10-17 18:41:28,1632.81455,1262.31273,1212.04364,15.94852,100.0,1010.48016,9.0,-524.04874
2025-10-17 18:41:29,1630.95273,1264.17455,1210.18182,15.95359,100.0,1010.43436,9.0,-522.42013
2025-10-17 18:41:29,1630.95273,1264.17455,1210.18182,15.96374,100.0,1010.53096,9.0,-523.97159
2025-10-17 18:41:30,1630.95273,1260.45091,1212.04364,15.95867,100.0,1010.4961,9.0,-524.7654
2025-10-17 18:41:30,1630.95273,1264.17455,1212.04364,15.94852,100.0,1010.50704,9.0,-524.99827
2025-10-17 18:41:31,1629.09091,1258.58909,1208.32,15.94344,100.0,1010.39153,9.0,-520.72064
2025-10-17 18:41:32,1630.95273,1264.17455,1212.04364,15.94344,100.0,1010.47219,9.0,-524.43916
2025-10-17 18:41:32,1634.67636,1267.89818,1217.62909,15.93329,100.0,1010.48313,9.0,-527.76365
2025-10-17 18:41:33,1634.67636,1262.31273,1213.90545,15.92313,100.0,1010.4403,9.0,-524.31948
2025-10-17 18:41:33,1630.95273,1260.45091,1210.18182,15.93329,100.0,1010.45625,9.0,-522.73178
2025-10-17 18:41:34,1634.67636,1264.17455,1215.76727,15.91806,100.0,1010.4861,9.0,-526.4764
2025-10-17 18:41:35,1632.81455,1262.31273,1212.04364,15.92313,100.0,1010.4403,9.0,-523.41939
2025-10-17 18:41:35,1632.81455,1269.76,1213.90545,15.91298,100.0,1010.50501,9.0,-525.75551
2025-10-17 18:41:36,1632.81455,1264.17455,1213.90545,15.9079,100.0,1010.47016,9.0,-525.32454
2025-10-17 18:41:37,1630.95273,1258.58909,1210.18182,15.9079,100.0,1010.47016,9.0,-522.90571
2025-10-17 18:41:37,1629.09091,1266.03636,1212.04364,15.90283,100.0,1010.4353,9.0,-524.3522
2025-10-17 18:41:38,1634.67636,1266.03636,1217.62909,15.9079,100.0,1010.47016,9.0,-527.61155
2025-10-17 18:41:38,1634.67636,1264.17455,1215.76727,15.89775,100.0,1010.42733,9.0,-525.53964
2025-10-17 18:41:39,1634.67636,1264.17455,1217.62909,15.9079,100.0,1010.47016,9.0,-527.62891
2025-10-17 18:41:40,1634.67636,1267.89818,1217.62909,15.89775,100.0,1010.42733,9.0,-526.88246
2025-10-17 18:41:40,1630.95273,1262.31273,1217.62909,15.89268,100.0,1010.44625,9.0,-528.24753
2025-10-17 18:41:41,1634.67636,1264.17455,1213.90545,15.88252,100.0,1010.45719,9.0,-524.62403
2025-10-17 18:41:41,1634.67636,1264.17455,1217.62909,15.88252,100.0,1010.45719,9.0,-527.4326
2025-10-17 18:41:42,1630.95273,1262.31273,1217.62909,15.87745,100.0,1010.4761,9.0,-528.73617
2025-10-17 18:41:42,1632.81455,1260.45091,1213.90545,15.87745,100.0,1010.4761,9.0,-525.38414
2025-10-17 18:41:43,1632.81455,1260.45091,1213.90545,15.87237,100.0,1010.46813,9.0,-525.25821
2025-10-17 18:41:44,1632.81455,1264.17455,1217.62909,15.87237,100.0,1010.52189,9.0,-528.98451
2025-10-17 18:41:44,1632.81455,1264.17455,1215.76727,15.85714,100.0,1010.44421,9.0,-526.33604
2025-10-17 18:41:45,1636.53818,1262.31273,1217.62909,15.83684,100.0,1010.46609,9.0,-527.08232
2025-10-17 18:41:45,1634.67636,1262.31273,1217.62909,15.81145,100.0,1010.47999,9.0,-527.82279
2025-10-17 18:41:46,1632.81455,1266.03636,1221.35273,15.8013,100.0,1010.43717,9.0,-530.44508
2025-10-17 18:41:47,1634.67636,1264.17455,1219.49091,15.80638,100.0,1010.4989,9.0,-529.54627
2025-10-17 18:41:47,1632.81455,1264.17455,1217.62909,15.78607,100.0,1010.49389,9.0,-528.57506
2025-10-17 18:41:48,1632.81455,1264.17455,1215.76727,15.77592,100.0,1010.42419,9.0,-526.05235
2025-10-17 18:41:48,1632.81455,1264.17455,1217.62909,15.781,100.0,1010.43216,9.0,-527.58273
2025-10-17 18:41:49,1632.81455,1266.03636,1219.49091,15.77592,100.0,1010.42419,9.0,-528.84356
2025-10-17 18:41:50,1632.81455,1266.03636,1217.62909,15.76069,100.0,1010.50778,9.0,-528.79335
2025-10-17 18:41:50,1632.81455,1266.03636,1217.62909,15.77084,100.0,1010.44309,9.0,-527.74628
2025-10-17 18:41:51,1630.95273,1264.17455,1217.62909,15.74546,100.0,1010.45699,9.0,-528.50331
2025-10-17 18:41:51,1632.81455,1269.76,1219.49091,15.73531,100.0,1010.46792,9.0,-529.45596
2025-10-17 18:41:52,1636.53818,1267.89818,1221.35273,15.73531,100.0,1010.4948,9.0,-530.35161
2025-10-17 18:41:53,1634.67636,1266.03636,1217.62909,15.72516,100.0,1010.47885,9.0,-527.83888
2025-10-17 18:41:53,1632.81455,1264.17455,1217.62909,15.73023,100.0,1010.45995,9.0,-528.05359
2025-10-17 18:41:54,1636.53818,1269.76,1221.35273,15.72008,100.0,1010.444,9.0,-529.47315
2025-10-17 18:41:54,1632.81455,1269.76,1221.35273,15.72516,100.0,1010.47885,9.0,-531.04088
2025-10-17 18:41:55,1632.81455,1267.89818,1223.21455,15.70993,100.0,1010.45493,9.0,-532.13304
2025-10-17 18:41:55,1636.53818,1269.76,1223.21455,15.70993,100.0,1010.50868,9.0,-531.92411
2025-10-17 18:41:56,1634.67636,1267.89818,1221.35273,15.70993,100.0,1010.42806,9.0,-529.79149
2025-10-17 18:41:57,1636.53818,1269.76,1223.21455,15.70485,100.0,1010.47383,9.0,-531.36474
2025-10-17 18:41:57,1634.67636,1267.89818,1223.21455,15.6947,100.0,1010.43101,9.0,-531.24991
2025-10-17 18:41:58,1636.53818,1267.89818,1223.21455,15.6947,100.0,1010.45789,9.0,-531.17878
2025-10-17 18:41:58,1638.4,1267.89818,1225.07636,15.6947,100.0,1010.53851,9.0,-533.37805
2025-10-17 18:41:59,1640.26182,1273.48364,1228.8,15.67947,100.0,1010.43397,9.0,-533.75307
2025-10-17 18:42:00,1640.26182,1271.62182,1228.8,15.67439,100.0,1010.50662,9.0,-535.02515
2025-10-17 18:42:00,1640.26182,1267.89818,1225.07636,15.67947,100.0,1010.43397,9.0,-531.19559
2025-10-17 18:42:01,1640.26182,1269.76,1223.21455,15.65916,100.0,1010.45583,9.0,-530.08504
2025-10-17 18:42:01,1638.4,1266.03636,1225.07636,15.67439,100.0,1010.47975,9.0,-532.48359
2025-10-17 18:42:02,1640.26182,1271.62182,1228.8,15.67439,100.0,1010.47975,9.0,-534.5921
2025-10-17 18:42:03,1643.98545,1271.62182,1226.93818,15.66932,100.0,1010.4449,9.0,-531.61996
2025-10-17 18:42:03,1640.26182,1267.89818,1225.07636,15.65916,100.0,1010.45583,9.0,-531.556
2025-10-17 18:42:04,1642.12364,1271.62182,1226.93818,15.65409,100.0,1010.44785,9.0,-532.17786
2025-10-17 18:42:04,1642.12364,1273.48364,1230.66182,15.65916,100.0,1010.50957,9.0,-535.87965
2025-10-17 18:42:05,1643.98545,1271.62182,1230.66182,15.65409,100.0,1010.44785,9.0,-534.48223
2025-10-17 18:42:06,1643.98545,1269.76,1225.07636,15.65409,100.0,1010.47473,9.0,-530.7875
2025-10-17 18:42:06,1643.98545,1271.62182,1226.93818,15.6287,100.0,1010.38112,9.0,-530.60806
2025-10-17 18:42:07,1645.84727,1273.48364,1230.66182,15.6287,100.0,1010.43486,9.0,-533.67914
2025-10-17 18:42:07,1647.70909,1273.48364,1230.66182,15.63378,100.0,1010.41596,9.0,-532.86848
2025-10-17 18:42:08,1643.98545,1269.76,1225.07636,15.62363,100.0,1010.45376,9.0,-530.46133
2025-10-17 18:42:08,1645.84727,1271.62182,1225.07636,15.63378,100.0,1010.52345,9.0,-530.99123
2025-10-17 18:42:09,1643.98545,1269.76,1226.93818,15.62363,100.0,1010.45376,9.0,-531.86562
2025-10-17 18:42:09,1649.57091,1273.48364,1232.52364,15.61855,100.0,1010.47266,9.0,-534.68788
2025-10-17 18:42:10,1649.57091,1269.76,1230.66182,15.61855,100.0,1010.44579,9.0,-533.03499
2025-10-17 18:42:11,1647.70909,1271.62182,1230.66182,15.6084,100.0,1010.48358,9.0,-534.06687
2025-10-17 18:42:11,1645.84727,1273.48364,1232.52364,15.59825,100.0,1010.38702,9.0,-534.3237
2025-10-17 18:42:12,1649.57091,1269.76,1228.8,15.60332,100.0,1010.47561,9.0,-532.11681
2025-10-17 18:42:13,1647.70909,1269.76,1230.66182,15.6084,100.0,1010.51045,9.0,-534.58495
2025-10-17 18:42:13,1649.57091,1269.76,1230.66182,15.60332,100.0,1010.47561,9.0,-533.52109
2025-10-17 18:42:14,1649.57091,1269.76,1230.66182,15.58809,100.0,1010.45169,9.0,-533.141
2025-10-17 18:42:14,1645.84727,1267.89818,1228.8,15.60332,100.0,1010.50248,9.0,-533.62488
2025-10-17 18:42:15,1647.70909,1267.89818,1234.38545,15.58302,100.0,1010.38997,9.0,-535.52773
2025-10-17 18:42:15,1651.43273,1267.89818,1230.66182,15.58302,100.0,1010.47058,9.0,-533.00972
2025-10-17 18:42:16,1649.57091,1273.48364,1234.38545,15.58809,100.0,1010.50543,9.0,-536.63113
2025-10-17 18:42:17,1651.43273,1271.62182,1234.38545,15.56779,100.0,1010.41979,9.0,-534.85321
2025-10-17 18:42:17,1651.43273,1273.48364,1234.38545,15.57286,100.0,1010.50838,9.0,-536.17962
2025-10-17 18:42:18,1651.43273,1266.03636,1232.52364,15.56779,100.0,1010.5004,9.0,-534.94371
2025-10-17 18:42:19,1651.43273,1269.76,1230.66182,15.57794,100.0,1010.51635,9.0,-533.68225
2025-10-17 18:42:19,1649.57091,1266.03636,1230.66182,15.58809,100.0,1010.42482,9.0,-532.81878
2025-10-17 18:42:20,1653.29455,1271.62182,1236.24727,15.58809,100.0,1010.47856,9.0,-536.69336
2025-10-17 18:42:20,1651.43273,1267.89818,1232.52364,15.58302,100.0,1010.55119,9.0,-535.71296
2025-10-17 18:42:21,1651.43273,1269.76,1232.52364,15.58809,100.0,1010.50543,9.0,-534.90706
2025-10-17 18:42:22,1647.70909,1266.03636,1232.52364,15.58809,100.0,1010.50543,9.0,-536.02623
2025-10-17 18:42:22,1651.43273,1267.89818,1232.52364,15.58302,100.0,1010.44371,9.0,-533.98102
2025-10-17 18:42:23,1651.43273,1271.62182,1238.10909,15.55256,100.0,1010.44961,9.0,-538.14719
2025-10-17 18:42:23,1649.57091,1267.89818,1236.24727,15.56271,100.0,1010.46556,9.0,-537.65258
2025-10-17 18:42:24,1649.57091,1267.89818,1236.24727,15.56779,100.0,1010.47353,9.0,-537.7794
2025-10-17 18:42:25,1655.15636,1267.89818,1239.97091,15.55764,100.0,1010.40385,9.0,-537.95577
2025-10-17 18:42:25,1653.29455,1269.76,1238.10909,15.57286,100.0,1010.45464,9.0,-537.80244
2025-10-17 18:42:26,1653.29455,1267.89818,1236.24727,15.57286,100.0,1010.45464,9.0,-536.46483
2025-10-17 18:42:26,1653.29455,1267.89818,1236.24727,15.57286,100.0,1010.50838,9.0,-537.33079
2025-10-17 18:42:27,1649.57091,1266.03636,1234.38545,15.57286,100.0,1010.42777,9.0,-535.68007
2025-10-17 18:42:28,1651.43273,1269.76,1238.10909,15.57794,100.0,1010.46261,9.0,-538.43342
2025-10-17 18:42:28,1653.29455,1267.89818,1239.97091,15.58302,100.0,1010.49745,9.0,-539.95993
2025-10-17 18:42:29,1651.43273,1267.89818,1236.24727,15.59317,100.0,1010.54027,9.0,-538.34202
2025-10-17 18:42:29,1647.70909,1269.76,1236.24727,15.57794,100.0,1010.48948,9.0,-538.47052
2025-10-17 18:42:31,1655.15636,1269.76,1241.83273,15.57794,100.0,1010.48948,9.0,-540.66658
2025-10-17 18:42:31,1651.43273,1264.17455,1238.10909,15.57286,100.0,1010.48151,9.0,-538.86775
2025-10-17 18:42:32,1651.43273,1266.03636,1236.24727,15.57794,100.0,1010.54322,9.0,-538.43886
2025-10-17 18:42:32,1649.57091,1266.03636,1236.24727,15.58809,100.0,1010.5323,9.0,-538.76359
2025-10-17 18:42:33,1653.29455,1266.03636,1239.97091,15.58809,100.0,1010.50543,9.0,-540.13077
2025-10-17 18:42:34,1649.57091,1264.17455,1238.10909,15.57794,100.0,1010.46261,9.0,-539.06576
2025-10-17 18:42:34,1653.29455,1267.89818,1239.97091,15.57286,100.0,1010.48151,9.0,-539.70638
2025-10-17 18:42:35,1647.70909,1260.45091,1236.24727,15.56779,100.0,1010.44666,9.0,-537.86073
2025-10-17 18:42:35,1651.43273,1267.89818,1238.10909,15.57794,100.0,1010.48948,9.0,-538.93308
2025-10-17 18:42:36,1651.43273,1266.03636,1241.83273,15.56779,100.0,1010.47353,9.0,-541.53216
2025-10-17 18:42:37,1649.57091,1264.17455,1238.10909,15.57286,100.0,1010.50838,9.0,-539.80493
2025-10-17 18:42:37,1649.57091,1267.89818,1239.97091,15.57794,100.0,1010.46261,9.0,-540.40858
2025-10-17 18:42:38,1649.57091,1266.03636,1238.10909,15.58302,100.0,1010.44371,9.0,-538.74217
2025-10-17 18:42:38,1649.57091,1266.03636,1241.83273,15.58809,100.0,1010.50543,9.0,-542.54345
2025-10-17 18:42:39,1651.43273,1262.31273,1239.97091,15.58809,100.0,1010.47856,9.0,-540.20725
2025-10-17 18:42:39,1649.57091,1266.03636,1239.97091,15.57794,100.0,1010.48948,9.0,-540.88566
2025-10-17 18:42:40,1649.57091,1266.03636,1239.97091,15.59317,100.0,1010.48653,9.0,-540.8329
2025-10-17 18:42:41,1651.43273,1266.03636,1241.83273,15.58302,100.0,1010.49745,9.0,-541.91251
2025-10-17 18:42:41,1649.57091,1269.76,1241.83273,15.58809,100.0,1010.5323,9.0,-542.86567
2025-10-17 18:42:42,1649.57091,1266.03636,1238.10909,15.57794,100.0,1010.46261,9.0,-539.04839
2025-10-17 18:42:42,1649.57091,1267.89818,1243.69455,15.57794,100.0,1010.48948,9.0,-543.65013
2025-10-17 18:42:43,1649.57091,1264.17455,1243.69455,15.57794,100.0,1010.48948,9.0,-543.71159
2025-10-17 18:42:43,1649.57091,1266.03636,1241.83273,15.57794,100.0,1010.51635,9.0,-542.72293
2025-10-17 18:42:44,1651.43273,1266.03636,1243.69455,15.56271,100.0,1010.5193,9.0,-543.67556
2025-10-17 18:42:45,1649.57091,1266.03636,1241.83273,15.57794,100.0,1010.54322,9.0,-543.15591
2025-10-17 18:42:45,1647.70909,1264.17455,1239.97091,15.56779,100.0,1010.47353,9.0,-541.15363
2025-10-17 18:42:46,1647.70909,1266.03636,1239.97091,15.56271,100.0,1010.43869,9.0,-540.57647
2025-10-17 18:42:46,1647.70909,1266.03636,1243.69455,15.54748,100.0,1010.49537,9.0,-544.30333
2025-10-17 18:42:47,1649.57091,1267.89818,1245.55636,15.55764,100.0,1010.51132,9.0,-545.41309
2025-10-17 18:42:47,1647.70909,1264.17455,1239.97091,15.54748,100.0,1010.52224,9.0,-541.94509
2025-10-17 18:42:48,1645.84727,1266.03636,1239.97091,15.54748,100.0,1010.54911,9.0,-542.86488
2025-10-17 18:42:49,1649.57091,1267.89818,1245.55636,15.55256,100.0,1010.42274,9.0,-543.98732
2025-10-17 18:42:49,1647.70909,1266.03636,1239.97091,15.54241,100.0,1010.46053,9.0,-540.93489
2025-10-17 18:42:50,1651.43273,1267.89818,1243.69455,15.53733,100.0,1010.47942,9.0,-542.99698
2025-10-17 18:42:50,1649.57091,1266.03636,1243.69455,15.54241,100.0,1010.568,9.0,-544.97109
2025-10-17 18:42:51,1649.57091,1267.89818,1245.55636,15.53733,100.0,1010.47942,9.0,-544.90546
2025-10-17 18:42:52,1647.70909,1266.03636,1245.55636,15.53225,100.0,1010.44458,9.0,-544.89385
2025-10-17 18:42:52,1647.70909,1266.03636,1243.69455,15.53733,100.0,1010.47942,9.0,-544.04948
2025-10-17 18:42:53,1647.70909,1266.03636,1241.83273,15.53733,100.0,1010.45256,9.0,-542.21224
2025-10-17 18:42:53,1647.70909,1267.89818,1243.69455,15.5221,100.0,1010.4555,9.0,-543.62443
2025-10-17 18:42:54,1649.57091,1269.76,1247.41818,15.51702,100.0,1010.4744,9.0,-546.16804
2025-10-17 18:42:54,1647.70909,1266.03636,1241.83273,15.5221,100.0,1010.50924,9.0,-543.13013
2025-10-17 18:42:55,1649.57091,1267.89818,1243.69455,15.5018,100.0,1010.47734,9.0,-543.47785
2025-10-17 18:42:56,1647.70909,1266.03636,1243.69455,15.51195,100.0,1010.43955,9.0,-543.41445
2025-10-17 18:42:56,1649.57091,1271.62182,1245.55636,15.50687,100.0,1010.45845,9.0,-544.42454
2025-10-17 18:42:57,1651.43273,1271.62182,1245.55636,15.50687,100.0,1010.48531,9.0,-544.35328
2025-10-17 18:42:57,1651.43273,1271.62182,1247.41818,15.5018,100.0,1010.47734,9.0,-545.63046
2025-10-17 18:42:58,1651.43273,1271.62182,1245.55636,15.48657,100.0,1010.39968,9.0,-542.97889
2025-10-17 18:42:59,1651.43273,1275.34545,1247.41818,15.49164,100.0,1010.48826,9.0,-545.60038
2025-10-17 18:42:59,1649.57091,1273.48364,1249.28,15.48149,100.0,1010.44544,9.0,-546.93097
2025-10-17 18:43:00,1651.43273,1271.62182,1247.41818,15.47134,100.0,1010.42949,9.0,-544.86735
2025-10-17 18:43:00,1651.43273,1269.76,1247.41818,15.48657,100.0,1010.45342,9.0,-545.3341
2025-10-17 18:43:01,1651.43273,1271.62182,1247.41818,15.47641,100.0,1010.4106,9.0,-544.56169
2025-10-17 18:43:02,1653.29455,1273.48364,1251.14182,15.49672,100.0,1010.46936,9.0,-547.70838
2025-10-17 18:43:02,1653.29455,1269.76,1247.41818,15.48657,100.0,1010.48028,9.0,-545.26282
2025-10-17 18:43:03,1653.29455,1271.62182,1251.14182,15.49672,100.0,1010.49623,9.0,-548.24063
2025-10-17 18:43:03,1651.43273,1271.62182,1247.41818,15.48149,100.0,1010.44544,9.0,-545.12182
2025-10-17 18:43:04,1651.43273,1273.48364,1251.14182,15.47134,100.0,1010.42949,9.0,-547.5766
2025-10-17 18:43:04,1653.29455,1271.62182,1249.28,15.47641,100.0,1010.4912,9.0,-546.76051
2025-10-17 18:43:05,1653.29455,1275.34545,1253.00364,15.47134,100.0,1010.45636,9.0,-548.80019
2025-10-17 18:43:06,1651.43273,1269.76,1247.41818,15.47641,100.0,1010.46433,9.0,-545.51259
2025-10-17 18:43:06,1653.29455,1269.76,1247.41818,15.47641,100.0,1010.46433,9.0,-545.00839
2025-10-17 18:43:07,1653.29455,1273.48364,1251.14182,15.47134,100.0,1010.42949,9.0,-547.0724
2025-10-17 18:43:07,1651.43273,1267.89818,1247.41818,15.47641,100.0,1010.54493,9.0,-546.878
2025-10-17 18:43:08,1653.29455,1273.48364,1251.14182,15.46119,100.0,1010.41354,9.0,-546.81784
2025-10-17 18:43:09,1649.57091,1271.62182,1251.14182,15.45611,100.0,1010.48616,9.0,-549.09693
2025-10-17 18:43:09,1655.15636,1271.62182,1251.14182,15.44596,100.0,1010.41648,9.0,-546.46382
2025-10-17 18:43:10,1653.29455,1277.20727,1251.14182,15.45103,100.0,1010.47819,9.0,-547.63714
2025-10-17 18:43:10,1653.29455,1271.62182,1249.28,15.44596,100.0,1010.44335,9.0,-545.99663
2025-10-17 18:43:11,1653.29455,1269.76,1249.28,15.4358,100.0,1010.48113,9.0,-546.69265
2025-10-17 18:43:12,1653.29455,1273.48364,1253.00364,15.44088,100.0,1010.4891,9.0,-549.44424
2025-10-17 18:43:12,1655.15636,1273.48364,1253.00364,15.42565,100.0,1010.46518,9.0,-548.55767
2025-10-17 18:43:13,1655.15636,1271.62182,1249.28,15.43073,100.0,1010.47315,9.0,-545.97591
2025-10-17 18:43:13,1655.15636,1269.76,1249.28,15.4358,100.0,1010.50799,9.0,-546.62134
2025-10-17 18:43:14,1655.15636,1273.48364,1251.14182,15.42057,100.0,1010.51093,9.0,-547.89162
2025-10-17 18:43:14,1655.15636,1275.34545,1253.00364,15.4155,100.0,1010.47609,9.0,-548.62608
2025-10-17 18:43:15,1651.43273,1273.48364,1249.28,15.42565,100.0,1010.5189,9.0,-547.62325
2025-10-17 18:43:16,1655.15636,1275.34545,1253.00364,15.40535,100.0,1010.51386,9.0,-549.23665
2025-10-17 18:43:16,1653.29455,1273.48364,1251.14182,15.40535,100.0,1010.43328,9.0,-547.14737
2025-10-17 18:43:17,1655.15636,1275.34545,1254.86545,15.38504,100.0,1010.50882,9.0,-550.5631
2025-10-17 18:43:17,1655.15636,1273.48364,1253.00364,15.39519,100.0,1010.52478,9.0,-549.52362
2025-10-17 18:43:18,1653.29455,1273.48364,1251.14182,15.39519,100.0,1010.52478,9.0,-548.62353
2025-10-17 18:43:19,1655.15636,1273.48364,1251.14182,15.40027,100.0,1010.47903,9.0,-547.38128
2025-10-17 18:43:19,1657.01818,1275.34545,1251.14182,15.40535,100.0,1010.51386,9.0,-547.32816
2025-10-17 18:43:20,1657.01818,1277.20727,1254.86545,15.39519,100.0,1010.49791,9.0,-549.76613
2025-10-17 18:43:20,1658.88,1275.34545,1254.86545,15.39012,100.0,1010.5168,9.0,-549.68242
2025-10-17 18:43:21,1657.01818,1273.48364,1254.86545,15.39012,100.0,1010.54366,9.0,-550.72887
2025-10-17 18:43:21,1655.15636,1271.62182,1251.14182,15.40027,100.0,1010.50589,9.0,-547.91346
2025-10-17 18:43:22,1657.01818,1277.20727,1256.72727,15.39519,100.0,1010.47105,9.0,-550.73756
2025-10-17 18:43:23,1658.88,1277.20727,1254.86545,15.39519,100.0,1010.39047,9.0,-547.53051
2025-10-17 18:43:23,1655.15636,1273.48364,1253.00364,15.39012,100.0,1010.46308,9.0,-548.53023
2025-10-17 18:43:24,1657.01818,1275.34545,1254.86545,15.37996,100.0,1010.50085,9.0,-549.93116
2025-10-17 18:43:24,1658.88,1277.20727,1254.86545,15.37489,100.0,1010.46601,9.0,-548.75103
2025-10-17 18:43:25,1658.88,1277.20727,1258.58909,15.36473,100.0,1010.50378,9.0,-552.16965
2025-10-17 18:43:25,1658.88,1275.34545,1253.00364,15.36981,100.0,1010.43117,9.0,-546.90142
2025-10-17 18:43:26,1657.01818,1273.48364,1254.86545,15.37996,100.0,1010.50085,9.0,-550.04056
2025-10-17 18:43:27,1658.88,1275.34545,1254.86545,15.38504,100.0,1010.50882,9.0,-549.5547
2025-10-17 18:43:27,1658.88,1279.06909,1258.58909,15.36981,100.0,1010.45804,9.0,-551.31474
2025-10-17 18:43:28,1660.74182,1277.20727,1256.72727,15.37489,100.0,1010.49287,9.0,-550.08396
2025-10-17 18:43:28,1657.01818,1273.48364,1254.86545,15.37996,100.0,1010.47399,9.0,-549.60771
2025-10-17 18:43:29,1658.88,1275.34545,1256.72727,15.38504,100.0,1010.53569,9.0,-551.39184
2025-10-17 18:43:30,1658.88,1277.20727,1258.58909,15.38504,100.0,1010.48196,9.0,-551.8151
2025-10-17 18:43:30,1660.74182,1277.20727,1258.58909,15.36981,100.0,1010.4849,9.0,-551.36044
2025-10-17 18:43:31,1658.88,1277.20727,1256.72727,15.36981,100.0,1010.51176,9.0,-550.89319
2025-10-17 18:43:31,1660.74182,1277.20727,1258.58909,15.36473,100.0,1010.53064,9.0,-552.09828
2025-10-17 18:43:32,1658.88,1275.34545,1254.86545,15.35966,100.0,1010.46895,9.0,-548.9157
2025-10-17 18:43:32,1658.88,1279.06909,1256.72727,15.35458,100.0,1010.51469,9.0,-550.82538
2025-10-17 18:43:33,1658.88,1275.34545,1256.72727,15.34951,100.0,1010.50671,9.0,-550.92984
2025-10-17 18:43:34,1658.88,1275.34545,1256.72727,15.34951,100.0,1010.45299,9.0,-550.06419
2025-10-17 18:43:34,1660.74182,1275.34545,1258.58909,15.33428,100.0,1010.42907,9.0,-550.58035
2025-10-17 18:43:35,1660.74182,1273.48364,1256.72727,15.33935,100.0,1010.51762,9.0,-550.71193
2025-10-17 18:43:35,1660.74182,1279.06909,1256.72727,15.34951,100.0,1010.56044,9.0,-551.05891
2025-10-17 18:43:36,1660.74182,1279.06909,1256.72727,15.33428,100.0,1010.48279,9.0,-549.80932
2025-10-17 18:43:37,1660.74182,1279.06909,1256.72727,15.3292,100.0,1010.47481,9.0,-549.68128
2025-10-17 18:43:37,1660.74182,1277.20727,1258.58909,15.32412,100.0,1010.49369,9.0,-551.50736
2025-10-17 18:43:38,1660.74182,1279.06909,1262.31273,15.33935,100.0,1010.43704,9.0,-553.28454
2025-10-17 18:43:38,1660.74182,1277.20727,1256.72727,15.32412,100.0,1010.46683,9.0,-549.67027
2025-10-17 18:43:39,1658.88,1275.34545,1256.72727,15.31905,100.0,1010.45886,9.0,-550.16168
2025-10-17 18:43:40,1662.60364,1277.20727,1258.58909,15.31905,100.0,1010.56629,9.0,-552.17347
2025-10-17 18:43:40,1664.46545,1279.06909,1262.31273,15.3089,100.0,1010.46977,9.0,-552.80607
2025-10-17 18:43:41,1660.74182,1277.20727,1258.58909,15.31905,100.0,1010.51258,9.0,-551.81206
2025-10-17 18:43:42,1660.74182,1275.34545,1258.58909,15.31397,100.0,1010.47774,9.0,-551.36644
2025-10-17 18:43:43,1660.74182,1277.20727,1258.58909,15.31397,100.0,1010.5046,9.0,-551.68393
2025-10-17 18:43:43,1662.60364,1279.06909,1260.45091,15.30382,100.0,1010.51551,9.0,-552.64337
2025-10-17 18:43:44,1660.74182,1277.20727,1258.58909,15.3089,100.0,1010.49662,9.0,-551.55576
2025-10-17 18:43:44,1662.60364,1277.20727,1258.58909,15.3089,100.0,1010.46977,9.0,-550.61876
2025-10-17 18:43:45,1660.74182,1275.34545,1260.45091,15.30382,100.0,1010.46179,9.0,-552.51436
2025-10-17 18:43:46,1664.46545,1280.93091,1262.31273,15.30382,100.0,1010.54236,9.0,-553.86161
2025-10-17 18:43:46,1664.46545,1279.06909,1262.31273,15.30382,100.0,1010.51551,9.0,-553.54346
2025-10-17 18:43:47,1660.74182,1280.93091,1262.31273,15.29874,100.0,1010.56125,9.0,-555.17456
2025-10-17 18:43:47,1664.46545,1277.20727,1260.45091,15.28351,100.0,1010.51046,9.0,-552.17589
2025-10-17 18:43:48,1660.74182,1280.93091,1262.31273,15.29367,100.0,1010.44584,9.0,-553.31514
2025-10-17 18:43:49,1662.60364,1277.20727,1258.58909,15.28351,100.0,1010.42989,9.0,-549.97747
2025-10-17 18:43:49,1664.46545,1279.06909,1260.45091,15.27844,100.0,1010.44877,9.0,-551.06491
2025-10-17 18:43:50,1664.46545,1277.20727,1260.45091,15.27336,100.0,1010.4945,9.0,-551.91913
2025-10-17 18:43:50,1666.32727,1282.79273,1264.17455,15.27336,100.0,1010.4945,9.0,-553.88373
2025-10-17 18:43:51,1664.46545,1279.06909,1262.31273,15.26321,100.0,1010.53226,9.0,-553.815
2025-10-17 18:43:52,1666.32727,1279.06909,1262.31273,15.27336,100.0,1010.4945,9.0,-552.70216
2025-10-17 18:43:52,1662.60364,1277.20727,1262.31273,15.28351,100.0,1010.59103,9.0,-555.38272
2025-10-17 18:43:53,1666.32727,1280.93091,1266.03636,15.27844,100.0,1010.50248,9.0,-555.52447
2025-10-17 18:43:53,1668.18909,1282.79273,1267.89818,15.28351,100.0,1010.51046,9.0,-556.44486
2025-10-17 18:43:54,1666.32727,1279.06909,1262.31273,15.28351,100.0,1010.4836,9.0,-552.52614
2025-10-17 18:43:55,1666.32727,1280.93091,1264.17455,15.28859,100.0,1010.51843,9.0,-554.37689
2025-10-17 18:43:55,1664.46545,1279.06909,1264.17455,15.28351,100.0,1010.4836,9.0,-554.43462
2025-10-17 18:43:56,1664.46545,1279.06909,1264.17455,15.28351,100.0,1010.42989,9.0,-553.56906
2025-10-17 18:43:56,1664.46545,1279.06909,1262.31273,15.29874,100.0,1010.56125,9.0,-554.28081
2025-10-17 18:43:57,1662.60364,1279.06909,1262.31273,15.28351,100.0,1010.53732,9.0,-554.40009
2025-10-17 18:43:57,1662.60364,1279.06909,1262.31273,15.27336,100.0,1010.54822,9.0,-554.5761
2025-10-17 18:43:58,1666.32727,1279.06909,1266.03636,15.27336,100.0,1010.54822,9.0,-556.37627
2025-10-17 18:43:58,1664.46545,1280.93091,1264.17455,15.27336,100.0,1010.54822,9.0,-555.36154
2025-10-17 18:43:59,1662.60364,1279.06909,1264.17455,15.27336,100.0,1010.44079,9.0,-554.24929
2025-10-17 18:44:00,1664.46545,1280.93091,1267.89818,15.27844,100.0,1010.47562,9.0,-557.00018
2025-10-17 18:44:00,1666.32727,1279.06909,1264.17455,15.26828,100.0,1010.51338,9.0,-554.41078
2025-10-17 18:44:01,1666.32727,1280.93091,1266.03636,15.25306,100.0,1010.48945,9.0,-555.31493
2025-10-17 18:44:01,1668.18909,1280.93091,1264.17455,15.24798,100.0,1010.45462,9.0,-552.84513
2025-10-17 18:44:02,1666.32727,1279.06909,1266.03636,15.26321,100.0,1010.50541,9.0,-555.6866
2025-10-17 18:44:03,1664.46545,1277.20727,1267.89818,15.26321,100.0,1010.50541,9.0,-557.71215
2025-10-17 18:44:03,1666.32727,1277.20727,1262.31273,15.26321,100.0,1010.47855,9.0,-552.56233
2025-10-17 18:44:04,1666.32727,1280.93091,1267.89818,15.25813,100.0,1010.49743,9.0,-556.84774
2025-10-17 18:44:04,1664.46545,1277.20727,1264.17455,15.25306,100.0,1010.51631,9.0,-555.07931
2025-10-17 18:44:05,1666.32727,1277.20727,1264.17455,15.23783,100.0,1010.46552,9.0,-553.75656
2025-10-17 18:44:05,1668.18909,1279.06909,1266.03636,15.22767,100.0,1010.53014,9.0,-555.58045
2025-10-17 18:44:06,1668.18909,1280.93091,1267.89818,15.23275,100.0,1010.51126,9.0,-556.56605
2025-10-17 18:44:07,1668.18909,1280.93091,1266.03636,15.2429,100.0,1010.52721,9.0,-555.41907
2025-10-17 18:44:07,1666.32727,1282.79273,1267.89818,15.23783,100.0,1010.51924,9.0,-557.09086
2025-10-17 18:44:08,1668.18909,1280.93091,1266.03636,15.23275,100.0,1010.51126,9.0,-555.16177
2025-10-17 18:44:09,1670.05091,1280.93091,1267.89818,15.2226,100.0,1010.52216,9.0,-556.23715
2025-10-17 18:44:09,1670.05091,1282.79273,1269.76,15.22767,100.0,1010.50328,9.0,-557.22937
2025-10-17 18:44:10,1670.05091,1280.93091,1266.03636,15.22767,100.0,1010.53014,9.0,-554.96161
2025-10-17 18:44:11,1670.05091,1279.06909,1267.89818,15.22767,100.0,1010.47643,9.0,-555.61505
2025-10-17 18:44:11,1670.05091,1282.79273,1273.48364,15.22767,100.0,1010.50328,9.0,-560.03794
2025-10-17 18:44:12,1670.05091,1279.06909,1269.76,15.2226,100.0,1010.54901,9.0,-558.18882
2025-10-17 18:44:12,1670.05091,1284.65455,1271.62182,15.23783,100.0,1010.5998,9.0,-560.09196
2025-10-17 18:44:13,1668.18909,1279.06909,1264.17455,15.2226,100.0,1010.4953,9.0,-553.61468
2025-10-17 18:44:14,1670.05091,1280.93091,1269.76,15.2226,100.0,1010.54901,9.0,-558.07417
2025-10-17 18:44:14,1668.18909,1280.93091,1267.89818,15.23275,100.0,1010.56497,9.0,-557.43154
2025-10-17 18:44:15,1673.77455,1277.20727,1267.89818,15.22767,100.0,1010.53014,9.0,-555.5892
2025-10-17 18:44:15,1668.18909,1277.20727,1267.89818,15.23275,100.0,1010.53811,9.0,-557.23051
2025-10-17 18:44:16,1670.05091,1279.06909,1267.89818,15.20737,100.0,1010.47137,9.0,-555.53263
2025-10-17 18:44:17,1668.18909,1280.93091,1269.76,15.21752,100.0,1010.56789,9.0,-558.88232
2025-10-17 18:44:17,1670.05091,1280.93091,1269.76,15.20737,100.0,1010.47137,9.0,-556.82227
2025-10-17 18:44:18,1673.77455,1282.79273,1271.62182,15.20229,100.0,1010.5171,9.0,-557.84667
2025-10-17 18:44:18,1668.18909,1282.79273,1271.62182,15.21244,100.0,1010.53306,9.0,-559.617
2025-10-17 18:44:19,1671.91273,1282.79273,1271.62182,15.20229,100.0,1010.49025,9.0,-557.91814
2025-10-17 18:44:20,1671.91273,1279.06909,1267.89818,15.21244,100.0,1010.55991,9.0,-556.45547
2025-10-17 18:44:20,1670.05091,1280.93091,1269.76,15.21752,100.0,1010.51418,9.0,-557.51266
2025-10-17 18:44:21,1668.18909,1279.06909,1267.89818,15.20737,100.0,1010.52508,9.0,-556.90229
2025-10-17 18:44:22,1670.05091,1280.93091,1271.62182,15.21244,100.0,1010.4525,9.0,-557.92267
2025-10-17 18:44:22,1671.91273,1279.06909,1267.89818,15.20229,100.0,1010.49025,9.0,-555.33228
2025-10-17 18:44:23,1671.91273,1280.93091,1269.76,15.19722,100.0,1010.42857,9.0,-555.62756
2025-10-17 18:44:23,1670.05091,1280.93091,1267.89818,15.19722,100.0,1010.48227,9.0,-555.59292
2025-10-17 18:44:24,1671.91273,1282.79273,1267.89818,15.20737,100.0,1010.55194,9.0,-556.10391
2025-10-17 18:44:24,1671.91273,1282.79273,1273.48364,15.21244,100.0,1010.47935,9.0,-559.14742
2025-10-17 18:44:25,1671.91273,1280.93091,1269.76,15.20737,100.0,1010.44452,9.0,-555.88534
2025-10-17 18:44:26,1673.77455,1280.93091,1273.48364,15.20229,100.0,1010.5171,9.0,-559.35901
2025-10-17 18:44:26,1673.77455,1280.93091,1269.76,15.20737,100.0,1010.55194,9.0,-557.11206
2025-10-17 18:44:27,1675.63636,1284.65455,1273.48364,15.20229,100.0,1010.54396,9.0,-559.08216
2025-10-17 18:44:27,1673.77455,1279.06909,1271.62182,15.21244,100.0,1010.55991,9.0,-558.75984
2025-10-17 18:44:28,1673.77455,1280.93091,1271.62182,15.21752,100.0,1010.48733,9.0,-557.47581
2025-10-17 18:44:28,1673.77455,1280.93091,1271.62182,15.21244,100.0,1010.47935,9.0,-557.347
2025-10-17 18:44:29,1673.77455,1280.93091,1271.62182,15.20737,100.0,1010.49823,9.0,-557.65089
2025-10-17 18:44:30,1673.77455,1280.93091,1273.48364,15.20737,100.0,1010.49823,9.0,-559.05517
2025-10-17 18:44:30,1675.63636,1280.93091,1271.62182,15.20737,100.0,1010.49823,9.0,-557.14669
2025-10-17 18:44:31,1675.63636,1284.65455,1271.62182,15.21244,100.0,1010.53306,9.0,-557.50289
2025-10-17 18:44:31,1675.63636,1280.93091,1273.48364,15.21752,100.0,1010.51418,9.0,-558.80863
2025-10-17 18:44:32,1673.77455,1282.79273,1275.34545,15.21244,100.0,1010.53306,9.0,-560.91297
2025-10-17 18:44:33,1675.63636,1280.93091,1271.62182,15.20737,100.0,1010.44452,9.0,-556.28123
2025-10-17 18:44:33,1677.49818,1280.93091,1273.48364,15.21244,100.0,1010.5062,9.0,-558.17562
2025-10-17 18:44:34,1675.63636,1280.93091,1271.62182,15.20737,100.0,1010.44452,9.0,-556.28123
2025-10-17 18:44:34,1677.49818,1280.93091,1275.34545,15.20737,100.0,1010.47137,9.0,-559.01833
2025-10-17 18:44:35,1677.49818,1282.79273,1273.48364,15.21752,100.0,1010.51418,9.0,-558.19637
2025-10-17 18:44:35,1675.63636,1280.93091,1273.48364,15.20229,100.0,1010.43654,9.0,-557.55664
2025-10-17 18:44:36,1677.49818,1282.79273,1275.34545,15.21244,100.0,1010.5062,9.0,-559.47184
2025-10-17 18:44:37,1677.49818,1282.79273,1277.20727,15.21752,100.0,1010.51418,9.0,-561.00494
2025-10-17 18:44:37,1675.63636,1284.65455,1273.48364,15.20737,100.0,1010.52508,9.0,-558.77832
2025-10-17 18:44:38,1673.77455,1280.93091,1269.76,15.2226,100.0,1010.52216,9.0,-556.63304
2025-10-17 18:44:38,1675.63636,1280.93091,1275.34545,15.21244,100.0,1010.5062,9.0,-560.0841
2025-10-17 18:44:39,1675.63636,1279.06909,1271.62182,15.21244,100.0,1010.47935,9.0,-556.95745
2025-10-17 18:44:40,1677.49818,1282.79273,1277.20727,15.21752,100.0,1010.54104,9.0,-561.43767
2025-10-17 18:44:40,1679.36,1282.79273,1277.20727,15.21752,100.0,1010.51418,9.0,-560.50074
2025-10-17 18:44:41,1675.63636,1277.20727,1269.76,15.21752,100.0,1010.51418,9.0,-556.23177
2025-10-17 18:44:41,1679.36,1280.93091,1277.20727,15.21244,100.0,1010.55991,9.0,-561.34545
2025-10-17 18:44:42,1679.36,1282.79273,1277.20727,15.21244,100.0,1010.53306,9.0,-560.80466
2025-10-17 18:44:43,1675.63636,1279.06909,1273.48364,15.21244,100.0,1010.47935,9.0,-558.36173
2025-10-17 18:44:43,1675.63636,1280.93091,1275.34545,15.21752,100.0,1010.54104,9.0,-560.64565
2025-10-17 18:44:44,1675.63636,1279.06909,1271.62182,15.2226,100.0,1010.52216,9.0,-557.64777
2025-10-17 18:44:45,1677.49818,1279.06909,1275.34545,15.20737,100.0,1010.49823,9.0,-559.5657
2025-10-17 18:44:45,1675.63636,1280.93091,1273.48364,15.20737,100.0,1010.47137,9.0,-558.11824
2025-10-17 18:44:46,1679.36,1282.79273,1277.20727,15.21244,100.0,1010.53306,9.0,-560.80466
2025-10-17 18:44:47,1679.36,1280.93091,1275.34545,15.21752,100.0,1010.48733,9.0,-558.77178
2025-10-17 18:44:47,1675.63636,1280.93091,1273.48364,15.20737,100.0,1010.52508,9.0,-558.9837
2025-10-17 18:44:48,1677.49818,1280.93091,1275.34545,15.21244,100.0,1010.5062,9.0,-559.5799
2025-10-17 18:44:48,1675.63636,1282.79273,1277.20727,15.20737,100.0,1010.52508,9.0,-561.68421
2025-10-17 18:44:49,1679.36,1280.93091,1277.20727,15.20737,100.0,1010.52508,9.0,-560.78387
2025-10-17 18:44:49,1675.63636,1280.93091,1277.20727,15.20229,100.0,1010.5171,9.0,-561.66338
2025-10-17 18:44:50,1679.36,1280.93091,1277.20727,15.19722,100.0,1010.53598,9.0,-560.95879
2025-10-17 18:44:51,1675.63636,1279.06909,1277.20727,15.19722,100.0,1010.48227,9.0,-561.21639
2025-10-17 18:44:51,1679.36,1282.79273,1277.20727,15.19214,100.0,1010.528,9.0,-560.72177
2025-10-17 18:44:52,1679.36,1280.93091,1275.34545,15.19722,100.0,1010.53598,9.0,-559.55451
2025-10-17 18:44:53,1677.49818,1280.93091,1275.34545,15.19214,100.0,1010.50115,9.0,-559.49703
2025-10-17 18:44:54,1675.63636,1279.06909,1277.20727,15.17691,100.0,1010.47722,9.0,-561.13308
2025-10-17 18:44:54,1677.49818,1279.06909,1275.34545,15.17183,100.0,1010.52295,9.0,-559.9609
2025-10-17 18:44:55,1677.49818,1280.93091,1277.20727,15.18706,100.0,1010.52003,9.0,-561.20504
2025-10-17 18:44:55,1677.49818,1280.93091,1277.20727,15.20229,100.0,1010.57081,9.0,-562.02464
2025-10-17 18:44:56,1679.36,1286.51636,1284.65455,15.18706,100.0,1010.52003,9.0,-566.03019
2025-10-17 18:44:57,1679.36,1284.65455,1279.06909,15.18706,100.0,1010.52003,9.0,-561.89974
2025-10-17 18:44:57,1677.49818,1279.06909,1279.06909,15.17183,100.0,1010.52295,9.0,-562.76947
2025-10-17 18:44:58,1677.49818,1279.06909,1273.48364,15.18199,100.0,1010.5389,9.0,-558.81479
2025-10-17 18:44:58,1679.36,1282.79273,1280.93091,15.17183,100.0,1010.52295,9.0,-563.44685
2025-10-17 18:44:59,1679.36,1282.79273,1279.06909,15.16168,100.0,1010.48014,9.0,-561.35155
2025-10-17 18:45:00,1675.63636,1279.06909,1275.34545,15.16676,100.0,1010.51497,9.0,-560.33596
2025-10-17 18:45:00,1679.36,1280.93091,1277.20727,15.16168,100.0,1010.48014,9.0,-560.05533
2025-10-17 18:45:01,1677.49818,1282.79273,1279.06909,15.15153,100.0,1010.46418,9.0,-561.59729
2025-10-17 18:45:01,1679.36,1282.79273,1280.93091,15.16676,100.0,1010.51497,9.0,-563.31771
2025-10-17 18:45:02,1677.49818,1279.06909,1277.20727,15.16676,100.0,1010.48812,9.0,-560.80335
2025-10-17 18:45:02,1677.49818,1284.65455,1279.06909,15.16168,100.0,1010.53384,9.0,-562.62382
2025-10-17 18:45:03,1675.63636,1279.06909,1277.20727,15.15153,100.0,1010.51789,9.0,-561.78529
2025-10-17 18:45:04,1679.36,1282.79273,1280.93091,15.14645,100.0,1010.50991,9.0,-563.23346
2025-10-17 18:45:04,1681.22182,1282.79273,1280.93091,15.14645,100.0,1010.53676,9.0,-563.16195
2025-10-17 18:45:05,1679.36,1280.93091,1279.06909,15.14645,100.0,1010.50991,9.0,-561.93724
2025-10-17 18:45:05,1679.36,1279.06909,1277.20727,15.14138,100.0,1010.52878,9.0,-560.95095
2025-10-17 18:45:06,1677.49818,1280.93091,1280.93091,15.15153,100.0,1010.49104,9.0,-563.54232
2025-10-17 18:45:06,1677.49818,1282.79273,1280.93091,15.14645,100.0,1010.56361,9.0,-564.60303
2025-10-17 18:45:07,1677.49818,1279.06909,1279.06909,15.14138,100.0,1010.55564,9.0,-563.29212
2025-10-17 18:45:08,1675.63636,1280.93091,1279.06909,15.15153,100.0,1010.49104,9.0,-562.64224
2025-10-17 18:45:08,1677.49818,1279.06909,1277.20727,15.15153,100.0,1010.54474,9.0,-561.71378
2025-10-17 18:45:09,1679.36,1284.65455,1282.79273,15.14645,100.0,1010.50991,9.0,-564.54043
2025-10-17 18:45:09,1677.49818,1282.79273,1280.93091,15.14138,100.0,1010.52878,9.0,-564.04101
2025-10-17 18:45:10,1677.49818,1280.93091,1279.06909,15.15153,100.0,1010.49104,9.0,-562.13804
2025-10-17 18:45:11,1679.36,1279.06909,1279.06909,15.14645,100.0,1010.50991,9.0,-562.05188
2025-10-17 18:45:11,1679.36,1282.79273,1282.79273,15.15153,100.0,1010.49104,9.0,-564.33435
2025-10-17 18:45:12,1677.49818,1284.65455,1280.93091,15.15153,100.0,1010.54474,9.0,-564.20233
2025-10-17 18:45:12,1677.49818,1280.93091,1279.06909,15.14138,100.0,1010.52878,9.0,-562.74479
2025-10-17 18:45:13,1679.36,1280.93091,1282.79273,15.14138,100.0,1010.52878,9.0,-565.04916
2025-10-17 18:45:13,1679.36,1275.34545,1279.06909,15.16168,100.0,1010.53384,9.0,-562.67203
2025-10-17 18:45:14,1677.49818,1273.48364,1284.65455,15.15661,100.0,1010.52587,9.0,-567.36927
2025-10-17 18:45:15,1677.49818,1266.03636,1279.06909,15.15153,100.0,1010.46418,9.0,-562.45696
2025-10-17 18:45:15,1681.22182,1267.89818,1282.79273,15.15153,100.0,1010.46418,9.0,-564.21303
2025-10-17 18:45:16,1679.36,1267.89818,1282.79273,15.15661,100.0,1010.52587,9.0,-565.71187
2025-10-17 18:45:17,1681.22182,1269.76,1282.79273,15.15661,100.0,1010.47216,9.0,-564.27561
2025-10-17 18:45:17,1681.22182,1266.03636,1282.79273,15.17183,100.0,1010.46924,9.0,-564.3412
2025-10-17 18:45:18,1679.36,1266.03636,1280.93091,15.16676,100.0,1010.54182,9.0,-564.61008
2025-10-17 18:45:18,1677.49818,1266.03636,1280.93091,15.17183,100.0,1010.5498,9.0,-565.24343
2025-10-17 18:45:19,1681.22182,1267.89818,1280.93091,15.16168,100.0,1010.45329,9.0,-562.63451
2025-10-17 18:45:19,1681.22182,1269.76,1284.65455,15.16676,100.0,1010.51497,9.0,-566.37098
2025-10-17 18:45:20,1679.36,1267.89818,1279.06909,15.15153,100.0,1010.51789,9.0,-562.77404
2025-10-17 18:45:21,1677.49818,1269.76,1282.79273,15.15153,100.0,1010.51789,9.0,-566.02014
2025-10-17 18:45:21,1677.49818,1269.76,1280.93091,15.15661,100.0,1010.47216,9.0,-563.87972
2025-10-17 18:45:22,1677.49818,1275.34545,1288.37818,15.15661,100.0,1010.52587,9.0,-570.06843
2025-10-17 18:45:23,1677.49818,1273.48364,1279.06909,15.15661,100.0,1010.52587,9.0,-563.15641
2025-10-17 18:45:23,1679.36,1271.62182,1280.93091,15.14138,100.0,1010.55564,9.0,-564.63331
2025-10-17 18:45:24,1677.49818,1269.76,1280.93091,15.14138,100.0,1010.50193,9.0,-564.35723
2025-10-17 18:45:24,1679.36,1273.48364,1282.79273,15.14138,100.0,1010.52878,9.0,-565.50559
2025-10-17 18:45:25,1681.22182,1271.62182,1282.79273,15.14645,100.0,1010.50991,9.0,-564.79736
2025-10-17 18:45:26,1679.36,1275.34545,1282.79273,15.14645,100.0,1010.56361,9.0,-565.95821
2025-10-17 18:45:26,1679.36,1275.34545,1282.79273,15.1363,100.0,1010.4671,9.0,-564.40146
2025-10-17 18:45:27,1679.36,1275.34545,1282.79273,15.14138,100.0,1010.50193,9.0,-564.9635
2025-10-17 18:45:27,1679.36,1277.20727,1282.79273,15.14138,100.0,1010.50193,9.0,-564.84819
2025-10-17 18:45:28,1679.36,1277.20727,1286.51636,15.13122,100.0,1010.56653,9.0,-568.69601
2025-10-17 18:45:29,1677.49818,1275.34545,1284.65455,15.13122,100.0,1010.48598,9.0,-566.61321
2025-10-17 18:45:29,1681.22182,1275.34545,1280.93091,15.1363,100.0,1010.4671,9.0,-562.49297
2025-10-17 18:45:30,1679.36,1280.93091,1288.37818,15.12107,100.0,1010.41632,9.0,-567.4463
2025-10-17 18:45:31,1679.36,1277.20727,1282.79273,15.13122,100.0,1010.48598,9.0,-564.58941
2025-10-17 18:45:31,1675.63636,1273.48364,1279.06909,15.12615,100.0,1010.50485,9.0,-563.31719
2025-10-17 18:45:32,1677.49818,1275.34545,1280.93091,15.12615,100.0,1010.55855,9.0,-564.97322
2025-10-17 18:45:32,1679.36,1279.06909,1284.65455,15.12107,100.0,1010.44317,9.0,-565.18504
2025-10-17 18:45:33,1679.36,1279.06909,1282.79273,15.11092,100.0,1010.50777,9.0,-564.81967
2025-10-17 18:45:33,1679.36,1279.06909,1282.79273,15.11092,100.0,1010.50777,9.0,-564.81967
2025-10-17 18:45:34,1677.49818,1277.20727,1282.79273,15.11599,100.0,1010.51574,9.0,-565.5705
2025-10-17 18:45:35,1681.22182,1282.79273,1284.65455,15.11092,100.0,1010.53462,9.0,-565.92971
2025-10-17 18:45:35,1679.36,1280.93091,1286.51636,15.11599,100.0,1010.48889,9.0,-567.21049
2025-10-17 18:45:36,1677.49818,1279.06909,1282.79273,15.10584,100.0,1010.49979,9.0,-565.19427
2025-10-17 18:45:36,1677.49818,1279.06909,1280.93091,15.11599,100.0,1010.46204,9.0,-563.18382
2025-10-17 18:45:37,1681.22182,1282.79273,1284.65455,15.11599,100.0,1010.5426,9.0,-566.05928
2025-10-17 18:45:37,1679.36,1280.93091,1286.51636,15.11092,100.0,1010.50777,9.0,-567.51359
2025-10-17 18:45:38,1679.36,1277.20727,1280.93091,15.11092,100.0,1010.56147,9.0,-564.39778
2025-10-17 18:45:39,1677.49818,1280.93091,1284.65455,15.11092,100.0,1010.56147,9.0,-567.47883
2025-10-17 18:45:39,1679.36,1280.93091,1282.79273,15.11092,100.0,1010.53462,9.0,-565.13769
2025-10-17 18:45:40,1677.49818,1280.93091,1282.79273,15.10584,100.0,1010.47294,9.0,-564.64696
2025-10-17 18:45:40,1679.36,1282.79273,1284.65455,15.10584,100.0,1010.52664,9.0,-566.3043
2025-10-17 18:45:41,1679.36,1284.65455,1288.37818,15.10077,100.0,1010.54551,9.0,-569.31856
2025-10-17 18:45:42,1681.22182,1284.65455,1286.51636,15.11092,100.0,1010.50777,9.0,-566.80402
2025-10-17 18:45:42,1679.36,1280.93091,1284.65455,15.10584,100.0,1010.55349,9.0,-566.84502
2025-10-17 18:45:43,1679.36,1282.79273,1286.51636,15.11599,100.0,1010.51574,9.0,-567.5351
2025-10-17 18:45:43,1681.22182,1280.93091,1284.65455,15.10077,100.0,1010.51866,9.0,-565.77852
2025-10-17 18:45:44,1681.22182,1282.79273,1286.51636,15.10077,100.0,1010.49181,9.0,-566.64209
2025-10-17 18:45:45,1681.22182,1284.65455,1288.37818,15.08554,100.0,1010.52157,9.0,-568.42518
2025-10-17 18:45:45,1679.36,1280.93091,1282.79273,15.10077,100.0,1010.51866,9.0,-564.87843
2025-10-17 18:45:46,1679.36,1282.79273,1290.24,15.11092,100.0,1010.53462,9.0,-570.64676
2025-10-17 18:45:46,1677.49818,1280.93091,1286.51636,15.09569,100.0,1010.53753,9.0,-568.49417
2025-10-17 18:45:47,1679.36,1284.65455,1290.24,15.09061,100.0,1010.47586,9.0,-569.59813
2025-10-17 18:45:48,1681.22182,1280.93091,1288.37818,15.08554,100.0,1010.54842,9.0,-569.0632
2025-10-17 18:45:48,1679.36,1282.79273,1286.51636,15.09061,100.0,1010.5564,9.0,-568.18482
2025-10-17 18:45:49,1681.22182,1282.79273,1288.37818,15.09569,100.0,1010.48383,9.0,-567.91669
2025-10-17 18:45:49,1677.49818,1277.20727,1282.79273,15.09569,100.0,1010.45698,9.0,-564.61935
2025-10-17 18:45:50,1677.49818,1280.93091,1286.51636,15.08554,100.0,1010.52157,9.0,-568.23467
2025-10-17 18:45:51,1679.36,1280.93091,1284.65455,15.08046,100.0,1010.56729,9.0,-567.06166
2025-10-17 18:45:51,1681.22182,1282.79273,1288.37818,15.09061,100.0,1010.52955,9.0,-568.65226
2025-10-17 18:45:52,1677.49818,1279.06909,1284.65455,15.09061,100.0,1010.58325,9.0,-567.9401
2025-10-17 18:45:52,1677.49818,1279.06909,1284.65455,15.08554,100.0,1010.54842,9.0,-567.37768
2025-10-17 18:45:53,1681.22182,1284.65455,1286.51636,15.06523,100.0,1010.51651,9.0,-566.93405
2025-10-17 18:45:54,1681.22182,1286.51636,1292.10182,15.04493,100.0,1010.4846,9.0,-570.54437
2025-10-17 18:45:54,1679.36,1280.93091,1286.51636,15.07031,100.0,1010.52449,9.0,-567.77356
2025-10-17 18:45:55,1677.49818,1280.93091,1290.24,15.06523,100.0,1010.51651,9.0,-570.95639
2025-10-17 18:45:55,1677.49818,1279.06909,1284.65455,15.05508,100.0,1010.47371,9.0,-566.16558
2025-10-17 18:45:56,1681.22182,1284.65455,1290.24,15.05,100.0,1010.41203,9.0,-568.05472
2025-10-17 18:45:56,1675.63636,1280.93091,1284.65455,15.05,100.0,1010.49257,9.0,-566.8577
2025-10-17 18:45:57,1679.36,1282.79273,1286.51636,15.03985,100.0,1010.58401,9.0,-568.61574
2025-10-17 18:45:58,1679.36,1280.93091,1284.65455,15.04493,100.0,1010.51144,9.0,-566.15182
2025-10-17 18:45:58,1681.22182,1280.93091,1286.51636,15.03985,100.0,1010.53031,9.0,-567.35438
2025-10-17 18:45:59,1679.36,1284.65455,1288.37818,15.03477,100.0,1010.49549,9.0,-568.49469
2025-10-17 18:45:59,1677.49818,1282.79273,1288.37818,15.03477,100.0,1010.49549,9.0,-569.0962
2025-10-17 18:46:00,1681.22182,1286.51636,1288.37818,15.0297,100.0,1010.5412,9.0,-568.64308
2025-10-17 18:46:01,1681.22182,1286.51636,1286.51636,15.02462,100.0,1010.53322,9.0,-567.10852
2025-10-17 18:46:01,1679.36,1286.51636,1288.37818,15.02462,100.0,1010.50638,9.0,-568.5844
2025-10-17 18:46:02,1679.36,1286.51636,1290.24,15.01447,100.0,1010.51726,9.0,-570.16061
2025-10-17 18:46:02,1679.36,1284.65455,1286.51636,15.00432,100.0,1010.52815,9.0,-567.60619
2025-10-17 18:46:03,1679.36,1286.51636,1288.37818,15.00939,100.0,1010.48244,9.0,-568.19334
2025-10-17 18:46:04,1679.36,1284.65455,1288.37818,15.01447,100.0,1010.57096,9.0,-569.70392
2025-10-17 18:46:04,1681.22182,1286.51636,1292.10182,15.01447,100.0,1010.54411,9.0,-571.4933
2025-10-17 18:46:05,1679.36,1282.79273,1286.51636,15.00939,100.0,1010.45559,9.0,-566.53618
2025-10-17 18:46:06,1679.36,1286.51636,1290.24,14.99924,100.0,1010.49333,9.0,-569.76928
2025-10-17 18:46:07,1683.08364,1286.51636,1290.24,14.99924,100.0,1010.60071,9.0,-570.49123
2025-10-17 18:46:07,1683.08364,1284.65455,1288.37818,15.00432,100.0,1010.58184,9.0,-568.86726
2025-10-17 18:46:08,1675.63636,1286.51636,1290.24,14.99416,100.0,1010.51219,9.0,-571.07973
2025-10-17 18:46:08,1681.22182,1282.79273,1288.37818,14.99924,100.0,1010.49333,9.0,-568.04052
2025-10-17 18:46:09,1681.22182,1284.65455,1288.37818,15.00432,100.0,1010.58184,9.0,-569.37146
2025-10-17 18:46:09,1681.22182,1286.51636,1292.10182,14.97893,100.0,1010.46141,9.0,-570.14699
2025-10-17 18:46:10,1679.36,1288.37818,1292.10182,14.99416,100.0,1010.56588,9.0,-572.27746
2025-10-17 18:46:11,1679.36,1282.79273,1288.37818,14.98909,100.0,1010.55791,9.0,-569.58135
2025-10-17 18:46:11,1681.22182,1284.65455,1288.37818,14.99924,100.0,1010.52017,9.0,-568.37579
2025-10-17 18:46:12,1681.22182,1286.51636,1290.24,14.98909,100.0,1010.47737,9.0,-569.00398
2025-10-17 18:46:12,1681.22182,1284.65455,1288.37818,14.98909,100.0,1010.50422,9.0,-568.11468
2025-10-17 18:46:13,1681.22182,1282.79273,1292.10182,14.99416,100.0,1010.53904,9.0,-571.58372
2025-10-17 18:46:13,1683.08364,1284.65455,1292.10182,15.00432,100.0,1010.52815,9.0,-570.81065
2025-10-17 18:46:14,1679.36,1284.65455,1292.10182,15.00939,100.0,1010.50929,9.0,-571.5169
2025-10-17 18:46:15,1679.36,1282.79273,1290.24,15.00939,100.0,1010.50929,9.0,-570.20993
2025-10-17 18:46:15,1681.22182,1280.93091,1288.37818,15.01447,100.0,1010.46357,9.0,-567.67472
2025-10-17 18:46:16,1677.49818,1280.93091,1288.37818,15.00939,100.0,1010.50929,9.0,-569.41791
2025-10-17 18:46:16,1677.49818,1282.79273,1288.37818,14.99924,100.0,1010.49333,9.0,-569.04892
2025-10-17 18:46:17,1681.22182,1284.65455,1292.10182,14.99924,100.0,1010.46648,9.0,-570.31919
2025-10-17 18:46:17,1679.36,1280.93091,1288.37818,14.99924,100.0,1010.57386,9.0,-569.95054
2025-10-17 18:46:18,1681.22182,1284.65455,1290.24,15.00432,100.0,1010.555,9.0,-570.34315
2025-10-17 18:46:19,1679.36,1282.79273,1292.10182,14.99924,100.0,1010.49333,9.0,-571.35329
2025-10-17 18:46:19,1683.08364,1286.51636,1292.10182,15.01447,100.0,1010.51726,9.0,-570.5565
2025-10-17 18:46:20,1681.22182,1282.79273,1290.24,15.01954,100.0,1010.52524,9.0,-569.96649
2025-10-17 18:46:21,1681.22182,1280.93091,1292.10182,15.01954,100.0,1010.47155,9.0,-570.61364
2025-10-17 18:46:21,1679.36,1280.93091,1288.37818,15.0297,100.0,1010.56805,9.0,-569.86766
2025-10-17 18:46:22,1679.36,1282.79273,1288.37818,15.0297,100.0,1010.5412,9.0,-569.32699
2025-10-17 18:46:22,1681.22182,1286.51636,1292.10182,15.03477,100.0,1010.49549,9.0,-570.71666
2025-10-17 18:46:23,1677.49818,1282.79273,1288.37818,15.03477,100.0,1010.60287,9.0,-570.82664
2025-10-17 18:46:24,1677.49818,1282.79273,1290.24,15.03477,100.0,1010.52233,9.0,-570.9331
2025-10-17 18:46:24,1681.22182,1284.65455,1290.24,15.03477,100.0,1010.54918,9.0,-570.26
2025-10-17 18:46:25,1681.22182,1286.51636,1293.96364,15.03477,100.0,1010.52233,9.0,-572.55355
2025-10-17 18:46:25,1677.49818,1282.79273,1292.10182,15.03477,100.0,1010.52233,9.0,-572.33738
2025-10-17 18:46:26,1681.22182,1284.65455,1293.96364,15.03985,100.0,1010.53031,9.0,-572.76614
2025-10-17 18:46:26,1675.63636,1282.79273,1290.24,15.04493,100.0,1010.45775,9.0,-570.39978
2025-10-17 18:46:27,1679.36,1284.65455,1292.10182,15.03985,100.0,1010.50347,9.0,-571.43344
2025-10-17 18:46:28,1681.22182,1284.65455,1290.24,15.05,100.0,1010.54627,9.0,-570.21782
2025-10-17 18:46:28,1679.36,1282.79273,1290.24,15.06016,100.0,1010.50853,9.0,-570.21416
2025-10-17 18:46:29,1675.63636,1284.65455,1292.10182,15.05508,100.0,1010.55425,9.0,-573.26476
2025-10-17 18:46:29,1679.36,1282.79273,1290.24,15.05,100.0,1010.51942,9.0,-570.38671
2025-10-17 18:46:30,1679.36,1282.79273,1292.10182,15.05,100.0,1010.51942,9.0,-571.791
2025-10-17 18:46:30,1675.63636,1280.93091,1290.24,15.06523,100.0,1010.57021,9.0,-572.32586
2025-10-17 18:46:31,1679.36,1282.79273,1293.96364,15.07538,100.0,1010.53247,9.0,-573.41253
2025-10-17 18:46:32,1679.36,1282.79273,1292.10182,15.06523,100.0,1010.51651,9.0,-571.74842
2025-10-17 18:46:32,1679.36,1286.51636,1295.82545,15.06523,100.0,1010.54336,9.0,-574.8099
2025-10-17 18:46:33,1675.63636,1282.79273,1295.82545,15.06016,100.0,1010.58908,9.0,-576.73329
2025-10-17 18:46:33,1675.63636,1282.79273,1290.24,15.06016,100.0,1010.58908,9.0,-572.52044
2025-10-17 18:46:34,1675.63636,1282.79273,1290.24,15.06523,100.0,1010.51651,9.0,-571.35253
2025-10-17 18:46:35,1677.49818,1280.93091,1292.10182,15.03985,100.0,1010.53031,9.0,-572.57563
2025-10-17 18:46:35,1677.49818,1286.51636,1292.10182,15.03985,100.0,1010.61085,9.0,-573.58569
2025-10-17 18:46:36,1679.36,1282.79273,1292.10182,15.04493,100.0,1010.51144,9.0,-571.6609
2025-10-17 18:46:36,1677.49818,1282.79273,1292.10182,15.05,100.0,1010.59996,9.0,-573.59306
2025-10-17 18:46:37,1677.49818,1288.37818,1290.24,15.04493,100.0,1010.56514,9.0,-571.383
2025-10-17 18:46:38,1679.36,1284.65455,1293.96364,15.0297,100.0,1010.46066,9.0,-572.14471
2025-10-17 18:46:38,1677.49818,1288.37818,1297.68727,15.03985,100.0,1010.58401,9.0,-577.30261
2025-10-17 18:46:39,1677.49818,1284.65455,1292.10182,15.03985,100.0,1010.53031,9.0,-572.37025
2025-10-17 18:46:39,1675.63636,1282.79273,1293.96364,15.05,100.0,1010.51942,9.0,-574.20368
2025-10-17 18:46:40,1677.49818,1280.93091,1292.10182,15.05,100.0,1010.49257,9.0,-571.97064
2025-10-17 18:46:41,1677.49818,1284.65455,1295.82545,15.04493,100.0,1010.51144,9.0,-574.87635
2025-10-17 18:46:41,1679.36,1286.51636,1295.82545,15.05,100.0,1010.54627,9.0,-574.85247
2025-10-17 18:46:42,1677.49818,1282.79273,1295.82545,15.03985,100.0,1010.55716,9.0,-575.70875
2025-10-17 18:46:42,1675.63636,1286.51636,1295.82545,15.03985,100.0,1010.50347,9.0,-575.168
2025-10-17 18:46:43,1679.36,1286.51636,1293.96364,15.03985,100.0,1010.58401,9.0,-574.05316
2025-10-17 18:46:44,1675.63636,1286.51636,1295.82545,15.03477,100.0,1010.49549,9.0,-575.03782
2025-10-17 18:46:44,1679.36,1286.51636,1297.68727,15.03477,100.0,1010.60287,9.0,-577.16415
2025-10-17 18:46:45,1679.36,1288.37818,1299.54909,15.0297,100.0,1010.56805,9.0,-577.94227
2025-10-17 18:46:45,1679.36,1288.37818,1297.68727,15.03985,100.0,1010.55716,9.0,-576.3658
2025-10-17 18:46:46,1683.08364,1284.65455,1295.82545,15.02462,100.0,1010.53322,9.0,-573.70815
2025-10-17 18:46:47,1677.49818,1286.51636,1293.96364,15.0297,100.0,1010.51435,9.0,-573.43172
2025-10-17 18:46:47,1675.63636,1282.79273,1292.10182,15.02462,100.0,1010.56007,9.0,-573.44629
2025-10-17 18:46:48,1679.36,1284.65455,1297.68727,15.01954,100.0,1010.60578,9.0,-577.28831
2025-10-17 18:46:48,1675.63636,1286.51636,1295.82545,15.00939,100.0,1010.53613,9.0,-575.68406
2025-10-17 18:46:49,1677.49818,1284.65455,1293.96364,15.01447,100.0,1010.49042,9.0,-573.12319
2025-10-17 18:46:50,1675.63636,1282.79273,1292.10182,15.01447,100.0,1010.54411,9.0,-573.18561
2025-10-17 18:46:50,1675.63636,1282.79273,1292.10182,15.00432,100.0,1010.52815,9.0,-572.92476
2025-10-17 18:46:51,1671.91273,1288.37818,1297.68727,15.00939,100.0,1010.61667,9.0,-579.33119
2025-10-17 18:46:52,1677.49818,1286.51636,1295.82545,14.99924,100.0,1010.57386,9.0,-575.78409
2025-10-17 18:46:52,1677.49818,1286.51636,1295.82545,14.99924,100.0,1010.57386,9.0,-575.78409
2025-10-17 18:46:53,1675.63636,1286.51636,1295.82545,15.00432,100.0,1010.58184,9.0,-576.41879
2025-10-17 18:46:53,1677.49818,1286.51636,1297.68727,14.99416,100.0,1010.56588,9.0,-577.05784
2025-10-17 18:46:54,1677.49818,1286.51636,1297.68727,14.99416,100.0,1010.61957,9.0,-577.923
2025-10-17 18:46:54,1677.49818,1288.37818,1295.82545,14.98401,100.0,1010.54993,9.0,-575.32902
2025-10-17 18:46:55,1677.49818,1284.65455,1295.82545,14.99416,100.0,1010.53904,9.0,-575.30337
2025-10-17 18:46:56,1677.49818,1286.51636,1297.68727,14.99416,100.0,1010.51219,9.0,-576.19267
2025-10-17 18:46:56,1673.77455,1284.65455,1293.96364,14.97386,100.0,1010.53397,9.0,-574.81747
2025-10-17 18:46:57,1673.77455,1288.37818,1297.68727,14.97386,100.0,1010.50712,9.0,-577.04775
2025-10-17 18:46:57,1677.49818,1288.37818,1295.82545,14.97386,100.0,1010.58766,9.0,-575.93277
2025-10-17 18:46:58,1679.36,1286.51636,1297.68727,14.95863,100.0,1010.59056,9.0,-576.9363
2025-10-17 18:46:59,1675.63636,1286.51636,1295.82545,14.96371,100.0,1010.59854,9.0,-576.67128
2025-10-17 18:46:59,1679.36,1288.37818,1297.68727,14.97893,100.0,1010.56879,9.0,-576.53101
2025-10-17 18:47:00,1679.36,1286.51636,1293.96364,14.96371,100.0,1010.59854,9.0,-574.25859
2025-10-17 18:47:00,1677.49818,1286.51636,1297.68727,14.96371,100.0,1010.59854,9.0,-577.57136
2025-10-17 18:47:01,1677.49818,1286.51636,1297.68727,14.95355,100.0,1010.55574,9.0,-576.87704
2025-10-17 18:47:02,1677.49818,1284.65455,1295.82545,14.9434,100.0,1010.59346,9.0,-576.15832
2025-10-17 18:47:02,1679.36,1286.51636,1295.82545,14.95355,100.0,1010.58258,9.0,-575.40112
2025-10-17 18:47:03,1677.49818,1282.79273,1295.82545,14.94848,100.0,1010.5746,9.0,-575.95408
2025-10-17 18:47:03,1675.63636,1286.51636,1293.96364,14.93832,100.0,1010.5318,9.0,-574.1797
2025-10-17 18:47:04,1677.49818,1288.37818,1297.68727,14.93832,100.0,1010.58548,9.0,-577.28584
2025-10-17 18:47:05,1677.49818,1288.37818,1297.68727,14.93325,100.0,1010.55066,9.0,-576.72221
2025-10-17 18:47:05,1675.63636,1284.65455,1295.82545,14.92817,100.0,1010.54268,9.0,-575.83672
2025-10-17 18:47:06,1679.36,1282.79273,1293.96364,14.93832,100.0,1010.5318,9.0,-573.35102
2025-10-17 18:47:06,1677.49818,1284.65455,1297.68727,14.93325,100.0,1010.55066,9.0,-576.86793
2025-10-17 18:47:07,1677.49818,1288.37818,1297.68727,14.93832,100.0,1010.55864,9.0,-576.85329
2025-10-17 18:47:07,1677.49818,1286.51636,1297.68727,14.91802,100.0,1010.55356,9.0,-576.82453
2025-10-17 18:47:08,1675.63636,1286.51636,1292.10182,14.91294,100.0,1010.51874,9.0,-572.55208
2025-10-17 18:47:09,1677.49818,1284.65455,1295.82545,14.91802,100.0,1010.55356,9.0,-575.50265
2025-10-17 18:47:09,1677.49818,1286.51636,1295.82545,14.91802,100.0,1010.55356,9.0,-575.42025
2025-10-17 18:47:10,1679.36,1290.24,1301.41091,14.91294,100.0,1010.54558,9.0,-578.89422
2025-10-17 18:47:10,1675.63636,1286.51636,1295.82545,14.90787,100.0,1010.5376,9.0,-575.66185
2025-10-17 18:47:11,1677.49818,1286.51636,1299.54909,14.90787,100.0,1010.56444,9.0,-578.39874
2025-10-17 18:47:12,1677.49818,1284.65455,1293.96364,14.90279,100.0,1010.61015,9.0,-575.00196
2025-10-17 18:47:12,1677.49818,1288.37818,1305.13455,14.89771,100.0,1010.52164,9.0,-581.85297
2025-10-17 18:47:13,1677.49818,1288.37818,1295.82545,14.90279,100.0,1010.55646,9.0,-575.39548
2025-10-17 18:47:13,1677.49818,1286.51636,1295.82545,14.89771,100.0,1010.57533,9.0,-575.7599
2025-10-17 18:47:14,1679.36,1284.65455,1295.82545,14.89771,100.0,1010.57533,9.0,-575.33811
2025-10-17 18:47:14,1679.36,1288.37818,1299.54909,14.90279,100.0,1010.52962,9.0,-577.26733
2025-10-17 18:47:15,1675.63636,1286.51636,1297.68727,14.89264,100.0,1010.56735,9.0,-577.53692
2025-10-17 18:47:16,1675.63636,1284.65455,1295.82545,14.88756,100.0,1010.53252,9.0,-575.65101
2025-10-17 18:47:17,1677.49818,1286.51636,1297.68727,14.88756,100.0,1010.58621,9.0,-577.33371
2025-10-17 18:47:18,1679.36,1290.24,1299.54909,14.88756,100.0,1010.53252,9.0,-577.26538
2025-10-17 18:47:18,1677.49818,1284.65455,1295.82545,14.88756,100.0,1010.55937,9.0,-575.57932
2025-10-17 18:47:19,1677.49818,1288.37818,1297.68727,14.89264,100.0,1010.56735,9.0,-576.9694
2025-10-17 18:47:19,1677.49818,1284.65455,1297.68727,14.89264,100.0,1010.56735,9.0,-577.11512
2025-10-17 18:47:20,1677.49818,1288.37818,1299.54909,14.88248,100.0,1010.55138,9.0,-578.1106
2025-10-17 18:47:20,1677.49818,1288.37818,1299.54909,14.88756,100.0,1010.63989,9.0,-579.5397
2025-10-17 18:47:21,1677.49818,1284.65455,1297.68727,14.89264,100.0,1010.64787,9.0,-578.41266
2025-10-17 18:47:22,1673.77455,1284.65455,1297.68727,14.88756,100.0,1010.58621,9.0,-578.42451
2025-10-17 18:47:22,1677.49818,1284.65455,1297.68727,14.89264,100.0,1010.56735,9.0,-577.11512
2025-10-17 18:47:23,1675.63636,1282.79273,1301.41091,14.87741,100.0,1010.57024,9.0,-580.56302
2025-10-17 18:47:23,1677.49818,1284.65455,1297.68727,14.88756,100.0,1010.63989,9.0,-578.28114
2025-10-17 18:47:24,1677.49818,1284.65455,1301.41091,14.87233,100.0,1010.53542,9.0,-579.39734
2025-10-17 18:47:25,1679.36,1284.65455,1297.68727,14.86726,100.0,1010.58112,9.0,-576.81786
2025-10-17 18:47:25,1675.63636,1288.37818,1299.54909,14.86726,100.0,1010.52744,9.0,-578.21982
2025-10-17 18:47:26,1675.63636,1288.37818,1293.96364,14.87741,100.0,1010.51656,9.0,-573.83783
2025-10-17 18:47:26,1677.49818,1284.65455,1295.82545,14.86218,100.0,1010.59998,9.0,-576.2185
2025-10-17 18:47:27,1675.63636,1284.65455,1295.82545,14.86218,100.0,1010.5463,9.0,-575.85772
2025-10-17 18:47:27,1677.49818,1286.51636,1295.82545,14.86218,100.0,1010.5463,9.0,-575.27111
2025-10-17 18:47:28,1675.63636,1288.37818,1299.54909,14.8571,100.0,1010.56516,9.0,-578.82124
2025-10-17 18:47:28,1679.36,1286.51636,1299.54909,14.85203,100.0,1010.58402,9.0,-578.17679
2025-10-17 18:47:29,1681.22182,1290.24,1301.41091,14.85203,100.0,1010.58402,9.0,-578.97347
2025-10-17 18:47:30,1681.22182,1288.37818,1301.41091,14.85203,100.0,1010.55718,9.0,-578.58107
2025-10-17 18:47:30,1677.49818,1290.24,1299.54909,14.86218,100.0,1010.57314,9.0,-578.40877
2025-10-17 18:47:31,1679.36,1288.37818,1299.54909,14.86218,100.0,1010.57314,9.0,-577.94465
2025-10-17 18:47:32,1681.22182,1290.24,1301.41091,14.87741,100.0,1010.62393,9.0,-579.63231
2025-10-17 18:47:32,1681.22182,1288.37818,1301.41091,14.86726,100.0,1010.58112,9.0,-578.9765
2025-10-17 18:47:33,1681.22182,1292.10182,1305.13455,14.87233,100.0,1010.56226,9.0,-581.43063
2025-10-17 18:47:33,1681.22182,1292.10182,1297.68727,14.87233,100.0,1010.56226,9.0,-575.81349
2025-10-17 18:47:34,1679.36,1288.37818,1301.41091,14.87741,100.0,1010.62393,9.0,-580.17659
2025-10-17 18:47:34,1681.22182,1292.10182,1301.41091,14.86726,100.0,1010.55428,9.0,-578.49035
2025-10-17 18:47:35,1683.08364,1292.10182,1303.27273,14.87233,100.0,1010.61594,9.0,-580.38714
2025-10-17 18:47:36,1683.08364,1292.10182,1305.13455,14.86218,100.0,1010.57314,9.0,-581.09545
2025-10-17 18:47:36,1683.08364,1288.37818,1297.68727,14.87741,100.0,1010.59708,9.0,-575.92712
2025-10-17 18:47:37,1679.36,1288.37818,1301.41091,14.86726,100.0,1010.58112,9.0,-579.4807
2025-10-17 18:47:38,1681.22182,1288.37818,1299.54909,14.8571,100.0,1010.56516,9.0,-577.30864
2025-10-17 18:47:38,1683.08364,1292.10182,1305.13455,14.86726,100.0,1010.60796,9.0,-581.65971
2025-10-17 18:47:39,1683.08364,1292.10182,1303.27273,14.8571,100.0,1010.592,9.0,-579.99184
2025-10-17 18:47:39,1683.08364,1290.24,1301.41091,14.86726,100.0,1010.60796,9.0,-578.86472
2025-10-17 18:47:40,1683.08364,1288.37818,1299.54909,14.8571,100.0,1010.592,9.0,-577.23693
2025-10-17 18:47:41,1679.36,1286.51636,1299.54909,14.85203,100.0,1010.58402,9.0,-578.17679
2025-10-17 18:47:41,1684.94545,1290.24,1303.27273,14.8571,100.0,1010.53832,9.0,-578.63625
2025-10-17 18:47:42,1683.08364,1290.24,1301.41091,14.86218,100.0,1010.62682,9.0,-579.16545
2025-10-17 18:47:42,1684.94545,1288.37818,1301.41091,14.8571,100.0,1010.61884,9.0,-578.56951
2025-10-17 18:47:43,1681.22182,1286.51636,1297.68727,14.84695,100.0,1010.60288,9.0,-576.56888
2025-10-17 18:47:44,1683.08364,1286.51636,1299.54909,14.8571,100.0,1010.56516,9.0,-576.86777
2025-10-17 18:47:44,1684.94545,1290.24,1305.13455,14.84187,100.0,1010.5949,9.0,-580.94225
2025-10-17 18:47:45,1686.80727,1288.37818,1303.27273,14.8571,100.0,1010.56516,9.0,-578.60462
2025-10-17 18:47:45,1683.08364,1286.51636,1299.54909,14.8368,100.0,1010.56008,9.0,-576.77251
2025-10-17 18:47:46,1681.22182,1284.65455,1297.68727,14.8571,100.0,1010.61884,9.0,-576.91506
2025-10-17 18:47:47,1684.94545,1290.24,1303.27273,14.84695,100.0,1010.57604,9.0,-579.23745
2025-10-17 18:47:47,1684.94545,1286.51636,1301.41091,14.84695,100.0,1010.5492,9.0,-577.50409
2025-10-17 18:47:48,1686.80727,1290.24,1303.27273,14.84695,100.0,1010.5492,9.0,-578.30077
2025-10-17 18:47:48,1686.80727,1290.24,1303.27273,14.8368,100.0,1010.5064,9.0,-577.60433
2025-10-17 18:47:49,1686.80727,1292.10182,1303.27273,14.84187,100.0,1010.56806,9.0,-578.58771
2025-10-17 18:47:50,1684.94545,1286.51636,1297.68727,14.85203,100.0,1010.61086,9.0,-575.6924
2025-10-17 18:47:50,1684.94545,1288.37818,1301.41091,14.86218,100.0,1010.59998,9.0,-578.26884
2025-10-17 18:47:51,1686.80727,1288.37818,1301.41091,14.86218,100.0,1010.59998,9.0,-577.76464
2025-10-17 18:47:51,1688.66909,1290.24,1303.27273,14.82664,100.0,1010.54412,9.0,-577.7009
2025-10-17 18:47:52,1688.66909,1290.24,1301.41091,14.84695,100.0,1010.52236,9.0,-575.9598
2025-10-17 18:47:53,1688.66909,1290.24,1303.27273,14.84695,100.0,1010.5492,9.0,-577.79657
2025-10-17 18:47:53,1686.80727,1288.37818,1301.41091,14.8571,100.0,1010.56516,9.0,-577.20033
2025-10-17 18:47:54,1684.94545,1288.37818,1303.27273,14.85203,100.0,1010.58402,9.0,-579.40944
2025-10-17 18:47:54,1690.53091,1293.96364,1306.99636,14.8571,100.0,1010.64568,9.0,-581.65869
2025-10-17 18:47:55,1684.94545,1292.10182,1305.13455,14.8571,100.0,1010.56516,9.0,-580.45944
2025-10-17 18:47:56,1688.66909,1290.24,1305.13455,14.85203,100.0,1010.58402,9.0,-579.76525
2025-10-17 18:47:56,1686.80727,1288.37818,1301.41091,14.8571,100.0,1010.56516,9.0,-577.20033
2025-10-17 18:47:57,1684.94545,1290.24,1305.13455,14.86726,100.0,1010.66164,9.0,-582.03408
2025-10-17 18:47:57,1690.53091,1290.24,1305.13455,14.86726,100.0,1010.6348,9.0,-580.08899
2025-10-17 18:47:58,1686.80727,1288.37818,1301.41091,14.86218,100.0,1010.59998,9.0,-577.76464
2025-10-17 18:47:59,1686.80727,1286.51636,1301.41091,14.8571,100.0,1010.592,9.0,-577.69615
2025-10-17 18:47:59,1688.66909,1290.24,1306.99636,14.86218,100.0,1010.59998,9.0,-581.43321
2025-10-17 18:48:00,1690.53091,1292.10182,1305.13455,14.86218,100.0,1010.57314,9.0,-579.07866
2025-10-17 18:48:00,1688.66909,1290.24,1305.13455,14.86726,100.0,1010.58112,9.0,-579.7282
2025-10-17 18:48:01,1692.39273,1292.10182,1303.27273,14.87233,100.0,1010.56226,9.0,-577.00115
2025-10-17 18:48:02,1688.66909,1288.37818,1306.99636,14.87741,100.0,1010.62393,9.0,-581.86845
2025-10-17 18:48:02,1686.80727,1288.37818,1305.13455,14.86726,100.0,1010.60796,9.0,-580.70497
2025-10-17 18:48:03,1686.80727,1286.51636,1301.41091,14.86726,100.0,1010.52744,9.0,-576.66224
2025-10-17 18:48:03,1688.66909,1280.93091,1303.27273,14.87233,100.0,1010.53542,9.0,-577.98182
2025-10-17 18:48:04,1690.53091,1290.24,1306.99636,14.87741,100.0,1010.62393,9.0,-581.32417
2025-10-17 18:48:05,1690.53091,1288.37818,1305.13455,14.87233,100.0,1010.61594,9.0,-579.8283
2025-10-17 18:48:05,1690.53091,1290.24,1306.99636,14.87741,100.0,1010.57024,9.0,-580.45916
2025-10-17 18:48:06,1686.80727,1288.37818,1306.99636,14.87741,100.0,1010.57024,9.0,-581.50764
2025-10-17 18:48:06,1690.53091,1290.24,1303.27273,14.87741,100.0,1010.62393,9.0,-578.5156
2025-10-17 18:48:07,1690.53091,1290.24,1306.99636,14.88756,100.0,1010.63989,9.0,-581.58737
2025-10-17 18:48:08,1686.80727,1293.96364,1308.85818,14.87741,100.0,1010.59708,9.0,-583.30086
2025-10-17 18:48:08,1688.66909,1288.37818,1303.27273,14.88248,100.0,1010.63191,9.0,-579.1915
2025-10-17 18:48:09,1690.53091,1286.51636,1303.27273,14.87741,100.0,1010.57024,9.0,-577.754
2025-10-17 18:48:10,1690.53091,1288.37818,1306.99636,14.87233,100.0,1010.61594,9.0,-581.23258
2025-10-17 18:48:10,1688.66909,1288.37818,1305.13455,14.87233,100.0,1010.61594,9.0,-580.33249
2025-10-17 18:48:11,1686.80727,1290.24,1306.99636,14.87741,100.0,1010.57024,9.0,-581.46756
2025-10-17 18:48:11,1690.53091,1288.37818,1305.13455,14.86726,100.0,1010.6348,9.0,-580.12907
2025-10-17 18:48:12,1684.94545,1286.51636,1303.27273,14.86726,100.0,1010.60796,9.0,-579.86821
2025-10-17 18:48:12,1688.66909,1286.51636,1303.27273,14.87233,100.0,1010.64278,9.0,-579.42403
2025-10-17 18:48:13,1686.80727,1288.37818,1306.99636,14.86218,100.0,1010.62682,9.0,-582.40998
2025-10-17 18:48:14,1686.80727,1286.51636,1303.27273,14.87233,100.0,1010.56226,9.0,-578.63073
2025-10-17 18:48:14,1688.66909,1292.10182,1305.13455,14.87233,100.0,1010.61594,9.0,-580.27883
2025-10-17 18:48:15,1688.66909,1288.37818,1301.41091,14.86726,100.0,1010.60796,9.0,-577.39221
2025-10-17 18:48:15,1690.53091,1292.10182,1306.99636,14.87233,100.0,1010.56226,9.0,-580.31392
2025-10-17 18:48:16,1692.39273,1290.24,1303.27273,14.86726,100.0,1010.6348,9.0,-578.18051
2025-10-17 18:48:17,1688.66909,1290.24,1306.99636,14.86726,100.0,1010.58112,9.0,-581.13248
2025-10-17 18:48:17,1688.66909,1288.37818,1305.13455,14.86218,100.0,1010.57314,9.0,-579.63652
2025-10-17 18:48:18,1686.80727,1286.51636,1303.27273,14.86218,100.0,1010.57314,9.0,-578.79975
2025-10-17 18:48:18,1692.39273,1290.24,1306.99636,14.87233,100.0,1010.61594,9.0,-580.6883
2025-10-17 18:48:19,1688.66909,1288.37818,1305.13455,14.86726,100.0,1010.6348,9.0,-580.63327
2025-10-17 18:48:19,1690.53091,1290.24,1306.99636,14.86726,100.0,1010.55428,9.0,-580.19579
2025-10-17 18:48:20,1692.39273,1290.24,1306.99636,14.86218,100.0,1010.5463,9.0,-579.55983
2025-10-17 18:48:21,1690.53091,1292.10182,1308.85818,14.86726,100.0,1010.6348,9.0,-582.88398
2025-10-17 18:48:21,1694.25455,1292.10182,1305.13455,14.8571,100.0,1010.53832,9.0,-577.50596
2025-10-17 18:48:22,1692.39273,1288.37818,1306.99636,14.86218,100.0,1010.62682,9.0,-580.89739
2025-10-17 18:48:23,1692.39273,1286.51636,1305.13455,14.85203,100.0,1010.5035,9.0,-577.5628
2025-10-17 18:48:23,1690.53091,1288.37818,1305.13455,14.86218,100.0,1010.59998,9.0,-579.56481
2025-10-17 18:48:24,1692.39273,1290.24,1308.85818,14.86218,100.0,1010.57314,9.0,-581.39661
2025-10-17 18:48:24,1692.39273,1290.24,1306.99636,14.86218,100.0,1010.59998,9.0,-580.42482
2025-10-17 18:48:25,1690.53091,1286.51636,1305.13455,14.86726,100.0,1010.60796,9.0,-579.7599
2025-10-17 18:48:25,1690.53091,1288.37818,1308.85818,14.86726,100.0,1010.6348,9.0,-582.93764
2025-10-17 18:48:26,1690.53091,1288.37818,1306.99636,14.87233,100.0,1010.61594,9.0,-581.23258
2025-10-17 18:48:27,1690.53091,1288.37818,1305.13455,14.86726,100.0,1010.58112,9.0,-579.26408
2025-10-17 18:48:27,1692.39273,1288.37818,1308.85818,14.86726,100.0,1010.58112,9.0,-581.56845
2025-10-17 18:48:28,1692.39273,1288.37818,1305.13455,14.86218,100.0,1010.59998,9.0,-579.06061
2025-10-17 18:48:29,1694.25455,1288.37818,1306.99636,14.87233,100.0,1010.61594,9.0,-580.22418
2025-10-17 18:48:29,1690.53091,1286.51636,1305.13455,14.87741,100.0,1010.59708,9.0,-579.59079
2025-10-17 18:48:30,1690.53091,1288.37818,1306.99636,14.86218,100.0,1010.5463,9.0,-580.10411
2025-10-17 18:48:31,1690.53091,1286.51636,1305.13455,14.87233,100.0,1010.61594,9.0,-579.89162
2025-10-17 18:48:31,1692.39273,1290.24,1308.85818,14.87741,100.0,1010.62393,9.0,-582.22426
2025-10-17 18:48:32,1692.39273,1288.37818,1305.13455,14.87233,100.0,1010.56226,9.0,-578.4591
2025-10-17 18:48:32,1690.53091,1292.10182,1310.72,14.87741,100.0,1010.57024,9.0,-583.25415
2025-10-17 18:48:33,1692.39273,1288.37818,1306.99636,14.88248,100.0,1010.63191,9.0,-580.99167
2025-10-17 18:48:34,1690.53091,1288.37818,1306.99636,14.87741,100.0,1010.65077,9.0,-581.79675
2025-10-17 18:48:34,1692.39273,1288.37818,1306.99636,14.88248,100.0,1010.55138,9.0,-579.69415
2025-10-17 18:48:35,1688.66909,1284.65455,1305.13455,14.87233,100.0,1010.61594,9.0,-580.47822
2025-10-17 18:48:35,1690.53091,1286.51636,1306.99636,14.88248,100.0,1010.60507,9.0,-581.12669
2025-10-17 18:48:36,1692.39273,1290.24,1308.85818,14.88756,100.0,1010.58621,9.0,-581.62243
2025-10-17 18:48:37,1692.39273,1288.37818,1308.85818,14.87741,100.0,1010.59708,9.0,-581.83183
2025-10-17 18:48:37,1690.53091,1288.37818,1306.99636,14.87233,100.0,1010.5891,9.0,-580.80008
2025-10-17 18:48:38,1688.66909,1286.51636,1305.13455,14.88756,100.0,1010.58621,9.0,-579.92566
2025-10-17 18:48:38,1688.66909,1286.51636,1306.99636,14.87741,100.0,1010.57024,9.0,-581.06677
2025-10-17 18:48:39,1694.25455,1290.24,1310.72,14.88248,100.0,1010.60507,9.0,-582.82346
2025-10-17 18:48:40,1690.53091,1286.51636,1306.99636,14.88756,100.0,1010.61305,9.0,-581.25826
2025-10-17 18:48:40,1692.39273,1290.24,1308.85818,14.88756,100.0,1010.58621,9.0,-581.62243
2025-10-17 18:48:41,1688.66909,1288.37818,1305.13455,14.89264,100.0,1010.62103,9.0,-580.42637
2025-10-17 18:48:41,1690.53091,1288.37818,1308.85818,14.88756,100.0,1010.61305,9.0,-582.59922
2025-10-17 18:48:42,1688.66909,1288.37818,1306.99636,14.89771,100.0,1010.57533,9.0,-581.0971
2025-10-17 18:48:42,1688.66909,1286.51636,1305.13455,14.89264,100.0,1010.62103,9.0,-580.4897
2025-10-17 18:48:43,1688.66909,1286.51636,1306.99636,14.90279,100.0,1010.58331,9.0,-581.29184
2025-10-17 18:48:44,1692.39273,1288.37818,1305.13455,14.90787,100.0,1010.59129,9.0,-578.94721
2025-10-17 18:48:44,1690.53091,1288.37818,1310.72,14.90787,100.0,1010.61813,9.0,-584.09679
2025-10-17 18:48:45,1690.53091,1286.51636,1306.99636,14.90279,100.0,1010.61015,9.0,-581.22016
2025-10-17 18:48:45,1692.39273,1290.24,1306.99636,14.91802,100.0,1010.66093,9.0,-581.43909
2025-10-17 18:48:46,1690.53091,1288.37818,1310.72,14.91802,100.0,1010.58041,9.0,-583.49434
2025-10-17 18:48:47,1692.39273,1288.37818,1310.72,14.92309,100.0,1010.56154,9.0,-582.68884
2025-10-17 18:48:47,1692.39273,1288.37818,1310.72,14.92309,100.0,1010.61523,9.0,-583.55391
2025-10-17 18:48:48,1688.66909,1284.65455,1306.99636,14.91294,100.0,1010.57242,9.0,-581.20442
2025-10-17 18:48:48,1692.39273,1286.51636,1308.85818,14.92309,100.0,1010.64207,9.0,-582.64548
2025-10-17 18:48:49,1688.66909,1286.51636,1306.99636,14.92309,100.0,1010.58839,9.0,-581.38452
2025-10-17 18:48:50,1692.39273,1288.37818,1310.72,14.92817,100.0,1010.65005,9.0,-584.11763
2025-10-17 18:48:50,1692.39273,1288.37818,1310.72,14.93832,100.0,1010.63917,9.0,-583.94733
2025-10-17 18:48:51,1692.39273,1284.65455,1308.85818,14.92817,100.0,1010.59637,9.0,-581.994
2025-10-17 18:48:51,1690.53091,1292.10182,1314.44364,14.92817,100.0,1010.65005,9.0,-587.37674
2025-10-17 18:48:52,1690.53091,1286.51636,1312.58182,14.92817,100.0,1010.56952,9.0,-584.79183
2025-10-17 18:48:53,1692.39273,1288.37818,1308.85818,14.9434,100.0,1010.62031,9.0,-582.24155
2025-10-17 18:48:53,1692.39273,1284.65455,1306.99636,14.93325,100.0,1010.63119,9.0,-581.15339
2025-10-17 18:48:54,1694.25455,1290.24,1310.72,14.9434,100.0,1010.56662,9.0,-582.23646
2025-10-17 18:48:54,1690.53091,1286.51636,1306.99636,14.9434,100.0,1010.62031,9.0,-581.40479
2025-10-17 18:48:55,1692.39273,1290.24,1312.58182,14.93832,100.0,1010.55864,9.0,-584.0139
2025-10-17 18:48:56,1692.39273,1288.37818,1312.58182,14.94848,100.0,1010.5746,9.0,-584.31602
2025-10-17 18:48:56,1692.39273,1286.51636,1310.72,14.95863,100.0,1010.56372,9.0,-582.80435
2025-10-17 18:48:57,1690.53091,1286.51636,1306.99636,14.95355,100.0,1010.58258,9.0,-580.80163
2025-10-17 18:48:57,1690.53091,1288.37818,1308.85818,14.95355,100.0,1010.58258,9.0,-582.14259
2025-10-17 18:48:58,1692.39273,1286.51636,1310.72,14.9434,100.0,1010.56662,9.0,-582.84406
2025-10-17 18:48:59,1688.66909,1286.51636,1310.72,14.95355,100.0,1010.58258,9.0,-584.1144
2025-10-17 18:48:59,1690.53091,1288.37818,1308.85818,14.94848,100.0,1010.60144,9.0,-582.4442
2025-10-17 18:49:00,1686.80727,1282.79273,1305.13455,14.95355,100.0,1010.60942,9.0,-581.01802
2025-10-17 18:49:00,1690.53091,1286.51636,1308.85818,14.95863,100.0,1010.6174,9.0,-582.76938
2025-10-17 18:49:01,1688.66909,1284.65455,1306.99636,14.96371,100.0,1010.65223,9.0,-582.51512
2025-10-17 18:49:02,1690.53091,1284.65455,1308.85818,14.96371,100.0,1010.65223,9.0,-583.41521
2025-10-17 18:49:02,1690.53091,1286.51636,1308.85818,14.95863,100.0,1010.6174,9.0,-582.76938
2025-10-17 18:49:03,1690.53091,1288.37818,1310.72,14.95355,100.0,1010.60942,9.0,-583.97943
2025-10-17 18:49:03,1690.53091,1284.65455,1308.85818,14.94848,100.0,1010.62829,9.0,-583.02247
2025-10-17 18:49:04,1688.66909,1284.65455,1308.85818,14.95355,100.0,1010.58258,9.0,-582.79252
2025-10-17 18:49:05,1688.66909,1284.65455,1308.85818,14.95863,100.0,1010.64425,9.0,-583.78854
2025-10-17 18:49:05,1688.66909,1288.37818,1305.13455,14.95355,100.0,1010.60942,9.0,-580.27078
2025-10-17 18:49:06,1688.66909,1286.51636,1308.85818,14.95863,100.0,1010.53687,9.0,-581.9759
2025-10-17 18:49:06,1686.80727,1280.93091,1305.13455,14.96371,100.0,1010.65223,9.0,-581.82041
2025-10-17 18:49:07,1688.66909,1282.79273,1306.99636,14.95355,100.0,1010.63627,9.0,-582.35066
2025-10-17 18:49:08,1688.66909,1286.51636,1306.99636,14.94848,100.0,1010.54776,9.0,-580.74233
2025-10-17 18:49:08,1688.66909,1282.79273,1310.72,14.96878,100.0,1010.63336,9.0,-585.11926
2025-10-17 18:49:09,1688.66909,1284.65455,1306.99636,14.96371,100.0,1010.59854,9.0,-581.65
2025-10-17 18:49:09,1684.94545,1282.79273,1308.85818,14.96878,100.0,1010.60652,9.0,-584.29081
2025-10-17 18:49:10,1684.94545,1282.79273,1306.99636,14.96878,100.0,1010.55283,9.0,-582.02139
2025-10-17 18:49:11,1688.66909,1286.51636,1310.72,14.95863,100.0,1010.6174,9.0,-584.67786
2025-10-17 18:49:11,1686.80727,1282.79273,1308.85818,14.95863,100.0,1010.6174,9.0,-583.95749
2025-10-17 18:49:12,1686.80727,1286.51636,1310.72,14.95863,100.0,1010.56372,9.0,-584.31694
2025-10-17 18:49:12,1686.80727,1284.65455,1308.85818,14.95863,100.0,1010.6174,9.0,-583.86018
2025-10-17 18:49:13,1684.94545,1284.65455,1308.85818,14.95863,100.0,1010.59056,9.0,-583.93182
2025-10-17 18:49:13,1683.08364,1282.79273,1308.85818,14.96878,100.0,1010.60652,9.0,-584.79501
2025-10-17 18:49:14,1684.94545,1282.79273,1306.99636,14.95863,100.0,1010.59056,9.0,-582.62485
2025-10-17 18:49:15,1684.94545,1282.79273,1308.85818,14.96371,100.0,1010.59854,9.0,-584.15999
2025-10-17 18:49:15,1683.08364,1282.79273,1308.85818,14.96371,100.0,1010.59854,9.0,-584.66419
2025-10-17 18:49:16,1683.08364,1284.65455,1308.85818,14.96878,100.0,1010.63336,9.0,-585.13026
2025-10-17 18:49:16,1684.94545,1284.65455,1308.85818,14.97386,100.0,1010.58766,9.0,-583.89169
2025-10-17 18:49:17,1683.08364,1288.37818,1314.44364,14.96878,100.0,1010.57968,9.0,-588.33225
2025-10-17 18:49:18,1686.80727,1286.51636,1312.58182,14.97893,100.0,1010.62248,9.0,-586.67696
2025-10-17 18:49:18,1686.80727,1286.51636,1310.72,14.97386,100.0,1010.6145,9.0,-585.14195
2025-10-17 18:49:19,1684.94545,1286.51636,1310.72,14.97893,100.0,1010.70301,9.0,-587.07459
2025-10-17 18:49:19,1684.94545,1284.65455,1308.85818,14.96878,100.0,1010.63336,9.0,-584.62606
2025-10-17 18:49:20,1686.80727,1286.51636,1310.72,14.96371,100.0,1010.59854,9.0,-584.88036
2025-10-17 18:49:21,1686.80727,1290.24,1312.58182,14.96371,100.0,1010.59854,9.0,-586.18124
2025-10-17 18:49:21,1683.08364,1284.65455,1310.72,14.96371,100.0,1010.59854,9.0,-585.97116
2025-10-17 18:49:22,1686.80727,1286.51636,1308.85818,14.96878,100.0,1010.60652,9.0,-583.60689
2025-10-17 18:49:22,1683.08364,1286.51636,1312.58182,14.96371,100.0,1010.62538,9.0,-587.72561
2025-10-17 18:49:23,1683.08364,1282.79273,1308.85818,14.96371,100.0,1010.65223,9.0,-585.52932
2025-10-17 18:49:24,1683.08364,1288.37818,1308.85818,14.95355,100.0,1010.63627,9.0,-585.0245
2025-10-17 18:49:24,1684.94545,1286.51636,1310.72,14.95355,100.0,1010.58258,9.0,-585.1228
2025-10-17 18:49:25,1686.80727,1286.51636,1310.72,14.95863,100.0,1010.51003,9.0,-583.45183
2025-10-17 18:49:25,1686.80727,1286.51636,1308.85818,14.96878,100.0,1010.60652,9.0,-583.60689
2025-10-17 18:49:26,1686.80727,1286.51636,1310.72,14.96371,100.0,1010.65223,9.0,-585.74549
2025-10-17 18:49:27,1684.94545,1284.65455,1308.85818,14.96371,100.0,1010.59854,9.0,-584.06268
2025-10-17 18:49:27,1683.08364,1288.37818,1310.72,14.96878,100.0,1010.63336,9.0,-586.38882
2025-10-17 18:49:28,1686.80727,1286.51636,1310.72,14.96371,100.0,1010.67907,9.0,-586.17805
2025-10-17 18:49:28,1686.80727,1286.51636,1308.85818,14.96878,100.0,1010.60652,9.0,-583.60689
2025-10-17 18:49:29,1686.80727,1288.37818,1310.72,14.96371,100.0,1010.62538,9.0,-585.2496
2025-10-17 18:49:30,1684.94545,1286.51636,1312.58182,14.96878,100.0,1010.57968,9.0,-586.48709
2025-10-17 18:49:30,1684.94545,1284.65455,1308.85818,14.98401,100.0,1010.57677,9.0,-583.72052
2025-10-17 18:49:31,1686.80727,1288.37818,1312.58182,14.96878,100.0,1010.60652,9.0,-586.35214
2025-10-17 18:49:31,1686.80727,1286.51636,1312.58182,14.96878,100.0,1010.63336,9.0,-586.84803
2025-10-17 18:49:32,1684.94545,1284.65455,1310.72,14.96878,100.0,1010.60652,9.0,-585.59778
2025-10-17 18:49:33,1686.80727,1286.51636,1310.72,14.96878,100.0,1010.57968,9.0,-584.57861
2025-10-17 18:49:33,1684.94545,1284.65455,1310.72,14.97386,100.0,1010.64134,9.0,-586.16112
2025-10-17 18:49:34,1683.08364,1284.65455,1310.72,14.96878,100.0,1010.63336,9.0,-586.53454
2025-10-17 18:49:34,1686.80727,1286.51636,1308.85818,14.95863,100.0,1010.6174,9.0,-583.77778
2025-10-17 18:49:35,1683.08364,1284.65455,1306.99636,14.96371,100.0,1010.62538,9.0,-583.59515
2025-10-17 18:49:36,1684.94545,1286.51636,1310.72,14.94848,100.0,1010.5746,9.0,-584.99185
2025-10-17 18:49:36,1686.80727,1288.37818,1312.58182,14.95863,100.0,1010.64425,9.0,-586.95558
2025-10-17 18:49:37,1684.94545,1288.37818,1308.85818,14.9434,100.0,1010.62031,9.0,-584.25834
2025-10-17 18:49:37,1681.22182,1284.65455,1306.99636,14.94848,100.0,1010.60144,9.0,-583.70663
2025-10-17 18:49:38,1684.94545,1286.51636,1308.85818,14.9434,100.0,1010.59346,9.0,-583.88912
2025-10-17 18:49:39,1683.08364,1288.37818,1310.72,14.94848,100.0,1010.62829,9.0,-586.29783
2025-10-17 18:49:39,1681.22182,1286.51636,1310.72,14.93325,100.0,1010.60435,9.0,-586.47221
2025-10-17 18:49:40,1684.94545,1284.65455,1308.85818,14.93832,100.0,1010.58548,9.0,-583.84048
2025-10-17 18:49:41,1683.08364,1284.65455,1308.85818,14.92309,100.0,1010.61523,9.0,-584.81634
2025-10-17 18:49:41,1684.94545,1290.24,1312.58182,14.9434,100.0,1010.62031,9.0,-587.02683
2025-10-17 18:49:42,1686.80727,1290.24,1308.85818,14.92817,100.0,1010.54268,9.0,-582.45571
2025-10-17 18:49:43,1683.08364,1286.51636,1310.72,14.92817,100.0,1010.54268,9.0,-584.9718
2025-10-17 18:49:43,1681.22182,1290.24,1310.72,14.92309,100.0,1010.58839,9.0,-586.10648
2025-10-17 18:49:44,1683.08364,1286.51636,1308.85818,14.92309,100.0,1010.56154,9.0,-583.86887
2025-10-17 18:49:44,1686.80727,1292.10182,1312.58182,14.93325,100.0,1010.55066,9.0,-585.38183
2025-10-17 18:49:45,1683.08364,1286.51636,1308.85818,14.92817,100.0,1010.59637,9.0,-584.43259
2025-10-17 18:49:46,1684.94545,1284.65455,1308.85818,14.93832,100.0,1010.66601,9.0,-585.13811
2025-10-17 18:49:46,1684.94545,1288.37818,1308.85818,14.93325,100.0,1010.55066,9.0,-583.13112
2025-10-17 18:49:47,1686.80727,1290.24,1312.58182,14.93832,100.0,1010.63917,9.0,-586.82413
2025-10-17 18:49:47,1683.08364,1286.51636,1310.72,14.93325,100.0,1010.60435,9.0,-585.96801
2025-10-17 18:49:48,1686.80727,1290.24,1312.58182,14.92817,100.0,1010.54268,9.0,-585.26428
2025-10-17 18:49:49,1683.08364,1286.51636,1310.72,14.92817,100.0,1010.56952,9.0,-585.40433
2025-10-17 18:49:49,1681.22182,1290.24,1314.44364,14.93832,100.0,1010.63917,9.0,-589.74101
2025-10-17 18:49:50,1684.94545,1290.24,1310.72,14.92309,100.0,1010.56154,9.0,-584.66555
2025-10-17 18:49:50,1684.94545,1288.37818,1310.72,14.9434,100.0,1010.64715,9.0,-586.09518
2025-10-17 18:49:51,1684.94545,1288.37818,1312.58182,14.93325,100.0,1010.60435,9.0,-586.80477
2025-10-17 18:49:52,1684.94545,1286.51636,1310.72,14.93325,100.0,1010.63119,9.0,-585.89635
2025-10-17 18:49:52,1684.94545,1290.24,1312.58182,14.92817,100.0,1010.65005,9.0,-587.49863
2025-10-17 18:49:53,1684.94545,1288.37818,1310.72,14.92817,100.0,1010.65005,9.0,-586.13443
2025-10-17 18:49:53,1684.94545,1288.37818,1308.85818,14.92817,100.0,1010.65005,9.0,-584.73014
2025-10-17 18:49:54,1686.80727,1288.37818,1312.58182,14.92817,100.0,1010.59637,9.0,-586.16944
2025-10-17 18:49:55,1684.94545,1288.37818,1314.44364,14.9434,100.0,1010.62031,9.0,-588.4712
2025-10-17 18:49:55,1684.94545,1288.37818,1314.44364,14.9434,100.0,1010.56662,9.0,-587.6061
2025-10-17 18:49:56,1683.08364,1290.24,1314.44364,14.93325,100.0,1010.65803,9.0,-589.53826
2025-10-17 18:49:56,1684.94545,1286.51636,1310.72,14.92817,100.0,1010.59637,9.0,-585.33267
2025-10-17 18:49:57,1683.08364,1288.37818,1312.58182,14.9434,100.0,1010.59346,9.0,-587.13856
2025-10-17 18:49:58,1686.80727,1290.24,1310.72,14.9434,100.0,1010.64715,9.0,-585.5509
2025-10-17 18:49:58,1683.08364,1286.51636,1308.85818,14.94848,100.0,1010.62829,9.0,-584.95687
2025-10-17 18:49:59,1683.08364,1286.51636,1310.72,14.9434,100.0,1010.59346,9.0,-585.7976
2025-10-17 18:49:59,1684.94545,1290.24,1312.58182,14.94848,100.0,1010.70882,9.0,-588.45549
2025-10-17 18:50:00,1684.94545,1288.37818,1314.44364,14.93832,100.0,1010.55864,9.0,-587.47506
2025-10-17 18:50:01,1684.94545,1286.51636,1310.72,14.94848,100.0,1010.5746,9.0,-584.99185
2025-10-17 18:50:01,1684.94545,1286.51636,1312.58182,14.93832,100.0,1010.61233,9.0,-586.99919
2025-10-17 18:50:02,1684.94545,1288.37818,1314.44364,14.9434,100.0,1010.59346,9.0,-588.03865
2025-10-17 18:50:02,1686.80727,1290.24,1312.58182,14.93832,100.0,1010.63917,9.0,-586.82413
2025-10-17 18:50:03,1686.80727,1284.65455,1310.72,14.93832,100.0,1010.61233,9.0,-585.17311
2025-10-17 18:50:04,1686.80727,1288.37818,1314.44364,14.93325,100.0,1010.60435,9.0,-587.70486
2025-10-17 18:50:04,1684.94545,1284.65455,1308.85818,14.9434,100.0,1010.62031,9.0,-584.40407
2025-10-17 18:50:05,1686.80727,1288.37818,1314.44364,14.9434,100.0,1010.56662,9.0,-587.1019
2025-10-17 18:50:05,1688.66909,1288.37818,1310.72,14.9434,100.0,1010.56662,9.0,-583.78913
2025-10-17 18:50:06,1683.08364,1286.51636,1310.72,14.9434,100.0,1010.70084,9.0,-587.5278
2025-10-17 18:50:06,1686.80727,1282.79273,1312.58182,14.93325,100.0,1010.63119,9.0,-586.97616
2025-10-17 18:50:07,1684.94545,1286.51636,1312.58182,14.92817,100.0,1010.62321,9.0,-587.1695
2025-10-17 18:50:08,1688.66909,1290.24,1314.44364,14.9434,100.0,1010.64715,9.0,-587.85527
2025-10-17 18:50:08,1688.66909,1290.24,1314.44364,14.93832,100.0,1010.61233,9.0,-587.29167
2025-10-17 18:50:09,1688.66909,1288.37818,1314.44364,14.93325,100.0,1010.65803,9.0,-588.06574
2025-10-17 18:50:09,1688.66909,1286.51636,1312.58182,14.92309,100.0,1010.64207,9.0,-586.46245
2025-10-17 18:50:10,1688.66909,1290.24,1314.44364,14.93325,100.0,1010.55066,9.0,-586.2955
2025-10-17 18:50:10,1684.94545,1286.51636,1314.44364,14.92817,100.0,1010.56952,9.0,-587.7087
2025-10-17 18:50:11,1684.94545,1284.65455,1310.72,14.93325,100.0,1010.63119,9.0,-585.97875
2025-10-17 18:50:12,1688.66909,1286.51636,1310.72,14.93832,100.0,1010.58548,9.0,-584.15396
2025-10-17 18:50:12,1688.66909,1286.51636,1312.58182,14.94848,100.0,1010.62829,9.0,-586.25284
2025-10-17 18:50:13,1690.53091,1288.37818,1314.44364,14.93325,100.0,1010.60435,9.0,-586.69646
2025-10-17 18:50:13,1684.94545,1284.65455,1310.72,14.95355,100.0,1010.60942,9.0,-585.63775
2025-10-17 18:50:14,1688.66909,1286.51636,1314.44364,14.9434,100.0,1010.67399,9.0,-588.39122
2025-10-17 18:50:14,1686.80727,1286.51636,1312.58182,14.93832,100.0,1010.58548,9.0,-586.06245
2025-10-17 18:50:15,1688.66909,1292.10182,1314.44364,14.93832,100.0,1010.61233,9.0,-587.27809
2025-10-17 18:50:16,1690.53091,1286.51636,1314.44364,14.9434,100.0,1010.56662,9.0,-586.15683
2025-10-17 18:50:16,1686.80727,1284.65455,1310.72,14.92817,100.0,1010.56952,9.0,-584.47834
2025-10-17 18:50:17,1688.66909,1286.51636,1312.58182,14.95355,100.0,1010.63627,9.0,-586.3838
2025-10-17 18:50:17,1686.80727,1288.37818,1316.30545,14.94848,100.0,1010.60144,9.0,-589.06973
2025-10-17 18:50:18,1690.53091,1288.37818,1316.30545,14.9434,100.0,1010.67399,9.0,-589.22798
2025-10-17 18:50:18,1688.66909,1286.51636,1314.44364,14.94848,100.0,1010.65513,9.0,-588.08968
2025-10-17 18:50:19,1686.80727,1284.65455,1310.72,14.94848,100.0,1010.62829,9.0,-585.43516
2025-10-17 18:50:20,1686.80727,1286.51636,1308.85818,14.94848,100.0,1010.60144,9.0,-583.51592
2025-10-17 18:50:20,1688.66909,1288.37818,1312.58182,14.93832,100.0,1010.58548,9.0,-585.49492
2025-10-17 18:50:21,1690.53091,1290.24,1312.58182,14.93832,100.0,1010.63917,9.0,-585.81574
2025-10-17 18:50:21,1688.66909,1288.37818,1314.44364,14.9434,100.0,1010.56662,9.0,-586.5977
2025-10-17 18:50:22,1686.80727,1284.65455,1310.72,14.94848,100.0,1010.5746,9.0,-584.57005
2025-10-17 18:50:23,1688.66909,1288.37818,1312.58182,14.93832,100.0,1010.58548,9.0,-585.49492
2025-10-17 18:50:23,1688.66909,1286.51636,1314.44364,14.9434,100.0,1010.62031,9.0,-587.52612
2025-10-17 18:50:24,1688.66909,1284.65455,1312.58182,14.9434,100.0,1010.59346,9.0,-585.77169
2025-10-17 18:50:25,1686.80727,1286.51636,1312.58182,14.9434,100.0,1010.59346,9.0,-586.19349
2025-10-17 18:50:25,1688.66909,1284.65455,1312.58182,14.93832,100.0,1010.55864,9.0,-585.2081
2025-10-17 18:50:26,1690.53091,1288.37818,1316.30545,14.94848,100.0,1010.60144,9.0,-588.06134
2025-10-17 18:50:26,1684.94545,1286.51636,1312.58182,14.93325,100.0,1010.5775,9.0,-586.43555
2025-10-17 18:50:27,1686.80727,1284.65455,1312.58182,14.94848,100.0,1010.54776,9.0,-585.54179
2025-10-17 18:50:28,1688.66909,1288.37818,1321.89091,14.94848,100.0,1010.62829,9.0,-593.21094
2025-10-17 18:50:28,1686.80727,1292.10182,1320.02909,14.94848,100.0,1010.62829,9.0,-592.25719
2025-10-17 18:50:29,1688.66909,1284.65455,1314.44364,14.95355,100.0,1010.63627,9.0,-587.87048
2025-10-17 18:50:29,1688.66909,1284.65455,1310.72,14.94848,100.0,1010.5746,9.0,-584.06585
2025-10-17 18:50:30,1686.80727,1282.79273,1312.58182,14.94848,100.0,1010.60144,9.0,-586.5042
2025-10-17 18:50:31,1686.80727,1286.51636,1314.44364,14.95355,100.0,1010.60942,9.0,-587.85972
2025-10-17 18:50:31,1688.66909,1286.51636,1314.44364,14.95355,100.0,1010.58258,9.0,-586.92297
2025-10-17 18:50:32,1686.80727,1286.51636,1312.58182,14.94848,100.0,1010.62829,9.0,-586.75704
2025-10-17 18:50:32,1686.80727,1286.51636,1312.58182,14.9434,100.0,1010.56662,9.0,-585.76094
2025-10-17 18:50:33,1688.66909,1284.65455,1314.44364,14.94848,100.0,1010.62829,9.0,-587.73953
2025-10-17 18:50:33,1683.08364,1288.37818,1320.02909,14.94848,100.0,1010.68197,9.0,-594.18435
2025-10-17 18:50:34,1688.66909,1284.65455,1312.58182,14.9434,100.0,1010.56662,9.0,-585.33914
2025-10-17 18:50:35,1686.80727,1288.37818,1316.30545,14.95863,100.0,1010.59056,9.0,-588.89903
2025-10-17 18:50:35,1688.66909,1292.10182,1318.16727,14.94848,100.0,1010.5746,9.0,-589.48361
2025-10-17 18:50:36,1688.66909,1288.37818,1316.30545,14.96371,100.0,1010.65223,9.0,-589.39082
2025-10-17 18:50:36,1688.66909,1284.65455,1312.58182,14.96878,100.0,1010.60652,9.0,-585.99366
2025-10-17 18:50:37,1686.80727,1284.65455,1314.44364,14.96878,100.0,1010.57968,9.0,-587.46958
2025-10-17 18:50:38,1688.66909,1288.37818,1314.44364,14.95863,100.0,1010.64425,9.0,-587.85567
2025-10-17 18:50:38,1688.66909,1286.51636,1314.44364,14.93832,100.0,1010.55864,9.0,-586.52999
2025-10-17 18:50:39,1686.80727,1288.37818,1316.30545,14.95355,100.0,1010.58258,9.0,-588.76813
2025-10-17 18:50:39,1686.80727,1286.51636,1314.44364,14.96878,100.0,1010.63336,9.0,-588.25231
2025-10-17 18:50:40,1686.80727,1288.37818,1316.30545,14.94848,100.0,1010.5746,9.0,-588.63718
2025-10-17 18:50:40,1686.80727,1286.51636,1314.44364,14.96878,100.0,1010.60652,9.0,-587.81975
2025-10-17 18:50:41,1686.80727,1290.24,1318.16727,14.96878,100.0,1010.60652,9.0,-590.52491
2025-10-17 18:50:42,1686.80727,1288.37818,1316.30545,14.95863,100.0,1010.56372,9.0,-588.46647
2025-10-17 18:50:42,1686.80727,1286.51636,1314.44364,14.96878,100.0,1010.66021,9.0,-588.68488
2025-10-17 18:50:43,1684.94545,1286.51636,1314.44364,14.96371,100.0,1010.54485,9.0,-587.32801
2025-10-17 18:50:43,1684.94545,1286.51636,1312.58182,14.95863,100.0,1010.56372,9.0,-586.22543
2025-10-17 18:50:44,1686.80727,1288.37818,1316.30545,14.96371,100.0,1010.62538,9.0,-589.46245
2025-10-17 18:50:45,1688.66909,1284.65455,1314.44364,14.96878,100.0,1010.52599,9.0,-586.10025
2025-10-17 18:50:45,1683.08364,1282.79273,1312.58182,14.96371,100.0,1010.65223,9.0,-588.33788
2025-10-17 18:50:46,1686.80727,1284.65455,1314.44364,14.97386,100.0,1010.58766,9.0,-587.60035
2025-10-17 18:50:46,1686.80727,1288.37818,1316.30545,14.96878,100.0,1010.63336,9.0,-589.59327
2025-10-17 18:50:47,1688.66909,1288.37818,1316.30545,14.96878,100.0,1010.60652,9.0,-588.65651
2025-10-17 18:50:48,1686.80727,1290.24,1318.16727,14.96371,100.0,1010.62538,9.0,-590.82666
2025-10-17 18:50:48,1688.66909,1286.51636,1314.44364,14.97386,100.0,1010.6145,9.0,-587.44632
2025-10-17 18:50:49,1688.66909,1288.37818,1318.16727,14.96878,100.0,1010.60652,9.0,-590.06079
2025-10-17 18:50:49,1688.66909,1286.51636,1314.44364,14.97386,100.0,1010.58766,9.0,-587.01375
2025-10-17 18:50:50,1686.80727,1286.51636,1312.58182,14.97386,100.0,1010.6145,9.0,-586.54623
2025-10-17 18:50:51,1686.80727,1288.37818,1316.30545,14.97893,100.0,1010.62248,9.0,-589.4222
2025-10-17 18:50:51,1686.80727,1290.24,1316.30545,14.96878,100.0,1010.55283,9.0,-588.2555
2025-10-17 18:50:52,1686.80727,1286.51636,1312.58182,14.96878,100.0,1010.52599,9.0,-585.11777
2025-10-17 18:50:53,1686.80727,1286.51636,1316.30545,14.97893,100.0,1010.59564,9.0,-589.05295
2025-10-17 18:50:53,1688.66909,1288.37818,1316.30545,14.97893,100.0,1010.62248,9.0,-588.918
2025-10-17 18:50:54,1686.80727,1286.51636,1318.16727,14.97386,100.0,1010.56081,9.0,-589.89395
2025-10-17 18:50:55,1688.66909,1288.37818,1316.30545,14.96878,100.0,1010.52599,9.0,-587.35881
2025-10-17 18:50:55,1688.66909,1286.51636,1316.30545,14.97893,100.0,1010.54195,9.0,-587.68361
2025-10-17 18:50:56,1688.66909,1282.79273,1312.58182,14.97893,100.0,1010.5151,9.0,-584.62219
2025-10-17 18:50:56,1686.80727,1286.51636,1314.44364,14.97893,100.0,1010.56879,9.0,-587.2161
2025-10-17 18:50:57,1690.53091,1288.37818,1318.16727,14.97893,100.0,1010.59564,9.0,-589.38552
2025-10-17 18:50:58,1690.53091,1288.37818,1318.16727,14.95863,100.0,1010.56372,9.0,-588.86236
2025-10-17 18:50:58,1688.66909,1286.51636,1316.30545,14.97893,100.0,1010.62248,9.0,-588.98133
2025-10-17 18:50:59,1686.80727,1286.51636,1316.30545,14.98401,100.0,1010.57677,9.0,-588.75106
2025-10-17 18:50:59,1690.53091,1288.37818,1320.02909,14.97893,100.0,1010.56879,9.0,-590.35723
2025-10-17 18:51:00,1686.80727,1286.51636,1314.44364,14.98401,100.0,1010.63046,9.0,-588.21192
2025-10-17 18:51:01,1690.53091,1288.37818,1316.30545,14.98401,100.0,1010.6573,9.0,-588.97706
2025-10-17 18:51:01,1684.94545,1284.65455,1312.58182,14.97386,100.0,1010.50712,9.0,-585.40256
2025-10-17 18:51:02,1690.53091,1288.37818,1320.02909,14.98401,100.0,1010.57677,9.0,-590.4879
2025-10-17 18:51:02,1686.80727,1286.51636,1318.16727,14.98909,100.0,1010.61159,9.0,-590.71855
2025-10-17 18:51:03,1688.66909,1286.51636,1314.44364,14.97893,100.0,1010.56879,9.0,-586.7119
2025-10-17 18:51:03,1686.80727,1282.79273,1314.44364,14.97386,100.0,1010.58766,9.0,-587.69766
2025-10-17 18:51:04,1686.80727,1286.51636,1314.44364,14.96878,100.0,1010.57968,9.0,-587.38718
2025-10-17 18:51:05,1688.66909,1290.24,1320.02909,14.97893,100.0,1010.56879,9.0,-590.82135
2025-10-17 18:51:05,1684.94545,1284.65455,1316.30545,14.97893,100.0,1010.56879,9.0,-589.20698
2025-10-17 18:51:06,1690.53091,1290.24,1318.16727,14.95863,100.0,1010.53687,9.0,-588.38972
2025-10-17 18:51:06,1688.66909,1286.51636,1314.44364,14.98401,100.0,1010.60362,9.0,-587.27515
2025-10-17 18:51:07,1684.94545,1288.37818,1316.30545,14.97893,100.0,1010.5151,9.0,-588.19611
2025-10-17 18:51:08,1690.53091,1288.37818,1316.30545,14.98909,100.0,1010.63844,9.0,-588.67513
2025-10-17 18:51:08,1686.80727,1286.51636,1314.44364,14.98909,100.0,1010.61159,9.0,-587.90998
2025-10-17 18:51:09,1688.66909,1286.51636,1314.44364,14.98401,100.0,1010.57677,9.0,-586.84257
2025-10-17 18:51:09,1688.66909,1286.51636,1318.16727,14.98909,100.0,1010.63844,9.0,-590.64693
2025-10-17 18:51:10,1688.66909,1288.37818,1318.16727,14.97893,100.0,1010.64932,9.0,-590.75486
2025-10-17 18:51:10,1686.80727,1286.51636,1314.44364,14.97893,100.0,1010.62248,9.0,-588.08124
2025-10-17 18:51:11,1688.66909,1288.37818,1318.16727,14.98909,100.0,1010.61159,9.0,-590.15103
2025-10-17 18:51:11,1688.66909,1286.51636,1314.44364,14.96371,100.0,1010.54485,9.0,-586.31961
2025-10-17 18:51:12,1686.80727,1288.37818,1318.16727,14.97386,100.0,1010.6145,9.0,-590.69576
2025-10-17 18:51:13,1686.80727,1288.37818,1318.16727,14.97386,100.0,1010.56081,9.0,-589.83062
2025-10-17 18:51:13,1688.66909,1284.65455,1314.44364,14.97893,100.0,1010.56879,9.0,-586.7943
2025-10-17 18:51:14,1688.66909,1286.51636,1316.30545,14.98401,100.0,1010.60362,9.0,-588.67943
2025-10-17 18:51:14,1690.53091,1288.37818,1318.16727,14.97386,100.0,1010.50712,9.0,-587.95709
2025-10-17 18:51:15,1690.53091,1290.24,1318.16727,14.97893,100.0,1010.64932,9.0,-590.21058
2025-10-17 18:51:15,1690.53091,1286.51636,1316.30545,14.97386,100.0,1010.58766,9.0,-587.91383
2025-10-17 18:51:16,1690.53091,1288.37818,1316.30545,14.97893,100.0,1010.59564,9.0,-587.98123
2025-10-17 18:51:17,1688.66909,1286.51636,1316.30545,14.97386,100.0,1010.58766,9.0,-588.41803
2025-10-17 18:51:17,1688.66909,1288.37818,1318.16727,14.99416,100.0,1010.59273,9.0,-589.84904
2025-10-17 18:51:18,1690.53091,1288.37818,1320.02909,14.97893,100.0,1010.54195,9.0,-589.92466
2025-10-17 18:51:18,1690.53091,1286.51636,1316.30545,14.97893,100.0,1010.5151,9.0,-586.74684
2025-10-17 18:51:19,1692.39273,1288.37818,1318.16727,14.97893,100.0,1010.59564,9.0,-588.88132
2025-10-17 18:51:20,1688.66909,1288.37818,1316.30545,14.97893,100.0,1010.59564,9.0,-588.48543
2025-10-17 18:51:20,1690.53091,1286.51636,1320.02909,14.98401,100.0,1010.63046,9.0,-591.41638
2025-10-17 18:51:21,1688.66909,1286.51636,1316.30545,14.98909,100.0,1010.55791,9.0,-587.94491
2025-10-17 18:51:22,1692.39273,1286.51636,1318.16727,14.97893,100.0,1010.64932,9.0,-589.80979
2025-10-17 18:51:22,1688.66909,1286.51636,1318.16727,14.98909,100.0,1010.58475,9.0,-589.78177
2025-10-17 18:51:23,1690.53091,1288.37818,1318.16727,14.99416,100.0,1010.56588,9.0,-588.91225
2025-10-17 18:51:23,1690.53091,1286.51636,1318.16727,14.99416,100.0,1010.61957,9.0,-589.84074
2025-10-17 18:51:24,1688.66909,1286.51636,1318.16727,14.99416,100.0,1010.59273,9.0,-589.91236
2025-10-17 18:51:24,1688.66909,1286.51636,1316.30545,14.98909,100.0,1010.55791,9.0,-587.94491
2025-10-17 18:51:25,1692.39273,1290.24,1321.89091,14.98401,100.0,1010.60362,9.0,-591.78049
2025-10-17 18:51:26,1688.66909,1286.51636,1320.02909,14.97386,100.0,1010.6145,9.0,-591.65917
2025-10-17 18:51:26,1686.80727,1282.79273,1316.30545,14.96371,100.0,1010.65223,9.0,-590.13806
2025-10-17 18:51:27,1688.66909,1286.51636,1316.30545,14.97386,100.0,1010.58766,9.0,-588.41803
2025-10-17 18:51:27,1690.53091,1286.51636,1320.02909,14.96878,100.0,1010.55283,9.0,-590.15907
2025-10-17 18:51:28,1688.66909,1286.51636,1318.16727,14.97386,100.0,1010.66819,9.0,-591.12002
2025-10-17 18:51:29,1688.66909,1288.37818,1320.02909,14.95863,100.0,1010.67109,9.0,-592.50108
2025-10-17 18:51:29,1686.80727,1284.65455,1314.44364,14.95863,100.0,1010.53687,9.0,-586.77536
2025-10-17 18:51:30,1688.66909,1284.65455,1318.16727,14.96371,100.0,1010.59854,9.0,-590.0757
2025-10-17 18:51:30,1688.66909,1286.51636,1320.02909,14.97893,100.0,1010.64932,9.0,-592.22247
2025-10-17 18:51:31,1688.66909,1286.51636,1314.44364,14.96371,100.0,1010.65223,9.0,-588.04986
2025-10-17 18:51:32,1690.53091,1288.37818,1316.30545,14.96878,100.0,1010.68705,9.0,-589.45001
2025-10-17 18:51:32,1688.66909,1282.79273,1316.30545,14.95355,100.0,1010.58258,9.0,-588.50697
2025-10-17 18:51:33,1688.66909,1288.37818,1318.16727,14.96371,100.0,1010.65223,9.0,-590.7951
2025-10-17 18:51:33,1686.80727,1284.65455,1316.30545,14.95863,100.0,1010.56372,9.0,-588.6122
2025-10-17 18:51:34,1688.66909,1286.51636,1318.16727,14.96371,100.0,1010.51801,9.0,-588.69562
2025-10-17 18:51:34,1690.53091,1286.51636,1316.30545,14.97893,100.0,1010.64932,9.0,-588.9097
2025-10-17 18:51:35,1688.66909,1286.51636,1316.30545,14.95863,100.0,1010.64425,9.0,-589.32328
2025-10-17 18:51:36,1690.53091,1288.37818,1321.89091,14.96371,100.0,1010.62538,9.0,-592.66691
2025-10-17 18:51:36,1688.66909,1288.37818,1314.44364,14.95863,100.0,1010.67109,9.0,-588.28823
2025-10-17 18:51:37,1690.53091,1288.37818,1318.16727,14.95355,100.0,1010.58258,9.0,-589.16402
2025-10-17 18:51:37,1692.39273,1290.24,1321.89091,14.95863,100.0,1010.59056,9.0,-591.55921
2025-10-17 18:51:38,1692.39273,1292.10182,1323.75273,14.95355,100.0,1010.60942,9.0,-593.25157
2025-10-17 18:51:39,1692.39273,1286.51636,1318.16727,14.96878,100.0,1010.60652,9.0,-589.11572
2025-10-17 18:51:39,1690.53091,1288.37818,1318.16727,14.97386,100.0,1010.58766,9.0,-589.2548
2025-10-17 18:51:40,1690.53091,1282.79273,1318.16727,14.96371,100.0,1010.65223,9.0,-590.53394
2025-10-17 18:51:40,1688.66909,1286.51636,1316.30545,14.95863,100.0,1010.53687,9.0,-587.59304
2025-10-17 18:51:41,1690.53091,1288.37818,1318.16727,14.95863,100.0,1010.59056,9.0,-589.29492
2025-10-17 18:51:42,1692.39273,1286.51636,1318.16727,14.95355,100.0,1010.58258,9.0,-588.72314
2025-10-17 18:51:42,1692.39273,1286.51636,1320.02909,14.95355,100.0,1010.63627,9.0,-590.99254
2025-10-17 18:51:43,1688.66909,1284.65455,1321.89091,14.96878,100.0,1010.57968,9.0,-592.58252
2025-10-17 18:51:43,1690.53091,1290.24,1321.89091,14.96371,100.0,1010.67907,9.0,-593.49196
2025-10-17 18:51:44,1690.53091,1286.51636,1321.89091,14.96371,100.0,1010.62538,9.0,-592.73023
2025-10-17 18:51:45,1692.39273,1290.24,1320.02909,14.96371,100.0,1010.65223,9.0,-591.15091
2025-10-17 18:51:45,1690.53091,1284.65455,1316.30545,14.95355,100.0,1010.63627,9.0,-588.77057
2025-10-17 18:51:46,1690.53091,1286.51636,1321.89091,14.94848,100.0,1010.5746,9.0,-591.90496
2025-10-17 18:51:46,1692.39273,1286.51636,1321.89091,14.95355,100.0,1010.55574,9.0,-591.09916
2025-10-17 18:51:47,1688.66909,1282.79273,1318.16727,14.95863,100.0,1010.6174,9.0,-590.47472
2025-10-17 18:51:47,1692.39273,1284.65455,1318.16727,14.95863,100.0,1010.67109,9.0,-590.23412
2025-10-17 18:51:48,1690.53091,1286.51636,1320.02909,14.94848,100.0,1010.62829,9.0,-591.36578
2025-10-17 18:51:49,1692.39273,1286.51636,1318.16727,14.94848,100.0,1010.5746,9.0,-588.59219
2025-10-17 18:51:49,1688.66909,1282.79273,1316.30545,14.95355,100.0,1010.63627,9.0,-589.37208
2025-10-17 18:51:50,1690.53091,1286.51636,1321.89091,14.95863,100.0,1010.59056,9.0,-592.16681
2025-10-17 18:51:50,1692.39273,1282.79273,1320.02909,14.93325,100.0,1010.55066,9.0,-589.78308
2025-10-17 18:51:51,1694.25455,1286.51636,1320.02909,14.95355,100.0,1010.58258,9.0,-589.62323
2025-10-17 18:51:52,1690.53091,1284.65455,1316.30545,14.9434,100.0,1010.59346,9.0,-588.07606
2025-10-17 18:51:52,1694.25455,1284.65455,1318.16727,14.94848,100.0,1010.62829,9.0,-589.0355
2025-10-17 18:51:53,1692.39273,1286.51636,1320.02909,14.94848,100.0,1010.62829,9.0,-590.86158
2025-10-17 18:51:53,1694.25455,1288.37818,1321.89091,14.93832,100.0,1010.61233,9.0,-591.4363
2025-10-17 18:51:54,1694.25455,1284.65455,1321.89091,14.93832,100.0,1010.58548,9.0,-591.14948
2025-10-17 18:51:55,1692.39273,1286.51636,1318.16727,14.93832,100.0,1010.55864,9.0,-588.33016
2025-10-17 18:51:55,1692.39273,1282.79273,1318.16727,14.9434,100.0,1010.59346,9.0,-589.07346
2025-10-17 18:51:56,1692.39273,1286.51636,1318.16727,14.9434,100.0,1010.56662,9.0,-588.4612
2025-10-17 18:51:56,1694.25455,1290.24,1321.89091,14.93832,100.0,1010.61233,9.0,-591.39622
2025-10-17 18:51:57,1694.25455,1288.37818,1320.02909,14.93832,100.0,1010.66601,9.0,-590.8971
2025-10-17 18:51:58,1692.39273,1288.37818,1321.89091,14.94848,100.0,1010.60144,9.0,-591.76999
2025-10-17 18:51:58,1694.25455,1284.65455,1318.16727,14.93832,100.0,1010.58548,9.0,-588.34091
2025-10-17 18:51:59,1694.25455,1286.51636,1321.89091,14.93832,100.0,1010.55864,9.0,-590.63453
2025-10-17 18:51:59,1688.66909,1284.65455,1320.02909,14.93832,100.0,1010.63917,9.0,-592.12288
2025-10-17 18:52:00,1694.25455,1282.79273,1318.16727,14.93832,100.0,1010.61233,9.0,-588.87077
2025-10-17 18:52:00,1694.25455,1286.51636,1320.02909,14.9434,100.0,1010.62031,9.0,-590.22638
2025-10-17 18:52:01,1690.53091,1284.65455,1316.30545,14.93325,100.0,1010.60435,9.0,-588.24647
2025-10-17 18:52:01,1694.25455,1288.37818,1321.89091,14.9434,100.0,1010.62031,9.0,-591.56734
2025-10-17 18:52:02,1694.25455,1284.65455,1318.16727,14.95355,100.0,1010.63627,9.0,-589.16646
2025-10-17 18:52:03,1692.39273,1284.65455,1323.75273,14.9434,100.0,1010.59346,9.0,-593.189
2025-10-17 18:52:04,1692.39273,1290.24,1325.61455,14.94848,100.0,1010.5746,9.0,-594.10593
2025-10-17 18:52:05,1694.25455,1284.65455,1320.02909,14.9434,100.0,1010.59346,9.0,-589.87624
2025-10-17 18:52:05,1694.25455,1284.65455,1318.16727,14.94848,100.0,1010.68197,9.0,-589.9006
2025-10-17 18:52:06,1690.53091,1284.65455,1318.16727,14.95355,100.0,1010.63627,9.0,-590.17485
2025-10-17 18:52:06,1694.25455,1286.51636,1318.16727,14.9434,100.0,1010.56662,9.0,-587.957
2025-10-17 18:52:07,1692.39273,1284.65455,1321.89091,14.94848,100.0,1010.5746,9.0,-591.48316
2025-10-17 18:52:08,1694.25455,1284.65455,1320.02909,14.94848,100.0,1010.60144,9.0,-590.00723
2025-10-17 18:52:08,1694.25455,1284.65455,1320.02909,14.95863,100.0,1010.6174,9.0,-590.26909
2025-10-17 18:52:09,1690.53091,1282.79273,1318.16727,14.95355,100.0,1010.66311,9.0,-590.70472
2025-10-17 18:52:09,1692.39273,1288.37818,1325.61455,14.95863,100.0,1010.6174,9.0,-594.84042
2025-10-17 18:52:10,1688.66909,1282.79273,1316.30545,14.95355,100.0,1010.55574,9.0,-588.07442
2025-10-17 18:52:11,1692.39273,1284.65455,1323.75273,14.94848,100.0,1010.5746,9.0,-592.88745
2025-10-17 18:52:11,1692.39273,1284.65455,1318.16727,14.95355,100.0,1010.58258,9.0,-588.80554
2025-10-17 18:52:12,1690.53091,1286.51636,1320.02909,14.95863,100.0,1010.59056,9.0,-590.76253
2025-10-17 18:52:12,1692.39273,1282.79273,1320.02909,14.95355,100.0,1010.60942,9.0,-590.7397
2025-10-17 18:52:13,1692.39273,1282.79273,1320.02909,14.97386,100.0,1010.69503,9.0,-592.1282
2025-10-17 18:52:13,1688.66909,1280.93091,1318.16727,14.95355,100.0,1010.58258,9.0,-590.01932
2025-10-17 18:52:14,1688.66909,1280.93091,1320.02909,14.95863,100.0,1010.59056,9.0,-591.55451
2025-10-17 18:52:14,1690.53091,1286.51636,1321.89091,14.95863,100.0,1010.59056,9.0,-592.16681
2025-10-17 18:52:15,1690.53091,1284.65455,1320.02909,14.96371,100.0,1010.5717,9.0,-590.54323
2025-10-17 18:52:16,1690.53091,1284.65455,1320.02909,14.95355,100.0,1010.55574,9.0,-590.28147
2025-10-17 18:52:16,1692.39273,1286.51636,1318.16727,14.95355,100.0,1010.58258,9.0,-588.72314
2025-10-17 18:52:17,1690.53091,1286.51636,1321.89091,14.9434,100.0,1010.62031,9.0,-592.63906
2025-10-17 18:52:18,1688.66909,1284.65455,1321.89091,14.93325,100.0,1010.60435,9.0,-592.96352
2025-10-17 18:52:18,1690.53091,1286.51636,1320.02909,14.92309,100.0,1010.5347,9.0,-589.84525
2025-10-17 18:52:19,1690.53091,1286.51636,1320.02909,14.92817,100.0,1010.59637,9.0,-590.8415
2025-10-17 18:52:19,1692.39273,1288.37818,1320.02909,14.93832,100.0,1010.61233,9.0,-590.53621
2025-10-17 18:52:20,1690.53091,1288.37818,1321.89091,14.92309,100.0,1010.61523,9.0,-592.48381
2025-10-17 18:52:20,1690.53091,1284.65455,1318.16727,14.91294,100.0,1010.54558,9.0,-588.6934
2025-10-17 18:52:21,1692.39273,1288.37818,1320.02909,14.92309,100.0,1010.58839,9.0,-590.14279
2025-10-17 18:52:22,1692.39273,1288.37818,1320.02909,14.91294,100.0,1010.54558,9.0,-589.44776
2025-10-17 18:52:22,1692.39273,1290.24,1321.89091,14.90787,100.0,1010.56444,9.0,-591.11317
2025-10-17 18:52:23,1688.66909,1286.51636,1318.16727,14.90787,100.0,1010.59129,9.0,-589.84892
2025-10-17 18:52:24,1692.39273,1288.37818,1321.89091,14.90787,100.0,1010.59129,9.0,-591.58577
2025-10-17 18:52:24,1690.53091,1286.51636,1318.16727,14.90279,100.0,1010.66383,9.0,-590.51091
2025-10-17 18:52:25,1692.39273,1290.24,1323.75273,14.90787,100.0,1010.64497,9.0,-593.81502
2025-10-17 18:52:25,1694.25455,1290.24,1321.89091,14.90279,100.0,1010.66383,9.0,-592.20768
2025-10-17 18:52:26,1690.53091,1286.51636,1316.30545,14.89771,100.0,1010.62901,9.0,-588.54268
2025-10-17 18:52:26,1692.39273,1288.37818,1318.16727,14.89771,100.0,1010.62901,9.0,-589.37944
2025-10-17 18:52:27,1690.53091,1288.37818,1318.16727,14.89264,100.0,1010.59419,9.0,-589.31965
2025-10-17 18:52:28,1694.25455,1292.10182,1325.61455,14.88248,100.0,1010.63191,9.0,-594.47666
2025-10-17 18:52:28,1690.53091,1290.24,1318.16727,14.88248,100.0,1010.60507,9.0,-589.44899
2025-10-17 18:52:29,1690.53091,1286.51636,1320.02909,14.87233,100.0,1010.61594,9.0,-591.12589
2025-10-17 18:52:30,1690.53091,1288.37818,1320.02909,14.87741,100.0,1010.65077,9.0,-591.62674
2025-10-17 18:52:30,1692.39273,1292.10182,1323.75273,14.86726,100.0,1010.55428,9.0,-592.31657
2025-10-17 18:52:31,1692.39273,1290.24,1320.02909,14.87233,100.0,1010.61594,9.0,-590.51829
2025-10-17 18:52:31,1692.39273,1286.51636,1318.16727,14.86726,100.0,1010.58112,9.0,-588.6532
2025-10-17 18:52:32,1692.39273,1290.24,1320.02909,14.86726,100.0,1010.66164,9.0,-591.25157
2025-10-17 18:52:33,1694.25455,1293.96364,1321.89091,14.86218,100.0,1010.59998,9.0,-591.15141
2025-10-17 18:52:33,1692.39273,1288.37818,1320.02909,14.86218,100.0,1010.57314,9.0,-589.8624
2025-10-17 18:52:34,1692.39273,1288.37818,1320.02909,14.85203,100.0,1010.55718,9.0,-589.59872
2025-10-17 18:52:34,1690.53091,1292.10182,1320.02909,14.86218,100.0,1010.59998,9.0,-590.74543
2025-10-17 18:52:35,1694.25455,1293.96364,1323.75273,14.85203,100.0,1010.58402,9.0,-592.29202
2025-10-17 18:52:36,1688.66909,1293.96364,1325.61455,14.8368,100.0,1010.61376,9.0,-595.67796
2025-10-17 18:52:36,1694.25455,1288.37818,1321.89091,14.85203,100.0,1010.61086,9.0,-591.36378
2025-10-17 18:52:37,1694.25455,1292.10182,1321.89091,14.8571,100.0,1010.64568,9.0,-591.87448
2025-10-17 18:52:37,1690.53091,1292.10182,1323.75273,14.8368,100.0,1010.58692,9.0,-593.3269
2025-10-17 18:52:38,1692.39273,1292.10182,1323.75273,14.83172,100.0,1010.60577,9.0,-593.12311
2025-10-17 18:52:39,1690.53091,1288.37818,1320.02909,14.84695,100.0,1010.60288,9.0,-590.83597
2025-10-17 18:52:39,1692.39273,1290.24,1321.89091,14.8368,100.0,1010.61376,9.0,-591.86447
2025-10-17 18:52:40,1690.53091,1286.51636,1320.02909,14.84695,100.0,1010.60288,9.0,-590.8993
2025-10-17 18:52:40,1690.53091,1290.24,1323.75273,14.84695,100.0,1010.62972,9.0,-594.03695
2025-10-17 18:52:41,1692.39273,1290.24,1321.89091,14.82664,100.0,1010.51728,9.0,-590.30288
2025-10-17 18:52:42,1692.39273,1292.10182,1325.61455,14.82664,100.0,1010.65147,9.0,-595.26021
2025-10-17 18:52:42,1690.53091,1284.65455,1318.16727,14.82157,100.0,1010.61665,9.0,-589.78202
2025-10-17 18:52:43,1692.39273,1290.24,1320.02909,14.83172,100.0,1010.63261,9.0,-590.76059
2025-10-17 18:52:43,1690.53091,1290.24,1321.89091,14.81649,100.0,1010.58183,9.0,-591.8401
2025-10-17 18:52:44,1692.39273,1288.37818,1321.89091,14.81649,100.0,1010.60867,9.0,-591.80844
2025-10-17 18:52:45,1692.39273,1290.24,1321.89091,14.81142,100.0,1010.60069,9.0,-591.63609
2025-10-17 18:52:45,1692.39273,1292.10182,1323.75273,14.82664,100.0,1010.65147,9.0,-593.85593
2025-10-17 18:52:46,1692.39273,1292.10182,1323.75273,14.81142,100.0,1010.60069,9.0,-593.02679
2025-10-17 18:52:46,1690.53091,1288.37818,1321.89091,14.80634,100.0,1010.64638,9.0,-592.91295
2025-10-17 18:52:47,1688.66909,1286.51636,1321.89091,14.80634,100.0,1010.56587,9.0,-592.18311
2025-10-17 18:52:48,1694.25455,1292.10182,1323.75273,14.80634,100.0,1010.61954,9.0,-592.82272
2025-10-17 18:52:48,1692.39273,1290.24,1323.75273,14.80126,100.0,1010.58473,9.0,-592.77567
2025-10-17 18:52:49,1692.39273,1290.24,1323.75273,14.80126,100.0,1010.61156,9.0,-593.20812
2025-10-17 18:52:49,1692.39273,1292.10182,1325.61455,14.80126,100.0,1010.58473,9.0,-594.16638
2025-10-17 18:52:50,1692.39273,1288.37818,1320.02909,14.80634,100.0,1010.67322,9.0,-591.43692
2025-10-17 18:52:50,1692.39273,1290.24,1323.75273,14.80634,100.0,1010.61954,9.0,-593.3405
2025-10-17 18:52:51,1692.39273,1290.24,1323.75273,14.80634,100.0,1010.61954,9.0,-593.3405
2025-10-17 18:52:52,1694.25455,1288.37818,1321.89091,14.80634,100.0,1010.61954,9.0,-591.4721
2025-10-17 18:52:52,1692.39273,1290.24,1321.89091,14.80634,100.0,1010.56587,9.0,-591.07131
2025-10-17 18:52:53,1694.25455,1293.96364,1323.75273,14.80126,100.0,1010.6384,9.0,-593.13289
2025-10-17 18:52:53,1694.25455,1293.96364,1325.61455,14.80126,100.0,1010.58473,9.0,-593.67228
2025-10-17 18:52:54,1692.39273,1295.82545,1323.75273,14.79619,100.0,1010.60358,9.0,-593.10068
2025-10-17 18:52:55,1692.39273,1293.96364,1325.61455,14.80634,100.0,1010.56587,9.0,-593.87639
2025-10-17 18:52:55,1694.25455,1293.96364,1325.61455,14.80634,100.0,1010.59271,9.0,-593.80465
2025-10-17 18:52:56,1696.11636,1295.82545,1323.75273,14.78603,100.0,1010.61445,9.0,-592.25971
2025-10-17 18:52:56,1694.25455,1290.24,1321.89091,14.78603,100.0,1010.61445,9.0,-591.33464
2025-10-17 18:52:57,1692.39273,1290.24,1323.75273,14.79619,100.0,1010.65725,9.0,-593.94059
2025-10-17 18:52:58,1696.11636,1290.24,1321.89091,14.79111,100.0,1010.54193,9.0,-589.66565
2025-10-17 18:52:58,1694.25455,1293.96364,1325.61455,14.80126,100.0,1010.61156,9.0,-594.10473
2025-10-17 18:52:59,1696.11636,1292.10182,1323.75273,14.80126,100.0,1010.61156,9.0,-592.18615
2025-10-17 18:52:59,1696.11636,1292.10182,1323.75273,14.79619,100.0,1010.63042,9.0,-592.48616
2025-10-17 18:53:00,1692.39273,1290.24,1323.75273,14.79111,100.0,1010.62244,9.0,-593.37566
2025-10-17 18:53:01,1697.97818,1293.96364,1327.47636,14.79111,100.0,1010.54193,9.0,-593.37082
2025-10-17 18:53:01,1694.25455,1295.82545,1327.47636,14.79111,100.0,1010.62244,9.0,-595.70501
2025-10-17 18:53:02,1694.25455,1290.24,1323.75273,14.78603,100.0,1010.58762,9.0,-592.30648
2025-10-17 18:53:03,1694.25455,1292.10182,1323.75273,14.79111,100.0,1010.62244,9.0,-592.85788
2025-10-17 18:53:03,1696.11636,1292.10182,1323.75273,14.79619,100.0,1010.60358,9.0,-592.05372
2025-10-17 18:53:04,1696.11636,1293.96364,1327.47636,14.78603,100.0,1010.56078,9.0,-594.17493
2025-10-17 18:53:04,1697.97818,1292.10182,1325.61455,14.78096,100.0,1010.60647,9.0,-592.98864
2025-10-17 18:53:05,1696.11636,1290.24,1323.75273,14.78603,100.0,1010.58762,9.0,-591.80228
2025-10-17 18:53:05,1694.25455,1290.24,1321.89091,14.79619,100.0,1010.60358,9.0,-591.16721
2025-10-17 18:53:06,1692.39273,1290.24,1323.75273,14.79111,100.0,1010.56876,9.0,-592.51077
2025-10-17 18:53:07,1694.25455,1290.24,1321.89091,14.78603,100.0,1010.61445,9.0,-591.33464
2025-10-17 18:53:07,1696.11636,1288.37818,1321.89091,14.78096,100.0,1010.57964,9.0,-590.3055
2025-10-17 18:53:08,1692.39273,1288.37818,1325.61455,14.78096,100.0,1010.57964,9.0,-594.12246
2025-10-17 18:53:08,1697.97818,1292.10182,1323.75273,14.78603,100.0,1010.64129,9.0,-592.14939
2025-10-17 18:53:09,1696.11636,1293.96364,1325.61455,14.78096,100.0,1010.60647,9.0,-593.50294
2025-10-17 18:53:10,1692.39273,1288.37818,1325.61455,14.79111,100.0,1010.5956,9.0,-594.38758
2025-10-17 18:53:10,1696.11636,1290.24,1323.75273,14.79619,100.0,1010.60358,9.0,-592.0673
2025-10-17 18:53:11,1692.39273,1288.37818,1323.75273,14.80126,100.0,1010.61156,9.0,-593.2482
2025-10-17 18:53:11,1694.25455,1288.37818,1325.61455,14.80634,100.0,1010.61954,9.0,-594.28067
2025-10-17 18:53:12,1694.25455,1286.51636,1323.75273,14.81142,100.0,1010.57385,9.0,-592.20712
2025-10-17 18:53:13,1692.39273,1290.24,1321.89091,14.81142,100.0,1010.57385,9.0,-591.20363
2025-10-17 18:53:13,1694.25455,1290.24,1325.61455,14.81142,100.0,1010.60069,9.0,-593.94046
2025-10-17 18:53:14,1696.11636,1292.10182,1327.47636,14.82157,100.0,1010.58981,9.0,-594.65899
2025-10-17 18:53:15,1694.25455,1288.37818,1325.61455,14.8368,100.0,1010.66743,9.0,-595.07388
2025-10-17 18:53:16,1690.53091,1288.37818,1321.89091,14.82664,100.0,1010.62463,9.0,-592.57703
2025-10-17 18:53:16,1692.39273,1290.24,1327.47636,14.83172,100.0,1010.60577,9.0,-595.94526
2025-10-17 18:53:17,1694.25455,1290.24,1323.75273,14.8368,100.0,1010.61376,9.0,-592.76456
2025-10-17 18:53:17,1692.39273,1288.37818,1323.75273,14.83172,100.0,1010.71313,9.0,-594.90666
2025-10-17 18:53:18,1690.53091,1286.51636,1323.75273,14.83172,100.0,1010.57894,9.0,-593.31182
2025-10-17 18:53:19,1692.39273,1290.24,1323.75273,14.84695,100.0,1010.62972,9.0,-593.53275
2025-10-17 18:53:19,1694.25455,1293.96364,1325.61455,14.8368,100.0,1010.61376,9.0,-594.16536
2025-10-17 18:53:20,1690.53091,1290.24,1325.61455,14.85203,100.0,1010.55718,9.0,-594.27569
2025-10-17 18:53:20,1694.25455,1290.24,1325.61455,14.85203,100.0,1010.58402,9.0,-593.69978
2025-10-17 18:53:21,1692.39273,1286.51636,1323.75273,14.85203,100.0,1010.55718,9.0,-592.47062
2025-10-17 18:53:22,1690.53091,1290.24,1325.61455,14.8571,100.0,1010.61884,9.0,-595.27253
2025-10-17 18:53:22,1692.39273,1290.24,1327.47636,14.86726,100.0,1010.58112,9.0,-595.57122
2025-10-17 18:53:23,1690.53091,1288.37818,1321.89091,14.86218,100.0,1010.65366,9.0,-593.06836
2025-10-17 18:53:23,1690.53091,1288.37818,1323.75273,14.84695,100.0,1010.5492,9.0,-592.77958
2025-10-17 18:53:24,1692.39273,1288.37818,1323.75273,14.85203,100.0,1010.66454,9.0,-594.13723
2025-10-17 18:53:24,1692.39273,1292.10182,1327.47636,14.8571,100.0,1010.53832,9.0,-594.86157
2025-10-17 18:53:25,1690.53091,1290.24,1323.75273,14.8571,100.0,1010.592,9.0,-593.43576
2025-10-17 18:53:26,1690.53091,1292.10182,1327.47636,14.8571,100.0,1010.592,9.0,-596.23075
2025-10-17 18:53:26,1690.53091,1292.10182,1325.61455,14.87741,100.0,1010.62393,9.0,-595.35343
2025-10-17 18:53:27,1692.39273,1292.10182,1327.47636,14.86218,100.0,1010.62682,9.0,-596.29086
2025-10-17 18:53:27,1692.39273,1290.24,1327.47636,14.87741,100.0,1010.62393,9.0,-596.2671
2025-10-17 18:53:28,1688.66909,1288.37818,1321.89091,14.86726,100.0,1010.60796,9.0,-592.83934
2025-10-17 18:53:29,1688.66909,1290.24,1321.89091,14.87233,100.0,1010.61594,9.0,-592.93097
2025-10-17 18:53:29,1690.53091,1288.37818,1327.47636,14.86726,100.0,1010.58112,9.0,-596.11549
2025-10-17 18:53:30,1690.53091,1288.37818,1325.61455,14.86726,100.0,1010.58112,9.0,-594.71121
2025-10-17 18:53:30,1690.53091,1292.10182,1329.33818,14.8571,100.0,1010.61884,9.0,-598.06752
2025-10-17 18:53:31,1690.53091,1286.51636,1323.75273,14.86726,100.0,1010.66164,9.0,-594.66774
2025-10-17 18:53:32,1690.53091,1290.24,1323.75273,14.87233,100.0,1010.50858,9.0,-592.10106
2025-10-17 18:53:32,1692.39273,1292.10182,1327.47636,14.8571,100.0,1010.61884,9.0,-596.15904
2025-10-17 18:53:33,1688.66909,1288.37818,1323.75273,14.85203,100.0,1010.55718,9.0,-593.41569
2025-10-17 18:53:33,1690.53091,1290.24,1327.47636,14.86218,100.0,1010.5463,9.0,-595.51116
2025-10-17 18:53:34,1688.66909,1290.24,1325.61455,14.8571,100.0,1010.592,9.0,-595.34424
2025-10-17 18:53:35,1688.66909,1292.10182,1325.61455,14.85203,100.0,1010.53034,9.0,-594.33383
2025-10-17 18:53:35,1690.53091,1293.96364,1327.47636,14.86726,100.0,1010.58112,9.0,-596.07193
2025-10-17 18:53:36,1690.53091,1290.24,1325.61455,14.86726,100.0,1010.55428,9.0,-594.23863
2025-10-17 18:53:36,1686.80727,1290.24,1325.61455,14.84695,100.0,1010.57604,9.0,-595.58466
2025-10-17 18:53:37,1686.80727,1288.37818,1323.75273,14.85203,100.0,1010.61086,9.0,-594.78486
2025-10-17 18:53:38,1692.39273,1292.10182,1327.47636,14.8571,100.0,1010.61884,9.0,-596.15904
2025-10-17 18:53:38,1688.66909,1290.24,1323.75273,14.85203,100.0,1010.61086,9.0,-594.24058
2025-10-17 18:53:39,1688.66909,1293.96364,1325.61455,14.8571,100.0,1010.592,9.0,-595.34076
2025-10-17 18:53:40,1690.53091,1290.24,1327.47636,14.86726,100.0,1010.58112,9.0,-596.07541
2025-10-17 18:53:40,1690.53091,1295.82545,1329.33818,14.8571,100.0,1010.53832,9.0,-596.80862
2025-10-17 18:53:41,1686.80727,1292.10182,1323.75273,14.86726,100.0,1010.58112,9.0,-594.26166
2025-10-17 18:53:41,1690.53091,1290.24,1325.61455,14.86218,100.0,1010.57314,9.0,-594.53937
2025-10-17 18:53:42,1686.80727,1288.37818,1323.75273,14.86726,100.0,1010.58112,9.0,-594.31532
2025-10-17 18:53:42,1688.66909,1292.10182,1327.47636,14.86218,100.0,1010.57314,9.0,-596.43427
2025-10-17 18:53:43,1690.53091,1290.24,1323.75273,14.87233,100.0,1010.56226,9.0,-592.96606
2025-10-17 18:53:44,1688.66909,1288.37818,1321.89091,14.87233,100.0,1010.61594,9.0,-592.97105
2025-10-17 18:53:44,1688.66909,1290.24,1323.75273,14.87741,100.0,1010.59708,9.0,-594.03443
2025-10-17 18:53:45,1690.53091,1293.96364,1329.33818,14.86218,100.0,1010.5463,9.0,-596.91196
2025-10-17 18:53:46,1690.53091,1295.82545,1327.47636,14.87741,100.0,1010.62393,9.0,-596.79628
2025-10-17 18:53:46,1688.66909,1288.37818,1323.75273,14.87741,100.0,1010.5434,9.0,-593.2095
2025-10-17 18:53:47,1688.66909,1290.24,1327.47636,14.87741,100.0,1010.65077,9.0,-597.708
2025-10-17 18:53:47,1690.53091,1290.24,1325.61455,14.86726,100.0,1010.6348,9.0,-595.53612
2025-10-17 18:53:48,1688.66909,1290.24,1325.61455,14.88248,100.0,1010.65875,9.0,-596.43534
2025-10-17 18:53:49,1686.80727,1288.37818,1325.61455,14.86218,100.0,1010.5463,9.0,-595.15535
2025-10-17 18:53:49,1688.66909,1290.24,1323.75273,14.86218,100.0,1010.62682,9.0,-594.50427
2025-10-17 18:53:50,1688.66909,1290.24,1323.75273,14.87741,100.0,1010.51656,9.0,-592.73692
2025-10-17 18:53:50,1690.53091,1292.10182,1327.47636,14.86218,100.0,1010.5463,9.0,-595.49758
2025-10-17 18:53:51,1688.66909,1293.96364,1327.47636,14.86218,100.0,1010.62682,9.0,-597.30935
2025-10-17 18:53:52,1688.66909,1293.96364,1327.47636,14.85203,100.0,1010.58402,9.0,-596.61318
2025-10-17 18:53:52,1690.53091,1292.10182,1327.47636,14.84695,100.0,1010.60288,9.0,-596.39945
2025-10-17 18:53:53,1690.53091,1292.10182,1325.61455,14.8368,100.0,1010.53324,9.0,-593.86624
2025-10-17 18:53:54,1690.53091,1292.10182,1325.61455,14.8368,100.0,1010.53324,9.0,-593.86624
2025-10-17 18:53:54,1690.53091,1292.10182,1327.47636,14.8368,100.0,1010.56008,9.0,-595.703
2025-10-17 18:53:55,1690.53091,1292.10182,1325.61455,14.85203,100.0,1010.58402,9.0,-594.6946
2025-10-17 18:53:55,1688.66909,1292.10182,1327.47636,14.8368,100.0,1010.58692,9.0,-596.63967
2025-10-17 18:53:56,1692.39273,1293.96364,1327.47636,14.83172,100.0,1010.60577,9.0,-595.94178
2025-10-17 18:53:56,1690.53091,1292.10182,1329.33818,14.8368,100.0,1010.53324,9.0,-596.67481
2025-10-17 18:53:57,1688.66909,1288.37818,1323.75273,14.84695,100.0,1010.52236,9.0,-592.8513
2025-10-17 18:53:57,1690.53091,1292.10182,1327.47636,14.8368,100.0,1010.58692,9.0,-596.13547
2025-10-17 18:53:58,1690.53091,1292.10182,1331.2,14.84695,100.0,1010.60288,9.0,-599.20802
2025-10-17 18:53:59,1690.53091,1290.24,1325.61455,14.84695,100.0,1010.60288,9.0,-595.00875
2025-10-17 18:53:59,1690.53091,1292.10182,1329.33818,14.8368,100.0,1010.56008,9.0,-597.10728
2025-10-17 18:54:00,1690.53091,1290.24,1327.47636,14.84695,100.0,1010.62972,9.0,-596.84552
2025-10-17 18:54:00,1688.66909,1292.10182,1327.47636,14.8571,100.0,1010.592,9.0,-596.73495
2025-10-17 18:54:01,1688.66909,1288.37818,1323.75273,14.85203,100.0,1010.61086,9.0,-594.28066
2025-10-17 18:54:02,1690.53091,1292.10182,1331.2,14.85203,100.0,1010.53034,9.0,-598.04248
2025-10-17 18:54:02,1690.53091,1290.24,1325.61455,14.85203,100.0,1010.58402,9.0,-594.70818
2025-10-17 18:54:03,1686.80727,1292.10182,1325.61455,14.8571,100.0,1010.592,9.0,-595.83486
2025-10-17 18:54:03,1692.39273,1292.10182,1329.33818,14.86218,100.0,1010.62682,9.0,-597.69514
2025-10-17 18:54:04,1694.25455,1292.10182,1327.47636,14.85203,100.0,1010.55718,9.0,-594.658
2025-10-17 18:54:04,1690.53091,1292.10182,1329.33818,14.8571,100.0,1010.61884,9.0,-598.06752
2025-10-17 18:54:05,1690.53091,1290.24,1327.47636,14.8571,100.0,1010.53832,9.0,-595.37935
2025-10-17 18:54:06,1688.66909,1292.10182,1327.47636,14.85203,100.0,1010.61086,9.0,-597.03557
2025-10-17 18:54:06,1690.53091,1292.10182,1329.33818,14.8368,100.0,1010.58692,9.0,-597.53976
2025-10-17 18:54:07,1686.80727,1292.10182,1329.33818,14.82664,100.0,1010.57096,9.0,-598.28397
2025-10-17 18:54:07,1692.39273,1288.37818,1323.75273,14.83172,100.0,1010.60577,9.0,-593.17677
2025-10-17 18:54:08,1690.53091,1290.24,1323.75273,14.83172,100.0,1010.5521,9.0,-592.77595
2025-10-17 18:54:08,1692.39273,1293.96364,1329.33818,14.8368,100.0,1010.58692,9.0,-597.04565
2025-10-17 18:54:09,1690.53091,1292.10182,1325.61455,14.8368,100.0,1010.64059,9.0,-595.59614
2025-10-17 18:54:09,1690.53091,1292.10182,1327.47636,14.8368,100.0,1010.61376,9.0,-596.56795
2025-10-17 18:54:10,1694.25455,1292.10182,1327.47636,14.82664,100.0,1010.54412,9.0,-594.43043
2025-10-17 18:54:11,1694.25455,1293.96364,1329.33818,14.82664,100.0,1010.54412,9.0,-595.84481
2025-10-17 18:54:11,1694.25455,1292.10182,1327.47636,14.82664,100.0,1010.65147,9.0,-596.1603
2025-10-17 18:54:12,1690.53091,1290.24,1325.61455,14.82664,100.0,1010.54412,9.0,-594.04812
2025-10-17 18:54:13,1692.39273,1290.24,1325.61455,14.82664,100.0,1010.57096,9.0,-593.97639
2025-10-17 18:54:13,1688.66909,1288.37818,1323.75273,14.82664,100.0,1010.57096,9.0,-593.62058
2025-10-17 18:54:14,1694.25455,1293.96364,1331.2,14.81649,100.0,1010.55499,9.0,-597.41718
2025-10-17 18:54:14,1694.25455,1290.24,1327.47636,14.8368,100.0,1010.56008,9.0,-594.70818
2025-10-17 18:54:15,1694.25455,1290.24,1327.47636,14.83172,100.0,1010.49842,9.0,-593.71118
2025-10-17 18:54:16,1690.53091,1288.37818,1327.47636,14.83172,100.0,1010.57894,9.0,-596.05707
2025-10-17 18:54:16,1694.25455,1293.96364,1329.33818,14.8368,100.0,1010.61376,9.0,-596.97393
2025-10-17 18:54:17,1690.53091,1292.10182,1327.47636,14.81649,100.0,1010.58183,9.0,-596.03937
2025-10-17 18:54:17,1690.53091,1288.37818,1323.75273,14.82664,100.0,1010.54412,9.0,-592.68391
2025-10-17 18:54:18,1694.25455,1292.10182,1327.47636,14.82157,100.0,1010.5093,9.0,-593.8658
2025-10-17 18:54:19,1692.39273,1292.10182,1327.47636,14.81142,100.0,1010.52018,9.0,-594.53799
2025-10-17 18:54:19,1692.39273,1288.37818,1325.61455,14.81649,100.0,1010.58183,9.0,-594.18455
2025-10-17 18:54:20,1694.25455,1290.24,1327.47636,14.81649,100.0,1010.58183,9.0,-595.04455
2025-10-17 18:54:20,1694.25455,1292.10182,1327.47636,14.80634,100.0,1010.5122,9.0,-593.90148
2025-10-17 18:54:21,1694.25455,1292.10182,1327.47636,14.79619,100.0,1010.60358,9.0,-595.36648
2025-10-17 18:54:22,1692.39273,1292.10182,1329.33818,14.80126,100.0,1010.55789,9.0,-596.5425
2025-10-17 18:54:22,1694.25455,1290.24,1327.47636,14.80634,100.0,1010.56587,9.0,-594.77996
2025-10-17 18:54:23,1694.25455,1290.24,1327.47636,14.80634,100.0,1010.53903,9.0,-594.34751
2025-10-17 18:54:23,1694.25455,1292.10182,1331.2,14.80634,100.0,1010.53903,9.0,-597.1425
2025-10-17 18:54:24,1696.11636,1295.82545,1333.06182,14.81142,100.0,1010.57385,9.0,-598.64592
2025-10-17 18:54:25,1690.53091,1288.37818,1327.47636,14.79619,100.0,1010.57674,9.0,-595.99609
2025-10-17 18:54:25,1694.25455,1292.10182,1331.2,14.79619,100.0,1010.63042,9.0,-598.6075
2025-10-17 18:54:26,1694.25455,1290.24,1327.47636,14.79619,100.0,1010.57674,9.0,-594.94762
2025-10-17 18:54:26,1694.25455,1292.10182,1329.33818,14.79111,100.0,1010.56876,9.0,-596.20584
2025-10-17 18:54:27,1692.39273,1290.24,1325.61455,14.79619,100.0,1010.52307,9.0,-593.18264
2025-10-17 18:54:28,1694.25455,1288.37818,1327.47636,14.80126,100.0,1010.55789,9.0,-594.68767
2025-10-17 18:54:29,1696.11636,1292.10182,1331.2,14.79619,100.0,1010.60358,9.0,-597.67085
2025-10-17 18:54:29,1696.11636,1292.10182,1329.33818,14.80126,100.0,1010.53105,9.0,-595.10165
2025-10-17 18:54:30,1692.39273,1290.24,1327.47636,14.77588,100.0,1010.51798,9.0,-594.48917
2025-10-17 18:54:30,1694.25455,1295.82545,1331.2,14.79111,100.0,1010.62244,9.0,-598.51358
2025-10-17 18:54:31,1694.25455,1290.24,1329.33818,14.77588,100.0,1010.54482,9.0,-595.82168
2025-10-17 18:54:32,1696.11636,1293.96364,1327.47636,14.77081,100.0,1010.56367,9.0,-594.20946
2025-10-17 18:54:32,1696.11636,1292.10182,1331.2,14.76573,100.0,1010.55569,9.0,-596.87519
2025-10-17 18:54:33,1696.11636,1290.24,1327.47636,14.77081,100.0,1010.51,9.0,-593.34809
2025-10-17 18:54:33,1694.25455,1288.37818,1325.61455,14.76065,100.0,1010.57455,9.0,-593.51983
2025-10-17 18:54:34,1694.25455,1292.10182,1329.33818,14.76573,100.0,1010.58253,9.0,-596.40753
2025-10-17 18:54:34,1694.25455,1292.10182,1329.33818,14.76065,100.0,1010.60138,9.0,-596.70716
2025-10-17 18:54:35,1692.39273,1288.37818,1325.61455,14.7505,100.0,1010.55858,9.0,-593.75828
2025-10-17 18:54:35,1694.25455,1290.24,1331.2,14.75558,100.0,1010.5934,9.0,-597.99217
2025-10-17 18:54:36,1692.39273,1293.96364,1331.2,14.7505,100.0,1010.58542,9.0,-598.35998
2025-10-17 18:54:37,1694.25455,1293.96364,1333.06182,14.7505,100.0,1010.61225,9.0,-599.69248
2025-10-17 18:54:37,1694.25455,1290.24,1327.47636,14.74035,100.0,1010.59629,9.0,-595.21714
2025-10-17 18:54:38,1692.39273,1292.10182,1329.33818,14.74542,100.0,1010.57744,9.0,-596.81264
2025-10-17 18:54:39,1696.11636,1290.24,1329.33818,14.74035,100.0,1010.62313,9.0,-596.54963
2025-10-17 18:54:39,1692.39273,1292.10182,1327.47636,14.74035,100.0,1010.59629,9.0,-595.70775
2025-10-17 18:54:40,1694.25455,1292.10182,1331.2,14.73527,100.0,1010.56147,9.0,-597.44665
2025-10-17 18:54:40,1696.11636,1292.10182,1329.33818,14.73527,100.0,1010.56147,9.0,-595.53817
2025-10-17 18:54:41,1694.25455,1288.37818,1325.61455,14.74542,100.0,1010.65794,9.0,-594.85077
2025-10-17 18:54:41,1696.11636,1292.10182,1327.47636,14.74542,100.0,1010.63111,9.0,-595.26479
2025-10-17 18:54:42,1696.11636,1293.96364,1331.2,14.74035,100.0,1010.64996,9.0,-598.38284
2025-10-17 18:54:43,1694.25455,1288.37818,1327.47636,14.74542,100.0,1010.60427,9.0,-595.39023
2025-10-17 18:54:43,1696.11636,1293.96364,1331.2,14.74035,100.0,1010.56946,9.0,-597.08562
2025-10-17 18:54:44,1696.11636,1292.10182,1329.33818,14.7505,100.0,1010.61225,9.0,-596.36962
2025-10-17 18:54:44,1694.25455,1292.10182,1329.33818,14.75558,100.0,1010.53973,9.0,-595.70947
2025-10-17 18:54:45,1696.11636,1290.24,1327.47636,14.74542,100.0,1010.63111,9.0,-595.27837
2025-10-17 18:54:46,1692.39273,1292.10182,1327.47636,14.7505,100.0,1010.58542,9.0,-595.54132
2025-10-17 18:54:46,1696.11636,1288.37818,1329.33818,14.74542,100.0,1010.5506,9.0,-595.42549
2025-10-17 18:54:47,1696.11636,1290.24,1331.2,14.74542,100.0,1010.5506,9.0,-596.7897
2025-10-17 18:54:47,1697.97818,1292.10182,1333.06182,14.75558,100.0,1010.53973,9.0,-597.50964
2025-10-17 18:54:48,1694.25455,1290.24,1329.33818,14.74542,100.0,1010.60427,9.0,-596.75444
2025-10-17 18:54:48,1696.11636,1297.68727,1329.33818,14.74542,100.0,1010.5506,9.0,-595.45191
2025-10-17 18:54:49,1696.11636,1292.10182,1331.2,14.74542,100.0,1010.57744,9.0,-597.20853
2025-10-17 18:54:50,1697.97818,1293.96364,1333.06182,14.74542,100.0,1010.5506,9.0,-597.6863
2025-10-17 18:54:50,1696.11636,1290.24,1333.06182,14.74035,100.0,1010.59629,9.0,-598.92579
2025-10-17 18:54:51,1692.39273,1288.37818,1327.47636,14.74542,100.0,1010.57744,9.0,-595.46202
2025-10-17 18:54:51,1694.25455,1288.37818,1329.33818,14.74542,100.0,1010.5506,9.0,-595.92969
2025-10-17 18:54:52,1696.11636,1292.10182,1329.33818,14.73527,100.0,1010.58831,9.0,-595.97057
2025-10-17 18:54:52,1696.11636,1290.24,1331.2,14.74542,100.0,1010.57744,9.0,-597.22211
2025-10-17 18:54:53,1694.25455,1290.24,1327.47636,14.7505,100.0,1010.66592,9.0,-596.34795
2025-10-17 18:54:54,1696.11636,1288.37818,1329.33818,14.75558,100.0,1010.53973,9.0,-595.25893
2025-10-17 18:54:54,1694.25455,1290.24,1329.33818,14.75558,100.0,1010.5934,9.0,-596.58789
2025-10-17 18:54:55,1697.97818,1295.82545,1334.92364,14.76065,100.0,1010.57455,9.0,-599.51776
2025-10-17 18:54:55,1694.25455,1292.10182,1331.2,14.76065,100.0,1010.54771,9.0,-597.2466
2025-10-17 18:54:56,1692.39273,1290.24,1327.47636,14.76065,100.0,1010.62822,9.0,-596.25308
2025-10-17 18:54:57,1696.11636,1288.37818,1329.33818,14.75558,100.0,1010.5934,9.0,-596.12377
2025-10-17 18:54:57,1692.39273,1292.10182,1333.06182,14.77081,100.0,1010.61735,9.0,-600.28547
2025-10-17 18:54:58,1694.25455,1292.10182,1331.2,14.78096,100.0,1010.63331,9.0,-598.64233
2025-10-17 18:54:58,1692.39273,1288.37818,1329.33818,14.78096,100.0,1010.5528,9.0,-596.49859
2025-10-17 18:54:59,1692.39273,1288.37818,1329.33818,14.78603,100.0,1010.56078,9.0,-596.63117
2025-10-17 18:54:59,1696.11636,1286.51636,1331.2,14.79619,100.0,1010.57674,9.0,-597.35539
2025-10-17 18:55:00,1694.25455,1288.37818,1329.33818,14.79111,100.0,1010.56876,9.0,-596.2595
2025-10-17 18:55:00,1694.25455,1290.24,1331.2,14.80126,100.0,1010.61156,9.0,-598.32106
2025-10-17 18:55:01,1696.11636,1288.37818,1333.06182,14.80126,100.0,1010.61156,9.0,-599.26123
2025-10-17 18:55:02,1694.25455,1292.10182,1333.06182,14.80634,100.0,1010.53903,9.0,-598.54678
2025-10-17 18:55:03,1694.25455,1288.37818,1331.2,14.80634,100.0,1010.61954,9.0,-598.49352
2025-10-17 18:55:03,1694.25455,1286.51636,1329.33818,14.81649,100.0,1010.55499,9.0,-596.11978
2025-10-17 18:55:04,1694.25455,1286.51636,1331.2,14.81142,100.0,1010.49334,9.0,-596.52689
2025-10-17 18:55:04,1694.25455,1288.37818,1329.33818,14.82157,100.0,1010.56297,9.0,-596.18867
2025-10-17 18:55:05,1694.25455,1288.37818,1331.2,14.82664,100.0,1010.57096,9.0,-597.72512
2025-10-17 18:55:05,1694.25455,1290.24,1331.2,14.81649,100.0,1010.60867,9.0,-598.28558
2025-10-17 18:55:06,1694.25455,1286.51636,1329.33818,14.81649,100.0,1010.60867,9.0,-596.9847
2025-10-17 18:55:06,1696.11636,1290.24,1331.2,14.8368,100.0,1010.58692,9.0,-597.44503
2025-10-17 18:55:07,1696.11636,1290.24,1333.06182,14.8368,100.0,1010.61376,9.0,-599.28178
2025-10-17 18:55:08,1690.53091,1292.10182,1333.06182,14.8368,100.0,1010.56008,9.0,-599.91585
2025-10-17 18:55:08,1694.25455,1288.37818,1333.06182,14.83172,100.0,1010.5521,9.0,-598.82905
2025-10-17 18:55:09,1690.53091,1288.37818,1331.2,14.83172,100.0,1010.60577,9.0,-599.29811
2025-10-17 18:55:10,1692.39273,1286.51636,1329.33818,14.82664,100.0,1010.57096,9.0,-596.88836
2025-10-17 18:55:10,1692.39273,1286.51636,1331.2,14.84695,100.0,1010.6834,9.0,-600.11825
2025-10-17 18:55:11,1692.39273,1288.37818,1331.2,14.84695,100.0,1010.57604,9.0,-598.325
2025-10-17 18:55:11,1690.53091,1284.65455,1329.33818,14.8368,100.0,1010.47956,9.0,-596.00924
2025-10-17 18:55:12,1692.39273,1290.24,1334.92364,14.84695,100.0,1010.62972,9.0,-601.95845
2025-10-17 18:55:13,1694.25455,1288.37818,1331.2,14.85203,100.0,1010.61086,9.0,-598.3852
2025-10-17 18:55:13,1694.25455,1288.37818,1333.06182,14.84695,100.0,1010.52236,9.0,-598.36012
2025-10-17 18:55:14,1690.53091,1286.51636,1331.2,14.85203,100.0,1010.55718,9.0,-598.59195
2025-10-17 18:55:15,1694.25455,1288.37818,1333.06182,14.84695,100.0,1010.52236,9.0,-598.36012
2025-10-17 18:55:15,1690.53091,1288.37818,1333.06182,14.8571,100.0,1010.56516,9.0,-600.06477
2025-10-17 18:55:16,1692.39273,1286.51636,1331.2,14.86218,100.0,1010.59998,9.0,-598.78392
2025-10-17 18:55:16,1694.25455,1290.24,1333.06182,14.86218,100.0,1010.59998,9.0,-599.5806
2025-10-17 18:55:17,1688.66909,1284.65455,1329.33818,14.85203,100.0,1010.58402,9.0,-598.20675
2025-10-17 18:55:17,1692.39273,1286.51636,1331.2,14.86218,100.0,1010.59998,9.0,-598.78392
2025-10-17 18:55:18,1692.39273,1286.51636,1329.33818,14.86218,100.0,1010.51946,9.0,-596.08216
2025-10-17 18:55:19,1694.25455,1290.24,1333.06182,14.86218,100.0,1010.62682,9.0,-600.01309
2025-10-17 18:55:19,1694.25455,1288.37818,1333.06182,14.86726,100.0,1010.6348,9.0,-600.18494
2025-10-17 18:55:20,1694.25455,1286.51636,1331.2,14.8571,100.0,1010.61884,9.0,-598.58039
2025-10-17 18:55:20,1690.53091,1288.37818,1333.06182,14.86726,100.0,1010.55428,9.0,-599.89585
2025-10-17 18:55:21,1694.25455,1288.37818,1331.2,14.86726,100.0,1010.60796,9.0,-598.34816
2025-10-17 18:55:22,1694.25455,1288.37818,1334.92364,14.87741,100.0,1010.62393,9.0,-601.42012
2025-10-17 18:55:22,1692.39273,1292.10182,1331.2,14.87233,100.0,1010.53542,9.0,-597.63292
2025-10-17 18:55:23,1690.53091,1284.65455,1329.33818,14.87741,100.0,1010.62393,9.0,-598.36139
2025-10-17 18:55:23,1692.39273,1284.65455,1331.2,14.87741,100.0,1010.62393,9.0,-599.26147
2025-10-17 18:55:24,1694.25455,1290.24,1334.92364,14.86726,100.0,1010.5006,9.0,-599.38667
2025-10-17 18:55:25,1690.53091,1284.65455,1327.47636,14.86726,100.0,1010.6348,9.0,-597.12621
2025-10-17 18:55:25,1694.25455,1288.37818,1333.06182,14.87741,100.0,1010.59708,9.0,-599.58333
2025-10-17 18:55:26,1688.66909,1286.51636,1329.33818,14.8571,100.0,1010.61884,9.0,-598.6887
2025-10-17 18:55:26,1690.53091,1288.37818,1331.2,14.85203,100.0,1010.55718,9.0,-598.52863
2025-10-17 18:55:27,1690.53091,1286.51636,1333.06182,14.85203,100.0,1010.53034,9.0,-599.56375
2025-10-17 18:55:28,1688.66909,1288.37818,1334.92364,14.85203,100.0,1010.58402,9.0,-602.27388
2025-10-17 18:55:28,1688.66909,1284.65455,1329.33818,14.84695,100.0,1010.57604,9.0,-598.07484
2025-10-17 18:55:29,1690.53091,1288.37818,1333.06182,14.83172,100.0,1010.60577,9.0,-600.70239
2025-10-17 18:55:29,1694.25455,1290.24,1333.06182,14.83172,100.0,1010.60577,9.0,-599.65391
2025-10-17 18:55:30,1692.39273,1286.51636,1331.2,14.82664,100.0,1010.54412,9.0,-597.86018
2025-10-17 18:55:31,1690.53091,1288.37818,1333.06182,14.82157,100.0,1010.53614,9.0,-599.57317
2025-10-17 18:55:31,1688.66909,1284.65455,1327.47636,14.8368,100.0,1010.58692,9.0,-596.83905
2025-10-17 18:55:32,1692.39273,1290.24,1333.06182,14.82664,100.0,1010.59779,9.0,-600.02599
2025-10-17 18:55:32,1692.39273,1288.37818,1333.06182,14.83172,100.0,1010.49842,9.0,-598.46831
2025-10-17 18:55:33,1692.39273,1290.24,1333.06182,14.83172,100.0,1010.5521,9.0,-599.29317
2025-10-17 18:55:34,1690.53091,1292.10182,1333.06182,14.83172,100.0,1010.52526,9.0,-599.35132
2025-10-17 18:55:34,1692.39273,1288.37818,1331.2,14.8368,100.0,1010.5064,9.0,-597.19608
2025-10-17 18:55:35,1692.39273,1288.37818,1333.06182,14.8368,100.0,1010.56008,9.0,-599.46531
2025-10-17 18:55:35,1688.66909,1284.65455,1329.33818,14.84695,100.0,1010.60288,9.0,-598.50732
2025-10-17 18:55:36,1690.53091,1284.65455,1329.33818,14.8571,100.0,1010.56516,9.0,-597.40193
2025-10-17 18:55:37,1692.39273,1286.51636,1331.2,14.84695,100.0,1010.57604,9.0,-598.38832
2025-10-17 18:55:37,1692.39273,1290.24,1334.92364,14.85203,100.0,1010.58402,9.0,-601.2254
2025-10-17 18:55:38,1692.39273,1286.51636,1331.2,14.84187,100.0,1010.5949,9.0,-598.68884
2025-10-17 18:55:39,1692.39273,1286.51636,1331.2,14.85203,100.0,1010.55718,9.0,-598.08775
2025-10-17 18:55:40,1690.53091,1290.24,1333.06182,14.84695,100.0,1010.60288,9.0,-600.62589
2025-10-17 18:55:40,1692.39273,1286.51636,1333.06182,14.8368,100.0,1010.53324,9.0,-599.09616
2025-10-17 18:55:41,1692.39273,1286.51636,1331.2,14.8368,100.0,1010.56008,9.0,-598.12435
2025-10-17 18:55:42,1690.53091,1288.37818,1331.2,14.83172,100.0,1010.57894,9.0,-598.86563
2025-10-17 18:55:42,1688.66909,1288.37818,1334.92364,14.83172,100.0,1010.65945,9.0,-603.47582
2025-10-17 18:55:43,1690.53091,1286.51636,1329.33818,14.8368,100.0,1010.56008,9.0,-597.22426
2025-10-17 18:55:43,1686.80727,1284.65455,1331.2,14.81142,100.0,1010.52018,9.0,-599.05854
2025-10-17 18:55:44,1692.39273,1286.51636,1331.2,14.82664,100.0,1010.51728,9.0,-597.42771
2025-10-17 18:55:45,1688.66909,1288.37818,1331.2,14.82157,100.0,1010.53614,9.0,-598.67309
2025-10-17 18:55:45,1690.53091,1286.51636,1333.06182,14.81649,100.0,1010.58183,9.0,-600.36921
2025-10-17 18:55:46,1688.66909,1290.24,1331.2,14.81649,100.0,1010.58183,9.0,-599.36572
2025-10-17 18:55:46,1690.53091,1286.51636,1333.06182,14.80634,100.0,1010.56587,9.0,-600.10462
2025-10-17 18:55:47,1688.66909,1286.51636,1327.47636,14.80634,100.0,1010.59271,9.0,-596.82842
2025-10-17 18:55:48,1688.66909,1286.51636,1333.06182,14.81142,100.0,1010.60069,9.0,-601.17359
2025-10-17 18:55:48,1692.39273,1286.51636,1331.2,14.80634,100.0,1010.53903,9.0,-597.76368
2025-10-17 18:55:49,1690.53091,1282.79273,1331.2,14.81649,100.0,1010.63551,9.0,-600.00956
2025-10-17 18:55:49,1692.39273,1286.51636,1331.2,14.80126,100.0,1010.47738,9.0,-596.76641
2025-10-17 18:55:50,1692.39273,1290.24,1331.2,14.80126,100.0,1010.61156,9.0,-598.82526
2025-10-17 18:55:51,1688.66909,1290.24,1329.33818,14.79111,100.0,1010.56876,9.0,-597.73202
2025-10-17 18:55:51,1692.39273,1290.24,1331.2,14.79619,100.0,1010.54991,9.0,-597.82794
2025-10-17 18:55:52,1688.66909,1286.51636,1331.2,14.80126,100.0,1010.53105,9.0,-598.63971
2025-10-17 18:55:52,1690.53091,1292.10182,1333.06182,14.79111,100.0,1010.56876,9.0,-600.02281
2025-10-17 18:55:53,1688.66909,1290.24,1333.06182,14.80126,100.0,1010.58473,9.0,-600.80549
2025-10-17 18:55:54,1692.39273,1286.51636,1331.2,14.79619,100.0,1010.57674,9.0,-598.36379
2025-10-17 18:55:54,1690.53091,1290.24,1333.06182,14.79619,100.0,1010.52307,9.0,-599.30397
2025-10-17 18:55:55,1686.80727,1290.24,1331.2,14.79619,100.0,1010.54991,9.0,-599.34053
2025-10-17 18:55:55,1690.53091,1288.37818,1334.92364,14.78603,100.0,1010.56078,9.0,-601.34823
2025-10-17 18:55:56,1690.53091,1284.65455,1329.33818,14.78603,100.0,1010.56078,9.0,-597.2811
2025-10-17 18:55:57,1688.66909,1284.65455,1331.2,14.78603,100.0,1010.56078,9.0,-599.18958
2025-10-17 18:55:57,1690.53091,1288.37818,1331.2,14.78603,100.0,1010.56078,9.0,-598.53966
2025-10-17 18:55:58,1690.53091,1292.10182,1333.06182,14.78603,100.0,1010.58762,9.0,-600.32272
2025-10-17 18:55:58,1690.53091,1286.51636,1331.2,14.78603,100.0,1010.58762,9.0,-599.03542
2025-10-17 18:55:59,1690.53091,1292.10182,1333.06182,14.77588,100.0,1010.57166,9.0,-600.0575
2025-10-17 18:56:00,1688.66909,1288.37818,1331.2,14.79111,100.0,1010.5956,9.0,-599.60883
2025-10-17 18:56:00,1690.53091,1288.37818,1334.92364,14.77588,100.0,1010.54482,9.0,-601.08301
2025-10-17 18:56:01,1690.53091,1290.24,1334.92364,14.78096,100.0,1010.60647,9.0,-602.04044
2025-10-17 18:56:01,1692.39273,1290.24,1331.2,14.78096,100.0,1010.57964,9.0,-598.29524
2025-10-17 18:56:02,1690.53091,1288.37818,1333.06182,14.77588,100.0,1010.57166,9.0,-600.11116
2025-10-17 18:56:03,1690.53091,1288.37818,1331.2,14.76573,100.0,1010.55569,9.0,-598.44145
2025-10-17 18:56:03,1690.53091,1284.65455,1329.33818,14.77081,100.0,1010.59051,9.0,-597.74806
2025-10-17 18:56:04,1686.80727,1288.37818,1331.2,14.76065,100.0,1010.49404,9.0,-598.45221
2025-10-17 18:56:04,1690.53091,1288.37818,1333.06182,14.77081,100.0,1010.59051,9.0,-600.4109
2025-10-17 18:56:05,1692.39273,1292.10182,1336.78545,14.77588,100.0,1010.57166,9.0,-602.36187
2025-10-17 18:56:06,1688.66909,1290.24,1333.06182,14.77081,100.0,1010.61735,9.0,-601.30745
2025-10-17 18:56:06,1688.66909,1286.51636,1331.2,14.77081,100.0,1010.53684,9.0,-598.70928
2025-10-17 18:56:07,1688.66909,1290.24,1333.06182,14.77081,100.0,1010.56367,9.0,-600.44259
2025-10-17 18:56:07,1688.66909,1286.51636,1331.2,14.76065,100.0,1010.52088,9.0,-598.44376
2025-10-17 18:56:08,1690.53091,1290.24,1331.2,14.7505,100.0,1010.55858,9.0,-598.43525
2025-10-17 18:56:08,1690.53091,1288.37818,1333.06182,14.76573,100.0,1010.6362,9.0,-601.14301
2025-10-17 18:56:09,1690.53091,1290.24,1331.2,14.76065,100.0,1010.54771,9.0,-598.26858
2025-10-17 18:56:10,1690.53091,1288.37818,1331.2,14.77081,100.0,1010.53684,9.0,-598.14176
2025-10-17 18:56:10,1690.53091,1288.37818,1331.2,14.77081,100.0,1010.56367,9.0,-598.57419
2025-10-17 18:56:11,1694.25455,1292.10182,1334.92364,14.78096,100.0,1010.52597,9.0,-599.72115
2025-10-17 18:56:11,1694.25455,1290.24,1333.06182,14.76573,100.0,1010.58253,9.0,-599.22968
2025-10-17 18:56:12,1694.25455,1292.10182,1333.06182,14.77588,100.0,1010.62533,9.0,-599.91397
2025-10-17 18:56:12,1692.39273,1288.37818,1331.2,14.77081,100.0,1010.56367,9.0,-598.06999
2025-10-17 18:56:13,1694.25455,1292.10182,1334.92364,14.77081,100.0,1010.61735,9.0,-601.18556
2025-10-17 18:56:14,1694.25455,1290.24,1334.92364,14.76573,100.0,1010.52886,9.0,-599.76912
2025-10-17 18:56:14,1692.39273,1288.37818,1331.2,14.78096,100.0,1010.5528,9.0,-597.90288
2025-10-17 18:56:15,1692.39273,1290.24,1333.06182,14.77081,100.0,1010.61735,9.0,-600.29906
2025-10-17 18:56:15,1692.39273,1286.51636,1334.92364,14.78603,100.0,1010.53395,9.0,-600.47491
2025-10-17 18:56:16,1694.25455,1290.24,1336.78545,14.77588,100.0,1010.54482,9.0,-601.43882
2025-10-17 18:56:16,1690.53091,1288.37818,1331.2,14.77588,100.0,1010.62533,9.0,-599.57174
2025-10-17 18:56:17,1694.25455,1290.24,1331.2,14.78096,100.0,1010.5528,9.0,-597.3586
2025-10-17 18:56:18,1690.53091,1286.51636,1333.06182,14.78096,100.0,1010.57964,9.0,-600.30712
2025-10-17 18:56:18,1696.11636,1290.24,1334.92364,14.78096,100.0,1010.57964,9.0,-600.09541
2025-10-17 18:56:19,1692.39273,1288.37818,1334.92364,14.78096,100.0,1010.49913,9.0,-599.84658
2025-10-17 18:56:20,1692.39273,1286.51636,1331.2,14.77081,100.0,1010.51,9.0,-597.26846
2025-10-17 18:56:20,1692.39273,1288.37818,1331.2,14.77588,100.0,1010.54482,9.0,-597.77025
2025-10-17 18:56:21,1694.25455,1290.24,1334.92364,14.78096,100.0,1010.5528,9.0,-600.16717
2025-10-17 18:56:21,1694.25455,1290.24,1334.92364,14.78603,100.0,1010.50711,9.0,-599.43487
2025-10-17 18:56:22,1692.39273,1288.37818,1331.2,14.79111,100.0,1010.54193,9.0,-597.73554
2025-10-17 18:56:23,1696.11636,1290.24,1333.06182,14.78603,100.0,1010.58762,9.0,-598.82371
2025-10-17 18:56:23,1692.39273,1292.10182,1334.92364,14.79619,100.0,1010.57674,9.0,-601.05537
2025-10-17 18:56:24,1696.11636,1290.24,1333.06182,14.78603,100.0,1010.58762,9.0,-598.82371
2025-10-17 18:56:24,1696.11636,1286.51636,1333.06182,14.79111,100.0,1010.56876,9.0,-598.6272
2025-10-17 18:56:25,1694.25455,1292.10182,1336.78545,14.78603,100.0,1010.58762,9.0,-602.12289
2025-10-17 18:56:26,1696.11636,1290.24,1333.06182,14.78603,100.0,1010.56078,9.0,-598.39127
2025-10-17 18:56:26,1694.25455,1290.24,1334.92364,14.78603,100.0,1010.56078,9.0,-600.29975
2025-10-17 18:56:27,1696.11636,1288.37818,1333.06182,14.78603,100.0,1010.58762,9.0,-598.86379
2025-10-17 18:56:27,1694.25455,1292.10182,1334.92364,14.78603,100.0,1010.56078,9.0,-600.28617
2025-10-17 18:56:28,1692.39273,1290.24,1333.06182,14.78096,100.0,1010.60647,9.0,-600.13196
2025-10-17 18:56:28,1696.11636,1292.10182,1334.92364,14.82157,100.0,1010.53614,9.0,-599.4112
2025-10-17 18:56:29,1696.11636,1288.37818,1334.92364,14.84695,100.0,1010.49552,9.0,-598.82773
2025-10-17 18:56:30,1692.39273,1286.51636,1333.06182,14.82664,100.0,1010.51728,9.0,-598.83199
2025-10-17 18:56:30,1696.11636,1290.24,1336.78545,14.84695,100.0,1010.52236,9.0,-600.62442
2025-10-17 18:56:31,1697.97818,1292.10182,1336.78545,14.88756,100.0,1010.50568,9.0,-599.863
2025-10-17 18:56:31,1694.25455,1290.24,1336.78545,14.91294,100.0,1010.54558,9.0,-601.54204
2025-10-17 18:56:32,1692.39273,1290.24,1333.06182,14.96371,100.0,1010.51801,9.0,-598.81809
2025-10-17 18:56:33,1696.11636,1286.51636,1333.06182,15.05,100.0,1010.51942,9.0,-597.96775
2025-10-17 18:56:33,1692.39273,1284.65455,1331.2,15.08554,100.0,1010.57527,9.0,-598.56382
2025-10-17 18:56:34,1696.11636,1282.79273,1334.92364,15.14645,100.0,1010.56361,9.0,-600.2853
2025-10-17 18:56:34,1696.11636,1277.20727,1334.92364,15.21752,100.0,1010.56789,9.0,-600.70102
2025-10-17 18:56:35,1692.39273,1271.62182,1333.06182,15.27336,100.0,1010.57508,9.0,-600.74562
2025-10-17 18:56:35,1690.53091,1267.89818,1331.2,15.30382,100.0,1010.54236,9.0,-599.46887
2025-10-17 18:56:36,1688.66909,1264.17455,1331.2,15.33428,100.0,1010.53651,9.0,-599.93768
2025-10-17 18:56:37,1694.25455,1267.89818,1334.92364,15.36981,100.0,1010.56548,9.0,-601.63485
2025-10-17 18:56:37,1690.53091,1260.45091,1329.33818,15.40535,100.0,1010.56759,9.0,-598.46885
2025-10-17 18:56:38,1690.53091,1258.58909,1331.2,15.42565,100.0,1010.57263,9.0,-599.88744
2025-10-17 18:56:38,1688.66909,1254.86545,1325.61455,15.45611,100.0,1010.59362,9.0,-596.3262
2025-10-17 18:56:39,1690.53091,1254.86545,1333.06182,15.46626,100.0,1010.44838,9.0,-599.09637
2025-10-17 18:56:39,1688.66909,1253.00364,1331.2,15.49164,100.0,1010.40766,9.0,-597.41914
2025-10-17 18:56:40,1686.80727,1245.55636,1323.75273,15.53733,100.0,1010.42569,9.0,-592.05483
2025-10-17 18:56:41,1686.80727,1247.41818,1325.61455,15.56779,100.0,1010.33919,9.0,-592.19168
2025-10-17 18:56:41,1684.94545,1243.69455,1325.61455,15.60332,100.0,1010.42187,9.0,-593.74658
2025-10-17 18:56:42,1684.94545,1239.97091,1321.89091,15.6287,100.0,1010.51548,9.0,-592.19294
2025-10-17 18:56:42,1684.94545,1239.97091,1325.61455,15.66424,100.0,1010.41005,9.0,-593.28886
2025-10-17 18:56:43,1686.80727,1241.83273,1333.06182,15.68962,100.0,1010.39617,9.0,-598.28491
2025-10-17 18:56:44,1681.22182,1238.10909,1327.47636,15.73531,100.0,1010.4948,9.0,-596.93269
2025-10-17 18:56:44,1681.22182,1238.10909,1327.47636,15.74546,100.0,1010.45699,9.0,-596.3189
2025-10-17 18:56:45,1683.08364,1236.24727,1329.33818,15.76577,100.0,1010.40824,9.0,-596.33559
2025-10-17 18:56:45,1681.22182,1234.38545,1325.61455,15.77592,100.0,1010.47794,9.0,-595.07533
2025-10-17 18:56:46,1679.36,1232.52364,1325.61455,15.79115,100.0,1010.47498,9.0,-595.4623
2025-10-17 18:56:47,1681.22182,1234.38545,1327.47636,15.81145,100.0,1010.45311,9.0,-596.06268
2025-10-17 18:56:47,1679.36,1232.52364,1323.75273,15.82668,100.0,1010.3695,9.0,-592.34137
2025-10-17 18:56:48,1679.36,1232.52364,1327.47636,15.85206,100.0,1010.46312,9.0,-596.64612
2025-10-17 18:56:48,1677.49818,1228.8,1325.61455,15.86222,100.0,1010.4253,9.0,-595.03325
2025-10-17 18:56:49,1673.77455,1226.93818,1325.61455,15.87237,100.0,1010.41436,9.0,-595.81962
2025-10-17 18:56:50,1677.49818,1230.66182,1325.61455,15.89775,100.0,1010.3198,9.0,-593.36103
2025-10-17 18:56:51,1671.91273,1223.21455,1325.61455,15.94852,100.0,1010.3995,9.0,-595.96962
2025-10-17 18:56:52,1673.77455,1223.21455,1323.75273,15.96882,100.0,1010.37761,9.0,-593.69806
2025-10-17 18:56:52,1673.77455,1221.35273,1321.89091,15.98913,100.0,1010.43638,9.0,-593.18999
2025-10-17 18:56:53,1673.77455,1223.21455,1321.89091,15.99928,100.0,1010.4792,9.0,-593.91541
2025-10-17 18:56:53,1671.91273,1221.35273,1323.75273,16.01451,100.0,1010.50312,9.0,-596.16105
2025-10-17 18:56:54,1671.91273,1219.49091,1321.89091,16.03481,100.0,1010.45433,9.0,-593.91527
2025-10-17 18:56:54,1671.91273,1221.35273,1320.02909,16.05004,100.0,1010.39757,9.0,-591.63381
2025-10-17 18:56:55,1668.18909,1217.62909,1320.02909,16.06527,100.0,1010.50215,9.0,-594.22255
2025-10-17 18:56:56,1666.32727,1217.62909,1320.02909,16.07542,100.0,1010.38364,9.0,-592.81194
2025-10-17 18:56:56,1670.05091,1217.62909,1321.89091,16.10588,100.0,1010.37767,9.0,-593.09664
2025-10-17 18:56:57,1664.46545,1213.90545,1318.16727,16.12619,100.0,1010.43643,9.0,-592.6029
2025-10-17 18:56:58,1662.60364,1212.04364,1316.30545,16.12619,100.0,1010.35575,9.0,-590.31522
2025-10-17 18:56:58,1666.32727,1213.90545,1318.16727,16.14142,100.0,1010.32587,9.0,-590.30981
2025-10-17 18:56:59,1664.46545,1210.18182,1314.44364,16.1668,100.0,1010.33882,9.0,-588.01088
2025-10-17 18:56:59,1662.60364,1208.32,1314.44364,16.18203,100.0,1010.33583,9.0,-588.34064
2025-10-17 18:57:00,1660.74182,1210.18182,1314.44364,16.19218,100.0,1010.35176,9.0,-589.21618
2025-10-17 18:57:00,1660.74182,1210.18182,1314.44364,16.20741,100.0,1010.37567,9.0,-589.59451
2025-10-17 18:57:01,1660.74182,1208.32,1314.44364,16.22772,100.0,1010.46133,9.0,-590.84682
2025-10-17 18:57:02,1657.01818,1208.32,1312.58182,16.23787,100.0,1010.42347,9.0,-589.83649
2025-10-17 18:57:02,1658.88,1208.32,1310.72,16.25817,100.0,1010.42845,9.0,-587.99957
2025-10-17 18:57:03,1651.43273,1208.32,1314.44364,16.2734,100.0,1010.47925,9.0,-593.63732
2025-10-17 18:57:04,1658.88,1206.45818,1312.58182,16.28356,100.0,1010.36069,9.0,-588.16877
2025-10-17 18:57:04,1657.01818,1204.59636,1312.58182,16.30386,100.0,1010.41946,9.0,-589.46733
2025-10-17 18:57:05,1653.29455,1202.73455,1308.85818,16.31401,100.0,1010.40849,9.0,-587.33187
2025-10-17 18:57:05,1653.29455,1206.45818,1308.85818,16.32924,100.0,1010.37859,9.0,-587.14381
2025-10-17 18:57:06,1655.15636,1206.45818,1310.72,16.33432,100.0,1010.46726,9.0,-589.47093
2025-10-17 18:57:07,1651.43273,1202.73455,1308.85818,16.34447,100.0,1010.32178,9.0,-586.42775
2025-10-17 18:57:07,1651.43273,1200.87273,1306.99636,16.36478,100.0,1010.46126,9.0,-587.10115
2025-10-17 18:57:08,1649.57091,1202.73455,1306.99636,16.37493,100.0,1010.5041,9.0,-588.4552
2025-10-17 18:57:08,1651.43273,1204.59636,1310.72,16.39016,100.0,1010.47419,9.0,-590.42754
2025-10-17 18:57:09,1649.57091,1200.87273,1306.99636,16.39016,100.0,1010.47419,9.0,-587.80554
2025-10-17 18:57:09,1651.43273,1200.87273,1306.99636,16.41047,100.0,1010.39844,9.0,-586.07455
2025-10-17 18:57:10,1645.84727,1199.01091,1303.27273,16.43077,100.0,1010.48412,9.0,-585.98421
2025-10-17 18:57:11,1649.57091,1202.73455,1306.99636,16.44092,100.0,1010.44624,9.0,-587.50348
2025-10-17 18:57:11,1647.70909,1197.14909,1305.13455,16.446,100.0,1010.4273,9.0,-585.7909
2025-10-17 18:57:12,1645.84727,1197.14909,1303.27273,16.46123,100.0,1010.39738,9.0,-584.405
2025-10-17 18:57:12,1649.57091,1206.45818,1312.58182,16.46631,100.0,1010.5937,9.0,-594.38572
2025-10-17 18:57:13,1642.12364,1195.28727,1299.54909,16.46631,100.0,1010.32463,9.0,-581.25472
2025-10-17 18:57:13,1645.84727,1195.28727,1303.27273,16.49676,100.0,1010.37242,9.0,-583.81845
2025-10-17 18:57:14,1642.12364,1189.70182,1297.68727,16.50692,100.0,1010.38835,9.0,-580.34127
2025-10-17 18:57:14,1642.12364,1193.42545,1301.41091,16.52215,100.0,1010.41225,9.0,-583.88233
2025-10-17 18:57:15,1640.26182,1187.84,1295.82545,16.53738,100.0,1010.38232,9.0,-579.16991
2025-10-17 18:57:16,1642.12364,1193.42545,1299.54909,16.54245,100.0,1010.44411,9.0,-582.98834
2025-10-17 18:57:16,1638.4,1189.70182,1295.82545,16.57291,100.0,1010.41117,9.0,-580.30354
2025-10-17 18:57:17,1636.53818,1187.84,1293.96364,16.58814,100.0,1010.5158,9.0,-580.91909
2025-10-17 18:57:18,1636.53818,1187.84,1293.96364,16.58814,100.0,1010.40815,9.0,-579.1844
2025-10-17 18:57:18,1638.4,1189.70182,1295.82545,16.60845,100.0,1010.4131,9.0,-580.33191
2025-10-17 18:57:19,1636.53818,1187.84,1297.68727,16.62875,100.0,1010.39113,9.0,-581.71657
2025-10-17 18:57:19,1632.81455,1184.11636,1292.10182,16.63383,100.0,1010.31835,9.0,-577.02226
2025-10-17 18:57:20,1634.67636,1187.84,1295.82545,16.6389,100.0,1010.35323,9.0,-580.20561
2025-10-17 18:57:21,1634.67636,1184.11636,1292.10182,16.65921,100.0,1010.35817,9.0,-577.15984
2025-10-17 18:57:21,1634.67636,1191.56364,1295.82545,16.66429,100.0,1010.41996,9.0,-581.62405
2025-10-17 18:57:22,1634.67636,1184.11636,1293.96364,16.67444,100.0,1010.43589,9.0,-579.81714
2025-10-17 18:57:22,1634.67636,1185.97818,1292.10182,16.68967,100.0,1010.27137,9.0,-575.91697
2025-10-17 18:57:23,1629.09091,1182.25455,1288.37818,16.69474,100.0,1010.387,9.0,-576.18614
2025-10-17 18:57:24,1630.95273,1184.11636,1292.10182,16.72013,100.0,1010.37298,9.0,-578.4114
2025-10-17 18:57:24,1630.95273,1182.25455,1292.10182,16.7252,100.0,1010.38095,9.0,-578.39618
2025-10-17 18:57:25,1625.36727,1178.53091,1286.51636,16.74043,100.0,1010.32408,9.0,-574.53177
2025-10-17 18:57:25,1625.36727,1180.39273,1288.37818,16.76074,100.0,1010.30209,9.0,-575.70308
2025-10-17 18:57:26,1627.22909,1180.39273,1292.10182,16.75566,100.0,1010.34797,9.0,-578.7458
2025-10-17 18:57:26,1629.09091,1182.25455,1292.10182,16.77089,100.0,1010.34494,9.0,-578.32763
2025-10-17 18:57:27,1625.36727,1178.53091,1286.51636,16.77597,100.0,1010.27214,9.0,-573.70115
2025-10-17 18:57:28,1625.36727,1185.97818,1292.10182,16.7912,100.0,1010.43063,9.0,-581.01974
2025-10-17 18:57:28,1630.95273,1182.25455,1292.10182,16.82166,100.0,1010.39765,9.0,-578.68449
2025-10-17 18:57:29,1625.36727,1182.25455,1292.10182,16.81658,100.0,1010.33584,9.0,-579.19979
2025-10-17 18:57:30,1621.64364,1176.66909,1284.65455,16.82673,100.0,1010.24407,9.0,-572.76319
2025-10-17 18:57:30,1627.22909,1184.11636,1293.96364,16.84196,100.0,1010.3218,9.0,-580.02482
2025-10-17 18:57:31,1625.36727,1184.11636,1295.82545,16.84704,100.0,1010.32977,9.0,-582.06308
2025-10-17 18:57:31,1625.36727,1184.11636,1293.96364,16.85719,100.0,1010.31877,9.0,-580.48457
2025-10-17 18:57:32,1627.22909,1187.84,1297.68727,16.87242,100.0,1010.26188,9.0,-582.19399
2025-10-17 18:57:32,1627.22909,1185.97818,1299.54909,16.88765,100.0,1010.42039,9.0,-585.9949
2025-10-17 18:57:33,1623.50545,1180.39273,1290.24,16.8775,100.0,1010.35061,9.0,-578.42358
2025-10-17 18:57:34,1623.50545,1178.53091,1290.24,16.8978,100.0,1010.40939,9.0,-579.25957
2025-10-17 18:57:34,1625.36727,1180.39273,1293.96364,16.91303,100.0,1010.40635,9.0,-581.63826
2025-10-17 18:57:35,1621.64364,1178.53091,1290.24,16.91811,100.0,1010.44124,9.0,-580.2842
2025-10-17 18:57:35,1619.78182,1176.66909,1288.37818,16.92826,100.0,1010.32253,9.0,-577.37309
2025-10-17 18:57:36,1621.64364,1174.80727,1290.24,16.94857,100.0,1010.40823,9.0,-579.57811
2025-10-17 18:57:37,1617.92,1172.94545,1282.79273,16.94857,100.0,1010.3813,9.0,-574.47164
2025-10-17 18:57:37,1625.36727,1180.39273,1292.10182,16.96379,100.0,1010.40519,9.0,-580.23455
2025-10-17 18:57:38,1619.78182,1176.66909,1290.24,16.96887,100.0,1010.41315,9.0,-580.25343
2025-10-17 18:57:38,1623.50545,1185.97818,1297.68727,16.97902,100.0,1010.32136,9.0,-584.03748
2025-10-17 18:57:39,1623.50545,1187.84,1299.54909,16.9841,100.0,1010.32932,9.0,-585.73477
2025-10-17 18:57:40,1619.78182,1184.11636,1299.54909,16.99933,100.0,1010.40706,9.0,-587.68532
2025-10-17 18:57:40,1619.78182,1180.39273,1293.96364,17.00948,100.0,1010.36912,9.0,-582.58924
2025-10-17 18:57:41,1621.64364,1180.39273,1295.82545,17.01456,100.0,1010.32322,9.0,-582.75186
2025-10-17 18:57:41,1617.92,1176.66909,1293.96364,17.02471,100.0,1010.39301,9.0,-583.26512
2025-10-17 18:57:42,1619.78182,1178.53091,1293.96364,17.03486,100.0,1010.35507,9.0,-582.25585
2025-10-17 18:57:43,1614.19636,1172.94545,1288.37818,17.04502,100.0,1010.42485,9.0,-580.43517
2025-10-17 18:57:43,1617.92,1174.80727,1290.24,17.05517,100.0,1010.35998,9.0,-579.85401
2025-10-17 18:57:44,1612.33455,1171.08364,1284.65455,17.06532,100.0,1010.3759,9.0,-577.30927
2025-10-17 18:57:44,1614.19636,1172.94545,1288.37818,17.0704,100.0,1010.41079,9.0,-580.22007
2025-10-17 18:57:45,1616.05818,1174.80727,1290.24,17.09071,100.0,1010.44264,9.0,-581.70642
2025-10-17 18:57:46,1612.33455,1171.08364,1284.65455,17.08055,100.0,1010.31898,9.0,-576.39904
2025-10-17 18:57:46,1612.33455,1172.94545,1286.51636,17.10086,100.0,1010.32389,9.0,-577.93359
2025-10-17 18:57:47,1614.19636,1174.80727,1288.37818,17.10594,100.0,1010.35878,9.0,-579.46214
2025-10-17 18:57:47,1614.19636,1182.25455,1299.54909,17.12624,100.0,1010.39062,9.0,-588.84604
2025-10-17 18:57:48,1612.33455,1171.08364,1288.37818,17.11609,100.0,1010.3747,9.0,-580.12198
2025-10-17 18:57:49,1606.74909,1171.08364,1282.79273,17.14147,100.0,1010.33369,9.0,-576.77285
2025-10-17 18:57:49,1608.61091,1172.94545,1286.51636,17.14147,100.0,1010.36063,9.0,-579.55311
2025-10-17 18:57:50,1610.47273,1172.94545,1286.51636,17.15162,100.0,1010.40349,9.0,-579.74429
2025-10-17 18:57:50,1610.47273,1171.08364,1284.65455,17.16178,100.0,1010.39247,9.0,-578.12544
2025-10-17 18:57:51,1606.74909,1171.08364,1282.79273,17.17193,100.0,1010.40839,9.0,-577.99088
2025-10-17 18:57:51,1608.61091,1169.22182,1282.79273,17.17193,100.0,1010.40839,9.0,-577.46879
2025-10-17 18:57:52,1606.74909,1167.36,1282.79273,17.18716,100.0,1010.3784,9.0,-577.50481
2025-10-17 18:57:53,1603.02545,1169.22182,1282.79273,17.18716,100.0,1010.40533,9.0,-578.93929
2025-10-17 18:57:53,1608.61091,1172.94545,1282.79273,17.20239,100.0,1010.3484,9.0,-576.57611
2025-10-17 18:57:54,1608.61091,1167.36,1282.79273,17.20746,100.0,1010.41023,9.0,-577.52322
2025-10-17 18:57:55,1608.61091,1171.08364,1282.79273,17.21762,100.0,1010.37228,9.0,-576.92619
2025-10-17 18:57:55,1603.02545,1172.94545,1284.65455,17.22269,100.0,1010.32636,9.0,-579.14731
2025-10-17 18:57:56,1606.74909,1169.22182,1282.79273,17.23792,100.0,1010.48493,9.0,-579.23733
2025-10-17 18:57:56,1606.74909,1171.08364,1286.51636,17.25315,100.0,1010.40105,9.0,-580.7191
2025-10-17 18:57:57,1604.88727,1174.80727,1284.65455,17.25315,100.0,1010.37411,9.0,-579.49052
2025-10-17 18:57:57,1604.88727,1174.80727,1286.51636,17.24808,100.0,1010.33921,9.0,-580.3301
2025-10-17 18:57:58,1606.74909,1176.66909,1290.24,17.25315,100.0,1010.37411,9.0,-583.28299
2025-10-17 18:57:59,1606.74909,1172.94545,1284.65455,17.2633,100.0,1010.39003,9.0,-579.18367
2025-10-17 18:57:59,1604.88727,1169.22182,1284.65455,17.27346,100.0,1010.40595,9.0,-579.88925
2025-10-17 18:58:00,1603.02545,1174.80727,1288.37818,17.27853,100.0,1010.33308,9.0,-582.15366
2025-10-17 18:58:01,1603.02545,1169.22182,1282.79273,17.27346,100.0,1010.32512,9.0,-577.68674
2025-10-17 18:58:01,1601.16364,1169.22182,1280.93091,17.28361,100.0,1010.36798,9.0,-577.48186
2025-10-17 18:58:02,1601.16364,1165.49818,1279.06909,17.28869,100.0,1010.40288,9.0,-576.68611
2025-10-17 18:58:03,1601.16364,1172.94545,1284.65455,17.30392,100.0,1010.34593,9.0,-580.00382
2025-10-17 18:58:03,1601.16364,1169.22182,1282.79273,17.30899,100.0,1010.35389,9.0,-578.67027
2025-10-17 18:58:04,1601.16364,1169.22182,1282.79273,17.31407,100.0,1010.44268,9.0,-580.10323
2025-10-17 18:58:05,1599.30182,1163.63636,1277.20727,17.32422,100.0,1010.29693,9.0,-574.15995
2025-10-17 18:58:05,1599.30182,1163.63636,1275.34545,17.33945,100.0,1010.34775,9.0,-573.58101
2025-10-17 18:58:06,1599.30182,1165.49818,1277.20727,17.33437,100.0,1010.36674,9.0,-575.22341
2025-10-17 18:58:06,1597.44,1161.77455,1275.34545,17.34453,100.0,1010.38265,9.0,-574.74724
2025-10-17 18:58:07,1595.57818,1165.49818,1275.34545,17.35468,100.0,1010.37163,9.0,-574.91473
2025-10-17 18:58:08,1595.57818,1158.05091,1271.62182,17.3496,100.0,1010.36367,9.0,-572.43699
2025-10-17 18:58:08,1595.57818,1163.63636,1271.62182,17.34453,100.0,1010.4096,9.0,-572.77957
2025-10-17 18:58:09,1591.85455,1158.05091,1269.76,17.35468,100.0,1010.39857,9.0,-572.60562
2025-10-17 18:58:09,1595.57818,1159.91273,1269.76,17.37499,100.0,1010.34957,9.0,-570.64901
2025-10-17 18:58:10,1589.99273,1159.91273,1267.89818,17.36991,100.0,1010.44939,9.0,-572.36391
2025-10-17 18:58:10,1593.71636,1159.91273,1267.89818,17.38514,100.0,1010.41938,9.0,-570.8778
2025-10-17 18:58:11,1593.71636,1161.77455,1271.62182,17.38514,100.0,1010.39243,9.0,-573.1209
2025-10-17 18:58:12,1589.99273,1156.18909,1266.03636,17.39529,100.0,1010.3814,9.0,-570.24042
2025-10-17 18:58:12,1588.13091,1158.05091,1264.17455,17.39529,100.0,1010.35445,9.0,-568.70624
2025-10-17 18:58:13,1591.85455,1159.91273,1267.89818,17.38514,100.0,1010.28464,9.0,-569.2109
2025-10-17 18:58:13,1591.85455,1169.22182,1275.34545,17.41052,100.0,1010.40527,9.0,-576.44315
2025-10-17 18:58:14,1591.85455,1161.77455,1271.62182,17.40037,100.0,1010.33546,9.0,-572.71293
2025-10-17 18:58:15,1595.57818,1169.22182,1277.20727,17.42575,100.0,1010.4022,9.0,-576.79498
2025-10-17 18:58:15,1591.85455,1167.36,1271.62182,17.4156,100.0,1010.38628,9.0,-573.33842
2025-10-17 18:58:16,1593.71636,1163.63636,1273.48364,17.4359,100.0,1010.39117,9.0,-574.42592
2025-10-17 18:58:16,1591.85455,1165.49818,1273.48364,17.4359,100.0,1010.33727,9.0,-573.99591
2025-10-17 18:58:17,1591.85455,1163.63636,1271.62182,17.44098,100.0,1010.31828,9.0,-572.35302
2025-10-17 18:58:17,1593.71636,1165.49818,1273.48364,17.45621,100.0,1010.3691,9.0,-574.01138
2025-10-17 18:58:18,1589.99273,1161.77455,1267.89818,17.45621,100.0,1010.39605,9.0,-571.40438
2025-10-17 18:58:19,1591.85455,1167.36,1279.06909,17.46129,100.0,1010.37706,9.0,-578.82242
2025-10-17 18:58:19,1589.99273,1171.08364,1277.20727,17.46636,100.0,1010.41196,9.0,-578.49634
2025-10-17 18:58:20,1591.85455,1165.49818,1271.62182,17.47144,100.0,1010.31212,9.0,-572.19794
2025-10-17 18:58:20,1591.85455,1163.63636,1271.62182,17.47652,100.0,1010.15837,9.0,-569.78771
2025-10-17 18:58:21,1584.40727,1154.32727,1262.31273,17.47652,100.0,1010.34703,9.0,-568.64577
2025-10-17 18:58:22,1589.99273,1163.63636,1271.62182,17.48159,100.0,1010.22023,9.0,-571.29019
2025-10-17 18:58:22,1584.40727,1158.05091,1264.17455,17.48159,100.0,1010.35499,9.0,-569.75253
2025-10-17 18:58:23,1586.26909,1156.18909,1262.31273,17.49682,100.0,1010.40581,9.0,-568.86725
2025-10-17 18:58:23,1584.40727,1156.18909,1258.58909,17.5019,100.0,1010.41377,9.0,-566.6925
2025-10-17 18:58:24,1582.54545,1158.05091,1256.72727,17.49174,100.0,1010.317,9.0,-564.03039
2025-10-17 18:58:24,1582.54545,1154.32727,1258.58909,17.49174,100.0,1010.39785,9.0,-567.16482
2025-10-17 18:58:25,1578.82182,1156.18909,1264.17455,17.51205,100.0,1010.42968,9.0,-572.67711
2025-10-17 18:58:26,1580.68364,1152.46545,1256.72727,17.51205,100.0,1010.42968,9.0,-567.03239
2025-10-17 18:58:26,1580.68364,1156.18909,1260.45091,17.52728,100.0,1010.45355,9.0,-569.75284
2025-10-17 18:58:27,1578.82182,1152.46545,1256.72727,17.51713,100.0,1010.32983,9.0,-565.92888
2025-10-17 18:58:27,1582.54545,1152.46545,1256.72727,17.52728,100.0,1010.4266,9.0,-566.48238
2025-10-17 18:58:28,1580.68364,1152.46545,1253.00364,17.53236,100.0,1010.3537,9.0,-563.00448
2025-10-17 18:58:28,1580.68364,1152.46545,1256.72727,17.54251,100.0,1010.36961,9.0,-566.0718
2025-10-17 18:58:29,1580.68364,1152.46545,1254.86545,17.53236,100.0,1010.32675,9.0,-563.97445
2025-10-17 18:58:30,1580.68364,1152.46545,1254.86545,17.54251,100.0,1010.42352,9.0,-565.53617
2025-10-17 18:58:30,1580.68364,1154.32727,1256.72727,17.55774,100.0,1010.33957,9.0,-565.34176
2025-10-17 18:58:31,1578.82182,1150.60364,1254.86545,17.55774,100.0,1010.39348,9.0,-565.82492
2025-10-17 18:58:31,1578.82182,1156.18909,1256.72727,17.55774,100.0,1010.36653,9.0,-566.0529
2025-10-17 18:58:32,1578.82182,1154.32727,1256.72727,17.56789,100.0,1010.4094,9.0,-566.97304
2025-10-17 18:58:33,1578.82182,1152.46545,1253.00364,17.55774,100.0,1010.31262,9.0,-562.85228
2025-10-17 18:58:33,1576.96,1152.46545,1251.14182,17.56789,100.0,1010.38244,9.0,-563.07926
2025-10-17 18:58:34,1578.82182,1154.32727,1253.00364,17.56789,100.0,1010.30158,9.0,-562.42709
2025-10-17 18:58:34,1576.96,1156.18909,1254.86545,17.57804,100.0,1010.34445,9.0,-564.80075
2025-10-17 18:58:35,1576.96,1150.60364,1249.28,17.56789,100.0,1010.38244,9.0,-561.94032
2025-10-17 18:58:35,1576.96,1154.32727,1251.14182,17.57804,100.0,1010.42531,9.0,-563.52264
2025-10-17 18:58:36,1573.23636,1150.60364,1249.28,17.57804,100.0,1010.3714,9.0,-562.77261
2025-10-17 18:58:36,1576.96,1152.46545,1251.14182,17.59835,100.0,1010.37627,9.0,-562.98483
2025-10-17 18:58:37,1575.09818,1154.32727,1253.00364,17.59835,100.0,1010.40323,9.0,-565.07845
2025-10-17 18:58:38,1571.37455,1150.60364,1249.28,17.59835,100.0,1010.37627,9.0,-563.35848
2025-10-17 18:58:38,1576.96,1152.46545,1249.28,17.59835,100.0,1010.37627,9.0,-561.58054
2025-10-17 18:58:39,1576.96,1154.32727,1254.86545,17.58312,100.0,1010.27154,9.0,-563.85415
2025-10-17 18:58:40,1575.09818,1156.18909,1254.86545,17.61866,100.0,1010.35418,9.0,-565.46761
2025-10-17 18:58:40,1571.37455,1150.60364,1247.41818,17.6085,100.0,1010.33827,9.0,-561.34323
2025-10-17 18:58:41,1575.09818,1152.46545,1251.14182,17.6085,100.0,1010.39218,9.0,-563.7468
2025-10-17 18:58:41,1576.96,1159.91273,1260.45091,17.61358,100.0,1010.29231,9.0,-567.81215
2025-10-17 18:58:42,1576.96,1158.05091,1256.72727,17.61866,100.0,1010.38114,9.0,-566.60221
2025-10-17 18:58:43,1573.23636,1154.32727,1253.00364,17.62373,100.0,1010.41605,9.0,-565.79243
2025-10-17 18:58:43,1573.23636,1152.46545,1251.14182,17.61866,100.0,1010.38114,9.0,-564.07424
2025-10-17 18:58:44,1573.23636,1156.18909,1251.14182,17.62881,100.0,1010.50488,9.0,-565.59262
2025-10-17 18:58:44,1571.37455,1152.46545,1251.14182,17.63389,100.0,1010.32414,9.0,-563.66138
2025-10-17 18:58:45,1573.23636,1150.60364,1253.00364,17.63389,100.0,1010.29718,9.0,-564.39242
2025-10-17 18:58:46,1571.37455,1150.60364,1247.41818,17.64404,100.0,1010.36701,9.0,-561.80972
2025-10-17 18:58:46,1573.23636,1148.74182,1247.41818,17.63389,100.0,1010.35109,9.0,-561.3241
2025-10-17 18:58:47,1571.37455,1150.60364,1245.55636,17.64912,100.0,1010.29409,9.0,-559.23077
2025-10-17 18:58:47,1575.09818,1154.32727,1253.00364,17.65419,100.0,1010.35596,9.0,-564.32222
2025-10-17 18:58:48,1569.51273,1146.88,1243.69455,17.66434,100.0,1010.37187,9.0,-560.14101
2025-10-17 18:58:49,1569.51273,1148.74182,1245.55636,17.66434,100.0,1010.37187,9.0,-561.26483
2025-10-17 18:58:49,1567.65091,1148.74182,1245.55636,17.65927,100.0,1010.33696,9.0,-561.20623
2025-10-17 18:58:50,1571.37455,1152.46545,1247.41818,17.6745,100.0,1010.41474,9.0,-562.31488
2025-10-17 18:58:50,1571.37455,1152.46545,1247.41818,17.65419,100.0,1010.329,9.0,-560.93258
2025-10-17 18:58:51,1571.37455,1150.60364,1247.41818,17.66942,100.0,1010.37983,9.0,-562.0175
2025-10-17 18:58:52,1571.37455,1159.91273,1258.58909,17.68973,100.0,1010.35773,9.0,-568.97873
2025-10-17 18:58:52,1571.37455,1156.18909,1253.00364,17.68973,100.0,1010.33077,9.0,-564.69803
2025-10-17 18:58:53,1571.37455,1154.32727,1251.14182,17.68973,100.0,1010.41165,9.0,-564.82443
2025-10-17 18:58:53,1569.51273,1148.74182,1247.41818,17.66942,100.0,1010.29895,9.0,-561.49422
2025-10-17 18:58:54,1569.51273,1150.60364,1247.41818,17.68973,100.0,1010.27685,9.0,-560.86249
2025-10-17 18:58:55,1571.37455,1152.46545,1249.28,17.70496,100.0,1010.3816,9.0,-563.18469
2025-10-17 18:58:55,1569.51273,1152.46545,1249.28,17.6948,100.0,1010.36569,9.0,-563.43282
2025-10-17 18:58:56,1569.51273,1150.60364,1245.55636,17.69988,100.0,1010.45452,9.0,-562.32096
2025-10-17 18:58:56,1567.65091,1148.74182,1243.69455,17.71003,100.0,1010.41651,9.0,-561.08375
2025-10-17 18:58:57,1569.51273,1150.60364,1247.41818,17.71003,100.0,1010.33563,9.0,-561.80904
2025-10-17 18:58:58,1567.65091,1148.74182,1247.41818,17.72019,100.0,1010.35154,9.0,-562.84477
2025-10-17 18:58:58,1565.78909,1145.01818,1243.69455,17.71003,100.0,1010.28171,9.0,-559.97566
2025-10-17 18:58:59,1567.65091,1148.74182,1245.55636,17.72526,100.0,1010.30557,9.0,-560.69941
2025-10-17 18:58:59,1567.65091,1145.01818,1243.69455,17.72526,100.0,1010.3595,9.0,-560.72396
2025-10-17 18:59:00,1567.65091,1150.60364,1245.55636,17.74049,100.0,1010.3564,9.0,-561.2413
2025-10-17 18:59:00,1567.65091,1150.60364,1247.41818,17.73034,100.0,1010.34049,9.0,-562.39017
2025-10-17 18:59:01,1567.65091,1148.74182,1243.69455,17.74049,100.0,1010.3564,9.0,-560.11278
2025-10-17 18:59:02,1565.78909,1148.74182,1243.69455,17.74557,100.0,1010.33739,9.0,-560.31015
2025-10-17 18:59:02,1563.92727,1148.74182,1241.83273,17.74049,100.0,1010.30248,9.0,-558.84796
2025-10-17 18:59:03,1565.78909,1150.60364,1243.69455,17.75572,100.0,1010.3533,9.0,-560.28955
2025-10-17 18:59:03,1565.78909,1146.88,1241.83273,17.7608,100.0,1010.38822,9.0,-560.00348
2025-10-17 18:59:04,1567.65091,1148.74182,1245.55636,17.75064,100.0,1010.39927,9.0,-562.20678
2025-10-17 18:59:05,1562.06545,1146.88,1241.83273,17.74049,100.0,1010.38336,9.0,-560.93601
2025-10-17 18:59:05,1565.78909,1146.88,1243.69455,17.7608,100.0,1010.44215,9.0,-562.27672
2025-10-17 18:59:06,1563.92727,1148.74182,1245.55636,17.76587,100.0,1010.42314,9.0,-563.59774
2025-10-17 18:59:06,1562.06545,1146.88,1239.97091,17.77095,100.0,1010.40413,9.0,-559.86251
2025-10-17 18:59:07,1563.92727,1145.01818,1239.97091,17.76587,100.0,1010.42314,9.0,-559.94482
2025-10-17 18:59:07,1563.92727,1148.74182,1243.69455,17.77095,100.0,1010.45806,9.0,-562.75538
2025-10-17 18:59:08,1565.78909,1148.74182,1243.69455,17.77603,100.0,1010.49298,9.0,-562.81308
2025-10-17 18:59:08,1563.92727,1146.88,1238.10909,17.79633,100.0,1010.44391,9.0,-558.5906
2025-10-17 18:59:09,1563.92727,1146.88,1238.10909,17.80141,100.0,1010.47883,9.0,-559.1523
2025-10-17 18:59:10,1563.92727,1148.74182,1241.83273,17.7811,100.0,1010.36611,9.0,-559.8679
2025-10-17 18:59:10,1563.92727,1152.46545,1245.55636,17.79126,100.0,1010.35506,9.0,-561.95544
2025-10-17 18:59:11,1563.92727,1146.88,1239.97091,17.79126,100.0,1010.43595,9.0,-559.86765
2025-10-17 18:59:12,1565.78909,1150.60364,1243.69455,17.78618,100.0,1010.37407,9.0,-560.61954
2025-10-17 18:59:12,1560.20364,1145.01818,1238.10909,17.79633,100.0,1010.41694,9.0,-559.44396
2025-10-17 18:59:13,1563.92727,1146.88,1239.97091,17.78618,100.0,1010.40103,9.0,-559.30588
2025-10-17 18:59:14,1562.06545,1145.01818,1239.97091,17.79126,100.0,1010.40899,9.0,-560.21681
2025-10-17 18:59:15,1562.06545,1145.01818,1238.10909,17.81156,100.0,1010.5217,9.0,-560.62477
2025-10-17 18:59:15,1560.20364,1143.15636,1236.24727,17.81156,100.0,1010.46777,9.0,-559.12841
2025-10-17 18:59:16,1562.06545,1146.88,1239.97091,17.82172,100.0,1010.37582,9.0,-559.39662
2025-10-17 18:59:16,1560.20364,1141.29455,1234.38545,17.82679,100.0,1010.38378,9.0,-556.62752
2025-10-17 18:59:17,1560.20364,1145.01818,1238.10909,17.82679,100.0,1010.35681,9.0,-558.46847
2025-10-17 18:59:17,1558.34182,1143.15636,1232.52364,17.83694,100.0,1010.42665,9.0,-556.1555
2025-10-17 18:59:18,1558.34182,1143.15636,1238.10909,17.83694,100.0,1010.37272,9.0,-559.4993
2025-10-17 18:59:19,1560.20364,1139.43273,1234.38545,17.8471,100.0,1010.44256,9.0,-557.8119
2025-10-17 18:59:19,1556.48,1141.29455,1234.38545,17.84202,100.0,1010.43461,9.0,-558.45122
2025-10-17 18:59:20,1560.20364,1141.29455,1234.38545,17.84202,100.0,1010.43461,9.0,-557.44282
2025-10-17 18:59:20,1556.48,1139.43273,1230.66182,17.84202,100.0,1010.40764,9.0,-555.45034
2025-10-17 18:59:21,1558.34182,1141.29455,1234.38545,17.8471,100.0,1010.41559,9.0,-557.63934
2025-10-17 18:59:21,1554.61818,1139.43273,1230.66182,17.84202,100.0,1010.35371,9.0,-555.08547
2025-10-17 18:59:22,1560.20364,1141.29455,1236.24727,17.8471,100.0,1010.36166,9.0,-557.67036
2025-10-17 18:59:23,1560.20364,1141.29455,1236.24727,17.85217,100.0,1010.39658,9.0,-558.23171
2025-10-17 18:59:23,1560.20364,1145.01818,1236.24727,17.8471,100.0,1010.38863,9.0,-557.5718
2025-10-17 18:59:24,1558.34182,1143.15636,1239.97091,17.86233,100.0,1010.43946,9.0,-561.97221
2025-10-17 18:59:25,1558.34182,1145.01818,1236.24727,17.86233,100.0,1010.57429,9.0,-561.06363
2025-10-17 18:59:25,1558.34182,1141.29455,1234.38545,17.8674,100.0,1010.47438,9.0,-558.58097
2025-10-17 18:59:26,1560.20364,1143.15636,1236.24727,17.85217,100.0,1010.39658,9.0,-557.97137
2025-10-17 18:59:26,1556.48,1141.29455,1236.24727,17.87248,100.0,1010.45537,9.0,-560.18159
2025-10-17 18:59:27,1558.34182,1139.43273,1232.52364,17.87756,100.0,1010.43636,9.0,-556.80313
2025-10-17 18:59:27,1556.48,1139.43273,1232.52364,17.87248,100.0,1010.37447,9.0,-556.31158
2025-10-17 18:59:28,1558.34182,1137.57091,1230.66182,17.87248,100.0,1010.37447,9.0,-554.62149
2025-10-17 18:59:29,1558.34182,1143.15636,1238.10909,17.87756,100.0,1010.43636,9.0,-560.51343
2025-10-17 18:59:29,1556.48,1139.43273,1230.66182,17.87756,100.0,1010.38242,9.0,-555.03393
2025-10-17 18:59:30,1554.61818,1141.29455,1232.52364,17.88263,100.0,1010.33644,9.0,-555.95769
2025-10-17 18:59:30,1556.48,1137.57091,1232.52364,17.89279,100.0,1010.32538,9.0,-555.73265
2025-10-17 18:59:31,1556.48,1141.29455,1234.38545,17.88771,100.0,1010.37136,9.0,-557.41891
2025-10-17 18:59:31,1552.75636,1137.57091,1230.66182,17.89786,100.0,1010.33333,9.0,-555.46326
2025-10-17 18:59:32,1554.61818,1139.43273,1230.66182,17.90294,100.0,1010.36825,9.0,-555.30172
2025-10-17 18:59:33,1552.75636,1139.43273,1228.8,17.89786,100.0,1010.4412,9.0,-555.57887
2025-10-17 18:59:33,1556.48,1139.43273,1234.38545,17.90294,100.0,1010.44916,9.0,-558.90982
2025-10-17 18:59:34,1554.61818,1141.29455,1232.52364,17.90802,100.0,1010.37621,9.0,-556.59024
2025-10-17 18:59:35,1554.61818,1139.43273,1230.66182,17.89279,100.0,1010.43325,9.0,-556.35244
2025-10-17 18:59:35,1554.61818,1141.29455,1232.52364,17.90802,100.0,1010.48408,9.0,-558.32855
2025-10-17 18:59:36,1554.61818,1141.29455,1230.66182,17.90802,100.0,1010.40318,9.0,-555.62053
2025-10-17 18:59:36,1556.48,1141.29455,1232.52364,17.91309,100.0,1010.30325,9.0,-554.90871
2025-10-17 18:59:37,1556.48,1141.29455,1234.38545,17.91309,100.0,1010.4381,9.0,-558.48591
2025-10-17 18:59:38,1554.61818,1143.15636,1234.38545,17.91309,100.0,1010.41113,9.0,-558.29518
2025-10-17 18:59:38,1552.75636,1141.29455,1234.38545,17.91817,100.0,1010.41908,9.0,-559.18612
2025-10-17 18:59:39,1554.61818,1139.43273,1226.93818,17.92324,100.0,1010.3731,9.0,-552.56419
2025-10-17 18:59:39,1554.61818,1139.43273,1230.66182,17.91817,100.0,1010.41908,9.0,-556.11557
2025-10-17 18:59:40,1554.61818,1135.70909,1230.66182,17.91817,100.0,1010.41908,9.0,-556.52282
2025-10-17 18:59:40,1552.75636,1137.57091,1228.8,17.92324,100.0,1010.45401,9.0,-555.99483
2025-10-17 18:59:41,1549.03273,1137.57091,1226.93818,17.92832,100.0,1010.38105,9.0,-554.42151
2025-10-17 18:59:42,1554.61818,1139.43273,1232.52364,17.94863,100.0,1010.3859,9.0,-556.97381
2025-10-17 18:59:42,1550.89455,1137.57091,1226.93818,17.9334,100.0,1010.36204,9.0,-553.60902
2025-10-17 18:59:43,1554.61818,1139.43273,1228.8,17.9334,100.0,1010.36204,9.0,-553.78651
2025-10-17 18:59:43,1552.75636,1137.57091,1226.93818,17.93847,100.0,1010.42393,9.0,-554.10029
2025-10-17 18:59:44,1552.75636,1143.15636,1230.66182,17.94863,100.0,1010.41287,9.0,-556.00577
2025-10-17 18:59:45,1552.75636,1137.57091,1230.66182,17.94863,100.0,1010.43984,9.0,-557.16133
2025-10-17 18:59:45,1550.89455,1135.70909,1226.93818,17.95878,100.0,1010.50969,9.0,-556.16742
2025-10-17 18:59:46,1550.89455,1135.70909,1225.07636,17.95878,100.0,1010.45575,9.0,-553.89391
2025-10-17 18:59:46,1552.75636,1137.57091,1228.8,17.96386,100.0,1010.43673,9.0,-555.70095
2025-10-17 18:59:47,1549.03273,1139.43273,1226.93818,17.95878,100.0,1010.37483,9.0,-554.0913
2025-10-17 18:59:48,1552.75636,1135.70909,1225.07636,17.96386,100.0,1010.38279,9.0,-552.21201
2025-10-17 18:59:48,1552.75636,1137.57091,1226.93818,17.9537,100.0,1010.33991,9.0,-552.74052
2025-10-17 18:59:49,1552.75636,1139.43273,1226.93818,17.96386,100.0,1010.40976,9.0,-553.64366
2025-10-17 18:59:50,1554.61818,1143.15636,1230.66182,17.97909,100.0,1010.46059,9.0,-556.25837
2025-10-17 18:59:50,1552.75636,1135.70909,1223.21455,17.96893,100.0,1010.44468,9.0,-551.80308
2025-10-17 18:59:51,1547.17091,1135.70909,1221.35273,17.97401,100.0,1010.26383,9.0,-548.99512
2025-10-17 18:59:51,1550.89455,1135.70909,1223.21455,17.97909,100.0,1010.37967,9.0,-551.25556
2025-10-17 18:59:52,1549.03273,1137.57091,1226.93818,17.97909,100.0,1010.3527,9.0,-553.94484
2025-10-17 18:59:52,1549.03273,1135.70909,1223.21455,17.98924,100.0,1010.34164,9.0,-551.14254
2025-10-17 18:59:53,1552.75636,1141.29455,1225.07636,17.99432,100.0,1010.45748,9.0,-552.75348
2025-10-17 18:59:54,1549.03273,1137.57091,1221.35273,17.98924,100.0,1010.39558,9.0,-550.41866
2025-10-17 18:59:54,1550.89455,1139.43273,1226.93818,17.98924,100.0,1010.39558,9.0,-553.90892
2025-10-17 18:59:55,1552.75636,1141.29455,1226.93818,17.99432,100.0,1010.45748,9.0,-554.15777
2025-10-17 18:59:56,1549.03273,1135.70909,1223.21455,17.98924,100.0,1010.39558,9.0,-552.0118
2025-10-17 18:59:56,1549.03273,1135.70909,1221.35273,17.99939,100.0,1010.51938,9.0,-552.59804
2025-10-17 18:59:57,1547.17091,1133.84727,1221.35273,17.99432,100.0,1010.40353,9.0,-551.39132
2025-10-17 18:59:57,1550.89455,1137.57091,1225.07636,18.00447,100.0,1010.39247,9.0,-552.66629
2025-10-17 18:59:58,1549.03273,1137.57091,1223.21455,18.00447,100.0,1010.33852,9.0,-550.89691
2025-10-17 18:59:59,1549.03273,1135.70909,1221.35273,18.00955,100.0,1010.45437,9.0,-551.54599
2025-10-17 18:59:59,1547.17091,1137.57091,1221.35273,18.00955,100.0,1010.3195,9.0,-549.68809
2025-10-17 19:00:00,1547.17091,1137.57091,1223.21455,18.01462,100.0,1010.3814,9.0,-552.08757
2025-10-17 19:00:00,1550.89455,1139.43273,1225.07636,18.00955,100.0,1010.37345,9.0,-552.13917
2025-10-17 19:00:01,1549.03273,1139.43273,1226.93818,18.00955,100.0,1010.40042,9.0,-554.4823
2025-10-17 19:00:02,1549.03273,1133.84727,1221.35273,18.0197,100.0,1010.41633,9.0,-551.08209
2025-10-17 19:00:02,1549.03273,1139.43273,1225.07636,18.02477,100.0,1010.39731,9.0,-553.02099
2025-10-17 19:00:03,1547.17091,1137.57091,1223.21455,18.02985,100.0,1010.35131,9.0,-551.59581
2025-10-17 19:00:03,1549.03273,1135.70909,1221.35273,18.02985,100.0,1010.37828,9.0,-550.31084
2025-10-17 19:00:04,1549.03273,1139.43273,1223.21455,18.03493,100.0,1010.33229,9.0,-550.56436
2025-10-17 19:00:04,1550.89455,1141.29455,1225.07636,18.03493,100.0,1010.41321,9.0,-552.52622
2025-10-17 19:00:05,1550.89455,1139.43273,1226.93818,18.03493,100.0,1010.49413,9.0,-555.47672
2025-10-17 19:00:06,1545.30909,1135.70909,1219.49091,18.03493,100.0,1010.46716,9.0,-551.34476
2025-10-17 19:00:06,1549.03273,1139.43273,1225.07636,18.03493,100.0,1010.33229,9.0,-551.96864
2025-10-17 19:00:07,1550.89455,1139.43273,1225.07636,18.04,100.0,1010.42116,9.0,-552.89423
2025-10-17 19:00:08,1549.03273,1143.15636,1228.8,18.05016,100.0,1010.38312,9.0,-555.08662
2025-10-17 19:00:08,1547.17091,1137.57091,1219.49091,18.04,100.0,1010.34024,9.0,-548.60416
2025-10-17 19:00:09,1547.17091,1137.57091,1225.07636,18.05016,100.0,1010.38312,9.0,-553.50321
2025-10-17 19:00:09,1549.03273,1133.84727,1221.35273,18.04508,100.0,1010.37517,9.0,-550.40716
2025-10-17 19:00:10,1549.03273,1137.57091,1223.21455,18.05523,100.0,1010.39107,9.0,-551.72046
2025-10-17 19:00:10,1549.03273,1139.43273,1225.07636,18.04508,100.0,1010.29424,9.0,-551.35085
2025-10-17 19:00:11,1547.17091,1133.84727,1217.62909,18.06031,100.0,1010.39903,9.0,-548.47999
2025-10-17 19:00:11,1545.30909,1133.84727,1219.49091,18.06031,100.0,1010.37205,9.0,-549.95379
2025-10-17 19:00:12,1547.17091,1135.70909,1219.49091,18.07046,100.0,1010.38796,9.0,-549.54735
2025-10-17 19:00:13,1545.30909,1137.57091,1221.35273,18.06539,100.0,1010.35303,9.0,-550.70661
2025-10-17 19:00:13,1547.17091,1135.70909,1219.49091,18.05523,100.0,1010.41805,9.0,-550.03962
2025-10-17 19:00:14,1549.03273,1139.43273,1221.35273,18.06539,100.0,1010.40698,9.0,-550.34919
2025-10-17 19:00:14,1547.17091,1133.84727,1217.62909,18.07554,100.0,1010.42288,9.0,-548.85704
2025-10-17 19:00:15,1547.17091,1137.57091,1219.49091,18.07554,100.0,1010.53079,9.0,-551.65762
2025-10-17 19:00:16,1547.17091,1135.70909,1219.49091,18.06539,100.0,1010.43395,9.0,-550.29104
2025-10-17 19:00:16,1541.58545,1133.84727,1217.62909,18.07554,100.0,1010.50381,9.0,-551.67372
2025-10-17 19:00:17,1547.17091,1135.70909,1219.49091,18.07554,100.0,1010.39591,9.0,-549.67301
2025-10-17 19:00:17,1543.44727,1133.84727,1219.49091,18.07554,100.0,1010.34196,9.0,-549.96564
2025-10-17 19:00:18,1545.30909,1135.70909,1221.35273,18.07046,100.0,1010.41493,9.0,-551.89052
2025-10-17 19:00:18,1547.17091,1133.84727,1217.62909,18.07554,100.0,1010.34196,9.0,-547.55296
2025-10-17 19:00:19,1543.44727,1133.84727,1215.76727,18.08569,100.0,1010.43879,9.0,-548.71244
2025-10-17 19:00:20,1543.44727,1137.57091,1223.21455,18.07554,100.0,1010.34196,9.0,-552.43173
2025-10-17 19:00:20,1545.30909,1137.57091,1221.35273,18.07554,100.0,1010.36893,9.0,-550.95794
2025-10-17 19:00:21,1545.30909,1135.70909,1217.62909,18.08569,100.0,1010.33088,9.0,-547.7201
2025-10-17 19:00:21,1545.30909,1133.84727,1215.76727,18.08569,100.0,1010.38484,9.0,-547.33884
2025-10-17 19:00:22,1541.58545,1133.84727,1215.76727,18.08569,100.0,1010.30391,9.0,-547.04313
2025-10-17 19:00:22,1547.17091,1135.70909,1215.76727,18.10092,100.0,1010.40869,9.0,-547.05781
2025-10-17 19:00:23,1543.44727,1133.84727,1217.62909,18.10092,100.0,1010.38172,9.0,-549.1894
2025-10-17 19:00:24,1543.44727,1131.98545,1215.76727,18.09077,100.0,1010.39279,9.0,-548.08149
2025-10-17 19:00:24,1541.58545,1131.98545,1213.90545,18.10092,100.0,1010.38172,9.0,-546.99788
2025-10-17 19:00:25,1543.44727,1133.84727,1217.62909,18.106,100.0,1010.33571,9.0,-548.44554
2025-10-17 19:00:26,1545.30909,1133.84727,1217.62909,18.10092,100.0,1010.38172,9.0,-548.6852
2025-10-17 19:00:27,1545.30909,1137.57091,1219.49091,18.106,100.0,1010.36269,9.0,-549.43786
2025-10-17 19:00:27,1543.44727,1135.70909,1217.62909,18.11107,100.0,1010.53251,9.0,-551.46049
2025-10-17 19:00:28,1543.44727,1135.70909,1217.62909,18.11107,100.0,1010.4246,9.0,-549.72162
2025-10-17 19:00:28,1543.44727,1133.84727,1215.76727,18.106,100.0,1010.44362,9.0,-548.78011
2025-10-17 19:00:29,1543.44727,1131.98545,1215.76727,18.12123,100.0,1010.41353,9.0,-548.40015
2025-10-17 19:00:30,1541.58545,1128.26182,1215.76727,18.1263,100.0,1010.3945,9.0,-548.70119
2025-10-17 19:00:30,1543.44727,1128.26182,1213.90545,18.12123,100.0,1010.41353,9.0,-547.10192
2025-10-17 19:00:31,1543.44727,1133.84727,1217.62909,18.12123,100.0,1010.30561,9.0,-547.95269
2025-10-17 19:00:31,1541.58545,1128.26182,1213.90545,18.1263,100.0,1010.34054,9.0,-546.42745
2025-10-17 19:00:32,1543.44727,1130.12364,1213.90545,18.12123,100.0,1010.35957,9.0,-546.19782
2025-10-17 19:00:33,1545.30909,1128.26182,1213.90545,18.1263,100.0,1010.3945,9.0,-546.28851
2025-10-17 19:00:33,1545.30909,1133.84727,1217.62909,18.13138,100.0,1010.40245,9.0,-549.00367
2025-10-17 19:00:34,1543.44727,1128.26182,1213.90545,18.12123,100.0,1010.41353,9.0,-547.10192
2025-10-17 19:00:34,1541.58545,1130.12364,1212.04364,18.14153,100.0,1010.3644,9.0,-545.36496
2025-10-17 19:00:35,1539.72364,1128.26182,1212.04364,18.13138,100.0,1010.42943,9.0,-546.95705
2025-10-17 19:00:36,1543.44727,1133.84727,1215.76727,18.14153,100.0,1010.41836,9.0,-548.35455
2025-10-17 19:00:36,1545.30909,1131.98545,1215.76727,18.14661,100.0,1010.48027,9.0,-548.95816
2025-10-17 19:00:37,1543.44727,1128.26182,1212.04364,18.15676,100.0,1010.36127,9.0,-544.83701
2025-10-17 19:00:37,1543.44727,1130.12364,1213.90545,18.15676,100.0,1010.44221,9.0,-547.51089
2025-10-17 19:00:38,1543.44727,1131.98545,1215.76727,18.15676,100.0,1010.36127,9.0,-547.53953
2025-10-17 19:00:39,1541.58545,1133.84727,1217.62909,18.16692,100.0,1010.32322,9.0,-548.7165
2025-10-17 19:00:39,1543.44727,1131.98545,1215.76727,18.15169,100.0,1010.40728,9.0,-548.28358
2025-10-17 19:00:40,1545.30909,1131.98545,1217.62909,18.15169,100.0,1010.35332,9.0,-548.31418
2025-10-17 19:00:40,1543.44727,1128.26182,1213.90545,18.16184,100.0,1010.36923,9.0,-546.36673
2025-10-17 19:00:41,1541.58545,1130.12364,1213.90545,18.16184,100.0,1010.50412,9.0,-549.01004
2025-10-17 19:00:41,1545.30909,1128.26182,1213.90545,18.17707,100.0,1010.33912,9.0,-545.36923
2025-10-17 19:00:42,1541.58545,1128.26182,1212.04364,18.16692,100.0,1010.3502,9.0,-545.1573
2025-10-17 19:00:43,1543.44727,1128.26182,1212.04364,18.16692,100.0,1010.37718,9.0,-545.08786
2025-10-17 19:00:43,1541.58545,1128.26182,1212.04364,18.16692,100.0,1010.37718,9.0,-545.59206
2025-10-17 19:00:44,1543.44727,1130.12364,1215.76727,18.17199,100.0,1010.41211,9.0,-548.42195
2025-10-17 19:00:44,1541.58545,1128.26182,1212.04364,18.16692,100.0,1010.37718,9.0,-545.59206
2025-10-17 19:00:45,1543.44727,1131.98545,1215.76727,18.18215,100.0,1010.40103,9.0,-548.16658
2025-10-17 19:00:45,1541.58545,1128.26182,1212.04364,18.1923,100.0,1010.38995,9.0,-545.78426
2025-10-17 19:00:46,1541.58545,1130.12364,1213.90545,18.17707,100.0,1010.44704,9.0,-548.08203
2025-10-17 19:00:47,1545.30909,1131.98545,1213.90545,18.17199,100.0,1010.46607,9.0,-547.31158
2025-10-17 19:00:47,1541.58545,1128.26182,1212.04364,18.18722,100.0,1010.48993,9.0,-547.39797
2025-10-17 19:00:48,1541.58545,1128.26182,1213.90545,18.18215,100.0,1010.42801,9.0,-547.80732
2025-10-17 19:00:49,1543.44727,1130.12364,1212.04364,18.18722,100.0,1010.30106,9.0,-543.81573
2025-10-17 19:00:49,1539.72364,1130.12364,1212.04364,18.19738,100.0,1010.39791,9.0,-546.37918
2025-10-17 19:00:50,1543.44727,1130.12364,1212.04364,18.19738,100.0,1010.45187,9.0,-546.24034
2025-10-17 19:00:50,1539.72364,1128.26182,1208.32,18.19738,100.0,1010.39791,9.0,-543.60526
2025-10-17 19:00:51,1541.58545,1128.26182,1210.18182,18.19738,100.0,1010.42489,9.0,-544.94013
2025-10-17 19:00:51,1543.44727,1131.98545,1213.90545,18.1923,100.0,1010.44392,9.0,-547.44784
2025-10-17 19:00:52,1541.58545,1130.12364,1208.32,18.1923,100.0,1010.41694,9.0,-543.37581
2025-10-17 19:00:53,1541.58545,1131.98545,1212.04364,18.19738,100.0,1010.263,9.0,-543.6297
2025-10-17 19:00:53,1541.58545,1130.12364,1210.18182,18.20753,100.0,1010.41381,9.0,-544.72142
2025-10-17 19:00:54,1541.58545,1130.12364,1213.90545,18.20753,100.0,1010.14399,9.0,-543.18216
2025-10-17 19:00:54,1541.58545,1130.12364,1210.18182,18.20245,100.0,1010.29793,9.0,-542.85694
2025-10-17 19:00:55,1541.58545,1128.26182,1210.18182,18.20753,100.0,1010.33286,9.0,-543.45172
2025-10-17 19:00:56,1539.72364,1126.4,1210.18182,18.21768,100.0,1010.42971,9.0,-545.51385
2025-10-17 19:00:56,1543.44727,1131.98545,1212.04364,18.20245,100.0,1010.40586,9.0,-545.42474
2025-10-17 19:00:57,1541.58545,1130.12364,1212.04364,18.20245,100.0,1010.37888,9.0,-545.56557
2025-10-17 19:00:57,1541.58545,1130.12364,1210.18182,18.22276,100.0,1010.41068,9.0,-544.66268
2025-10-17 19:00:58,1541.58545,1130.12364,1212.04364,18.20753,100.0,1010.33286,9.0,-544.82135
2025-10-17 19:00:58,1539.72364,1128.26182,1208.32,18.22276,100.0,1010.35672,9.0,-542.92766
2025-10-17 19:00:59,1543.44727,1130.12364,1212.04364,18.22783,100.0,1010.44562,9.0,-546.1229
2025-10-17 19:01:00,1543.44727,1131.98545,1210.18182,18.2126,100.0,1010.44874,9.0,-544.70596
2025-10-17 19:01:00,1537.86182,1128.26182,1208.32,18.22783,100.0,1010.41863,9.0,-544.42678
2025-10-17 19:01:01,1541.58545,1126.4,1208.32,18.22276,100.0,1010.43766,9.0,-543.73071
2025-10-17 19:01:01,1539.72364,1130.12364,1210.18182,18.22783,100.0,1010.39165,9.0,-544.85742
2025-10-17 19:01:02,1539.72364,1130.12364,1210.18182,18.22783,100.0,1010.33768,9.0,-543.98782
2025-10-17 19:01:02,1541.58545,1126.4,1206.45818,18.23799,100.0,1010.38057,9.0,-541.39803
2025-10-17 19:01:03,1537.86182,1126.4,1206.45818,18.23291,100.0,1010.31865,9.0,-541.4115
2025-10-17 19:01:04,1539.72364,1128.26182,1208.32,18.23291,100.0,1010.31865,9.0,-542.30871
2025-10-17 19:01:04,1541.58545,1130.12364,1210.18182,18.23291,100.0,1010.37262,9.0,-544.04375
2025-10-17 19:01:05,1541.58545,1128.26182,1208.32,18.23799,100.0,1010.35359,9.0,-542.36464
2025-10-17 19:01:05,1541.58545,1124.53818,1206.45818,18.23799,100.0,1010.51548,9.0,-543.54812
2025-10-17 19:01:06,1539.72364,1126.4,1206.45818,18.24814,100.0,1010.45044,9.0,-543.02249
2025-10-17 19:01:07,1539.72364,1128.26182,1210.18182,18.24814,100.0,1010.28854,9.0,-543.21932
2025-10-17 19:01:07,1541.58545,1130.12364,1210.18182,18.24814,100.0,1010.36949,9.0,-543.98491
2025-10-17 19:01:08,1539.72364,1126.4,1206.45818,18.24814,100.0,1010.3425,9.0,-541.28325
2025-10-17 19:01:08,1539.72364,1130.12364,1210.18182,18.24814,100.0,1010.3425,9.0,-544.05429
2025-10-17 19:01:09,1539.72364,1130.12364,1208.32,18.24306,100.0,1010.30757,9.0,-542.08989
2025-10-17 19:01:09,1541.58545,1130.12364,1210.18182,18.25322,100.0,1010.32347,9.0,-543.24059
2025-10-17 19:01:10,1541.58545,1130.12364,1208.32,18.25829,100.0,1010.27745,9.0,-541.09198
2025-10-17 19:01:11,1541.58545,1131.98545,1206.45818,18.25829,100.0,1010.35841,9.0,-540.92074
2025-10-17 19:01:11,1541.58545,1130.12364,1208.32,18.26337,100.0,1010.33937,9.0,-542.08692
2025-10-17 19:01:12,1537.86182,1130.12364,1210.18182,18.26845,100.0,1010.34732,9.0,-544.6249
2025-10-17 19:01:12,1541.58545,1128.26182,1208.32,18.25829,100.0,1010.27745,9.0,-541.12663
2025-10-17 19:01:13,1539.72364,1128.26182,1204.59636,18.25829,100.0,1010.33142,9.0,-539.6919
2025-10-17 19:01:14,1537.86182,1128.26182,1208.32,18.26337,100.0,1010.2854,9.0,-542.26033
2025-10-17 19:01:14,1539.72364,1128.26182,1204.59636,18.26845,100.0,1010.32034,9.0,-539.50768
2025-10-17 19:01:15,1537.86182,1131.98545,1210.18182,18.27352,100.0,1010.35527,9.0,-544.67881
2025-10-17 19:01:15,1537.86182,1124.53818,1204.59636,18.2786,100.0,1010.30925,9.0,-539.80658
2025-10-17 19:01:16,1539.72364,1128.26182,1210.18182,18.2786,100.0,1010.30925,9.0,-543.53631
2025-10-17 19:01:17,1539.72364,1128.26182,1206.45818,18.27352,100.0,1010.27432,9.0,-540.16761
2025-10-17 19:01:17,1541.58545,1131.98545,1208.32,18.2786,100.0,1010.25529,9.0,-540.6521
2025-10-17 19:01:18,1541.58545,1130.12364,1206.45818,18.26337,100.0,1010.33937,9.0,-540.68263
2025-10-17 19:01:18,1536.0,1126.4,1204.59636,18.2786,100.0,1010.33624,9.0,-540.76955
2025-10-17 19:01:19,1537.86182,1128.26182,1204.59636,18.26337,100.0,1010.2854,9.0,-539.45176
2025-10-17 19:01:19,1541.58545,1131.98545,1206.45818,18.26845,100.0,1010.29335,9.0,-539.86689
2025-10-17 19:01:20,1539.72364,1130.12364,1206.45818,18.27352,100.0,1010.3013,9.0,-540.56779
2025-10-17 19:01:21,1537.86182,1128.26182,1206.45818,18.27352,100.0,1010.27432,9.0,-540.67181
2025-10-17 19:01:21,1541.58545,1128.26182,1206.45818,18.29383,100.0,1010.33311,9.0,-540.59944
2025-10-17 19:01:22,1537.86182,1126.4,1206.45818,18.2786,100.0,1010.25529,9.0,-540.36514
2025-10-17 19:01:22,1539.72364,1130.12364,1206.45818,18.29383,100.0,1010.27913,9.0,-540.1993
2025-10-17 19:01:23,1539.72364,1130.12364,1206.45818,18.28875,100.0,1010.27119,9.0,-540.07401
2025-10-17 19:01:23,1539.72364,1128.26182,1204.59636,18.28875,100.0,1010.37913,9.0,-540.44373
2025-10-17 19:01:24,1536.0,1128.26182,1204.59636,18.28875,100.0,1010.32516,9.0,-540.58245
2025-10-17 19:01:25,1537.86182,1128.26182,1204.59636,18.29891,100.0,1010.39503,9.0,-541.19855
2025-10-17 19:01:25,1536.0,1128.26182,1206.45818,18.29891,100.0,1010.23311,9.0,-540.49796
2025-10-17 19:01:26,1537.86182,1128.26182,1202.73455,18.29891,100.0,1010.34106,9.0,-538.92457
2025-10-17 19:01:27,1537.86182,1124.53818,1200.87273,18.29891,100.0,1010.28708,9.0,-536.62953
2025-10-17 19:01:27,1539.72364,1130.12364,1204.59636,18.30398,100.0,1010.29503,9.0,-539.04561
2025-10-17 19:01:28,1539.72364,1130.12364,1204.59636,18.30906,100.0,1010.30298,9.0,-539.17091
2025-10-17 19:01:28,1537.86182,1126.4,1199.01091,18.31413,100.0,1010.28395,9.0,-535.19023
2025-10-17 19:01:29,1537.86182,1128.26182,1200.87273,18.31921,100.0,1010.2919,9.0,-536.71695
2025-10-17 19:01:29,1537.86182,1126.4,1202.73455,18.32429,100.0,1010.35382,9.0,-539.11914
2025-10-17 19:01:30,1537.86182,1131.98545,1208.32,18.30906,100.0,1010.276,9.0,-541.97743
2025-10-17 19:01:31,1537.86182,1128.26182,1204.59636,18.30906,100.0,1010.38394,9.0,-541.01432
2025-10-17 19:01:31,1536.0,1128.26182,1202.73455,18.31921,100.0,1010.53478,9.0,-542.53918
2025-10-17 19:01:32,1536.0,1128.26182,1200.87273,18.31921,100.0,1010.42683,9.0,-539.39545
2025-10-17 19:01:33,1537.86182,1128.26182,1202.73455,18.31413,100.0,1010.33792,9.0,-538.86564
2025-10-17 19:01:33,1537.86182,1131.98545,1204.59636,18.31413,100.0,1010.36491,9.0,-540.59873
2025-10-17 19:01:34,1537.86182,1126.4,1200.87273,18.32936,100.0,1010.38876,9.0,-538.27505
2025-10-17 19:01:34,1536.0,1126.4,1202.73455,18.33444,100.0,1010.39671,9.0,-540.30886
2025-10-17 19:01:35,1534.13818,1126.4,1200.87273,18.32429,100.0,1010.43478,9.0,-540.02785
2025-10-17 19:01:35,1537.86182,1130.12364,1204.59636,18.32429,100.0,1010.46177,9.0,-542.22536
2025-10-17 19:01:37,1536.0,1128.26182,1200.87273,18.32936,100.0,1010.46972,9.0,-540.08098
2025-10-17 19:01:38,1537.86182,1130.12364,1200.87273,18.33444,100.0,1010.50466,9.0,-540.10234
2025-10-17 19:01:38,1537.86182,1131.98545,1202.73455,18.33444,100.0,1010.50466,9.0,-541.43522
2025-10-17 19:01:39,1536.0,1126.4,1199.01091,18.32429,100.0,1010.54273,9.0,-539.85882
2025-10-17 19:01:39,1537.86182,1128.26182,1199.01091,18.32936,100.0,1010.63164,9.0,-540.78171
2025-10-17 19:01:40,1537.86182,1126.4,1200.87273,18.32936,100.0,1010.60465,9.0,-541.75399
2025-10-17 19:01:40,1537.86182,1128.26182,1200.87273,18.34459,100.0,1010.62851,9.0,-542.12721
2025-10-17 19:01:41,1534.13818,1128.26182,1202.73455,18.33952,100.0,1010.67453,9.0,-545.28428
2025-10-17 19:01:42,1537.86182,1126.4,1199.01091,18.34459,100.0,1010.52056,9.0,-538.98628
2025-10-17 19:01:42,1536.0,1131.98545,1202.73455,18.34967,100.0,1010.60947,9.0,-543.62013
2025-10-17 19:01:43,1537.86182,1130.12364,1200.87273,18.34967,100.0,1010.52851,9.0,-540.4784
2025-10-17 19:01:43,1536.0,1130.12364,1202.73455,18.34459,100.0,1010.49357,9.0,-541.82664
2025-10-17 19:01:44,1537.86182,1124.53818,1197.14909,18.34967,100.0,1010.52851,9.0,-537.68342
2025-10-17 19:01:44,1536.0,1128.26182,1200.87273,18.33444,100.0,1010.53164,9.0,-541.07606
2025-10-17 19:01:45,1536.0,1128.26182,1200.87273,18.33952,100.0,1010.53959,9.0,-541.20141
2025-10-17 19:01:46,1536.0,1128.26182,1199.01091,18.34967,100.0,1010.47453,9.0,-538.7432
2025-10-17 19:01:46,1534.13818,1128.26182,1200.87273,18.34967,100.0,1010.52851,9.0,-541.52145
2025-10-17 19:01:47,1534.13818,1128.26182,1197.14909,18.35475,100.0,1010.61743,9.0,-540.14291
2025-10-17 19:01:47,1536.0,1128.26182,1199.01091,18.35475,100.0,1010.50947,9.0,-539.30345
2025-10-17 19:01:48,1534.13818,1128.26182,1200.87273,18.34967,100.0,1010.52851,9.0,-541.52145
2025-10-17 19:01:48,1534.13818,1130.12364,1200.87273,18.34967,100.0,1010.52851,9.0,-541.4868
2025-10-17 19:01:49,1537.86182,1126.4,1197.14909,18.35475,100.0,1010.56345,9.0,-538.26761
2025-10-17 19:01:50,1537.86182,1130.12364,1200.87273,18.35475,100.0,1010.53646,9.0,-540.60377
2025-10-17 19:01:50,1532.27636,1128.26182,1199.01091,18.35982,100.0,1010.5714,9.0,-541.307
2025-10-17 19:01:51,1536.0,1131.98545,1202.73455,18.35475,100.0,1010.56345,9.0,-542.87573
2025-10-17 19:01:51,1537.86182,1130.12364,1199.01091,18.36998,100.0,1010.50634,9.0,-538.70584
2025-10-17 19:01:52,1534.13818,1124.53818,1195.28727,18.35475,100.0,1010.53646,9.0,-537.4129
2025-10-17 19:01:53,1536.0,1126.4,1197.14909,18.36998,100.0,1010.50634,9.0,-537.84328
2025-10-17 19:01:53,1537.86182,1130.12364,1199.01091,18.35982,100.0,1010.54441,9.0,-539.32486
2025-10-17 19:01:54,1536.0,1130.12364,1200.87273,18.36998,100.0,1010.53333,9.0,-541.04922
2025-10-17 19:01:54,1536.0,1126.4,1199.01091,18.37505,100.0,1010.51429,9.0,-539.37295
2025-10-17 19:01:55,1536.0,1128.26182,1197.14909,18.36998,100.0,1010.53333,9.0,-538.2753
2025-10-17 19:01:55,1536.0,1128.26182,1200.87273,18.37505,100.0,1010.56827,9.0,-541.64416
2025-10-17 19:01:56,1536.0,1128.26182,1199.01091,18.36998,100.0,1010.50634,9.0,-539.24469
2025-10-17 19:01:57,1537.86182,1128.26182,1200.87273,18.37505,100.0,1010.4873,9.0,-539.83527
2025-10-17 19:01:57,1536.0,1126.4,1195.28727,18.38013,100.0,1010.44127,9.0,-535.38507
2025-10-17 19:01:58,1534.13818,1124.53818,1197.14909,18.38521,100.0,1010.42223,9.0,-536.96011
2025-10-17 19:01:59,1534.13818,1128.26182,1200.87273,18.38013,100.0,1010.49525,9.0,-540.96906
2025-10-17 19:01:59,1534.13818,1126.4,1199.01091,18.39028,100.0,1010.45717,9.0,-538.94864
2025-10-17 19:02:00,1532.27636,1124.53818,1197.14909,18.39028,100.0,1010.53814,9.0,-539.32935
2025-10-17 19:02:00,1534.13818,1124.53818,1197.14909,18.39536,100.0,1010.54609,9.0,-538.95058
2025-10-17 19:02:01,1534.13818,1122.67636,1197.14909,18.40044,100.0,1010.55404,9.0,-539.03023
2025-10-17 19:02:01,1536.0,1126.4,1202.73455,18.39028,100.0,1010.53814,9.0,-542.55775
2025-10-17 19:02:02,1532.27636,1124.53818,1199.01091,18.40044,100.0,1010.52705,9.0,-540.54958
2025-10-17 19:02:03,1534.13818,1128.26182,1199.01091,18.41567,100.0,1010.49693,9.0,-539.57296
2025-10-17 19:02:03,1532.27636,1120.81455,1195.28727,18.40551,100.0,1010.535,9.0,-537.75802
2025-10-17 19:02:04,1534.13818,1124.53818,1199.01091,18.41059,100.0,1010.46198,9.0,-538.99151
2025-10-17 19:02:04,1534.13818,1124.53818,1197.14909,18.41567,100.0,1010.46993,9.0,-537.71268
2025-10-17 19:02:05,1530.41455,1120.81455,1195.28727,18.41567,100.0,1010.49693,9.0,-537.64328
2025-10-17 19:02:05,1534.13818,1122.67636,1195.28727,18.40551,100.0,1010.45403,9.0,-536.01171
2025-10-17 19:02:06,1534.13818,1120.81455,1197.14909,18.42582,100.0,1010.51283,9.0,-538.29013
2025-10-17 19:02:07,1534.13818,1124.53818,1199.01091,18.43597,100.0,1010.58271,9.0,-540.92375
2025-10-17 19:02:07,1534.13818,1122.67636,1195.28727,18.42582,100.0,1010.51283,9.0,-536.9485
2025-10-17 19:02:08,1532.27636,1122.67636,1199.01091,18.42582,100.0,1010.43185,9.0,-538.95646
2025-10-17 19:02:08,1534.13818,1126.4,1200.87273,18.43597,100.0,1010.44775,9.0,-540.17726
2025-10-17 19:02:09,1534.13818,1124.53818,1197.14909,18.43597,100.0,1010.52873,9.0,-538.64958
2025-10-17 19:02:10,1534.13818,1120.81455,1195.28727,18.44105,100.0,1010.48269,9.0,-536.39249
2025-10-17 19:02:10,1534.13818,1120.81455,1197.14909,18.44105,100.0,1010.48269,9.0,-537.79677
2025-10-17 19:02:11,1532.27636,1120.81455,1195.28727,18.44105,100.0,1010.53668,9.0,-537.76658
2025-10-17 19:02:11,1532.27636,1120.81455,1193.42545,18.4512,100.0,1010.55258,9.0,-536.61338
2025-10-17 19:02:12,1534.13818,1124.53818,1199.01091,18.45628,100.0,1010.47955,9.0,-539.25118
2025-10-17 19:02:13,1534.13818,1120.81455,1195.28727,18.4512,100.0,1010.4986,9.0,-536.64356
2025-10-17 19:02:13,1534.13818,1120.81455,1193.42545,18.46135,100.0,1010.54149,9.0,-535.92538
2025-10-17 19:02:14,1530.41455,1120.81455,1191.56364,18.46135,100.0,1010.54149,9.0,-535.52949
2025-10-17 19:02:14,1532.27636,1122.67636,1197.14909,18.46135,100.0,1010.59547,9.0,-540.17072
2025-10-17 19:02:15,1534.13818,1118.95273,1193.42545,18.46135,100.0,1010.46051,9.0,-534.54594
2025-10-17 19:02:16,1532.27636,1120.81455,1197.14909,18.47658,100.0,1010.53835,9.0,-539.18001
2025-10-17 19:02:16,1530.41455,1118.95273,1193.42545,18.46135,100.0,1010.5145,9.0,-536.42425
2025-10-17 19:02:17,1534.13818,1120.81455,1197.14909,18.48166,100.0,1010.5463,9.0,-538.80145
2025-10-17 19:02:17,1534.13818,1118.95273,1193.42545,18.48166,100.0,1010.49231,9.0,-535.04837
2025-10-17 19:02:18,1534.13818,1118.95273,1193.42545,18.49689,100.0,1010.46217,9.0,-534.55542
2025-10-17 19:02:18,1530.41455,1117.09091,1193.42545,18.49689,100.0,1010.54315,9.0,-536.78727
2025-10-17 19:02:19,1532.27636,1118.95273,1195.28727,18.49181,100.0,1010.48122,9.0,-536.7732
2025-10-17 19:02:19,1534.13818,1120.81455,1197.14909,18.50704,100.0,1010.55905,9.0,-538.99493
2025-10-17 19:02:20,1532.27636,1118.95273,1193.42545,18.50704,100.0,1010.47807,9.0,-535.31103
2025-10-17 19:02:21,1532.27636,1122.67636,1199.01091,18.50197,100.0,1010.49712,9.0,-539.97037
2025-10-17 19:02:21,1534.13818,1120.81455,1195.28727,18.5172,100.0,1010.359,9.0,-534.36219
2025-10-17 19:02:22,1532.27636,1120.81455,1195.28727,18.5172,100.0,1010.49397,9.0,-537.04137
2025-10-17 19:02:23,1534.13818,1118.95273,1193.42545,18.52227,100.0,1010.50192,9.0,-535.1841
2025-10-17 19:02:23,1532.27636,1117.09091,1191.56364,18.52227,100.0,1010.55591,9.0,-535.07252
2025-10-17 19:02:24,1530.41455,1115.22909,1189.70182,18.52735,100.0,1010.45588,9.0,-532.47476
2025-10-17 19:02:24,1528.55273,1117.09091,1195.28727,18.52735,100.0,1010.50987,9.0,-538.14528
2025-10-17 19:02:25,1534.13818,1117.09091,1197.14909,18.53242,100.0,1010.54481,9.0,-538.5978
2025-10-17 19:02:25,1530.41455,1115.22909,1191.56364,18.53242,100.0,1010.46383,9.0,-534.00486
2025-10-17 19:02:26,1532.27636,1117.09091,1193.42545,18.5375,100.0,1010.52577,9.0,-535.98426
2025-10-17 19:02:26,1530.41455,1113.36727,1189.70182,18.53242,100.0,1010.54481,9.0,-533.82514
2025-10-17 19:02:27,1534.13818,1120.81455,1200.87273,18.53242,100.0,1010.54481,9.0,-541.56243
2025-10-17 19:02:28,1532.27636,1117.09091,1193.42545,18.54765,100.0,1010.56866,9.0,-536.67103
2025-10-17 19:02:28,1530.41455,1115.22909,1191.56364,18.55781,100.0,1010.53057,9.0,-535.06928
2025-10-17 19:02:29,1528.55273,1113.36727,1191.56364,18.57304,100.0,1010.55442,9.0,-535.87094
2025-10-17 19:02:30,1530.41455,1117.09091,1193.42545,18.57304,100.0,1010.50043,9.0,-536.06488
2025-10-17 19:02:30,1532.27636,1117.09091,1195.28727,18.57304,100.0,1010.58142,9.0,-538.27007
2025-10-17 19:02:31,1530.41455,1111.50545,1189.70182,18.55781,100.0,1010.50357,9.0,-533.07702
2025-10-17 19:02:31,1530.41455,1113.36727,1191.56364,18.57811,100.0,1010.50837,9.0,-534.62269
2025-10-17 19:02:32,1530.41455,1113.36727,1191.56364,18.58319,100.0,1010.54332,9.0,-535.18377
2025-10-17 19:02:32,1532.27636,1117.09091,1195.28727,18.58319,100.0,1010.48933,9.0,-536.78198
2025-10-17 19:02:33,1530.41455,1113.36727,1189.70182,18.59842,100.0,1010.56717,9.0,-534.15778
2025-10-17 19:02:34,1528.55273,1113.36727,1195.28727,18.58319,100.0,1010.48933,9.0,-537.62645
2025-10-17 19:02:34,1530.41455,1113.36727,1191.56364,18.6035,100.0,1010.49412,9.0,-534.38304
2025-10-17 19:02:35,1532.27636,1115.22909,1195.28727,18.6035,100.0,1010.49412,9.0,-536.76787
2025-10-17 19:02:36,1528.55273,1111.50545,1193.42545,18.59334,100.0,1010.47823,9.0,-535.96679
2025-10-17 19:02:36,1530.41455,1111.50545,1189.70182,18.61365,100.0,1010.48302,9.0,-532.72357
2025-10-17 19:02:37,1528.55273,1109.64364,1185.97818,18.60857,100.0,1010.50207,9.0,-530.66852
2025-10-17 19:02:37,1530.41455,1113.36727,1191.56364,18.61873,100.0,1010.51797,9.0,-534.76163
2025-10-17 19:02:38,1528.55273,1117.09091,1195.28727,18.6238,100.0,1010.52592,9.0,-538.36457
2025-10-17 19:02:38,1528.55273,1111.50545,1189.70182,18.61873,100.0,1010.54497,9.0,-534.22412
2025-10-17 19:02:39,1528.55273,1109.64364,1187.84,18.61873,100.0,1010.49097,9.0,-531.89016
2025-10-17 19:02:40,1532.27636,1113.36727,1191.56364,18.62888,100.0,1010.47987,9.0,-533.63981
2025-10-17 19:02:40,1530.41455,1113.36727,1193.42545,18.6238,100.0,1010.52592,9.0,-536.29216
2025-10-17 19:02:41,1528.55273,1109.64364,1185.97818,18.62888,100.0,1010.56087,9.0,-531.60855
2025-10-17 19:02:41,1528.55273,1111.50545,1189.70182,18.63396,100.0,1010.51482,9.0,-533.73282
2025-10-17 19:02:42,1526.69091,1109.64364,1185.97818,18.63903,100.0,1010.52277,9.0,-531.49524
2025-10-17 19:02:43,1530.41455,1113.36727,1191.56364,18.64918,100.0,1010.45766,9.0,-533.77923
2025-10-17 19:02:43,1528.55273,1111.50545,1189.70182,18.64411,100.0,1010.50371,9.0,-533.55044
2025-10-17 19:02:44,1528.55273,1109.64364,1185.97818,18.65426,100.0,1010.51961,9.0,-530.93514
2025-10-17 19:02:44,1528.55273,1109.64364,1185.97818,18.65934,100.0,1010.52756,9.0,-531.0616
2025-10-17 19:02:45,1524.82909,1107.78182,1187.84,18.66441,100.0,1010.56251,9.0,-533.99423
2025-10-17 19:02:45,1530.41455,1113.36727,1191.56364,18.65934,100.0,1010.52756,9.0,-534.90229
2025-10-17 19:02:46,1528.55273,1107.78182,1187.84,18.66949,100.0,1010.59746,9.0,-533.54746
2025-10-17 19:02:47,1530.41455,1111.50545,1187.84,18.66949,100.0,1010.48946,9.0,-531.40403
2025-10-17 19:02:48,1528.55273,1113.36727,1191.56364,18.67457,100.0,1010.4704,9.0,-534.48073
2025-10-17 19:02:49,1528.55273,1107.78182,1189.70182,18.68472,100.0,1010.5133,9.0,-533.59107
2025-10-17 19:02:49,1524.82909,1107.78182,1185.97818,18.69487,100.0,1010.5292,9.0,-532.04423
2025-10-17 19:02:50,1524.82909,1109.64364,1184.11636,18.69487,100.0,1010.50219,9.0,-530.24646
2025-10-17 19:02:50,1528.55273,1107.78182,1185.97818,18.68472,100.0,1010.4593,9.0,-529.91228
2025-10-17 19:02:51,1528.55273,1109.64364,1189.70182,18.69995,100.0,1010.51014,9.0,-533.57762
2025-10-17 19:02:51,1526.69091,1109.64364,1184.11636,18.70503,100.0,1010.5721,9.0,-530.86597
2025-10-17 19:02:52,1526.69091,1105.92,1185.97818,18.70503,100.0,1010.54509,9.0,-531.77469
2025-10-17 19:02:53,1526.69091,1105.92,1189.70182,18.7101,100.0,1010.55304,9.0,-534.71004
2025-10-17 19:02:53,1530.41455,1111.50545,1191.56364,18.7101,100.0,1010.52604,9.0,-534.79078
2025-10-17 19:02:54,1526.69091,1107.78182,1185.97818,18.7101,100.0,1010.52604,9.0,-531.48514
2025-10-17 19:02:54,1526.69091,1109.64364,1187.84,18.71518,100.0,1010.50698,9.0,-532.62274
2025-10-17 19:02:55,1524.82909,1107.78182,1185.97818,18.71518,100.0,1010.50698,9.0,-531.68102
2025-10-17 19:02:55,1526.69091,1107.78182,1185.97818,18.72026,100.0,1010.54194,9.0,-531.7388
2025-10-17 19:02:56,1526.69091,1105.92,1185.97818,18.72533,100.0,1010.60389,9.0,-532.71716
2025-10-17 19:02:57,1526.69091,1105.92,1184.11636,18.72533,100.0,1010.52288,9.0,-530.00745
2025-10-17 19:02:57,1528.55273,1107.78182,1187.84,18.73549,100.0,1010.53878,9.0,-532.58447
2025-10-17 19:02:58,1526.69091,1105.92,1185.97818,18.72533,100.0,1010.46887,9.0,-530.54145
2025-10-17 19:02:58,1528.55273,1107.78182,1185.97818,18.74564,100.0,1010.52767,9.0,-530.99901
2025-10-17 19:02:59,1524.82909,1107.78182,1185.97818,18.75072,100.0,1010.56262,9.0,-532.56961
2025-10-17 19:03:00,1526.69091,1107.78182,1185.97818,18.76594,100.0,1010.55946,9.0,-532.01157
2025-10-17 19:03:00,1526.69091,1105.92,1184.11636,18.75072,100.0,1010.53562,9.0,-530.20717
2025-10-17 19:03:01,1526.69091,1107.78182,1185.97818,18.76594,100.0,1010.55946,9.0,-532.01157
2025-10-17 19:03:01,1524.82909,1107.78182,1185.97818,18.76087,100.0,1010.57852,9.0,-532.82379
2025-10-17 19:03:02,1524.82909,1104.05818,1182.25455,18.77102,100.0,1010.5404,9.0,-529.38689
2025-10-17 19:03:02,1524.82909,1104.05818,1182.25455,18.7761,100.0,1010.65637,9.0,-531.2548
2025-10-17 19:03:03,1524.82909,1104.05818,1185.97818,18.78625,100.0,1010.59125,9.0,-533.01235
2025-10-17 19:03:03,1526.69091,1107.78182,1187.84,18.79133,100.0,1010.54519,9.0,-533.18168
2025-10-17 19:03:04,1526.69091,1104.05818,1184.11636,18.7964,100.0,1010.55314,9.0,-530.48814
2025-10-17 19:03:05,1522.96727,1104.05818,1182.25455,18.78625,100.0,1010.53724,9.0,-529.83762
2025-10-17 19:03:05,1522.96727,1102.19636,1182.25455,18.78117,100.0,1010.5833,9.0,-530.61125
2025-10-17 19:03:06,1524.82909,1105.92,1184.11636,18.80148,100.0,1010.56108,9.0,-531.11321
2025-10-17 19:03:07,1524.82909,1104.05818,1185.97818,18.7964,100.0,1010.63416,9.0,-533.70219
2025-10-17 19:03:07,1524.82909,1102.19636,1182.25455,18.80656,100.0,1010.56903,9.0,-529.87336
2025-10-17 19:03:08,1524.82909,1100.33455,1180.39273,18.81163,100.0,1010.63099,9.0,-529.51992
2025-10-17 19:03:08,1526.69091,1105.92,1187.84,18.81163,100.0,1010.57698,9.0,-533.67242
2025-10-17 19:03:09,1524.82909,1100.33455,1182.25455,18.81163,100.0,1010.52296,9.0,-529.18341
2025-10-17 19:03:10,1522.96727,1102.19636,1180.39273,18.81163,100.0,1010.46895,9.0,-527.35991
2025-10-17 19:03:10,1524.82909,1100.33455,1180.39273,18.82179,100.0,1010.56587,9.0,-528.46928
2025-10-17 19:03:11,1522.96727,1100.33455,1180.39273,18.82686,100.0,1010.54681,9.0,-528.6658
2025-10-17 19:03:11,1526.69091,1105.92,1187.84,18.82686,100.0,1010.57381,9.0,-533.61971
2025-10-17 19:03:12,1522.96727,1104.05818,1182.25455,18.83194,100.0,1010.52775,9.0,-529.67889
2025-10-17 19:03:13,1522.96727,1100.33455,1184.11636,18.82686,100.0,1010.5198,9.0,-531.03916
2025-10-17 19:03:13,1522.96727,1100.33455,1178.53091,18.84209,100.0,1010.57065,9.0,-527.6443
2025-10-17 19:03:14,1524.82909,1102.19636,1182.25455,18.84717,100.0,1010.55159,9.0,-529.5881
2025-10-17 19:03:14,1524.82909,1100.33455,1180.39273,18.85732,100.0,1010.56748,9.0,-528.49224
2025-10-17 19:03:15,1521.10545,1100.33455,1178.53091,18.8624,100.0,1010.52141,9.0,-527.35365
2025-10-17 19:03:15,1521.10545,1098.47273,1178.53091,18.85225,100.0,1010.55953,9.0,-528.04256
2025-10-17 19:03:16,1524.82909,1102.19636,1178.53091,18.86748,100.0,1010.55637,9.0,-526.85526
2025-10-17 19:03:16,1522.96727,1104.05818,1182.25455,18.86748,100.0,1010.52936,9.0,-529.70225
2025-10-17 19:03:17,1522.96727,1100.33455,1178.53091,18.86748,100.0,1010.55637,9.0,-527.41247
2025-10-17 19:03:18,1522.96727,1104.05818,1182.25455,18.87763,100.0,1010.62628,9.0,-531.26366
2025-10-17 19:03:18,1521.10545,1102.19636,1180.39273,18.86748,100.0,1010.58338,9.0,-529.70318
2025-10-17 19:03:19,1521.10545,1102.19636,1180.39273,18.87763,100.0,1010.59927,9.0,-529.95886
2025-10-17 19:03:20,1521.10545,1096.61091,1176.66909,18.89793,100.0,1010.52302,9.0,-526.14127
2025-10-17 19:03:20,1521.10545,1100.33455,1178.53091,18.89286,100.0,1010.54208,9.0,-527.68561
2025-10-17 19:03:21,1519.24364,1096.61091,1176.66909,18.89286,100.0,1010.56909,9.0,-527.388
2025-10-17 19:03:21,1521.10545,1100.33455,1180.39273,18.90301,100.0,1010.612,9.0,-530.21641
2025-10-17 19:03:22,1522.96727,1100.33455,1180.39273,18.90301,100.0,1010.53096,9.0,-528.40643
2025-10-17 19:03:23,1522.96727,1102.19636,1182.25455,18.90301,100.0,1010.612,9.0,-531.06349
2025-10-17 19:03:23,1521.10545,1098.47273,1176.66909,18.89793,100.0,1010.65807,9.0,-528.22428
2025-10-17 19:03:24,1521.10545,1098.47273,1176.66909,18.90809,100.0,1010.53891,9.0,-526.30404
2025-10-17 19:03:24,1522.96727,1102.19636,1182.25455,18.91824,100.0,1010.58182,9.0,-530.57721
2025-10-17 19:03:25,1522.96727,1098.47273,1176.66909,18.92332,100.0,1010.53574,9.0,-525.7489
2025-10-17 19:03:26,1521.10545,1100.33455,1178.53091,18.91824,100.0,1010.5548,9.0,-527.89058
2025-10-17 19:03:26,1519.24364,1096.61091,1174.80727,18.92839,100.0,1010.54368,9.0,-525.57448
2025-10-17 19:03:27,1522.96727,1100.33455,1180.39273,18.93347,100.0,1010.49761,9.0,-527.86936
2025-10-17 19:03:27,1522.96727,1098.47273,1178.53091,18.93855,100.0,1010.55958,9.0,-527.53782
2025-10-17 19:03:28,1519.24364,1094.74909,1174.80727,18.9487,100.0,1010.54846,9.0,-525.76332
2025-10-17 19:03:28,1521.10545,1094.74909,1176.66909,18.92839,100.0,1010.54368,9.0,-526.58566
2025-10-17 19:03:29,1521.10545,1098.47273,1178.53091,18.94362,100.0,1010.54051,9.0,-527.735
2025-10-17 19:03:29,1522.96727,1098.47273,1178.53091,18.9487,100.0,1010.54846,9.0,-527.35911
2025-10-17 19:03:30,1521.10545,1094.74909,1174.80727,18.95885,100.0,1010.51032,9.0,-524.64523
2025-10-17 19:03:31,1521.10545,1098.47273,1180.39273,18.9487,100.0,1010.52144,9.0,-528.8323
2025-10-17 19:03:31,1519.24364,1100.33455,1178.53091,18.96393,100.0,1010.54528,9.0,-528.24339
2025-10-17 19:03:32,1521.10545,1096.61091,1178.53091,18.96393,100.0,1010.51827,9.0,-527.47111
2025-10-17 19:03:32,1522.96727,1098.47273,1178.53091,18.96901,100.0,1010.55323,9.0,-527.43736
2025-10-17 19:03:33,1519.24364,1096.61091,1174.80727,18.96393,100.0,1010.54528,9.0,-525.60205
2025-10-17 19:03:34,1519.24364,1096.61091,1174.80727,18.97408,100.0,1010.53416,9.0,-525.42364
2025-10-17 19:03:34,1521.10545,1096.61091,1176.66909,18.97916,100.0,1010.54211,9.0,-526.45223
2025-10-17 19:03:35,1519.24364,1098.47273,1176.66909,18.97408,100.0,1010.56118,9.0,-527.16995
2025-10-17 19:03:35,1519.24364,1092.88727,1174.80727,18.97408,100.0,1010.50715,9.0,-525.22675
2025-10-17 19:03:36,1515.52,1096.61091,1174.80727,18.97916,100.0,1010.56912,9.0,-526.99586
2025-10-17 19:03:36,1519.24364,1094.74909,1174.80727,18.97408,100.0,1010.53416,9.0,-525.53473
2025-10-17 19:03:37,1519.24364,1098.47273,1178.53091,18.98931,100.0,1010.558,9.0,-528.52452
2025-10-17 19:03:38,1519.24364,1100.33455,1178.53091,18.99439,100.0,1010.56595,9.0,-528.57919
2025-10-17 19:03:38,1515.52,1092.88727,1172.94545,18.99947,100.0,1010.57389,9.0,-525.90901
2025-10-17 19:03:39,1521.10545,1094.74909,1174.80727,19.00454,100.0,1010.55482,9.0,-525.36671
2025-10-17 19:03:39,1519.24364,1092.88727,1172.94545,19.00454,100.0,1010.58184,9.0,-525.02928
2025-10-17 19:03:40,1521.10545,1096.61091,1176.66909,19.0147,100.0,1010.5437,9.0,-526.48199
2025-10-17 19:03:41,1519.24364,1098.47273,1178.53091,19.0147,100.0,1010.46265,9.0,-526.99117
2025-10-17 19:03:41,1519.24364,1096.61091,1174.80727,19.01977,100.0,1010.52463,9.0,-525.27532
2025-10-17 19:03:42,1519.24364,1096.61091,1174.80727,19.02485,100.0,1010.53257,9.0,-525.40412
2025-10-17 19:03:42,1517.38182,1094.74909,1174.80727,19.02485,100.0,1010.55959,9.0,-526.45475
2025-10-17 19:03:43,1519.24364,1096.61091,1174.80727,19.035,100.0,1010.54846,9.0,-525.6618
2025-10-17 19:03:44,1519.24364,1098.47273,1178.53091,19.02485,100.0,1010.55959,9.0,-528.55474
2025-10-17 19:03:44,1521.10545,1096.61091,1176.66909,19.04008,100.0,1010.55641,9.0,-526.69077
2025-10-17 19:03:45,1519.24364,1094.74909,1174.80727,19.04515,100.0,1010.53734,9.0,-525.59534
2025-10-17 19:03:45,1519.24364,1096.61091,1174.80727,19.05023,100.0,1010.59932,9.0,-526.48393
2025-10-17 19:03:46,1519.24364,1096.61091,1176.66909,19.05531,100.0,1010.55323,9.0,-527.14648
2025-10-17 19:03:47,1519.24364,1092.88727,1174.80727,19.05531,100.0,1010.58025,9.0,-526.41598
2025-10-17 19:03:47,1519.24364,1096.61091,1174.80727,19.07054,100.0,1010.52303,9.0,-525.2586
2025-10-17 19:03:48,1517.38182,1096.61091,1172.94545,19.06546,100.0,1010.59614,9.0,-525.53556
2025-10-17 19:03:48,1517.38182,1094.74909,1172.94545,19.06546,100.0,1010.5421,9.0,-524.7759
2025-10-17 19:03:49,1517.38182,1094.74909,1172.94545,19.06546,100.0,1010.51508,9.0,-524.34053
2025-10-17 19:03:49,1517.38182,1096.61091,1171.08364,19.07561,100.0,1010.61203,9.0,-524.38949
2025-10-17 19:03:50,1515.52,1094.74909,1171.08364,19.07561,100.0,1010.53097,9.0,-523.69863
2025-10-17 19:03:51,1517.38182,1094.74909,1172.94545,19.07561,100.0,1010.50396,9.0,-524.16334
2025-10-17 19:03:51,1517.38182,1091.02545,1171.08364,19.08577,100.0,1010.54687,9.0,-523.7221
2025-10-17 19:03:52,1517.38182,1092.88727,1172.94545,19.08577,100.0,1010.51985,9.0,-524.54899
2025-10-17 19:03:52,1517.38182,1092.88727,1171.08364,19.09592,100.0,1010.56276,9.0,-523.83856
2025-10-17 19:03:53,1515.52,1091.02545,1171.08364,19.09084,100.0,1010.52779,9.0,-523.92012
2025-10-17 19:03:54,1517.38182,1092.88727,1172.94545,19.101,100.0,1010.5707,9.0,-525.37212
2025-10-17 19:03:54,1517.38182,1092.88727,1171.08364,19.09592,100.0,1010.50872,9.0,-522.96777
2025-10-17 19:03:55,1511.79636,1092.88727,1172.94545,19.10607,100.0,1010.57865,9.0,-527.01403
2025-10-17 19:03:55,1515.52,1091.02545,1171.08364,19.101,100.0,1010.5707,9.0,-524.61404
2025-10-17 19:03:56,1519.24364,1094.74909,1172.94545,19.11623,100.0,1010.5405,9.0,-524.25782
2025-10-17 19:03:57,1517.38182,1094.74909,1169.22182,19.11623,100.0,1010.5405,9.0,-521.95345
2025-10-17 19:03:57,1517.38182,1094.74909,1171.08364,19.11623,100.0,1010.56752,9.0,-523.79314
2025-10-17 19:03:58,1517.38182,1091.02545,1169.22182,19.11623,100.0,1010.5405,9.0,-522.22278
2025-10-17 19:03:59,1517.38182,1091.02545,1171.08364,19.1213,100.0,1010.57546,9.0,-524.19189
2025-10-17 19:04:00,1515.52,1089.16364,1165.49818,19.13146,100.0,1010.56433,9.0,-520.46186
2025-10-17 19:04:00,1515.52,1089.16364,1167.36,19.14161,100.0,1010.58022,9.0,-522.12519
2025-10-17 19:04:01,1515.52,1094.74909,1172.94545,19.14669,100.0,1010.58817,9.0,-526.04316
2025-10-17 19:04:01,1513.65818,1092.88727,1169.22182,19.14161,100.0,1010.5532,9.0,-523.30112
2025-10-17 19:04:02,1517.38182,1091.02545,1169.22182,19.14161,100.0,1010.5532,9.0,-522.43473
2025-10-17 19:04:03,1513.65818,1089.16364,1167.36,19.14669,100.0,1010.56114,9.0,-522.32353
2025-10-17 19:04:03,1515.52,1092.88727,1171.08364,19.15176,100.0,1010.56909,9.0,-524.46038
2025-10-17 19:04:04,1517.38182,1092.88727,1171.08364,19.16699,100.0,1010.5659,9.0,-523.90975
2025-10-17 19:04:04,1511.79636,1089.16364,1167.36,19.17207,100.0,1010.62789,9.0,-523.91153
2025-10-17 19:04:05,1515.52,1091.02545,1171.08364,19.17207,100.0,1010.60087,9.0,-525.12113
2025-10-17 19:04:05,1513.65818,1089.16364,1167.36,19.17714,100.0,1010.58179,9.0,-522.66621
2025-10-17 19:04:06,1515.52,1089.16364,1169.22182,19.17207,100.0,1010.60087,9.0,-523.87197
2025-10-17 19:04:06,1517.38182,1091.02545,1171.08364,19.17207,100.0,1010.62789,9.0,-525.05238
2025-10-17 19:04:07,1515.52,1091.02545,1167.36,19.18222,100.0,1010.61676,9.0,-522.57214
2025-10-17 19:04:08,1513.65818,1089.16364,1167.36,19.1873,100.0,1010.59768,9.0,-522.92584
2025-10-17 19:04:08,1515.52,1089.16364,1167.36,19.1873,100.0,1010.6247,9.0,-522.8571
2025-10-17 19:04:09,1515.52,1092.88727,1171.08364,19.18222,100.0,1010.58974,9.0,-524.80325
2025-10-17 19:04:09,1513.65818,1087.30182,1167.36,19.19745,100.0,1010.61357,9.0,-523.35229
2025-10-17 19:04:10,1513.65818,1089.16364,1167.36,19.19237,100.0,1010.55158,9.0,-522.18478
2025-10-17 19:04:11,1513.65818,1087.30182,1165.49818,19.20253,100.0,1010.56747,9.0,-521.207
2025-10-17 19:04:11,1513.65818,1091.02545,1169.22182,19.20253,100.0,1010.54044,9.0,-523.2583
2025-10-17 19:04:12,1515.52,1089.16364,1169.22182,19.20253,100.0,1010.54044,9.0,-522.90922
2025-10-17 19:04:12,1513.65818,1091.02545,1169.22182,19.20253,100.0,1010.51342,9.0,-522.82283
2025-10-17 19:04:13,1513.65818,1089.16364,1167.36,19.21268,100.0,1010.52931,9.0,-521.83361
2025-10-17 19:04:13,1511.79636,1087.30182,1163.63636,19.21268,100.0,1010.55633,9.0,-520.13139
2025-10-17 19:04:14,1515.52,1091.02545,1169.22182,19.21776,100.0,1010.5913,9.0,-523.57955
2025-10-17 19:04:15,1513.65818,1089.16364,1163.63636,19.21268,100.0,1010.52931,9.0,-519.02504
2025-10-17 19:04:15,1513.65818,1091.02545,1167.36,19.22791,100.0,1010.52611,9.0,-521.63315
2025-10-17 19:04:16,1513.65818,1085.44,1165.49818,19.22791,100.0,1010.49909,9.0,-520.29187
2025-10-17 19:04:17,1513.65818,1091.02545,1169.22182,19.23299,100.0,1010.53406,9.0,-523.16756
2025-10-17 19:04:17,1513.65818,1085.44,1167.36,19.23806,100.0,1010.56903,9.0,-522.82739
2025-10-17 19:04:18,1511.79636,1085.44,1163.63636,19.23806,100.0,1010.56903,9.0,-520.52302
2025-10-17 19:04:18,1511.79636,1087.30182,1163.63636,19.25837,100.0,1010.57378,9.0,-520.43178
2025-10-17 19:04:19,1511.79636,1087.30182,1163.63636,19.25329,100.0,1010.53881,9.0,-519.866
2025-10-17 19:04:19,1511.79636,1089.16364,1167.36,19.24822,100.0,1010.58492,9.0,-523.24864
2025-10-17 19:04:20,1513.65818,1087.30182,1163.63636,19.24314,100.0,1010.49589,9.0,-518.66585
2025-10-17 19:04:21,1513.65818,1085.44,1163.63636,19.22791,100.0,1010.52611,9.0,-519.32307
2025-10-17 19:04:21,1513.65818,1089.16364,1169.22182,19.26345,100.0,1010.55469,9.0,-523.66856
2025-10-17 19:04:22,1513.65818,1091.02545,1172.94545,19.2736,100.0,1010.54356,9.0,-526.14721
2025-10-17 19:04:22,1513.65818,1085.44,1165.49818,19.27868,100.0,1010.52447,9.0,-520.72344
2025-10-17 19:04:23,1511.79636,1085.44,1165.49818,19.2736,100.0,1010.54356,9.0,-521.53275
2025-10-17 19:04:24,1511.79636,1085.44,1161.77455,19.29391,100.0,1010.5483,9.0,-518.81049
2025-10-17 19:04:24,1511.79636,1087.30182,1165.49818,19.28375,100.0,1010.53242,9.0,-521.1814
2025-10-17 19:04:25,1511.79636,1085.44,1161.77455,19.27868,100.0,1010.5515,9.0,-518.85459
2025-10-17 19:04:25,1513.65818,1083.57818,1161.77455,19.29391,100.0,1010.57533,9.0,-518.92693
2025-10-17 19:04:26,1511.79636,1083.57818,1163.63636,19.29391,100.0,1010.5483,9.0,-520.39988
2025-10-17 19:04:26,1511.79636,1085.44,1163.63636,19.29391,100.0,1010.52127,9.0,-519.77924
2025-10-17 19:04:27,1513.65818,1087.30182,1165.49818,19.29898,100.0,1010.55625,9.0,-521.06872
2025-10-17 19:04:28,1509.93455,1085.44,1163.63636,19.30406,100.0,1010.53716,9.0,-520.54454
2025-10-17 19:04:28,1513.65818,1085.44,1167.36,19.30406,100.0,1010.4831,9.0,-521.47364
2025-10-17 19:04:29,1511.79636,1085.44,1163.63636,19.31929,100.0,1010.58802,9.0,-520.86779
2025-10-17 19:04:29,1513.65818,1089.16364,1167.36,19.31421,100.0,1010.55305,9.0,-522.26259
2025-10-17 19:04:30,1511.79636,1085.44,1163.63636,19.31421,100.0,1010.52602,9.0,-519.86603
2025-10-17 19:04:30,1511.79636,1083.57818,1161.77455,19.31421,100.0,1010.49899,9.0,-518.21132
2025-10-17 19:04:31,1509.93455,1081.71636,1159.91273,19.31421,100.0,1010.60711,9.0,-519.2454
2025-10-17 19:04:32,1509.93455,1083.57818,1161.77455,19.31929,100.0,1010.56099,9.0,-519.71727
2025-10-17 19:04:32,1509.93455,1083.57818,1161.77455,19.32437,100.0,1010.59596,9.0,-520.28352
2025-10-17 19:04:33,1511.79636,1083.57818,1161.77455,19.33959,100.0,1010.5387,9.0,-518.86495
2025-10-17 19:04:33,1511.79636,1083.57818,1161.77455,19.33452,100.0,1010.53076,9.0,-518.73415
2025-10-17 19:04:34,1511.79636,1083.57818,1163.63636,19.34975,100.0,1010.58162,9.0,-520.96648
2025-10-17 19:04:35,1511.79636,1087.30182,1165.49818,19.34975,100.0,1010.58162,9.0,-522.00898
2025-10-17 19:04:35,1511.79636,1083.57818,1161.77455,19.34467,100.0,1010.54665,9.0,-518.99577
2025-10-17 19:04:36,1509.93455,1081.71636,1159.91273,19.34467,100.0,1010.57368,9.0,-518.72324
2025-10-17 19:04:36,1511.79636,1079.85455,1159.91273,19.34975,100.0,1010.55459,9.0,-518.11164
2025-10-17 19:04:37,1509.93455,1081.71636,1163.63636,19.35482,100.0,1010.56253,9.0,-521.358
2025-10-17 19:04:37,1511.79636,1079.85455,1161.77455,19.35482,100.0,1010.45441,9.0,-517.90453
2025-10-17 19:04:38,1511.79636,1079.85455,1158.05091,19.36498,100.0,1010.57842,9.0,-517.10013
2025-10-17 19:04:39,1509.93455,1079.85455,1163.63636,19.3599,100.0,1010.54345,9.0,-521.25065
2025-10-17 19:04:39,1508.07273,1077.99273,1159.91273,19.37513,100.0,1010.54024,9.0,-519.10375
2025-10-17 19:04:40,1509.93455,1081.71636,1163.63636,19.37005,100.0,1010.55933,9.0,-521.31529
2025-10-17 19:04:40,1511.79636,1079.85455,1159.91273,19.38528,100.0,1010.58316,9.0,-518.59299
2025-10-17 19:04:41,1508.07273,1077.99273,1159.91273,19.38528,100.0,1010.58316,9.0,-519.80148
2025-10-17 19:04:42,1511.79636,1077.99273,1161.77455,19.38528,100.0,1010.61019,9.0,-520.63296
2025-10-17 19:04:42,1508.07273,1074.26909,1158.05091,19.40051,100.0,1010.47183,9.0,-517.00302
2025-10-17 19:04:43,1508.07273,1077.99273,1159.91273,19.39544,100.0,1010.54498,9.0,-519.19255
2025-10-17 19:04:43,1509.93455,1076.13091,1158.05091,19.40559,100.0,1010.53384,9.0,-517.30926
2025-10-17 19:04:44,1508.07273,1072.40727,1156.18909,19.40559,100.0,1010.5879,9.0,-517.6532
2025-10-17 19:04:44,1509.93455,1072.40727,1158.05091,19.40559,100.0,1010.5879,9.0,-518.55329
2025-10-17 19:04:45,1511.79636,1076.13091,1161.77455,19.41574,100.0,1010.52269,9.0,-519.44053
2025-10-17 19:04:46,1508.07273,1074.26909,1158.05091,19.4259,100.0,1010.53857,9.0,-518.09499
2025-10-17 19:04:46,1508.07273,1074.26909,1158.05091,19.41574,100.0,1010.52269,9.0,-517.83234
2025-10-17 19:04:47,1508.07273,1072.40727,1158.05091,19.4259,100.0,1010.56561,9.0,-518.71144
2025-10-17 19:04:48,1509.93455,1074.26909,1161.77455,19.4259,100.0,1010.4845,9.0,-519.52812
2025-10-17 19:04:48,1511.79636,1070.54545,1156.18909,19.43605,100.0,1010.47335,9.0,-514.98399
2025-10-17 19:04:49,1509.93455,1070.54545,1158.05091,19.45128,100.0,1010.52421,9.0,-517.72249
2025-10-17 19:04:49,1508.07273,1070.54545,1158.05091,19.44113,100.0,1010.42723,9.0,-516.65684
2025-10-17 19:04:50,1509.93455,1070.54545,1158.05091,19.4462,100.0,1010.51627,9.0,-517.591
2025-10-17 19:04:51,1506.21091,1068.68364,1159.91273,19.4462,100.0,1010.54331,9.0,-520.58366
2025-10-17 19:04:51,1506.21091,1064.96,1158.05091,19.45128,100.0,1010.49718,9.0,-518.64757
2025-10-17 19:04:52,1508.07273,1064.96,1156.18909,19.45636,100.0,1010.45105,9.0,-515.99933
2025-10-17 19:04:52,1508.07273,1066.82182,1156.18909,19.46143,100.0,1010.5401,9.0,-517.34887
2025-10-17 19:04:53,1509.93455,1068.68364,1159.91273,19.46651,100.0,1010.54804,9.0,-519.66582
2025-10-17 19:04:53,1504.34909,1066.82182,1161.77455,19.47666,100.0,1010.53689,9.0,-522.52936
2025-10-17 19:04:54,1509.93455,1066.82182,1158.05091,19.46651,100.0,1010.49397,9.0,-517.50926
2025-10-17 19:04:55,1506.21091,1061.23636,1154.32727,19.47666,100.0,1010.50985,9.0,-516.13012
2025-10-17 19:04:55,1508.07273,1064.96,1159.91273,19.47666,100.0,1010.59096,9.0,-521.07694
2025-10-17 19:04:56,1509.93455,1061.23636,1156.18909,19.48682,100.0,1010.4987,9.0,-516.35376
2025-10-17 19:04:56,1508.07273,1059.37455,1152.46545,19.50205,100.0,1010.54956,9.0,-514.85081
2025-10-17 19:04:57,1508.07273,1059.37455,1154.32727,19.50205,100.0,1010.54956,9.0,-516.2551
2025-10-17 19:04:58,1506.21091,1059.37455,1156.18909,19.49697,100.0,1010.51458,9.0,-517.59609
2025-10-17 19:04:58,1508.07273,1059.37455,1158.05091,19.50712,100.0,1010.5575,9.0,-519.19552
2025-10-17 19:04:59,1508.07273,1055.65091,1152.46545,19.50205,100.0,1010.54956,9.0,-514.63994
2025-10-17 19:04:59,1506.21091,1053.78909,1154.32727,19.51727,100.0,1010.54635,9.0,-516.31768
2025-10-17 19:05:00,1508.07273,1053.78909,1154.32727,19.50712,100.0,1010.53047,9.0,-515.54968
2025-10-17 19:05:01,1506.21091,1061.23636,1159.91273,19.51727,100.0,1010.54635,9.0,-520.96173
2025-10-17 19:05:01,1506.21091,1053.78909,1152.46545,19.52743,100.0,1010.53519,9.0,-514.74164
2025-10-17 19:05:02,1504.34909,1051.92727,1152.46545,19.51727,100.0,1010.51931,9.0,-514.73153
2025-10-17 19:05:02,1506.21091,1051.92727,1150.60364,19.52235,100.0,1010.50022,9.0,-512.51931
2025-10-17 19:05:03,1506.21091,1053.78909,1154.32727,19.5325,100.0,1010.59721,9.0,-517.14933
2025-10-17 19:05:03,1506.21091,1051.92727,1154.32727,19.52743,100.0,1010.56223,9.0,-516.33123
2025-10-17 19:05:04,1506.21091,1050.06545,1150.60364,19.53758,100.0,1010.57812,9.0,-513.48556
2025-10-17 19:05:05,1506.21091,1048.20364,1152.46545,19.53758,100.0,1010.52404,9.0,-513.67719
2025-10-17 19:05:05,1506.21091,1048.20364,1152.46545,19.53758,100.0,1010.52404,9.0,-513.67719
2025-10-17 19:05:06,1506.21091,1051.92727,1156.18909,19.54773,100.0,1010.53992,9.0,-517.39238
2025-10-17 19:05:06,1504.34909,1048.20364,1148.74182,19.55281,100.0,1010.49378,9.0,-510.89773
2025-10-17 19:05:07,1506.21091,1048.20364,1154.32727,19.55281,100.0,1010.5749,9.0,-515.91351
2025-10-17 19:05:08,1506.21091,1048.20364,1150.60364,19.56296,100.0,1010.56375,9.0,-512.93361
2025-10-17 19:05:08,1506.21091,1050.06545,1156.18909,19.55789,100.0,1010.52876,9.0,-516.91981
2025-10-17 19:05:09,1508.07273,1048.20364,1152.46545,19.57819,100.0,1010.50645,9.0,-512.92335
