datetime,no2,nh3,co,t,rh,p,deviceid,no2ppb,latitude,longitude,elevation,id,pm1,pm25,pm10
2025-08-05 02:49:42,1798.5163636363638,1048.2036363636364,1454.0800000000002,16.701429142151028,100.0,961.6670612986636,10.0,7.570502281188965,,,,,3.0,6.0,6.0
2025-08-05 02:49:45,1796.6545454545455,1046.341818181818,1455.9418181818182,16.763215700164437,100.0,961.6814639102893,10.0,7.563616752624512,,,,,3.0,6.0,6.0
2025-08-05 02:49:48,1796.6545454545455,1050.0654545454545,1459.6654545454546,16.72717353623011,100.0,961.6527364424104,10.0,7.553791046142578,,,,,3.0,7.0,7.0
2025-08-05 02:49:51,1794.7927272727272,1048.2036363636364,1455.9418181818182,16.74262017617002,100.0,961.6495605063159,10.0,7.548478126525879,,,,,4.0,7.0,7.0
2025-08-05 02:49:54,1798.5163636363638,1048.2036363636364,1457.8036363636365,16.72717353623011,100.0,961.6798396571503,10.0,7.5696306228637695,,,,,3.0,6.0,6.0
2025-08-05 02:49:57,1794.7927272727272,1046.341818181818,1454.0800000000002,16.752917937585153,100.0,961.6384078470933,10.0,7.553628921508789,,,,,4.0,7.0,7.0
2025-08-05 02:50:00,1796.6545454545455,1048.2036363636364,1455.9418181818182,16.701429142151028,100.0,961.6670612986636,10.0,7.56020450592041,,,,,4.0,6.0,6.0
2025-08-05 02:50:03,1796.6545454545455,1046.341818181818,1452.2181818181818,16.706578020384768,100.0,961.7021399105954,10.0,7.565582275390625,,,,,4.0,7.0,7.0
2025-08-05 02:50:06,1796.6545454545455,1050.0654545454545,1455.9418181818182,16.716875777725363,100.0,961.6638873878156,10.0,7.554156303405762,,,,,4.0,7.0,7.0
2025-08-05 02:50:09,1796.6545454545455,1050.0654545454545,1455.9418181818182,16.77866234621615,100.0,961.678286323092,10.0,7.552046298980713,,,,,4.0,6.0,6.0
2025-08-05 02:50:12,1798.5163636363638,1048.2036363636364,1455.9418181818182,16.747769056732068,100.0,961.6304322354428,10.0,7.568873405456543,,,,,4.0,5.0,5.0
2025-08-05 02:50:15,1796.6545454545455,1046.341818181818,1455.9418181818182,16.763215700164437,100.0,961.5730449938959,10.0,7.563499927520752,,,,,4.0,5.0,5.0
2025-08-05 02:50:18,1796.6545454545455,1048.2036363636364,1457.8036363636365,16.77866234621615,100.0,961.5969701342689,10.0,7.557480812072754,,,,,3.0,4.0,4.0
2025-08-05 02:50:21,1796.6545454545455,1048.2036363636364,1455.9418181818182,16.747769056732068,100.0,961.6575363155285,10.0,7.558603763580322,,,,,2.0,3.0,3.0
2025-08-05 02:50:24,1796.6545454545455,1046.341818181818,1454.0800000000002,16.74262017617002,100.0,961.6495605063159,10.0,7.564290523529053,,,,,3.0,4.0,4.0
2025-08-05 02:50:27,1796.6545454545455,1050.0654545454545,1459.6654545454546,16.747769056732068,100.0,961.6304322354428,10.0,7.5530571937561035,,,,,3.0,4.0,4.0
2025-08-05 02:50:30,1798.5163636363638,1048.2036363636364,1455.9418181818182,16.716875777725363,100.0,961.6367846239049,10.0,7.569936275482178,,,,,3.0,4.0,4.0
2025-08-05 02:50:33,1796.6545454545455,1048.2036363636364,1455.9418181818182,16.752917937585153,100.0,961.6655121525962,10.0,7.558431148529053,,,,,3.0,4.0,4.0
2025-08-05 02:50:36,1798.5163636363638,1048.2036363636364,1455.9418181818182,16.768364581890637,100.0,961.6352298855553,10.0,7.568169593811035,,,,,3.0,4.0,4.0
2025-08-05 02:50:39,1794.7927272727272,1046.341818181818,1454.0800000000002,16.783811228815466,100.0,961.5778396513717,10.0,7.552501678466797,,,,,3.0,4.0,4.0
2025-08-05 02:50:42,1796.6545454545455,1046.341818181818,1457.8036363636365,16.78896011170582,100.0,961.6129203670555,10.0,7.562658309936523,,,,,2.0,4.0,4.0
2025-08-05 02:50:45,1798.5163636363638,1050.0654545454545,1457.8036363636365,16.783811228815466,100.0,961.5778396513717,10.0,7.562058925628662,,,,,3.0,4.0,4.0
2025-08-05 02:50:48,1798.5163636363638,1046.341818181818,1459.6654545454546,16.825002300087363,100.0,961.6145322992016,10.0,7.571717262268066,,,,,3.0,4.0,4.0
2025-08-05 02:50:51,1798.5163636363638,1048.2036363636364,1457.8036363636365,16.79925787835964,100.0,961.6559769909807,10.0,7.567133903503418,,,,,3.0,4.0,4.0
2025-08-05 02:50:57,1798.5163636363638,1048.2036363636364,1455.9418181818182,16.886788941919804,100.0,961.6560128629172,10.0,7.564130783081055,,,,,3.0,4.0,4.0
2025-08-05 02:51:00,1796.6545454545455,1046.341818181818,1454.0800000000002,16.94342673374922,100.0,961.5810622918397,10.0,7.557320594787598,,,,,3.0,4.0,4.0
2025-08-05 02:51:03,1794.7927272727272,1050.0654545454545,1457.8036363636365,16.95372451786534,100.0,961.515671321446,10.0,7.5355682373046875,,,,,3.0,4.0,4.0
2025-08-05 02:51:06,1798.5163636363638,1048.2036363636364,1457.8036363636365,16.958873410359956,100.0,961.6320966752112,10.0,7.561627388000488,,,,,3.0,5.0,5.0
2025-08-05 02:51:09,1794.7927272727272,1044.48,1452.2181818181818,16.95372451786534,100.0,961.597009795376,10.0,7.552206039428711,,,,,2.0,3.0,3.0
2025-08-05 02:51:12,1794.7927272727272,1044.48,1452.2181818181818,16.94857562566176,100.0,961.6432613189968,10.0,7.552438735961914,,,,,3.0,4.0,4.0
2025-08-05 02:51:15,1794.7927272727272,1044.48,1454.0800000000002,16.938277842127718,100.0,961.5730885817206,10.0,7.552711486816406,,,,,3.0,4.0,4.0
2025-08-05 02:51:18,1792.9309090909092,1044.48,1454.0800000000002,16.969171196222305,100.0,961.6480447961919,10.0,7.541437149047852,,,,,2.0,3.0,3.0
2025-08-05 02:51:21,1796.6545454545455,1051.9272727272728,1457.8036363636365,16.94857562566176,100.0,961.5348108131371,10.0,7.540541172027588,,,,,3.0,5.0,5.0
2025-08-05 02:51:24,1796.6545454545455,1048.2036363636364,1455.9418181818182,16.92798005975783,100.0,961.5842529786079,10.0,7.552341461181641,,,,,3.0,5.0,5.0
2025-08-05 02:51:27,1796.6545454545455,1046.341818181818,1455.9418181818182,16.912533388385782,100.0,961.5874425809131,10.0,7.55838680267334,,,,,3.0,4.0,4.0
2025-08-05 02:51:30,1794.7927272727272,1044.48,1454.0800000000002,16.933128950797254,100.0,961.5651148993715,10.0,7.552884578704834,,,,,3.0,4.0,4.0
2025-08-05 02:51:33,1796.6545454545455,1048.2036363636364,1457.8036363636365,16.938277842127718,100.0,961.5730885817206,10.0,7.551977157592773,,,,,3.0,4.0,4.0
2025-08-05 02:51:36,1792.9309090909092,1046.341818181818,1454.0800000000002,16.881640053499723,100.0,961.5938185324151,10.0,7.5388641357421875,,,,,3.0,5.0,5.0
2025-08-05 02:51:39,1796.6545454545455,1048.2036363636364,1455.9418181818182,16.83530007081572,100.0,961.5762665428357,10.0,7.555514812469482,,,,,3.0,5.0,5.0
2025-08-05 02:51:42,1794.7927272727272,1050.0654545454545,1454.0800000000002,16.747769056732068,100.0,961.494912107404,10.0,7.542618274688721,,,,,3.0,5.0,5.0
2025-08-05 02:51:45,1796.6545454545455,1050.0654545454545,1455.9418181818182,16.696280264208326,100.0,961.55067765128,10.0,7.554736137390137,,,,,3.0,5.0,5.0
2025-08-05 02:51:48,1798.5163636363638,1048.2036363636364,1454.0800000000002,16.72717353623011,100.0,961.5714269071402,10.0,7.569516658782959,,,,,3.0,5.0,5.0
2025-08-05 02:51:51,1796.6545454545455,1050.0654545454545,1457.8036363636365,16.804406762123108,100.0,961.5826329690536,10.0,7.551058292388916,,,,,4.0,5.0,5.0
2025-08-05 02:51:54,1798.5163636363638,1050.0654545454545,1455.9418181818182,16.77866234621615,100.0,961.5969701342689,10.0,7.562254428863525,,,,,3.0,4.0,4.0
2025-08-05 02:51:57,1794.7927272727272,1048.2036363636364,1455.9418181818182,16.79410899488721,100.0,961.5666834709425,10.0,7.546620845794678,,,,,3.0,5.0,5.0
2025-08-05 02:52:00,1796.6545454545455,1051.9272727272728,1459.6654545454546,16.763215700164437,100.0,961.5188356446608,10.0,7.546889305114746,,,,,4.0,5.0,5.0
2025-08-05 02:52:03,1798.5163636363638,1046.341818181818,1455.9418181818182,16.79925787835964,100.0,961.5746582060829,10.0,7.572558879852295,,,,,4.0,5.0,5.0
2025-08-05 02:52:06,1796.6545454545455,1048.2036363636364,1457.8036363636365,16.758066818729276,100.0,961.5379655445146,10.0,7.558122634887695,,,,,4.0,5.0,5.0
2025-08-05 02:52:09,1798.5163636363638,1048.2036363636364,1454.0800000000002,16.763215700164437,100.0,961.6001496957538,10.0,7.568307399749756,,,,,4.0,5.0,5.0
2025-08-05 02:52:12,1796.6545454545455,1048.2036363636364,1457.8036363636365,16.79925787835964,100.0,961.5475519807749,10.0,7.556715965270996,,,,,4.0,5.0,5.0
2025-08-05 02:52:15,1796.6545454545455,1046.341818181818,1454.0800000000002,16.81470453052316,100.0,961.5172619282511,10.0,7.561666488647461,,,,,3.0,5.0,5.0
2025-08-05 02:52:18,1796.6545454545455,1050.0654545454545,1457.8036363636365,16.758066818729276,100.0,961.5650700027951,10.0,7.5526299476623535,,,,,3.0,5.0,5.0
2025-08-05 02:52:21,1796.6545454545455,1050.0654545454545,1455.9418181818182,16.711726898909546,100.0,961.5203987840379,10.0,7.554171562194824,,,,,3.0,5.0,5.0
2025-08-05 02:52:24,1796.6545454545455,1048.2036363636364,1454.0800000000002,16.758066818729276,100.0,961.5650700027951,10.0,7.558149337768555,,,,,4.0,6.0,6.0
2025-08-05 02:52:27,1798.5163636363638,1048.2036363636364,1455.9418181818182,16.66538700266392,100.0,961.584127713611,10.0,7.5716447830200195,,,,,3.0,4.0,4.0
2025-08-05 02:52:30,1796.6545454545455,1050.0654545454545,1457.8036363636365,16.619047129992396,100.0,961.5936419437141,10.0,7.557435989379883,,,,,4.0,5.0,5.0
2025-08-05 02:52:33,1798.5163636363638,1046.341818181818,1454.0800000000002,16.619047129992396,100.0,961.5665434081092,10.0,7.57873010635376,,,,,4.0,5.0,5.0
2025-08-05 02:52:36,1796.6545454545455,1046.341818181818,1455.9418181818182,16.649940375820734,100.0,961.5331005215296,10.0,7.567342758178711,,,,,4.0,5.0,5.0
2025-08-05 02:52:39,1798.5163636363638,1050.0654545454545,1459.6654545454546,16.59845163859427,100.0,961.588834806676,10.0,7.568428993225098,,,,,4.0,5.0,5.0
2025-08-05 02:52:42,1798.5163636363638,1050.0654545454545,1457.8036363636365,16.603600511007244,100.0,961.5968111875007,10.0,7.568264007568359,,,,,4.0,5.0,5.0
2025-08-05 02:52:45,1798.5163636363638,1048.2036363636364,1454.0800000000002,16.562409539852524,100.0,961.5871931259039,10.0,7.5751800537109375,,,,,4.0,5.0,5.0
2025-08-05 02:52:48,1800.3781818181817,1051.9272727272728,1457.8036363636365,16.495474251452833,100.0,961.4564062184518,10.0,7.576600074768066,,,,,4.0,5.0,5.0
2025-08-05 02:52:51,1798.5163636363638,1050.0654545454545,1455.9418181818182,16.48002765342244,100.0,961.5679409470885,10.0,7.572471618652344,,,,,4.0,4.0,4.0
2025-08-05 02:52:54,1798.5163636363638,1050.0654545454545,1455.9418181818182,16.50062311804504,100.0,961.5185690958222,10.0,7.571711540222168,,,,,3.0,4.0,4.0
2025-08-05 02:52:57,1798.5163636363638,1051.9272727272728,1457.8036363636365,16.485176519141532,100.0,961.4675469372182,10.0,7.566670894622803,,,,,4.0,5.0,5.0
2025-08-05 02:53:00,1798.5163636363638,1051.9272727272728,1459.6654545454546,16.474878787994385,100.0,961.5328715330528,10.0,7.5670928955078125,,,,,4.0,5.0,5.0
2025-08-05 02:53:03,1798.5163636363638,1050.0654545454545,1457.8036363636365,16.423390149720944,100.0,961.4801947983433,10.0,7.5743231773376465,,,,,4.0,5.0,5.0
2025-08-05 02:53:06,1800.3781818181817,1050.0654545454545,1457.8036363636365,16.387348120246315,100.0,961.5056237722879,10.0,7.58588171005249,,,,,3.0,4.0,4.0
2025-08-05 02:53:09,1800.3781818181817,1050.0654545454545,1455.9418181818182,16.438836738147074,100.0,961.5312160223161,10.0,7.584136486053467,,,,,3.0,4.0,4.0
2025-08-05 02:53:12,1798.5163636363638,1048.2036363636364,1455.9418181818182,16.45943219345645,100.0,961.5360328648893,10.0,7.5786638259887695,,,,,3.0,4.0,4.0
2025-08-05 02:53:15,1798.5163636363638,1048.2036363636364,1457.8036363636365,16.485176519141532,100.0,961.5488252352673,10.0,7.57779598236084,,,,,3.0,4.0,4.0
2025-08-05 02:53:18,1800.3781818181817,1050.0654545454545,1457.8036363636365,16.521218587324256,100.0,961.5233810426278,10.0,7.581300735473633,,,,,4.0,5.0,5.0
2025-08-05 02:53:21,1798.5163636363638,1050.0654545454545,1457.8036363636365,16.50062311804504,100.0,961.5727559983487,10.0,7.571772575378418,,,,,4.0,5.0,5.0
2025-08-05 02:53:24,1798.5163636363638,1048.2036363636364,1455.9418181818182,16.552111799974227,100.0,961.5170486358863,10.0,7.5754618644714355,,,,,4.0,5.0,5.0
2025-08-05 02:53:27,1798.5163636363638,1048.2036363636364,1455.9418181818182,16.572707280894974,100.0,961.4947602892539,10.0,7.574732780456543,,,,,3.0,5.0,5.0
2025-08-05 02:53:30,1798.5163636363638,1048.2036363636364,1455.9418181818182,16.593302766472334,100.0,961.5266636184357,10.0,7.574058532714844,,,,,4.0,5.0,5.0
2025-08-05 02:53:33,1800.3781818181817,1051.9272727272728,1457.8036363636365,16.608749383711256,100.0,961.5505914084954,10.0,7.572819709777832,,,,,2.0,4.0,4.0
2025-08-05 02:53:36,1800.3781818181817,1050.0654545454545,1457.8036363636365,16.660238126758486,100.0,961.4948511008376,10.0,7.576505184173584,,,,,3.0,5.0,5.0
2025-08-05 02:53:39,1798.5163636363638,1050.0654545454545,1459.6654545454546,16.66538700266392,100.0,961.584127713611,10.0,7.566132545471191,,,,,3.0,4.0,5.0
2025-08-05 02:53:42,1796.6545454545455,1048.2036363636364,1457.8036363636365,16.67053587886039,100.0,961.4837007236575,10.0,7.561064720153809,,,,,3.0,4.0,5.0
2025-08-05 03:11:49,1805.9636363636366,1050.0654545454545,1459.6654545454546,16.531516323710093,100.0,961.4038602859412,10.0,7.611706733703613,,,,,4.0,6.0,6.0
2025-08-05 03:11:52,1805.9636363636366,1048.2036363636364,1459.6654545454546,16.510920852102572,100.0,961.399052983425,10.0,7.617922306060791,,,,,4.0,6.0,6.0
2025-08-05 03:11:55,1805.9636363636366,1051.9272727272728,1463.389090909091,16.45943219345645,100.0,961.3734830848949,10.0,7.6086320877075195,,,,,3.0,6.0,6.0
2025-08-05 03:11:58,1804.1018181818183,1050.0654545454545,1461.5272727272727,16.474878787994385,100.0,961.3974100475904,10.0,7.603351593017578,,,,,3.0,6.0,6.0
2025-08-05 03:12:01,1805.9636363636366,1048.2036363636364,1459.6654545454546,16.39764584149816,100.0,961.4132223341511,10.0,7.621827125549316,,,,,3.0,6.0,6.0
2025-08-05 03:12:04,1805.9636363636366,1050.0654545454545,1459.6654545454546,16.39249698072672,100.0,961.4323346902046,10.0,7.616512775421143,,,,,3.0,5.0,5.0
2025-08-05 03:12:07,1805.9636363636366,1050.0654545454545,1461.5272727272727,16.39249698072672,100.0,961.3781572176305,10.0,7.6164445877075195,,,,,4.0,5.0,5.0
2025-08-05 03:12:10,1805.9636363636366,1050.0654545454545,1461.5272727272727,16.371901540551335,100.0,961.2920772450359,10.0,7.6170573234558105,,,,,3.0,5.0,5.0
2025-08-05 03:12:13,1805.9636363636366,1051.9272727272728,1461.5272727272727,16.377050400158623,100.0,961.4084050142027,10.0,7.611494541168213,,,,,3.0,5.0,5.0
2025-08-05 03:12:16,1805.9636363636366,1050.0654545454545,1459.6654545454546,16.346157246880466,100.0,961.3334597016656,10.0,7.617988109588623,,,,,3.0,5.0,5.0
2025-08-05 03:12:19,1807.8254545454545,1048.2036363636364,1459.6654545454546,16.289519826415926,100.0,961.3269768109125,10.0,7.635741710662842,,,,,4.0,5.0,5.0
2025-08-05 03:12:22,1807.8254545454545,1051.9272727272728,1459.6654545454546,16.268924409523606,100.0,961.3763212986298,10.0,7.6254682540893555,,,,,4.0,5.0,5.0
2025-08-05 03:12:25,1807.8254545454545,1051.9272727272728,1461.5272727272727,16.268924409523606,100.0,961.3763212986298,10.0,7.6254682540893555,,,,,4.0,6.0,6.0
2025-08-05 03:12:28,1805.9636363636366,1048.2036363636364,1459.6654545454546,16.366752681235084,100.0,961.3382768181505,10.0,7.622806549072266,,,,,4.0,6.0,6.0
2025-08-05 03:12:31,1807.8254545454545,1051.9272727272728,1463.389090909091,16.39764584149816,100.0,961.3861333815526,10.0,7.621059894561768,,,,,4.0,6.0,6.0
2025-08-05 03:12:34,1809.6872727272728,1051.9272727272728,1463.389090909091,16.377050400158623,100.0,961.381316944986,10.0,7.632057189941406,,,,,4.0,6.0,6.0
2025-08-05 03:12:37,1807.8254545454545,1050.0654545454545,1463.389090909091,16.346157246880466,100.0,961.3605464186176,10.0,7.628316879272461,,,,,4.0,6.0,6.0
2025-08-05 03:12:40,1805.9636363636366,1046.341818181818,1459.6654545454546,16.40794356391416,100.0,961.3749964081849,10.0,7.626947402954102,,,,,3.0,6.0,6.0
2025-08-05 03:12:43,1805.9636363636366,1048.2036363636364,1461.5272727272727,16.387348120246315,100.0,961.3160041324558,10.0,7.622076034545898,,,,,3.0,6.0,6.0
2025-08-05 03:12:46,1805.9636363636366,1050.0654545454545,1459.6654545454546,16.387348120246315,100.0,961.4514466416421,10.0,7.616709232330322,,,,,3.0,5.0,6.0
2025-08-05 03:28:53,1805.9636363636366,1050.0654545454545,1463.389090909091,16.933128950797254,100.0,961.3211080837928,10.0,7.597830295562744,,,,,4.0,5.0,5.0
2025-08-05 03:28:56,1805.9636363636366,1044.48,1459.6654545454546,16.938277842127718,100.0,961.301967734274,10.0,7.614185810089111,,,,,3.0,4.0,4.0
2025-08-05 03:28:59,1805.9636363636366,1046.341818181818,1463.389090909091,16.979468983248807,100.0,961.2843988475184,10.0,7.607235908508301,,,,,4.0,5.0,5.0
2025-08-05 03:29:02,1804.1018181818183,1046.341818181818,1459.6654545454546,17.010362351313233,100.0,961.3322252727324,10.0,7.595930099487305,,,,,3.0,4.0,4.0
2025-08-05 03:29:05,1805.9636363636366,1048.2036363636364,1461.5272727272727,16.979468983248807,100.0,961.311512599445,10.0,7.601746559143066,,,,,3.0,4.0,4.0
2025-08-05 03:29:08,1805.9636363636366,1044.48,1457.8036363636365,16.92283116900944,100.0,961.2509422249673,10.0,7.614654064178467,,,,,3.0,4.0,4.0
2025-08-05 03:29:11,1805.9636363636366,1050.0654545454545,1463.389090909091,17.010362351313233,100.0,961.3051101863625,10.0,7.595160484313965,,,,,3.0,4.0,4.0
2025-08-05 03:29:14,1805.9636363636366,1046.341818181818,1459.6654545454546,16.984617877198616,100.0,961.2652558898491,10.0,7.607039928436279,,,,,2.0,3.0,3.0
2025-08-05 03:29:17,1805.9636363636366,1044.48,1459.6654545454546,17.108191419305513,100.0,961.3209662574515,10.0,7.6083784103393555,,,,,2.0,3.0,3.0
2025-08-05 03:29:20,1804.1018181818183,1044.48,1459.6654545454546,17.128787025954807,100.0,961.298607483817,10.0,7.597347259521484,,,,,2.0,4.0,4.0
2025-08-05 03:29:23,1804.1018181818183,1044.48,1459.6654545454546,17.159680444659898,100.0,961.346427908557,10.0,7.59633731842041,,,,,3.0,4.0,4.0
2025-08-05 03:29:29,1802.24,1046.341818181818,1459.6654545454546,17.149382637260715,100.0,961.2762456185985,10.0,7.580804347991943,,,,,3.0,5.0,5.0
2025-08-05 03:29:32,1804.1018181818183,1046.341818181818,1463.389090909091,17.185424968251027,100.0,961.3591564172523,10.0,7.58995246887207,,,,,3.0,6.0,6.0
2025-08-05 03:29:35,1802.24,1044.48,1461.5272727272727,17.211169499118114,100.0,961.3447596839613,10.0,7.584275245666504,,,,,3.0,6.0,6.0
2025-08-05 03:29:38,1804.1018181818183,1042.618181818182,1457.8036363636365,17.200871685898164,100.0,961.2745737936258,10.0,7.600366592407227,,,,,3.0,6.0,6.0
2025-08-05 03:29:41,1800.3781818181817,1044.48,1461.5272727272727,17.195722779724747,100.0,961.3208505463945,10.0,7.5744853019714355,,,,,4.0,7.0,7.0
2025-08-05 03:29:44,1804.1018181818183,1044.48,1459.6654545454546,17.164829348796047,100.0,961.2459113681302,10.0,7.596051216125488,,,,,4.0,7.0,7.0
2025-08-05 03:29:47,1802.24,1044.48,1459.6654545454546,17.164829348796047,100.0,961.3272763719018,10.0,7.58584451675415,,,,,4.0,7.0,7.0
2025-08-05 03:29:53,1802.24,1044.48,1459.6654545454546,17.025809039274463,100.0,961.2476759180624,10.0,7.590532302856445,,,,,4.0,6.0,6.0
2025-08-05 03:29:56,1800.3781818181817,1044.48,1461.5272727272727,16.958873410359956,100.0,961.3338537240046,10.0,7.582625389099121,,,,,4.0,6.0,6.0
2025-08-05 03:29:59,1802.24,1046.341818181818,1459.6654545454546,16.902235608926276,100.0,961.2732787461972,10.0,7.589279651641846,,,,,3.0,5.0,5.0
2025-08-05 03:30:02,1802.24,1044.48,1461.5272727272727,16.871342277532676,100.0,961.3067777349072,10.0,7.595901966094971,,,,,3.0,5.0,5.0
2025-08-05 03:30:08,1802.24,1051.9272727272728,1461.5272727272727,16.87649116537068,100.0,961.2605310447792,10.0,7.5736002922058105,,,,,3.0,5.0,5.0
2025-08-05 03:30:11,1802.24,1048.2036363636364,1461.5272727272727,16.830151185306022,100.0,961.2430027644361,10.0,7.5862040519714355,,,,,3.0,5.0,5.0
2025-08-05 03:30:14,1804.1018181818183,1044.48,1459.6654545454546,16.825002300087363,100.0,961.23503101825,10.0,7.607702255249023,,,,,2.0,4.0,4.0
2025-08-05 03:30:17,1802.24,1044.48,1457.8036363636365,16.840448956616456,100.0,961.3131619435014,10.0,7.596964359283447,,,,,3.0,5.0,5.0
2025-08-05 03:30:20,1804.1018181818183,1046.341818181818,1461.5272727272727,16.830151185306022,100.0,961.2972174660179,10.0,7.602077484130859,,,,,3.0,4.0,4.0
2025-08-05 03:30:23,1802.24,1044.48,1457.8036363636365,16.850746729091043,100.0,961.329106532213,10.0,7.596623420715332,,,,,2.0,4.0,4.0
2025-08-05 03:30:26,1802.24,1050.0654545454545,1463.389090909091,16.90738449851051,100.0,961.3083609015995,10.0,7.578110218048096,,,,,2.0,4.0,4.0
2025-08-05 03:30:29,1802.24,1046.341818181818,1461.5272727272727,16.92798005975783,100.0,961.3131364580992,10.0,7.588442802429199,,,,,2.0,4.0,4.0
2025-08-05 03:30:32,1802.24,1044.48,1459.6654545454546,16.979468983248807,100.0,961.338626369544,10.0,7.592220306396484,,,,,2.0,4.0,4.0
2025-08-05 03:30:35,1802.24,1042.618181818182,1457.8036363636365,16.969171196222305,100.0,961.3226835480061,10.0,7.598072528839111,,,,,2.0,4.0,4.0
2025-08-05 03:30:38,1802.24,1046.341818181818,1461.5272727272727,17.01551124700927,100.0,961.3130811288684,10.0,7.5854387283325195,,,,,3.0,4.0,4.0
2025-08-05 03:30:41,1800.3781818181817,1044.48,1459.6654545454546,16.984617877198616,100.0,961.3194838263989,10.0,7.581727981567383,,,,,3.0,4.0,4.0
2025-08-05 03:30:44,1802.24,1046.341818181818,1461.5272727272727,16.994915665971348,100.0,961.3354263635349,10.0,7.58616828918457,,,,,3.0,4.0,4.0
2025-08-05 03:30:47,1802.24,1046.341818181818,1463.389090909091,17.010362351313233,100.0,961.223765036299,10.0,7.585518836975098,,,,,3.0,4.0,4.0
2025-08-05 03:30:50,1802.24,1044.48,1459.6654545454546,16.974320089590037,100.0,961.3306549449011,10.0,7.5923895835876465,,,,,4.0,5.0,5.0
2025-08-05 03:30:53,1802.24,1044.48,1459.6654545454546,16.969171196222305,100.0,961.2955702287758,10.0,7.592527389526367,,,,,3.0,5.0,5.0
2025-08-05 03:30:56,1802.24,1044.48,1459.6654545454546,16.96402230314561,100.0,961.2062599127048,10.0,7.592601299285889,,,,,3.0,5.0,5.0
2025-08-05 03:30:59,1802.24,1044.48,1461.5272727272727,16.958873410359956,100.0,961.2796279691054,10.0,7.592861175537109,,,,,3.0,5.0,5.0
2025-08-05 03:31:02,1802.24,1044.48,1459.6654545454546,16.917682278552093,100.0,961.24297110567,10.0,7.594232082366943,,,,,3.0,5.0,5.0
2025-08-05 03:31:05,1802.24,1050.0654545454545,1463.389090909091,16.891937830630923,100.0,961.2573358558731,10.0,7.578587055206299,,,,,3.0,5.0,5.0
2025-08-05 03:31:08,1800.3781818181817,1044.48,1457.8036363636365,16.912533388385782,100.0,961.2621108718058,10.0,7.584138870239258,,,,,2.0,5.0,5.0
2025-08-05 03:31:11,1802.24,1046.341818181818,1461.5272727272727,16.92283116900944,100.0,961.3051648601737,10.0,7.588607311248779,,,,,2.0,5.0,5.0
2025-08-05 03:31:14,1800.3781818181817,1044.48,1457.8036363636365,16.912533388385782,100.0,961.2621108718058,10.0,7.584138870239258,,,,,2.0,5.0,5.0
2025-08-05 03:31:17,1802.24,1046.341818181818,1459.6654545454546,16.958873410359956,100.0,961.3338537240046,10.0,7.587404251098633,,,,,3.0,5.0,5.0
2025-08-05 03:31:20,1800.3781818181817,1044.48,1459.6654545454546,16.994915665971348,100.0,961.3083119353021,10.0,7.581359386444092,,,,,3.0,5.0,5.0
2025-08-05 03:31:23,1802.24,1050.0654545454545,1463.389090909091,17.010362351313233,100.0,961.3051101863625,10.0,7.574577808380127,,,,,3.0,5.0,5.0
2025-08-05 03:31:26,1800.3781818181817,1048.2036363636364,1461.5272727272727,16.989766771439463,100.0,961.3545693020662,10.0,7.570556640625,,,,,3.0,5.0,5.0
2025-08-05 03:31:29,1800.3781818181817,1042.618181818182,1461.5272727272727,17.067000219976762,100.0,961.3114394891182,10.0,7.584411144256592,,,,,3.0,6.0,6.0
2025-08-05 03:31:32,1800.3781818181817,1042.618181818182,1455.9418181818182,17.08759581731283,100.0,961.3162035443926,10.0,7.58370304107666,,,,,3.0,5.0,5.0
2025-08-05 03:31:35,1798.5163636363638,1046.341818181818,1459.6654545454546,17.08759581731283,100.0,961.3162035443926,10.0,7.562375068664551,,,,,4.0,6.0,6.0
2025-08-05 03:31:38,1800.3781818181817,1046.341818181818,1461.5272727272727,17.092744717374444,100.0,961.3241740008383,10.0,7.572506427764893,,,,,4.0,6.0,6.0
2025-08-05 03:31:41,1800.3781818181817,1046.341818181818,1461.5272727272727,17.06185132137034,100.0,961.2763516776743,10.0,7.573513031005859,,,,,3.0,5.0,5.0
2025-08-05 03:31:44,1804.1018181818183,1048.2036363636364,1459.6654545454546,17.072149118874222,100.0,961.2922923412513,10.0,7.588249206542969,,,,,2.0,4.0,4.0
2025-08-05 03:31:47,1800.3781818181817,1046.341818181818,1459.6654545454546,17.005213455908233,100.0,961.297139271588,10.0,7.575480937957764,,,,,2.0,3.0,3.0
2025-08-05 03:31:50,1802.24,1046.341818181818,1461.5272727272727,17.01551124700927,100.0,961.3130811288684,10.0,7.5854387283325195,,,,,3.0,5.0,5.0
2025-08-05 03:31:53,1802.24,1046.341818181818,1457.8036363636365,17.025809039274463,100.0,961.3019073525574,10.0,7.585066795349121,,,,,3.0,4.0,4.0
2025-08-05 03:31:56,1802.24,1046.341818181818,1461.5272727272727,17.02066014299635,100.0,961.2939365800329,10.0,7.5852437019348145,,,,,3.0,3.0,3.0
2025-08-05 03:32:02,1804.1018181818183,1051.9272727272728,1465.2509090909093,16.974320089590037,100.0,961.3035414002364,10.0,7.580588340759277,,,,,3.0,4.0,4.0
2025-08-05 03:32:05,1802.24,1046.341818181818,1459.6654545454546,16.87649116537068,100.0,961.2605310447792,10.0,7.590150833129883,,,,,3.0,4.0,4.0
2025-08-05 03:32:08,1804.1018181818183,1046.341818181818,1459.6654545454546,16.84559784270823,100.0,961.2669181698454,10.0,7.6015119552612305,,,,,3.0,4.0,4.0
2025-08-05 03:32:11,1802.24,1046.341818181818,1459.6654545454546,16.886788941919804,100.0,961.3306938074788,10.0,7.589873313903809,,,,,3.0,4.0,4.0
2025-08-05 03:32:14,1800.3781818181817,1042.618181818182,1459.6654545454546,16.95372451786534,100.0,961.3258821849341,10.0,7.588313102722168,,,,,3.0,4.0,4.0
2025-08-05 03:32:17,1802.24,1046.341818181818,1459.6654545454546,16.94857562566176,100.0,961.2094610399639,10.0,7.587622165679932,,,,,3.0,4.0,4.0
2025-08-05 03:32:20,1804.1018181818183,1048.2036363636364,1463.389090909091,16.933128950797254,100.0,961.3211080837928,10.0,7.59305477142334,,,,,3.0,4.0,4.0
2025-08-05 03:32:23,1804.1018181818183,1046.341818181818,1459.6654545454546,16.840448956616456,100.0,961.2589463402358,10.0,7.601680755615234,,,,,3.0,4.0,4.0
2025-08-05 03:32:26,1804.1018181818183,1046.341818181818,1461.5272727272727,16.886788941919804,100.0,961.3035840042801,10.0,7.600140571594238,,,,,3.0,4.0,4.0
2025-08-05 03:32:29,1800.3781818181817,1044.48,1457.8036363636365,16.92283116900944,100.0,961.3051648601737,10.0,7.583835124969482,,,,,3.0,4.0,4.0
2025-08-05 03:32:32,1802.24,1046.341818181818,1461.5272727272727,16.912533388385782,100.0,961.3163326416354,10.0,7.588977813720703,,,,,3.0,4.0,4.0
2025-08-05 03:32:35,1802.24,1044.48,1459.6654545454546,16.96402230314561,100.0,961.3147121788616,10.0,7.592721939086914,,,,,4.0,4.0,4.0
2025-08-05 03:32:38,1802.24,1051.9272727272728,1465.2509090909093,16.989766771439463,100.0,961.2732266936758,10.0,7.5697245597839355,,,,,4.0,5.0,5.0
2025-08-05 03:32:41,1802.24,1046.341818181818,1461.5272727272727,16.96402230314561,100.0,961.3147121788616,10.0,7.587207794189453,,,,,3.0,5.0,5.0
2025-08-05 03:32:44,1802.24,1046.341818181818,1461.5272727272727,16.994915665971348,100.0,961.2811975252428,10.0,7.586108684539795,,,,,3.0,5.0,5.0
2025-08-05 03:32:47,1804.1018181818183,1044.48,1459.6654545454546,17.005213455908233,100.0,961.215794797835,10.0,7.601495265960693,,,,,2.0,4.0,4.0
2025-08-05 03:32:50,1804.1018181818183,1046.341818181818,1459.6654545454546,17.00006456079427,100.0,961.3162830200431,10.0,7.596268177032471,,,,,3.0,5.0,5.0
2025-08-05 03:32:53,1804.1018181818183,1044.48,1459.6654545454546,17.025809039274463,100.0,961.2747916262223,10.0,7.600857257843018,,,,,4.0,6.0,6.0
2025-08-05 03:32:56,1804.1018181818183,1046.341818181818,1459.6654545454546,17.02066014299635,100.0,961.2939365800329,10.0,7.595536708831787,,,,,3.0,5.0,5.0
2025-08-05 03:32:59,1802.24,1048.2036363636364,1459.6654545454546,17.010362351313233,100.0,961.3051101863625,10.0,7.580091953277588,,,,,3.0,5.0,5.0
2025-08-05 03:33:02,1802.24,1048.2036363636364,1461.5272727272727,16.979468983248807,100.0,961.2030577007753,10.0,7.5810370445251465,,,,,3.0,5.0,5.0
2025-08-05 03:43:26,1811.549090909091,1046.341818181818,1465.2509090909093,16.335859531449387,100.0,961.2904212633404,10.0,7.66021728515625,,,,,2.0,3.0,3.0
2025-08-05 03:43:29,1809.6872727272728,1048.2036363636364,1465.2509090909093,16.30496639214107,100.0,961.2696516134075,10.0,7.64544153213501,,,,,2.0,2.0,2.0
2025-08-05 03:43:32,1811.549090909091,1048.2036363636364,1467.1127272727272,16.423390149720944,100.0,961.2092946381589,10.0,7.651605606079102,,,,,3.0,3.0,3.0
2025-08-05 03:43:35,1809.6872727272728,1048.2036363636364,1465.2509090909093,16.433687875047326,100.0,961.2794245122856,10.0,7.641035079956055,,,,,2.0,3.0,3.0
2025-08-05 03:43:38,1811.549090909091,1050.0654545454545,1467.1127272727272,16.366752681235084,100.0,961.2841016719193,10.0,7.64811372756958,,,,,2.0,3.0,3.0
2025-08-05 03:43:41,1813.4109090909092,1051.9272727272728,1470.8363636363638,16.40279470256064,100.0,961.2586639556743,10.0,7.651622772216797,,,,,2.0,3.0,3.0
2025-08-05 03:43:44,1811.549090909091,1050.0654545454545,1467.1127272727272,16.377050400158623,100.0,961.2729648495015,10.0,7.647749423980713,,,,,2.0,3.0,3.0
2025-08-05 03:43:47,1811.549090909091,1050.0654545454545,1467.1127272727272,16.335859531449387,100.0,961.2904212633404,10.0,7.649185657501221,,,,,3.0,4.0,4.0
2025-08-05 03:43:50,1811.549090909091,1048.2036363636364,1467.1127272727272,16.32556181718246,100.0,961.1932123528027,10.0,7.654945373535156,,,,,3.0,4.0,4.0
2025-08-05 03:43:53,1811.549090909091,1051.9272727272728,1468.9745454545455,16.27922211738769,100.0,961.2568562566672,10.0,7.645570278167725,,,,,3.0,4.0,4.0
2025-08-05 03:43:56,1811.549090909091,1050.0654545454545,1467.1127272727272,16.371901540551335,100.0,961.3191650344598,10.0,7.647974967956543,,,,,3.0,4.0,4.0
2025-08-05 03:43:59,1811.549090909091,1051.9272727272728,1470.8363636363638,16.366752681235084,100.0,961.2841016719193,10.0,7.642592906951904,,,,,4.0,5.0,5.0
2025-08-05 03:44:02,1811.549090909091,1048.2036363636364,1467.1127272727272,16.40279470256064,100.0,961.2857530429559,10.0,7.652398109436035,,,,,4.0,5.0,5.0
2025-08-05 03:44:05,1811.549090909091,1048.2036363636364,1467.1127272727272,16.438836738147074,100.0,961.2873995478736,10.0,7.651163578033447,,,,,3.0,4.0,4.0
2025-08-05 03:44:08,1809.6872727272728,1050.0654545454545,1465.2509090909093,16.39764584149816,100.0,961.2777777525523,10.0,7.636755466461182,,,,,4.0,5.0,5.0
2025-08-05 03:44:11,1813.4109090909092,1050.0654545454545,1467.1127272727272,16.377050400158623,100.0,961.3271408609673,10.0,7.658105850219727,,,,,3.0,4.0,4.0
2025-08-05 03:44:14,1813.4109090909092,1050.0654545454545,1465.2509090909093,16.32556181718246,100.0,961.2744696359473,10.0,7.659816265106201,,,,,3.0,4.0,4.0
2025-08-05 03:44:17,1811.549090909091,1051.9272727272728,1468.9745454545455,16.32556181718246,100.0,961.301555433266,10.0,7.644028186798096,,,,,2.0,3.0,3.0
2025-08-05 03:44:23,1811.549090909091,1050.0654545454545,1467.1127272727272,16.41824128749431,100.0,961.228409846301,10.0,7.646288871765137,,,,,2.0,3.0,3.0
2025-08-05 03:44:26,1811.549090909091,1048.2036363636364,1465.2509090909093,16.53666519233957,100.0,961.2763613443382,10.0,7.647790431976318,,,,,3.0,5.0,5.0
2025-08-05 04:11:00,1813.4109090909092,1042.618181818182,1465.2509090909093,16.495474251452833,100.0,961.1041965230278,10.0,7.675867557525635,,,,,3.0,4.0,4.0
2025-08-05 04:11:03,1811.549090909091,1046.341818181818,1468.9745454545455,16.45428332919255,100.0,961.0675037322153,10.0,7.655905723571777,,,,,2.0,3.0,3.0
2025-08-05 04:11:06,1811.549090909091,1044.48,1467.1127272727272,16.433687875047326,100.0,961.089792070221,10.0,7.662152290344238,,,,,2.0,4.0,4.0
2025-08-05 04:11:09,1811.549090909091,1044.48,1467.1127272727272,16.41824128749431,100.0,961.1200511191305,10.0,7.6627197265625,,,,,1.0,2.0,2.0
2025-08-05 04:11:12,1811.549090909091,1044.48,1468.9745454545455,16.45943219345645,100.0,961.048385484337,10.0,7.661221504211426,,,,,2.0,4.0,4.0
2025-08-05 04:11:15,1811.549090909091,1042.618181818182,1465.2509090909093,16.45428332919255,100.0,961.1216860697317,10.0,7.666998386383057,,,,,2.0,4.0,4.0
2025-08-05 04:11:18,1811.549090909091,1044.48,1467.1127272727272,16.39764584149816,100.0,961.0610673652404,10.0,7.663360595703125,,,,,2.0,4.0,4.0
2025-08-05 04:11:21,1811.549090909091,1046.341818181818,1468.9745454545455,16.371901540551335,100.0,961.0482879564228,10.0,7.658716201782227,,,,,2.0,4.0,4.0
2025-08-05 04:11:24,1809.6872727272728,1042.618181818182,1465.2509090909093,16.39764584149816,100.0,961.0339786484536,10.0,7.658552169799805,,,,,2.0,4.0,4.0
2025-08-05 04:11:30,1811.549090909091,1042.618181818182,1463.389090909091,16.377050400158623,100.0,961.0833493807223,10.0,7.669609546661377,,,,,3.0,5.0,5.0
2025-08-05 04:11:33,1811.549090909091,1044.48,1465.2509090909093,16.433687875047326,100.0,961.0627017939202,10.0,7.6621294021606445,,,,,3.0,4.0,4.0
2025-08-05 04:11:36,1811.549090909091,1042.618181818182,1465.2509090909093,16.41824128749431,100.0,961.1471407737124,10.0,7.668261528015137,,,,,3.0,4.0,4.0
2025-08-05 04:11:39,1811.549090909091,1046.341818181818,1468.9745454545455,16.490325385151664,100.0,961.0962234336193,10.0,7.65470027923584,,,,,2.0,3.0,3.0
2025-08-05 04:11:42,1809.6872727272728,1044.48,1465.2509090909093,16.490325385151664,100.0,961.1233161528569,10.0,7.649954795837402,,,,,3.0,4.0,4.0
2025-08-05 04:11:45,1809.6872727272728,1044.48,1467.1127272727272,16.46972992285737,100.0,961.1185150091097,10.0,7.650652885437012,,,,,3.0,5.0,5.0
2025-08-05 04:11:48,1809.6872727272728,1042.618181818182,1467.1127272727272,16.449134465219686,100.0,961.1408034984776,10.0,7.656904697418213,,,,,2.0,3.0,3.0
2025-08-05 04:11:51,1811.549090909091,1046.341818181818,1468.9745454545455,16.45943219345645,100.0,961.1025682363346,10.0,7.655762195587158,,,,,3.0,4.0,4.0
2025-08-05 04:11:54,1807.8254545454545,1042.618181818182,1465.2509090909093,16.45428332919255,100.0,961.0945948919023,10.0,7.646384239196777,,,,,3.0,4.0,4.0
2025-08-05 04:11:57,1809.6872727272728,1046.341818181818,1467.1127272727272,16.438836738147074,100.0,961.1248560479551,10.0,7.646204948425293,,,,,2.0,4.0,4.0
2025-08-05 04:12:00,1809.6872727272728,1046.341818181818,1468.9745454545455,16.423390149720944,100.0,961.1009350820282,10.0,7.64670467376709,,,,,2.0,4.0,4.0
2025-08-05 04:23:45,1798.5163636363638,1038.8945454545456,1461.5272727272727,16.603600511007244,100.0,961.0277595707578,10.0,7.600736618041992,,,,,3.0,4.0,6.0
2025-08-05 04:23:48,1796.6545454545455,1035.1709090909092,1459.6654545454546,16.619047129992396,100.0,961.0516746804983,10.0,7.600970268249512,,,,,3.0,4.0,6.0
2025-08-05 04:23:51,1800.3781818181817,1037.0327272727272,1461.5272727272727,16.577856151852757,100.0,961.0149980002086,10.0,7.617419719696045,,,,,3.0,5.0,6.0
2025-08-05 04:23:54,1800.3781818181817,1040.7563636363636,1465.2509090909093,16.531516323710093,100.0,961.105819941243,10.0,7.608075141906738,,,,,3.0,6.0,7.0
2025-08-05 04:23:57,1800.3781818181817,1042.618181818182,1465.2509090909093,16.521218587324256,100.0,961.0898743006514,10.0,7.60289192199707,,,,,4.0,7.0,8.0
2025-08-05 04:24:00,1798.5163636363638,1037.0327272727272,1463.389090909091,16.495474251452833,100.0,961.0500106882137,10.0,7.609991073608398,,,,,4.0,7.0,8.0
2025-08-05 04:24:06,1800.3781818181817,1040.7563636363636,1463.389090909091,16.490325385151664,100.0,960.9878527381161,10.0,7.6093597412109375,,,,,4.0,7.0,8.0
2025-08-05 04:24:09,1800.3781818181817,1038.8945454545456,1463.389090909091,16.45428332919255,100.0,961.040412590671,10.0,7.61617374420166,,,,,4.0,7.0,7.0
2025-08-05 04:24:12,1800.3781818181817,1038.8945454545456,1463.389090909091,16.413092425558716,100.0,961.0849879113391,10.0,7.6176347732543945,,,,,4.0,6.0,6.0
2025-08-05 04:24:15,1800.3781818181817,1042.618181818182,1465.2509090909093,16.377050400158623,100.0,961.0291736957433,10.0,7.6077775955200195,,,,,4.0,6.0,7.0
2025-08-05 04:24:18,1800.3781818181817,1038.8945454545456,1461.5272727272727,16.46972992285737,100.0,961.064331355576,10.0,7.615665912628174,,,,,4.0,5.0,6.0
2025-08-05 04:24:21,1802.24,1038.8945454545456,1463.389090909091,16.428539012238616,100.0,961.0547285893722,10.0,7.627369403839111,,,,,3.0,4.0,5.0
2025-08-05 04:24:24,1798.5163636363638,1037.0327272727272,1459.6654545454546,16.428539012238616,100.0,961.0818186402923,10.0,7.6123247146606445,,,,,3.0,4.0,6.0
2025-08-05 04:24:27,1804.1018181818183,1042.618181818182,1463.389090909091,16.449134465219686,100.0,961.005348826957,10.0,7.625868797302246,,,,,3.0,4.0,6.0
2025-08-05 04:24:30,1800.3781818181817,1038.8945454545456,1459.6654545454546,16.39764584149816,100.0,961.1152448532323,10.0,7.618202209472656,,,,,3.0,4.0,5.0
2025-08-05 04:24:33,1802.24,1042.618181818182,1465.2509090909093,16.351306105032563,100.0,961.043480670247,10.0,7.6189751625061035,,,,,3.0,4.0,5.0
2025-08-05 04:24:36,1800.3781818181817,1040.7563636363636,1463.389090909091,16.330710674170405,100.0,961.0657579069698,10.0,7.614924430847168,,,,,3.0,4.0,6.0
2025-08-05 04:24:39,1802.24,1040.7563636363636,1463.389090909091,16.299817536608316,100.0,961.0720834161292,10.0,7.626289367675781,,,,,2.0,4.0,6.0
2025-08-05 04:24:42,1802.24,1040.7563636363636,1461.5272727272727,16.27922211738769,100.0,961.0672701276347,10.0,7.626987934112549,,,,,2.0,4.0,4.0
2025-08-05 04:24:45,1802.24,1038.8945454545456,1457.8036363636365,16.27407326331013,100.0,961.0592957352145,10.0,7.6326727867126465,,,,,2.0,4.0,4.0
2025-08-05 04:24:48,1800.3781818181817,1040.7563636363636,1463.389090909091,16.23288244116702,100.0,961.0496649241014,10.0,7.61826229095459,,,,,2.0,4.0,4.0
2025-08-05 04:24:51,1802.24,1040.7563636363636,1463.389090909091,16.171096242876956,100.0,961.0622877268011,10.0,7.630692481994629,,,,,2.0,4.0,4.0
2025-08-05 04:24:54,1802.24,1042.618181818182,1463.389090909091,16.15050085276016,100.0,961.0845435995917,10.0,7.625903606414795,,,,,2.0,4.0,4.0
2025-08-05 04:24:57,1804.1018181818183,1042.618181818182,1463.389090909091,16.119607776316116,100.0,961.0637678985122,10.0,7.637244701385498,,,,,2.0,4.0,4.0
2025-08-05 04:25:00,1804.1018181818183,1040.7563636363636,1463.389090909091,16.10416124202311,100.0,961.0939937096044,10.0,7.643327713012695,,,,,3.0,5.0,5.0
2025-08-05 04:25:03,1802.24,1042.618181818182,1463.389090909091,16.0784170240222,100.0,961.1082646050095,10.0,7.628415584564209,,,,,3.0,4.0,4.0
2025-08-05 04:25:06,1802.24,1042.618181818182,1463.389090909091,16.062970496714115,100.0,961.0572615794931,10.0,7.6288862228393555,,,,,3.0,4.0,4.0
2025-08-05 04:25:09,1804.1018181818183,1040.7563636363636,1461.5272727272727,16.057821654860163,100.0,961.022211475498,10.0,7.644834518432617,,,,,3.0,4.0,4.0
2025-08-05 04:25:12,1804.1018181818183,1044.48,1465.2509090909093,16.047523972025374,100.0,961.0604076690414,10.0,7.634195804595947,,,,,3.0,4.0,4.0
2025-08-05 04:25:15,1802.24,1038.8945454545456,1461.5272727272727,16.02177977003157,100.0,961.1017456563116,10.0,7.6413774490356445,,,,,3.0,5.0,5.0
2025-08-05 04:25:18,1802.24,1042.618181818182,1463.389090909091,16.01148209127132,100.0,961.0316480535569,10.0,7.630624771118164,,,,,3.0,4.0,4.0
2025-08-05 04:25:21,1804.1018181818183,1040.7563636363636,1463.389090909091,16.00118441367522,100.0,961.0969112536918,10.0,7.646862983703613,,,,,2.0,4.0,4.0
2025-08-05 04:25:24,1804.1018181818183,1042.618181818182,1465.2509090909093,15.996035575313726,100.0,961.0889345483115,10.0,7.641512870788574,,,,,3.0,4.0,4.0
2025-08-05 04:25:27,1802.24,1040.7563636363636,1461.5272727272727,15.985737899463857,100.0,961.072981222076,10.0,7.637063980102539,,,,,3.0,4.0,4.0
2025-08-05 04:25:30,1804.1018181818183,1044.48,1467.1127272727272,15.954844878899166,100.0,961.106331342016,10.0,7.63742733001709,,,,,3.0,4.0,4.0
2025-08-05 04:25:33,1802.24,1042.618181818182,1465.2509090909093,15.94454720770591,100.0,961.0903771147298,10.0,7.632981300354004,,,,,3.0,5.0,5.0
2025-08-05 04:25:36,1802.24,1038.8945454545456,1463.389090909091,15.94454720770591,100.0,961.0633077398546,10.0,7.643991470336914,,,,,3.0,5.0,5.0
2025-08-05 04:25:39,1804.1018181818183,1040.7563636363636,1463.389090909091,15.959993714932352,100.0,961.0872384470682,10.0,7.6482625007629395,,,,,2.0,3.0,3.0
2025-08-05 04:25:42,1804.1018181818183,1040.7563636363636,1463.389090909091,15.970291387871839,100.0,961.1031923928323,10.0,7.6479268074035645,,,,,3.0,4.0,4.0
2025-08-05 04:25:48,1804.1018181818183,1040.7563636363636,1463.389090909091,15.959993714932352,100.0,961.0601684143013,10.0,7.648232936859131,,,,,3.0,4.0,4.0
2025-08-05 04:36:37,1800.3781818181817,1038.8945454545456,1459.6654545454546,16.140203159447992,100.0,961.1498259113177,10.0,7.627071857452393,,,,,1.0,2.0,2.0
2025-08-05 04:36:40,1800.3781818181817,1038.8945454545456,1461.5272727272727,16.114458931260742,100.0,961.1640989772449,10.0,7.627974510192871,,,,,2.0,3.0,3.0
2025-08-05 04:36:43,1800.3781818181817,1037.0327272727272,1461.5272727272727,16.227733589708805,100.0,961.258342528684,10.0,7.629703521728516,,,,,1.0,3.0,3.0
2025-08-05 04:36:46,1800.3781818181817,1038.8945454545456,1463.389090909091,16.268924409523606,100.0,961.1596543899955,10.0,7.6226654052734375,,,,,1.0,3.0,3.0
2025-08-05 04:36:49,1800.3781818181817,1038.8945454545456,1461.5272727272727,16.27922211738769,100.0,961.148521216996,10.0,7.62230110168457,,,,,2.0,3.0,3.0
2025-08-05 04:36:52,1798.5163636363638,1038.8945454545456,1461.5272727272727,16.320412960485555,100.0,961.1039808134573,10.0,7.610538482666016,,,,,3.0,4.0,4.0
2025-08-05 04:36:55,1800.3781818181817,1037.0327272727272,1461.5272727272727,16.30496639214107,100.0,961.1613121388882,10.0,7.626948356628418,,,,,2.0,3.0,5.0
2025-08-05 04:36:58,1800.3781818181817,1038.8945454545456,1461.5272727272727,16.24318014495657,100.0,961.1739428464243,10.0,7.623564720153809,,,,,3.0,4.0,5.0
2025-08-05 04:37:01,1800.3781818181817,1038.8945454545456,1463.389090909091,16.27407326331013,100.0,961.1676296558285,10.0,7.62249755859375,,,,,3.0,3.0,5.0
2025-08-05 04:37:07,1802.24,1038.8945454545456,1461.5272727272727,16.299817536608316,100.0,961.1804217715631,10.0,7.631921768188477,,,,,2.0,2.0,4.0
2025-08-05 04:37:10,1800.3781818181817,1038.8945454545456,1463.389090909091,16.361603822209872,100.0,961.1948642196321,10.0,7.619521617889404,,,,,1.0,2.0,4.0
2025-08-05 04:37:13,1798.5163636363638,1037.0327272727272,1463.389090909091,16.38219926005695,100.0,961.2267638635948,10.0,7.614075183868408,,,,,2.0,3.0,4.0
2025-08-05 04:37:16,1800.3781818181817,1037.0327272727272,1461.5272727272727,16.438836738147074,100.0,961.1248560479551,10.0,7.622311592102051,,,,,1.0,2.0,3.0
2025-08-05 04:37:19,1800.3781818181817,1035.1709090909092,1461.5272727272727,16.39249698072672,100.0,961.215625235245,10.0,7.629522323608398,,,,,1.0,2.0,2.0
2025-08-05 04:37:22,1800.3781818181817,1037.0327272727272,1463.389090909091,16.449134465219686,100.0,961.194985494082,10.0,7.622036457061768,,,,,1.0,2.0,2.0
2025-08-05 04:37:25,1800.3781818181817,1033.309090909091,1459.6654545454546,16.45428332919255,100.0,961.1758684798183,10.0,7.63287353515625,,,,,3.0,3.0,3.0
2025-08-05 04:37:28,1800.3781818181817,1042.618181818182,1465.2509090909093,16.423390149720944,100.0,961.1551148238119,10.0,7.606328964233398,,,,,3.0,3.0,3.0
2025-08-05 04:37:31,1800.3781818181817,1040.7563636363636,1463.389090909091,16.371901540551335,100.0,961.237901720601,10.0,7.613702774047852,,,,,3.0,4.0,4.0
2025-08-05 04:37:34,1800.3781818181817,1038.8945454545456,1461.5272727272727,16.330710674170405,100.0,961.201187476365,10.0,7.620588779449463,,,,,3.0,5.0,5.0
2025-08-05 04:37:37,1798.5163636363638,1035.1709090909092,1459.6654545454546,16.299817536608316,100.0,961.1804217715631,10.0,7.622368812561035,,,,,3.0,4.0,4.0
2025-08-05 04:49:07,1791.069090909091,1035.1709090909092,1459.6654545454546,16.531516323710093,100.0,961.1871034538511,10.0,7.573240280151367,,,,,1.0,2.0,2.0
2025-08-05 04:49:10,1792.9309090909092,1035.1709090909092,1461.5272727272727,16.46458105801139,100.0,961.1105416087377,10.0,7.585744857788086,,,,,2.0,4.0,4.0
2025-08-05 04:49:16,1791.069090909091,1033.309090909091,1459.6654545454546,16.505771984928288,100.0,961.1743295946525,10.0,7.579626560211182,,,,,1.0,3.0,3.0
2025-08-05 04:49:19,1789.2072727272728,1033.309090909091,1459.6654545454546,16.526367455371656,100.0,961.1791299434126,10.0,7.568634510040283,,,,,1.0,4.0,4.0
2025-08-05 04:49:22,1791.069090909091,1035.1709090909092,1461.5272727272727,16.546962930471636,100.0,961.1839289542759,10.0,7.572712421417236,,,,,1.0,4.0,4.0
2025-08-05 04:49:25,1791.069090909091,1035.1709090909092,1461.5272727272727,16.531516323710093,100.0,961.2683871297824,10.0,7.573328018188477,,,,,2.0,4.0,4.0
2025-08-05 04:49:28,1792.9309090909092,1037.0327272727272,1461.5272727272727,16.50062311804504,100.0,961.1663559985602,10.0,7.579054355621338,,,,,2.0,5.0,5.0
2025-08-05 04:49:31,1791.069090909091,1033.309090909091,1459.6654545454546,16.46458105801139,100.0,961.137633237335,10.0,7.581005096435547,,,,,2.0,4.0,4.0
2025-08-05 04:49:34,1792.9309090909092,1035.1709090909092,1459.6654545454546,16.428539012238616,100.0,961.1901790253834,10.0,7.5870747566223145,,,,,2.0,4.0,4.0
2025-08-05 04:49:37,1792.9309090909092,1035.1709090909092,1459.6654545454546,16.433687875047326,100.0,961.198153356838,10.0,7.586908340454102,,,,,2.0,5.0,5.0
2025-08-05 04:49:40,1792.9309090909092,1037.0327272727272,1459.6654545454546,16.39249698072672,100.0,961.1614480528957,10.0,7.582765102386475,,,,,2.0,3.0,3.0
2025-08-05 04:49:43,1791.069090909091,1035.1709090909092,1459.6654545454546,16.40279470256064,100.0,961.1773968026672,10.0,7.5776472091674805,,,,,1.0,3.0,3.0
2025-08-05 04:49:46,1792.9309090909092,1037.0327272727272,1461.5272727272727,16.330710674170405,100.0,961.2282734446504,10.0,7.584957122802734,,,,,1.0,2.0,2.0
2025-08-05 04:49:49,1791.069090909091,1035.1709090909092,1459.6654545454546,16.30496639214107,100.0,961.1613121388882,10.0,7.580990314483643,,,,,2.0,4.0,4.0
2025-08-05 04:49:52,1792.9309090909092,1037.0327272727272,1461.5272727272727,16.366752681235084,100.0,961.2299265982386,10.0,7.583717346191406,,,,,3.0,4.0,4.0
2025-08-05 04:49:55,1792.9309090909092,1033.309090909091,1459.6654545454546,16.387348120246315,100.0,961.1805620767382,10.0,7.593992710113525,,,,,2.0,2.0,2.0
2025-08-05 04:49:58,1791.069090909091,1031.4472727272728,1457.8036363636365,16.413092425558716,100.0,961.1662561989448,10.0,7.588317394256592,,,,,3.0,4.0,4.0
2025-08-05 04:50:01,1792.9309090909092,1035.1709090909092,1459.6654545454546,16.46458105801139,100.0,961.2459999331556,10.0,7.585897445678711,,,,,3.0,4.0,4.0
2025-08-05 04:50:04,1792.9309090909092,1035.1709090909092,1459.6654545454546,16.50062311804504,100.0,961.2205424293104,10.0,7.584629535675049,,,,,3.0,4.0,4.0
2025-08-05 04:50:07,1792.9309090909092,1033.309090909091,1459.6654545454546,16.516069719567895,100.0,961.1902768706902,10.0,7.589585304260254,,,,,3.0,4.0,4.0
2025-08-05 04:53:22,1792.9309090909092,1033.309090909091,1459.6654545454546,16.39764584149816,100.0,961.2236000468884,10.0,7.593686580657959,,,,,3.0,4.0,4.0
2025-08-05 04:53:25,1792.9309090909092,1035.1709090909092,1461.5272727272727,16.346157246880466,100.0,961.14385319082,10.0,7.589849472045898,,,,,3.0,4.0,4.0
2025-08-05 04:53:28,1791.069090909091,1033.309090909091,1461.5272727272727,16.351306105032563,100.0,961.1789145657364,10.0,7.584938049316406,,,,,3.0,4.0,4.0
2025-08-05 04:53:34,1792.9309090909092,1037.0327272727272,1463.389090909091,16.377050400158623,100.0,961.1375251382541,10.0,7.583266258239746,,,,,3.0,4.0,4.0
2025-08-05 04:53:37,1792.9309090909092,1033.309090909091,1457.8036363636365,16.31011524796486,100.0,961.1422021016477,10.0,7.5966010093688965,,,,,3.0,5.0,5.0
2025-08-05 04:53:40,1792.9309090909092,1031.4472727272728,1457.8036363636365,16.377050400158623,100.0,961.1917009683384,10.0,7.5998735427856445,,,,,3.0,6.0,6.0
2025-08-05 04:53:43,1791.069090909091,1031.4472727272728,1457.8036363636365,16.428539012238616,100.0,961.1901790253834,10.0,7.587815761566162,,,,,2.0,4.0,4.0
2025-08-05 04:53:46,1794.7927272727272,1035.1709090909092,1461.5272727272727,16.516069719567895,100.0,961.1631830063659,10.0,7.594335079193115,,,,,3.0,5.0,5.0
2025-08-05 04:53:49,1792.9309090909092,1031.4472727272728,1459.6654545454546,16.608749383711256,100.0,961.1983179578996,10.0,7.591933250427246,,,,,2.0,4.0,4.0
2025-08-05 04:53:52,1791.069090909091,1035.1709090909092,1461.5272727272727,16.65508925114409,100.0,961.2700764630258,10.0,7.569090843200684,,,,,2.0,4.0,4.0
2025-08-05 04:53:55,1792.9309090909092,1033.309090909091,1459.6654545454546,16.649940375820734,100.0,961.1808043370128,10.0,7.584975719451904,,,,,2.0,4.0,4.0
2025-08-05 04:53:58,1791.069090909091,1031.4472727272728,1455.9418181818182,16.685982509196037,100.0,961.2366131407898,10.0,7.579029083251953,,,,,3.0,4.0,4.0
2025-08-05 04:54:01,1792.9309090909092,1031.4472727272728,1459.6654545454546,16.711726898909546,100.0,961.1680683800726,10.0,7.588362216949463,,,,,3.0,4.0,4.0
2025-08-05 04:54:04,1792.9309090909092,1029.5854545454547,1457.8036363636365,16.758066818729276,100.0,961.2398177019862,10.0,7.592372417449951,,,,,2.0,4.0,4.0
2025-08-05 04:54:07,1791.069090909091,1033.309090909091,1459.6654545454546,16.752917937585153,100.0,961.1505334533466,10.0,7.571118354797363,,,,,2.0,3.0,3.0
2025-08-05 04:54:10,1791.069090909091,1037.0327272727272,1461.5272727272727,16.706578020384768,100.0,961.1600963724687,10.0,7.561681270599365,,,,,2.0,4.0,4.0
2025-08-05 04:54:13,1791.069090909091,1033.309090909091,1459.6654545454546,16.660238126758486,100.0,961.1967495701111,10.0,7.574346542358398,,,,,2.0,4.0,4.0
2025-08-05 04:54:16,1792.9309090909092,1033.309090909091,1459.6654545454546,16.613898256706307,100.0,961.1520949195339,10.0,7.586187362670898,,,,,3.0,4.0,4.0
2025-08-05 04:54:19,1792.9309090909092,1035.1709090909092,1459.6654545454546,16.634493751596892,100.0,961.183985617906,10.0,7.579995155334473,,,,,2.0,4.0,4.0
2025-08-05 04:54:22,1791.069090909091,1033.309090909091,1461.5272727272727,16.603600511007244,100.0,961.1361497377607,10.0,7.576228618621826,,,,,2.0,3.0,3.0
2025-08-05 04:58:34,1789.2072727272728,1035.1709090909092,1459.6654545454546,16.433687875047326,100.0,961.1168823646632,10.0,7.566226005554199,,,,,1.0,2.0,4.0
2025-08-05 04:58:40,1791.069090909091,1035.1709090909092,1455.9418181818182,16.38219926005695,100.0,961.0913232068452,10.0,7.578258514404297,,,,,1.0,2.0,5.0
2025-08-05 04:58:43,1789.2072727272728,1033.309090909091,1455.9418181818182,16.3564549634757,100.0,961.1598023379296,10.0,7.574440956115723,,,,,1.0,2.0,5.0
2025-08-05 04:58:46,1789.2072727272728,1033.309090909091,1459.6654545454546,16.32556181718246,100.0,961.1661266280248,10.0,7.575506687164307,,,,,1.0,2.0,5.0
2025-08-05 04:58:49,1789.2072727272728,1031.4472727272728,1457.8036363636365,16.346157246880466,100.0,961.14385319082,10.0,7.580293655395508,,,,,1.0,3.0,6.0
2025-08-05 04:58:52,1792.9309090909092,1035.1709090909092,1463.389090909091,16.346157246880466,100.0,961.1167666189591,10.0,7.5898213386535645,,,,,1.0,3.0,4.0
2025-08-05 04:58:55,1789.2072727272728,1035.1709090909092,1461.5272727272727,16.330710674170405,100.0,961.201187476365,10.0,7.569856643676758,,,,,2.0,4.0,5.0
2025-08-05 04:58:58,1791.069090909091,1033.309090909091,1461.5272727272727,16.31011524796486,100.0,961.1692871503125,10.0,7.586335182189941,,,,,1.0,3.0,3.0
2025-08-05 04:59:01,1789.2072727272728,1031.4472727272728,1459.6654545454546,16.32556181718246,100.0,961.1390409213823,10.0,7.580991744995117,,,,,3.0,5.0,5.0
2025-08-05 04:59:04,1789.2072727272728,1031.4472727272728,1459.6654545454546,16.377050400158623,100.0,961.0833493807223,10.0,7.579168319702148,,,,,2.0,5.0,5.0
2025-08-05 04:59:07,1789.2072727272728,1031.4472727272728,1457.8036363636365,16.428539012238616,100.0,961.1630889018991,10.0,7.577487945556641,,,,,1.0,3.0,3.0
2025-08-05 04:59:10,1791.069090909091,1031.4472727272728,1457.8036363636365,16.387348120246315,100.0,961.1263853814226,10.0,7.589158058166504,,,,,2.0,4.0,4.0
2025-08-05 04:59:13,1791.069090909091,1031.4472727272728,1459.6654545454546,16.32556181718246,100.0,961.1661266280248,10.0,7.591323375701904,,,,,1.0,2.0,2.0
2025-08-05 04:59:16,1791.069090909091,1031.4472727272728,1457.8036363636365,16.289519826415926,100.0,961.1103031256764,10.0,7.592499256134033,,,,,0.0,2.0,2.0
2025-08-05 04:59:19,1789.2072727272728,1033.309090909091,1459.6654545454546,16.263775556028122,100.0,961.04334703453,10.0,7.577492713928223,,,,,0.0,2.0,2.0
2025-08-05 04:59:22,1791.069090909091,1033.309090909091,1459.6654545454546,16.23288244116702,100.0,961.0767466104076,10.0,7.588888168334961,,,,,0.0,2.0,2.0
2025-08-05 04:59:25,1791.069090909091,1033.309090909091,1461.5272727272727,16.15050085276016,100.0,961.1116217889331,10.0,7.591754913330078,,,,,0.0,2.0,2.0
2025-08-05 04:59:28,1791.069090909091,1033.309090909091,1457.8036363636365,16.119607776316116,100.0,961.1179216273333,10.0,7.592822551727295,,,,,0.0,1.0,1.0
2025-08-05 04:59:31,1792.9309090909092,1035.1709090909092,1463.389090909091,16.057821654860163,100.0,961.1034340921038,10.0,7.599701881408691,,,,,0.0,2.0,2.0
2025-08-05 04:59:34,1792.9309090909092,1033.309090909091,1459.6654545454546,16.068119338859105,100.0,961.1464615472587,10.0,7.604912757873535,,,,,0.0,1.0,1.0
2025-08-05 05:12:44,1802.24,1038.8945454545456,1465.2509090909093,15.996035575313726,100.0,960.9265053766567,10.0,7.642070770263672,,,,,2.0,4.0,4.0
2025-08-05 05:12:47,1802.24,1037.0327272727272,1463.389090909091,15.913654201111058,100.0,960.9342431268237,10.0,7.650424003601074,,,,,3.0,5.0,5.0
2025-08-05 05:12:50,1802.24,1037.0327272727272,1465.2509090909093,15.877612373325974,100.0,960.9866773873318,10.0,7.651717662811279,,,,,3.0,4.0,4.0
2025-08-05 05:12:53,1802.24,1037.0327272727272,1463.389090909091,15.867314710863866,100.0,960.9707240063664,10.0,7.652054309844971,,,,,3.0,4.0,4.0
2025-08-05 05:12:56,1798.5163636363638,1035.1709090909092,1461.5272727272727,15.893058869201923,100.0,960.9564734454502,10.0,7.636085033416748,,,,,3.0,5.0,5.0
2025-08-05 05:12:59,1802.24,1035.1709090909092,1463.389090909091,15.949696043157019,100.0,960.9630063943632,10.0,7.6547346115112305,,,,,3.0,4.0,4.0
2025-08-05 05:13:02,1800.3781818181817,1038.8945454545456,1467.1127272727272,15.954844878899166,100.0,960.97098239543,10.0,7.633234977722168,,,,,3.0,4.0,4.0
2025-08-05 05:13:05,1800.3781818181817,1037.0327272727272,1465.2509090909093,15.903356534574414,100.0,960.9453586713155,10.0,7.640496253967285,,,,,3.0,4.0,4.0
2025-08-05 05:13:08,1802.24,1037.0327272727272,1465.2509090909093,15.836421730462462,100.0,960.895799898042,10.0,7.653036117553711,,,,,3.0,4.0,4.0
2025-08-05 05:13:11,1800.3781818181817,1037.0327272727272,1463.389090909091,15.826124072656967,100.0,960.9339758222518,10.0,7.643136024475098,,,,,3.0,4.0,4.0
2025-08-05 05:13:14,1802.24,1037.0327272727272,1465.2509090909093,15.820975244190777,100.0,960.980127199252,10.0,7.653656959533691,,,,,3.0,4.0,4.0
2025-08-05 05:13:17,1802.24,1038.8945454545456,1463.389090909091,15.790082279505441,100.0,960.9593278908604,10.0,7.649172306060791,,,,,3.0,4.0,4.0
2025-08-05 05:13:20,1804.1018181818183,1038.8945454545456,1465.2509090909093,15.738594028312946,100.0,960.9066183581417,10.0,7.6611762046813965,,,,,3.0,4.0,4.0
2025-08-05 05:13:23,1802.24,1040.7563636363636,1465.2509090909093,15.697403448313707,100.0,960.9510373847202,10.0,7.646827697753906,,,,,3.0,4.0,4.0
2025-08-05 05:13:26,1804.1018181818183,1038.8945454545456,1465.2509090909093,15.707701091567287,100.0,960.9128746281209,10.0,7.662245750427246,,,,,3.0,4.0,4.0
2025-08-05 05:13:29,1802.24,1038.8945454545456,1463.389090909091,15.676808165299008,100.0,960.919126581766,10.0,7.653017997741699,,,,,3.0,4.0,4.0
2025-08-05 05:13:32,1802.24,1037.0327272727272,1463.389090909091,15.666510525537888,100.0,960.9302287387806,10.0,7.658901691436768,,,,,3.0,4.0,4.0
2025-08-05 05:13:35,1802.24,1038.8945454545456,1463.389090909091,15.666510525537888,100.0,960.9302287387806,10.0,7.653382778167725,,,,,3.0,4.0,4.0
2025-08-05 05:13:38,1804.1018181818183,1038.8945454545456,1465.2509090909093,15.630468795541674,100.0,960.8743847430278,10.0,7.664849758148193,,,,,3.0,5.0,5.0
2025-08-05 05:13:41,1804.1018181818183,1040.7563636363636,1467.1127272727272,15.620171161019243,100.0,960.9395957618889,10.0,7.659760475158691,,,,,3.0,5.0,5.0
2025-08-05 05:18:02,1794.7927272727272,1035.1709090909092,1463.389090909091,15.954844878899166,100.0,960.97098239543,10.0,7.61338996887207,,,,,3.0,4.0,4.0
2025-08-05 05:18:05,1796.6545454545455,1038.8945454545456,1465.2509090909093,15.970291387871839,100.0,960.9407697639159,10.0,7.61207914352417,,,,,3.0,4.0,4.0
2025-08-05 05:18:08,1794.7927272727272,1035.1709090909092,1463.389090909091,15.970291387871839,100.0,960.9407697639159,10.0,7.612825393676758,,,,,3.0,4.0,4.0
2025-08-05 05:18:11,1794.7927272727272,1037.0327272727272,1461.5272727272727,15.996035575313726,100.0,960.9535768599749,10.0,7.606436729431152,,,,,3.0,4.0,4.0
2025-08-05 05:18:14,1796.6545454545455,1033.309090909091,1463.389090909091,16.032077449955977,100.0,960.9823334415554,10.0,7.626561641693115,,,,,3.0,4.0,4.0
2025-08-05 05:18:17,1794.7927272727272,1033.309090909091,1461.5272727272727,16.05267281329725,100.0,961.0142358124094,10.0,7.615592002868652,,,,,3.0,4.0,4.0
2025-08-05 05:18:20,1794.7927272727272,1033.309090909091,1461.5272727272727,16.08871471034945,100.0,960.9617640682541,10.0,7.614301681518555,,,,,3.0,4.0,4.0
2025-08-05 05:18:23,1796.6545454545455,1035.1709090909092,1463.389090909091,16.1659473949112,100.0,960.9189186978874,10.0,7.616378307342529,,,,,3.0,4.0,4.0
2025-08-05 05:18:26,1792.9309090909092,1035.1709090909092,1463.389090909091,16.17624509113375,100.0,961.0431836481869,10.0,7.595571041107178,,,,,1.0,2.0,2.0
2025-08-05 05:18:29,1794.7927272727272,1031.4472727272728,1463.389090909091,16.135054313228466,100.0,960.9252299093929,10.0,7.618183612823486,,,,,2.0,3.0,3.0
2025-08-05 05:18:32,1796.6545454545455,1035.1709090909092,1463.389090909091,16.0784170240222,100.0,960.9458142353019,10.0,7.619410991668701,,,,,3.0,3.0,3.0
2025-08-05 05:18:35,1796.6545454545455,1033.309090909091,1463.389090909091,16.08871471034945,100.0,960.9076131886025,10.0,7.624533176422119,,,,,2.0,3.0,3.0
2025-08-05 05:18:41,1796.6545454545455,1035.1709090909092,1463.389090909091,16.047523972025374,100.0,960.9791864588614,10.0,7.620511531829834,,,,,2.0,3.0,3.0
2025-08-05 05:18:44,1794.7927272727272,1037.0327272727272,1465.2509090909093,15.98058906197548,100.0,960.9296502929578,10.0,7.606942653656006,,,,,2.0,3.0,3.0
2025-08-05 05:18:47,1796.6545454545455,1035.1709090909092,1461.5272727272727,15.923951868811855,100.0,960.9231268119527,10.0,7.624685287475586,,,,,2.0,3.0,3.0
2025-08-05 05:18:50,1794.7927272727272,1033.309090909091,1461.5272727272727,15.990886737243272,100.0,960.9185300514812,10.0,7.617607116699219,,,,,2.0,3.0,3.0
2025-08-05 05:18:53,1798.5163636363638,1037.0327272727272,1465.2509090909093,16.00633325232775,100.0,961.0236719678556,10.0,7.626750946044922,,,,,1.0,2.0,2.0
2025-08-05 05:18:56,1798.5163636363638,1035.1709090909092,1461.5272727272727,16.02177977003157,100.0,961.0205276632051,10.0,7.631734371185303,,,,,2.0,2.0,2.0
2025-08-05 05:18:59,1798.5163636363638,1033.309090909091,1461.5272727272727,16.062970496714115,100.0,960.9760383955722,10.0,7.635788917541504,,,,,2.0,2.0,2.0
2025-08-05 05:19:02,1798.5163636363638,1037.0327272727272,1465.2509090909093,16.068119338859105,100.0,960.9840136642596,10.0,7.62458610534668,,,,,2.0,2.0,2.0
2025-08-05 05:23:14,1800.3781818181817,1035.1709090909092,1463.389090909091,16.05267281329725,100.0,961.0142358124094,10.0,7.6409592628479,,,,,1.0,3.0,3.0
2025-08-05 05:23:17,1800.3781818181817,1033.309090909091,1465.2509090909093,16.114458931260742,100.0,960.9745625672599,10.0,7.644315719604492,,,,,2.0,4.0,4.0
2025-08-05 05:23:20,1798.5163636363638,1033.309090909091,1467.1127272727272,16.227733589708805,100.0,961.0146088906819,10.0,7.630168437957764,,,,,2.0,4.0,4.0
2025-08-05 05:23:23,1798.5163636363638,1035.1709090909092,1465.2509090909093,16.145352005958557,100.0,961.0224122326628,10.0,7.627493858337402,,,,,2.0,4.0,4.0
2025-08-05 05:23:26,1798.5163636363638,1035.1709090909092,1467.1127272727272,16.155649699852802,100.0,961.0654407244562,10.0,7.6271867752075195,,,,,2.0,3.0,3.0
2025-08-05 05:23:29,1798.5163636363638,1035.1709090909092,1467.1127272727272,16.135054313228466,100.0,961.0064622317436,10.0,7.627830982208252,,,,,2.0,3.0,3.0
2025-08-05 05:23:32,1798.5163636363638,1033.309090909091,1463.389090909091,16.140203159447992,100.0,961.0415149205332,10.0,7.633205413818359,,,,,2.0,3.0,3.0
2025-08-05 05:23:38,1796.6545454545455,1035.1709090909092,1463.389090909091,16.222584738541627,100.0,961.0337157709639,10.0,7.614560127258301,,,,,3.0,4.0,4.0
2025-08-05 05:23:41,1796.6545454545455,1033.309090909091,1461.5272727272727,16.181393939681584,100.0,960.9969997142375,10.0,7.621449947357178,,,,,3.0,4.0,4.0
2025-08-05 05:23:44,1800.3781818181817,1035.1709090909092,1468.9745454545455,16.186542788520455,100.0,961.0049742774805,10.0,7.636354446411133,,,,,3.0,4.0,4.0
2025-08-05 05:23:47,1798.5163636363638,1035.1709090909092,1463.389090909091,16.181393939681584,100.0,961.0240791650809,10.0,7.626254558563232,,,,,3.0,4.0,4.0
2025-08-05 05:23:50,1796.6545454545455,1035.1709090909092,1463.389090909091,16.140203159447992,100.0,960.9602818677536,10.0,7.617302894592285,,,,,3.0,5.0,5.0
2025-08-05 05:23:53,1798.5163636363638,1033.309090909091,1461.5272727272727,16.15050085276016,100.0,961.0845435995917,10.0,7.632905960083008,,,,,2.0,4.0,4.0
2025-08-05 05:23:56,1798.5163636363638,1031.4472727272728,1463.389090909091,16.109310086496407,100.0,960.9936640717121,10.0,7.639737129211426,,,,,2.0,4.0,4.0
2025-08-05 05:23:59,1798.5163636363638,1035.1709090909092,1467.1127272727272,16.073268181295134,100.0,960.964914151997,10.0,7.629903316497803,,,,,2.0,4.0,4.0
2025-08-05 05:24:02,1798.5163636363638,1033.309090909091,1463.389090909091,16.057821654860163,100.0,960.968063155027,10.0,7.635956287384033,,,,,2.0,4.0,4.0
2025-08-05 05:24:05,1800.3781818181817,1037.0327272727272,1465.2509090909093,16.042375131044537,100.0,961.0253580820614,10.0,7.635811805725098,,,,,1.0,3.0,3.0
2025-08-05 05:24:08,1798.5163636363638,1037.0327272727272,1465.2509090909093,16.037226290354738,100.0,961.0444555822389,10.0,7.625715255737305,,,,,3.0,4.0,4.0
2025-08-05 05:24:11,1800.3781818181817,1035.1709090909092,1465.2509090909093,15.996035575313726,100.0,961.0077198809604,10.0,7.6429033279418945,,,,,3.0,4.0,4.0
2025-08-05 05:24:14,1798.5163636363638,1035.1709090909092,1465.2509090909093,15.996035575313726,100.0,960.9265053766567,10.0,7.632519721984863,,,,,1.0,4.0,4.0
2025-08-05 05:37:06,1796.6545454545455,1033.309090909091,1465.2509090909093,16.068119338859105,100.0,960.9840136642596,10.0,7.625324249267578,,,,,2.0,4.0,4.0
2025-08-05 05:37:12,1796.6545454545455,1031.4472727272728,1467.1127272727272,16.155649699852802,100.0,961.0112839856913,10.0,7.627866268157959,,,,,2.0,4.0,4.0
2025-08-05 05:37:15,1796.6545454545455,1033.309090909091,1467.1127272727272,16.181393939681584,100.0,960.9969997142375,10.0,7.621449947357178,,,,,2.0,4.0,4.0
2025-08-05 05:37:18,1796.6545454545455,1033.309090909091,1465.2509090909093,16.212287037080387,100.0,961.0177667301199,10.0,7.620417594909668,,,,,2.0,3.0,3.0
2025-08-05 05:37:21,1794.7927272727272,1031.4472727272728,1467.1127272727272,16.2019893367833,100.0,961.0018178015872,10.0,7.615970611572266,,,,,2.0,4.0,5.0
2025-08-05 05:37:24,1794.7927272727272,1029.5854545454547,1465.2509090909093,16.207138186786324,100.0,961.0097922518137,10.0,7.62131929397583,,,,,2.0,4.0,5.0
2025-08-05 05:37:27,1796.6545454545455,1031.4472727272728,1463.389090909091,16.186542788520455,100.0,960.9778946194076,10.0,7.626765727996826,,,,,2.0,4.0,5.0
2025-08-05 05:37:30,1796.6545454545455,1031.4472727272728,1467.1127272727272,16.181393939681584,100.0,960.969920281521,10.0,7.626941680908203,,,,,3.0,4.0,5.0
2025-08-05 05:37:33,1796.6545454545455,1033.309090909091,1467.1127272727272,16.155649699852802,100.0,960.9842056434971,10.0,7.62231969833374,,,,,3.0,4.0,5.0
2025-08-05 05:37:36,1796.6545454545455,1033.309090909091,1467.1127272727272,16.0784170240222,100.0,960.9728892516172,10.0,7.6249589920043945,,,,,3.0,4.0,5.0
2025-08-05 05:37:39,1796.6545454545455,1033.309090909091,1465.2509090909093,16.01148209127132,100.0,960.9775036805356,10.0,7.627257823944092,,,,,3.0,4.0,5.0
2025-08-05 05:37:42,1794.7927272727272,1035.1709090909092,1470.8363636363638,15.985737899463857,100.0,960.9917679067563,10.0,7.6123456954956055,,,,,3.0,4.0,5.0
2025-08-05 05:37:45,1794.7927272727272,1033.309090909091,1465.2509090909093,15.94454720770591,100.0,960.9820997239101,10.0,7.61927604675293,,,,,3.0,4.0,5.0
2025-08-05 05:37:48,1798.5163636363638,1033.309090909091,1465.2509090909093,15.882761204993585,100.0,960.9134541617743,10.0,7.641901969909668,,,,,3.0,4.0,5.0
2025-08-05 05:37:51,1798.5163636363638,1037.0327272727272,1467.1127272727272,15.841570559801767,100.0,960.9037761796867,10.0,7.6322736740112305,,,,,2.0,3.0,5.0
2025-08-05 05:37:54,1796.6545454545455,1033.309090909091,1467.1127272727272,15.820975244190777,100.0,960.871871222559,10.0,7.633681297302246,,,,,1.0,2.0,3.0
2025-08-05 05:37:57,1798.5163636363638,1038.8945454545456,1470.8363636363638,15.8003799332364,100.0,960.9211559689026,10.0,7.628188133239746,,,,,1.0,2.0,4.0
2025-08-05 05:38:00,1796.6545454545455,1035.1709090909092,1467.1127272727272,15.790082279505441,100.0,960.9322652033416,10.0,7.629297256469727,,,,,2.0,3.0,6.0
2025-08-05 05:38:03,1798.5163636363638,1033.309090909091,1467.1127272727272,15.810677588131512,100.0,960.9641730875966,10.0,7.644433498382568,,,,,2.0,4.0,7.0
2025-08-05 05:38:06,1798.5163636363638,1033.309090909091,1467.1127272727272,15.748891676223138,100.0,960.9225725796078,10.0,7.646510601043701,,,,,1.0,2.0,5.0
2025-08-05 05:44:42,1800.3781818181817,1031.4472727272728,1465.2509090909093,15.687105806224281,100.0,961.0162568505118,10.0,7.664546489715576,,,,,2.0,4.0,4.0
2025-08-05 05:44:45,1800.3781818181817,1031.4472727272728,1467.1127272727272,15.645915249508107,100.0,960.9524307432397,10.0,7.665886402130127,,,,,2.0,4.0,4.0
2025-08-05 05:44:48,1800.3781818181817,1033.309090909091,1468.9745454545455,15.661361706093885,100.0,960.949308121562,10.0,7.65983772277832,,,,,2.0,4.0,4.0
2025-08-05 05:44:54,1800.3781818181817,1031.4472727272728,1467.1127272727272,15.692254627123475,100.0,960.970118156693,10.0,7.664319038391113,,,,,2.0,3.0,3.0
2025-08-05 05:44:57,1798.5163636363638,1031.4472727272728,1465.2509090909093,15.671659345272928,100.0,960.9382065657398,10.0,7.654690265655518,,,,,2.0,3.0,3.0
2025-08-05 05:45:00,1800.3781818181817,1031.4472727272728,1467.1127272727272,15.687105806224281,100.0,960.9621402164915,10.0,7.664488792419434,,,,,2.0,3.0,3.0
2025-08-05 05:45:03,1798.5163636363638,1031.4472727272728,1467.1127272727272,15.687105806224281,100.0,960.9080236548659,10.0,7.654128551483154,,,,,2.0,3.0,3.0
2025-08-05 05:45:09,1796.6545454545455,1035.1709090909092,1468.9745454545455,15.790082279505441,100.0,960.9593278908604,10.0,7.629326343536377,,,,,2.0,3.0,3.0
2025-08-05 05:45:12,1800.3781818181817,1035.1709090909092,1468.9745454545455,15.815826416015625,100.0,960.9721501292988,10.0,7.649044990539551,,,,,2.0,3.0,3.0
2025-08-05 05:45:15,1798.5163636363638,1033.309090909091,1467.1127272727272,15.779784626938635,100.0,960.9974981957379,10.0,7.645525932312012,,,,,2.0,3.0,3.0
2025-08-05 05:45:18,1798.5163636363638,1033.309090909091,1459.6654545454546,15.687105806224281,100.0,960.9891985244524,10.0,7.648705959320068,,,,,2.0,3.0,3.0
2025-08-05 05:45:21,1800.3781818181817,1033.309090909091,1467.1127272727272,15.635617613239447,100.0,960.9094184266349,10.0,7.660680770874023,,,,,2.0,3.0,3.0
2025-08-05 05:45:24,1800.3781818181817,1035.1709090909092,1468.9745454545455,15.681956985616125,100.0,961.0082784880005,10.0,7.653677940368652,,,,,2.0,4.0,4.0
2025-08-05 05:45:27,1798.5163636363638,1035.1709090909092,1467.1127272727272,15.702552269794978,100.0,960.9590151562205,10.0,7.642621040344238,,,,,3.0,4.0,4.0
2025-08-05 05:45:30,1798.5163636363638,1037.0327272727272,1467.1127272727272,15.723147558630444,100.0,961.0179863922439,10.0,7.636462211608887,,,,,2.0,4.0,4.0
2025-08-05 05:45:33,1798.5163636363638,1033.309090909091,1467.1127272727272,15.733445204794407,100.0,960.9798220799047,10.0,7.6471028327941895,,,,,3.0,4.0,4.0
2025-08-05 05:45:39,1798.5163636363638,1031.4472727272728,1467.1127272727272,15.764338150271215,100.0,960.9465041238973,10.0,7.651519775390625,,,,,3.0,4.0,4.0
2025-08-05 05:45:42,1796.6545454545455,1031.4472727272728,1467.1127272727272,15.810677588131512,100.0,960.9641730875966,10.0,7.639657974243164,,,,,3.0,4.0,4.0
2025-08-05 05:45:45,1798.5163636363638,1031.4472727272728,1467.1127272727272,15.831272901414195,100.0,960.9690169519266,10.0,7.64924955368042,,,,,2.0,3.0,3.0
2025-08-05 05:45:48,1798.5163636363638,1037.0327272727272,1468.9745454545455,15.851868219353491,100.0,960.9738594836926,10.0,7.631995677947998,,,,,2.0,4.0,4.0
2025-08-05 05:55:09,1794.7927272727272,1031.4472727272728,1467.1127272727272,16.145352005958557,100.0,960.9953343230502,10.0,7.617907524108887,,,,,3.0,4.0,5.0
2025-08-05 05:55:12,1794.7927272727272,1029.5854545454547,1465.2509090909093,16.186542788520455,100.0,960.9778946194076,10.0,7.621994972229004,,,,,3.0,4.0,5.0
2025-08-05 05:55:15,1792.9309090909092,1035.1709090909092,1468.9745454545455,16.129905467299977,100.0,960.971410039894,10.0,7.5970869064331055,,,,,3.0,4.0,6.0
2025-08-05 05:55:18,1792.9309090909092,1029.5854545454547,1465.2509090909093,16.08871471034945,100.0,960.9346886193674,10.0,7.615006446838379,,,,,2.0,3.0,4.0
2025-08-05 05:55:21,1794.7927272727272,1031.4472727272728,1465.2509090909093,16.15050085276016,100.0,961.0033091403186,10.0,7.617741584777832,,,,,3.0,4.0,5.0
2025-08-05 05:55:24,1794.7927272727272,1029.5854545454547,1467.1127272727272,16.145352005958557,100.0,960.9411785581998,10.0,7.623364448547363,,,,,3.0,4.0,4.0
2025-08-05 05:55:27,1794.7927272727272,1031.4472727272728,1468.9745454545455,16.212287037080387,100.0,960.9094437719536,10.0,7.615516662597656,,,,,3.0,5.0,5.0
2025-08-05 05:55:30,1794.7927272727272,1029.5854545454547,1463.389090909091,16.212287037080387,100.0,960.9906859633853,10.0,7.6211256980896,,,,,2.0,4.0,4.0
2025-08-05 05:55:33,1794.7927272727272,1033.309090909091,1468.9745454545455,16.217435887665488,100.0,960.9444983146085,10.0,7.609861373901367,,,,,3.0,5.0,5.0
2025-08-05 05:55:36,1792.9309090909092,1029.5854545454547,1467.1127272727272,16.155649699852802,100.0,960.9571273194285,10.0,7.612733840942383,,,,,3.0,4.0,4.0
2025-08-05 05:55:39,1794.7927272727272,1031.4472727272728,1467.1127272727272,16.10416124202311,100.0,960.8773846376739,10.0,7.619192123413086,,,,,2.0,5.0,5.0
2025-08-05 05:55:42,1794.7927272727272,1029.5854545454547,1465.2509090909093,16.062970496714115,100.0,960.9760383955722,10.0,7.626228332519531,,,,,3.0,5.0,5.0
2025-08-05 05:55:45,1796.6545454545455,1033.309090909091,1468.9745454545455,15.990886737243272,100.0,960.8914588116168,10.0,7.627879619598389,,,,,2.0,5.0,5.0
2025-08-05 05:55:48,1792.9309090909092,1031.4472727272728,1467.1127272727272,15.996035575313726,100.0,960.9535768599749,10.0,7.612687587738037,,,,,2.0,5.0,5.0
2025-08-05 05:55:51,1794.7927272727272,1033.309090909091,1470.8363636363638,15.94454720770591,100.0,960.9279611371808,10.0,7.619210243225098,,,,,2.0,4.0,4.0
2025-08-05 05:55:57,1794.7927272727272,1031.4472727272728,1467.1127272727272,15.851868219353491,100.0,960.9197288276891,10.0,7.627895832061768,,,,,3.0,4.0,4.0
2025-08-05 05:56:00,1794.7927272727272,1029.5854545454547,1465.2509090909093,15.831272901414195,100.0,960.8878236446377,10.0,7.634084224700928,,,,,3.0,4.0,4.0
2025-08-05 05:56:03,1794.7927272727272,1033.309090909091,1465.2509090909093,15.841570559801767,100.0,960.9037761796867,10.0,7.622719764709473,,,,,3.0,4.0,4.0
2025-08-05 05:56:06,1796.6545454545455,1031.4472727272728,1467.1127272727272,15.805528760538436,100.0,960.9291327287767,10.0,7.639788627624512,,,,,3.0,4.0,4.0
2025-08-05 05:56:09,1796.6545454545455,1033.309090909091,1465.2509090909093,15.8003799332364,100.0,960.9211559689026,10.0,7.634443283081055,,,,,2.0,3.0,3.0
2025-08-05 06:21:04,1807.8254545454545,1035.1709090909092,1472.698181818182,15.31639146633097,100.0,960.9556906725246,10.0,7.707345485687256,,,,,3.0,4.0,4.0
2025-08-05 06:21:07,1805.9636363636366,1033.309090909091,1472.698181818182,15.280349874868989,100.0,961.007990746462,10.0,7.703864097595215,,,,,2.0,5.0,5.0
2025-08-05 06:21:10,1805.9636363636366,1031.4472727272728,1472.698181818182,15.300945068243891,100.0,960.9317489611847,10.0,7.708591461181641,,,,,2.0,4.0,4.0
2025-08-05 06:21:13,1805.9636363636366,1031.4472727272728,1470.8363636363638,15.321540266275406,100.0,960.909585969846,10.0,7.707854270935059,,,,,2.0,3.0,3.0
2025-08-05 06:21:19,1804.1018181818183,1031.4472727272728,1470.8363636363638,15.306093867315212,100.0,960.9397295031578,10.0,7.698126792907715,,,,,2.0,4.0,4.0
2025-08-05 06:21:22,1805.9636363636366,1035.1709090909092,1472.698181818182,15.306093867315212,100.0,960.9667715194913,10.0,7.697413921356201,,,,,2.0,4.0,4.0
2025-08-05 06:21:25,1805.9636363636366,1035.1709090909092,1470.8363636363638,15.280349874868989,100.0,960.9539088761187,10.0,7.69828987121582,,,,,3.0,4.0,4.0
2025-08-05 06:21:28,1805.9636363636366,1031.4472727272728,1470.8363636363638,15.249457093537785,100.0,960.9601033699682,10.0,7.710391521453857,,,,,3.0,4.0,4.0
2025-08-05 06:21:31,1805.9636363636366,1031.4472727272728,1470.8363636363638,15.321540266275406,100.0,960.9907139920651,10.0,7.707947731018066,,,,,3.0,4.0,4.0
2025-08-05 06:21:34,1805.9636363636366,1031.4472727272728,1470.8363636363638,15.32668906651088,100.0,960.9716519557718,10.0,7.707746982574463,,,,,3.0,4.0,4.0
2025-08-05 06:21:37,1805.9636363636366,1031.4472727272728,1470.8363636363638,15.290647470974363,100.0,960.9698706617887,10.0,7.708986759185791,,,,,3.0,4.0,4.0
2025-08-05 06:21:40,1807.8254545454545,1033.309090909091,1472.698181818182,15.280349874868989,100.0,960.9539088761187,10.0,7.714101314544678,,,,,3.0,5.0,5.0
2025-08-05 06:21:43,1807.8254545454545,1033.309090909091,1472.698181818182,15.254605889698723,100.0,960.9410447102781,10.0,7.714969635009766,,,,,3.0,5.0,5.0
2025-08-05 06:21:46,1805.9636363636366,1031.4472727272728,1470.8363636363638,15.295796269463608,100.0,960.9237684476881,10.0,7.708758354187012,,,,,3.0,5.0,5.0
2025-08-05 06:21:49,1805.9636363636366,1035.1709090909092,1474.56,15.290647470974363,100.0,960.9969120384621,10.0,7.6979875564575195,,,,,3.0,6.0,6.0
2025-08-05 06:21:52,1804.1018181818183,1031.4472727272728,1470.8363636363638,15.244308297667885,100.0,960.8710041924975,10.0,7.700170040130615,,,,,4.0,6.0,6.0
2025-08-05 06:21:55,1805.9636363636366,1033.309090909091,1472.698181818182,15.254605889698723,100.0,960.9410447102781,10.0,7.704675197601318,,,,,3.0,5.0,5.0
2025-08-05 06:21:58,1804.1018181818183,1033.309090909091,1472.698181818182,15.2340107068012,100.0,960.9361600664378,10.0,7.695075511932373,,,,,3.0,6.0,6.0
2025-08-05 06:22:01,1807.8254545454545,1037.0327272727272,1474.56,15.2340107068012,100.0,960.9631990013182,10.0,7.704665660858154,,,,,3.0,5.0,5.0
2025-08-05 06:22:04,1805.9636363636366,1031.4472727272728,1470.8363636363638,15.2340107068012,100.0,960.9361600664378,10.0,7.710888862609863,,,,,3.0,5.0,5.0
2025-08-05 06:23:16,1805.9636363636366,1035.1709090909092,1474.56,15.373028281726874,100.0,960.9893893036237,10.0,7.695150852203369,,,,,1.0,2.0,2.0
2025-08-05 06:23:19,1809.6872727272728,1035.1709090909092,1474.56,15.393623496056534,100.0,960.940174112618,10.0,7.714970588684082,,,,,2.0,3.0,3.0
2025-08-05 06:23:25,1805.9636363636366,1031.4472727272728,1470.8363636363638,15.347284270363161,100.0,960.9494872810297,10.0,7.707018852233887,,,,,2.0,3.0,3.0
2025-08-05 06:23:28,1805.9636363636366,1033.309090909091,1470.8363636363638,15.331837867037393,100.0,960.9525895154751,10.0,7.7020392417907715,,,,,1.0,2.0,2.0
2025-08-05 06:23:31,1807.8254545454545,1031.4472727272728,1470.8363636363638,15.362730676308274,100.0,960.9463839691176,10.0,7.716781139373779,,,,,2.0,3.0,3.0
2025-08-05 06:23:34,1807.8254545454545,1037.0327272727272,1474.56,15.393623496056534,100.0,960.9942656419503,10.0,7.699222087860107,,,,,2.0,4.0,4.0
2025-08-05 06:23:37,1807.8254545454545,1033.309090909091,1472.698181818182,15.409069909859682,100.0,960.9911604127441,10.0,7.709724426269531,,,,,1.0,3.0,3.0
2025-08-05 06:23:40,1805.9636363636366,1031.4472727272728,1472.698181818182,15.455409166985191,100.0,960.9818382584257,10.0,7.703343868255615,,,,,1.0,3.0,3.0
2025-08-05 06:23:43,1805.9636363636366,1031.4472727272728,1470.8363636363638,15.501748447684804,100.0,960.9454560244892,10.0,7.701713562011719,,,,,2.0,4.0,4.0
2025-08-05 06:23:46,1807.8254545454545,1033.309090909091,1472.698181818182,15.522343691118294,100.0,961.0044241649065,10.0,7.705850124359131,,,,,1.0,3.0,3.0
2025-08-05 06:23:49,1805.9636363636366,1031.4472727272728,1472.698181818182,15.53264131458127,100.0,960.966279774722,10.0,7.7006754875183105,,,,,1.0,3.0,3.0
2025-08-05 06:23:52,1805.9636363636366,1033.309090909091,1474.56,15.542938939208398,100.0,960.9551858942285,10.0,7.694793701171875,,,,,1.0,3.0,3.0
2025-08-05 06:23:55,1804.1018181818183,1033.309090909091,1474.56,15.486302018165588,100.0,960.9215186767044,10.0,7.686404705047607,,,,,1.0,2.0,2.0
2025-08-05 06:23:58,1807.8254545454545,1033.309090909091,1472.698181818182,15.522343691118294,100.0,960.9503216244473,10.0,7.7057881355285645,,,,,1.0,2.0,2.0
2025-08-05 06:24:01,1805.9636363636366,1033.309090909091,1472.698181818182,15.54808775195852,100.0,960.9361124919054,10.0,7.694599151611328,,,,,2.0,3.0,3.0
2025-08-05 06:24:04,1805.9636363636366,1033.309090909091,1472.698181818182,15.542938939208398,100.0,960.8740295699617,10.0,7.694706916809082,,,,,3.0,4.0,4.0
2025-08-05 06:24:07,1805.9636363636366,1031.4472727272728,1468.9745454545455,15.522343691118294,100.0,960.9773728856323,10.0,7.701047897338867,,,,,2.0,3.0,3.0
2025-08-05 06:24:10,1807.8254545454545,1029.5854545454547,1470.8363636363638,15.568683005869389,100.0,960.9409744364234,10.0,7.715221405029297,,,,,3.0,4.0,4.0
2025-08-05 06:24:13,1804.1018181818183,1033.309090909091,1474.56,15.501748447684804,100.0,960.9184056644702,10.0,7.685869216918945,,,,,2.0,3.0,3.0
2025-08-05 06:24:16,1805.9636363636366,1031.4472727272728,1470.8363636363638,15.481153208907926,100.0,960.8864901587004,10.0,7.702359199523926,,,,,1.0,2.0,2.0
2025-08-05 06:27:49,1805.9636363636366,1031.4472727272728,1470.8363636363638,15.470855591265718,100.0,960.8975815844732,10.0,7.70272159576416,,,,,3.0,4.0,4.0
2025-08-05 06:27:52,1807.8254545454545,1033.309090909091,1472.698181818182,15.460557974787662,100.0,960.8816236649873,10.0,7.707835674285889,,,,,3.0,4.0,4.0
2025-08-05 06:27:55,1805.9636363636366,1031.4472727272728,1470.8363636363638,15.403921104967594,100.0,960.8479493527037,10.0,7.704962253570557,,,,,3.0,3.0,3.0
2025-08-05 06:27:58,1807.8254545454545,1035.1709090909092,1474.56,15.378177084872732,100.0,960.9432795796704,10.0,7.705215930938721,,,,,2.0,4.0,4.0
2025-08-05 06:28:01,1805.9636363636366,1033.309090909091,1472.698181818182,15.373028281726874,100.0,960.8000754486219,10.0,7.7004570960998535,,,,,2.0,4.0,4.0
2025-08-05 06:28:04,1804.1018181818183,1031.4472727272728,1472.698181818182,15.373028281726874,100.0,960.8812098494237,10.0,7.695765495300293,,,,,1.0,2.0,2.0
2025-08-05 06:28:07,1805.9636363636366,1029.5854545454547,1468.9745454545455,15.367879478872055,100.0,960.9273195294987,10.0,7.711807727813721,,,,,2.0,3.0,3.0
2025-08-05 06:28:10,1807.8254545454545,1033.309090909091,1472.698181818182,15.362730676308274,100.0,960.8382063894566,10.0,7.711146354675293,,,,,2.0,4.0,4.0
2025-08-05 06:28:13,1807.8254545454545,1031.4472727272728,1470.8363636363638,15.352433072053827,100.0,960.8492917788711,10.0,7.717025279998779,,,,,2.0,4.0,4.0
2025-08-05 06:28:16,1807.8254545454545,1033.309090909091,1472.698181818182,15.331837867037393,100.0,960.8444171977784,10.0,7.712214469909668,,,,,1.0,3.0,3.0
2025-08-05 06:28:19,1807.8254545454545,1033.309090909091,1474.56,15.32668906651088,100.0,960.8905233119673,10.0,7.712441444396973,,,,,2.0,5.0,5.0
2025-08-05 06:28:22,1807.8254545454545,1033.309090909091,1472.698181818182,15.32668906651088,100.0,960.8364376398214,10.0,7.712373733520508,,,,,3.0,5.0,5.0
2025-08-05 06:28:25,1805.9636363636366,1031.4472727272728,1472.698181818182,15.383325888309628,100.0,960.924214342355,10.0,7.705757141113281,,,,,3.0,5.0,5.0
2025-08-05 06:28:28,1807.8254545454545,1033.309090909091,1472.698181818182,15.362730676308274,100.0,960.8382063894566,10.0,7.711146354675293,,,,,3.0,5.0,5.0
2025-08-05 06:28:31,1807.8254545454545,1033.309090909091,1472.698181818182,15.373028281726874,100.0,960.8812098494237,10.0,7.71083927154541,,,,,3.0,5.0,5.0
2025-08-05 06:28:34,1807.8254545454545,1033.309090909091,1472.698181818182,15.362730676308274,100.0,960.8922951431267,10.0,7.711204528808594,,,,,3.0,5.0,5.0
2025-08-05 06:28:40,1805.9636363636366,1031.4472727272728,1474.56,15.481153208907926,100.0,960.8323912952363,10.0,7.702296257019043,,,,,3.0,6.0,6.0
2025-08-05 06:28:43,1807.8254545454545,1031.4472727272728,1472.698181818182,15.434813938685693,100.0,960.86877681278,10.0,7.714223861694336,,,,,3.0,5.0,5.0
2025-08-05 06:28:46,1805.9636363636366,1029.5854545454547,1472.698181818182,15.414218715042807,100.0,960.890954132606,10.0,7.710175514221191,,,,,4.0,5.0,5.0
2025-08-05 06:28:49,1807.8254545454545,1031.4472727272728,1472.698181818182,15.419367520516971,100.0,960.8989334982685,10.0,7.71478271484375,,,,,4.0,5.0,5.0
2025-08-05 06:46:40,1809.6872727272728,1029.5854545454547,1474.56,15.455409166985191,100.0,960.7924998048178,10.0,7.729240894317627,,,,,2.0,4.0,4.0
2025-08-05 06:46:46,1805.9636363636366,1031.4472727272728,1476.4218181818183,15.460557974787662,100.0,960.8275265676424,10.0,7.703001022338867,,,,,3.0,4.0,4.0
2025-08-05 06:46:49,1807.8254545454545,1029.5854545454547,1474.56,15.43996274532401,100.0,960.822660510318,10.0,7.719511985778809,,,,,3.0,4.0,4.0
2025-08-05 06:46:52,1809.6872727272728,1033.309090909091,1478.2836363636366,15.414218715042807,100.0,960.8098144336022,10.0,7.719642639160156,,,,,2.0,4.0,4.0
2025-08-05 06:46:55,1809.6872727272728,1031.4472727272728,1474.56,15.409069909859682,100.0,960.8288820951783,10.0,7.7253594398498535,,,,,2.0,3.0,3.0
2025-08-05 06:46:58,1807.8254545454545,1029.5854545454547,1474.56,15.43996274532401,100.0,960.7956128718251,10.0,7.719483375549316,,,,,2.0,4.0,4.0
2025-08-05 06:47:01,1807.8254545454545,1027.7236363636364,1472.698181818182,15.424516326282173,100.0,960.7716778982856,10.0,7.72550106048584,,,,,2.0,4.0,4.0
2025-08-05 06:47:04,1807.8254545454545,1029.5854545454547,1474.56,15.434813938685693,100.0,960.8146819321067,10.0,7.71967887878418,,,,,2.0,4.0,4.0
2025-08-05 06:47:07,1805.9636363636366,1029.5854545454547,1472.698181818182,15.445111552253366,100.0,960.7765434074748,10.0,7.708992004394531,,,,,1.0,2.0,2.0
2025-08-05 06:47:10,1805.9636363636366,1029.5854545454547,1476.4218181818183,15.501748447684804,100.0,960.7561038842061,10.0,7.707025527954102,,,,,2.0,3.0,3.0
2025-08-05 06:47:13,1805.9636363636366,1029.5854545454547,1474.56,15.517194879823364,100.0,960.7800367563915,10.0,7.706521034240723,,,,,2.0,3.0,3.0
2025-08-05 06:47:16,1807.8254545454545,1027.7236363636364,1474.56,15.54808775195852,100.0,960.7737987629667,10.0,7.721263885498047,,,,,2.0,3.0,3.0
2025-08-05 06:47:19,1805.9636363636366,1027.7236363636364,1474.56,15.568683005869389,100.0,960.7516023010302,10.0,7.710238933563232,,,,,2.0,3.0,3.0
2025-08-05 06:47:22,1807.8254545454545,1027.7236363636364,1474.56,15.599575895466842,100.0,960.7724106645026,10.0,7.719501495361328,,,,,2.0,3.0,3.0
2025-08-05 06:47:25,1805.9636363636366,1029.5854545454547,1474.56,15.609873527660966,100.0,960.815419601235,10.0,7.703374862670898,,,,,2.0,3.0,3.0
2025-08-05 06:47:28,1805.9636363636366,1027.7236363636364,1474.56,15.707701091567287,100.0,960.8316972720185,10.0,7.705555438995361,,,,,2.0,3.0,3.0
2025-08-05 06:47:31,1807.8254545454545,1031.4472727272728,1476.4218181818183,15.62531997813494,100.0,960.7311293925895,10.0,7.707531929016113,,,,,2.0,4.0,4.0
2025-08-05 06:47:34,1805.9636363636366,1025.8618181818183,1472.698181818182,15.640766431228258,100.0,960.7821150889004,10.0,7.713310718536377,,,,,2.0,4.0,4.0
2025-08-05 06:47:37,1805.9636363636366,1029.5854545454547,1474.56,15.65621288694092,100.0,960.7519318131328,10.0,7.701715469360352,,,,,2.0,4.0,4.0
2025-08-05 06:47:40,1805.9636363636366,1027.7236363636364,1472.698181818182,15.651064068078995,100.0,960.7980686855162,10.0,7.707467079162598,,,,,2.0,4.0,4.0
2025-08-05 06:47:46,1805.9636363636366,1031.4472727272728,1474.56,15.563534191955114,100.0,960.7977310494285,10.0,7.699428558349609,,,,,2.0,4.0,4.0
2025-08-05 06:47:49,1807.8254545454545,1031.4472727272728,1476.4218181818183,15.558385378331877,100.0,960.7356482594868,10.0,7.709832668304443,,,,,2.0,3.0,3.0
2025-08-05 06:47:52,1807.8254545454545,1029.5854545454547,1474.56,15.58927826443687,100.0,960.7564567333449,10.0,7.714315891265869,,,,,2.0,4.0,4.0
2025-08-05 06:47:58,1804.1018181818183,1029.5854545454547,1474.56,15.573831820074702,100.0,960.7866326975536,10.0,7.694286346435547,,,,,2.0,3.0,3.0
2025-08-05 06:48:01,1805.9636363636366,1027.7236363636364,1472.698181818182,15.58927826443687,100.0,960.8376187606683,10.0,7.709623336791992,,,,,2.0,3.0,3.0
2025-08-05 06:48:04,1804.1018181818183,1027.7236363636364,1470.8363636363638,15.54808775195852,100.0,960.7737987629667,10.0,7.700674057006836,,,,,2.0,3.0,3.0
2025-08-05 06:48:07,1805.9636363636366,1031.4472727272728,1476.4218181818183,15.512046068819473,100.0,960.7720591039489,10.0,7.701171875,,,,,3.0,3.0,3.0
2025-08-05 06:48:10,1805.9636363636366,1033.309090909091,1476.4218181818183,15.481153208907926,100.0,960.6700951389304,10.0,7.696599960327148,,,,,2.0,2.0,2.0
2025-08-05 06:48:13,1805.9636363636366,1031.4472727272728,1472.698181818182,15.496599637554027,100.0,960.7481263169105,10.0,7.7016682624816895,,,,,3.0,3.0,3.0
2025-08-05 06:48:16,1804.1018181818183,1027.7236363636364,1470.8363636363638,15.45026035947376,100.0,960.7845215919423,10.0,7.704042911529541,,,,,3.0,4.0,4.0
2025-08-05 06:48:19,1805.9636363636366,1031.4472727272728,1474.56,15.424516326282173,100.0,960.7716778982856,10.0,7.704172134399414,,,,,3.0,4.0,4.0
2025-08-05 06:48:22,1805.9636363636366,1029.5854545454547,1474.56,15.455409166985191,100.0,960.7924998048178,10.0,7.708652019500732,,,,,2.0,4.0,4.0
2025-08-05 06:48:25,1805.9636363636366,1031.4472727272728,1474.56,15.522343691118294,100.0,960.7339121861816,10.0,7.700772762298584,,,,,3.0,4.0,4.0
2025-08-05 06:48:28,1805.9636363636366,1031.4472727272728,1476.4218181818183,15.491450827714289,100.0,960.7401487780014,10.0,7.701839447021484,,,,,2.0,4.0,4.0
2025-08-05 06:48:31,1805.9636363636366,1029.5854545454547,1472.698181818182,15.491450827714289,100.0,960.7130989951744,10.0,7.70733118057251,,,,,3.0,3.0,3.0
2025-08-05 06:48:34,1805.9636363636366,1029.5854545454547,1474.56,15.476004399941303,100.0,960.7703145998108,10.0,7.707921028137207,,,,,3.0,3.0,3.0
2025-08-05 06:48:37,1805.9636363636366,1029.5854545454547,1474.56,15.46570678288117,100.0,960.808456315783,10.0,7.708316802978516,,,,,2.0,3.0,3.0
2025-08-05 06:48:40,1804.1018181818183,1029.5854545454547,1472.698181818182,15.455409166985191,100.0,960.7924998048178,10.0,7.698359489440918,,,,,2.0,2.0,2.0
2025-08-05 06:48:43,1804.1018181818183,1027.7236363636364,1472.698181818182,15.460557974787662,100.0,960.7734295426407,10.0,7.703680992126465,,,,,3.0,3.0,3.0
2025-08-05 06:48:46,1805.9636363636366,1031.4472727272728,1476.4218181818183,15.45026035947376,100.0,960.7574735390527,10.0,7.703271865844727,,,,,3.0,4.0,4.0
2025-08-05 06:48:49,1807.8254545454545,1033.309090909091,1476.4218181818183,15.403921104967594,100.0,960.7397649981035,10.0,7.709624290466309,,,,,3.0,4.0,4.0
2025-08-05 06:48:52,1805.9636363636366,1027.7236363636364,1474.56,15.409069909859682,100.0,960.7747894673189,10.0,7.715742588043213,,,,,3.0,4.0,4.0
2025-08-05 06:48:55,1804.1018181818183,1029.5854545454547,1474.56,15.424516326282173,100.0,960.7716778982856,10.0,7.699397563934326,,,,,3.0,4.0,4.0
2025-08-05 06:48:58,1807.8254545454545,1029.5854545454547,1474.56,15.45026035947376,100.0,960.7845215919423,10.0,7.719117164611816,,,,,3.0,4.0,4.0
2025-08-05 06:49:01,1805.9636363636366,1029.5854545454547,1474.56,15.429665132338414,100.0,960.7796561943827,10.0,7.70952033996582,,,,,3.0,4.0,4.0
2025-08-05 06:49:04,1807.8254545454545,1033.309090909091,1476.4218181818183,15.429665132338414,100.0,960.7526090245385,10.0,7.708751201629639,,,,,3.0,4.0,4.0
2025-08-05 06:49:07,1807.8254545454545,1031.4472727272728,1474.56,15.434813938685693,100.0,960.7605871237706,10.0,7.714101314544678,,,,,3.0,4.0,4.0
2025-08-05 06:49:10,1805.9636363636366,1029.5854545454547,1472.698181818182,15.45026035947376,100.0,960.8386177519772,10.0,7.708878517150879,,,,,2.0,3.0,3.0
2025-08-05 06:49:13,1805.9636363636366,1027.7236363636364,1472.698181818182,15.491450827714289,100.0,960.7401487780014,10.0,7.712876796722412,,,,,3.0,4.0,5.0
2025-08-05 06:49:16,1807.8254545454545,1029.5854545454547,1470.8363636363638,15.476004399941303,100.0,960.7703145998108,10.0,7.718216896057129,,,,,3.0,4.0,5.0
2025-08-05 06:49:19,1805.9636363636366,1029.5854545454547,1472.698181818182,15.50689725810662,100.0,960.7640814798864,10.0,7.706857681274414,,,,,3.0,3.0,5.0
2025-08-05 06:49:22,1807.8254545454545,1029.5854545454547,1474.56,15.542938939208398,100.0,960.7658213908726,10.0,7.715917110443115,,,,,2.0,3.0,5.0
2025-08-05 06:49:25,1807.8254545454545,1029.5854545454547,1474.56,15.517194879823364,100.0,960.6988840828494,10.0,7.716724395751953,,,,,3.0,3.0,5.0
2025-08-05 06:49:28,1807.8254545454545,1029.5854545454547,1474.56,15.604724711418385,100.0,960.699223780434,10.0,7.713723182678223,,,,,2.0,3.0,5.0
2025-08-05 06:49:31,1807.8254545454545,1029.5854545454547,1474.56,15.615022344194585,100.0,960.7963417737976,10.0,7.713474273681641,,,,,2.0,3.0,5.0
2025-08-05 06:49:34,1807.8254545454545,1029.5854545454547,1474.56,15.563534191955114,100.0,960.74362526608,10.0,7.715184211730957,,,,,1.0,2.0,4.0
2025-08-05 06:49:37,1807.8254545454545,1029.5854545454547,1474.56,15.54808775195852,100.0,960.7737987629667,10.0,7.71574592590332,,,,,1.0,2.0,4.0
2025-08-05 06:49:40,1807.8254545454545,1029.5854545454547,1474.56,15.537790126749314,100.0,960.7037405167268,10.0,7.71602201461792,,,,,2.0,3.0,3.0
2025-08-05 06:49:43,1807.8254545454545,1033.309090909091,1476.4218181818183,15.517194879823364,100.0,960.7800367563915,10.0,7.705787181854248,,,,,2.0,3.0,3.0
2025-08-05 06:49:46,1805.9636363636366,1027.7236363636364,1474.56,15.50689725810662,100.0,960.7370310211955,10.0,7.712343692779541,,,,,2.0,3.0,3.0
2025-08-05 06:51:04,1811.549090909091,1031.4472727272728,1476.4218181818183,15.46570678288117,100.0,960.6732128529283,10.0,7.733541011810303,,,,,2.0,3.0,3.0
2025-08-05 06:51:10,1809.6872727272728,1029.5854545454547,1474.56,15.419367520516971,100.0,960.7636996306068,10.0,7.7304511070251465,,,,,3.0,3.0,3.0
2025-08-05 06:51:13,1809.6872727272728,1027.7236363636364,1470.8363636363638,15.398772300366545,100.0,960.7858785346981,10.0,7.736701965332031,,,,,3.0,3.0,3.0
2025-08-05 06:51:16,1809.6872727272728,1031.4472727272728,1476.4218181818183,15.388474692037562,100.0,960.7969668327653,10.0,7.726025104522705,,,,,3.0,4.0,4.0
2025-08-05 06:51:19,1809.6872727272728,1031.4472727272728,1474.56,15.378177084872732,100.0,960.7810093721606,10.0,7.726366996765137,,,,,3.0,4.0,4.0
2025-08-05 06:51:22,1811.549090909091,1031.4472727272728,1476.4218181818183,15.367879478872055,100.0,960.8191411210528,10.0,7.737053871154785,,,,,3.0,4.0,4.0
2025-08-05 06:51:25,1811.549090909091,1029.5854545454547,1474.56,15.357581874035532,100.0,960.8572712538365,10.0,7.742968559265137,,,,,3.0,4.0,4.0
2025-08-05 06:51:28,1811.549090909091,1029.5854545454547,1474.56,15.367879478872055,100.0,960.7920965641425,10.0,7.7425456047058105,,,,,3.0,4.0,4.0
2025-08-05 06:51:31,1809.6872727272728,1031.4472727272728,1474.56,15.383325888309628,100.0,960.8430785356443,10.0,7.726256370544434,,,,,3.0,4.0,4.0
2025-08-05 06:51:34,1811.549090909091,1031.4472727272728,1476.4218181818183,15.445111552253366,100.0,960.7765434074748,10.0,7.734360218048096,,,,,3.0,4.0,4.0
2025-08-05 06:51:37,1811.549090909091,1031.4472727272728,1474.56,15.460557974787662,100.0,960.7734295426407,10.0,7.733820915222168,,,,,3.0,4.0,4.0
2025-08-05 06:51:40,1811.549090909091,1031.4472727272728,1472.698181818182,15.434813938685693,100.0,960.7605871237706,10.0,7.734694004058838,,,,,3.0,4.0,4.0
2025-08-05 06:51:43,1811.549090909091,1031.4472727272728,1476.4218181818183,15.434813938685693,100.0,960.7605871237706,10.0,7.734694004058838,,,,,2.0,3.0,3.0
2025-08-05 06:51:46,1811.549090909091,1031.4472727272728,1472.698181818182,15.409069909859682,100.0,960.7477431805135,10.0,7.735561847686768,,,,,3.0,5.0,5.0
2025-08-05 06:51:49,1811.549090909091,1033.309090909091,1476.4218181818183,15.460557974787662,100.0,960.6922841407812,10.0,7.728214740753174,,,,,3.0,4.0,4.0
2025-08-05 06:51:52,1809.6872727272728,1029.5854545454547,1474.56,15.460557974787662,100.0,960.719332589982,10.0,7.728988170623779,,,,,3.0,4.0,4.0
2025-08-05 06:51:55,1811.549090909091,1033.309090909091,1478.2836363636366,15.476004399941303,100.0,960.7162163316143,10.0,7.727714538574219,,,,,2.0,4.0,4.0
2025-08-05 06:51:58,1811.549090909091,1031.4472727272728,1476.4218181818183,15.50689725810662,100.0,960.7370310211955,10.0,7.732190132141113,,,,,3.0,4.0,4.0
2025-08-05 06:52:01,1811.549090909091,1029.5854545454547,1476.4218181818183,15.542938939208398,100.0,960.7117174098707,10.0,7.736448287963867,,,,,2.0,4.0,4.0
2025-08-05 06:52:04,1811.549090909091,1027.7236363636364,1474.56,15.568683005869389,100.0,960.7516023010302,10.0,7.741124153137207,,,,,2.0,4.0,4.0
2025-08-05 06:52:07,1811.549090909091,1031.4472727272728,1476.4218181818183,15.58927826443687,100.0,960.7564567333449,10.0,7.729382514953613,,,,,3.0,4.0,4.0
2025-08-05 06:52:13,1809.6872727272728,1031.4472727272728,1478.2836363636366,15.661361706093885,100.0,960.7599082316316,10.0,7.716623306274414,,,,,2.0,3.0,3.0
2025-08-05 06:52:16,1811.549090909091,1029.5854545454547,1474.56,15.666510525537888,100.0,960.79494197659,10.0,7.732297897338867,,,,,2.0,3.0,3.0
2025-08-05 06:52:19,1811.549090909091,1031.4472727272728,1474.56,15.620171161019243,100.0,960.7231529470508,10.0,7.728289604187012,,,,,2.0,3.0,3.0
2025-08-05 06:52:22,1811.549090909091,1029.5854545454547,1476.4218181818183,15.630468795541674,100.0,960.7932173627992,10.0,7.733528137207031,,,,,2.0,4.0,4.0
2025-08-05 06:52:25,1807.8254545454545,1029.5854545454547,1474.56,15.692254627123475,100.0,960.8077673371533,10.0,7.7108354568481445,,,,,1.0,3.0,3.0
2025-08-05 06:52:28,1809.6872727272728,1029.5854545454547,1470.8363636363638,15.712849913630635,100.0,960.7314368509274,10.0,7.720337867736816,,,,,2.0,4.0,4.0
2025-08-05 06:52:31,1809.6872727272728,1027.7236363636364,1474.56,15.723147558630444,100.0,960.7744482405551,10.0,7.725554466247559,,,,,2.0,4.0,4.0
2025-08-05 06:52:34,1809.6872727272728,1031.4472727272728,1476.4218181818183,15.702552269794978,100.0,960.7425440814866,10.0,7.715188980102539,,,,,3.0,5.0,5.0
2025-08-05 06:52:37,1809.6872727272728,1029.5854545454547,1476.4218181818183,15.671659345272928,100.0,960.7217461609628,10.0,7.721747398376465,,,,,3.0,4.0,4.0
2025-08-05 06:52:43,1807.8254545454545,1025.8618181818183,1470.8363636363638,15.661361706093885,100.0,960.6787371216914,10.0,7.722789287567139,,,,,2.0,5.0,5.0
2025-08-05 06:52:46,1809.6872727272728,1027.7236363636364,1474.56,15.687105806224281,100.0,960.7997907487995,10.0,7.726820945739746,,,,,2.0,5.0,5.0
2025-08-05 06:52:49,1807.8254545454545,1029.5854545454547,1474.56,15.692254627123475,100.0,960.7536505420987,10.0,7.710774898529053,,,,,1.0,4.0,5.0
2025-08-05 06:52:52,1809.6872727272728,1029.5854545454547,1476.4218181818183,15.733445204794407,100.0,960.8174606626737,10.0,7.719724655151367,,,,,3.0,5.0,6.0
2025-08-05 06:52:55,1805.9636363636366,1025.8618181818183,1472.698181818182,15.754040500614792,100.0,960.7681832338515,10.0,7.70940637588501,,,,,2.0,4.0,5.0
2025-08-05 06:52:58,1807.8254545454545,1029.5854545454547,1474.56,15.71799873598502,100.0,960.7935316552704,10.0,7.709939002990723,,,,,2.0,5.0,6.0
2025-08-05 06:53:01,1807.8254545454545,1027.7236363636364,1470.8363636363638,15.748891676223138,100.0,960.787268245162,10.0,7.714385032653809,,,,,2.0,5.0,6.0
2025-08-05 06:53:04,1807.8254545454545,1029.5854545454547,1472.698181818182,15.748891676223138,100.0,960.787268245162,10.0,7.708870887756348,,,,,2.0,5.0,6.0
2025-08-05 06:53:07,1807.8254545454545,1027.7236363636364,1470.8363636363638,15.748891676223138,100.0,960.787268245162,10.0,7.714385032653809,,,,,2.0,5.0,6.0
2025-08-05 06:53:10,1809.6872727272728,1031.4472727272728,1472.698181818182,15.692254627123475,100.0,960.72659217172,10.0,7.715526580810547,,,,,3.0,5.0,6.0
2025-08-05 06:53:13,1809.6872727272728,1029.5854545454547,1474.56,15.723147558630444,100.0,960.8015079627841,10.0,7.720066547393799,,,,,2.0,5.0,5.0
2025-08-05 06:53:16,1809.6872727272728,1027.7236363636364,1474.56,15.759189325297484,100.0,960.776159063398,10.0,7.724315643310547,,,,,2.0,5.0,5.0
2025-08-05 06:53:19,1807.8254545454545,1027.7236363636364,1472.698181818182,15.779784626938635,100.0,960.7810005179172,10.0,7.713322162628174,,,,,3.0,5.0,5.0
2025-08-05 06:53:22,1807.8254545454545,1029.5854545454547,1474.56,15.748891676223138,100.0,960.8143290758468,10.0,7.708898067474365,,,,,2.0,5.0,5.0
2025-08-05 06:53:25,1807.8254545454545,1027.7236363636364,1472.698181818182,15.759189325297484,100.0,960.7490978182925,10.0,7.713992118835449,,,,,3.0,4.0,6.0
2025-08-05 06:53:28,1807.8254545454545,1027.7236363636364,1474.56,15.790082279505441,100.0,960.7157643549548,10.0,7.712894916534424,,,,,3.0,4.0,6.0
2025-08-05 06:53:31,1807.8254545454545,1027.7236363636364,1474.56,15.820975244190777,100.0,960.8177433428506,10.0,7.711941719055176,,,,,3.0,6.0,7.0
2025-08-05 06:53:34,1805.9636363636366,1029.5854545454547,1476.4218181818183,15.779784626938635,100.0,960.7268762795019,10.0,7.697446823120117,,,,,3.0,6.0,7.0
2025-08-05 06:53:37,1805.9636363636366,1025.8618181818183,1472.698181818182,15.743742852122523,100.0,960.7792922468533,10.0,7.709774494171143,,,,,3.0,5.0,7.0
2025-08-05 06:53:40,1805.9636363636366,1025.8618181818183,1470.8363636363638,15.779784626938635,100.0,960.6998141874504,10.0,7.708454132080078,,,,,3.0,5.0,7.0
2025-08-05 06:53:43,1807.8254545454545,1027.7236363636364,1472.698181818182,15.84671938943211,100.0,960.8034922961523,10.0,7.711045265197754,,,,,3.0,5.0,7.0
2025-08-05 06:53:46,1807.8254545454545,1029.5854545454547,1474.56,15.8003799332364,100.0,960.7317146354868,10.0,7.7070417404174805,,,,,2.0,5.0,7.0
2025-08-05 06:53:49,1807.8254545454545,1033.309090909091,1476.4218181818183,15.748891676223138,100.0,960.7602074325796,10.0,7.697805404663086,,,,,2.0,4.0,4.0
2025-08-05 06:53:52,1805.9636363636366,1029.5854545454547,1472.698181818182,15.697403448313707,100.0,960.7345681124544,10.0,7.700283050537109,,,,,3.0,5.0,5.0
2025-08-05 06:53:55,1807.8254545454545,1029.5854545454547,1474.56,15.733445204794407,100.0,960.7362801984264,10.0,7.709343910217285,,,,,3.0,5.0,5.0
2025-08-05 06:53:58,1809.6872727272728,1029.5854545454547,1476.4218181818183,15.77463580109179,100.0,960.745962897667,10.0,7.718235969543457,,,,,2.0,4.0,4.0
2025-08-05 06:54:01,1807.8254545454545,1027.7236363636364,1474.56,15.810677588131512,100.0,960.7747284729808,10.0,7.712250709533691,,,,,2.0,4.0,4.0
2025-08-05 06:54:04,1807.8254545454545,1027.7236363636364,1472.698181818182,15.887910036952235,100.0,960.7590294670875,10.0,7.709582805633545,,,,,3.0,4.0,4.0
2025-08-05 06:54:10,1805.9636363636366,1029.5854545454547,1476.4218181818183,15.8724635419494,100.0,960.7892375212909,10.0,7.694341659545898,,,,,3.0,4.0,4.0
2025-08-05 06:54:16,1807.8254545454545,1027.7236363636364,1470.8363636363638,15.779784626938635,100.0,960.8080626642806,10.0,7.713351249694824,,,,,1.0,3.0,3.0
2025-08-05 06:54:20,1807.8254545454545,1029.5854545454547,1472.698181818182,15.754040500614792,100.0,960.659939263296,10.0,7.708556175231934,,,,,2.0,4.0,4.0
2025-08-05 06:54:23,1805.9636363636366,1027.7236363636364,1472.698181818182,15.748891676223138,100.0,960.7602074325796,10.0,7.704061031341553,,,,,2.0,3.0,3.0
2025-08-05 06:54:26,1805.9636363636366,1031.4472727272728,1474.56,15.743742852122523,100.0,960.7251710904146,10.0,7.693161487579346,,,,,2.0,3.0,3.0
2025-08-05 06:54:29,1807.8254545454545,1031.4472727272728,1476.4218181818183,15.697403448313707,100.0,960.788685321925,10.0,7.705121994018555,,,,,2.0,3.0,3.0
2025-08-05 06:54:35,1805.9636363636366,1031.4472727272728,1476.4218181818183,15.671659345272928,100.0,960.7488036482174,10.0,7.695663928985596,,,,,2.0,3.0,3.0
2025-08-05 06:54:38,1807.8254545454545,1029.5854545454547,1474.56,15.65621288694092,100.0,960.6978181723488,10.0,7.711950778961182,,,,,2.0,3.0,3.0
2025-08-05 06:54:41,1807.8254545454545,1027.7236363636364,1472.698181818182,15.65621288694092,100.0,960.7519318131328,10.0,7.717535018920898,,,,,2.0,3.0,3.0
2025-08-05 06:54:44,1807.8254545454545,1027.7236363636364,1472.698181818182,15.676808165299008,100.0,960.7297222137881,10.0,7.716792106628418,,,,,2.0,3.0,3.0
2025-08-05 06:54:50,1809.6872727272728,1029.5854545454547,1474.56,15.671659345272928,100.0,960.7488036482174,10.0,7.72177267074585,,,,,2.0,3.0,3.0
2025-08-05 06:54:53,1807.8254545454545,1027.7236363636364,1472.698181818182,15.645915249508107,100.0,960.7630354580193,10.0,7.717892646789551,,,,,2.0,3.0,3.0
2025-08-05 06:54:56,1807.8254545454545,1029.5854545454547,1474.56,15.65621288694092,100.0,960.7519318131328,10.0,7.712014675140381,,,,,3.0,3.0,3.0
2025-08-05 06:54:59,1807.8254545454545,1029.5854545454547,1474.56,15.615022344194585,100.0,960.715176529844,10.0,7.713386535644531,,,,,3.0,4.0,5.0
2025-08-05 06:55:02,1807.8254545454545,1029.5854545454547,1474.56,15.651064068078995,100.0,960.7439554229509,10.0,7.71218204498291,,,,,3.0,4.0,5.0
2025-08-05 06:55:05,1807.8254545454545,1033.309090909091,1476.4218181818183,15.681956985616125,100.0,960.764756232786,10.0,7.700107097625732,,,,,3.0,4.0,5.0
2025-08-05 06:55:08,1809.6872727272728,1029.5854545454547,1474.56,15.697403448313707,100.0,960.7345681124544,10.0,7.720874786376953,,,,,3.0,4.0,5.0
2025-08-05 06:55:11,1809.6872727272728,1027.7236363636364,1470.8363636363638,15.666510525537888,100.0,960.7678846784447,10.0,7.727487564086914,,,,,3.0,4.0,5.0
2025-08-05 06:55:14,1807.8254545454545,1027.7236363636364,1470.8363636363638,15.645915249508107,100.0,960.7359790610874,10.0,7.717867851257324,,,,,3.0,4.0,5.0
2025-08-05 06:55:17,1809.6872727272728,1029.5854545454547,1476.4218181818183,15.635617613239447,100.0,960.7741383330775,10.0,7.723036766052246,,,,,3.0,4.0,5.0
2025-08-05 06:55:20,1807.8254545454545,1027.7236363636364,1472.698181818182,15.630468795541674,100.0,960.7932173627992,10.0,7.7184600830078125,,,,,3.0,4.0,5.0
2025-08-05 06:55:23,1809.6872727272728,1029.5854545454547,1476.4218181818183,15.630468795541674,100.0,960.7391058664575,10.0,7.7231764793396,,,,,2.0,3.0,3.0
2025-08-05 07:10:05,1804.1018181818183,1024.0,1472.698181818182,15.640766431228258,100.0,960.7280027275445,10.0,7.708474159240723,,,,,2.0,3.0,3.0
2025-08-05 07:10:08,1804.1018181818183,1024.0,1470.8363636363638,15.604724711418385,100.0,960.6721691859017,10.0,7.709650993347168,,,,,3.0,3.0,3.0
2025-08-05 07:10:11,1807.8254545454545,1027.7236363636364,1474.56,15.661361706093885,100.0,960.7057941402409,10.0,7.717297554016113,,,,,2.0,3.0,3.0
2025-08-05 07:10:14,1805.9636363636366,1027.7236363636364,1474.56,15.676808165299008,100.0,960.7297222137881,10.0,7.706502914428711,,,,,2.0,3.0,3.0
2025-08-05 07:10:17,1805.9636363636366,1024.0,1472.698181818182,15.666510525537888,100.0,960.6867128925934,10.0,7.717843055725098,,,,,2.0,3.0,3.0
2025-08-05 07:10:20,1804.1018181818183,1024.0,1472.698181818182,15.65621288694092,100.0,960.7248749836923,10.0,7.707942962646484,,,,,2.0,3.0,3.0
2025-08-05 07:10:23,1805.9636363636366,1025.8618181818183,1472.698181818182,15.65621288694092,100.0,960.7248749836923,10.0,7.71272087097168,,,,,3.0,4.0,4.0
2025-08-05 07:10:26,1802.24,1024.0,1472.698181818182,15.651064068078995,100.0,960.6898422327719,10.0,7.697788715362549,,,,,3.0,4.0,4.0
2025-08-05 07:10:29,1807.8254545454545,1025.8618181818183,1472.698181818182,15.635617613239447,100.0,960.6929704940922,10.0,7.723688125610352,,,,,3.0,3.0,3.0
2025-08-05 07:10:32,1805.9636363636366,1027.7236363636364,1474.56,15.635617613239447,100.0,960.7470823686532,10.0,7.70793342590332,,,,,2.0,3.0,3.0
2025-08-05 07:10:35,1805.9636363636366,1025.8618181818183,1470.8363636363638,15.635617613239447,100.0,960.7200264223247,10.0,7.713422775268555,,,,,3.0,3.0,3.0
2025-08-05 07:10:38,1805.9636363636366,1024.0,1472.698181818182,15.615022344194585,100.0,960.715176529844,10.0,7.719645023345947,,,,,3.0,4.0,4.0
2025-08-05 07:10:41,1805.9636363636366,1024.0,1472.698181818182,15.62531997813494,100.0,960.7311293925895,10.0,7.719305992126465,,,,,3.0,4.0,4.0
2025-08-05 07:10:44,1805.9636363636366,1025.8618181818183,1472.698181818182,15.630468795541674,100.0,960.6849944424977,10.0,7.713558197021484,,,,,3.0,4.0,4.0
2025-08-05 07:10:47,1805.9636363636366,1024.0,1470.8363636363638,15.609873527660966,100.0,960.7613098349145,10.0,7.719867706298828,,,,,3.0,3.0,3.0
2025-08-05 07:10:50,1807.8254545454545,1029.5854545454547,1474.56,15.584129449358443,100.0,960.7214260626592,10.0,7.714449405670166,,,,,1.0,2.0,2.0
2025-08-05 07:10:53,1805.9636363636366,1024.0,1470.8363636363638,15.542938939208398,100.0,960.6576135012309,10.0,7.722055912017822,,,,,2.0,3.0,3.0
2025-08-05 07:10:56,1807.8254545454545,1025.8618181818183,1472.698181818182,15.558385378331877,100.0,960.6815429990919,10.0,7.726326942443848,,,,,2.0,3.0,3.0
2025-08-05 07:10:59,1805.9636363636366,1024.0,1472.698181818182,15.594427079806337,100.0,960.7644336847517,10.0,7.720402240753174,,,,,2.0,3.0,3.0
2025-08-05 07:11:02,1805.9636363636366,1024.0,1472.698181818182,15.604724711418385,100.0,960.699223780434,10.0,7.719975471496582,,,,,2.0,3.0,3.0
2025-08-05 07:15:26,1805.9636363636366,1024.0,1470.8363636363638,15.810677588131512,100.0,960.74766502903,10.0,7.7129597663879395,,,,,2.0,3.0,4.0
2025-08-05 07:15:29,1805.9636363636366,1024.0,1470.8363636363638,15.826124072656967,100.0,960.7174626457081,10.0,7.712400436401367,,,,,2.0,3.0,4.0
2025-08-05 07:15:32,1807.8254545454545,1029.5854545454547,1472.698181818182,15.8003799332364,100.0,960.7317146354868,10.0,7.7070417404174805,,,,,2.0,4.0,4.0
2025-08-05 07:15:35,1805.9636363636366,1025.8618181818183,1472.698181818182,15.790082279505441,100.0,960.7698894584239,10.0,7.708176612854004,,,,,2.0,5.0,5.0
2025-08-05 07:15:38,1805.9636363636366,1024.0,1470.8363636363638,15.836421730462462,100.0,960.7334124204256,10.0,7.71205997467041,,,,,3.0,5.0,5.0
2025-08-05 07:15:41,1807.8254545454545,1022.1381818181819,1468.9745454545455,15.805528760538436,100.0,960.7667530367659,10.0,7.728971481323242,,,,,2.0,5.0,5.0
2025-08-05 07:15:44,1805.9636363636366,1024.0,1470.8363636363638,15.8003799332364,100.0,960.7046516602767,10.0,7.713263988494873,,,,,3.0,5.0,5.0
2025-08-05 07:15:47,1807.8254545454545,1024.0,1468.9745454545455,15.8003799332364,100.0,960.758777628802,10.0,7.7236223220825195,,,,,3.0,5.0,5.0
2025-08-05 07:15:50,1802.24,1025.8618181818183,1470.8363636363638,15.784933453076519,100.0,960.7077892570732,10.0,7.6876912117004395,,,,,3.0,4.0,4.0
2025-08-05 07:15:56,1807.8254545454545,1024.0,1470.8363636363638,15.826124072656967,100.0,960.7715908312042,10.0,7.72274923324585,,,,,2.0,3.0,3.0
2025-08-05 07:15:59,1805.9636363636366,1025.8618181818183,1472.698181818182,15.831272901414195,100.0,960.8066305003113,10.0,7.706800937652588,,,,,3.0,4.0,4.0
2025-08-05 07:16:02,1807.8254545454545,1025.8618181818183,1472.698181818182,15.795231106225401,100.0,960.7237394810934,10.0,7.7182440757751465,,,,,1.0,2.0,2.0
2025-08-05 07:16:05,1805.9636363636366,1025.8618181818183,1470.8363636363638,15.784933453076519,100.0,960.7077892570732,10.0,7.708280563354492,,,,,1.0,3.0,3.0
2025-08-05 07:16:08,1807.8254545454545,1025.8618181818183,1470.8363636363638,15.779784626938635,100.0,960.7268762795019,10.0,7.71877908706665,,,,,3.0,4.0,4.0
2025-08-05 07:16:11,1807.8254545454545,1027.7236363636364,1474.56,15.764338150271215,100.0,960.7300119984807,10.0,7.713793754577637,,,,,2.0,4.0,4.0
2025-08-05 07:16:14,1809.6872727272728,1024.0,1472.698181818182,15.779784626938635,100.0,960.7268762795019,10.0,7.734586715698242,,,,,3.0,4.0,4.0
2025-08-05 07:16:17,1807.8254545454545,1022.1381818181819,1470.8363636363638,15.851868219353491,100.0,960.7573372942736,10.0,7.727373123168945,,,,,2.0,3.0,3.0
2025-08-05 07:16:20,1807.8254545454545,1024.0,1470.8363636363638,15.841570559801767,100.0,960.7413873501407,10.0,7.722190856933594,,,,,3.0,5.0,5.0
2025-08-05 07:16:23,1807.8254545454545,1024.0,1470.8363636363638,15.851868219353491,100.0,960.7844025045725,10.0,7.721884250640869,,,,,3.0,5.0,5.0
2025-08-05 07:16:26,1805.9636363636366,1022.1381818181819,1467.1127272727272,15.810677588131512,100.0,960.801791935037,10.0,7.718535423278809,,,,,3.0,4.0,4.0
2025-08-05 07:17:32,1809.6872727272728,1025.8618181818183,1472.698181818182,15.77463580109179,100.0,960.745962897667,10.0,7.729267120361328,,,,,2.0,3.0,3.0
2025-08-05 07:17:35,1809.6872727272728,1024.0,1468.9745454545455,15.738594028312946,100.0,960.690135245252,10.0,7.7359619140625,,,,,2.0,3.0,3.0
2025-08-05 07:17:38,1809.6872727272728,1025.8618181818183,1472.698181818182,15.759189325297484,100.0,960.7490978182925,10.0,7.729803085327148,,,,,2.0,3.0,3.0
2025-08-05 07:17:41,1809.6872727272728,1025.8618181818183,1474.56,15.733445204794407,100.0,960.6821599794351,10.0,7.730613708496094,,,,,1.0,2.0,2.0
2025-08-05 07:17:44,1809.6872727272728,1025.8618181818183,1470.8363636363638,15.779784626938635,100.0,960.7810005179172,10.0,7.729125499725342,,,,,2.0,4.0,4.0
2025-08-05 07:17:47,1809.6872727272728,1025.8618181818183,1470.8363636363638,15.784933453076519,100.0,960.7619139099108,10.0,7.728933334350586,,,,,1.0,3.0,3.0
2025-08-05 07:17:50,1809.6872727272728,1024.0,1470.8363636363638,15.893058869201923,100.0,960.7670042284051,10.0,7.730745315551758,,,,,1.0,3.0,3.0
2025-08-05 07:17:53,1809.6872727272728,1024.0,1470.8363636363638,15.923951868811855,100.0,960.7065802552527,10.0,7.729615688323975,,,,,1.0,3.0,3.0
2025-08-05 07:17:56,1809.6872727272728,1025.8618181818183,1472.698181818182,15.97544022477814,100.0,960.7051106784286,10.0,7.722333908081055,,,,,2.0,4.0,4.0
2025-08-05 07:18:02,1809.6872727272728,1024.0,1470.8363636363638,15.97544022477814,100.0,960.7051106784286,10.0,7.727849960327148,,,,,1.0,3.0,3.0
2025-08-05 07:18:05,1809.6872727272728,1025.8618181818183,1470.8363636363638,15.98058906197548,100.0,960.7401550222343,10.0,7.722195148468018,,,,,3.0,4.0,4.0
2025-08-05 07:18:08,1807.8254545454545,1024.0,1468.9745454545455,15.970291387871839,100.0,960.7512775210745,10.0,7.717782020568848,,,,,2.0,3.0,3.0
2025-08-05 07:18:11,1809.6872727272728,1025.8618181818183,1470.8363636363638,15.913654201111058,100.0,960.7177000304962,10.0,7.724466323852539,,,,,3.0,4.0,4.0
2025-08-05 07:18:14,1805.9636363636366,1024.0,1472.698181818182,15.934249537676806,100.0,960.7225283983395,10.0,7.7086920738220215,,,,,2.0,3.0,3.0
2025-08-05 07:18:17,1809.6872727272728,1024.0,1470.8363636363638,15.908505367697217,100.0,960.7367934306462,10.0,7.730180740356445,,,,,2.0,4.0,4.0
2025-08-05 07:18:20,1807.8254545454545,1022.1381818181819,1470.8363636363638,15.934249537676806,100.0,960.7766658301585,10.0,7.724562644958496,,,,,1.0,3.0,3.0
2025-08-05 07:18:23,1809.6872727272728,1025.8618181818183,1472.698181818182,15.990886737243272,100.0,960.7561028840354,10.0,7.721859931945801,,,,,2.0,4.0,4.0
2025-08-05 07:18:26,1809.6872727272728,1029.5854545454547,1474.56,15.985737899463857,100.0,960.6939871454986,10.0,7.710933685302734,,,,,2.0,3.0,3.0
2025-08-05 07:18:29,1807.8254545454545,1024.0,1472.698181818182,15.996035575313726,100.0,960.7640768571911,10.0,7.716912269592285,,,,,2.0,3.0,3.0
2025-08-05 07:18:32,1807.8254545454545,1022.1381818181819,1468.9745454545455,16.057821654860163,100.0,960.7785446041555,10.0,7.720325469970703,,,,,2.0,3.0,3.0
2025-08-05 07:22:53,1807.8254545454545,1024.0,1470.8363636363638,16.083565867040306,100.0,960.7101127782194,10.0,7.713852882385254,,,,,3.0,3.0,3.0
2025-08-05 07:22:56,1809.6872727272728,1022.1381818181819,1470.8363636363638,16.0784170240222,100.0,960.6209154529636,10.0,7.729739189147949,,,,,3.0,3.0,3.0
2025-08-05 07:22:59,1807.8254545454545,1022.1381818181819,1472.698181818182,16.08871471034945,100.0,960.6910103948617,10.0,7.7191667556762695,,,,,2.0,3.0,3.0
2025-08-05 07:23:02,1807.8254545454545,1024.0,1470.8363636363638,16.09386355394963,100.0,960.6448321321694,10.0,7.713424205780029,,,,,3.0,3.0,3.0
2025-08-05 07:23:05,1807.8254545454545,1022.1381818181819,1470.8363636363638,16.119607776316116,100.0,960.6846938265895,10.0,7.718103408813477,,,,,2.0,3.0,4.0
2025-08-05 07:23:08,1809.6872727272728,1025.8618181818183,1472.698181818182,16.10416124202311,100.0,960.6607767255866,10.0,7.717865943908691,,,,,2.0,3.0,4.0
2025-08-05 07:23:11,1807.8254545454545,1025.8618181818183,1472.698181818182,16.0784170240222,100.0,960.6209154529636,10.0,7.70841121673584,,,,,2.0,3.0,4.0
2025-08-05 07:23:14,1809.6872727272728,1022.1381818181819,1472.698181818182,16.068119338859105,100.0,960.6861942396937,10.0,7.730165958404541,,,,,2.0,3.0,4.0
2025-08-05 07:23:17,1807.8254545454545,1022.1381818181819,1470.8363636363638,16.047523972025374,100.0,960.6813767500546,10.0,7.720576286315918,,,,,2.0,3.0,4.0
2025-08-05 07:23:20,1807.8254545454545,1022.1381818181819,1472.698181818182,16.05267281329725,100.0,960.6081285557016,10.0,7.7203168869018555,,,,,2.0,2.0,3.0
2025-08-05 07:23:23,1805.9636363636366,1022.1381818181819,1470.8363636363638,16.124756621662527,100.0,960.719743076784,10.0,7.707669258117676,,,,,2.0,2.0,4.0
2025-08-05 07:23:26,1807.8254545454545,1024.0,1472.698181818182,16.129905467299977,100.0,960.6464846508915,10.0,7.712192058563232,,,,,2.0,2.0,3.0
2025-08-05 07:23:29,1805.9636363636366,1020.2763636363636,1470.8363636363638,16.140203159447992,100.0,960.6624287364893,10.0,7.712591171264648,,,,,2.0,2.0,3.0
2025-08-05 07:23:32,1805.9636363636366,1022.1381818181819,1470.8363636363638,16.099012397840852,100.0,960.6798801150551,10.0,7.708504676818848,,,,,2.0,2.0,2.0
2025-08-05 07:23:35,1805.9636363636366,1020.2763636363636,1468.9745454545455,16.05267281329725,100.0,960.7164234255256,10.0,7.7156572341918945,,,,,3.0,3.0,3.0
2025-08-05 07:23:38,1804.1018181818183,1022.1381818181819,1470.8363636363638,16.032077449955977,100.0,960.6845309696927,10.0,7.7005157470703125,,,,,3.0,3.0,3.0
2025-08-05 07:23:41,1804.1018181818183,1020.2763636363636,1467.1127272727272,16.026928609848255,100.0,960.6765579261036,10.0,7.706201553344727,,,,,3.0,3.0,3.0
2025-08-05 07:23:44,1802.24,1029.5854545454547,1476.4218181818183,15.985737899463857,100.0,960.6398454244114,10.0,7.6696929931640625,,,,,3.0,4.0,4.0
2025-08-05 07:23:47,1807.8254545454545,1025.8618181818183,1472.698181818182,15.97544022477814,100.0,960.7321811335933,10.0,7.712069511413574,,,,,3.0,4.0,4.0
2025-08-05 07:23:50,1805.9636363636366,1020.2763636363636,1468.9745454545455,15.918803034815937,100.0,960.6715382132511,10.0,7.720203876495361,,,,,3.0,4.0,4.0
2025-08-05 07:41:51,1809.6872727272728,1018.4145454545455,1470.8363636363638,16.855895615764894,100.0,960.6864801943864,10.0,7.714165687561035,,,,,2.0,3.0,3.0
2025-08-05 07:41:57,1811.549090909091,1018.4145454545455,1468.9745454545455,16.840448956616456,100.0,960.6354721250304,10.0,7.724929332733154,,,,,2.0,4.0,4.0
2025-08-05 07:42:03,1811.549090909091,1022.1381818181819,1470.8363636363638,16.809555646177614,100.0,960.6960970369149,10.0,7.715023040771484,,,,,3.0,5.0,5.0
2025-08-05 07:42:06,1811.549090909091,1020.2763636363636,1467.1127272727272,16.81470453052316,100.0,960.6769581145809,10.0,7.720344066619873,,,,,3.0,5.0,5.0
2025-08-05 07:42:12,1811.549090909091,1020.2763636363636,1470.8363636363638,16.79925787835964,100.0,960.6530567346848,10.0,7.7208476066589355,,,,,2.0,5.0,5.0
2025-08-05 07:42:15,1813.4109090909092,1018.4145454545455,1470.8363636363638,16.783811228815466,100.0,960.6291556050902,10.0,7.7371649742126465,,,,,1.0,4.0,4.0
2025-08-05 07:42:21,1811.549090909091,1020.2763636363636,1468.9745454545455,16.83530007081572,100.0,960.6546126571792,10.0,7.719608783721924,,,,,2.0,5.0,5.0
2025-08-05 07:42:24,1813.4109090909092,1020.2763636363636,1470.8363636363638,16.86619338998571,100.0,960.6753056278777,10.0,7.728874206542969,,,,,3.0,6.0,6.0
2025-08-05 07:42:30,1811.549090909091,1022.1381818181819,1468.9745454545455,16.81470453052316,100.0,960.6498518305579,10.0,7.7147979736328125,,,,,2.0,4.0,4.0
2025-08-05 07:42:33,1813.4109090909092,1020.2763636363636,1470.8363636363638,16.752917937585153,100.0,960.6355613097429,10.0,7.732710361480713,,,,,2.0,4.0,4.0
2025-08-05 07:42:36,1813.4109090909092,1020.2763636363636,1468.9745454545455,16.737471295899013,100.0,960.7200715174279,10.0,7.733340263366699,,,,,2.0,4.0,4.0
2025-08-05 07:42:39,1813.4109090909092,1024.0,1470.8363636363638,16.716875777725363,100.0,960.7153014547217,10.0,7.72300910949707,,,,,2.0,4.0,4.0
2025-08-05 07:42:45,1813.4109090909092,1020.2763636363636,1468.9745454545455,16.685982509196037,100.0,960.7487950880356,10.0,7.73513650894165,,,,,2.0,3.0,3.0
2025-08-05 07:42:51,1811.549090909091,1018.4145454545455,1468.9745454545455,16.685982509196037,100.0,960.7487950880356,10.0,7.730358123779297,,,,,2.0,3.0,3.0
2025-08-05 07:42:54,1813.4109090909092,1018.4145454545455,1467.1127272727272,16.696280264208326,100.0,960.710530052526,10.0,7.74025821685791,,,,,2.0,3.0,3.0
2025-08-05 07:42:57,1815.2727272727273,1024.0,1472.698181818182,16.65508925114409,100.0,960.7009832302994,10.0,7.735406875610352,,,,,2.0,3.0,3.0
2025-08-05 07:43:00,1815.2727272727273,1025.8618181818183,1472.698181818182,16.634493751596892,100.0,960.6691092159646,10.0,7.730558395385742,,,,,2.0,3.0,3.0
2025-08-05 07:43:03,1813.4109090909092,1020.2763636363636,1468.9745454545455,16.619047129992396,100.0,960.699399853016,10.0,7.737379550933838,,,,,2.0,4.0,4.0
2025-08-05 07:43:09,1813.4109090909092,1020.2763636363636,1468.9745454545455,16.660238126758486,100.0,960.7089518035781,10.0,7.73597526550293,,,,,2.0,3.0,3.0
2025-08-05 07:43:12,1813.4109090909092,1022.1381818181819,1470.8363636363638,16.691131386556663,100.0,960.702561734979,10.0,7.7293901443481445,,,,,2.0,3.0,3.0
2025-08-05 07:43:15,1813.4109090909092,1020.2763636363636,1470.8363636363638,16.685982509196037,100.0,960.6674926511528,10.0,7.735046863555908,,,,,3.0,4.0,4.0
2025-08-05 07:43:18,1815.2727272727273,1022.1381818181819,1470.8363636363638,16.696280264208326,100.0,960.6834288075854,10.0,7.7394866943359375,,,,,3.0,3.0,3.0
2025-08-05 07:43:24,1813.4109090909092,1020.2763636363636,1470.8363636363638,16.685982509196037,100.0,960.694593445291,10.0,7.735075950622559,,,,,3.0,4.0,4.0
2025-08-05 07:43:27,1813.4109090909092,1020.2763636363636,1468.9745454545455,16.691131386556663,100.0,960.702561734979,10.0,7.734910011291504,,,,,3.0,4.0,4.0
2025-08-05 07:43:33,1815.2727272727273,1020.2763636363636,1468.9745454545455,16.706578020384768,100.0,960.6722633978593,10.0,7.744639873504639,,,,,2.0,3.0,4.0
2025-08-05 07:43:39,1813.4109090909092,1018.4145454545455,1468.9745454545455,16.747769056732068,100.0,960.681800872852,10.0,7.7384562492370605,,,,,2.0,3.0,5.0
2025-08-05 07:43:45,1813.4109090909092,1018.4145454545455,1467.1127272727272,16.72717353623011,100.0,960.7041353661896,10.0,7.7391862869262695,,,,,2.0,3.0,5.0
2025-08-05 07:43:51,1813.4109090909092,1020.2763636363636,1468.9745454545455,16.706578020384768,100.0,960.7264667711922,10.0,7.734405994415283,,,,,2.0,3.0,4.0
2025-08-05 07:43:57,1815.2727272727273,1022.1381818181819,1470.8363636363638,16.72717353623011,100.0,960.6770328051452,10.0,7.73842191696167,,,,,2.0,3.0,3.0
2025-08-05 07:44:03,1813.4109090909092,1018.4145454545455,1468.9745454545455,16.696280264208326,100.0,960.6834288075854,10.0,7.740231513977051,,,,,1.0,2.0,2.0
2025-08-05 07:44:09,1813.4109090909092,1018.4145454545455,1467.1127272727272,16.66538700266392,100.0,960.6627205651843,10.0,7.741261005401611,,,,,1.0,2.0,2.0
2025-08-05 07:44:15,1813.4109090909092,1022.1381818181819,1472.698181818182,16.644791500788415,100.0,960.6850461673721,10.0,7.730959892272949,,,,,1.0,2.0,2.0
2025-08-05 07:44:18,1813.4109090909092,1020.2763636363636,1468.9745454545455,16.634493751596892,100.0,960.6420106394967,10.0,7.736783981323242,,,,,1.0,2.0,2.0
2025-08-05 07:44:24,1815.2727272727273,1020.2763636363636,1470.8363636363638,16.613898256706307,100.0,960.664333340821,10.0,7.747813701629639,,,,,1.0,1.0,1.0
2025-08-05 07:44:30,1815.2727272727273,1022.1381818181819,1470.8363636363638,16.56755841022823,100.0,960.6739045182829,10.0,7.743894577026367,,,,,2.0,2.0,2.0
2025-08-05 07:44:36,1813.4109090909092,1020.2763636363636,1468.9745454545455,16.572707280894974,100.0,960.6005857403038,10.0,7.738856792449951,,,,,1.0,1.0,1.0
2025-08-05 07:44:39,1815.2727272727273,1020.2763636363636,1470.8363636363638,16.59845163859427,100.0,960.6675248163858,10.0,7.748345375061035,,,,,2.0,3.0,3.0
2025-08-05 07:44:42,1815.2727272727273,1018.4145454545455,1468.9745454545455,16.619047129992396,100.0,960.6452039979912,10.0,7.7531280517578125,,,,,2.0,3.0,3.0
2025-08-05 07:44:45,1813.4109090909092,1018.4145454545455,1468.9745454545455,16.624196003569523,100.0,960.6531723760946,10.0,7.7426652908325195,,,,,1.0,2.0,2.0
2025-08-05 07:44:51,1815.2727272727273,1020.2763636363636,1470.8363636363638,16.619047129992396,100.0,960.6452039979912,10.0,7.747613906860352,,,,,1.0,2.0,2.0
2025-08-05 08:01:18,1802.24,1009.1054545454546,1463.389090909091,17.226616221130826,100.0,960.5549463256358,10.0,7.6876983642578125,,,,,2.0,4.0,5.0
2025-08-05 08:01:21,1802.24,1009.1054545454546,1459.6654545454546,17.211169499118114,100.0,960.5310572300529,10.0,7.688198566436768,,,,,2.0,4.0,6.0
2025-08-05 08:01:24,1800.3781818181817,1009.1054545454546,1461.5272727272727,17.20602059236262,100.0,960.468848456027,10.0,7.678010940551758,,,,,2.0,4.0,6.0
2025-08-05 08:01:27,1800.3781818181817,1009.1054545454546,1463.389090909091,17.211169499118114,100.0,960.5310572300529,10.0,7.6779046058654785,,,,,3.0,5.0,5.0
2025-08-05 08:01:30,1800.3781818181817,1009.1054545454546,1461.5272727272727,17.211169499118114,100.0,960.5310572300529,10.0,7.6779046058654785,,,,,2.0,4.0,4.0
2025-08-05 08:01:33,1800.3781818181817,1010.9672727272728,1461.5272727272727,17.226616221130826,100.0,960.6091939993837,10.0,7.6719441413879395,,,,,2.0,3.0,3.0
2025-08-05 08:01:36,1802.24,1010.9672727272728,1461.5272727272727,17.26265858268016,100.0,960.5564377579656,10.0,7.680939197540283,,,,,2.0,3.0,3.0
2025-08-05 08:01:39,1800.3781818181817,1010.9672727272728,1461.5272727272727,17.26265858268016,100.0,960.5293124065905,10.0,7.670623779296875,,,,,2.0,3.0,3.0
2025-08-05 08:01:42,1798.5163636363638,1009.1054545454546,1461.5272727272727,17.27295640288503,100.0,960.5723634445333,10.0,7.665534973144531,,,,,2.0,3.0,3.0
2025-08-05 08:01:45,1800.3781818181817,1009.1054545454546,1461.5272727272727,17.27810531342402,100.0,960.5532003014831,10.0,7.675638675689697,,,,,3.0,3.0,3.0
2025-08-05 08:01:48,1800.3781818181817,1009.1054545454546,1461.5272727272727,17.252360763639444,100.0,960.5676371004755,10.0,7.676535606384277,,,,,3.0,3.0,3.0
2025-08-05 08:01:51,1800.3781818181817,1009.1054545454546,1463.389090909091,17.23691403726116,100.0,960.5437482669704,10.0,7.6770405769348145,,,,,2.0,3.0,3.0
2025-08-05 08:01:57,1800.3781818181817,1009.1054545454546,1461.5272727272727,17.221467313502217,100.0,960.5469832661515,10.0,7.677574157714844,,,,,3.0,3.0,3.0
2025-08-05 08:02:00,1802.24,1009.1054545454546,1459.6654545454546,17.221467313502217,100.0,960.5469832661515,10.0,7.687863349914551,,,,,2.0,3.0,3.0
2025-08-05 08:02:03,1800.3781818181817,1007.2436363636364,1459.6654545454546,17.231765129050473,100.0,960.5629094127407,10.0,7.682748317718506,,,,,3.0,3.0,3.0
2025-08-05 08:02:06,1798.5163636363638,1005.3818181818183,1457.8036363636365,17.226616221130826,100.0,960.5278225160422,10.0,7.678112983703613,,,,,3.0,3.0,3.0
2025-08-05 08:02:09,1800.3781818181817,1010.9672727272728,1463.389090909091,17.26265858268016,100.0,960.5564377579656,10.0,7.670649528503418,,,,,2.0,3.0,3.0
2025-08-05 08:02:12,1800.3781818181817,1009.1054545454546,1461.5272727272727,17.28325422425405,100.0,960.5340367533119,10.0,7.675433158874512,,,,,2.0,3.0,3.0
2025-08-05 08:02:15,1800.3781818181817,1005.3818181818183,1459.6654545454546,17.314147695346037,100.0,960.4733019319475,10.0,7.685340881347656,,,,,2.0,3.0,3.0
2025-08-05 08:02:21,1798.5163636363638,1007.2436363636364,1459.6654545454546,17.417126007989282,100.0,960.5240143077742,10.0,7.666048526763916,,,,,2.0,3.0,3.0
2025-08-05 08:02:24,1800.3781818181817,1009.1054545454546,1461.5272727272727,17.355339006433496,100.0,960.5641260439828,10.0,7.6729912757873535,,,,,2.0,3.0,3.0
2025-08-05 08:02:27,1800.3781818181817,1007.2436363636364,1459.6654545454546,17.381083585321903,100.0,960.631067777193,10.0,7.677696704864502,,,,,1.0,3.0,3.0
2025-08-05 08:02:30,1800.3781818181817,1010.9672727272728,1461.5272727272727,17.375934668962145,100.0,960.5417145813217,10.0,7.666746616363525,,,,,2.0,3.0,3.0
2025-08-05 08:02:33,1800.3781818181817,1007.2436363636364,1459.6654545454546,17.411977089592256,100.0,960.5160529333557,10.0,7.676507949829102,,,,,2.0,3.0,3.0
2025-08-05 08:02:36,1800.3781818181817,1010.9672727272728,1463.389090909091,17.375934668962145,100.0,960.5417145813217,10.0,7.666746616363525,,,,,2.0,3.0,3.0
2025-08-05 08:02:39,1800.3781818181817,1009.1054545454546,1461.5272727272727,17.391381418914534,100.0,960.5384693774786,10.0,7.671727180480957,,,,,2.0,3.0,3.0
2025-08-05 08:02:42,1800.3781818181817,1009.1054545454546,1461.5272727272727,17.453168444917537,100.0,960.6068782292979,10.0,7.6696882247924805,,,,,2.0,3.0,3.0
2025-08-05 08:02:45,1800.3781818181817,1009.1054545454546,1457.8036363636365,17.514955512830056,100.0,960.6210132349078,10.0,7.66757869720459,,,,,2.0,3.0,3.0
2025-08-05 08:02:48,1802.24,1010.9672727272728,1463.389090909091,17.5407001368294,100.0,960.5522717551925,10.0,7.671398639678955,,,,,2.0,4.0,4.0
2025-08-05 08:02:51,1800.3781818181817,1005.3818181818183,1457.8036363636365,17.571593695232878,100.0,960.4914821794092,10.0,7.676526069641113,,,,,2.0,4.0,4.0
2025-08-05 08:02:54,1798.5163636363638,1007.2436363636364,1461.5272727272727,17.581891550362343,100.0,960.5616801386863,10.0,7.66043758392334,,,,,2.0,4.0,4.0
2025-08-05 08:02:57,1800.3781818181817,1005.3818181818183,1459.6654545454546,17.602487264113734,100.0,960.539242424645,10.0,7.675518035888672,,,,,3.0,4.0,4.0
2025-08-05 08:03:00,1798.5163636363638,1007.2436363636364,1461.5272727272727,17.571593695232878,100.0,960.4914821794092,10.0,7.6607136726379395,,,,,2.0,3.0,3.0
2025-08-05 08:03:03,1800.3781818181817,1007.2436363636364,1457.8036363636365,17.535551211447455,100.0,960.5714481014634,10.0,7.672332286834717,,,,,3.0,5.0,5.0
2025-08-05 08:03:06,1800.3781818181817,1010.9672727272728,1461.5272727272727,17.550997988466406,100.0,960.5410555149498,10.0,7.660738945007324,,,,,2.0,4.0,4.0
2025-08-05 08:03:09,1800.3781818181817,1009.1054545454546,1461.5272727272727,17.587040478363633,100.0,960.5153621784556,10.0,7.664988040924072,,,,,3.0,5.0,5.0
2025-08-05 08:03:12,1800.3781818181817,1007.2436363636364,1459.6654545454546,17.587040478363633,100.0,960.4610838129453,10.0,7.670447826385498,,,,,2.0,4.0,4.0
2025-08-05 08:03:15,1800.3781818181817,1007.2436363636364,1457.8036363636365,17.556146914721467,100.0,960.5218781601329,10.0,7.671570777893066,,,,,2.0,3.0,3.0
2025-08-05 08:03:18,1798.5163636363638,1009.1054545454546,1459.6654545454546,17.571593695232878,100.0,960.5728978348942,10.0,7.655282020568848,,,,,2.0,3.0,3.0
2025-08-05 08:03:21,1800.3781818181817,1007.2436363636364,1459.6654545454546,17.566444768104702,100.0,960.5649372137003,10.0,7.671263694763184,,,,,2.0,3.0,3.0
2025-08-05 08:09:00,1796.6545454545455,1003.5200000000001,1455.9418181818182,17.73121058056131,100.0,960.5210905451102,10.0,7.656005382537842,,,,,3.0,5.0,6.0
2025-08-05 08:09:06,1798.5163636363638,1005.3818181818183,1459.6654545454546,17.684870165685425,100.0,960.4766039589022,10.0,7.662322998046875,,,,,3.0,5.0,6.0
2025-08-05 08:09:09,1796.6545454545455,1003.5200000000001,1457.8036363636365,17.69001909950748,100.0,960.4574193822882,10.0,7.657348155975342,,,,,3.0,5.0,5.0
2025-08-05 08:09:12,1794.7927272727272,999.7963636363637,1454.0800000000002,17.720912708551623,100.0,960.5051725899826,10.0,7.657077789306641,,,,,3.0,5.0,6.0
2025-08-05 08:09:15,1796.6545454545455,1003.5200000000001,1457.8036363636365,17.73635951700271,100.0,960.4476128623807,10.0,7.655747413635254,,,,,3.0,5.0,6.0
2025-08-05 08:09:18,1794.7927272727272,1001.6581818181819,1454.0800000000002,17.695168033620575,100.0,960.4925219813258,10.0,7.652431964874268,,,,,3.0,5.0,6.0
2025-08-05 08:09:21,1794.7927272727272,1003.5200000000001,1455.9418181818182,17.664274433307583,100.0,960.4719107079472,10.0,7.64795446395874,,,,,3.0,6.0,6.0
2025-08-05 08:09:24,1794.7927272727272,1005.3818181818183,1459.6654545454546,17.746657390758628,100.0,960.3820917384883,10.0,7.639508247375488,,,,,3.0,5.0,5.0
2025-08-05 08:09:27,1792.9309090909092,1003.5200000000001,1454.0800000000002,17.73121058056131,100.0,960.3853639280172,10.0,7.635261535644531,,,,,2.0,3.0,4.0
2025-08-05 08:09:31,1794.7927272727272,1003.5200000000001,1457.8036363636365,17.746657390758628,100.0,960.4363836472157,10.0,7.645087242126465,,,,,3.0,4.0,4.0
2025-08-05 08:09:34,1792.9309090909092,999.7963636363637,1452.2181818181818,17.787848897423828,100.0,960.445754488004,10.0,7.644420623779297,,,,,2.0,3.0,4.0
2025-08-05 08:09:37,1794.7927272727272,1005.3818181818183,1455.9418181818182,17.76725314176292,100.0,960.4139228942182,10.0,7.638843059539795,,,,,2.0,3.0,4.0
2025-08-05 08:09:40,1791.069090909091,1003.5200000000001,1455.9418181818182,17.74150845373515,100.0,960.4827170063562,10.0,7.624725341796875,,,,,1.0,3.0,3.0
2025-08-05 08:09:43,1796.6545454545455,1007.2436363636364,1459.6654545454546,17.73121058056131,100.0,960.4125092150042,10.0,7.644848823547363,,,,,1.0,3.0,3.0
2025-08-05 08:09:46,1794.7927272727272,1005.3818181818183,1454.0800000000002,17.73635951700271,100.0,960.5290495637698,10.0,7.640023231506348,,,,,2.0,4.0,4.0
2025-08-05 08:09:49,1794.7927272727272,1005.3818181818183,1455.9418181818182,17.70546590271988,100.0,960.3727190425674,10.0,7.640913009643555,,,,,2.0,4.0,4.0
2025-08-05 08:09:52,1794.7927272727272,1007.2436363636364,1454.0800000000002,17.73635951700271,100.0,960.4476128623807,10.0,7.634414196014404,,,,,2.0,4.0,4.0
2025-08-05 08:09:55,1796.6545454545455,1007.2436363636364,1457.8036363636365,17.76210420357529,100.0,960.4874049840989,10.0,7.643878936767578,,,,,3.0,5.0,5.0
2025-08-05 08:09:58,1796.6545454545455,1007.2436363636364,1454.0800000000002,17.80329571722541,100.0,960.4696284707352,10.0,7.6424407958984375,,,,,2.0,5.0,5.0
2025-08-05 08:10:01,1798.5163636363638,1009.1054545454546,1459.6654545454546,17.808444657741347,100.0,960.4232892718861,10.0,7.646988868713379,,,,,3.0,5.0,5.0
2025-08-05 08:41:31,1800.3781818181817,996.0727272727273,1450.3563636363638,19.2398614079284,100.0,960.2964494448025,10.0,7.646637916564941,,,,,3.0,4.0,5.0
2025-08-05 08:41:37,1798.5163636363638,992.3490909090909,1448.4945454545457,19.188371206779266,100.0,960.2169934752535,10.0,7.64905309677124,,,,,3.0,4.0,5.0
2025-08-05 08:41:40,1798.5163636363638,992.3490909090909,1446.6327272727274,19.183222188265063,100.0,960.2090480253523,10.0,7.649225234985352,,,,,1.0,2.0,3.0
2025-08-05 08:41:43,1798.5163636363638,994.2109090909092,1448.4945454545457,19.172924152109772,100.0,960.1931572057883,10.0,7.644043445587158,,,,,2.0,4.0,4.0
2025-08-05 08:41:46,1798.5163636363638,992.3490909090909,1446.6327272727274,19.13173201913014,100.0,960.2928253524963,10.0,7.651082515716553,,,,,2.0,3.0,3.0
2025-08-05 08:41:49,1798.5163636363638,996.0727272727273,1452.2181818181818,19.11628497406491,100.0,960.241781476936,10.0,7.640523910522461,,,,,3.0,5.0,5.0
2025-08-05 08:41:52,1798.5163636363638,996.0727272727273,1450.3563636363638,19.11628497406491,100.0,960.2145770672095,10.0,7.640493392944336,,,,,2.0,4.0,4.0
2025-08-05 08:41:55,1798.5163636363638,996.0727272727273,1448.4945454545457,19.121433988795616,100.0,960.2225230717154,10.0,7.640327453613281,,,,,3.0,5.0,5.0
2025-08-05 08:41:58,1800.3781818181817,994.2109090909092,1448.4945454545457,19.147179066814715,100.0,960.2622534958011,10.0,7.655301570892334,,,,,3.0,4.0,4.0
2025-08-05 08:42:01,1800.3781818181817,999.7963636363637,1448.4945454545457,19.172924152109772,100.0,960.2475708607735,10.0,7.637845039367676,,,,,1.0,3.0,3.0
2025-08-05 08:42:04,1802.24,997.9345454545455,1448.4945454545457,19.1780731700419,100.0,960.2555167084244,10.0,7.653489112854004,,,,,3.0,5.0,5.0
2025-08-05 08:42:07,1802.24,1001.6581818181819,1450.3563636363638,19.183222188265063,100.0,960.2090480253523,10.0,7.642228603363037,,,,,3.0,5.0,5.0
2025-08-05 08:42:10,1804.1018181818183,999.7963636363637,1452.2181818181818,19.214116303715855,100.0,960.2295125208416,10.0,7.6570048332214355,,,,,2.0,4.0,4.0
2025-08-05 08:42:13,1805.9636363636366,997.9345454545455,1452.2181818181818,19.234712386503816,100.0,960.1796658072496,10.0,7.672055721282959,,,,,3.0,5.0,5.0
2025-08-05 08:42:16,1804.1018181818183,996.0727272727273,1448.4945454545457,19.234712386503816,100.0,960.2612942200316,10.0,7.667364597320557,,,,,2.0,4.0,4.0
2025-08-05 08:42:19,1804.1018181818183,997.9345454545455,1450.3563636363638,19.26045749653713,100.0,960.2193901480854,10.0,7.660922050476074,,,,,3.0,5.0,5.0
2025-08-05 08:42:22,1804.1018181818183,996.0727272727273,1448.4945454545457,19.317096764221787,100.0,960.197933980362,10.0,7.664467811584473,,,,,3.0,4.0,4.0
2025-08-05 08:42:25,1804.1018181818183,994.2109090909092,1448.4945454545457,19.342841897538165,100.0,960.2648700621179,10.0,7.6691741943359375,,,,,2.0,3.0,3.0
2025-08-05 08:42:28,1804.1018181818183,996.0727272727273,1450.3563636363638,19.394332185998792,100.0,960.26266917984,10.0,7.661891460418701,,,,,1.0,3.0,3.0
2025-08-05 08:42:31,1804.1018181818183,996.0727272727273,1448.4945454545457,19.44582250356325,100.0,960.2604575891648,10.0,7.660124778747559,,,,,2.0,4.0,4.0
2025-08-05 08:43:49,1794.7927272727272,992.3490909090909,1448.4945454545457,19.487014778569574,100.0,960.2151281627412,10.0,7.618215560913086,,,,,6.0,9.0,9.0
2025-08-05 08:43:55,1794.7927272727272,988.6254545454545,1446.6327272727274,19.548803226003656,100.0,960.2015564433887,10.0,7.627112865447998,,,,,5.0,8.0,8.0
2025-08-05 08:43:58,1792.9309090909092,988.6254545454545,1446.6327272727274,19.626038844231516,100.0,960.26624577643,10.0,7.614235877990723,,,,,4.0,6.0,6.0
2025-08-05 08:44:01,1792.9309090909092,986.7636363636365,1444.770909090909,19.631187887775013,100.0,960.1925090003409,10.0,7.619495868682861,,,,,4.0,6.0,6.0
2025-08-05 08:44:04,1792.9309090909092,988.6254545454545,1444.770909090909,19.667231200728565,100.0,960.1936469138699,10.0,7.612746238708496,,,,,3.0,5.0,5.0
2025-08-05 08:44:07,1792.9309090909092,988.6254545454545,1444.770909090909,19.651784064859385,100.0,960.1425948939352,10.0,7.613215446472168,,,,,3.0,5.0,5.0
2025-08-05 08:44:10,1792.9309090909092,990.4872727272729,1444.770909090909,19.600293630879605,100.0,960.1448581501145,10.0,7.609474182128906,,,,,4.0,5.0,5.0
2025-08-05 08:44:13,1794.7927272727272,990.4872727272729,1444.770909090909,19.52820707220235,100.0,960.1425643064963,10.0,7.622241020202637,,,,,4.0,5.0,5.0
2025-08-05 08:44:16,1794.7927272727272,992.3490909090909,1444.770909090909,19.517908997047925,100.0,960.2083444955053,10.0,7.6171464920043945,,,,,3.0,5.0,5.0
2025-08-05 08:44:19,1794.7927272727272,990.4872727272729,1446.6327272727274,19.548803226003656,100.0,960.3104481748197,10.0,7.6217169761657715,,,,,3.0,4.0,4.0
2025-08-05 08:44:22,1794.7927272727272,992.3490909090909,1446.6327272727274,19.52820707220235,100.0,960.2242303147955,10.0,7.616811752319336,,,,,2.0,4.0,4.0
2025-08-05 08:44:25,1796.6545454545455,996.0727272727273,1448.4945454545457,19.517908997047925,100.0,960.2627876900259,10.0,7.616471767425537,,,,,2.0,4.0,4.0
2025-08-05 08:44:28,1794.7927272727272,988.6254545454545,1442.909090909091,19.610591715347255,100.0,960.242418280544,10.0,7.625036716461182,,,,,3.0,5.0,5.0
2025-08-05 08:44:31,1794.7927272727272,990.4872727272729,1444.770909090909,19.631187887775013,100.0,960.1652825943843,10.0,7.61873197555542,,,,,3.0,5.0,5.0
2025-08-05 08:44:34,1794.7927272727272,986.7636363636365,1442.909090909091,19.67752929276321,100.0,960.2639870673622,10.0,7.628284454345703,,,,,3.0,5.0,5.0
2025-08-05 08:44:37,1794.7927272727272,988.6254545454545,1442.909090909091,19.620889800979057,100.0,960.2310772416397,10.0,7.624670028686523,,,,,3.0,5.0,5.0
2025-08-05 08:44:40,1796.6545454545455,988.6254545454545,1442.909090909091,19.631187887775013,100.0,960.1925090003409,10.0,7.634572505950928,,,,,3.0,5.0,5.0
2025-08-05 08:44:43,1796.6545454545455,994.2109090909092,1448.4945454545457,19.56425034441054,100.0,960.1709372271273,10.0,7.620298862457275,,,,,4.0,5.0,5.0
2025-08-05 08:44:46,1796.6545454545455,992.3490909090909,1448.4945454545457,19.51275995990727,100.0,960.2004016257539,10.0,7.6276092529296875,,,,,4.0,5.0,5.0
2025-08-05 08:44:49,1796.6545454545455,992.3490909090909,1444.770909090909,19.487014778569574,100.0,960.2423484335781,10.0,7.628538608551025,,,,,4.0,6.0,6.0
2025-08-05 08:44:52,1798.5163636363638,992.3490909090909,1446.6327272727274,19.450971536920406,100.0,960.1595265917103,10.0,7.6399827003479,,,,,4.0,6.0,6.0
2025-08-05 08:44:58,1798.5163636363638,992.3490909090909,1444.770909090909,19.425226373045007,100.0,960.2014647267627,10.0,7.6409077644348145,,,,,4.0,5.0,5.0
2025-08-05 08:45:04,1800.3781818181817,994.2109090909092,1446.6327272727274,19.38403412597836,100.0,960.1923489660339,10.0,7.647090911865234,,,,,4.0,5.0,5.0
2025-08-05 08:45:07,1798.5163636363638,990.4872727272729,1442.909090909091,19.3788850964047,100.0,960.1844052090742,10.0,7.648003578186035,,,,,3.0,4.0,4.0
2025-08-05 08:45:10,1798.5163636363638,992.3490909090909,1448.4945454545457,19.363438009429956,100.0,960.2422189939957,10.0,7.643070220947266,,,,,3.0,4.0,4.0
2025-08-05 08:45:13,1798.5163636363638,992.3490909090909,1446.6327272727274,19.353139952901984,100.0,960.2263303662098,10.0,7.643411636352539,,,,,3.0,4.0,4.0
2025-08-05 08:45:16,1800.3781818181817,994.2109090909092,1448.4945454545457,19.322245790302986,100.0,960.1514519445002,10.0,7.649168491363525,,,,,3.0,4.0,4.0
2025-08-05 08:45:22,1802.24,996.0727272727273,1450.3563636363638,19.322245790302986,100.0,960.1786651230057,10.0,7.65397834777832,,,,,2.0,4.0,4.0
2025-08-05 08:45:25,1800.3781818181817,990.4872727272729,1444.770909090909,19.353139952901984,100.0,960.2263303662098,10.0,7.659223556518555,,,,,2.0,4.0,4.0
2025-08-05 08:45:28,1800.3781818181817,990.4872727272729,1446.6327272727274,19.425226373045007,100.0,960.228682344794,10.0,7.656750202178955,,,,,2.0,4.0,4.0
2025-08-05 08:45:31,1798.5163636363638,988.6254545454545,1446.6327272727274,19.44067347049713,100.0,960.1708589081753,10.0,7.651381492614746,,,,,3.0,4.0,4.0
2025-08-05 08:45:37,1796.6545454545455,988.6254545454545,1446.6327272727274,19.476716708071763,100.0,960.1992418665056,10.0,7.63987922668457,,,,,4.0,6.0,6.0
2025-08-05 08:45:40,1798.5163636363638,990.4872727272729,1448.4945454545457,19.517908997047925,100.0,960.1811229257228,10.0,7.643224239349365,,,,,4.0,6.0,6.0
2025-08-05 08:45:43,1796.6545454545455,992.3490909090909,1450.3563636363638,19.517908997047925,100.0,960.2083444955053,10.0,7.627440452575684,,,,,4.0,5.0,5.0
2025-08-05 08:45:46,1798.5163636363638,988.6254545454545,1446.6327272727274,19.55910130465054,100.0,960.2174416791148,10.0,7.647365093231201,,,,,4.0,5.0,5.0
2025-08-05 08:45:49,1798.5163636363638,990.4872727272729,1444.770909090909,19.502461886499077,100.0,960.2661787544511,10.0,7.643848419189453,,,,,4.0,5.0,5.0
2025-08-05 08:45:52,1798.5163636363638,992.3490909090909,1444.770909090909,19.476716708071763,100.0,960.2264616860464,10.0,7.639165878295898,,,,,4.0,5.0,5.0
2025-08-05 08:45:55,1800.3781818181817,992.3490909090909,1442.909090909091,19.55395226518158,100.0,960.1822759352508,10.0,7.646761894226074,,,,,3.0,4.0,4.0
2025-08-05 08:45:58,1800.3781818181817,996.0727272727273,1448.4945454545457,19.507610923057655,100.0,960.2196799194005,10.0,7.637365341186523,,,,,3.0,4.0,4.0
2025-08-05 08:46:01,1798.5163636363638,996.0727272727273,1448.4945454545457,19.48186574317515,100.0,960.1799649744453,10.0,7.62791109085083,,,,,3.0,4.0,4.0
2025-08-05 08:46:04,1798.5163636363638,992.3490909090909,1446.6327272727274,19.476716708071763,100.0,960.2264616860464,10.0,7.639165878295898,,,,,3.0,3.0,3.0
2025-08-05 08:46:07,1800.3781818181817,994.2109090909092,1446.6327272727274,19.48186574317515,100.0,960.1799649744453,10.0,7.643718242645264,,,,,2.0,3.0,3.0
2025-08-05 08:46:10,1802.24,994.2109090909092,1446.6327272727274,19.538505148520926,100.0,960.1584488782414,10.0,7.6520466804504395,,,,,2.0,3.0,3.0
2025-08-05 08:46:13,1800.3781818181817,992.3490909090909,1446.6327272727274,19.523058034479618,100.0,960.2162873918534,10.0,7.647863388061523,,,,,3.0,3.0,3.0
2025-08-05 08:46:16,1800.3781818181817,994.2109090909092,1448.4945454545457,19.538505148520926,100.0,960.2128937680634,10.0,7.641817092895508,,,,,3.0,3.0,3.0
2025-08-05 08:46:19,1802.24,997.9345454545455,1448.4945454545457,19.600293630879605,100.0,960.1448581501145,10.0,7.638879776000977,,,,,3.0,4.0,4.0
2025-08-05 08:46:22,1800.3781818181817,994.2109090909092,1446.6327272727274,19.579697465436766,100.0,960.1675398014912,10.0,7.64035177230835,,,,,3.0,4.0,4.0
2025-08-05 08:46:25,1804.1018181818183,996.0727272727273,1444.770909090909,19.56425034441054,100.0,960.1981607728261,10.0,7.655985355377197,,,,,3.0,4.0,4.0
2025-08-05 08:46:28,1802.24,996.0727272727273,1446.6327272727274,19.574548424803652,100.0,960.2140457167037,10.0,7.645354747772217,,,,,3.0,4.0,4.0
2025-08-05 08:46:31,1804.1018181818183,996.0727272727273,1446.6327272727274,19.579697465436766,100.0,960.2219882285009,10.0,7.655485153198242,,,,,2.0,3.0,3.0
2025-08-05 08:46:37,1804.1018181818183,999.7963636363637,1450.3563636363638,19.548803226003656,100.0,960.2015564433887,10.0,7.645486354827881,,,,,2.0,3.0,3.0
2025-08-05 08:46:40,1805.9636363636366,997.9345454545455,1450.3563636363638,19.53335611021612,100.0,960.204951017592,10.0,7.661836624145508,,,,,2.0,3.0,3.0
2025-08-05 08:46:43,1805.9636363636366,996.0727272727273,1448.4945454545457,19.548803226003656,100.0,960.1743335563316,10.0,7.666790008544922,,,,,2.0,3.0,3.0
2025-08-05 08:46:46,1805.9636363636366,994.2109090909092,1446.6327272727274,19.538505148520926,100.0,960.2128937680634,10.0,7.672702312469482,,,,,2.0,3.0,3.0
2025-08-05 08:46:49,1807.8254545454545,996.0727272727273,1448.4945454545457,19.523058034479618,100.0,960.1890655964197,10.0,7.677982807159424,,,,,2.0,3.0,3.0
2025-08-05 08:46:52,1805.9636363636366,996.0727272727273,1450.3563636363638,19.52820707220235,100.0,960.1697862909436,10.0,7.667489051818848,,,,,2.0,3.0,4.0
2025-08-05 08:46:55,1805.9636363636366,996.0727272727273,1450.3563636363638,19.507610923057655,100.0,960.1652376641192,10.0,7.668190956115723,,,,,1.0,2.0,3.0
2025-08-05 08:46:58,1807.8254545454545,996.0727272727273,1450.3563636363638,19.492163814255036,100.0,960.1958508726067,10.0,7.679050445556641,,,,,2.0,4.0,5.0
2025-08-05 08:47:04,1805.9636363636366,992.3490909090909,1446.6327272727274,19.51275995990727,100.0,960.227622988204,10.0,7.679116249084473,,,,,2.0,4.0,7.0
2025-08-05 08:47:10,1805.9636363636366,992.3490909090909,1444.770909090909,19.497312850231538,100.0,960.1765731760995,10.0,7.679592132568359,,,,,3.0,4.0,8.0
2025-08-05 09:08:26,1807.8254545454545,986.7636363636365,1441.047272727273,21.13472105251276,100.0,960.1928815050322,10.0,7.650258541107178,,,,,1.0,3.0,3.0
2025-08-05 09:08:32,1804.1018181818183,986.7636363636365,1439.1854545454546,20.99054556377814,100.0,960.2164024633929,10.0,7.634640216827393,,,,,1.0,3.0,3.0
2025-08-05 09:08:35,1809.6872727272728,988.6254545454545,1441.047272727273,20.944203490857035,100.0,960.1450185624589,10.0,7.661523818969727,,,,,1.0,3.0,3.0
2025-08-05 09:08:41,1805.9636363636366,990.4872727272729,1444.770909090909,20.99054556377814,100.0,960.1618332818025,10.0,7.633840560913086,,,,,1.0,3.0,3.0
2025-08-05 09:08:47,1805.9636363636366,988.6254545454545,1439.1854545454546,20.908159672660986,100.0,960.1713422774916,10.0,7.642194747924805,,,,,1.0,3.0,3.0
2025-08-05 09:08:53,1805.9636363636366,990.4872727272729,1442.909090909091,20.841221190989017,100.0,960.1500639039987,10.0,7.638949394226074,,,,,2.0,4.0,4.0
2025-08-05 09:08:56,1805.9636363636366,990.4872727272729,1441.047272727273,20.815475634211907,100.0,960.1376799679491,10.0,7.639824867248535,,,,,2.0,3.0,5.0
2025-08-05 09:08:59,1805.9636363636366,992.3490909090909,1444.770909090909,20.79487919402891,100.0,960.1332269102069,10.0,7.635008811950684,,,,,2.0,3.0,5.0
2025-08-05 09:09:02,1804.1018181818183,990.4872727272729,1441.047272727273,20.825773856049636,100.0,960.2080998004872,10.0,7.629253387451172,,,,,2.0,3.0,6.0
2025-08-05 09:09:05,1805.9636363636366,990.4872727272729,1441.047272727273,20.80517741353833,100.0,960.2036452168238,10.0,7.640247821807861,,,,,2.0,3.0,6.0
2025-08-05 09:09:08,1804.1018181818183,990.4872727272729,1441.047272727273,20.83092296740506,100.0,960.1069217189308,10.0,7.62896728515625,,,,,2.0,3.0,5.0
2025-08-05 09:09:11,1805.9636363636366,990.4872727272729,1441.047272727273,20.933905255631544,100.0,960.1291557588386,10.0,7.635749816894531,,,,,2.0,3.0,6.0
2025-08-05 09:09:14,1805.9636363636366,992.3490909090909,1442.909090909091,20.872115868725814,100.0,960.1976579485548,10.0,7.632425308227539,,,,,2.0,3.0,5.0
2025-08-05 09:09:17,1805.9636363636366,990.4872727272729,1442.909090909091,20.866966755042085,100.0,960.1624462509056,10.0,7.63808536529541,,,,,2.0,3.0,5.0
2025-08-05 09:09:20,1807.8254545454545,990.4872727272729,1442.909090909091,20.846370303217554,100.0,960.1579961797614,10.0,7.649080276489258,,,,,2.0,2.0,5.0
2025-08-05 09:09:23,1805.9636363636366,992.3490909090909,1439.1854545454546,20.87726498270058,100.0,960.178310636862,10.0,7.632229328155518,,,,,2.0,2.0,4.0
2025-08-05 09:09:26,1805.9636363636366,988.6254545454545,1439.1854545454546,20.866966755042085,100.0,960.1624462509056,10.0,7.643594741821289,,,,,1.0,2.0,3.0
2025-08-05 09:09:29,1805.9636363636366,990.4872727272729,1442.909090909091,20.933905255631544,100.0,960.2382844088113,10.0,7.635867595672607,,,,,2.0,2.0,2.0
2025-08-05 09:09:35,1807.8254545454545,994.2109090909092,1444.770909090909,20.882414096966386,100.0,960.1589629180215,10.0,7.636814117431641,,,,,2.0,2.0,2.0
2025-08-05 09:09:38,1809.6872727272728,996.0727272727273,1444.770909090909,20.89271232637111,100.0,960.2021074107016,10.0,7.6412835121154785,,,,,3.0,3.0,3.0
2025-08-05 09:11:05,1807.8254545454545,990.4872727272729,1442.909090909091,21.11412454015226,100.0,960.1338704405166,10.0,7.639861106872559,,,,,2.0,4.0,4.0
2025-08-05 09:11:11,1805.9636363636366,992.3490909090909,1444.770909090909,21.03688766027335,100.0,960.205928624518,10.0,7.626779556274414,,,,,3.0,4.0,4.0
2025-08-05 09:11:17,1805.9636363636366,990.4872727272729,1442.909090909091,21.042036783561343,100.0,960.1865730522252,10.0,7.6321001052856445,,,,,2.0,3.0,3.0
2025-08-05 09:11:20,1805.9636363636366,990.4872727272729,1441.047272727273,21.031738537276397,100.0,960.1707110691618,10.0,7.632436752319336,,,,,3.0,5.0,5.0
2025-08-05 09:11:23,1805.9636363636366,990.4872727272729,1441.047272727273,21.016291170031764,100.0,960.1469182889618,10.0,7.632946014404297,,,,,2.0,4.0,4.0
2025-08-05 09:11:26,1805.9636363636366,996.0727272727273,1442.909090909091,21.06778240436688,100.0,960.2262284633464,10.0,7.614704608917236,,,,,1.0,3.0,3.0
2025-08-05 09:11:29,1805.9636363636366,996.0727272727273,1444.770909090909,21.03688766027335,100.0,960.1513554893589,10.0,7.615687370300293,,,,,2.0,4.0,4.0
2025-08-05 09:11:32,1809.6872727272728,996.0727272727273,1448.4945454545457,21.011142048198963,100.0,960.1389874140758,10.0,7.637147903442383,,,,,1.0,3.0,3.0
2025-08-05 09:11:35,1805.9636363636366,990.4872727272729,1441.047272727273,20.99054556377814,100.0,960.1618332818025,10.0,7.633840560913086,,,,,1.0,3.0,3.0
2025-08-05 09:11:38,1805.9636363636366,990.4872727272729,1439.1854545454546,20.964799964800477,100.0,960.1221775573259,10.0,7.634686470031738,,,,,2.0,4.0,4.0
2025-08-05 09:11:41,1804.1018181818183,992.3490909090909,1441.047272727273,20.95450172724668,100.0,960.1335984503311,10.0,7.619237422943115,,,,,2.0,4.0,4.0
2025-08-05 09:11:44,1805.9636363636366,990.4872727272729,1439.1854545454546,20.93905437309877,100.0,960.0552401760801,10.0,7.635490417480469,,,,,2.0,4.0,4.0
2025-08-05 09:11:47,1807.8254545454545,994.2109090909092,1442.909090909091,20.918457904976094,100.0,960.1053617481266,10.0,7.635515213012695,,,,,2.0,4.0,4.0
2025-08-05 09:11:50,1807.8254545454545,996.0727272727273,1446.6327272727274,20.88756321152323,100.0,960.1668949502018,10.0,7.631124019622803,,,,,3.0,5.0,5.0
2025-08-05 09:11:53,1805.9636363636366,990.4872727272729,1441.047272727273,20.856668528547743,100.0,960.1738608092895,10.0,7.638448715209961,,,,,2.0,4.0,4.0
2025-08-05 09:11:56,1805.9636363636366,990.4872727272729,1442.909090909091,20.90301055693999,100.0,960.1088487514071,10.0,7.636785507202148,,,,,2.0,4.0,4.0
2025-08-05 09:11:59,1807.8254545454545,992.3490909090909,1441.047272727273,20.820624744985253,100.0,960.1183350610061,10.0,7.644404411315918,,,,,2.0,3.0,3.0
2025-08-05 09:12:02,1804.1018181818183,992.3490909090909,1442.909090909091,20.98024732331396,100.0,960.1732550442293,10.0,7.618392467498779,,,,,1.0,3.0,3.0
2025-08-05 09:12:05,1805.9636363636366,990.4872727272729,1442.909090909091,21.09867715893779,100.0,960.110080481036,10.0,7.630075454711914,,,,,1.0,3.0,3.0
2025-08-05 09:12:11,1807.8254545454545,986.7636363636365,1439.1854545454546,21.19651061753393,100.0,960.1515804782289,10.0,7.648088455200195,,,,,2.0,3.0,3.0
2025-08-05 09:24:47,1804.1018181818183,981.1781818181819,1433.6000000000001,22.98327700048685,100.0,960.1675865739224,10.0,7.631495475769043,,,,,1.0,1.0,1.0
2025-08-05 09:24:53,1804.1018181818183,981.1781818181819,1435.4618181818184,23.065664768218994,100.0,960.1026279965004,10.0,7.6361870765686035,,,,,2.0,3.0,3.0
2025-08-05 09:24:56,1800.3781818181817,981.1781818181819,1433.6000000000001,23.0914109609148,100.0,960.1695758285343,10.0,7.627484321594238,,,,,1.0,1.0,1.0
2025-08-05 09:24:59,1804.1018181818183,984.9018181818182,1437.3236363636363,23.086261721793562,100.0,960.1069122926398,10.0,7.625771522521973,,,,,1.0,2.0,2.0
2025-08-05 09:25:02,1800.3781818181817,983.0400000000001,1435.4618181818184,23.18409731486463,100.0,960.2025346347896,10.0,7.626276969909668,,,,,2.0,3.0,3.0
2025-08-05 09:25:08,1800.3781818181817,981.1781818181819,1431.7381818181818,23.10170944003039,100.0,960.1306558176435,10.0,7.628286838531494,,,,,1.0,2.0,2.0
2025-08-05 09:25:11,1800.3781818181817,981.1781818181819,1433.6000000000001,23.0914109609148,100.0,960.1695758285343,10.0,7.627484321594238,,,,,1.0,2.0,3.0
2025-08-05 09:25:14,1800.3781818181817,981.1781818181819,1431.7381818181818,22.962680070195347,100.0,960.1085546638801,10.0,7.621330261230469,,,,,1.0,2.0,3.0
2025-08-05 09:25:17,1800.3781818181817,981.1781818181819,1433.6000000000001,22.916336994065205,100.0,960.1194175611424,10.0,7.6188740730285645,,,,,1.0,2.0,3.0
2025-08-05 09:25:20,1798.5163636363638,984.9018181818182,1435.4618181818184,22.844247811386595,100.0,960.1180529006493,10.0,7.5989789962768555,,,,,1.0,3.0,4.0
2025-08-05 09:25:23,1800.3781818181817,983.0400000000001,1433.6000000000001,22.777307907119393,100.0,960.0698630926133,10.0,7.606388092041016,,,,,1.0,3.0,4.0
2025-08-05 09:25:29,1800.3781818181817,979.3163636363637,1431.7381818181818,22.972978534759022,100.0,960.151755067911,10.0,7.627261638641357,,,,,3.0,5.0,5.0
2025-08-05 09:25:35,1798.5163636363638,973.7309090909091,1433.6000000000001,23.178948070504703,100.0,960.1398635673286,10.0,7.650285720825195,,,,,2.0,4.0,4.0
2025-08-05 09:25:38,1798.5163636363638,973.7309090909091,1433.6000000000001,23.30253001546953,100.0,960.1655052927663,10.0,7.656437397003174,,,,,2.0,4.0,4.0
2025-08-05 09:25:41,1794.7927272727272,968.1454545454546,1428.0145454545457,23.42611212807242,100.0,960.1637080595168,10.0,7.670405387878418,,,,,2.0,3.0,3.0
2025-08-05 09:25:47,1792.9309090909092,971.869090909091,1428.0145454545457,23.590888538979925,100.0,960.1703492853935,10.0,7.66259241104126,,,,,2.0,3.0,3.0
2025-08-05 09:25:53,1792.9309090909092,973.7309090909091,1426.1527272727274,23.281933013000526,100.0,960.1886178584141,10.0,7.640907287597656,,,,,2.0,3.0,3.0
2025-08-05 09:25:56,1791.069090909091,973.7309090909091,1431.7381818181818,23.307679266814375,100.0,960.1460347610226,10.0,7.637762546539307,,,,,2.0,2.0,2.0
2025-08-05 09:26:02,1791.069090909091,973.7309090909091,1428.0145454545457,23.261336015188135,100.0,960.1569636125347,10.0,7.635313987731934,,,,,3.0,5.0,5.0
2025-08-05 09:26:05,1789.2072727272728,970.0072727272727,1426.1527272727274,23.245888269884745,100.0,960.0784609507806,10.0,7.641751289367676,,,,,3.0,5.0,5.0
2025-08-05 09:26:08,1787.3454545454547,973.7309090909091,1426.1527272727274,23.065664768218994,100.0,960.1573748266709,10.0,7.6157426834106445,,,,,3.0,5.0,5.0
2025-08-05 09:26:11,1789.2072727272728,973.7309090909091,1428.0145454545457,23.039918582799146,100.0,960.1725445406565,10.0,7.619081974029541,,,,,3.0,6.0,6.0
2025-08-05 09:26:17,1787.3454545454547,971.869090909091,1429.8763636363635,23.112007920310134,100.0,960.1738603800343,10.0,7.623716831207275,,,,,3.0,6.0,6.0
2025-08-05 09:26:20,1785.4836363636364,966.2836363636363,1424.290909090909,23.148052610456944,100.0,960.1197568455417,10.0,7.63834285736084,,,,,3.0,6.0,6.0
2025-08-05 09:26:26,1787.3454545454547,966.2836363636363,1424.290909090909,22.89059085084591,100.0,960.1072042442407,10.0,7.630002498626709,,,,,3.0,5.0,5.0
2025-08-05 09:26:29,1787.3454545454547,964.4218181818183,1426.1527272727274,23.05021705609397,100.0,960.1336297931252,10.0,7.643714904785156,,,,,3.0,4.0,4.0
2025-08-05 09:26:32,1785.4836363636364,966.2836363636363,1424.290909090909,23.220142033533193,100.0,960.1484163702963,10.0,7.641833782196045,,,,,3.0,4.0,4.0
2025-08-05 09:26:38,1783.6218181818183,966.2836363636363,1424.290909090909,23.41066435482935,100.0,960.1125831565653,10.0,7.647080421447754,,,,,2.0,3.0,3.0
2025-08-05 09:26:44,1781.76,966.2836363636363,1424.290909090909,23.214992787135998,100.0,960.0857430169735,10.0,7.632476806640625,,,,,2.0,3.0,3.0
2025-08-05 09:26:47,1783.6218181818183,968.1454545454546,1422.429090909091,23.05536629317794,100.0,960.114171806837,10.0,7.623144626617432,,,,,3.0,3.0,3.0
2025-08-05 09:26:50,1785.4836363636364,966.2836363636363,1426.1527272727274,23.142903368134284,100.0,960.1939729835212,10.0,7.637544631958008,,,,,3.0,4.0,4.0
2025-08-05 09:26:53,1785.4836363636364,968.1454545454546,1428.0145454545457,23.29738076441572,100.0,960.1575920462476,10.0,7.640002727508545,,,,,3.0,3.0,3.0
2025-08-05 09:26:56,1783.6218181818183,968.1454545454546,1424.290909090909,23.343724034377374,100.0,960.1466560618973,10.0,7.637691020965576,,,,,2.0,3.0,3.0
2025-08-05 09:27:02,1781.76,964.4218181818183,1424.290909090909,23.28708226318122,100.0,960.1417656279044,10.0,7.641490459442139,,,,,3.0,5.0,5.0
2025-08-05 09:27:05,1781.76,966.2836363636363,1422.429090909091,23.12230640175403,100.0,960.1075625109844,10.0,7.6275763511657715,,,,,3.0,5.0,5.0
2025-08-05 09:27:08,1783.6218181818183,966.2836363636363,1422.429090909091,23.178948070504703,100.0,960.1398635673286,10.0,7.635011196136475,,,,,3.0,6.0,6.0
2025-08-05 09:27:14,1781.76,966.2836363636363,1422.429090909091,23.493052509060362,100.0,960.1022191488934,10.0,7.646612644195557,,,,,4.0,7.0,7.0
2025-08-05 09:27:17,1781.76,964.4218181818183,1420.567272727273,23.596037806622917,100.0,960.1508641708397,10.0,7.657261848449707,,,,,5.0,7.0,7.0
2025-08-05 09:27:20,1778.0363636363638,966.2836363636363,1420.567272727273,23.66812758418382,100.0,960.1246219092504,10.0,7.6458845138549805,,,,,4.0,7.0,7.0
2025-08-05 09:27:26,1779.898181818182,966.2836363636363,1420.567272727273,23.52394808610552,100.0,960.0949009537454,10.0,7.64348030090332,,,,,5.0,9.0,9.0
2025-08-05 09:33:27,1817.1345454545456,988.6254545454545,1433.6000000000001,23.19954504969064,100.0,960.1167615130767,10.0,7.653451919555664,,,,,3.0,4.0,4.0
2025-08-05 09:33:30,1815.2727272727273,992.3490909090909,1437.3236363636363,23.369470305653522,100.0,960.1314473739885,10.0,7.645846843719482,,,,,3.0,4.0,4.0
2025-08-05 09:33:33,1817.1345454545456,996.0727272727273,1437.3236363636363,23.189246559515595,100.0,960.2104491406643,10.0,7.629368782043457,,,,,3.0,4.0,4.0
2025-08-05 09:33:39,1817.1345454545456,994.2109090909092,1435.4618181818184,22.99872470126138,100.0,960.136592879765,10.0,7.625858306884766,,,,,3.0,4.0,4.0
2025-08-05 09:33:42,1820.858181818182,997.9345454545455,1437.3236363636363,22.864844714902574,100.0,960.1223541116939,10.0,7.629768371582031,,,,,3.0,4.0,4.0
2025-08-05 09:33:45,1818.9963636363639,997.9345454545455,1435.4618181818184,22.808203241438605,100.0,960.1173630371846,10.0,7.621616840362549,,,,,3.0,4.0,4.0
2025-08-05 09:33:51,1820.858181818182,1001.6581818181819,1439.1854545454546,22.67947275089682,100.0,960.110950134561,10.0,7.625079154968262,,,,,3.0,4.0,4.0
2025-08-05 09:33:57,1822.72,999.7963636363637,1437.3236363636363,22.509548781905323,100.0,960.0958256231005,10.0,7.646708965301514,,,,,3.0,4.0,4.0
2025-08-05 09:34:03,1824.5818181818183,999.7963636363637,1437.3236363636363,22.535294817440445,100.0,960.1080696805354,10.0,7.656128883361816,,,,,3.0,4.0,4.0
2025-08-05 09:34:09,1824.5818181818183,1003.5200000000001,1441.047272727273,22.44260912356549,100.0,960.0749222180286,10.0,7.648242950439453,,,,,3.0,4.0,4.0
2025-08-05 09:34:12,1824.5818181818183,999.7963636363637,1441.047272727273,22.437459921115078,100.0,960.0943494680093,10.0,7.659476280212402,,,,,3.0,4.0,4.0
2025-08-05 09:34:18,1824.5818181818183,997.9345454545455,1441.047272727273,22.38081871336908,100.0,960.0619252297239,10.0,7.666903495788574,,,,,2.0,4.0,4.0
2025-08-05 09:34:24,1824.5818181818183,996.0727272727273,1441.047272727273,22.561040860251524,100.0,960.147663930723,10.0,7.666326522827148,,,,,3.0,4.0,4.0
2025-08-05 09:34:30,1824.5818181818183,992.3490909090909,1439.1854545454546,22.75156180319027,100.0,960.112360257706,10.0,7.670785427093506,,,,,3.0,3.0,3.0
2025-08-05 09:34:36,1822.72,990.4872727272729,1437.3236363636363,22.978127767477417,100.0,960.0775618359537,10.0,7.659671306610107,,,,,3.0,4.0,4.0
2025-08-05 09:34:42,1818.9963636363639,992.3490909090909,1437.3236363636363,22.967829302331666,100.0,960.1438393524705,10.0,7.635645866394043,,,,,3.0,4.0,4.0
2025-08-05 09:34:48,1822.72,997.9345454545455,1442.909090909091,22.803054018324474,100.0,960.0820841743913,10.0,7.642136096954346,,,,,3.0,4.0,4.0
2025-08-05 09:34:54,1822.72,996.0727272727273,1439.1854545454546,22.684621967026033,100.0,960.118867832685,10.0,7.65175724029541,,,,,3.0,4.0,4.0
2025-08-05 09:34:57,1822.72,996.0727272727273,1439.1854545454546,22.710368052037666,100.0,960.1310984952861,10.0,7.650886535644531,,,,,2.0,2.0,2.0
2025-08-05 09:35:00,1822.72,994.2109090909092,1439.1854545454546,22.92663545339019,100.0,960.1899843826427,10.0,7.649045467376709,,,,,3.0,4.0,4.0
2025-08-05 09:35:06,1822.72,996.0727272727273,1441.047272727273,23.127455642912537,100.0,960.1154767173202,10.0,7.641201019287109,,,,,2.0,3.0,3.0
2025-08-05 09:35:12,1818.9963636363639,990.4872727272729,1437.3236363636363,23.261336015188135,100.0,960.1843454376707,10.0,7.655184268951416,,,,,1.0,2.0,2.0
2025-08-05 09:35:15,1818.9963636363639,988.6254545454545,1437.3236363636363,23.359171796269948,100.0,960.1156225185393,10.0,7.666409969329834,,,,,2.0,3.0,3.0
2025-08-05 09:35:18,1818.9963636363639,990.4872727272729,1437.3236363636363,23.493052509060362,100.0,960.0748274519683,10.0,7.667842864990234,,,,,2.0,4.0,4.0
2025-08-05 09:35:21,1818.9963636363639,994.2109090909092,1439.1854545454546,23.359171796269948,100.0,960.0882365484537,10.0,7.649452209472656,,,,,2.0,4.0,4.0
2025-08-05 09:35:24,1820.858181818182,997.9345454545455,1441.047272727273,23.168649582657963,100.0,960.0966577705642,10.0,7.632955074310303,,,,,2.0,4.0,4.0
2025-08-05 09:35:30,1820.858181818182,994.2109090909092,1441.047272727273,23.0914109609148,100.0,960.1695758285343,10.0,7.6399078369140625,,,,,1.0,2.0,2.0
2025-08-05 09:35:33,1820.858181818182,994.2109090909092,1439.1854545454546,22.99872470126138,100.0,960.136592879765,10.0,7.637890815734863,,,,,2.0,3.0,3.0
2025-08-05 09:35:36,1818.9963636363639,996.0727272727273,1439.1854545454546,23.0914109609148,100.0,960.1148267759853,10.0,7.629817962646484,,,,,2.0,3.0,3.0
2025-08-05 09:35:39,1820.858181818182,992.3490909090909,1439.1854545454546,23.27678376311087,100.0,960.1807042595811,10.0,7.65504789352417,,,,,2.0,2.0,2.0
2025-08-05 09:35:45,1818.9963636363639,996.0727272727273,1439.1854545454546,23.189246559515595,100.0,960.1283129329481,10.0,7.634729862213135,,,,,2.0,2.0,2.0
2025-08-05 09:35:51,1820.858181818182,994.2109090909092,1437.3236363636363,23.0759632444242,100.0,960.1184572401106,10.0,7.639490127563477,,,,,2.0,3.0,3.0
2025-08-05 09:35:57,1818.9963636363639,992.3490909090909,1437.3236363636363,23.029620110668475,100.0,960.0745982557653,10.0,7.638372421264648,,,,,2.0,3.0,3.0
2025-08-05 09:36:03,1820.858181818182,996.0727272727273,1439.1854545454546,22.89059085084591,100.0,960.1345701534686,10.0,7.634665489196777,,,,,2.0,3.0,4.0
2025-08-05 09:36:09,1820.858181818182,996.0727272727273,1437.3236363636363,22.720666488079587,100.0,960.1195751279779,10.0,7.640233039855957,,,,,2.0,2.0,4.0
2025-08-05 09:36:15,1822.72,996.0727272727273,1439.1854545454546,22.720666488079587,100.0,960.1469337668858,10.0,7.650553226470947,,,,,2.0,3.0,4.0
2025-08-05 09:36:21,1826.4436363636364,997.9345454545455,1442.909090909091,22.75156180319027,100.0,960.1397202151006,10.0,7.6645588874816895,,,,,1.0,2.0,5.0
2025-08-05 09:36:27,1826.4436363636364,997.9345454545455,1442.909090909091,22.720666488079587,100.0,960.1469337668858,10.0,7.665627956390381,,,,,0.0,1.0,3.0
2025-08-05 09:36:33,1826.4436363636364,997.9345454545455,1442.909090909091,22.725815706537105,100.0,960.1274925756007,10.0,7.665430545806885,,,,,2.0,2.0,4.0
2025-08-05 09:36:39,1824.5818181818183,999.7963636363637,1444.770909090909,22.591936121229082,100.0,960.0310591950172,10.0,7.654102802276611,,,,,1.0,2.0,3.0
2025-08-05 09:47:33,1818.9963636363639,990.4872727272729,1441.047272727273,23.693873947137035,100.0,960.109371796374,10.0,7.677887916564941,,,,,3.0,4.0,4.0
2025-08-05 09:47:36,1818.9963636363639,990.4872727272729,1439.1854545454546,23.63723195824423,100.0,960.1867536743532,10.0,7.674424648284912,,,,,2.0,3.0,3.0
2025-08-05 09:47:39,1818.9963636363639,992.3490909090909,1439.1854545454546,23.62178414920345,100.0,960.0534324682817,10.0,7.6688761711120605,,,,,2.0,3.0,3.0
2025-08-05 09:47:42,1818.9963636363639,986.7636363636365,1437.3236363636363,23.580590004567057,100.0,960.099736319885,10.0,7.683584213256836,,,,,1.0,2.0,2.0
2025-08-05 09:47:48,1817.1345454545456,990.4872727272729,1437.3236363636363,23.714471042738296,100.0,960.0862084758166,10.0,7.674345016479492,,,,,2.0,3.0,3.0
2025-08-05 09:47:54,1817.1345454545456,984.9018181818182,1437.3236363636363,23.935890114546055,100.0,960.1248153202018,10.0,7.702564239501953,,,,,1.0,3.0,3.0
2025-08-05 09:47:57,1818.9963636363639,990.4872727272729,1439.1854545454546,24.033726620022207,100.0,960.165410844595,10.0,7.694900989532471,,,,,0.0,2.0,2.0
2025-08-05 09:48:03,1817.1345454545456,986.7636363636365,1439.1854545454546,23.760814524866873,100.0,960.0751842205043,10.0,7.688234806060791,,,,,2.0,3.0,3.0
2025-08-05 09:48:06,1817.1345454545456,988.6254545454545,1437.3236363636363,23.642381228506565,100.0,960.0850719724317,10.0,7.676373481750488,,,,,1.0,2.0,2.0
2025-08-05 09:48:12,1818.9963636363639,990.4872727272729,1439.1854545454546,23.89469582788297,100.0,960.143779319396,10.0,7.687931060791016,,,,,2.0,3.0,3.0
2025-08-05 09:48:15,1817.1345454545456,988.6254545454545,1441.047272727273,23.961636553169228,100.0,960.1369435208783,10.0,7.692360877990723,,,,,2.0,3.0,3.0
2025-08-05 09:48:18,1818.9963636363639,986.7636363636365,1439.1854545454546,24.141861827258253,100.0,960.1121171596888,10.0,7.7122650146484375,,,,,1.0,2.0,2.0
2025-08-05 09:48:21,1817.1345454545456,986.7636363636365,1437.3236363636363,24.1367125287652,100.0,960.1042109597379,10.0,7.7072858810424805,,,,,3.0,3.0,3.0
2025-08-05 09:48:24,1817.1345454545456,986.7636363636365,1437.3236363636363,24.08007026455016,100.0,960.1543286180754,10.0,7.704023361206055,,,,,2.0,3.0,3.0
2025-08-05 09:48:27,1817.1345454545456,988.6254545454545,1439.1854545454546,24.090368855424458,100.0,960.0604735263867,10.0,7.699507236480713,,,,,3.0,3.0,3.0
2025-08-05 09:48:30,1815.2727272727273,983.0400000000001,1435.4618181818184,24.31693814918981,100.0,960.0792444685452,10.0,7.7233662605285645,,,,,2.0,3.0,3.0
2025-08-05 09:48:33,1815.2727272727273,986.7636363636365,1437.3236363636363,24.43537232244853,100.0,960.0964629367041,10.0,7.71787691116333,,,,,2.0,3.0,3.0
2025-08-05 09:48:36,1815.2727272727273,986.7636363636365,1439.1854545454546,24.512612083606655,100.0,960.1327157918474,10.0,7.7215704917907715,,,,,2.0,3.0,3.0
2025-08-05 09:48:39,1815.2727272727273,984.9018181818182,1437.3236363636363,24.430223007366294,100.0,960.0885591857929,10.0,7.723391056060791,,,,,2.0,4.0,5.0
2025-08-05 09:48:45,1813.4109090909092,981.1781818181819,1435.4618181818184,24.56925461674109,100.0,960.1373415934779,10.0,7.73683500289917,,,,,2.0,3.0,5.0
2025-08-05 09:48:51,1809.6872727272728,977.4545454545455,1433.6000000000001,24.883363848697627,100.0,960.097894443247,10.0,7.755115509033203,,,,,2.0,3.0,4.0
2025-08-05 09:48:54,1809.6872727272728,983.0400000000001,1439.1854545454546,25.084188351407647,100.0,960.1039615531495,10.0,7.748208045959473,,,,,1.0,2.0,4.0
2025-08-05 09:48:57,1809.6872727272728,979.3163636363637,1435.4618181818184,25.130532530281926,100.0,960.1750506296307,10.0,7.761507034301758,,,,,2.0,3.0,5.0
2025-08-05 09:49:00,1807.8254545454545,977.4545454545455,1433.6000000000001,25.290162660181522,100.0,960.2001769925373,10.0,7.7704620361328125,,,,,1.0,2.0,4.0
2025-08-05 09:49:03,1807.8254545454545,973.7309090909091,1431.7381818181818,25.38285125105176,100.0,960.204977759227,10.0,7.786611557006836,,,,,1.0,2.0,4.0
2025-08-05 09:49:06,1805.9636363636366,975.5927272727274,1435.4618181818184,25.362253778264858,100.0,960.1459175709106,10.0,7.775490760803223,,,,,2.0,3.0,3.0
2025-08-05 09:49:09,1804.1018181818183,973.7309090909091,1429.8763636363635,25.377701882418478,100.0,960.2245531901698,10.0,7.776663780212402,,,,,3.0,3.0,3.0
2025-08-05 09:49:12,1805.9636363636366,983.0400000000001,1433.6000000000001,25.248967761173844,100.0,960.1644621062302,10.0,7.746679306030273,,,,,2.0,3.0,3.0
2025-08-05 09:49:15,1805.9636363636366,981.1781818181819,1433.6000000000001,25.243818400107557,100.0,960.1290974884915,10.0,7.752386093139648,,,,,3.0,4.0,4.0
2025-08-05 09:49:18,1804.1018181818183,977.4545454545455,1429.8763636363635,25.19232480545179,100.0,960.1874452493075,10.0,7.755996227264404,,,,,3.0,4.0,4.0
2025-08-05 09:49:21,1804.1018181818183,979.3163636363637,1431.7381818181818,25.19232480545179,100.0,960.1599806707578,10.0,7.750472545623779,,,,,3.0,3.0,5.0
2025-08-05 09:49:24,1804.1018181818183,977.4545454545455,1433.6000000000001,25.274714570870856,100.0,960.1490155055441,10.0,7.760493755340576,,,,,3.0,3.0,5.0
2025-08-05 09:49:27,1802.24,977.4545454545455,1431.7381818181818,25.413747468963265,100.0,960.1699386916528,10.0,7.762705326080322,,,,,2.0,3.0,4.0
2025-08-05 09:49:30,1804.1018181818183,979.3163636363637,1431.7381818181818,25.248967761173844,100.0,960.1919291159679,10.0,7.753148555755615,,,,,3.0,4.0,5.0
2025-08-05 09:49:33,1805.9636363636366,984.9018181818182,1435.4618181818184,25.073889648192562,100.0,960.1430831699287,10.0,7.732141494750977,,,,,3.0,4.0,5.0
2025-08-05 09:49:36,1804.1018181818183,981.1781818181819,1429.8763636363635,24.87306516818353,100.0,960.0820940440643,10.0,7.7289605140686035,,,,,3.0,3.0,4.0
2025-08-05 09:49:39,1805.9636363636366,981.1781818181819,1429.8763636363635,24.682539788656868,100.0,960.1465577650448,10.0,7.723492622375488,,,,,2.0,3.0,4.0
2025-08-05 09:49:45,1805.9636363636366,979.3163636363637,1429.8763636363635,24.440521637821803,100.0,960.0769344137673,10.0,7.717314720153809,,,,,2.0,3.0,4.0
2025-08-05 09:49:48,1804.1018181818183,977.4545454545455,1431.7381818181818,24.409625749947736,100.0,960.1392373634968,10.0,7.716231346130371,,,,,2.0,3.0,3.0
2025-08-05 09:49:54,1805.9636363636366,979.3163636363637,1429.8763636363635,24.425073692575097,100.0,960.1080870979613,10.0,7.716301918029785,,,,,2.0,3.0,3.0
2025-08-05 09:52:15,1815.2727272727273,986.7636363636365,1431.7381818181818,24.090368855424458,100.0,960.1427254260552,10.0,7.699868202209473,,,,,3.0,4.0,4.0
2025-08-05 09:52:18,1815.2727272727273,990.4872727272729,1433.6000000000001,24.002830870100297,100.0,960.1179662565158,10.0,7.684121608734131,,,,,3.0,4.0,4.0
2025-08-05 09:52:21,1817.1345454545456,994.2109090909092,1435.4618181818184,23.94618868912221,100.0,960.1406312533585,10.0,7.674384593963623,,,,,3.0,4.0,4.0
2025-08-05 09:52:24,1817.1345454545456,990.4872727272729,1431.7381818181818,23.812307310436154,100.0,960.1816800040946,10.0,7.6786651611328125,,,,,3.0,4.0,4.0
2025-08-05 09:52:27,1818.9963636363639,990.4872727272729,1433.6000000000001,23.807158030569553,100.0,960.1737706316857,10.0,7.683228015899658,,,,,2.0,4.0,4.0
2025-08-05 09:52:30,1817.1345454545456,992.3490909090909,1435.4618181818184,23.678426128491992,100.0,960.1678417409248,10.0,7.66618537902832,,,,,2.0,3.0,3.0
2025-08-05 09:52:33,1820.858181818182,994.2109090909092,1433.6000000000001,23.64753049905994,100.0,960.1477785846914,10.0,7.668565273284912,,,,,2.0,4.0,4.0
2025-08-05 09:52:39,1822.72,994.2109090909092,1435.4618181818184,23.48275398570695,100.0,960.1137879802387,10.0,7.665135860443115,,,,,2.0,5.0,5.0
2025-08-05 09:52:42,1820.858181818182,994.2109090909092,1435.4618181818184,23.431261386402184,100.0,960.1442312494223,10.0,7.6575093269348145,,,,,2.0,4.0,4.0
2025-08-05 09:52:45,1822.72,992.3490909090909,1433.6000000000001,23.43641064502299,100.0,960.0973647453498,10.0,7.668602466583252,,,,,2.0,4.0,4.0
2025-08-05 09:52:48,1822.72,992.3490909090909,1435.4618181818184,23.42611212807242,100.0,960.1637080595168,10.0,7.6675920486450195,,,,,2.0,4.0,4.0
2025-08-05 09:52:51,1820.858181818182,990.4872727272729,1435.4618181818184,23.493052509060362,100.0,960.1570025983882,10.0,7.672022819519043,,,,,2.0,4.0,4.0
2025-08-05 09:52:54,1822.72,988.6254545454545,1433.6000000000001,23.498201771173626,100.0,960.137522343644,10.0,7.682910919189453,,,,,2.0,4.0,4.0
2025-08-05 09:52:57,1818.9963636363639,990.4872727272729,1433.6000000000001,23.41066435482935,100.0,960.0851949824465,10.0,7.663545608520508,,,,,2.0,4.0,4.0
2025-08-05 09:53:00,1820.858181818182,994.2109090909092,1439.1854545454546,23.493052509060362,100.0,960.0748274519683,10.0,7.661177635192871,,,,,1.0,2.0,2.0
2025-08-05 09:53:03,1820.858181818182,986.7636363636365,1435.4618181818184,23.683575401082635,100.0,960.0935524041462,10.0,7.693678855895996,,,,,2.0,2.0,2.0
2025-08-05 09:53:06,1818.9963636363639,988.6254545454545,1437.3236363636363,23.89469582788297,100.0,960.143779319396,10.0,7.693647384643555,,,,,1.0,1.0,1.0
2025-08-05 09:53:09,1822.72,990.4872727272729,1433.6000000000001,23.719620317366207,100.0,960.1215192733804,10.0,7.688654899597168,,,,,1.0,2.0,2.0
2025-08-05 09:53:12,1820.858181818182,992.3490909090909,1435.4618181818184,23.657829041039804,100.0,960.1362006401988,10.0,7.674895286560059,,,,,1.0,2.0,2.0
2025-08-05 09:53:15,1820.858181818182,990.4872727272729,1437.3236363636363,23.657829041039804,100.0,960.1088018603209,10.0,7.680817127227783,,,,,1.0,2.0,2.0
2025-08-05 10:05:30,1815.2727272727273,986.7636363636365,1429.8763636363635,24.68768911799998,100.0,960.1270170696671,10.0,7.730589866638184,,,,,2.0,3.0,4.0
2025-08-05 10:05:36,1815.2727272727273,986.7636363636365,1429.8763636363635,24.56410529409186,100.0,960.1020009539499,10.0,7.724433898925781,,,,,3.0,4.0,4.0
2025-08-05 10:05:39,1813.4109090909092,984.9018181818182,1429.8763636363635,24.440521637821803,100.0,959.9946376307013,10.0,7.719830513000488,,,,,4.0,5.0,5.0
2025-08-05 10:05:42,1813.4109090909092,981.1781818181819,1428.0145454545457,24.440521637821803,100.0,960.0495021341421,10.0,7.73087215423584,,,,,3.0,5.0,5.0
2025-08-05 10:05:45,1811.549090909091,984.9018181818182,1428.0145454545457,24.47141753617325,100.0,960.0969225851907,10.0,7.715906620025635,,,,,2.0,4.0,4.0
2025-08-05 10:05:51,1813.4109090909092,984.9018181818182,1431.7381818181818,24.36843124908046,100.0,960.0485744003843,10.0,7.7157416343688965,,,,,3.0,4.0,4.0
2025-08-05 10:05:54,1815.2727272727273,988.6254545454545,1433.6000000000001,24.327236766839633,100.0,960.0401987781297,10.0,7.707026481628418,,,,,2.0,4.0,4.0
2025-08-05 10:06:00,1815.2727272727273,986.7636363636365,1431.7381818181818,24.39417780993972,100.0,960.0880941957225,10.0,7.715831279754639,,,,,3.0,5.0,5.0
2025-08-05 10:06:03,1813.4109090909092,986.7636363636365,1429.8763636363635,24.296340917382622,100.0,960.0476264320906,10.0,7.7063374519348145,,,,,3.0,5.0,6.0
2025-08-05 10:06:09,1813.4109090909092,983.0400000000001,1429.8763636363635,24.378729872551048,100.0,960.0643822453059,10.0,7.721877098083496,,,,,3.0,5.0,6.0
2025-08-05 10:06:15,1813.4109090909092,979.3163636363637,1428.0145454545457,24.62074785924051,100.0,960.0791729021659,10.0,7.745607376098633,,,,,3.0,5.0,6.0
2025-08-05 10:06:21,1815.2727272727273,983.0400000000001,1429.8763636363635,24.450820269441465,100.0,960.065308853674,10.0,7.730335235595703,,,,,3.0,5.0,6.0
2025-08-05 10:06:27,1811.549090909091,981.1781818181819,1429.8763636363635,24.59500123435282,100.0,960.0945402484001,10.0,7.733692646026611,,,,,2.0,4.0,4.0
2025-08-05 10:06:30,1815.2727272727273,986.7636363636365,1433.6000000000001,24.46111890222528,100.0,960.026249358891,10.0,7.7197113037109375,,,,,3.0,5.0,5.0
2025-08-05 10:06:33,1813.4109090909092,986.7636363636365,1433.6000000000001,24.43537232244853,100.0,960.0415988109401,10.0,7.713507652282715,,,,,2.0,3.0,3.0
2025-08-05 10:06:36,1815.2727272727273,986.7636363636365,1429.8763636363635,24.430223007366294,100.0,960.0611273396539,10.0,7.717870712280273,,,,,2.0,5.0,5.0
2025-08-05 10:06:42,1815.2727272727273,988.6254545454545,1429.8763636363635,24.65164381871,100.0,960.0717035507682,10.0,7.723422050476074,,,,,2.0,3.0,3.0
2025-08-05 10:06:48,1815.2727272727273,992.3490909090909,1431.7381818181818,24.502313445002073,100.0,960.0894739847556,10.0,7.70420503616333,,,,,1.0,3.0,3.0
2025-08-05 10:06:54,1817.1345454545456,988.6254545454545,1431.7381818181818,24.56410529409186,100.0,960.0196882302502,10.0,7.72408390045166,,,,,1.0,2.0,2.0
2025-08-05 10:06:57,1817.1345454545456,988.6254545454545,1429.8763636363635,24.450820269441465,100.0,960.065308853674,10.0,7.717948913574219,,,,,1.0,3.0,3.0
2025-08-05 10:09:55,1832.0290909090909,996.0727272727273,1437.3236363636363,24.255146467738086,100.0,960.1215131737258,10.0,7.722789764404297,,,,,3.0,4.0,4.0
2025-08-05 10:10:01,1830.1672727272728,996.0727272727273,1439.1854545454546,24.275743690232048,100.0,960.0160087867149,10.0,7.719834327697754,,,,,3.0,5.0,5.0
2025-08-05 10:10:07,1830.1672727272728,994.2109090909092,1435.4618181818184,24.3838791847229,100.0,960.0174265250587,10.0,7.731086730957031,,,,,2.0,4.0,4.0
2025-08-05 10:10:13,1832.0290909090909,996.0727272727273,1441.047272727273,24.48171617128537,100.0,960.0578614769564,10.0,7.734859466552734,,,,,2.0,4.0,5.0
2025-08-05 10:10:19,1830.1672727272728,994.2109090909092,1439.1854545454546,24.728883763222257,100.0,960.0530105847679,10.0,7.7485127449035645,,,,,2.0,4.0,5.0
2025-08-05 10:10:25,1830.1672727272728,992.3490909090909,1439.1854545454546,24.770078427070985,100.0,960.0613271568456,10.0,7.756280422210693,,,,,3.0,4.0,5.0
2025-08-05 10:10:31,1826.4436363636364,994.2109090909092,1439.1854545454546,25.084188351407647,100.0,960.1039615531495,10.0,7.756821155548096,,,,,3.0,4.0,6.0
2025-08-05 10:10:37,1830.1672727272728,994.2109090909092,1441.047272727273,25.357104410795728,100.0,960.083077574297,10.0,7.780490875244141,,,,,3.0,4.0,4.0
2025-08-05 10:10:40,1826.4436363636364,990.4872727272729,1435.4618181818184,25.47553993621841,100.0,960.0723625639818,10.0,7.788532733917236,,,,,2.0,5.0,5.0
2025-08-05 10:10:46,1826.4436363636364,986.7636363636365,1433.6000000000001,25.645469437266,100.0,960.085564243114,10.0,7.808591365814209,,,,,2.0,5.0,5.0
2025-08-05 10:10:52,1826.4436363636364,986.7636363636365,1433.6000000000001,25.696963288035477,100.0,960.0270751718599,10.0,7.811644077301025,,,,,1.0,4.0,4.0
2025-08-05 10:10:58,1824.5818181818183,994.2109090909092,1433.6000000000001,25.56307933657081,100.0,960.0691838941832,10.0,7.776838302612305,,,,,2.0,4.0,4.0
2025-08-05 10:11:04,1826.4436363636364,994.2109090909092,1433.6000000000001,25.207772880792618,100.0,960.0188844658227,10.0,7.7637619972229,,,,,2.0,5.0,5.0
2025-08-05 10:11:07,1826.4436363636364,999.7963636363637,1437.3236363636363,25.073889648192562,100.0,960.0332453955806,10.0,7.739645957946777,,,,,2.0,4.0,4.0
2025-08-05 10:11:10,1828.3054545454547,999.7963636363637,1433.6000000000001,24.955454644892598,100.0,960.0163192608131,10.0,7.738467216491699,,,,,2.0,4.0,4.0
2025-08-05 10:11:13,1830.1672727272728,999.7963636363637,1437.3236363636363,24.85761714959517,100.0,959.9760432513274,10.0,7.738508224487305,,,,,3.0,4.0,4.0
2025-08-05 10:11:16,1832.0290909090909,1001.6581818181819,1439.1854545454546,24.816422446165234,100.0,960.0775386951452,10.0,7.734715461730957,,,,,3.0,5.0,5.0
2025-08-05 10:11:19,1830.1672727272728,996.0727272727273,1435.4618181818184,24.728883763222257,100.0,960.0804552257229,10.0,7.7425994873046875,,,,,3.0,5.0,5.0
2025-08-05 10:11:25,1832.0290909090909,996.0727272727273,1435.4618181818184,24.65679314630688,100.0,959.9972808134521,10.0,7.744270324707031,,,,,2.0,5.0,5.0
2025-08-05 10:11:31,1830.1672727272728,994.2109090909092,1435.4618181818184,24.56410529409186,100.0,960.0196882302502,10.0,7.740305423736572,,,,,3.0,4.0,4.0
2025-08-05 10:14:49,1820.858181818182,988.6254545454545,1429.8763636363635,25.264415846118936,100.0,960.0508176480462,10.0,7.7692790031433105,,,,,2.0,4.0,4.0
2025-08-05 10:14:55,1820.858181818182,984.9018181818182,1428.0145454545457,25.13568188494537,100.0,959.9907148959996,10.0,7.774556636810303,,,,,3.0,4.0,4.0
2025-08-05 10:15:01,1818.9963636363639,990.4872727272729,1431.7381818181818,25.03784419610747,100.0,960.0328744275408,10.0,7.747313022613525,,,,,3.0,5.0,5.0
2025-08-05 10:15:04,1818.9963636363639,986.7636363636365,1429.8763636363635,25.022396149579436,100.0,959.9542648246965,10.0,7.758528709411621,,,,,2.0,4.0,4.0
2025-08-05 10:15:10,1818.9963636363639,986.7636363636365,1429.8763636363635,25.006948105670745,100.0,959.9854840950838,10.0,7.757511138916016,,,,,2.0,5.0,5.0
2025-08-05 10:15:16,1820.858181818182,983.0400000000001,1428.0145454545457,25.006948105670745,100.0,959.9580275999666,10.0,7.773913383483887,,,,,2.0,4.0,4.0
2025-08-05 10:15:22,1820.858181818182,990.4872727272729,1433.6000000000001,25.017246801318834,100.0,960.0012807761207,10.0,7.751255989074707,,,,,1.0,4.0,4.0
2025-08-05 10:15:25,1818.9963636363639,984.9018181818182,1429.8763636363635,25.03784419610747,100.0,959.9779587429022,10.0,7.764865875244141,,,,,2.0,4.0,4.0
2025-08-05 10:15:28,1820.858181818182,986.7636363636365,1429.8763636363635,24.9400066123344,100.0,959.9377151886346,10.0,7.759195327758789,,,,,2.0,3.0,3.0
2025-08-05 10:15:31,1820.858181818182,988.6254545454545,1429.8763636363635,24.924558582395548,100.0,959.9963787897941,10.0,7.752262115478516,,,,,2.0,4.0,4.0
2025-08-05 10:15:34,1822.72,984.9018181818182,1429.8763636363635,24.924558582395548,100.0,959.968925818828,10.0,7.768664360046387,,,,,2.0,3.0,3.0
2025-08-05 10:15:40,1820.858181818182,992.3490909090909,1433.6000000000001,24.950305300415494,100.0,960.0084202934474,10.0,7.742059707641602,,,,,3.0,4.0,4.0
2025-08-05 10:15:46,1824.5818181818183,994.2109090909092,1431.7381818181818,24.775227761361748,100.0,959.9594416235869,10.0,7.7372541427612305,,,,,3.0,4.0,4.0
2025-08-05 10:15:49,1826.4436363636364,997.9345454545455,1435.4618181818184,24.646494491404155,100.0,959.9814784772044,10.0,7.723822593688965,,,,,3.0,5.0,5.0
2025-08-05 10:15:52,1828.3054545454547,1001.6581818181819,1435.4618181818184,24.56925461674109,100.0,959.972714845585,10.0,7.713268756866455,,,,,3.0,4.0,4.0
2025-08-05 10:15:55,1830.1672727272728,999.7963636363637,1435.4618181818184,24.533209364308277,100.0,959.9997121995581,10.0,7.721714496612549,,,,,2.0,4.0,4.0
2025-08-05 10:16:01,1832.0290909090909,1001.6581818181819,1435.4618181818184,24.502313445002073,100.0,959.9797343508832,10.0,7.719325065612793,,,,,2.0,4.0,4.0
2025-08-05 10:16:04,1832.0290909090909,999.7963636363637,1439.1854545454546,24.615598533680895,100.0,959.9889514795899,10.0,7.730776786804199,,,,,2.0,4.0,4.0
2025-08-05 10:16:07,1835.7527272727275,1001.6581818181819,1439.1854545454546,24.661942474194802,100.0,959.922856911595,10.0,7.737454414367676,,,,,3.0,5.0,5.0
2025-08-05 10:16:13,1833.8909090909092,997.9345454545455,1437.3236363636363,24.842169133626157,100.0,960.0346934269236,10.0,7.752549171447754,,,,,3.0,5.0,5.0
2025-08-05 10:33:04,1843.2000000000003,990.4872727272729,1439.1854545454546,27.288137620780617,100.0,959.9596682040745,10.0,7.9251627922058105,,,,,4.0,5.0,5.0
2025-08-05 10:33:07,1841.338181818182,986.7636363636365,1439.1854545454546,27.550761298887664,100.0,959.9756490754911,10.0,7.9451704025268555,,,,,4.0,4.0,4.0
2025-08-05 10:33:10,1839.4763636363637,984.9018181818182,1437.3236363636363,27.62285420569242,100.0,960.0032347446812,10.0,7.949615001678467,,,,,3.0,4.0,4.0
2025-08-05 10:33:13,1839.4763636363637,992.3490909090909,1439.1854545454546,27.21604497882072,100.0,959.9320064674179,10.0,7.906407356262207,,,,,3.0,4.0,4.0
2025-08-05 10:33:16,1841.338181818182,999.7963636363637,1441.047272727273,26.937973894178867,100.0,959.9746759906802,10.0,7.873745918273926,,,,,3.0,4.0,4.0
2025-08-05 10:33:19,1843.2000000000003,1001.6581818181819,1441.047272727273,26.768041982461,100.0,959.9623444373684,10.0,7.864173889160156,,,,,3.0,4.0,4.0
2025-08-05 10:33:22,1843.2000000000003,999.7963636363637,1441.047272727273,26.623857578641037,100.0,959.9067548212593,10.0,7.8628997802734375,,,,,3.0,5.0,5.0
2025-08-05 10:33:28,1841.338181818182,999.7963636363637,1439.1854545454546,26.263397567352513,100.0,959.9325932017101,10.0,7.839478492736816,,,,,3.0,5.0,5.0
2025-08-05 10:33:31,1845.0618181818181,1003.5200000000001,1439.1854545454546,26.088317504996667,100.0,960.0219559109177,10.0,7.8279619216918945,,,,,3.0,5.0,5.0
2025-08-05 10:33:34,1845.0618181818181,1005.3818181818183,1442.909090909091,26.02137521712575,100.0,959.946888021035,10.0,7.819353103637695,,,,,3.0,4.0,4.0
2025-08-05 10:33:37,1846.9236363636364,1003.5200000000001,1441.047272727273,25.964731781190494,100.0,959.9425930004733,10.0,7.826962947845459,,,,,4.0,6.0,6.0
2025-08-05 10:33:40,1843.2000000000003,999.7963636363637,1442.909090909091,26.314891767367953,100.0,959.9014226360247,10.0,7.84710693359375,,,,,4.0,6.0,6.0
2025-08-05 10:33:43,1845.0618181818181,996.0727272727273,1441.047272727273,26.613558701385045,100.0,959.946036067767,10.0,7.87830114364624,,,,,4.0,6.0,6.0
2025-08-05 10:33:46,1841.338181818182,996.0727272727273,1444.770909090909,26.907077159383334,100.0,959.9549177304451,10.0,7.883741855621338,,,,,3.0,5.0,5.0
2025-08-05 10:33:52,1841.338181818182,994.2109090909092,1444.770909090909,27.31388500673347,100.0,959.9990675949552,10.0,7.909991264343262,,,,,3.0,4.0,4.0
2025-08-05 10:33:55,1841.338181818182,992.3490909090909,1442.909090909091,27.226343924179673,100.0,960.002870189752,10.0,7.91119384765625,,,,,3.0,4.0,4.0
2025-08-05 10:33:58,1841.338181818182,992.3490909090909,1441.047272727273,27.200596562965075,100.0,959.9359165650354,10.0,7.910356044769287,,,,,3.0,4.0,4.0
2025-08-05 10:34:01,1837.6145454545454,988.6254545454545,1439.1854545454546,27.24694181839004,100.0,959.9517354001297,10.0,7.914516925811768,,,,,2.0,3.0,3.0
2025-08-05 10:34:04,1837.6145454545454,990.4872727272729,1439.1854545454546,27.37567876270623,100.0,959.9282799340606,10.0,7.915561199188232,,,,,3.0,4.0,4.0
2025-08-05 10:34:10,1843.2000000000003,992.3490909090909,1441.047272727273,27.705246169032762,100.0,959.9638436614549,10.0,7.940788269042969,,,,,3.0,5.0,5.0
2025-08-05 10:37:58,1858.0945454545456,1010.9672727272728,1457.8036363636365,24.744331759982742,100.0,959.8571520507965,10.0,7.783198356628418,,,,,4.0,9.0,9.0
2025-08-05 10:38:01,1859.9563636363637,1012.829090909091,1459.6654545454546,24.759779759362573,100.0,959.9357419076562,10.0,7.784111976623535,,,,,4.0,9.0,9.0
2025-08-05 10:38:04,1856.2327272727275,1010.9672727272728,1457.8036363636365,24.744331759982742,100.0,959.8845972209847,10.0,7.7770819664001465,,,,,3.0,9.0,9.0
2025-08-05 10:38:07,1858.0945454545456,1007.2436363636364,1457.8036363636365,24.842169133626157,100.0,959.8974462856338,10.0,7.7974853515625,,,,,3.0,8.0,8.0
2025-08-05 10:38:10,1856.2327272727275,1003.5200000000001,1455.9418181818182,24.883363848697627,100.0,959.9057359156295,10.0,7.803612232208252,,,,,3.0,8.0,8.0
2025-08-05 10:38:13,1856.2327272727275,1007.2436363636364,1459.6654545454546,24.842169133626157,100.0,959.8974462856338,10.0,7.791548252105713,,,,,4.0,8.0,8.0
2025-08-05 10:38:16,1852.509090909091,1005.3818181818183,1457.8036363636365,24.893662530375877,100.0,959.9489848609318,10.0,7.786735534667969,,,,,3.0,7.0,7.0
2025-08-05 10:38:19,1854.3709090909092,1007.2436363636364,1459.6654545454546,24.87306516818353,100.0,959.9448401205301,10.0,7.786639213562012,,,,,3.0,7.0,7.0
2025-08-05 10:38:22,1854.3709090909092,1005.3818181818183,1457.8036363636365,24.96575333471992,100.0,959.922298335836,10.0,7.795959949493408,,,,,3.0,6.0,6.0
2025-08-05 10:38:25,1854.3709090909092,1005.3818181818183,1457.8036363636365,25.068740297021577,100.0,959.9155106583123,10.0,7.800455093383789,,,,,3.0,6.0,6.0
2025-08-05 10:38:28,1852.509090909091,1001.6581818181819,1455.9418181818182,25.197474163607694,100.0,959.9756258511553,10.0,7.810009956359863,,,,,3.0,5.0,5.0
2025-08-05 10:38:31,1854.3709090909092,1003.5200000000001,1457.8036363636365,25.22322095875279,100.0,959.9601781989212,10.0,7.812000274658203,,,,,3.0,4.0,4.0
2025-08-05 10:38:34,1854.3709090909092,999.7963636363637,1457.8036363636365,25.171727375738556,100.0,959.9086790258857,10.0,7.8204474449157715,,,,,3.0,4.0,4.0
2025-08-05 10:38:37,1852.509090909091,999.7963636363637,1457.8036363636365,25.166578019037843,100.0,959.9007826640424,10.0,7.8143391609191895,,,,,2.0,4.0,4.0
2025-08-05 10:38:40,1852.509090909091,1005.3818181818183,1459.6654545454546,25.182026090013096,100.0,960.0068638091656,10.0,7.798804759979248,,,,,3.0,5.0,5.0
2025-08-05 10:38:43,1850.647272727273,1007.2436363636364,1457.8036363636365,25.06359094614163,100.0,959.9076134212389,10.0,7.783253192901611,,,,,2.0,4.0,4.0
2025-08-05 10:38:49,1856.2327272727275,1012.829090909091,1457.8036363636365,24.87306516818353,100.0,959.9448401205301,10.0,7.777072906494141,,,,,3.0,5.0,5.0
2025-08-05 10:38:55,1856.2327272727275,1014.6909090909091,1457.8036363636365,24.816422446165234,100.0,959.8579520884704,10.0,7.770044326782227,,,,,2.0,4.0,4.0
2025-08-05 10:38:58,1859.9563636363637,1020.2763636363636,1463.389090909091,24.728883763222257,100.0,959.9157876592939,10.0,7.762251853942871,,,,,3.0,5.0,5.0
2025-08-05 10:39:01,1859.9563636363637,1020.2763636363636,1461.5272727272727,24.625897185091162,100.0,959.9224339577756,10.0,7.757752895355225,,,,,3.0,5.0,5.0
2025-08-05 10:40:19,1865.5418181818181,1014.6909090909091,1467.1127272727272,24.893662530375877,100.0,959.8666300733306,10.0,7.8029937744140625,,,,,3.0,4.0,4.0
2025-08-05 10:40:25,1865.5418181818181,1016.5527272727272,1467.1127272727272,24.69283844763413,100.0,959.8879315714966,10.0,7.789008140563965,,,,,3.0,3.0,3.0
2025-08-05 10:40:31,1863.68,1020.2763636363636,1467.1127272727272,24.605299883434782,100.0,959.8359524571805,10.0,7.769306659698486,,,,,2.0,3.0,3.0
2025-08-05 10:40:34,1863.68,1020.2763636363636,1468.9745454545455,24.553806649666512,100.0,959.8666988160688,10.0,7.766878604888916,,,,,2.0,3.0,3.0
2025-08-05 10:40:40,1861.818181818182,1016.5527272727272,1465.2509090909093,24.661942474194802,100.0,959.785648773254,10.0,7.776488304138184,,,,,2.0,3.0,3.0
2025-08-05 10:40:43,1865.5418181818181,1018.4145454545455,1465.2509090909093,24.57955326291267,100.0,959.8787656598917,10.0,7.779007911682129,,,,,3.0,4.0,4.0
2025-08-05 10:40:49,1865.5418181818181,1016.5527272727272,1467.1127272727272,24.49716412613634,100.0,959.8895282397119,10.0,7.780543804168701,,,,,3.0,5.0,5.0
2025-08-05 10:40:55,1863.68,1016.5527272727272,1463.389090909091,24.48686548927799,100.0,959.8188569131073,10.0,7.774637222290039,,,,,4.0,5.0,5.0
2025-08-05 10:41:01,1863.68,1014.6909090909091,1467.1127272727272,24.52291072337539,100.0,959.8467293137014,10.0,7.781177997589111,,,,,4.0,5.0,5.0
2025-08-05 10:41:07,1861.818181818182,1012.829090909091,1463.389090909091,24.48686548927799,100.0,959.8737251504801,10.0,7.778670310974121,,,,,4.0,6.0,6.0
2025-08-05 10:41:10,1863.68,1016.5527272727272,1468.9745454545455,24.48686548927799,100.0,959.8462910224906,10.0,7.7744598388671875,,,,,4.0,5.0,5.0
2025-08-05 10:41:13,1863.68,1016.5527272727272,1468.9745454545455,24.502313445002073,100.0,959.8151254582813,10.0,7.77532958984375,,,,,4.0,5.0,5.0
2025-08-05 10:41:16,1863.68,1010.9672727272728,1463.389090909091,24.57955326291267,100.0,959.8238894708232,10.0,7.794111728668213,,,,,4.0,5.0,5.0
2025-08-05 10:41:22,1861.818181818182,1010.9672727272728,1465.2509090909093,24.87306516818353,100.0,959.8624879899509,10.0,7.800599575042725,,,,,3.0,4.0,4.0
2025-08-05 10:41:28,1861.818181818182,1009.1054545454546,1465.2509090909093,25.346805676730582,100.0,959.9024585195564,10.0,7.825963020324707,,,,,3.0,5.0,6.0
2025-08-05 10:41:31,1858.0945454545456,1009.1054545454546,1465.2509090909093,25.65576820509159,100.0,959.9364463504564,10.0,7.827217102050781,,,,,3.0,4.0,6.0
2025-08-05 10:41:34,1858.0945454545456,1003.5200000000001,1461.5272727272727,25.815399255254306,100.0,959.8787297433763,10.0,7.8499956130981445,,,,,3.0,4.0,6.0
2025-08-05 10:41:37,1856.2327272727275,1003.5200000000001,1461.5272727272727,25.90293898215168,100.0,959.8754056367968,10.0,7.848132610321045,,,,,3.0,4.0,6.0
2025-08-05 10:41:40,1854.3709090909092,1001.6581818181819,1463.389090909091,25.861743806075538,100.0,959.9222565373367,10.0,7.846631050109863,,,,,3.0,4.0,6.0
2025-08-05 10:41:46,1854.3709090909092,1005.3818181818183,1459.6654545454546,25.758755947375903,100.0,959.9018848029478,10.0,7.830356597900391,,,,,3.0,5.0,7.0
2025-08-05 10:44:52,1848.7854545454547,1005.3818181818183,1454.0800000000002,25.346805676730582,100.0,959.9024585195564,10.0,7.794752597808838,,,,,5.0,5.0,5.0
2025-08-05 10:44:58,1848.7854545454547,1007.2436363636364,1457.8036363636365,25.403448728495277,100.0,959.9343572161456,10.0,7.791822910308838,,,,,5.0,5.0,5.0
2025-08-05 10:45:01,1850.647272727273,1007.2436363636364,1457.8036363636365,25.305610752111534,100.0,959.8942383082596,10.0,7.7937912940979,,,,,4.0,5.0,5.0
2025-08-05 10:45:04,1848.7854545454547,1009.1054545454546,1455.9418181818182,25.25411712253117,100.0,959.8702216196639,10.0,7.780632972717285,,,,,4.0,4.0,4.0
2025-08-05 10:45:07,1850.647272727273,1007.2436363636364,1457.8036363636365,25.28501329678693,100.0,959.8901260927678,10.0,7.79293155670166,,,,,3.0,3.0,3.0
2025-08-05 10:45:13,1852.509090909091,1007.2436363636364,1457.8036363636365,25.32620821209275,100.0,959.8708789956985,10.0,7.800774097442627,,,,,3.0,4.0,4.0
2025-08-05 10:45:19,1852.509090909091,1007.2436363636364,1455.9418181818182,25.197474163607694,100.0,959.8932319406803,10.0,7.79506778717041,,,,,3.0,4.0,4.0
2025-08-05 10:45:25,1852.509090909091,1003.5200000000001,1457.8036363636365,25.264415846118936,100.0,959.9134799538188,10.0,7.80815315246582,,,,,3.0,4.0,4.0
2025-08-05 10:45:28,1852.509090909091,1001.6581818181819,1457.8036363636365,25.305610752111534,100.0,959.9217075626846,10.0,7.815038681030273,,,,,3.0,4.0,4.0
2025-08-05 10:45:31,1848.7854545454547,997.9345454545455,1454.0800000000002,25.60427437760518,100.0,959.8850021305672,10.0,7.830836296081543,,,,,3.0,5.0,5.0
2025-08-05 10:45:37,1848.7854545454547,997.9345454545455,1459.6654545454546,25.738158389605815,100.0,959.8978062252834,10.0,7.837601661682129,,,,,4.0,6.0,6.0
2025-08-05 10:45:43,1850.647272727273,1003.5200000000001,1455.9418181818182,25.511585561471293,100.0,959.9902393221856,10.0,7.812936782836914,,,,,4.0,5.0,5.0
2025-08-05 10:45:46,1848.7854545454547,1009.1054545454546,1454.0800000000002,25.372552514076233,100.0,959.8869892064143,10.0,7.785633087158203,,,,,4.0,6.0,6.0
2025-08-05 10:45:49,1854.3709090909092,1012.829090909091,1457.8036363636365,25.233519678848097,100.0,959.8935724764084,10.0,7.78705358505249,,,,,4.0,6.0,6.0
2025-08-05 10:45:52,1854.3709090909092,1012.829090909091,1459.6654545454546,25.25411712253117,100.0,959.9526227676747,10.0,7.787557601928711,,,,,5.0,6.0,6.0
2025-08-05 10:45:55,1856.2327272727275,1014.6909090909091,1461.5272727272727,25.140831239899853,100.0,959.9436877766907,10.0,7.783487796783447,,,,,5.0,6.0,6.0
2025-08-05 10:46:01,1856.2327272727275,1012.829090909091,1461.5272727272727,25.04814289524802,100.0,959.9388382944572,10.0,7.784678936004639,,,,,5.0,5.0,5.0
2025-08-05 10:46:04,1858.0945454545456,1010.9672727272728,1459.6654545454546,25.001798758283257,100.0,959.8403046319401,10.0,7.794434070587158,,,,,4.0,5.0,5.0
2025-08-05 10:46:07,1856.2327272727275,1010.9672727272728,1457.8036363636365,25.006948105670745,100.0,959.8207454039234,10.0,7.788853168487549,,,,,4.0,5.0,5.0
2025-08-05 10:46:10,1856.2327272727275,1009.1054545454546,1459.6654545454546,25.001798758283257,100.0,959.8677608264286,10.0,7.793481826782227,,,,,4.0,5.0,5.0
2025-08-05 10:49:44,1854.3709090909092,1005.3818181818183,1457.8036363636365,26.77834087717929,100.0,959.8129182022287,10.0,7.882956504821777,,,,,3.0,6.0,6.0
2025-08-05 10:49:50,1854.3709090909092,1007.2436363636364,1455.9418181818182,26.623857578641037,100.0,959.7966518684864,10.0,7.869440078735352,,,,,3.0,5.0,5.0
2025-08-05 10:49:56,1856.2327272727275,1010.9672727272728,1457.8036363636365,26.23765047825873,100.0,959.8106267166866,10.0,7.842879295349121,,,,,4.0,6.0,6.0
2025-08-05 10:50:02,1858.0945454545456,1020.2763636363636,1459.6654545454546,25.908088380470872,100.0,959.8558008577093,10.0,7.807661533355713,,,,,5.0,7.0,7.0
2025-08-05 10:50:05,1863.68,1018.4145454545455,1459.6654545454546,25.779353509802604,100.0,959.7685143887483,10.0,7.825651168823242,,,,,4.0,7.0,7.0
2025-08-05 10:50:08,1861.818181818182,1020.2763636363636,1463.389090909091,25.681515129748732,100.0,959.8384835244506,10.0,7.8098578453063965,,,,,3.0,7.0,7.0
2025-08-05 10:50:11,1863.68,1020.2763636363636,1461.5272727272727,25.702112674713135,100.0,959.7875920492827,10.0,7.8170166015625,,,,,2.0,8.0,8.0
2025-08-05 10:50:17,1865.5418181818181,1018.4145454545455,1463.389090909091,25.846295619849116,100.0,959.7611217914931,10.0,7.834523677825928,,,,,3.0,9.0,9.0
2025-08-05 10:50:20,1863.68,1016.5527272727272,1461.5272727272727,25.90293898215168,100.0,959.765426422124,10.0,7.836171627044678,,,,,3.0,9.0,9.0
2025-08-05 10:50:23,1863.68,1018.4145454545455,1465.2509090909093,25.985329390183324,100.0,959.8091641820157,10.0,7.834280967712402,,,,,3.0,9.0,9.0
2025-08-05 10:50:26,1865.5418181818181,1010.9672727272728,1459.6654545454546,25.985329390183324,100.0,959.8091641820157,10.0,7.860878944396973,,,,,2.0,8.0,8.0
2025-08-05 10:50:32,1865.5418181818181,1014.6909090909091,1461.5272727272727,25.882341391785303,100.0,959.8163508317339,10.0,7.846046447753906,,,,,3.0,7.0,7.0
2025-08-05 10:50:38,1863.68,1012.829090909091,1461.5272727272727,25.969881183002144,100.0,959.812994759463,10.0,7.849081039428711,,,,,4.0,6.0,6.0
2025-08-05 10:50:44,1861.818181818182,1009.1054545454546,1461.5272727272727,25.975030585104832,100.0,959.8208839892972,10.0,7.853653907775879,,,,,2.0,4.0,4.0
2025-08-05 10:50:50,1856.2327272727275,1012.829090909091,1463.389090909091,25.918387177982368,100.0,959.7890946157427,10.0,7.823278427124023,,,,,3.0,4.0,4.0
2025-08-05 10:50:56,1863.68,1010.9672727272728,1461.5272727272727,25.73300900089089,100.0,959.7799643573846,10.0,7.844229698181152,,,,,2.0,3.0,3.0
2025-08-05 10:51:02,1863.68,1012.829090909091,1463.389090909091,25.614573140774155,100.0,959.790857812693,10.0,7.8338823318481445,,,,,2.0,3.0,3.0
2025-08-05 10:51:08,1861.818181818182,1007.2436363636364,1461.5272727272727,25.645469437266,100.0,959.8382094943081,10.0,7.844457626342773,,,,,2.0,3.0,3.0
2025-08-05 10:51:14,1861.818181818182,1009.1054545454546,1461.5272727272727,25.557929957751185,100.0,959.8414485229654,10.0,7.8354902267456055,,,,,2.0,4.0,4.0
2025-08-05 10:51:20,1861.818181818182,1012.829090909091,1463.389090909091,25.50128680994385,100.0,959.8095849015102,10.0,7.822924613952637,,,,,3.0,5.0,5.0
2025-08-05 11:04:26,1858.0945454545456,1005.3818181818183,1450.3563636363638,26.459075682243565,100.0,959.6269365270796,10.0,7.877472877502441,,,,,3.0,4.0,5.0
2025-08-05 11:04:29,1859.9563636363637,1005.3818181818183,1450.3563636363638,26.577512640156783,100.0,959.698174623972,10.0,7.8877973556518555,,,,,3.0,4.0,5.0
2025-08-05 11:04:35,1859.9563636363637,1003.5200000000001,1452.2181818181818,26.598110387683846,100.0,959.7021838720742,10.0,7.8945417404174805,,,,,3.0,4.0,5.0
2025-08-05 11:04:41,1856.2327272727275,1001.6581818181819,1452.2181818181818,26.701099195168354,100.0,959.6671509719869,10.0,7.896258354187012,,,,,3.0,4.0,4.0
2025-08-05 11:04:44,1858.0945454545456,999.7963636363637,1452.2181818181818,26.73714530529105,100.0,959.7223266068856,10.0,7.908188819885254,,,,,2.0,3.0,3.0
2025-08-05 11:04:47,1859.9563636363637,999.7963636363637,1454.0800000000002,26.77834087717929,100.0,959.6201923028541,10.0,7.91580867767334,,,,,2.0,3.0,3.0
2025-08-05 11:04:50,1856.2327272727275,1003.5200000000001,1454.0800000000002,26.695949752029264,100.0,959.6867975400573,10.0,7.89013147354126,,,,,3.0,4.0,4.0
2025-08-05 11:04:56,1858.0945454545456,1001.6581818181819,1452.2181818181818,26.592960950365523,100.0,959.666776319007,10.0,7.895489692687988,,,,,2.0,3.0,3.0
2025-08-05 11:05:02,1858.0945454545456,999.7963636363637,1452.2181818181818,26.665053099306533,100.0,959.667031201599,10.0,7.904891014099121,,,,,3.0,4.0,4.0
2025-08-05 11:05:08,1856.2327272727275,1005.3818181818183,1457.8036363636365,26.701099195168354,100.0,959.6671509719869,10.0,7.884819030761719,,,,,3.0,4.0,4.0
2025-08-05 11:05:14,1856.2327272727275,1003.5200000000001,1454.0800000000002,26.917376069817692,100.0,959.6677621468008,10.0,7.901615142822266,,,,,2.0,4.0,4.0
2025-08-05 11:05:20,1858.0945454545456,1001.6581818181819,1452.2181818181818,26.81953646769398,100.0,959.6557081981188,10.0,7.907169818878174,,,,,3.0,4.0,4.0
2025-08-05 11:05:26,1856.2327272727275,1003.5200000000001,1454.0800000000002,26.63415645706118,100.0,959.7298412147876,10.0,7.886651039123535,,,,,3.0,4.0,4.0
2025-08-05 11:05:32,1858.0945454545456,1001.6581818181819,1454.0800000000002,26.531167725246632,100.0,959.6272249658766,10.0,7.89260196685791,,,,,3.0,4.0,4.0
2025-08-05 11:05:38,1856.2327272727275,1003.5200000000001,1454.0800000000002,26.386983696284005,100.0,959.5991122333893,10.0,7.8749237060546875,,,,,2.0,3.0,3.0
2025-08-05 11:05:44,1856.2327272727275,1001.6581818181819,1454.0800000000002,26.381834270898253,100.0,959.7012890071231,10.0,7.879650115966797,,,,,3.0,4.0,4.0
2025-08-05 11:05:50,1854.3709090909092,999.7963636363637,1455.9418181818182,26.500271128403256,100.0,959.579926247424,10.0,7.887540340423584,,,,,2.0,3.0,3.0
2025-08-05 11:05:53,1854.3709090909092,999.7963636363637,1454.0800000000002,26.546616027597338,100.0,959.5958301005019,10.0,7.889799118041992,,,,,3.0,4.0,4.0
2025-08-05 11:05:56,1854.3709090909092,999.7963636363637,1454.0800000000002,26.52086885846802,100.0,959.6665009864586,10.0,7.887973308563232,,,,,3.0,4.0,4.0
2025-08-05 11:05:59,1854.3709090909092,997.9345454545455,1454.0800000000002,26.65475421739393,100.0,959.6512663665883,10.0,7.900659561157227,,,,,3.0,4.0,4.0
2025-08-05 11:06:05,1852.509090909091,1001.6581818181819,1455.9418181818182,26.768041982461,100.0,959.6319618232171,10.0,7.890398025512695,,,,,3.0,5.0,5.0
2025-08-05 11:06:08,1854.3709090909092,999.7963636363637,1455.9418181818182,26.78349032497499,100.0,959.600541036395,10.0,7.901909828186035,,,,,3.0,4.0,5.0
2025-08-05 11:06:11,1854.3709090909092,999.7963636363637,1454.0800000000002,26.762892535538413,100.0,959.5965489742927,10.0,7.900881290435791,,,,,3.0,4.0,5.0
2025-08-05 11:06:14,1856.2327272727275,1003.5200000000001,1455.9418181818182,26.62900701770559,100.0,959.6393804930717,10.0,7.8870391845703125,,,,,3.0,4.0,5.0
2025-08-05 11:06:17,1854.3709090909092,1001.6581818181819,1454.0800000000002,26.56721376813948,100.0,959.5998383721403,10.0,7.885109901428223,,,,,3.0,4.0,4.0
2025-08-05 11:06:20,1854.3709090909092,1003.5200000000001,1455.9418181818182,26.397282547928626,100.0,959.5873646623813,10.0,7.87077522277832,,,,,3.0,4.0,4.0
2025-08-05 11:06:26,1854.3709090909092,1003.5200000000001,1455.9418181818182,26.402431974187493,100.0,959.5677325527386,10.0,7.8711748123168945,,,,,3.0,4.0,4.0
2025-08-05 11:06:47,1852.509090909091,997.9345454545455,1455.9418181818182,26.979169556871057,100.0,959.5970836496595,10.0,7.91290807723999,,,,,3.0,4.0,4.0
2025-08-05 11:06:50,1850.647272727273,997.9345454545455,1452.2181818181818,26.88132988839061,100.0,959.6401364344546,10.0,7.9028167724609375,,,,,3.0,4.0,4.0
2025-08-05 11:06:53,1852.509090909091,999.7963636363637,1454.0800000000002,26.71654752633185,100.0,959.5806792676423,10.0,7.893845558166504,,,,,3.0,4.0,4.0
2025-08-05 11:06:56,1850.647272727273,999.7963636363637,1454.0800000000002,26.65475421739393,100.0,959.5411588092571,10.0,7.886199474334717,,,,,3.0,4.0,4.0
2025-08-05 11:07:02,1852.509090909091,1005.3818181818183,1457.8036363636365,26.443627394735813,100.0,959.6032853325199,10.0,7.862546443939209,,,,,3.0,4.0,4.0
2025-08-05 11:07:08,1854.3709090909092,1003.5200000000001,1455.9418181818182,26.386983696284005,100.0,959.5715968343212,10.0,7.870358943939209,,,,,3.0,4.0,4.0
2025-08-05 11:07:14,1856.2327272727275,1003.5200000000001,1455.9418181818182,26.474523972370662,100.0,959.5955495753941,10.0,7.8794403076171875,,,,,2.0,4.0,4.0
2025-08-05 11:07:17,1852.509090909091,1003.5200000000001,1454.0800000000002,26.30459292503656,100.0,959.6105285548749,10.0,7.861083030700684,,,,,2.0,4.0,4.0
2025-08-05 11:07:20,1856.2327272727275,1007.2436363636364,1455.9418181818182,26.335489455523202,100.0,959.492759103237,10.0,7.861623287200928,,,,,2.0,3.0,3.0
2025-08-05 11:07:23,1854.3709090909092,1005.3818181818183,1457.8036363636365,26.598110387683846,100.0,959.5645614447155,10.0,7.875510215759277,,,,,2.0,4.0,4.0
2025-08-05 11:07:26,1856.2327272727275,1005.3818181818183,1455.9418181818182,26.500271128403256,100.0,959.579926247424,10.0,7.875156402587891,,,,,2.0,4.0,4.0
2025-08-05 11:07:32,1854.3709090909092,1001.6581818181819,1455.9418181818182,26.531167725246632,100.0,959.5997033647099,10.0,7.883267402648926,,,,,3.0,3.0,3.0
2025-08-05 11:07:35,1856.2327272727275,1003.5200000000001,1455.9418181818182,26.386983696284005,100.0,959.5715968343212,10.0,7.875133037567139,,,,,3.0,4.0,5.0
2025-08-05 11:07:38,1856.2327272727275,1003.5200000000001,1455.9418181818182,26.3251906108635,100.0,959.5870426910901,10.0,7.871848106384277,,,,,3.0,4.0,5.0
2025-08-05 11:07:41,1854.3709090909092,1007.2436363636364,1457.8036363636365,26.263397567352513,100.0,959.6024705198926,10.0,7.852369785308838,,,,,3.0,4.0,5.0
2025-08-05 11:07:47,1854.3709090909092,1001.6581818181819,1457.8036363636365,26.366385996487224,100.0,959.5675759543483,10.0,7.8750457763671875,,,,,3.0,4.0,7.0
2025-08-05 11:07:50,1854.3709090909092,999.7963636363637,1457.8036363636365,26.314891767367953,100.0,959.5437614227377,10.0,7.878303527832031,,,,,3.0,4.0,7.0
2025-08-05 11:07:53,1850.647272727273,997.9345454545455,1457.8036363636365,26.23765047825873,100.0,959.563045135576,10.0,7.870381832122803,,,,,3.0,4.0,7.0
2025-08-05 11:07:56,1852.509090909091,997.9345454545455,1457.8036363636365,26.294294083869318,100.0,959.5672474372294,10.0,7.8780293464660645,,,,,3.0,3.0,5.0
2025-08-05 11:08:02,1852.509090909091,994.2109090909092,1454.0800000000002,26.21705281222239,100.0,959.6140295633145,10.0,7.885165691375732,,,,,3.0,3.0,5.0
2025-08-05 11:08:05,1852.509090909091,996.0727272727273,1457.8036363636365,26.093466913793236,100.0,959.5072900947042,10.0,7.8738884925842285,,,,,3.0,4.0,6.0
2025-08-05 11:08:08,1852.509090909091,997.9345454545455,1455.9418181818182,26.119213962141657,100.0,959.6017267823581,10.0,7.868804931640625,,,,,3.0,4.0,6.0
2025-08-05 11:08:11,1850.647272727273,999.7963636363637,1455.9418181818182,26.016225812403718,100.0,959.6090025723414,10.0,7.852993011474609,,,,,3.0,4.0,4.0
2025-08-05 11:08:14,1854.3709090909092,1001.6581818181819,1455.9418181818182,25.877191994921304,100.0,959.6160055141486,10.0,7.849630355834961,,,,,3.0,5.0,5.0
2025-08-05 11:08:17,1854.3709090909092,1009.1054545454546,1461.5272727272727,25.810249862173805,100.0,959.568440388794,10.0,7.824471950531006,,,,,3.0,5.0,5.0
2025-08-05 11:08:20,1856.2327272727275,1010.9672727272728,1459.6654545454546,25.71756083649234,100.0,959.5363980451021,10.0,7.821446895599365,,,,,4.0,6.0,6.0
2025-08-05 11:08:23,1854.3709090909092,1005.3818181818183,1459.6654545454546,25.727859612467,100.0,959.5246889065825,10.0,7.831533432006836,,,,,4.0,6.0,6.0
2025-08-05 11:08:26,1854.3709090909092,1003.5200000000001,1457.8036363636365,25.835996830486692,100.0,959.6078831004583,10.0,7.841858386993408,,,,,3.0,5.0,5.0
2025-08-05 11:08:29,1854.3709090909092,1001.6581818181819,1457.8036363636365,25.908088380470872,100.0,959.5533564548242,10.0,7.851662635803223,,,,,3.0,5.0,5.0
2025-08-05 11:08:32,1856.2327272727275,1005.3818181818183,1455.9418181818182,25.769054728007177,100.0,959.5877999168096,10.0,7.83882999420166,,,,,3.0,5.0,5.0
2025-08-05 11:08:35,1856.2327272727275,1003.5200000000001,1455.9418181818182,25.748457167908782,100.0,959.6112202603962,10.0,7.842949390411377,,,,,3.0,5.0,5.0
2025-08-05 11:08:38,1856.2327272727275,1010.9672727272728,1459.6654545454546,25.70726206168183,100.0,959.6855377716763,10.0,7.820012092590332,,,,,3.0,5.0,5.0
2025-08-05 11:08:41,1858.0945454545456,1007.2436363636364,1459.6654545454546,25.666066974081332,100.0,959.539962925494,10.0,7.835464954376221,,,,,2.0,4.0,6.0
2025-08-05 11:08:47,1854.3709090909092,1001.6581818181819,1457.8036363636365,25.851445014966885,100.0,959.5765641147026,10.0,7.848595142364502,,,,,3.0,5.0,6.0
2025-08-05 11:08:50,1852.509090909091,1001.6581818181819,1457.8036363636365,26.011076407972723,100.0,959.491118399722,10.0,7.852623462677002,,,,,2.0,4.0,5.0
2025-08-05 11:08:53,1854.3709090909092,999.7963636363637,1457.8036363636365,26.247949313023128,100.0,959.4962870047013,10.0,7.875217437744141,,,,,3.0,4.0,6.0
2025-08-05 11:08:56,1854.3709090909092,1001.6581818181819,1459.6654545454546,26.58266207660199,100.0,959.5409151387827,10.0,7.886325359344482,,,,,4.0,5.0,7.0
2025-08-05 11:08:59,1854.3709090909092,997.9345454545455,1455.9418181818182,26.64445533664548,100.0,959.4703431157681,10.0,7.901436805725098,,,,,4.0,5.0,7.0
2025-08-05 11:09:02,1852.509090909091,997.9345454545455,1457.8036363636365,26.742294750758447,100.0,959.5650248625494,10.0,7.900999069213867,,,,,3.0,5.0,7.0
2025-08-05 11:09:05,1850.647272727273,997.9345454545455,1455.9418181818182,26.89677825011313,100.0,959.5811661158855,10.0,7.904031753540039,,,,,3.0,5.0,5.0
2025-08-05 11:09:08,1852.509090909091,997.9345454545455,1455.9418181818182,26.79378922143951,100.0,959.5061716535406,10.0,7.9040608406066895,,,,,3.0,4.0,4.0
2025-08-05 11:09:11,1850.647272727273,999.7963636363637,1457.8036363636365,26.88132988839061,100.0,959.5575266101351,10.0,7.8976945877075195,,,,,3.0,5.0,5.0
2025-08-05 11:09:14,1852.509090909091,1001.6581818181819,1459.6654545454546,27.046112548472593,100.0,959.534254863777,10.0,7.905357360839844,,,,,3.0,5.0,5.0
2025-08-05 11:09:20,1852.509090909091,999.7963636363637,1455.9418181818182,27.2108955065778,100.0,959.5384146373284,10.0,7.919487476348877,,,,,3.0,5.0,5.0
2025-08-05 11:09:26,1848.7854545454547,994.2109090909092,1455.9418181818182,27.452921016607434,100.0,959.5503626633098,10.0,7.939425468444824,,,,,3.0,5.0,5.0
2025-08-05 11:09:29,1848.7854545454547,992.3490909090909,1454.0800000000002,27.658900680486113,100.0,959.6172556241909,10.0,7.9552154541015625,,,,,3.0,5.0,5.0
2025-08-05 11:09:32,1846.9236363636364,996.0727272727273,1455.9418181818182,27.72584417150938,100.0,959.5266097393724,10.0,7.943098068237305,,,,,3.0,6.0,6.0
2025-08-05 11:09:35,1848.7854545454547,996.0727272727273,1459.6654545454546,27.833983760909177,100.0,959.5540545189717,10.0,7.9532060623168945,,,,,3.0,6.0,6.0
2025-08-05 11:09:38,1846.9236363636364,992.3490909090909,1454.0800000000002,27.751591681153513,100.0,959.5659736386277,10.0,7.955573081970215,,,,,3.0,5.0,5.0
2025-08-05 11:09:44,1845.0618181818181,992.3490909090909,1454.0800000000002,27.761890687048435,100.0,959.554145001466,10.0,7.951408386230469,,,,,3.0,4.0,4.0
2025-08-05 11:09:47,1845.0618181818181,990.4872727272729,1450.3563636363638,27.777339198073605,100.0,959.550188056694,10.0,7.957951068878174,,,,,3.0,4.0,4.0
2025-08-05 11:09:50,1845.0618181818181,990.4872727272729,1454.0800000000002,27.77218969410751,100.0,959.4871660446017,10.0,7.958142280578613,,,,,3.0,4.0,4.0
2025-08-05 11:09:53,1845.0618181818181,992.3490909090909,1455.9418181818182,27.818535240279743,100.0,959.5855919687738,10.0,7.954089164733887,,,,,3.0,4.0,4.0
2025-08-05 11:09:59,1843.2000000000003,990.4872727272729,1450.3563636363638,27.447771530976752,100.0,959.5424875471846,10.0,7.936347484588623,,,,,3.0,3.0,3.0
2025-08-05 11:10:02,1841.338181818182,992.3490909090909,1450.3563636363638,27.44262204563711,100.0,959.5897337691059,10.0,7.9252610206604,,,,,3.0,3.0,3.0
2025-08-05 11:10:05,1841.338181818182,994.2109090909092,1452.2181818181818,27.277838668436743,100.0,959.5030494205537,10.0,7.911721706390381,,,,,2.0,3.0,3.0
2025-08-05 11:10:08,1843.2000000000003,992.3490909090909,1452.2181818181818,27.21604497882072,100.0,959.5738425719594,10.0,7.918523788452148,,,,,2.0,3.0,3.0
2025-08-05 11:10:11,1841.338181818182,994.2109090909092,1452.2181818181818,27.277838668436743,100.0,959.6132637672733,10.0,7.910921573638916,,,,,2.0,3.0,3.0
2025-08-05 11:10:14,1841.338181818182,988.6254545454545,1450.3563636363638,27.432323075830936,100.0,959.5739827468374,10.0,7.936276912689209,,,,,2.0,3.0,3.0
2025-08-05 11:10:17,1841.338181818182,990.4872727272729,1452.2181818181818,27.540462316857884,100.0,959.4912890506104,10.0,7.936698913574219,,,,,2.0,3.0,3.0
2025-08-05 11:10:20,1841.338181818182,990.4872727272729,1450.3563636363638,27.581658251961926,100.0,959.6645478745022,10.0,7.937562465667725,,,,,2.0,3.0,3.0
2025-08-05 11:10:23,1841.338181818182,988.6254545454545,1448.4945454545457,27.427173591364408,100.0,959.5109873126444,10.0,7.936470031738281,,,,,2.0,3.0,3.0
2025-08-05 11:10:26,1839.4763636363637,988.6254545454545,1448.4945454545457,27.29328709738911,100.0,959.5817864811336,10.0,7.924330711364746,,,,,2.0,3.0,3.0
2025-08-05 11:10:29,1841.338181818182,992.3490909090909,1450.3563636363638,27.24694181839004,100.0,959.5108973298697,10.0,7.915796756744385,,,,,2.0,3.0,3.0
2025-08-05 11:10:32,1841.338181818182,994.2109090909092,1450.3563636363638,27.164550269488245,100.0,959.4950713784754,10.0,7.905970573425293,,,,,2.0,4.0,4.0
2025-08-05 11:10:35,1841.338181818182,994.2109090909092,1450.3563636363638,27.138802925735945,100.0,959.5383293934505,10.0,7.904340744018555,,,,,3.0,4.0,4.0
2025-08-05 11:10:38,1843.2000000000003,996.0727272727273,1450.3563636363638,27.07700933041633,100.0,959.5539799881923,10.0,7.90010929107666,,,,,2.0,3.0,3.0
2025-08-05 11:10:41,1843.2000000000003,996.0727272727273,1450.3563636363638,27.0255146996642,100.0,959.5578274153786,10.0,7.897440433502197,,,,,2.0,2.0,2.0
2025-08-05 11:10:44,1845.0618181818181,997.9345454545455,1450.3563636363638,26.9740200980159,100.0,959.5341232081063,10.0,7.8940229415893555,,,,,2.0,3.0,3.0
2025-08-05 11:10:47,1845.0618181818181,996.0727272727273,1448.4945454545457,27.07700933041633,100.0,959.5815249676007,10.0,7.904678821563721,,,,,2.0,3.0,3.0
2025-08-05 11:10:50,1846.9236363636364,997.9345454545455,1454.0800000000002,27.21604497882072,100.0,959.518740715672,10.0,7.911304473876953,,,,,2.0,3.0,3.0
2025-08-05 11:10:53,1845.0618181818181,992.3490909090909,1450.3563636363638,27.28298814446316,100.0,959.5109255865938,10.0,7.927185535430908,,,,,3.0,4.0,4.0
2025-08-05 11:10:56,1841.338181818182,990.4872727272729,1448.4945454545457,27.349931359291077,100.0,959.5306477785102,10.0,7.926650047302246,,,,,3.0,4.0,4.0
2025-08-05 11:10:59,1843.2000000000003,992.3490909090909,1448.4945454545457,27.447771530976752,100.0,959.5424875471846,10.0,7.930632591247559,,,,,3.0,4.0,4.0
2025-08-05 11:11:02,1845.0618181818181,990.4872727272729,1452.2181818181818,27.5610602820816,100.0,959.5227849716291,10.0,7.9470696449279785,,,,,3.0,5.0,5.0
2025-08-05 11:11:05,1843.2000000000003,990.4872727272729,1446.6327272727274,27.458070502529154,100.0,959.5582378024268,10.0,7.936763286590576,,,,,3.0,5.0,5.0
2025-08-05 11:11:08,1843.2000000000003,994.2109090909092,1450.3563636363638,27.28298814446316,100.0,959.538479371359,10.0,7.916492938995361,,,,,3.0,4.0,4.0
2025-08-05 11:11:11,1843.2000000000003,992.3490909090909,1450.3563636363638,27.241792344400892,100.0,959.5581249164795,10.0,7.919961929321289,,,,,4.0,5.0,5.0
2025-08-05 11:11:14,1845.0618181818181,994.2109090909092,1448.4945454545457,27.15425133111421,100.0,959.5344139189572,10.0,7.9146904945373535,,,,,4.0,5.0,5.0
2025-08-05 11:11:17,1845.0618181818181,996.0727272727273,1448.4945454545457,27.00491685551242,100.0,959.6089386995177,10.0,7.900786399841309,,,,,4.0,5.0,5.0
2025-08-05 11:11:20,1843.2000000000003,994.2109090909092,1448.4945454545457,26.88647934200708,100.0,959.5929432377071,10.0,7.895777702331543,,,,,4.0,4.0,4.0
2025-08-05 11:11:23,1843.2000000000003,996.0727272727273,1450.3563636363638,26.701099195168354,100.0,959.5019777584718,10.0,7.881217002868652,,,,,4.0,5.0,5.0
2025-08-05 11:11:26,1845.0618181818181,1001.6581818181819,1454.0800000000002,26.680501424358226,100.0,959.525510619734,10.0,7.867605686187744,,,,,3.0,4.0,4.0
2025-08-05 11:11:29,1846.9236363636364,999.7963636363637,1452.2181818181818,26.56721376813948,100.0,959.5723152438223,10.0,7.871952533721924,,,,,3.0,4.0,4.0
2025-08-05 11:11:32,1846.9236363636364,997.9345454545455,1450.3563636363638,26.551765462296316,100.0,959.548668001846,10.0,7.877050876617432,,,,,3.0,4.0,4.0
2025-08-05 11:11:38,1846.9236363636364,999.7963636363637,1450.3563636363638,26.562064332567388,100.0,959.564432806429,10.0,7.871741771697998,,,,,2.0,3.0,3.0
2025-08-05 11:11:41,1846.9236363636364,997.9345454545455,1450.3563636363638,26.603259825293208,100.0,959.4898696832184,10.0,7.880109786987305,,,,,3.0,4.0,4.0
2025-08-05 11:11:44,1848.7854545454547,999.7963636363637,1452.2181818181818,26.598110387683846,100.0,959.4819882130478,10.0,7.878949165344238,,,,,3.0,3.0,3.0
2025-08-05 11:11:47,1850.647272727273,1001.6581818181819,1457.8036363636365,26.64445533664548,100.0,959.5253958772574,10.0,7.880063533782959,,,,,2.0,3.0,3.0
2025-08-05 11:11:50,1846.9236363636364,992.3490909090909,1450.3563636363638,26.829835368233034,100.0,959.4787297694943,10.0,7.908957481384277,,,,,2.0,3.0,3.0
2025-08-05 11:11:56,1846.9236363636364,997.9345454545455,1452.2181818181818,26.67535198238329,100.0,959.5451572062411,10.0,7.883404731750488,,,,,2.0,3.0,3.0
2025-08-05 11:11:59,1848.7854545454547,994.2109090909092,1450.3563636363638,26.613558701385045,100.0,959.5056326936999,10.0,7.896729469299316,,,,,2.0,3.0,3.0
2025-08-05 11:12:02,1848.7854545454547,997.9345454545455,1452.2181818181818,26.649604776874185,100.0,959.5608039666153,10.0,7.886743068695068,,,,,3.0,3.0,3.0
2025-08-05 11:28:23,1858.0945454545456,1001.6581818181819,1461.5272727272727,25.686664515553275,100.0,959.5990060877615,10.0,7.851467132568359,,,,,1.0,3.0,4.0
2025-08-05 11:28:29,1856.2327272727275,1005.3818181818183,1465.2509090909093,25.666066974081332,100.0,959.6224163816555,10.0,7.8341474533081055,,,,,3.0,3.0,5.0
2025-08-05 11:28:32,1859.9563636363637,1007.2436363636364,1465.2509090909093,25.583676854759688,100.0,959.6335828848963,10.0,7.837223052978516,,,,,2.0,3.0,4.0
2025-08-05 11:28:35,1858.0945454545456,1005.3818181818183,1465.2509090909093,25.609423759044148,100.0,959.5905910482641,10.0,7.837848663330078,,,,,3.0,4.0,5.0
2025-08-05 11:28:41,1858.0945454545456,1003.5200000000001,1463.389090909091,26.031674027442932,100.0,959.5776638329643,10.0,7.861639022827148,,,,,3.0,4.0,6.0
2025-08-05 11:28:47,1858.0945454545456,999.7963636363637,1463.389090909091,25.975030585104832,100.0,959.7108925588053,10.0,7.869215965270996,,,,,3.0,4.0,6.0
2025-08-05 11:28:50,1856.2327272727275,996.0727272727273,1461.5272727272727,26.175857494119555,100.0,959.6334645508217,10.0,7.88673210144043,,,,,3.0,4.0,4.0
2025-08-05 11:28:53,1854.3709090909092,996.0727272727273,1463.389090909091,26.4075814007374,100.0,959.603132584347,10.0,7.894057750701904,,,,,3.0,4.0,4.0
2025-08-05 11:28:56,1854.3709090909092,997.9345454545455,1463.389090909091,26.263397567352513,100.0,959.6299806404755,10.0,7.880760192871094,,,,,3.0,5.0,5.0
2025-08-05 11:28:59,1856.2327272727275,999.7963636363637,1463.389090909091,26.335489455523202,100.0,959.6578382077631,10.0,7.883297443389893,,,,,2.0,3.0,3.0
2025-08-05 11:29:05,1856.2327272727275,1007.2436363636364,1467.1127272727272,26.16555866750423,100.0,959.5626805983381,10.0,7.8524017333984375,,,,,3.0,5.0,5.0
2025-08-05 11:29:08,1856.2327272727275,1003.5200000000001,1461.5272727272727,26.04712224510149,100.0,959.5188218772311,10.0,7.858090400695801,,,,,2.0,3.0,3.0
2025-08-05 11:29:11,1856.2327272727275,1005.3818181818183,1463.389090909091,25.964731781190494,100.0,959.5851266098191,10.0,7.847672939300537,,,,,3.0,4.0,4.0
2025-08-05 11:29:14,1858.0945454545456,1007.2436363636364,1463.389090909091,25.851445014966885,100.0,959.6865339845934,10.0,7.842501640319824,,,,,3.0,4.0,4.0
2025-08-05 11:29:20,1859.9563636363637,1009.1054545454546,1461.5272727272727,25.70726206168183,100.0,959.6305651641428,10.0,7.837417125701904,,,,,2.0,3.0,3.0
2025-08-05 11:29:23,1861.818181818182,1010.9672727272728,1463.389090909091,25.640320053789765,100.0,959.6654165190023,10.0,7.835056304931641,,,,,1.0,2.0,2.0
2025-08-05 11:29:26,1858.0945454545456,1007.2436363636364,1461.5272727272727,25.624871905107284,100.0,959.6142619616761,10.0,7.833191871643066,,,,,2.0,3.0,3.0
2025-08-05 11:29:32,1861.818181818182,1009.1054545454546,1461.5272727272727,25.56822871568147,100.0,959.5824302075591,10.0,7.837658882141113,,,,,2.0,3.0,3.0
2025-08-05 11:29:38,1859.9563636363637,1007.2436363636364,1459.6654545454546,25.506436185562052,100.0,959.6526113691191,10.0,7.8337507247924805,,,,,2.0,2.0,2.0
2025-08-05 11:29:44,1859.9563636363637,1009.1054545454546,1463.389090909091,25.53218306801864,100.0,959.609633291383,10.0,7.829987049102783,,,,,1.0,2.0,2.0
2025-08-05 11:29:50,1861.818181818182,1005.3818181818183,1463.389090909091,25.614573140774155,100.0,959.57099904876,10.0,7.850069999694824,,,,,2.0,4.0,4.0
2025-08-05 11:29:56,1861.818181818182,1007.2436363636364,1463.389090909091,25.60427437760518,100.0,959.6376645032619,10.0,7.844019889831543,,,,,3.0,4.0,4.0
2025-08-05 11:30:02,1861.818181818182,1010.9672727272728,1465.2509090909093,25.593975615600357,100.0,959.5669203493832,10.0,7.833711624145508,,,,,3.0,4.0,4.0
2025-08-05 11:30:08,1861.818181818182,1007.2436363636364,1463.389090909091,25.537332445383072,100.0,959.5900453631724,10.0,7.841442108154297,,,,,2.0,3.0,4.0
2025-08-05 11:30:14,1861.818181818182,1003.5200000000001,1461.5272727272727,25.815399255254306,100.0,959.6862925710727,10.0,7.863147258758545,,,,,3.0,4.0,5.0
2025-08-05 11:30:20,1859.9563636363637,1007.2436363636364,1463.389090909091,25.88749078894034,100.0,959.5767942511168,10.0,7.850728988647461,,,,,3.0,3.0,4.0
2025-08-05 11:30:26,1861.818181818182,1005.3818181818183,1465.2509090909093,25.789652292762185,100.0,959.6468458115143,10.0,7.857126235961914,,,,,3.0,4.0,5.0
2025-08-05 11:30:29,1861.818181818182,1007.2436363636364,1465.2509090909093,25.769054728007177,100.0,959.6702667167743,10.0,7.850918292999268,,,,,2.0,3.0,4.0
2025-08-05 11:30:35,1861.818181818182,1005.3818181818183,1463.389090909091,25.702112674713135,100.0,959.6501614276493,10.0,7.853323936462402,,,,,2.0,3.0,3.0
2025-08-05 11:30:38,1859.9563636363637,1007.2436363636364,1465.2509090909093,25.738158389605815,100.0,959.6229292460328,10.0,7.843962669372559,,,,,3.0,3.0,3.0
2025-08-05 11:30:41,1863.68,1009.1054545454546,1465.2509090909093,25.676365744235227,100.0,959.6107116300165,10.0,7.848079681396484,,,,,2.0,3.0,3.0
2025-08-05 11:30:47,1859.9563636363637,1003.5200000000001,1461.5272727272727,25.769054728007177,100.0,959.5877999168096,10.0,7.855860710144043,,,,,2.0,2.0,2.0
2025-08-05 11:30:53,1856.2327272727275,997.9345454545455,1459.6654545454546,26.23765047825873,100.0,959.6180631337561,10.0,7.88429594039917,,,,,2.0,3.0,3.0
2025-08-05 11:30:56,1858.0945454545456,999.7963636363637,1461.5272727272727,26.381834270898253,100.0,959.6187433200073,10.0,7.890727996826172,,,,,3.0,4.0,4.0
2025-08-05 11:30:59,1858.0945454545456,1005.3818181818183,1465.2509090909093,26.371535420999862,100.0,959.5479452683442,10.0,7.87355375289917,,,,,4.0,5.0,5.0
2025-08-05 11:31:02,1856.2327272727275,996.0727272727273,1457.8036363636365,26.4075814007374,100.0,959.5205837852959,10.0,7.899423599243164,,,,,5.0,6.0,6.0
2025-08-05 11:31:05,1856.2327272727275,997.9345454545455,1457.8036363636365,26.474523972370662,100.0,959.5405112929964,10.0,7.896992206573486,,,,,5.0,6.0,6.0
2025-08-05 11:31:08,1852.509090909091,992.3490909090909,1457.8036363636365,26.680501424358226,100.0,959.6631505808487,10.0,7.91428279876709,,,,,6.0,8.0,8.0
2025-08-05 11:31:11,1852.509090909091,990.4872727272729,1455.9418181818182,26.907077159383334,100.0,959.5693882009467,10.0,7.932285785675049,,,,,7.0,9.0,9.0
2025-08-05 11:31:14,1852.509090909091,992.3490909090909,1457.8036363636365,26.912226614454994,100.0,959.5772679029684,10.0,7.9267754554748535,,,,,7.0,10.0,10.0
2025-08-05 11:33:06,1863.68,1010.9672727272728,1461.5272727272727,25.681515129748732,100.0,959.6735719255138,10.0,7.842719078063965,,,,,2.0,3.0,3.0
2025-08-05 11:33:09,1865.5418181818181,1012.829090909091,1465.2509090909093,25.650618821033277,100.0,959.5987462532248,10.0,7.842650890350342,,,,,2.0,3.0,3.0
2025-08-05 11:33:12,1863.68,1014.6909090909091,1467.1127272727272,25.537332445383072,100.0,959.6999614017996,10.0,7.825982093811035,,,,,3.0,3.0,3.0
2025-08-05 11:33:15,1865.5418181818181,1012.829090909091,1463.389090909091,25.470390562346438,100.0,959.6248468679107,10.0,7.834691047668457,,,,,3.0,4.0,4.0
2025-08-05 11:33:21,1867.4036363636365,1014.6909090909091,1465.2509090909093,25.429195581848035,100.0,959.5891886847622,10.0,7.833919048309326,,,,,2.0,4.0,4.0
2025-08-05 11:33:24,1865.5418181818181,1014.6909090909091,1463.389090909091,25.341656310134567,100.0,959.5923860353661,10.0,7.8241777420043945,,,,,3.0,4.0,5.0
2025-08-05 11:33:27,1867.4036363636365,1014.6909090909091,1467.1127272727272,25.362253778264858,100.0,959.5964844176032,10.0,7.8309736251831055,,,,,3.0,4.0,5.0
2025-08-05 11:33:30,1867.4036363636365,1016.5527272727272,1468.9745454545455,25.331357577815652,100.0,959.6315415513262,10.0,7.824239253997803,,,,,3.0,5.0,6.0
2025-08-05 11:33:36,1865.5418181818181,1009.1054545454546,1463.389090909091,25.44979306976893,100.0,959.5658052094454,10.0,7.84451961517334,,,,,3.0,5.0,6.0
2025-08-05 11:33:42,1867.4036363636365,1009.1054545454546,1468.9745454545455,25.640320053789765,100.0,959.5829662866912,10.0,7.858574390411377,,,,,3.0,4.0,6.0
2025-08-05 11:33:48,1867.4036363636365,1010.9672727272728,1468.9745454545455,25.969881183002144,100.0,959.6480090827903,10.0,7.867214679718018,,,,,2.0,3.0,4.0
2025-08-05 11:33:54,1863.68,1005.3818181818183,1467.1127272727272,26.536317159072496,100.0,959.5800645316008,10.0,7.896079063415527,,,,,3.0,5.0,5.0
2025-08-05 11:34:00,1861.818181818182,999.7963636363637,1467.1127272727272,26.907077159383334,100.0,959.5969259026269,10.0,7.927343368530273,,,,,3.0,4.0,4.0
2025-08-05 11:34:06,1859.9563636363637,999.7963636363637,1465.2509090909093,27.1336534578586,100.0,959.5855466427092,10.0,7.934263229370117,,,,,3.0,4.0,4.0
2025-08-05 11:34:12,1856.2327272727275,997.9345454545455,1463.389090909091,27.28298814446316,100.0,959.6211408382682,10.0,7.937845706939697,,,,,4.0,5.0,5.0
2025-08-05 11:34:18,1856.2327272727275,996.0727272727273,1463.389090909091,27.349931359291077,100.0,959.5582044480932,10.0,7.947445869445801,,,,,4.0,4.0,4.0
2025-08-05 11:34:21,1856.2327272727275,996.0727272727273,1463.389090909091,27.44262204563711,100.0,959.6448551592716,10.0,7.951576232910156,,,,,3.0,3.0,3.0
2025-08-05 11:34:27,1854.3709090909092,997.9345454545455,1459.6654545454546,27.674349174048984,100.0,959.558165885281,10.0,7.953583240509033,,,,,3.0,4.0,4.0
2025-08-05 11:34:33,1850.647272727273,994.2109090909092,1457.8036363636365,27.550761298887664,100.0,959.6172981498313,10.0,7.94872522354126,,,,,3.0,4.0,4.0
2025-08-05 11:34:39,1850.647272727273,996.0727272727273,1457.8036363636365,27.684648171212757,100.0,959.6014837858384,10.0,7.949977874755859,,,,,2.0,3.0,3.0
2025-08-05 11:34:45,1854.3709090909092,997.9345454545455,1459.6654545454546,27.756741183955455,100.0,959.573846487051,10.0,7.957694053649902,,,,,1.0,3.0,3.0
2025-08-05 11:34:48,1850.647272727273,994.2109090909092,1455.9418181818182,27.674349174048984,100.0,959.558165885281,10.0,7.95548152923584,,,,,3.0,4.0,4.0
2025-08-05 11:34:54,1850.647272727273,997.9345454545455,1457.8036363636365,27.185148149728775,100.0,959.5816787950604,10.0,7.918814659118652,,,,,2.0,2.0,2.0
2025-08-05 11:34:57,1852.509090909091,999.7963636363637,1457.8036363636365,27.0255146996642,100.0,959.6129129810109,10.0,7.909451484680176,,,,,2.0,2.0,2.0
2025-08-05 11:35:03,1852.509090909091,999.7963636363637,1459.6654545454546,26.845283721224405,100.0,959.6125087133915,10.0,7.900219440460205,,,,,2.0,3.0,3.0
2025-08-05 11:35:09,1852.509090909091,994.2109090909092,1457.8036363636365,26.88647934200708,100.0,959.5929432377071,10.0,7.919625759124756,,,,,2.0,4.0,4.0
2025-08-05 11:35:12,1848.7854545454547,992.3490909090909,1454.0800000000002,27.128503990272293,100.0,959.6327630852315,10.0,7.927920341491699,,,,,3.0,4.0,4.0
2025-08-05 11:35:15,1850.647272727273,992.3490909090909,1454.0800000000002,27.365379800467053,100.0,959.5818326261452,10.0,7.945202350616455,,,,,3.0,4.0,4.0
2025-08-05 11:35:18,1846.9236363636364,990.4872727272729,1455.9418181818182,27.411725139711052,100.0,959.6802778071096,10.0,7.943050861358643,,,,,3.0,4.0,4.0
2025-08-05 11:35:21,1848.7854545454547,994.2109090909092,1457.8036363636365,27.504415888921358,100.0,959.6566784518858,10.0,7.9413018226623535,,,,,3.0,4.0,4.0
2025-08-05 11:35:24,1846.9236363636364,990.4872727272729,1457.8036363636365,27.684648171212757,100.0,959.5739127290246,10.0,7.957801818847656,,,,,3.0,4.0,4.0
2025-08-05 11:35:27,1846.9236363636364,988.6254545454545,1454.0800000000002,27.720694670453668,100.0,959.65660004358,10.0,7.964770793914795,,,,,3.0,4.0,4.0
2025-08-05 11:35:30,1845.0618181818181,988.6254545454545,1454.0800000000002,27.73099367285613,100.0,959.5896285283778,10.0,7.9610137939453125,,,,,2.0,3.0,3.0
2025-08-05 11:35:33,1845.0618181818181,988.6254545454545,1454.0800000000002,27.694947169540683,100.0,959.5896596643097,10.0,7.959160804748535,,,,,2.0,3.0,3.0
2025-08-05 11:35:36,1843.2000000000003,990.4872727272729,1454.0800000000002,27.885478848591447,100.0,959.6051966759617,10.0,7.958328723907471,,,,,2.0,3.0,3.0
2025-08-05 11:35:42,1845.0618181818181,990.4872727272729,1454.0800000000002,28.28714153135661,100.0,959.7225385300986,10.0,7.982833385467529,,,,,2.0,3.0,3.0
2025-08-05 11:35:45,1845.0618181818181,988.6254545454545,1452.2181818181818,28.503422170877457,100.0,959.583780993224,10.0,8.000638961791992,,,,,2.0,3.0,3.0
2025-08-05 11:35:51,1843.2000000000003,990.4872727272729,1454.0800000000002,28.58066538083949,100.0,959.6465674662035,10.0,7.99365758895874,,,,,2.0,3.0,3.0
2025-08-05 11:35:57,1841.338181818182,988.6254545454545,1452.2181818181818,28.405580865597585,100.0,959.5999261464074,10.0,7.98597526550293,,,,,3.0,4.0,4.0
2025-08-05 11:36:03,1837.6145454545454,986.7636363636365,1450.3563636363638,28.554917636909522,100.0,959.607233971497,10.0,7.989753723144531,,,,,3.0,4.0,4.0
2025-08-05 11:44:27,1837.6145454545454,986.7636363636365,1446.6327272727274,28.153253773692995,100.0,959.6007055744078,10.0,7.969216346740723,,,,,2.0,4.0,4.0
2025-08-05 11:44:33,1841.338181818182,988.6254545454545,1446.6327272727274,27.900927380571375,100.0,959.6012326433513,10.0,7.96010160446167,,,,,4.0,6.0,7.0
2025-08-05 11:44:39,1841.338181818182,986.7636363636365,1444.770909090909,27.74644217864261,100.0,959.5581008130589,10.0,7.958209037780762,,,,,4.0,5.0,6.0
2025-08-05 11:44:45,1841.338181818182,986.7636363636365,1444.770909090909,27.823684746865183,100.0,959.5658874195402,10.0,7.962109565734863,,,,,4.0,5.0,6.0
2025-08-05 11:44:51,1841.338181818182,983.0400000000001,1442.909090909091,28.266543401987292,100.0,959.5530794106302,10.0,7.996340751647949,,,,,4.0,4.0,5.0
2025-08-05 11:44:57,1837.6145454545454,981.1781818181819,1442.909090909091,28.879339742154116,100.0,959.6332943996573,10.0,8.023347854614258,,,,,4.0,5.0,6.0
2025-08-05 11:45:03,1835.7527272727275,977.4545454545455,1439.1854545454546,29.002929419424618,100.0,959.6286478139784,10.0,8.036385536193848,,,,,5.0,5.0,5.0
2025-08-05 11:45:09,1839.4763636363637,983.0400000000001,1442.909090909091,28.83814322031685,100.0,959.5980020029217,10.0,8.020536422729492,,,,,4.0,5.0,5.0
2025-08-05 11:45:15,1839.4763636363637,984.9018181818182,1442.909090909091,28.41073040536139,100.0,959.580191746876,10.0,7.993049621582031,,,,,4.0,4.0,4.0
2025-08-05 11:45:21,1841.338181818182,990.4872727272729,1439.1854545454546,28.070861405227333,100.0,959.6403163370896,10.0,7.9628095626831055,,,,,3.0,4.0,4.0
2025-08-05 11:45:27,1843.2000000000003,992.3490909090909,1442.909090909091,27.890628358960385,100.0,959.6406486798592,10.0,7.9526214599609375,,,,,3.0,3.0,3.0
2025-08-05 11:45:30,1845.0618181818181,992.3490909090909,1442.909090909091,27.797937216848368,100.0,959.5816782341973,10.0,7.95306396484375,,,,,2.0,3.0,3.0
2025-08-05 11:45:33,1845.0618181818181,990.4872727272729,1441.047272727273,27.74644217864261,100.0,959.5581008130589,10.0,7.956314563751221,,,,,2.0,3.0,3.0
2025-08-05 11:45:36,1845.0618181818181,988.6254545454545,1442.909090909091,27.684648171212757,100.0,959.4636286896939,10.0,7.959546089172363,,,,,3.0,3.0,3.0
2025-08-05 11:45:42,1843.2000000000003,984.9018181818182,1437.3236363636363,27.885478848591447,100.0,959.5500373454729,10.0,7.9758782386779785,,,,,2.0,3.0,3.0
2025-08-05 11:45:48,1843.2000000000003,981.1781818181819,1439.1854545454546,28.081160447211005,100.0,959.518117760148,10.0,7.997578144073486,,,,,3.0,3.0,3.0
2025-08-05 11:45:51,1843.2000000000003,984.9018181818182,1439.1854545454546,28.11205758014694,100.0,959.5101580669506,10.0,7.98777961730957,,,,,3.0,3.0,3.0
2025-08-05 11:45:57,1843.2000000000003,988.6254545454545,1442.909090909091,28.173851877450943,100.0,959.494225063008,10.0,7.979626178741455,,,,,3.0,4.0,4.0
2025-08-05 11:46:00,1843.2000000000003,988.6254545454545,1441.047272727273,28.276842466089875,100.0,959.5688165523896,10.0,7.984368801116943,,,,,3.0,4.0,4.0
2025-08-05 11:46:06,1846.9236363636364,996.0727272727273,1444.770909090909,28.055412844434613,100.0,959.5891169008268,10.0,7.959537506103516,,,,,3.0,4.0,4.0
2025-08-05 12:08:39,1846.9236363636364,983.0400000000001,1457.8036363636365,28.92568585148547,100.0,959.5659514915014,10.0,8.044331550598145,,,,,3.0,4.0,4.0
2025-08-05 12:08:45,1850.647272727273,996.0727272727273,1457.8036363636365,28.493123081163503,99.63728756196375,959.5680472974134,10.0,7.9893059730529785,,,,,3.0,4.0,4.0
2025-08-05 12:08:48,1852.509090909091,1001.6581818181819,1459.6654545454546,28.369534095400013,99.41420233722698,959.627653412176,10.0,7.968707084655762,,,,,3.0,3.0,3.0
2025-08-05 12:08:51,1854.3709090909092,1001.6581818181819,1459.6654545454546,28.3025901314395,99.175385517077,959.5805622309343,10.0,7.968836307525635,,,,,3.0,4.0,4.0
2025-08-05 12:08:54,1858.0945454545456,1001.6581818181819,1457.8036363636365,28.23049668679596,99.90292586865249,959.635972425867,10.0,7.978999137878418,,,,,3.0,4.0,4.0
2025-08-05 12:09:00,1863.68,1007.2436363636364,1459.6654545454546,27.854581792489626,99.89474782753723,959.6131213400652,10.0,7.957000255584717,,,,,3.0,3.0,3.0
2025-08-05 12:09:03,1861.818181818182,1007.2436363636364,1461.5272727272727,27.849432284157956,100.0,959.6052489629451,10.0,7.952701568603516,,,,,2.0,3.0,3.0
2025-08-05 12:09:06,1863.68,1005.3818181818183,1461.5272727272727,27.72584417150938,100.0,959.5817553417126,10.0,7.957026481628418,,,,,2.0,3.0,3.0
2025-08-05 12:09:09,1863.68,1005.3818181818183,1459.6654545454546,27.715545169688994,100.0,959.510864339714,10.0,7.957001209259033,,,,,2.0,3.0,3.0
2025-08-05 12:09:15,1863.68,1003.5200000000001,1459.6654545454546,28.01421669512638,100.0,959.5537383038223,10.0,7.977721691131592,,,,,2.0,3.0,3.0
2025-08-05 12:09:18,1863.68,999.7963636363637,1457.8036363636365,28.189300458325306,100.0,959.4902389746285,10.0,7.998593330383301,,,,,2.0,3.0,3.0
2025-08-05 12:09:24,1863.68,994.2109090909092,1457.8036363636365,28.405580865597585,100.0,959.5723241616915,10.0,8.026238441467285,,,,,3.0,4.0,4.0
2025-08-05 12:09:30,1861.818181818182,997.9345454545455,1459.6654545454546,28.323188268957892,100.0,959.5844378746768,10.0,8.005722999572754,,,,,3.0,4.0,4.0
2025-08-05 12:09:36,1861.818181818182,996.0727272727273,1457.8036363636365,28.086309968639398,100.0,959.5259875406939,10.0,7.999721527099609,,,,,3.0,5.0,5.0
2025-08-05 12:09:42,1863.68,1003.5200000000001,1459.6654545454546,27.797937216848368,100.0,959.5541023310318,10.0,7.966631889343262,,,,,3.0,4.0,4.0
2025-08-05 12:09:48,1865.5418181818181,1003.5200000000001,1459.6654545454546,27.555910790339112,100.0,959.5976074960024,10.0,7.958688259124756,,,,,3.0,5.0,5.0
2025-08-05 12:09:54,1865.5418181818181,1003.5200000000001,1459.6654545454546,27.463219988741912,100.0,959.6212360895876,10.0,7.953769207000732,,,,,4.0,5.0,5.0
2025-08-05 12:10:00,1867.4036363636365,1005.3818181818183,1465.2509090909093,27.50956537775346,100.0,959.4991727922979,10.0,7.956069469451904,,,,,4.0,6.0,6.0
2025-08-05 12:10:06,1865.5418181818181,996.0727272727273,1459.6654545454546,27.658900680486113,100.0,959.534545791345,10.0,7.98729944229126,,,,,4.0,6.0,6.0
2025-08-05 12:10:12,1861.818181818182,996.0727272727273,1457.8036363636365,27.586807745159604,100.0,959.5345885560769,10.0,7.974059581756592,,,,,5.0,6.0,6.0
2025-08-05 12:23:19,1871.1272727272728,1005.3818181818183,1470.8363636363638,25.851445014966885,100.0,959.4940869084814,10.0,7.890493869781494,,,,,3.0,4.0,4.0
2025-08-05 12:23:25,1867.4036363636365,996.0727272727273,1468.9745454545455,26.119213962141657,100.0,959.4367035495302,10.0,7.916399002075195,,,,,4.0,6.0,6.0
2025-08-05 12:23:28,1865.5418181818181,996.0727272727273,1468.9745454545455,26.150110429764027,100.0,959.5115187251915,10.0,7.911301136016846,,,,,5.0,6.0,6.0
2025-08-05 12:23:31,1865.5418181818181,1001.6581818181819,1470.8363636363638,26.211903396440903,100.0,959.5786360764962,10.0,7.898029327392578,,,,,5.0,6.0,6.0
2025-08-05 12:23:37,1865.5418181818181,997.9345454545455,1465.2509090909093,26.309742346056737,100.0,959.425829131202,10.0,7.913601875305176,,,,,5.0,6.0,6.0
2025-08-05 12:23:43,1863.68,996.0727272727273,1463.389090909091,26.479673402995104,100.0,959.5208748977097,10.0,7.922189235687256,,,,,6.0,8.0,8.0
2025-08-05 12:23:49,1865.5418181818181,1003.5200000000001,1468.9745454545455,26.345788301347056,100.0,959.4810128905602,10.0,7.899298667907715,,,,,5.0,7.0,7.0
2025-08-05 12:23:52,1865.5418181818181,1001.6581818181819,1468.9745454545455,26.28399524386623,100.0,959.4689454923572,10.0,7.901875019073486,,,,,4.0,7.0,7.0
2025-08-05 12:23:55,1863.68,999.7963636363637,1467.1127272727272,26.273696405027295,100.0,959.5632197486817,10.0,7.900030612945557,,,,,4.0,6.0,6.0
2025-08-05 12:24:01,1863.68,1003.5200000000001,1467.1127272727272,26.108915141929174,100.0,959.4759405053836,10.0,7.883163928985596,,,,,3.0,6.0,6.0
2025-08-05 12:24:04,1865.5418181818181,999.7963636363637,1465.2509090909093,26.093466913793236,100.0,959.4522846120115,10.0,7.898914337158203,,,,,2.0,5.0,5.0
2025-08-05 12:24:07,1865.5418181818181,1003.5200000000001,1468.9745454545455,26.03682343303808,100.0,959.4205486622872,10.0,7.886350631713867,,,,,2.0,4.0,4.0
2025-08-05 12:24:10,1865.5418181818181,1003.5200000000001,1467.1127272727272,26.016225812403718,100.0,959.526504104588,10.0,7.884754180908203,,,,,2.0,4.0,4.0
2025-08-05 12:24:16,1865.5418181818181,997.9345454545455,1465.2509090909093,26.005927003832767,100.0,959.565729225125,10.0,7.899542808532715,,,,,2.0,3.0,3.0
2025-08-05 12:24:22,1867.4036363636365,1001.6581818181819,1463.389090909091,25.9338353764324,100.0,959.5652986709708,10.0,7.892035961151123,,,,,3.0,4.0,4.0
2025-08-05 12:24:28,1865.5418181818181,1005.3818181818183,1467.1127272727272,25.88749078894034,100.0,959.466818497708,10.0,7.874420642852783,,,,,3.0,3.0,3.0
2025-08-05 12:24:34,1867.4036363636365,1001.6581818181819,1465.2509090909093,26.00077759998385,100.0,959.4203484739387,10.0,7.895894527435303,,,,,3.0,4.0,4.0
2025-08-05 12:24:40,1867.4036363636365,999.7963636363637,1463.389090909091,25.944134176854277,100.0,959.5260808795482,10.0,7.897911071777344,,,,,3.0,4.0,4.0
2025-08-05 12:24:46,1867.4036363636365,1003.5200000000001,1467.1127272727272,25.944134176854277,100.0,959.5260808795482,10.0,7.887577056884766,,,,,3.0,4.0,4.0
2025-08-05 12:24:52,1865.5418181818181,1001.6581818181819,1463.389090909091,25.882341391785303,100.0,959.4589314798127,10.0,7.884584903717041,,,,,3.0,4.0,4.0
2025-08-05 12:39:19,1863.68,1003.5200000000001,1461.5272727272727,25.872042598348344,100.0,959.470650747049,10.0,7.87296199798584,,,,,3.0,5.0,5.0
2025-08-05 12:39:22,1865.5418181818181,1001.6581818181819,1461.5272727272727,25.856594410375692,100.0,959.501974462504,10.0,7.883183002471924,,,,,3.0,5.0,5.0
2025-08-05 12:39:28,1863.68,997.9345454545455,1459.6654545454546,25.923536577174673,100.0,959.5220282866666,10.0,7.89034366607666,,,,,4.0,5.0,5.0
2025-08-05 12:39:31,1863.68,999.7963636363637,1459.6654545454546,25.990478793159127,100.0,959.5695670208254,10.0,7.887753963470459,,,,,4.0,5.0,5.0
2025-08-05 12:39:34,1863.68,1001.6581818181819,1461.5272727272727,25.969881183002144,100.0,959.5380190055214,10.0,7.881911754608154,,,,,4.0,5.0,5.0
2025-08-05 12:39:37,1863.68,999.7963636363637,1459.6654545454546,25.944134176854277,100.0,959.4985845190108,10.0,7.886220932006836,,,,,3.0,4.0,4.0
2025-08-05 12:39:43,1865.5418181818181,1001.6581818181819,1461.5272727272727,25.861743806075538,100.0,959.4823692232649,10.0,7.88353967666626,,,,,3.0,4.0,4.0
2025-08-05 12:39:49,1865.5418181818181,1003.5200000000001,1459.6654545454546,25.76390533754602,100.0,959.5249336363651,10.0,7.8738603591918945,,,,,4.0,5.0,5.0
2025-08-05 12:39:52,1867.4036363636365,1007.2436363636364,1463.389090909091,25.758755947375903,100.0,959.6544874647761,10.0,7.868382930755615,,,,,3.0,4.0,4.0
2025-08-05 12:39:58,1867.4036363636365,1005.3818181818183,1461.5272727272727,25.696963288035477,100.0,959.5323281639202,10.0,7.871692657470703,,,,,2.0,4.0,4.0
2025-08-05 12:40:01,1867.4036363636365,1005.3818181818183,1461.5272727272727,25.65576820509159,100.0,959.6066362722198,10.0,7.869413375854492,,,,,3.0,5.0,5.0
2025-08-05 12:40:04,1865.5418181818181,1005.3818181818183,1461.5272727272727,25.666066974081332,100.0,959.539962925494,10.0,7.864370822906494,,,,,3.0,6.0,6.0
2025-08-05 12:40:07,1865.5418181818181,1001.6581818181819,1461.5272727272727,25.73300900089089,100.0,959.5050903866259,10.0,7.877829551696777,,,,,3.0,6.0,6.0
2025-08-05 12:40:10,1869.2654545454548,1005.3818181818183,1465.2509090909093,25.815399255254306,100.0,959.5213471520328,10.0,7.882816314697266,,,,,3.0,5.0,5.0
2025-08-05 12:40:13,1867.4036363636365,1001.6581818181819,1461.5272727272727,25.892640186386416,100.0,959.5296938309268,10.0,7.890494346618652,,,,,3.0,5.0,5.0
2025-08-05 12:40:16,1865.5418181818181,999.7963636363637,1463.389090909091,25.985329390183324,100.0,959.5616799815001,10.0,7.893519401550293,,,,,3.0,5.0,5.0
2025-08-05 12:40:19,1863.68,999.7963636363637,1461.5272727272727,25.985329390183324,100.0,959.5616799815001,10.0,7.887576580047607,,,,,3.0,5.0,5.0
2025-08-05 12:40:25,1863.68,994.2109090909092,1459.6654545454546,26.160409254633123,100.0,959.5272893640145,10.0,7.911500930786133,,,,,2.0,3.0,3.0
2025-08-05 12:40:28,1861.818181818182,996.0727272727273,1459.6654545454546,26.273696405027295,100.0,959.535709231887,10.0,7.9067583084106445,,,,,3.0,4.0,4.0
2025-08-05 12:40:34,1861.818181818182,997.9345454545455,1461.5272727272727,26.20160456575104,100.0,959.562865418505,10.0,7.897152900695801,,,,,3.0,3.0,3.0
2025-08-05 12:47:46,1871.1272727272728,1009.1054545454546,1467.1127272727272,25.645469437266,100.0,959.4809219718854,10.0,7.871340751647949,,,,,2.0,3.0,3.0
2025-08-05 12:47:52,1871.1272727272728,1005.3818181818183,1463.389090909091,25.686664515553275,100.0,959.5165500301039,10.0,7.883212089538574,,,,,3.0,4.0,5.0
2025-08-05 12:47:55,1869.2654545454548,1003.5200000000001,1463.389090909091,25.681515129748732,100.0,959.5361461066427,10.0,7.882098197937012,,,,,3.0,4.0,5.0
2025-08-05 12:47:58,1869.2654545454548,999.7963636363637,1463.389090909091,25.696963288035477,100.0,959.5048423964604,10.0,7.893303394317627,,,,,3.0,4.0,6.0
2025-08-05 12:48:01,1869.2654545454548,999.7963636363637,1461.5272727272727,25.702112674713135,100.0,959.5127312729335,10.0,7.893476486206055,,,,,3.0,4.0,5.0
2025-08-05 12:48:04,1867.4036363636365,999.7963636363637,1465.2509090909093,25.799951076885918,100.0,959.5526634703257,10.0,7.8915019035339355,,,,,3.0,4.0,5.0
2025-08-05 12:48:10,1865.5418181818181,996.0727272727273,1461.5272727272727,25.923536577174673,100.0,959.5220282866666,10.0,7.901449203491211,,,,,3.0,4.0,6.0
2025-08-05 12:48:13,1867.4036363636365,996.0727272727273,1463.389090909091,25.90293898215168,100.0,959.5179742823825,10.0,7.906516075134277,,,,,3.0,4.0,6.0
2025-08-05 12:48:19,1865.5418181818181,996.0727272727273,1463.389090909091,25.90293898215168,100.0,959.4904796936311,10.0,7.900763511657715,,,,,3.0,4.0,5.0
2025-08-05 12:48:25,1865.5418181818181,996.0727272727273,1459.6654545454546,25.851445014966885,100.0,959.5765641147026,10.0,7.8979644775390625,,,,,3.0,4.0,5.0
2025-08-05 12:48:31,1865.5418181818181,1003.5200000000001,1461.5272727272727,25.73300900089089,100.0,959.5600650313495,10.0,7.872291564941406,,,,,3.0,4.0,5.0
2025-08-05 12:48:37,1865.5418181818181,1003.5200000000001,1461.5272727272727,25.65576820509159,100.0,959.5241841728258,10.0,7.869199275970459,,,,,3.0,4.0,4.0
2025-08-05 12:48:43,1869.2654545454548,1009.1054545454546,1467.1127272727272,25.65576820509159,100.0,959.6066362722198,10.0,7.865018367767334,,,,,3.0,4.0,4.0
2025-08-05 12:48:49,1871.1272727272728,1007.2436363636364,1461.5272727272727,25.57337809508317,100.0,959.5628402411864,10.0,7.87284517288208,,,,,3.0,5.0,5.0
2025-08-05 12:48:55,1869.2654545454548,1005.3818181818183,1461.5272727272727,25.49098805958056,100.0,959.5190287768103,10.0,7.8688154220581055,,,,,3.0,6.0,6.0
2025-08-05 12:48:58,1871.1272727272728,1007.2436363636364,1463.389090909091,25.460091815475607,100.0,959.4991610507511,10.0,7.868379592895508,,,,,3.0,6.0,6.0
2025-08-05 12:49:04,1871.1272727272728,1009.1054545454546,1463.389090909091,25.44464369735215,100.0,959.557913883795,10.0,7.862154960632324,,,,,3.0,6.0,6.0
2025-08-05 12:49:10,1872.989090909091,1007.2436363636364,1465.2509090909093,25.44464369735215,100.0,959.5029639673287,10.0,7.873623371124268,,,,,3.0,6.0,6.0
2025-08-05 12:49:16,1871.1272727272728,1005.3818181818183,1465.2509090909093,25.583676854759688,100.0,959.578620944746,10.0,7.87835168838501,,,,,3.0,6.0,6.0
2025-08-05 12:49:22,1869.2654545454548,1001.6581818181819,1463.389090909091,25.60427437760518,100.0,959.5277371543502,10.0,7.8839826583862305,,,,,3.0,5.0,5.0
2025-08-05 13:02:47,1876.7127272727273,1009.1054545454546,1465.2509090909093,25.279863933683373,100.0,959.6075503856089,10.0,7.8725080490112305,,,,,3.0,6.0,6.0
2025-08-05 13:02:53,1874.8509090909092,1009.1054545454546,1465.2509090909093,25.269565208349377,100.0,959.5917643646097,10.0,7.866238117218018,,,,,4.0,6.0,6.0
2025-08-05 13:02:59,1872.989090909091,1007.2436363636364,1465.2509090909093,25.264415846118936,100.0,959.5838713900968,10.0,7.86529541015625,,,,,4.0,6.0,6.0
2025-08-05 13:03:05,1872.989090909091,1001.6581818181819,1465.2509090909093,25.39829935869784,100.0,959.541838950343,10.0,7.88685941696167,,,,,4.0,6.0,6.0
2025-08-05 13:03:11,1869.2654545454548,996.0727272727273,1465.2509090909093,25.47553993621841,100.0,959.5777858720456,10.0,7.893586158752441,,,,,3.0,5.0,5.0
2025-08-05 13:03:17,1867.4036363636365,1001.6581818181819,1467.1127272727272,25.4343449533917,100.0,959.5421313042307,10.0,7.870611190795898,,,,,2.0,4.0,4.0
2025-08-05 13:03:23,1869.2654545454548,1001.6581818181819,1465.2509090909093,25.439494325226406,100.0,959.5225478406039,10.0,7.87689733505249,,,,,3.0,5.0,5.0
2025-08-05 13:03:29,1869.2654545454548,1005.3818181818183,1465.2509090909093,25.44464369735215,100.0,959.5304389162311,10.0,7.866737365722656,,,,,4.0,5.0,6.0
2025-08-05 13:03:35,1871.1272727272728,1007.2436363636364,1467.1127272727272,25.38285125105176,100.0,959.5456367164132,10.0,7.864733695983887,,,,,4.0,5.0,6.0
2025-08-05 13:03:41,1871.1272727272728,1007.2436363636364,1467.1127272727272,25.377701882418478,100.0,959.5652171262378,10.0,7.86438512802124,,,,,3.0,4.0,5.0
2025-08-05 13:03:47,1869.2654545454548,1005.3818181818183,1465.2509090909093,25.424046210595407,100.0,959.5263488203295,10.0,7.865875244140625,,,,,3.0,3.0,4.0
2025-08-05 13:03:53,1871.1272727272728,1007.2436363636364,1467.1127272727272,25.465241188765503,100.0,959.5345276044728,10.0,7.8683671951293945,,,,,3.0,4.0,5.0
2025-08-05 13:03:59,1869.2654545454548,999.7963636363637,1465.2509090909093,25.460091815475607,100.0,959.5541122865687,10.0,7.882741928100586,,,,,4.0,5.0,5.0
2025-08-05 13:04:05,1869.2654545454548,1003.5200000000001,1467.1127272727272,25.429195581848035,100.0,959.6166630299739,10.0,7.870663642883301,,,,,4.0,5.0,5.0
2025-08-05 13:04:11,1869.2654545454548,1001.6581818181819,1467.1127272727272,25.429195581848035,100.0,959.5891886847622,10.0,7.876008987426758,,,,,5.0,11.0,11.0
2025-08-05 13:04:23,1869.2654545454548,1007.2436363636364,1467.1127272727272,25.429195581848035,100.0,959.5617143582111,10.0,7.86069393157959,,,,,3.0,10.0,11.0
2025-08-05 13:04:38,1869.2654545454548,997.9345454545455,1465.2509090909093,25.712411448941566,100.0,959.473536261586,10.0,7.89934778213501,,,,,4.0,9.0,10.0
2025-08-05 13:04:44,1867.4036363636365,994.2109090909092,1463.389090909091,25.779353509802604,100.0,959.5211099183958,10.0,7.906314849853516,,,,,3.0,6.0,6.0
2025-08-05 13:04:50,1865.5418181818181,997.9345454545455,1461.5272727272727,25.835996830486692,100.0,959.5803913207517,10.0,7.892104625701904,,,,,4.0,5.0,5.0
2025-08-05 13:04:56,1867.4036363636365,1001.6581818181819,1461.5272727272727,25.810249862173805,100.0,959.5959310564868,10.0,7.886491775512695,,,,,3.0,4.0,5.0
2025-08-05 13:26:35,1871.1272727272728,1001.6581818181819,1454.0800000000002,26.984319016017253,100.0,959.4672580860337,10.0,7.950366497039795,,,,,4.0,5.0,5.0
2025-08-05 13:26:38,1869.2654545454548,1005.3818181818183,1455.9418181818182,27.03581362348632,100.0,959.4634120274183,10.0,7.936822891235352,,,,,4.0,5.0,5.0
2025-08-05 13:26:41,1871.1272727272728,999.7963636363637,1455.9418181818182,27.07700933041633,100.0,959.3887105056374,10.0,7.961391925811768,,,,,4.0,5.0,5.0
2025-08-05 13:26:44,1871.1272727272728,999.7963636363637,1455.9418181818182,27.118205055972794,100.0,959.4517259392181,10.0,7.9630537033081055,,,,,4.0,5.0,5.0
2025-08-05 13:26:50,1867.4036363636365,996.0727272727273,1452.2181818181818,27.06156093813479,100.0,959.5028012287038,10.0,7.9616804122924805,,,,,5.0,6.0,8.0
2025-08-05 13:26:56,1869.2654545454548,997.9345454545455,1455.9418181818182,27.07700933041633,100.0,959.5264350275409,10.0,7.961347579956055,,,,,3.0,5.0,6.0
2025-08-05 13:27:02,1869.2654545454548,997.9345454545455,1455.9418181818182,27.102756656706333,100.0,959.4831869927225,10.0,7.962981224060059,,,,,5.0,6.0,7.0
2025-08-05 13:27:08,1865.5418181818181,994.2109090909092,1452.2181818181818,26.99461793518276,100.0,959.5105559878742,10.0,7.959139823913574,,,,,4.0,5.0,7.0
2025-08-05 13:27:14,1865.5418181818181,992.3490909090909,1454.0800000000002,26.99976739520207,100.0,959.5184345011344,10.0,7.9650654792785645,,,,,4.0,5.0,6.0
2025-08-05 13:27:17,1865.5418181818181,994.2109090909092,1455.9418181818182,26.912226614454994,100.0,959.5497299938212,10.0,7.954639434814453,,,,,3.0,4.0,4.0
2025-08-05 13:27:20,1863.68,992.3490909090909,1452.2181818181818,26.9740200980159,100.0,959.4790421668705,10.0,7.959264755249023,,,,,4.0,5.0,5.0
2025-08-05 13:27:26,1861.818181818182,988.6254545454545,1450.3563636363638,27.190297620516503,100.0,959.4242575734611,10.0,7.977412223815918,,,,,4.0,5.0,5.0
2025-08-05 13:27:32,1858.0945454545456,986.7636363636365,1450.3563636363638,27.277838668436743,100.0,959.5030494205537,10.0,7.977509498596191,,,,,3.0,4.0,4.0
2025-08-05 13:27:38,1859.9563636363637,988.6254545454545,1452.2181818181818,27.288137620780617,100.0,959.4912477834681,10.0,7.977174282073975,,,,,3.0,4.0,4.0
2025-08-05 13:27:41,1858.0945454545456,984.9018181818182,1450.3563636363638,27.39627669067704,100.0,959.4637376509622,10.0,7.9895853996276855,,,,,4.0,5.0,5.0
2025-08-05 13:27:44,1858.0945454545456,986.7636363636365,1452.2181818181818,27.463219988741912,100.0,959.4558669397763,10.0,7.987357139587402,,,,,3.0,4.0,4.0
2025-08-05 13:27:47,1858.0945454545456,988.6254545454545,1448.4945454545457,27.504415888921358,100.0,959.4912985546579,10.0,7.9834885597229,,,,,2.0,4.0,4.0
2025-08-05 13:27:50,1859.9563636363637,990.4872727272729,1450.3563636363638,27.334482920734445,100.0,959.4519085611416,10.0,7.974115371704102,,,,,3.0,4.0,4.0
2025-08-05 13:27:56,1861.818181818182,996.0727272727273,1452.2181818181818,27.16969973911182,100.0,959.4203017457924,10.0,7.953509330749512,,,,,3.0,5.0,5.0
2025-08-05 13:28:02,1858.0945454545456,988.6254545454545,1448.4945454545457,27.05641147462302,100.0,959.4398352868536,10.0,7.96090030670166,,,,,3.0,5.0,5.0
2025-08-05 13:31:05,1874.8509090909092,999.7963636363637,1457.8036363636365,26.768041982461,100.0,959.3841766334272,10.0,7.958182334899902,,,,,2.0,4.0,4.0
2025-08-05 13:31:11,1872.989090909091,992.3490909090909,1454.0800000000002,26.711398082319647,100.0,959.407622483951,10.0,7.970314025878906,,,,,2.0,4.0,4.0
2025-08-05 13:31:14,1872.989090909091,994.2109090909092,1457.8036363636365,26.67535198238329,100.0,959.4350464044123,10.0,7.963404655456543,,,,,2.0,4.0,4.0
2025-08-05 13:31:20,1872.989090909091,999.7963636363637,1455.9418181818182,26.556914897286333,100.0,959.3914147300726,10.0,7.943080902099609,,,,,3.0,4.0,4.0
2025-08-05 13:31:26,1872.989090909091,999.7963636363637,1455.9418181818182,26.52086885846802,100.0,959.4188109843883,10.0,7.941346168518066,,,,,3.0,5.0,5.0
2025-08-05 13:31:32,1871.1272727272728,997.9345454545455,1454.0800000000002,26.665053099306533,100.0,959.3367040000428,10.0,7.947360038757324,,,,,2.0,4.0,4.0
2025-08-05 13:31:38,1867.4036363636365,996.0727272727273,1454.0800000000002,26.901927704602713,100.0,959.4238214260356,10.0,7.954070091247559,,,,,3.0,5.0,5.0
2025-08-05 13:31:44,1869.2654545454548,996.0727272727273,1455.9418181818182,27.2108955065778,100.0,959.455762616041,10.0,7.9744415283203125,,,,,4.0,5.0,5.0
2025-08-05 13:31:50,1867.4036363636365,988.6254545454545,1454.0800000000002,27.602256226498866,100.0,959.3928057268698,10.0,8.013062477111816,,,,,3.0,3.0,3.0
2025-08-05 13:31:56,1865.5418181818181,990.4872727272729,1452.2181818181818,27.478668449126417,100.0,959.3692414097162,10.0,7.996407508850098,,,,,3.0,4.0,4.0
2025-08-05 13:32:02,1863.68,994.2109090909092,1457.8036363636365,27.37567876270623,100.0,959.4597960437349,10.0,7.974266052246094,,,,,3.0,4.0,4.0
2025-08-05 13:32:05,1867.4036363636365,992.3490909090909,1454.0800000000002,27.38597772610956,100.0,959.447987947841,10.0,7.990137100219727,,,,,3.0,4.0,4.0
2025-08-05 13:32:08,1867.4036363636365,992.3490909090909,1454.0800000000002,27.437472560588503,100.0,959.4164958841454,10.0,7.99300479888916,,,,,3.0,4.0,4.0
2025-08-05 13:32:14,1865.5418181818181,990.4872727272729,1452.2181818181818,27.38597772610956,100.0,959.447987947841,10.0,7.991086959838867,,,,,3.0,4.0,4.0
2025-08-05 13:32:20,1865.5418181818181,994.2109090909092,1454.0800000000002,27.365379800467053,100.0,959.4164888178653,10.0,7.978820323944092,,,,,3.0,4.0,4.0
2025-08-05 13:32:23,1865.5418181818181,992.3490909090909,1450.3563636363638,27.31388500673347,100.0,959.4204076377464,10.0,7.98187255859375,,,,,3.0,5.0,5.0
2025-08-05 13:32:26,1863.68,990.4872727272729,1448.4945454545457,27.25209129267023,100.0,959.4085641380865,10.0,7.979739665985107,,,,,3.0,5.0,5.0
2025-08-05 13:32:29,1865.5418181818181,994.2109090909092,1452.2181818181818,27.138802925735945,100.0,959.3730440728208,10.0,7.967520236968994,,,,,3.0,5.0,5.0
2025-08-05 13:32:32,1863.68,990.4872727272729,1450.3563636363638,27.2108955065778,100.0,959.4006613623397,10.0,7.977688312530518,,,,,4.0,5.0,5.0
2025-08-05 13:32:38,1863.68,992.3490909090909,1450.3563636363638,27.221194451354677,100.0,959.4164131173143,10.0,7.972382545471191,,,,,4.0,6.0,6.0
2025-08-05 13:39:20,1859.9563636363637,984.9018181818182,1444.770909090909,27.545611807727255,100.0,959.4164679839967,10.0,8.002342224121094,,,,,2.0,3.0,3.0
2025-08-05 13:39:26,1858.0945454545456,986.7636363636365,1444.770909090909,27.499266400380293,100.0,959.4007353236825,10.0,7.989594459533691,,,,,3.0,4.0,4.0
2025-08-05 13:39:32,1856.2327272727275,977.4545454545455,1446.6327272727274,27.447771530976752,100.0,959.4322442374237,10.0,8.010557174682617,,,,,4.0,5.0,5.0
2025-08-05 13:39:38,1858.0945454545456,968.1454545454546,1444.770909090909,27.365379800467053,100.0,959.3889315821937,10.0,8.04000473022461,,,,,5.0,6.0,6.0
2025-08-05 13:39:44,1861.818181818182,983.0400000000001,1444.770909090909,27.102756656706333,100.0,959.3730030382816,10.0,7.990452289581299,,,,,7.0,8.0,8.0
2025-08-05 13:39:50,1863.68,988.6254545454545,1446.6327272727274,27.0255146996642,100.0,959.3925711685753,10.0,7.973964214324951,,,,,9.0,10.0,10.0
2025-08-05 13:39:56,1865.5418181818181,994.2109090909092,1446.6327272727274,26.9740200980159,100.0,959.3413398919218,10.0,7.959308624267578,,,,,9.0,10.0,10.0
2025-08-05 13:40:02,1865.5418181818181,994.2109090909092,1446.6327272727274,27.082158795092255,100.0,959.3965873537926,10.0,7.964456081390381,,,,,7.0,8.0,8.0
2025-08-05 13:40:08,1867.4036363636365,996.0727272727273,1446.6327272727274,26.917376069817692,100.0,959.419919097276,10.0,7.954890251159668,,,,,7.0,9.0,9.0
2025-08-05 13:40:14,1865.5418181818181,992.3490909090909,1444.770909090909,26.96887063945178,100.0,959.3610028170452,10.0,7.964618682861328,,,,,6.0,8.0,8.0
2025-08-05 13:40:20,1863.68,988.6254545454545,1446.6327272727274,27.0667104019376,100.0,959.3729568788144,10.0,7.9762187004089355,,,,,4.0,6.0,6.0
2025-08-05 13:40:26,1861.818181818182,988.6254545454545,1444.770909090909,27.0667104019376,100.0,959.4005012932354,10.0,7.971249580383301,,,,,6.0,8.0,8.0
2025-08-05 13:40:32,1863.68,992.3490909090909,1444.770909090909,27.0255146996642,100.0,959.3925711685753,10.0,7.962525844573975,,,,,6.0,7.0,7.0
2025-08-05 13:40:38,1865.5418181818181,994.2109090909092,1446.6327272727274,27.015215777006233,100.0,959.3217322872489,10.0,7.9615631103515625,,,,,5.0,6.0,6.0
2025-08-05 13:40:41,1865.5418181818181,992.3490909090909,1448.4945454545457,27.138802925735945,100.0,959.4005915793579,10.0,7.973045349121094,,,,,5.0,7.0,7.0
2025-08-05 13:40:44,1863.68,988.6254545454545,1446.6327272727274,27.334482920734445,100.0,959.3967967108342,10.0,7.989767551422119,,,,,6.0,8.0,8.0
2025-08-05 13:40:50,1863.68,990.4872727272729,1446.6327272727274,27.432323075830936,100.0,959.3259414930799,10.0,7.989570617675781,,,,,6.0,7.0,9.0
2025-08-05 13:40:56,1863.68,990.4872727272729,1444.770909090909,27.416874623304466,100.0,959.4125588953543,10.0,7.988162517547607,,,,,5.0,7.0,8.0
2025-08-05 13:40:59,1863.68,990.4872727272729,1446.6327272727274,27.458070502529154,100.0,959.3377478633812,10.0,7.990808486938477,,,,,5.0,7.0,8.0
2025-08-05 13:41:02,1861.818181818182,994.2109090909092,1446.6327272727274,27.406575656408677,100.0,959.3692513763003,10.0,7.971736431121826,,,,,5.0,6.0,7.0
2025-08-05 13:47:48,1876.7127272727273,1003.5200000000001,1463.389090909091,26.289144663722254,100.0,959.3392739617327,10.0,7.9334001541137695,,,,,3.0,4.0,4.0
2025-08-05 13:47:51,1876.7127272727273,1003.5200000000001,1463.389090909091,26.4075814007374,100.0,959.3554866925749,10.0,7.9384074211120605,,,,,3.0,4.0,4.0
2025-08-05 13:47:57,1874.8509090909092,997.9345454545455,1459.6654545454546,26.62900701770559,100.0,959.3641232841578,10.0,7.957482814788818,,,,,3.0,4.0,4.0
2025-08-05 13:48:03,1872.989090909091,999.7963636363637,1457.8036363636365,26.51571942551527,100.0,959.3834086447066,10.0,7.941354751586914,,,,,3.0,4.0,4.0
2025-08-05 13:48:09,1871.1272727272728,1001.6581818181819,1459.6654545454546,26.484822833910584,100.0,959.3636406392355,10.0,7.9290547370910645,,,,,3.0,4.0,4.0
2025-08-05 13:48:15,1871.1272727272728,996.0727272727273,1459.6654545454546,26.51571942551527,100.0,959.4109294362398,10.0,7.9455718994140625,,,,,4.0,5.0,5.0
2025-08-05 13:48:21,1876.7127272727273,996.0727272727273,1459.6654545454546,26.587811513338238,100.0,959.3561297723659,10.0,7.966855049133301,,,,,5.0,6.0,6.0
2025-08-05 13:48:27,1874.8509090909092,1001.6581818181819,1461.5272727272727,26.541466593189398,100.0,959.3677716999118,10.0,7.943338871002197,,,,,4.0,5.0,5.0
2025-08-05 13:48:33,1872.989090909091,997.9345454545455,1459.6654545454546,26.531167725246632,100.0,959.4345741509347,10.0,7.946846008300781,,,,,5.0,6.0,6.0
2025-08-05 13:48:39,1871.1272727272728,997.9345454545455,1459.6654545454546,26.459075682243565,100.0,959.351752275022,10.0,7.938351154327393,,,,,4.0,6.0,7.0
2025-08-05 13:48:45,1872.989090909091,999.7963636363637,1461.5272727272727,26.417880254710326,100.0,959.3162175179925,10.0,7.937577247619629,,,,,3.0,5.0,6.0
2025-08-05 13:48:51,1869.2654545454548,992.3490909090909,1457.8036363636365,26.51056999285356,100.0,959.3480067995387,10.0,7.950767517089844,,,,,3.0,5.0,5.0
2025-08-05 13:48:57,1869.2654545454548,994.2109090909092,1457.8036363636365,26.572363204002613,100.0,959.3600115427295,10.0,7.948124408721924,,,,,3.0,5.0,6.0
2025-08-05 13:49:03,1867.4036363636365,996.0727272727273,1459.6654545454546,26.659903658204712,100.0,959.3838781790911,10.0,7.941952705383301,,,,,4.0,5.0,5.0
2025-08-05 13:49:09,1865.5418181818181,994.2109090909092,1457.8036363636365,26.577512640156783,100.0,959.3678922173953,10.0,7.938795566558838,,,,,3.0,5.0,7.0
2025-08-05 13:49:15,1867.4036363636365,994.2109090909092,1455.9418181818182,26.52086885846802,100.0,959.3637689676748,10.0,7.940690040588379,,,,,4.0,5.0,7.0
2025-08-05 13:49:18,1867.4036363636365,992.3490909090909,1455.9418181818182,26.556914897286333,100.0,959.4464598759541,10.0,7.947665214538574,,,,,4.0,6.0,7.0
2025-08-05 13:49:21,1867.4036363636365,994.2109090909092,1455.9418181818182,26.489972265117103,100.0,959.3990417261683,10.0,7.938854217529297,,,,,4.0,6.0,7.0
2025-08-05 13:49:27,1865.5418181818181,997.9345454545455,1457.8036363636365,26.417880254710326,100.0,959.3987672248826,10.0,7.918952465057373,,,,,4.0,5.0,6.0
2025-08-05 13:49:33,1867.4036363636365,996.0727272727273,1457.8036363636365,26.433328537852503,100.0,959.4774485849277,10.0,7.9297027587890625,,,,,4.0,5.0,7.0
2025-08-05 13:52:57,1878.5745454545456,1007.2436363636364,1459.6654545454546,25.975030585104832,100.0,959.545905973846,10.0,7.914057731628418,,,,,3.0,4.0,4.0
2025-08-05 13:53:03,1878.5745454545456,1009.1054545454546,1459.6654545454546,25.944134176854277,100.0,959.5260808795482,10.0,7.907688140869141,,,,,2.0,3.0,3.0
2025-08-05 13:53:09,1876.7127272727273,1009.1054545454546,1461.5272727272727,25.944134176854277,100.0,959.5260808795482,10.0,7.901749134063721,,,,,2.0,3.0,4.0
2025-08-05 13:53:15,1878.5745454545456,1005.3818181818183,1461.5272727272727,25.9338353764324,100.0,959.5927946352855,10.0,7.917131423950195,,,,,3.0,5.0,5.0
2025-08-05 13:53:21,1876.7127272727273,1003.5200000000001,1463.389090909091,25.944134176854277,100.0,959.471088177164,10.0,7.917613506317139,,,,,4.0,5.0,6.0
2025-08-05 13:53:27,1874.8509090909092,999.7963636363637,1457.8036363636365,26.278845824301243,100.0,959.4885723181302,10.0,7.93635892868042,,,,,4.0,5.0,6.0
2025-08-05 13:53:33,1871.1272727272728,996.0727272727273,1457.8036363636365,26.397282547928626,100.0,959.449785686009,10.0,7.940195083618164,,,,,3.0,5.0,6.0
2025-08-05 13:53:36,1871.1272727272728,996.0727272727273,1457.8036363636365,26.402431974187493,100.0,959.5127004911144,10.0,7.939998626708984,,,,,3.0,5.0,5.0
2025-08-05 13:53:39,1871.1272727272728,994.2109090909092,1459.6654545454546,26.459075682243565,100.0,959.461825751195,10.0,7.947953224182129,,,,,4.0,5.0,5.0
2025-08-05 13:53:45,1867.4036363636365,992.3490909090909,1455.9418181818182,26.489972265117103,100.0,959.5366404036796,10.0,7.943587303161621,,,,,3.0,4.0,6.0
2025-08-05 13:53:51,1865.5418181818181,999.7963636363637,1457.8036363636365,26.37668484580354,100.0,959.5007992629103,10.0,7.910834312438965,,,,,4.0,5.0,7.0
2025-08-05 13:53:57,1871.1272727272728,1001.6581818181819,1457.8036363636365,26.345788301347056,100.0,959.5085264614988,10.0,7.92208194732666,,,,,3.0,4.0,5.0
2025-08-05 13:54:00,1871.1272727272728,1003.5200000000001,1452.2181818181818,26.28399524386623,100.0,959.5514782875027,10.0,7.913958549499512,,,,,4.0,5.0,6.0
2025-08-05 13:54:03,1871.1272727272728,1003.5200000000001,1457.8036363636365,26.211903396440903,100.0,959.523620339989,10.0,7.911033630371094,,,,,4.0,5.0,6.0
2025-08-05 13:54:09,1874.8509090909092,1012.829090909091,1463.389090909091,26.108915141929174,100.0,959.4759405053836,10.0,7.892940521240234,,,,,4.0,5.0,6.0
2025-08-05 13:54:12,1872.989090909091,1005.3818181818183,1459.6654545454546,26.13466219464317,100.0,959.5153674664413,10.0,7.908516883850098,,,,,4.0,4.0,4.0
2025-08-05 13:54:15,1872.989090909091,1005.3818181818183,1457.8036363636365,26.119213962141657,100.0,959.5742228634678,10.0,7.907452583312988,,,,,4.0,4.0,4.0
2025-08-05 13:54:18,1872.989090909091,1003.5200000000001,1459.6654545454546,26.129512783518294,100.0,959.5074820270296,10.0,7.913516998291016,,,,,2.0,3.0,3.0
2025-08-05 13:54:24,1871.1272727272728,1001.6581818181819,1461.5272727272727,26.273696405027295,100.0,959.5081987338023,10.0,7.91896915435791,,,,,3.0,5.0,5.0
2025-08-05 13:54:27,1871.1272727272728,997.9345454545455,1457.8036363636365,26.314891767367953,100.0,959.5162491527028,10.0,7.931028366088867,,,,,3.0,5.0,5.0
2025-08-05 13:59:36,1874.8509090909092,1005.3818181818183,1455.9418181818182,25.83084743624204,100.0,959.5450114222007,10.0,7.901124000549316,,,,,4.0,5.0,5.0
2025-08-05 13:59:42,1876.7127272727273,1003.5200000000001,1455.9418181818182,25.789652292762185,100.0,959.5093969023931,10.0,7.910687446594238,,,,,4.0,5.0,5.0
2025-08-05 13:59:45,1878.5745454545456,1007.2436363636364,1459.6654545454546,25.815399255254306,100.0,959.5213471520328,10.0,7.907321929931641,,,,,4.0,5.0,5.0
2025-08-05 13:59:51,1876.7127272727273,1001.6581818181819,1457.8036363636365,25.799951076885918,100.0,959.6076439198415,10.0,7.915643215179443,,,,,4.0,5.0,5.0
2025-08-05 13:59:57,1876.7127272727273,1005.3818181818183,1459.6654545454546,25.769054728007177,100.0,959.5053332849706,10.0,7.904656410217285,,,,,4.0,6.0,6.0
2025-08-05 14:00:00,1874.8509090909092,1001.6581818181819,1459.6654545454546,25.789652292762185,100.0,959.5093969023931,10.0,7.909914493560791,,,,,5.0,6.0,6.0
2025-08-05 14:00:03,1872.989090909091,1003.5200000000001,1457.8036363636365,25.805100469384342,100.0,959.4780807051186,10.0,7.89969539642334,,,,,5.0,7.0,7.0
2025-08-05 14:00:09,1872.989090909091,997.9345454545455,1459.6654545454546,25.923536577174673,100.0,959.5220282866666,10.0,7.920019149780273,,,,,5.0,6.0,6.0
2025-08-05 14:00:18,1865.5418181818181,996.0727272727273,1457.8036363636365,26.026524622138822,100.0,959.5697770567109,10.0,7.905574321746826,,,,,4.0,5.0,5.0
2025-08-05 14:00:24,1871.1272727272728,994.2109090909092,1457.8036363636365,26.078018688276643,100.0,959.5111351478379,10.0,7.931155681610107,,,,,4.0,5.0,5.0
2025-08-05 14:00:30,1869.2654545454548,994.2109090909092,1455.9418181818182,25.975030585104832,100.0,959.545905973846,10.0,7.9205474853515625,,,,,4.0,6.0,6.0
2025-08-05 14:00:36,1871.1272727272728,1001.6581818181819,1454.0800000000002,25.861743806075538,100.0,959.5373548759197,10.0,7.900976181030273,,,,,4.0,6.0,6.0
2025-08-05 14:00:39,1871.1272727272728,999.7963636363637,1455.9418181818182,25.872042598348344,100.0,959.5531305548523,10.0,7.906482696533203,,,,,4.0,6.0,6.0
2025-08-05 14:00:42,1869.2654545454548,999.7963636363637,1457.8036363636365,25.959582379669882,100.0,959.5772392365415,10.0,7.904167652130127,,,,,4.0,5.0,5.0
2025-08-05 14:00:45,1869.2654545454548,1001.6581818181819,1459.6654545454546,25.964731781190494,100.0,959.5576293259976,10.0,7.899357318878174,,,,,4.0,5.0,5.0
2025-08-05 14:00:51,1867.4036363636365,996.0727272727273,1455.9418181818182,26.03682343303808,100.0,959.4755492443604,10.0,7.91258430480957,,,,,4.0,5.0,5.0
2025-08-05 14:00:54,1869.2654545454548,992.3490909090909,1454.0800000000002,26.093466913793236,100.0,959.5622956521953,10.0,7.930719375610352,,,,,3.0,5.0,5.0
2025-08-05 14:00:57,1869.2654545454548,996.0727272727273,1452.2181818181818,26.041972838924266,100.0,959.4834351632827,10.0,7.918684005737305,,,,,3.0,5.0,5.0
2025-08-05 14:01:00,1869.2654545454548,999.7963636363637,1455.9418181818182,26.016225812403718,100.0,959.6090025723414,10.0,7.906403541564941,,,,,3.0,5.0,5.0
2025-08-05 14:01:06,1869.2654545454548,996.0727272727273,1454.0800000000002,25.99562819642597,100.0,959.5224568958317,10.0,7.916425704956055,,,,,4.0,5.0,5.0
2025-08-05 14:01:12,1867.4036363636365,990.4872727272729,1452.2181818181818,26.07286928035319,100.0,959.503249289657,10.0,7.929450988769531,,,,,2.0,3.0,3.0
2025-08-05 14:01:18,1865.5418181818181,994.2109090909092,1454.0800000000002,26.114064551889896,100.0,959.5388331423483,10.0,7.91472864151001,,,,,3.0,4.0,4.0
2025-08-05 14:01:24,1865.5418181818181,990.4872727272729,1454.0800000000002,26.155259842053056,100.0,959.4918986243032,10.0,7.9277024269104,,,,,4.0,4.0,4.0
2025-08-05 14:01:30,1863.68,988.6254545454545,1452.2181818181818,26.3251906108635,100.0,959.532017227613,10.0,7.937070369720459,,,,,4.0,5.0,5.0
2025-08-05 14:01:36,1861.818181818182,986.7636363636365,1452.2181818181818,26.361236572265625,100.0,959.4496349828775,10.0,7.940457820892334,,,,,4.0,5.0,5.0
2025-08-05 14:01:42,1861.818181818182,986.7636363636365,1450.3563636363638,26.289144663722254,100.0,959.5868740459113,10.0,7.935774803161621,,,,,5.0,6.0,6.0
2025-08-05 14:01:48,1861.818181818182,988.6254545454545,1450.3563636363638,26.24279989549541,100.0,959.5159117896652,10.0,7.928193092346191,,,,,4.0,6.0,6.0
2025-08-05 14:01:54,1863.68,992.3490909090909,1450.3563636363638,26.263397567352513,100.0,959.5199402704004,10.0,7.922549724578857,,,,,3.0,4.0,4.0
2025-08-05 14:01:57,1865.5418181818181,997.9345454545455,1454.0800000000002,26.263397567352513,100.0,959.5199402704004,10.0,7.910974502563477,,,,,4.0,5.0,5.0
2025-08-05 14:02:03,1865.5418181818181,994.2109090909092,1450.3563636363638,26.28399524386623,100.0,959.4964564053615,10.0,7.922826766967773,,,,,3.0,5.0,5.0
2025-08-05 14:02:09,1865.5418181818181,990.4872727272729,1450.3563636363638,26.417880254710326,100.0,959.4538004564015,10.0,7.941436290740967,,,,,2.0,2.0,2.0
2025-08-05 14:02:15,1865.5418181818181,997.9345454545455,1452.2181818181818,26.366385996487224,100.0,959.5125469843496,10.0,7.91549825668335,,,,,3.0,4.0,4.0
2025-08-05 14:02:18,1867.4036363636365,997.9345454545455,1455.9418181818182,26.37668484580354,100.0,959.4732843723468,10.0,7.92211389541626,,,,,3.0,4.0,4.0
2025-08-05 14:02:24,1867.4036363636365,996.0727272727273,1450.3563636363638,26.397282547928626,100.0,959.5598488296724,10.0,7.9275946617126465,,,,,3.0,4.0,4.0
2025-08-05 14:02:27,1869.2654545454548,996.0727272727273,1450.3563636363638,26.294294083869318,100.0,959.5672474372294,10.0,7.929028511047363,,,,,3.0,4.0,4.0
2025-08-05 14:02:33,1869.2654545454548,999.7963636363637,1452.2181818181818,26.253098730841884,100.0,959.476661809653,10.0,7.917520523071289,,,,,4.0,5.0,6.0
2025-08-05 14:02:39,1871.1272727272728,1003.5200000000001,1452.2181818181818,26.196455150842667,100.0,959.5549801248568,10.0,7.910155296325684,,,,,3.0,4.0,5.0
2025-08-05 14:02:45,1869.2654545454548,1001.6581818181819,1448.4945454545457,26.155259842053056,100.0,959.6019203705499,10.0,7.907294750213623,,,,,4.0,5.0,6.0
2025-08-05 14:02:48,1872.989090909091,1001.6581818181819,1452.2181818181818,26.10376573225949,100.0,959.4955583682952,10.0,7.9176411628723145,,,,,3.0,5.0,6.0
2025-08-05 14:02:51,1872.989090909091,1001.6581818181819,1452.2181818181818,26.098616322880844,100.0,959.5701818310066,10.0,7.916927337646484,,,,,4.0,5.0,6.0
2025-08-05 14:02:54,1872.989090909091,1003.5200000000001,1454.0800000000002,26.078018688276643,100.0,959.5111351478379,10.0,7.911264896392822,,,,,3.0,4.0,5.0
2025-08-05 14:03:00,1872.989090909091,997.9345454545455,1452.2181818181818,26.052271651569754,100.0,959.6092111743918,10.0,7.92500114440918,,,,,4.0,5.0,5.0
2025-08-05 14:03:03,1872.989090909091,999.7963636363637,1450.3563636363638,26.016225812403718,100.0,959.5540035751441,10.0,7.918642044067383,,,,,4.0,6.0,6.0
2025-08-05 14:03:06,1871.1272727272728,999.7963636363637,1452.2181818181818,25.959582379669882,100.0,959.5497421788689,10.0,7.910290718078613,,,,,4.0,6.0,6.0
2025-08-05 14:03:09,1872.989090909091,1001.6581818181819,1452.2181818181818,26.005927003832767,100.0,959.4282342273367,10.0,7.913869857788086,,,,,3.0,6.0,6.0
2025-08-05 14:03:15,1869.2654545454548,999.7963636363637,1452.2181818181818,26.098616322880844,100.0,959.4601698861917,10.0,7.910958290100098,,,,,4.0,7.0,7.0
2025-08-05 14:03:21,1871.1272727272728,996.0727272727273,1452.2181818181818,26.479673402995104,100.0,959.4933555771313,10.0,7.94346284866333,,,,,3.0,5.0,5.0
2025-08-05 14:03:24,1867.4036363636365,992.3490909090909,1452.2181818181818,26.587811513338238,100.0,959.4937492823003,10.0,7.948901653289795,,,,,3.0,5.0,5.0
2025-08-05 14:03:30,1867.4036363636365,990.4872727272729,1452.2181818181818,26.63415645706118,100.0,959.5646849703404,10.0,7.9564900398254395,,,,,4.0,6.0,6.0
2025-08-05 14:03:36,1863.68,992.3490909090909,1450.3563636363638,26.546616027597338,100.0,959.4857412437241,10.0,7.937313079833984,,,,,4.0,5.0,7.0
2025-08-05 14:03:42,1863.68,994.2109090909092,1448.4945454545457,26.43847796614864,100.0,959.5128488899146,10.0,7.925860404968262,,,,,5.0,5.0,8.0
2025-08-05 14:03:48,1865.5418181818181,994.2109090909092,1448.4945454545457,26.479673402995104,100.0,959.5208748977097,10.0,7.932675838470459,,,,,4.0,6.0,8.0
2025-08-05 14:03:54,1863.68,996.0727272727273,1450.3563636363638,26.51056999285356,100.0,959.4856097198983,10.0,7.924032688140869,,,,,4.0,5.0,7.0
2025-08-05 14:04:00,1863.68,988.6254545454545,1448.4945454545457,26.731995860114694,100.0,959.549262946577,10.0,7.957795143127441,,,,,3.0,5.0,6.0
2025-08-05 14:04:06,1859.9563636363637,984.9018181818182,1446.6327272727274,27.03581362348632,100.0,959.4909551782838,10.0,7.975686073303223,,,,,3.0,4.0,4.0
2025-08-05 14:04:09,1861.818181818182,990.4872727272729,1450.3563636363638,27.14910186236375,100.0,959.416344496962,10.0,7.969642639160156,,,,,3.0,4.0,4.0
2025-08-05 14:04:15,1859.9563636363637,984.9018181818182,1450.3563636363638,27.298436574288644,100.0,959.4794453524629,10.0,7.989220142364502,,,,,3.0,4.0,4.0
2025-08-05 14:04:18,1856.2327272727275,984.9018181818182,1448.4945454545457,27.31388500673347,100.0,959.558183067204,10.0,7.9799113273620605,,,,,3.0,4.0,4.0
2025-08-05 14:04:21,1856.2327272727275,986.7636363636365,1446.6327272727274,27.380828244262375,100.0,959.4952290159374,10.0,7.978076934814453,,,,,3.0,5.0,5.0
2025-08-05 14:04:24,1858.0945454545456,984.9018181818182,1448.4945454545457,27.48896742417128,100.0,959.4676759795481,10.0,7.9943013191223145,,,,,2.0,3.0,3.0
2025-08-05 14:12:09,1861.818181818182,988.6254545454545,1452.2181818181818,26.613558701385045,100.0,959.423057594863,10.0,7.947866439819336,,,,,3.0,5.0,5.0
2025-08-05 14:12:12,1859.9563636363637,988.6254545454545,1452.2181818181818,26.64445533664548,100.0,959.4428167631211,10.0,7.94453763961792,,,,,3.0,4.0,5.0
2025-08-05 14:12:18,1859.9563636363637,992.3490909090909,1454.0800000000002,26.67535198238329,100.0,959.4075187507885,10.0,7.934936046600342,,,,,2.0,4.0,5.0
2025-08-05 14:12:24,1859.9563636363637,994.2109090909092,1454.0800000000002,26.73714530529105,100.0,959.3919618534545,10.0,7.932493686676025,,,,,1.0,3.0,4.0
2025-08-05 14:12:30,1861.818181818182,986.7636363636365,1454.0800000000002,26.855582624673843,100.0,959.3804508886284,10.0,7.966290473937988,,,,,2.0,4.0,5.0
2025-08-05 14:12:36,1859.9563636363637,992.3490909090909,1450.3563636363638,26.71654752633185,100.0,959.3329142673751,10.0,7.937586307525635,,,,,3.0,4.0,4.0
2025-08-05 14:12:42,1861.818181818182,999.7963636363637,1457.8036363636365,26.623857578641037,100.0,959.3837684646776,10.0,7.914363384246826,,,,,3.0,5.0,5.0
2025-08-05 14:12:48,1865.5418181818181,999.7963636363637,1454.0800000000002,26.551765462296316,100.0,959.4110560340051,10.0,7.920009613037109,,,,,3.0,5.0,6.0
2025-08-05 14:12:54,1867.4036363636365,996.0727272727273,1454.0800000000002,26.618708139867522,100.0,959.4034132349116,10.0,7.939701080322266,,,,,3.0,5.0,6.0
2025-08-05 14:13:00,1867.4036363636365,999.7963636363637,1455.9418181818182,26.613558701385045,100.0,959.3129577252988,10.0,7.928654193878174,,,,,3.0,4.0,5.0
2025-08-05 14:13:03,1869.2654545454548,999.7963636363637,1455.9418181818182,26.577512640156783,100.0,959.3678922173953,10.0,7.932270050048828,,,,,3.0,5.0,5.0
2025-08-05 14:13:09,1865.5418181818181,994.2109090909092,1454.0800000000002,26.536317159072496,100.0,959.359890736669,10.0,7.936744689941406,,,,,3.0,4.0,4.0
2025-08-05 14:13:15,1863.68,992.3490909090909,1454.0800000000002,26.88132988839061,100.0,959.3647710094814,10.0,7.955338001251221,,,,,3.0,3.0,5.0
2025-08-05 14:13:21,1861.818181818182,990.4872727272729,1454.0800000000002,27.174849209026434,100.0,959.2904329362963,10.0,7.971864223480225,,,,,3.0,3.0,5.0
2025-08-05 14:13:24,1859.9563636363637,990.4872727272729,1454.0800000000002,27.303586051479215,100.0,959.4046573143605,10.0,7.972870349884033,,,,,3.0,4.0,5.0
2025-08-05 14:13:30,1859.9563636363637,986.7636363636365,1454.0800000000002,27.308735528960824,100.0,959.3849776611854,10.0,7.984715938568115,,,,,3.0,3.0,4.0
2025-08-05 14:13:36,1858.0945454545456,986.7636363636365,1452.2181818181818,27.463219988741912,100.0,959.3731826183935,10.0,7.987948894500732,,,,,3.0,3.0,3.0
2025-08-05 14:13:39,1856.2327272727275,984.9018181818182,1452.2181818181818,27.432323075830936,100.0,959.3535015572756,10.0,7.987457752227783,,,,,3.0,3.0,3.0
2025-08-05 14:13:42,1856.2327272727275,984.9018181818182,1450.3563636363638,27.38597772610956,100.0,959.3377554979081,10.0,7.985201835632324,,,,,3.0,4.0,4.0
2025-08-05 14:13:45,1856.2327272727275,983.0400000000001,1450.3563636363638,27.422024107188918,100.0,959.2826350423383,10.0,7.993155479431152,,,,,3.0,4.0,4.0
2025-08-05 14:15:30,1839.4763636363637,979.3163636363637,1446.6327272727274,27.334482920734445,100.0,959.3416849356146,10.0,7.956767559051514,,,,,4.0,5.0,5.0
2025-08-05 14:15:36,1845.0618181818181,992.3490909090909,1448.4945454545457,27.205746034625918,100.0,959.3927855195019,10.0,7.924072265625,,,,,3.0,4.0,4.0
2025-08-05 14:15:42,1848.7854545454547,988.6254545454545,1446.6327272727274,27.123354522977024,100.0,959.2667751775897,10.0,7.941739082336426,,,,,5.0,6.0,6.0
2025-08-05 14:15:48,1852.509090909091,990.4872727272729,1450.3563636363638,27.179998679232085,100.0,959.3258574105807,10.0,7.948033332824707,,,,,3.0,5.0,5.0
2025-08-05 14:15:51,1850.647272727273,990.4872727272729,1448.4945454545457,27.19544709159527,100.0,959.2943841994019,10.0,7.944279670715332,,,,,3.0,5.0,5.0
2025-08-05 14:15:57,1852.509090909091,986.7636363636365,1446.6327272727274,27.221194451354677,100.0,959.3613110337419,10.0,7.961329936981201,,,,,3.0,4.0,4.0
2025-08-05 14:16:03,1852.509090909091,983.0400000000001,1444.770909090909,27.15940080015571,100.0,959.349452329018,10.0,7.969675064086914,,,,,3.0,4.0,5.0
2025-08-05 14:16:06,1852.509090909091,984.9018181818182,1446.6327272727274,27.221194451354677,100.0,959.3337600201039,10.0,7.96724271774292,,,,,3.0,5.0,7.0
2025-08-05 14:16:09,1852.509090909091,984.9018181818182,1446.6327272727274,27.29328709738911,100.0,959.3613529585805,10.0,7.970734119415283,,,,,3.0,5.0,7.0
2025-08-05 14:16:12,1852.509090909091,981.1781818181819,1446.6327272727274,27.298436574288644,100.0,959.3692278363901,10.0,7.982382297515869,,,,,3.0,4.0,6.0
2025-08-05 14:16:18,1848.7854545454547,983.0400000000001,1448.4945454545457,27.231493397295708,100.0,959.377061976167,10.0,7.963639736175537,,,,,4.0,5.0,6.0
2025-08-05 14:16:24,1854.3709090909092,986.7636363636365,1448.4945454545457,27.15940080015571,100.0,959.3770007029445,10.0,7.962814807891846,,,,,2.0,4.0,5.0
2025-08-05 14:16:30,1856.2327272727275,990.4872727272729,1444.770909090909,27.05641147462302,100.0,959.4122912873656,10.0,7.9506120681762695,,,,,4.0,5.0,5.0
2025-08-05 14:16:36,1859.9563636363637,997.9345454545455,1448.4945454545457,27.051262011402287,100.0,959.3217828953332,10.0,7.937662601470947,,,,,4.0,5.0,5.0
2025-08-05 14:16:42,1861.818181818182,997.9345454545455,1446.6327272727274,27.10790612283745,100.0,959.3533333818218,10.0,7.94510555267334,,,,,3.0,4.0,4.0
2025-08-05 14:16:48,1861.818181818182,997.9345454545455,1452.2181818181818,26.95342226550565,100.0,959.3649100106038,10.0,7.937108516693115,,,,,3.0,4.0,4.0
2025-08-05 14:16:54,1863.68,992.3490909090909,1448.4945454545457,27.03581362348632,100.0,959.3532396115005,10.0,7.963335037231445,,,,,3.0,4.0,4.0
2025-08-05 14:17:00,1863.68,992.3490909090909,1450.3563636363638,27.015215777006233,100.0,959.4043588564186,10.0,7.961913585662842,,,,,1.0,2.0,2.0
2025-08-05 14:17:06,1863.68,996.0727272727273,1450.3563636363638,26.92252552547143,100.0,959.4002592394032,10.0,7.945759296417236,,,,,3.0,4.0,4.0
2025-08-05 14:17:12,1861.818181818182,994.2109090909092,1452.2181818181818,26.840134269936243,100.0,959.3292806670196,10.0,7.942996501922607,,,,,1.0,2.0,2.0
2025-08-05 14:17:18,1865.5418181818181,994.2109090909092,1450.3563636363638,26.840134269936243,100.0,959.3292806670196,10.0,7.9525322914123535,,,,,2.0,2.0,4.0
2025-08-05 14:17:24,1863.68,997.9345454545455,1454.0800000000002,26.840134269936243,100.0,959.3843500202013,10.0,7.9359283447265625,,,,,2.0,2.0,4.0
2025-08-05 14:17:30,1863.68,992.3490909090909,1452.2181818181818,26.88132988839061,100.0,959.3647710094814,10.0,7.955338001251221,,,,,2.0,2.0,4.0
2025-08-05 14:17:36,1861.818181818182,990.4872727272729,1452.2181818181818,26.87618043506518,100.0,959.3568928042114,10.0,7.956081390380859,,,,,2.0,3.0,5.0
2025-08-05 14:17:39,1863.68,994.2109090909092,1452.2181818181818,26.850433172803605,100.0,959.4001074856101,10.0,7.947781562805176,,,,,2.0,3.0,5.0
2025-08-05 14:17:42,1863.68,996.0727272727273,1454.0800000000002,26.855582624673843,100.0,959.4630570386179,10.0,7.941874980926514,,,,,2.0,3.0,3.0
2025-08-05 14:17:48,1863.68,992.3490909090909,1452.2181818181818,26.81438701786101,100.0,959.4000239300378,10.0,7.951650619506836,,,,,2.0,3.0,3.0
2025-08-05 14:17:54,1861.818181818182,990.4872727272729,1450.3563636363638,26.809237568319077,100.0,959.447211684856,10.0,7.952000617980957,,,,,2.0,3.0,3.0
2025-08-05 14:17:57,1859.9563636363637,988.6254545454545,1450.3563636363638,26.829835368233034,100.0,959.4511954609753,10.0,7.953976631164551,,,,,3.0,4.0,4.0
2025-08-05 14:18:00,1861.818181818182,994.2109090909092,1454.0800000000002,26.773191429674625,100.0,959.4746515065402,10.0,7.938516616821289,,,,,2.0,4.0,4.0
2025-08-05 14:18:03,1861.818181818182,994.2109090909092,1450.3563636363638,26.731995860114694,100.0,959.3840822643351,10.0,7.937057971954346,,,,,3.0,4.0,4.0
2025-08-05 14:18:06,1861.818181818182,992.3490909090909,1450.3563636363638,26.74744419651688,100.0,959.3801903749145,10.0,7.943598747253418,,,,,3.0,4.0,4.0
2025-08-05 14:18:09,1861.818181818182,992.3490909090909,1452.2181818181818,26.695949752029264,100.0,959.3289257935829,10.0,7.941334247589111,,,,,2.0,4.0,4.0
2025-08-05 14:18:15,1859.9563636363637,990.4872727272729,1454.0800000000002,26.937973894178867,100.0,959.3963549648195,10.0,7.954195499420166,,,,,3.0,4.0,4.0
2025-08-05 14:18:18,1859.9563636363637,988.6254545454545,1450.3563636363638,26.943123350996757,100.0,959.3491547823811,10.0,7.960519790649414,,,,,3.0,4.0,4.0
2025-08-05 14:18:21,1858.0945454545456,992.3490909090909,1452.2181818181818,26.99461793518276,100.0,959.4003905109313,10.0,7.946579933166504,,,,,3.0,4.0,4.0
2025-08-05 14:18:27,1859.9563636363637,988.6254545454545,1450.3563636363638,26.9637211811787,100.0,959.4908254544305,10.0,7.9605512619018555,,,,,2.0,3.0,3.0
2025-08-05 14:18:30,1858.0945454545456,992.3490909090909,1450.3563636363638,26.891628795914585,100.0,959.6283603597035,10.0,7.93966007232666,,,,,2.0,3.0,3.0
2025-08-05 14:18:36,1863.68,994.2109090909092,1452.2181818181818,26.824685917817988,100.0,959.4157820675332,10.0,7.946349620819092,,,,,2.0,3.0,3.0
2025-08-05 14:18:42,1861.818181818182,990.4872727272729,1454.0800000000002,26.74744419651688,100.0,959.4077211016443,10.0,7.9491167068481445,,,,,2.0,3.0,3.0
2025-08-05 14:34:19,1854.3709090909092,977.4545454545455,1452.2181818181818,27.44262204563711,100.0,959.4794912141136,10.0,8.005181312561035,,,,,1.0,2.0,2.0
2025-08-05 14:34:25,1854.3709090909092,986.7636363636365,1455.9418181818182,27.37567876270623,100.0,959.4597960437349,10.0,7.973299026489258,,,,,1.0,2.0,2.0
2025-08-05 14:34:31,1856.2327272727275,986.7636363636365,1454.0800000000002,27.267539717257023,100.0,959.432191001891,10.0,7.972723484039307,,,,,1.0,2.0,3.0
2025-08-05 14:34:37,1859.9563636363637,992.3490909090909,1454.0800000000002,27.16969973911182,100.0,959.3927529006457,10.0,7.96037483215332,,,,,3.0,4.0,7.0
2025-08-05 14:34:43,1861.818181818182,988.6254545454545,1454.0800000000002,27.179998679232085,100.0,959.4085051908238,10.0,7.976995944976807,,,,,12.0,18.0,21.0
2025-08-05 14:34:49,1859.9563636363637,983.0400000000001,1454.0800000000002,27.19544709159527,100.0,959.4321337994462,10.0,7.990009307861328,,,,,32.0,49.0,59.0
2025-08-05 14:34:55,1859.9563636363637,984.9018181818182,1450.3563636363638,27.241792344400892,100.0,959.4203649482921,10.0,7.986748695373535,,,,,18.0,30.0,31.0
2025-08-05 14:34:58,1859.9563636363637,984.9018181818182,1452.2181818181818,27.288137620780617,100.0,959.3534781038338,10.0,7.98960542678833,,,,,8.0,14.0,14.0
2025-08-05 14:35:04,1859.9563636363637,986.7636363636365,1450.3563636363638,27.231493397295708,100.0,959.4321649646726,10.0,7.9804182052612305,,,,,5.0,10.0,10.0
2025-08-05 14:35:10,1859.9563636363637,984.9018181818182,1450.3563636363638,27.190297620516503,100.0,959.341608435836,10.0,7.98468017578125,,,,,4.0,8.0,8.0
2025-08-05 14:35:16,1861.818181818182,988.6254545454545,1452.2181818181818,27.16969973911182,100.0,959.3652040742613,10.0,7.976779937744141,,,,,3.0,4.0,4.0
2025-08-05 14:35:19,1861.818181818182,988.6254545454545,1454.0800000000002,27.25209129267023,100.0,959.4636689364689,10.0,7.9802937507629395,,,,,3.0,3.0,3.0
2025-08-05 14:35:22,1861.818181818182,990.4872727272729,1450.3563636363638,27.24694181839004,100.0,959.4282407265512,10.0,7.974572658538818,,,,,2.0,3.0,3.0
2025-08-05 14:35:25,1859.9563636363637,990.4872727272729,1454.0800000000002,27.32418396315188,100.0,959.3810471080002,10.0,7.974096298217773,,,,,3.0,3.0,3.0
2025-08-05 14:35:31,1861.818181818182,986.7636363636365,1452.2181818181818,27.447771530976752,100.0,959.2944405227405,10.0,7.9972662925720215,,,,,2.0,3.0,3.0
2025-08-05 14:35:34,1859.9563636363637,986.7636363636365,1452.2181818181818,27.46836947524571,100.0,959.3534945905859,10.0,7.993124485015869,,,,,3.0,4.0,4.0
2025-08-05 14:35:37,1861.818181818182,986.7636363636365,1452.2181818181818,27.452921016607434,100.0,959.2747526897818,10.0,7.9976677894592285,,,,,3.0,4.0,4.0
2025-08-05 14:35:40,1859.9563636363637,986.7636363636365,1452.2181818181818,27.525013845996,100.0,959.3849750534199,10.0,7.995798110961914,,,,,4.0,4.0,4.0
2025-08-05 14:35:46,1863.68,994.2109090909092,1455.9418181818182,27.360230319784023,100.0,959.4086140929403,10.0,7.973850250244141,,,,,4.0,5.0,5.0
2025-08-05 14:35:52,1863.68,994.2109090909092,1450.3563636363638,27.288137620780617,100.0,959.4085859193797,10.0,7.970153331756592,,,,,4.0,4.0,4.0
2025-08-05 14:41:13,1863.68,990.4872727272729,1452.2181818181818,26.92252552547143,100.0,959.4002592394032,10.0,7.962911128997803,,,,,3.0,5.0,5.0
2025-08-05 14:41:19,1863.68,986.7636363636365,1450.3563636363638,27.046112548472593,100.0,959.4240804880491,10.0,7.980506420135498,,,,,3.0,4.0,4.0
2025-08-05 14:41:22,1863.68,992.3490909090909,1455.9418181818182,27.06156093813479,100.0,959.4477127210148,10.0,7.9639787673950195,,,,,3.0,3.0,3.0
2025-08-05 14:41:25,1865.5418181818181,992.3490909090909,1455.9418181818182,27.040963085833937,100.0,959.4437464629879,10.0,7.96771764755249,,,,,2.0,4.0,4.0
2025-08-05 14:41:28,1863.68,992.3490909090909,1454.0800000000002,27.051262011402287,100.0,959.4319578758643,10.0,7.963567733764648,,,,,3.0,4.0,4.0
2025-08-05 14:41:34,1863.68,990.4872727272729,1454.0800000000002,26.989468475454487,100.0,959.5026774978155,10.0,7.965608596801758,,,,,2.0,3.0,3.0
2025-08-05 14:41:40,1863.68,992.3490909090909,1454.0800000000002,26.984319016017253,100.0,959.4672580860337,10.0,7.959880828857422,,,,,3.0,4.0,4.0
2025-08-05 14:41:43,1865.5418181818181,994.2109090909092,1455.9418181818182,26.9637211811787,100.0,959.463285395622,10.0,7.957901477813721,,,,,3.0,4.0,4.0
2025-08-05 14:41:46,1863.68,994.2109090909092,1454.0800000000002,26.9740200980159,100.0,959.5065826781131,10.0,7.953347206115723,,,,,2.0,3.0,3.0
2025-08-05 14:41:52,1865.5418181818181,992.3490909090909,1454.0800000000002,27.046112548472593,100.0,959.4516240538484,10.0,7.9679274559021,,,,,3.0,3.0,3.0
2025-08-05 14:41:55,1865.5418181818181,992.3490909090909,1452.2181818181818,27.03581362348632,100.0,959.4083257819502,10.0,7.967709541320801,,,,,3.0,3.0,3.0
2025-08-05 14:41:58,1865.5418181818181,990.4872727272729,1454.0800000000002,27.03581362348632,100.0,959.4083257819502,10.0,7.973430633544922,,,,,3.0,3.0,3.0
2025-08-05 14:42:01,1863.68,990.4872727272729,1457.8036363636365,27.10790612283745,100.0,959.4359719419153,10.0,7.972157001495361,,,,,2.0,2.0,2.0
2025-08-05 14:42:04,1863.68,979.3163636363637,1455.9418181818182,27.118205055972794,100.0,959.4241792813095,10.0,8.00707721710205,,,,,2.0,3.0,3.0
2025-08-05 14:42:07,1861.818181818182,977.4545454545455,1452.2181818181818,27.272689192701364,100.0,959.4125133933283,10.0,8.016032218933105,,,,,2.0,3.0,3.0
2025-08-05 14:42:13,1863.68,986.7636363636365,1454.0800000000002,27.138802925735945,100.0,959.4281391046553,10.0,7.9852294921875,,,,,2.0,2.0,2.0
2025-08-05 14:42:16,1861.818181818182,984.9018181818182,1452.2181818181818,27.102756656706333,100.0,959.4005489987541,10.0,7.98453426361084,,,,,2.0,4.0,4.0
2025-08-05 14:42:19,1861.818181818182,988.6254545454545,1454.0800000000002,27.087308260059217,100.0,959.4320095444216,10.0,7.972076416015625,,,,,3.0,4.0,4.0
2025-08-05 14:42:25,1859.9563636363637,983.0400000000001,1452.2181818181818,27.071859866031446,100.0,959.3532890587569,10.0,7.984239101409912,,,,,3.0,4.0,6.0
2025-08-05 14:42:31,1859.9563636363637,983.0400000000001,1450.3563636363638,27.087308260059217,100.0,959.4595548824939,10.0,7.984268665313721,,,,,2.0,4.0,6.0
2025-08-05 14:42:37,1859.9563636363637,983.0400000000001,1450.3563636363638,27.092457725317217,100.0,959.4123411195787,10.0,7.984874725341797,,,,,3.0,5.0,6.0
2025-08-05 14:42:40,1861.818181818182,986.7636363636365,1455.9418181818182,27.07700933041633,100.0,959.4162553725042,10.0,7.9773850440979,,,,,3.0,5.0,6.0
2025-08-05 14:42:43,1856.2327272727275,979.3163636363637,1450.3563636363638,27.15425133111421,100.0,959.3966728052376,10.0,7.990049362182617,,,,,5.0,6.0,8.0
2025-08-05 14:42:49,1858.0945454545456,986.7636363636365,1452.2181818181818,27.06156093813479,100.0,959.3375359307087,10.0,7.967617034912109,,,,,5.0,7.0,7.0
2025-08-05 14:42:55,1861.818181818182,990.4872727272729,1452.2181818181818,26.984319016017253,100.0,959.5223399946389,10.0,7.96043062210083,,,,,4.0,6.0,6.0
2025-08-05 14:43:01,1861.818181818182,988.6254545454545,1450.3563636363638,26.932824437652016,100.0,959.4710930608867,10.0,7.963881492614746,,,,,4.0,6.0,6.0
2025-08-05 14:43:07,1858.0945454545456,979.3163636363637,1450.3563636363638,26.932824437652016,100.0,959.4160156391059,10.0,7.983334064483643,,,,,2.0,4.0,4.0
2025-08-05 14:43:13,1856.2327272727275,973.7309090909091,1450.3563636363638,27.185148149728775,100.0,959.3612823792007,10.0,8.00904369354248,,,,,2.0,3.0,3.0
2025-08-05 14:43:19,1850.647272727273,973.7309090909091,1452.2181818181818,27.179998679232085,100.0,959.5462518664876,10.0,7.99314022064209,,,,,2.0,2.0,2.0
2025-08-05 14:43:25,1852.509090909091,977.4545454545455,1446.6327272727274,27.179998679232085,100.0,959.3534066518988,10.0,7.987865447998047,,,,,3.0,4.0,4.0
2025-08-05 14:43:28,1854.3709090909092,984.9018181818182,1450.3563636363638,27.1336534578586,100.0,959.3927151552547,10.0,7.967094421386719,,,,,2.0,2.0,2.0
2025-08-05 14:43:34,1858.0945454545456,990.4872727272729,1450.3563636363638,27.00491685551242,100.0,959.3886039761077,10.0,7.952909469604492,,,,,3.0,3.0,3.0
2025-08-05 14:43:37,1858.0945454545456,994.2109090909092,1454.0800000000002,26.979169556871057,100.0,959.3767578249827,10.0,7.940238952636719,,,,,2.0,2.0,2.0
2025-08-05 14:43:43,1859.9563636363637,992.3490909090909,1454.0800000000002,26.86073207683512,100.0,959.3883294532877,10.0,7.944575309753418,,,,,2.0,3.0,3.0
2025-08-05 14:43:49,1859.9563636363637,990.4872727272729,1448.4945454545457,26.81438701786101,100.0,959.4000239300378,10.0,7.947837829589844,,,,,2.0,3.0,3.0
2025-08-05 14:43:55,1859.9563636363637,992.3490909090909,1452.2181818181818,26.773191429674625,100.0,959.3645241130548,10.0,7.940260410308838,,,,,1.0,3.0,3.0
2025-08-05 14:43:58,1859.9563636363637,986.7636363636365,1452.2181818181818,26.773191429674625,100.0,959.4195877723192,10.0,7.957020282745361,,,,,2.0,3.0,3.0
2025-08-05 14:44:01,1859.9563636363637,986.7636363636365,1454.0800000000002,26.73714530529105,100.0,959.3919618534545,10.0,7.955371379852295,,,,,3.0,5.0,5.0
2025-08-05 14:44:04,1859.9563636363637,984.9018181818182,1450.3563636363638,26.79378922143951,100.0,959.4235733658674,10.0,7.963760852813721,,,,,4.0,5.0,5.0
2025-08-05 14:44:07,1859.9563636363637,988.6254545454545,1452.2181818181818,26.73714530529105,100.0,959.4194921465199,10.0,7.949453353881836,,,,,3.0,3.0,3.0
2025-08-05 14:44:13,1861.818181818182,997.9345454545455,1454.0800000000002,26.701099195168354,100.0,959.3918626574945,10.0,7.923980712890625,,,,,3.0,3.0,3.0
2025-08-05 14:44:19,1859.9563636363637,986.7636363636365,1450.3563636363638,26.912226614454994,100.0,959.4395785447057,10.0,7.964003086090088,,,,,3.0,3.0,3.0
2025-08-05 14:44:25,1856.2327272727275,977.4545454545455,1450.3563636363638,27.138802925735945,100.0,959.4005915793579,10.0,7.9949445724487305,,,,,4.0,4.0,4.0
2025-08-05 14:44:31,1854.3709090909092,983.0400000000001,1452.2181818181818,27.205746034625918,100.0,959.3376847933233,10.0,7.976912498474121,,,,,2.0,3.0,3.0
2025-08-05 14:44:34,1852.509090909091,977.4545454545455,1450.3563636363638,27.15425133111421,100.0,959.369124638778,10.0,7.9864349365234375,,,,,2.0,3.0,3.0
2025-08-05 14:44:40,1846.9236363636364,973.7309090909091,1448.4945454545457,27.040963085833937,100.0,959.3611165005191,10.0,7.977807521820068,,,,,2.0,4.0,4.0
2025-08-05 14:44:46,1848.7854545454547,983.0400000000001,1452.2181818181818,26.92252552547143,100.0,959.4002592394032,10.0,7.947633743286133,,,,,3.0,5.0,6.0
2025-08-05 14:44:49,1850.647272727273,983.0400000000001,1450.3563636363638,26.891628795914585,100.0,959.4356013296455,10.0,7.950569152832031,,,,,2.0,4.0,6.0
2025-08-05 14:44:55,1854.3709090909092,994.2109090909092,1452.2181818181818,26.757743088906864,100.0,959.4785428575669,10.0,7.918622016906738,,,,,2.0,4.0,5.0
2025-08-05 14:45:01,1858.0945454545456,996.0727272727273,1450.3563636363638,26.680501424358226,100.0,959.41539898805,10.0,7.918939113616943,,,,,1.0,3.0,5.0
2025-08-05 14:45:07,1861.818181818182,997.9345454545455,1450.3563636363638,26.63415645706118,100.0,959.5096330387066,10.0,7.919705390930176,,,,,1.0,2.0,2.0
2025-08-05 14:45:13,1861.818181818182,994.2109090909092,1450.3563636363638,26.63930589670781,100.0,959.4899882823844,10.0,7.931539535522461,,,,,2.0,4.0,4.0
2025-08-05 14:45:19,1861.818181818182,994.2109090909092,1448.4945454545457,26.556914897286333,100.0,959.3914147300726,10.0,7.928032398223877,,,,,2.0,4.0,4.0
2025-08-05 14:45:25,1861.818181818182,997.9345454545455,1452.2181818181818,26.531167725246632,100.0,959.4070526808432,10.0,7.915160179138184,,,,,3.0,3.0,4.0
2025-08-05 14:45:31,1865.5418181818181,999.7963636363637,1454.0800000000002,26.479673402995104,100.0,959.4933555771313,10.0,7.915719985961914,,,,,3.0,3.0,4.0
2025-08-05 14:45:37,1865.5418181818181,996.0727272727273,1450.3563636363638,26.417880254710326,100.0,959.3712506372009,10.0,7.924870491027832,,,,,2.0,3.0,3.0
2025-08-05 14:45:43,1865.5418181818181,992.3490909090909,1450.3563636363638,26.43847796614864,100.0,959.3477438793577,10.0,7.937537670135498,,,,,3.0,4.0,4.0
2025-08-05 14:45:46,1865.5418181818181,992.3490909090909,1454.0800000000002,26.464225111994892,100.0,959.4146709446227,10.0,7.938374996185303,,,,,3.0,4.0,4.0
2025-08-05 14:45:52,1865.5418181818181,984.9018181818182,1452.2181818181818,26.526018291711807,100.0,959.371650086869,10.0,7.96472692489624,,,,,3.0,4.0,4.0
2025-08-05 14:45:55,1863.68,986.7636363636365,1452.2181818181818,26.546616027597338,100.0,959.3756526865615,10.0,7.955264091491699,,,,,3.0,4.0,4.0
2025-08-05 14:47:37,1863.68,988.6254545454545,1454.0800000000002,26.932824437652016,100.0,959.3609382923191,10.0,7.96943998336792,,,,,3.0,4.0,4.0
2025-08-05 14:47:43,1863.68,990.4872727272729,1452.2181818181818,26.89677825011313,100.0,959.4159429015631,10.0,7.961478233337402,,,,,3.0,4.0,4.0
2025-08-05 14:47:49,1861.818181818182,988.6254545454545,1450.3563636363638,26.788639773061732,100.0,959.4156939727861,10.0,7.956890106201172,,,,,3.0,5.0,5.0
2025-08-05 14:47:55,1863.68,990.4872727272729,1450.3563636363638,26.773191429674625,100.0,959.3920559333174,10.0,7.955320358276367,,,,,3.0,3.0,3.0
2025-08-05 14:47:58,1861.818181818182,990.4872727272729,1452.2181818181818,26.78349032497499,100.0,959.4353468944075,10.0,7.950764179229736,,,,,2.0,3.0,3.0
2025-08-05 14:48:04,1865.5418181818181,990.4872727272729,1457.8036363636365,26.6856508666242,100.0,959.4508073546732,10.0,7.955173015594482,,,,,3.0,3.0,3.0
2025-08-05 14:48:07,1861.818181818182,990.4872727272729,1454.0800000000002,26.63930589670781,100.0,959.4074099030273,10.0,7.94357442855835,,,,,3.0,3.0,3.0
2025-08-05 14:48:13,1861.818181818182,994.2109090909092,1454.0800000000002,26.541466593189398,100.0,959.477859352324,10.0,7.926617622375488,,,,,3.0,4.0,4.0
2025-08-05 14:48:19,1865.5418181818181,992.3490909090909,1452.2181818181818,26.474523972370662,100.0,959.430434952862,10.0,7.938787460327148,,,,,4.0,4.0,4.0
2025-08-05 14:48:22,1863.68,988.6254545454545,1450.3563636363638,26.417880254710326,100.0,959.3987672248826,10.0,7.942779541015625,,,,,4.0,4.0,4.0
2025-08-05 14:48:25,1861.818181818182,986.7636363636365,1452.2181818181818,26.433328537852503,100.0,959.3948967301112,10.0,7.944548606872559,,,,,4.0,4.0,4.0
2025-08-05 14:48:28,1861.818181818182,990.4872727272729,1452.2181818181818,26.428179109847406,100.0,959.3594976543604,10.0,7.933103084564209,,,,,4.0,4.0,4.0
2025-08-05 14:48:31,1865.5418181818181,994.2109090909092,1455.9418181818182,26.428179109847406,100.0,959.4420487744799,10.0,7.930609703063965,,,,,4.0,4.0,4.0
2025-08-05 14:48:34,1865.5418181818181,996.0727272727273,1455.9418181818182,26.412730827578343,100.0,959.4184013948801,10.0,7.9242682456970215,,,,,4.0,4.0,5.0
2025-08-05 14:48:37,1865.5418181818181,997.9345454545455,1455.9418181818182,26.417880254710326,100.0,959.4538004564015,10.0,7.9185566902160645,,,,,3.0,4.0,5.0
2025-08-05 14:48:40,1867.4036363636365,996.0727272727273,1455.9418181818182,26.448776823614025,100.0,959.5010969245781,10.0,7.930286407470703,,,,,3.0,4.0,5.0
2025-08-05 14:48:43,1865.5418181818181,990.4872727272729,1454.0800000000002,26.562064332567388,100.0,959.4543413851889,10.0,7.948821544647217,,,,,3.0,4.0,5.0
2025-08-05 14:48:46,1865.5418181818181,990.4872727272729,1454.0800000000002,26.63415645706118,100.0,959.4545811819969,10.0,7.952514171600342,,,,,3.0,4.0,5.0
2025-08-05 14:48:52,1863.68,986.7636363636365,1452.2181818181818,26.63415645706118,100.0,959.3995294002115,10.0,7.959578514099121,,,,,4.0,5.0,6.0
2025-08-05 14:48:55,1865.5418181818181,990.4872727272729,1454.0800000000002,26.546616027597338,100.0,959.5958301005019,10.0,7.9470062255859375,,,,,3.0,5.0,6.0
2025-08-05 14:49:01,1867.4036363636365,996.0727272727273,1452.2181818181818,26.37668484580354,100.0,959.3907398129526,10.0,7.927826881408691,,,,,3.0,5.0,5.0
2025-08-05 14:49:07,1867.4036363636365,996.0727272727273,1452.2181818181818,26.335489455523202,100.0,959.4377328847706,10.0,7.925743579864502,,,,,3.0,4.0,4.0
2025-08-05 14:49:13,1869.2654545454548,999.7963636363637,1455.9418181818182,26.29944350430742,100.0,959.4100625544066,10.0,7.9199676513671875,,,,,3.0,4.0,4.0
2025-08-05 14:49:19,1869.2654545454548,997.9345454545455,1454.0800000000002,26.263397567352513,100.0,959.3823902287684,10.0,7.923761367797852,,,,,3.0,3.0,3.0
2025-08-05 14:49:25,1869.2654545454548,996.0727272727273,1452.2181818181818,26.253098730841884,100.0,959.4491522349542,10.0,7.928033828735352,,,,,3.0,3.0,3.0
2025-08-05 14:49:31,1871.1272727272728,997.9345454545455,1454.0800000000002,26.22220222829492,100.0,959.4843736212124,10.0,7.927236557006836,,,,,3.0,4.0,4.0
2025-08-05 14:49:37,1871.1272727272728,999.7963636363637,1455.9418181818182,26.227351644658484,100.0,959.4372411841489,10.0,7.922604560852051,,,,,3.0,4.0,4.0
2025-08-05 14:49:43,1869.2654545454548,997.9345454545455,1454.0800000000002,26.232501061313087,100.0,959.4451252621549,10.0,7.922007083892822,,,,,3.0,4.0,4.0
2025-08-05 14:49:49,1867.4036363636365,996.0727272727273,1454.0800000000002,26.232501061313087,100.0,959.5001426583378,10.0,7.920872211456299,,,,,3.0,5.0,5.0
2025-08-05 14:49:55,1869.2654545454548,997.9345454545455,1457.8036363636365,26.227351644658484,100.0,959.5472751466779,10.0,7.921102046966553,,,,,3.0,4.0,4.0
2025-08-05 14:49:58,1867.4036363636365,992.3490909090909,1454.0800000000002,26.253098730841884,100.0,959.476661809653,10.0,7.932248592376709,,,,,3.0,4.0,4.0
2025-08-05 14:50:04,1867.4036363636365,992.3490909090909,1455.9418181818182,26.20160456575104,100.0,959.4528358296396,10.0,7.930182456970215,,,,,4.0,5.0,5.0
2025-08-05 14:50:10,1865.5418181818181,986.7636363636365,1454.0800000000002,26.28399524386623,100.0,959.4139237224798,10.0,7.946300983428955,,,,,3.0,4.0,4.0
2025-08-05 14:50:13,1865.5418181818181,988.6254545454545,1457.8036363636365,26.24279989549541,100.0,959.3783661778475,10.0,7.938727855682373,,,,,4.0,5.0,5.0
2025-08-05 14:50:16,1865.5418181818181,986.7636363636365,1454.0800000000002,26.24279989549541,100.0,959.4058752627946,10.0,7.944249153137207,,,,,4.0,4.0,4.0
2025-08-05 14:50:22,1865.5418181818181,988.6254545454545,1454.0800000000002,26.22220222829492,100.0,959.4843736212124,10.0,7.9369025230407715,,,,,3.0,5.0,6.0
2025-08-05 14:50:28,1863.68,990.4872727272729,1454.0800000000002,26.22220222829492,100.0,959.5118818950319,10.0,7.926215648651123,,,,,3.0,5.0,6.0
2025-08-05 14:50:34,1865.5418181818181,992.3490909090909,1455.9418181818182,26.22220222829492,100.0,959.4018489119967,10.0,7.926056385040283,,,,,3.0,5.0,6.0
2025-08-05 14:50:37,1865.5418181818181,992.3490909090909,1455.9418181818182,26.25824814895168,100.0,959.4570362045177,10.0,7.927511215209961,,,,,3.0,5.0,6.0
2025-08-05 14:50:40,1865.5418181818181,990.4872727272729,1452.2181818181818,26.278845824301243,100.0,959.4335509631716,10.0,7.934454917907715,,,,,3.0,5.0,6.0
2025-08-05 14:53:55,1869.2654545454548,992.3490909090909,1455.9418181818182,26.65475421739393,100.0,959.431051551642,10.0,7.9575581550598145,,,,,3.0,4.0,4.0
2025-08-05 14:54:01,1867.4036363636365,996.0727272727273,1459.6654545454546,26.58266207660199,100.0,959.4858676560934,10.0,7.937257766723633,,,,,3.0,4.0,4.0
2025-08-05 14:54:07,1869.2654545454548,994.2109090909092,1455.9418181818182,26.489972265117103,100.0,959.509120630732,10.0,7.943037986755371,,,,,4.0,7.0,7.0
2025-08-05 14:54:13,1869.2654545454548,999.7963636363637,1457.8036363636365,26.386983696284005,100.0,959.4615354252155,10.0,7.923408508300781,,,,,4.0,11.0,12.0
2025-08-05 14:54:19,1867.4036363636365,997.9345454545455,1457.8036363636365,26.37668484580354,100.0,959.4457695004994,10.0,7.922294616699219,,,,,4.0,9.0,11.0
2025-08-05 14:54:25,1869.2654545454548,997.9345454545455,1455.9418181818182,26.294294083869318,100.0,959.4296906104979,10.0,7.924779891967773,,,,,4.0,8.0,10.0
2025-08-05 14:54:31,1869.2654545454548,996.0727272727273,1455.9418181818182,26.335489455523202,100.0,959.4377328847706,10.0,7.93166971206665,,,,,3.0,6.0,7.0
2025-08-05 14:54:34,1869.2654545454548,994.2109090909092,1454.0800000000002,26.356087148335064,100.0,959.4142379328882,10.0,7.9378838539123535,,,,,3.0,5.0,7.0
2025-08-05 14:54:37,1869.2654545454548,994.2109090909092,1455.9418181818182,26.345788301347056,100.0,959.4534993383355,10.0,7.937171936035156,,,,,3.0,5.0,7.0
2025-08-05 14:54:43,1869.2654545454548,999.7963636363637,1457.8036363636365,26.309742346056737,100.0,959.3983171621885,10.0,7.9204912185668945,,,,,3.0,4.0,5.0
2025-08-05 14:54:49,1867.4036363636365,994.2109090909092,1454.0800000000002,26.232501061313087,100.0,959.5276513844907,10.0,7.925853252410889,,,,,3.0,4.0,4.0
2025-08-05 14:54:55,1867.4036363636365,990.4872727272729,1454.0800000000002,26.289144663722254,100.0,959.3667850073534,10.0,7.940235614776611,,,,,3.0,4.0,4.0
2025-08-05 14:54:58,1867.4036363636365,990.4872727272729,1455.9418181818182,26.29944350430742,100.0,959.4925972166909,10.0,7.939857482910156,,,,,3.0,5.0,5.0
2025-08-05 14:55:01,1865.5418181818181,990.4872727272729,1455.9418181818182,26.309742346056737,100.0,959.4533411189279,10.0,7.9358930587768555,,,,,3.0,5.0,5.0
2025-08-05 14:55:04,1865.5418181818181,986.7636363636365,1455.9418181818182,26.423029682133347,100.0,959.4616831424484,10.0,7.953078269958496,,,,,4.0,5.0,5.0
2025-08-05 14:55:10,1865.5418181818181,992.3490909090909,1455.9418181818182,26.562064332567388,100.0,959.4543413851889,10.0,7.943099498748779,,,,,4.0,6.0,6.0
2025-08-05 14:55:13,1863.68,990.4872727272729,1455.9418181818182,26.67535198238329,100.0,959.4075187507885,10.0,7.950191974639893,,,,,5.0,6.0,6.0
2025-08-05 14:55:16,1865.5418181818181,992.3490909090909,1454.0800000000002,26.58266207660199,100.0,959.4583439428409,10.0,7.944129943847656,,,,,5.0,6.0,7.0
2025-08-05 14:55:19,1865.5418181818181,994.2109090909092,1455.9418181818182,26.541466593189398,100.0,959.5053813122411,10.0,7.935957431793213,,,,,5.0,6.0,6.0
2025-08-05 14:55:22,1865.5418181818181,990.4872727272729,1454.0800000000002,26.464225111994892,100.0,959.4146709446227,10.0,7.944085597991943,,,,,5.0,6.0,7.0
2025-08-05 14:57:22,1869.2654545454548,996.0727272727273,1454.0800000000002,26.613558701385045,100.0,959.423057594863,10.0,7.944067001342773,,,,,2.0,3.0,3.0
2025-08-05 14:57:25,1869.2654545454548,996.0727272727273,1454.0800000000002,26.536317159072496,100.0,959.469977484332,10.0,7.940130233764648,,,,,2.0,3.0,3.0
2025-08-05 14:57:28,1869.2654545454548,997.9345454545455,1455.9418181818182,26.52086885846802,100.0,959.4188109843883,10.0,7.93463659286499,,,,,3.0,3.0,3.0
2025-08-05 14:57:34,1871.1272727272728,999.7963636363637,1454.0800000000002,26.49512169661466,100.0,959.4619632505859,10.0,7.934007167816162,,,,,2.0,3.0,3.0
2025-08-05 14:57:40,1872.989090909091,1001.6581818181819,1454.0800000000002,26.397282547928626,100.0,959.477301443849,10.0,7.930450439453125,,,,,3.0,3.0,3.0
2025-08-05 14:57:46,1872.989090909091,997.9345454545455,1454.0800000000002,26.392133121960796,100.0,959.4419028911318,10.0,7.940796852111816,,,,,2.0,3.0,3.0
2025-08-05 14:57:52,1874.8509090909092,999.7963636363637,1457.8036363636365,26.397282547928626,100.0,959.3672385247924,10.0,7.942286491394043,,,,,2.0,4.0,4.0
2025-08-05 14:57:58,1871.1272727272728,996.0727272727273,1452.2181818181818,26.412730827578343,100.0,959.5009506478536,10.0,7.940520286560059,,,,,3.0,4.0,5.0
2025-08-05 14:58:04,1871.1272727272728,994.2109090909092,1452.2181818181818,26.423029682133347,100.0,959.5167169012007,10.0,7.946026802062988,,,,,2.0,3.0,6.0
2025-08-05 14:58:10,1872.989090909091,996.0727272727273,1459.6654545454546,26.526018291711807,100.0,959.5367777188217,10.0,7.951111793518066,,,,,3.0,4.0,6.0
2025-08-05 14:58:16,1869.2654545454548,996.0727272727273,1455.9418181818182,26.448776823614025,100.0,959.5561329451422,10.0,7.9357733726501465,,,,,3.0,4.0,6.0
2025-08-05 14:58:22,1871.1272727272728,997.9345454545455,1454.0800000000002,26.381834270898253,100.0,959.5086826658817,10.0,7.933968544006348,,,,,2.0,3.0,4.0
2025-08-05 14:58:28,1869.2654545454548,999.7963636363637,1457.8036363636365,26.417880254710326,100.0,959.426283831283,10.0,7.924977779388428,,,,,2.0,3.0,4.0
2025-08-05 14:58:34,1871.1272727272728,997.9345454545455,1455.9418181818182,26.4075814007374,100.0,959.4105189819439,10.0,7.93573522567749,,,,,1.0,2.0,2.0
2025-08-05 14:58:40,1871.1272727272728,996.0727272727273,1455.9418181818182,26.428179109847406,100.0,959.4970829481549,10.0,7.941221237182617,,,,,2.0,3.0,3.0
2025-08-05 14:58:46,1871.1272727272728,999.7963636363637,1457.8036363636365,26.4075814007374,100.0,959.3830028279004,10.0,7.930751800537109,,,,,2.0,4.0,4.0
2025-08-05 14:58:52,1871.1272727272728,996.0727272727273,1457.8036363636365,26.469374542037258,100.0,959.4775906172796,10.0,7.943127155303955,,,,,2.0,3.0,3.0
2025-08-05 14:58:55,1871.1272727272728,996.0727272727273,1455.9418181818182,26.443627394735813,100.0,959.4656963652201,10.0,7.942095756530762,,,,,3.0,4.0,4.0
2025-08-05 14:58:58,1869.2654545454548,997.9345454545455,1455.9418181818182,26.402431974187493,100.0,959.4301525390597,10.0,7.929445266723633,,,,,3.0,3.0,3.0
2025-08-05 14:59:04,1871.1272727272728,1001.6581818181819,1459.6654545454546,26.386983696284005,100.0,959.4340201197308,10.0,7.924359321594238,,,,,3.0,4.0,4.0
2025-08-05 14:59:10,1871.1272727272728,994.2109090909092,1459.6654545454546,26.526018291711807,100.0,959.5918204126039,10.0,7.949975490570068,,,,,3.0,3.0,3.0
2025-08-05 14:59:13,1869.2654545454548,992.3490909090909,1455.9418181818182,26.49512169661466,100.0,959.4619632505859,10.0,7.949149131774902,,,,,3.0,3.0,3.0
2025-08-05 14:59:16,1872.989090909091,1001.6581818181819,1455.9418181818182,26.43847796614864,100.0,959.4302963003978,10.0,7.9325408935546875,,,,,4.0,4.0,4.0
2025-08-05 14:59:22,1874.8509090909092,1001.6581818181819,1459.6654545454546,26.52086885846802,100.0,959.5564163538496,10.0,7.941196918487549,,,,,3.0,4.0,4.0
2025-08-05 14:59:25,1876.7127272727273,1005.3818181818183,1461.5272727272727,26.526018291711807,100.0,959.5367777188217,10.0,7.937158584594727,,,,,3.0,4.0,4.0
2025-08-05 14:59:31,1876.7127272727273,1003.5200000000001,1459.6654545454546,26.474523972370662,100.0,959.5129921798803,10.0,7.940253257751465,,,,,3.0,4.0,4.0
2025-08-05 14:59:34,1876.7127272727273,1003.5200000000001,1459.6654545454546,26.484822833910584,100.0,959.5012380922142,10.0,7.940773010253906,,,,,3.0,4.0,4.0
2025-08-05 14:59:37,1878.5745454545456,1005.3818181818183,1461.5272727272727,26.428179109847406,100.0,959.4420487744799,10.0,7.939489364624023,,,,,3.0,4.0,4.0
2025-08-05 14:59:40,1878.5745454545456,1007.2436363636364,1459.6654545454546,26.37668484580354,100.0,959.3357102002698,10.0,7.93281364440918,,,,,3.0,4.0,4.0
2025-08-05 14:59:46,1880.4363636363637,1007.2436363636364,1459.6654545454546,26.397282547928626,100.0,959.4222699468862,10.0,7.939058780670166,,,,,4.0,5.0,5.0
2025-08-05 14:59:52,1880.4363636363637,1007.2436363636364,1459.6654545454546,26.402431974187493,100.0,959.5402165125677,10.0,7.938494682312012,,,,,4.0,5.0,5.0
2025-08-05 14:59:58,1882.2981818181818,1009.1054545454546,1461.5272727272727,26.381834270898253,100.0,959.4536524511168,10.0,7.938953399658203,,,,,4.0,5.0,7.0
2025-08-05 15:00:04,1882.2981818181818,1010.9672727272728,1463.389090909091,26.4075814007374,100.0,959.3830028279004,10.0,7.93536376953125,,,,,4.0,6.0,7.0
2025-08-05 15:00:10,1880.4363636363637,1007.2436363636364,1461.5272727272727,26.392133121960796,100.0,959.4419028911318,10.0,7.938700199127197,,,,,5.0,7.0,9.0
2025-08-05 15:00:16,1882.2981818181818,1005.3818181818183,1463.389090909091,26.412730827578343,100.0,959.4184013948801,10.0,7.950850486755371,,,,,11.0,17.0,17.0
2025-08-05 15:00:22,1880.4363636363637,999.7963636363637,1463.389090909091,26.43847796614864,100.0,959.4302963003978,10.0,7.961443901062012,,,,,9.0,18.0,18.0
2025-08-05 15:00:28,1878.5745454545456,999.7963636363637,1457.8036363636365,26.459075682243565,100.0,959.461825751195,10.0,7.95619010925293,,,,,7.0,14.0,14.0
2025-08-05 15:00:34,1876.7127272727273,999.7963636363637,1459.6654545454546,26.500271128403256,100.0,959.4148050640222,10.0,7.9523444175720215,,,,,4.0,10.0,11.0
2025-08-05 15:00:40,1878.5745454545456,996.0727272727273,1459.6654545454546,26.649604776874185,100.0,959.3956444373666,10.0,7.975193023681641,,,,,3.0,7.0,9.0
2025-08-05 15:00:46,1878.5745454545456,999.7963636363637,1463.389090909091,26.731995860114694,100.0,959.3840822643351,10.0,7.968495845794678,,,,,2.0,6.0,7.0
2025-08-05 15:00:52,1878.5745454545456,996.0727272727273,1459.6654545454546,26.742294750758447,100.0,959.5099636553807,10.0,7.978440761566162,,,,,3.0,5.0,7.0
2025-08-05 15:00:58,1876.7127272727273,999.7963636363637,1463.389090909091,26.71654752633185,100.0,959.4705613023872,10.0,7.961321830749512,,,,,3.0,5.0,5.0
2025-08-05 15:01:04,1874.8509090909092,997.9345454545455,1461.5272727272727,26.70624863859848,100.0,959.4548005244727,10.0,7.960215091705322,,,,,4.0,6.0,6.0
2025-08-05 15:01:10,1874.8509090909092,990.4872727272729,1457.8036363636365,26.73714530529105,100.0,959.4470224583223,10.0,7.982260704040527,,,,,4.0,5.0,5.0
2025-08-05 15:01:16,1874.8509090909092,996.0727272727273,1461.5272727272727,26.6856508666242,100.0,959.4508073546732,10.0,7.964517116546631,,,,,4.0,4.0,4.0
2025-08-05 15:01:19,1876.7127272727273,997.9345454545455,1459.6654545454546,26.67535198238329,100.0,959.4625740767692,10.0,7.964768409729004,,,,,3.0,4.0,4.0
2025-08-05 15:01:25,1874.8509090909092,997.9345454545455,1459.6654545454546,26.742294750758447,100.0,959.4824330799024,10.0,7.961589813232422,,,,,4.0,5.0,5.0
2025-08-05 15:01:31,1874.8509090909092,996.0727272727273,1457.8036363636365,26.840134269936243,100.0,959.4118847249067,10.0,7.9714508056640625,,,,,3.0,4.0,4.0
2025-08-05 15:01:37,1874.8509090909092,999.7963636363637,1459.6654545454546,26.87103098203079,100.0,959.4316226956003,10.0,7.96232271194458,,,,,4.0,5.0,5.0
2025-08-05 15:01:40,1874.8509090909092,999.7963636363637,1459.6654545454546,26.86073207683512,100.0,959.5260075947035,10.0,7.961249351501465,,,,,4.0,5.0,5.0
2025-08-05 15:01:43,1876.7127272727273,1001.6581818181819,1463.389090909091,26.809237568319077,100.0,959.447211684856,10.0,7.960315227508545,,,,,4.0,5.0,5.0
2025-08-05 15:01:49,1876.7127272727273,1001.6581818181819,1457.8036363636365,26.73714530529105,100.0,959.5020831381385,10.0,7.956837177276611,,,,,3.0,4.0,4.0
2025-08-05 15:01:55,1876.7127272727273,1001.6581818181819,1461.5272727272727,26.711398082319647,100.0,959.407622483951,10.0,7.956357955932617,,,,,4.0,5.0,5.0
2025-08-05 15:02:01,1878.5745454545456,1003.5200000000001,1459.6654545454546,26.65475421739393,100.0,959.486105142985,10.0,7.954158306121826,,,,,4.0,5.0,5.0
2025-08-05 15:02:07,1878.5745454545456,1003.5200000000001,1457.8036363636365,26.63930589670781,100.0,959.572566830324,10.0,7.952913284301758,,,,,4.0,5.0,5.0
2025-08-05 15:02:13,1880.4363636363637,1007.2436363636364,1459.6654545454546,26.592960950365523,100.0,959.4465826193533,10.0,7.947343826293945,,,,,4.0,5.0,5.0
2025-08-05 15:02:19,1882.2981818181818,1009.1054545454546,1461.5272727272727,26.556914897286333,100.0,959.5565503924358,10.0,7.945826530456543,,,,,4.0,5.0,5.0
2025-08-05 15:02:25,1884.16,1010.9672727272728,1463.389090909091,26.52086885846802,100.0,959.3912899666693,10.0,7.946138381958008,,,,,4.0,4.0,4.0
2025-08-05 15:02:31,1884.16,1009.1054545454546,1465.2509090909093,26.52086885846802,100.0,959.4463320208316,10.0,7.950936317443848,,,,,4.0,4.0,4.0
2025-08-05 15:02:37,1884.16,1012.829090909091,1467.1127272727272,26.464225111994892,100.0,959.4697081725151,10.0,7.9380035400390625,,,,,3.0,4.0,4.0
2025-08-05 15:02:43,1884.16,1009.1054545454546,1465.2509090909093,26.423029682133347,100.0,959.4616831424484,10.0,7.946611404418945,,,,,3.0,4.0,4.0
2025-08-05 15:02:49,1884.16,1009.1054545454546,1465.2509090909093,26.448776823614025,100.0,959.5010969245781,10.0,7.9474592208862305,,,,,4.0,5.0,5.0
2025-08-05 15:02:55,1884.16,1010.9672727272728,1467.1127272727272,26.448776823614025,100.0,959.4185430341339,10.0,7.942841053009033,,,,,4.0,5.0,5.0
2025-08-05 15:03:01,1882.2981818181818,1005.3818181818183,1465.2509090909093,26.50542056048289,100.0,959.4502071447009,10.0,7.954640865325928,,,,,4.0,5.0,5.0
2025-08-05 15:03:07,1882.2981818181818,1005.3818181818183,1463.389090909091,26.556914897286333,100.0,959.4189372936501,10.0,7.957075119018555,,,,,3.0,4.0,4.0
2025-08-05 15:03:13,1882.2981818181818,1009.1054545454546,1465.2509090909093,26.541466593189398,100.0,959.3677716999118,10.0,7.946418285369873,,,,,2.0,4.0,4.0
2025-08-05 15:03:19,1884.16,1009.1054545454546,1463.389090909091,26.51056999285356,100.0,959.4856097198983,10.0,7.95023250579834,,,,,2.0,4.0,4.0
2025-08-05 15:03:22,1882.2981818181818,1010.9672727272728,1465.2509090909093,26.448776823614025,100.0,959.4460609788952,10.0,7.936724662780762,,,,,2.0,4.0,4.0
2025-08-05 15:03:25,1886.0218181818184,1010.9672727272728,1467.1127272727272,26.49512169661466,100.0,959.4619632505859,10.0,7.950488567352295,,,,,2.0,3.0,3.0
2025-08-05 15:03:31,1886.0218181818184,1010.9672727272728,1467.1127272727272,26.464225111994892,100.0,959.4697081725151,10.0,7.949106693267822,,,,,2.0,3.0,3.0
2025-08-05 15:03:37,1884.16,1009.1054545454546,1465.2509090909093,26.459075682243565,100.0,959.461825751195,10.0,7.948166370391846,,,,,2.0,3.0,3.0
2025-08-05 15:03:40,1886.0218181818184,1009.1054545454546,1463.389090909091,26.469374542037258,100.0,959.4775906172796,10.0,7.954437732696533,,,,,2.0,3.0,3.0
2025-08-05 15:03:43,1886.0218181818184,1010.9672727272728,1465.2509090909093,26.43847796614864,100.0,959.4853313413561,10.0,7.947888374328613,,,,,2.0,3.0,3.0
2025-08-05 15:03:46,1887.8836363636362,1010.9672727272728,1467.1127272727272,26.417880254710326,100.0,959.4813171002388,10.0,7.952962875366211,,,,,2.0,3.0,3.0
2025-08-05 15:03:49,1886.0218181818184,1012.829090909091,1468.9745454545455,26.4075814007374,100.0,959.4930675563811,10.0,7.941335678100586,,,,,3.0,4.0,4.0
2025-08-05 15:03:52,1887.8836363636362,1014.6909090909091,1470.8363636363638,26.397282547928626,100.0,959.5323330156808,10.0,7.941398620605469,,,,,3.0,4.0,4.0
2025-08-05 15:03:58,1887.8836363636362,1014.6909090909091,1467.1127272727272,26.386983696284005,100.0,959.4340201197308,10.0,7.941610336303711,,,,,2.0,4.0,4.0
2025-08-05 15:04:01,1887.8836363636362,1010.9672727272728,1467.1127272727272,26.371535420999862,100.0,959.41037194641,10.0,7.951432704925537,,,,,3.0,5.0,5.0
2025-08-05 15:04:04,1887.8836363636362,1010.9672727272728,1467.1127272727272,26.392133121960796,100.0,959.4419028911318,10.0,7.952112674713135,,,,,4.0,5.0,6.0
2025-08-05 15:04:10,1887.8836363636362,1012.829090909091,1472.698181818182,26.52086885846802,100.0,959.3912899666693,10.0,7.952842712402344,,,,,4.0,5.0,6.0
2025-08-05 15:20:02,1880.4363636363637,1003.5200000000001,1457.8036363636365,27.40142617339734,100.0,959.3613773721814,10.0,7.993175506591797,,,,,3.0,4.0,4.0
2025-08-05 15:20:08,1878.5745454545456,999.7963636363637,1455.9418181818182,27.48896742417128,100.0,959.3023008309898,10.0,8.002198219299316,,,,,2.0,3.0,3.0
2025-08-05 15:20:14,1878.5745454545456,1001.6581818181819,1454.0800000000002,27.447771530976752,100.0,959.32200122812,10.0,7.994674205780029,,,,,4.0,4.0,4.0
2025-08-05 15:20:20,1878.5745454545456,1005.3818181818183,1459.6654545454546,27.40142617339734,100.0,959.4440537176679,10.0,7.981524467468262,,,,,3.0,3.0,3.0
2025-08-05 15:20:26,1882.2981818181818,1007.2436363636364,1457.8036363636365,27.432323075830936,100.0,959.381061640249,10.0,7.989984512329102,,,,,2.0,3.0,3.0
2025-08-05 15:20:32,1880.4363636363637,1003.5200000000001,1459.6654545454546,27.432323075830936,100.0,959.4361818625288,10.0,7.994013786315918,,,,,2.0,3.0,3.0
2025-08-05 15:20:38,1882.2981818181818,1007.2436363636364,1459.6654545454546,27.365379800467053,100.0,959.3338171671712,10.0,7.987405300140381,,,,,2.0,3.0,3.0
2025-08-05 15:20:41,1884.16,1007.2436363636364,1459.6654545454546,27.28298814446316,100.0,959.2904959841545,10.0,7.990072727203369,,,,,2.0,3.0,3.0
2025-08-05 15:20:44,1882.2981818181818,1007.2436363636364,1459.6654545454546,27.277838668436743,100.0,959.3377284635338,10.0,7.983599662780762,,,,,3.0,4.0,4.0
2025-08-05 15:20:50,1882.2981818181818,1005.3818181818183,1459.6654545454546,27.31388500673347,100.0,959.2826326775576,10.0,7.990689754486084,,,,,3.0,3.0,3.0
2025-08-05 15:20:56,1884.16,1009.1054545454546,1463.389090909091,27.23664287070278,100.0,959.3573857896791,10.0,7.982455253601074,,,,,3.0,4.0,4.0
2025-08-05 15:21:02,1882.2981818181818,1005.3818181818183,1461.5272727272727,27.26239024210372,100.0,959.424315357545,10.0,7.987515926361084,,,,,3.0,4.0,4.0
2025-08-05 15:21:05,1884.16,1003.5200000000001,1459.6654545454546,27.303586051479215,100.0,959.3771027372588,10.0,8.000715255737305,,,,,3.0,5.0,5.0
2025-08-05 15:21:08,1882.2981818181818,1003.5200000000001,1459.6654545454546,27.38597772610956,100.0,959.447987947841,10.0,7.997870445251465,,,,,3.0,4.0,4.0
2025-08-05 15:21:11,1882.2981818181818,1001.6581818181819,1459.6654545454546,27.380828244262375,100.0,959.3849973207817,10.0,8.003232955932617,,,,,3.0,4.0,4.0
2025-08-05 15:21:17,1882.2981818181818,1001.6581818181819,1461.5272727272727,27.48896742417128,100.0,959.3023008309898,10.0,8.00844955444336,,,,,3.0,5.0,6.0
2025-08-05 15:21:20,1880.4363636363637,997.9345454545455,1457.8036363636365,27.48896742417128,100.0,959.329863308797,10.0,8.012665748596191,,,,,3.0,5.0,6.0
2025-08-05 15:21:23,1878.5745454545456,997.9345454545455,1461.5272727272727,27.514714866876602,100.0,959.3141015265168,10.0,8.009159088134766,,,,,3.0,5.0,6.0
2025-08-05 15:21:29,1876.7127272727273,996.0727272727273,1457.8036363636365,27.638302693143487,100.0,959.3100700363549,10.0,8.016471862792969,,,,,4.0,5.0,6.0
2025-08-05 15:21:35,1878.5745454545456,994.2109090909092,1459.6654545454546,27.694947169540683,100.0,959.3690882660926,10.0,8.029436111450195,,,,,3.0,5.0,6.0
2025-08-05 15:21:41,1874.8509090909092,992.3490909090909,1457.8036363636365,27.658900680486113,100.0,959.2588475699356,10.0,8.02456283569336,,,,,4.0,5.0,5.0
2025-08-05 15:21:47,1872.989090909091,988.6254545454545,1455.9418181818182,27.674349174048984,100.0,959.2824608759978,10.0,8.031856536865234,,,,,4.0,5.0,5.0
2025-08-05 15:21:53,1869.2654545454548,988.6254545454545,1459.6654545454546,27.751591681153513,100.0,959.2902354412587,10.0,8.02622127532959,,,,,4.0,5.0,5.0
2025-08-05 15:21:59,1865.5418181818181,984.9018181818182,1454.0800000000002,27.870030319230864,100.0,959.3333702748347,10.0,8.033876419067383,,,,,3.0,5.0,5.0
2025-08-05 15:22:05,1865.5418181818181,981.1781818181819,1454.0800000000002,27.978170079761185,100.0,959.2779765228635,10.0,8.051258087158203,,,,,4.0,6.0,6.0
2025-08-05 15:22:11,1863.68,986.7636363636365,1457.8036363636365,27.978170079761185,100.0,959.3331434352273,10.0,8.028936386108398,,,,,4.0,6.0,6.0
2025-08-05 15:22:17,1863.68,986.7636363636365,1452.2181818181818,28.019366212771274,100.0,959.3685115944702,10.0,8.030792236328125,,,,,4.0,7.0,7.0
2025-08-05 15:22:23,1863.68,988.6254545454545,1452.2181818181818,27.921525427285815,100.0,959.4120710932283,10.0,8.019745826721191,,,,,4.0,6.0,6.0
2025-08-05 15:22:29,1867.4036363636365,992.3490909090909,1452.2181818181818,27.890628358960385,100.0,959.3648503287626,10.0,8.016594886779785,,,,,4.0,5.0,5.0
2025-08-05 15:22:35,1867.4036363636365,996.0727272727273,1450.3563636363638,27.78248870233074,100.0,959.3926095026893,10.0,7.999422550201416,,,,,3.0,4.0,4.0
2025-08-05 15:22:41,1867.4036363636365,992.3490909090909,1450.3563636363638,27.741292676422745,100.0,959.3847875815899,10.0,8.008797645568848,,,,,3.0,4.0,4.0
2025-08-05 15:22:47,1867.4036363636365,992.3490909090909,1450.3563636363638,27.82883425374166,100.0,959.4634509025614,10.0,8.012724876403809,,,,,3.0,4.0,6.0
2025-08-05 15:22:50,1869.2654545454548,996.0727272727273,1454.0800000000002,27.797937216848368,100.0,959.4713747343294,10.0,8.004409790039062,,,,,4.0,5.0,7.0
2025-08-05 15:22:53,1871.1272727272728,996.0727272727273,1452.2181818181818,27.71039566921536,100.0,959.3375593910337,10.0,8.005661010742188,,,,,4.0,5.0,8.0
2025-08-05 15:22:59,1871.1272727272728,994.2109090909092,1454.0800000000002,27.777339198073605,100.0,959.3571634649036,10.0,8.014666557312012,,,,,4.0,5.0,8.0
2025-08-05 15:23:05,1871.1272727272728,992.3490909090909,1450.3563636363638,27.833983760909177,100.0,959.416167553575,10.0,8.022862434387207,,,,,4.0,5.0,8.0
2025-08-05 15:23:11,1874.8509090909092,1003.5200000000001,1455.9418181818182,27.684648171212757,100.0,959.3809158575164,10.0,7.990688323974609,,,,,4.0,6.0,8.0
2025-08-05 15:23:17,1872.989090909091,999.7963636363637,1452.2181818181818,27.566209774115123,100.0,959.3928295573045,10.0,7.991202354431152,,,,,4.0,5.0,5.0
2025-08-05 15:23:23,1872.989090909091,994.2109090909092,1452.2181818181818,27.705246169032762,100.0,959.3296881059724,10.0,8.015945434570312,,,,,4.0,5.0,5.0
2025-08-05 15:23:26,1871.1272727272728,997.9345454545455,1452.2181818181818,27.684648171212757,100.0,959.408486782783,10.0,7.998111248016357,,,,,3.0,5.0,5.0
2025-08-05 15:35:20,1858.0945454545456,977.4545454545455,1437.3236363636363,30.068897344172,100.0,959.1812605582962,10.0,8.151463508605957,,,,,4.0,5.0,5.0
2025-08-05 15:35:26,1858.0945454545456,977.4545454545455,1439.1854545454546,30.357277283445,100.0,959.2056516465108,10.0,8.166062355041504,,,,,4.0,5.0,5.0
2025-08-05 15:35:32,1854.3709090909092,975.5927272727274,1437.3236363636363,30.522066229954362,100.0,959.1798902481746,10.0,8.170879364013672,,,,,3.0,4.0,4.0
2025-08-05 15:35:38,1856.2327272727275,975.5927272727274,1435.4618181818184,30.388175188214518,100.0,959.1696829471465,10.0,8.16885757446289,,,,,3.0,3.0,3.0
2025-08-05 15:35:44,1858.0945454545456,986.7636363636365,1441.047272727273,30.099795151152648,100.0,959.173016529549,10.0,8.124509811401367,,,,,2.0,3.0,3.0
2025-08-05 15:35:47,1856.2327272727275,983.0400000000001,1439.1854545454546,29.99680250196252,100.0,959.1820321711133,10.0,8.125837326049805,,,,,3.0,4.0,4.0
2025-08-05 15:35:50,1856.2327272727275,981.1781818181819,1437.3236363636363,30.171890074852854,100.0,959.1722143356016,10.0,8.14059829711914,,,,,2.0,3.0,3.0
2025-08-05 15:35:53,1856.2327272727275,979.3163636363637,1437.3236363636363,30.362426933512324,100.0,959.2411859354751,10.0,8.155583381652832,,,,,3.0,4.0,4.0
2025-08-05 15:35:59,1856.2327272727275,975.5927272727274,1435.4618181818184,30.460270340088755,100.0,959.251867249237,10.0,8.17196273803711,,,,,4.0,5.0,5.0
2025-08-05 15:36:05,1856.2327272727275,979.3163636363637,1433.6000000000001,30.357277283445,100.0,959.2610226515005,10.0,8.155180931091309,,,,,4.0,5.0,5.0
2025-08-05 15:36:08,1856.2327272727275,977.4545454545455,1433.6000000000001,30.372726234520087,100.0,959.2015112666351,10.0,8.16211986541748,,,,,3.0,4.0,4.0
2025-08-05 15:36:11,1854.3709090909092,977.4545454545455,1435.4618181818184,30.331529037473956,100.0,959.2771466808898,10.0,8.154692649841309,,,,,4.0,5.0,5.0
2025-08-05 15:36:14,1854.3709090909092,977.4545454545455,1433.6000000000001,30.300631151912967,100.0,959.257734012055,10.0,8.153251647949219,,,,,3.0,4.0,4.0
2025-08-05 15:36:17,1854.3709090909092,983.0400000000001,1435.4618181818184,30.166740435553947,100.0,959.2750737881553,10.0,8.129106521606445,,,,,3.0,4.0,4.0
2025-08-05 15:36:20,1856.2327272727275,983.0400000000001,1435.4618181818184,29.95045584780746,100.0,959.2773790784319,10.0,8.122773170471191,,,,,4.0,6.0,6.0
2025-08-05 15:36:23,1858.0945454545456,986.7636363636365,1439.1854545454546,29.826864885311807,100.0,959.227238751171,10.0,8.110128402709961,,,,,4.0,6.0,6.0
2025-08-05 15:36:26,1858.0945454545456,986.7636363636365,1437.3236363636363,29.667226806865074,100.0,959.2050492128087,10.0,8.102113723754883,,,,,2.0,4.0,4.0
2025-08-05 15:36:29,1859.9563636363637,986.7636363636365,1437.3236363636363,29.61573071219027,100.0,959.2647761471992,10.0,8.103814125061035,,,,,2.0,4.0,4.0
2025-08-05 15:36:32,1859.9563636363637,986.7636363636365,1435.4618181818184,29.553935436997563,100.0,959.281119966387,10.0,8.100531578063965,,,,,3.0,5.0,5.0
2025-08-05 15:36:38,1859.9563636363637,984.9018181818182,1435.4618181818184,29.48699060283252,100.0,959.2619409246066,10.0,8.102953910827637,,,,,3.0,4.0,4.0
2025-08-05 15:36:44,1863.68,984.9018181818182,1435.4618181818184,29.30160516491742,100.0,959.2555336401122,10.0,8.103034019470215,,,,,3.0,4.0,4.0
2025-08-05 15:36:50,1861.818181818182,984.9018181818182,1437.3236363636363,29.22951092981384,100.0,959.2284398394273,10.0,8.094767570495605,,,,,3.0,4.0,4.0
2025-08-05 15:36:56,1861.818181818182,986.7636363636365,1439.1854545454546,29.044126015767688,100.0,959.221855763385,10.0,8.079596519470215,,,,,4.0,6.0,6.0
2025-08-05 15:37:02,1863.68,990.4872727272729,1441.047272727273,29.11622010418796,100.0,959.1660972907241,10.0,8.07702350616455,,,,,4.0,5.0,5.0
2025-08-05 15:37:08,1863.68,988.6254545454545,1441.047272727273,29.208912587404484,100.0,959.2246441196695,10.0,8.087074279785156,,,,,4.0,6.0,6.0
2025-08-05 15:37:14,1865.5418181818181,984.9018181818182,1439.1854545454546,29.260408452159027,100.0,959.1650347204845,10.0,8.106341361999512,,,,,4.0,5.0,5.0
2025-08-05 15:37:20,1863.68,988.6254545454545,1442.909090909091,29.214062172570266,100.0,959.2048658669478,10.0,8.087477684020996,,,,,4.0,5.0,5.0
2025-08-05 15:37:26,1863.68,984.9018181818182,1441.047272727273,29.15741675175377,100.0,959.2565995427395,10.0,8.095637321472168,,,,,4.0,5.0,5.0
2025-08-05 15:37:32,1863.68,984.9018181818182,1441.047272727273,29.02867728995625,100.0,959.1982773993767,10.0,8.089460372924805,,,,,3.0,4.0,4.0
2025-08-05 15:37:35,1863.68,986.7636363636365,1441.047272727273,28.982331128238002,100.0,959.2380493369668,10.0,8.081082344055176,,,,,3.0,5.0,5.0
2025-08-05 15:37:41,1863.68,988.6254545454545,1442.909090909091,28.832993656396866,100.0,959.2034550324279,10.0,8.067956924438477,,,,,4.0,5.0,5.0
2025-08-05 15:37:47,1863.68,988.6254545454545,1442.909090909091,28.915386714041233,100.0,959.1911167216324,10.0,8.072273254394531,,,,,4.0,4.0,4.0
2025-08-05 15:37:53,1865.5418181818181,984.9018181818182,1439.1854545454546,28.992630273249233,100.0,959.198515777197,10.0,8.092377662658691,,,,,4.0,5.0,5.0
2025-08-05 15:37:56,1865.5418181818181,986.7636363636365,1444.770909090909,29.05442516776384,100.0,959.2099452054885,10.0,8.089747428894043,,,,,4.0,5.0,5.0
2025-08-05 15:37:59,1863.68,984.9018181818182,1442.909090909091,29.0750234752486,100.0,959.2690130921695,10.0,8.09132194519043,,,,,4.0,5.0,5.0
2025-08-05 15:38:02,1861.818181818182,981.1781818181819,1442.909090909091,29.111070524551906,100.0,959.2963989192452,10.0,8.099642753601074,,,,,4.0,5.0,5.0
2025-08-05 15:38:05,1861.818181818182,981.1781818181819,1442.909090909091,29.013228566764155,100.0,959.2299548277749,10.0,8.095108032226562,,,,,4.0,5.0,5.0
2025-08-05 15:38:11,1861.818181818182,981.1781818181819,1441.047272727273,28.9462841298664,100.0,959.2382788574821,10.0,8.091620445251465,,,,,4.0,5.0,5.0
2025-08-05 15:38:17,1859.9563636363637,979.3163636363637,1441.047272727273,29.141968006733805,100.0,959.2606564577632,10.0,8.102439880371094,,,,,4.0,5.0,5.0
2025-08-05 15:38:20,1858.0945454545456,979.3163636363637,1439.1854545454546,28.992630273249233,100.0,959.2261426961558,10.0,8.090261459350586,,,,,3.0,5.0,5.0
2025-08-05 15:38:26,1859.9563636363637,981.1781818181819,1441.047272727273,28.90508757776115,100.0,959.2858888878006,10.0,8.08440113067627,,,,,4.0,6.0,6.0
2025-08-05 15:38:29,1859.9563636363637,983.0400000000001,1442.909090909091,28.832993656396866,100.0,959.258695195707,10.0,8.075174331665039,,,,,3.0,5.0,5.0
2025-08-05 15:38:35,1858.0945454545456,977.4545454545455,1441.047272727273,29.03382686493569,100.0,959.2337655237741,10.0,8.098034858703613,,,,,3.0,5.0,5.0
2025-08-05 15:38:38,1858.0945454545456,975.5927272727274,1439.1854545454546,29.090472208918072,100.0,959.237329749792,10.0,8.106632232666016,,,,,3.0,5.0,5.0
2025-08-05 15:38:41,1854.3709090909092,979.3163636363637,1441.047272727273,28.997779846191406,100.0,959.2340026517361,10.0,8.080937385559082,,,,,3.0,5.0,5.0
2025-08-05 15:38:44,1859.9563636363637,979.3163636363637,1441.047272727273,28.961732841708,100.0,959.2342346089654,10.0,8.093390464782715,,,,,3.0,5.0,5.0
2025-08-05 15:38:50,1854.3709090909092,975.5927272727274,1437.3236363636363,28.9874807005981,100.0,959.2459094743355,10.0,8.09175968170166,,,,,2.0,2.0,4.0
2025-08-05 15:38:56,1856.2327272727275,975.5927272727274,1437.3236363636363,28.879339742154116,100.0,959.2742055082946,10.0,8.090775489807129,,,,,3.0,4.0,6.0
2025-08-05 15:39:02,1854.3709090909092,979.3163636363637,1439.1854545454546,28.79179715551436,100.0,959.3062770924414,10.0,8.069856643676758,,,,,3.0,4.0,5.0
2025-08-05 15:39:08,1858.0945454545456,981.1781818181819,1439.1854545454546,28.7094042096287,100.0,959.263328393298,10.0,8.069762229919434,,,,,4.0,5.0,6.0
2025-08-05 15:39:14,1859.9563636363637,984.9018181818182,1442.909090909091,28.735151997214416,100.0,959.302641489939,10.0,8.064130783081055,,,,,4.0,5.0,6.0
2025-08-05 15:39:20,1861.818181818182,984.9018181818182,1441.047272727273,28.596114030689932,100.0,959.2284067698679,10.0,8.062310218811035,,,,,5.0,5.0,5.0
2025-08-05 15:39:26,1863.68,984.9018181818182,1441.047272727273,28.5858149304986,100.0,959.2402898844662,10.0,8.066458702087402,,,,,3.0,4.0,4.0
2025-08-05 15:39:32,1863.68,990.4872727272729,1444.770909090909,28.487973536743084,100.0,959.2841264038245,10.0,8.043974876403809,,,,,4.0,5.0,5.0
2025-08-05 15:39:38,1867.4036363636365,990.4872727272729,1444.770909090909,28.46737536197179,100.0,959.3078772796938,10.0,8.052288055419922,,,,,3.0,5.0,5.0
2025-08-05 15:39:44,1865.5418181818181,990.4872727272729,1444.770909090909,28.472524905228056,100.0,959.2329282605622,10.0,8.048318862915039,,,,,3.0,6.0,6.0
2025-08-05 15:39:50,1865.5418181818181,994.2109090909092,1448.4945454545457,28.524020353797823,100.0,959.3115718447661,10.0,8.038961410522461,,,,,3.0,5.0,5.0
2025-08-05 15:39:56,1869.2654545454548,990.4872727272729,1444.770909090909,28.493123081163503,100.0,959.3195965042888,10.0,8.058290481567383,,,,,3.0,5.0,5.0
2025-08-05 15:40:02,1869.2654545454548,994.2109090909092,1446.6327272727274,28.390132248052396,100.0,959.2175073411099,10.0,8.042305946350098,,,,,3.0,4.0,4.0
2025-08-05 15:40:08,1872.989090909091,1001.6581818181819,1450.3563636363638,28.292291064426536,100.0,959.3716460104282,10.0,8.022848129272461,,,,,3.0,5.0,5.0
2025-08-05 15:43:38,1871.1272727272728,997.9345454545455,1452.2181818181818,28.86904060994857,100.0,959.120375024071,10.0,8.060892105102539,,,,,4.0,4.0,4.0
2025-08-05 15:43:44,1867.4036363636365,986.7636363636365,1448.4945454545457,29.198613417946035,100.0,959.1260206577011,10.0,8.102514266967773,,,,,4.0,4.0,4.0
2025-08-05 15:43:50,1869.2654545454548,983.0400000000001,1448.4945454545457,29.63117953753681,100.0,959.1500700685286,10.0,8.14070987701416,,,,,4.0,4.0,4.0
2025-08-05 15:43:56,1867.4036363636365,983.0400000000001,1450.3563636363638,29.729022158891894,100.0,959.1610090087811,10.0,8.140874862670898,,,,,4.0,4.0,4.0
2025-08-05 15:44:02,1867.4036363636365,986.7636363636365,1450.3563636363638,29.6105811043235,100.0,959.1739606844553,10.0,8.12328052520752,,,,,4.0,4.0,4.0
2025-08-05 15:44:08,1865.5418181818181,984.9018181818182,1448.4945454545457,29.476691401941935,100.0,959.1909332026312,10.0,8.117241859436035,,,,,3.0,3.0,3.0
2025-08-05 15:44:14,1867.4036363636365,986.7636363636365,1450.3563636363638,29.383998646313557,100.0,959.1877526099798,10.0,8.111566543579102,,,,,3.0,4.0,4.0
2025-08-05 15:44:20,1867.4036363636365,984.9018181818182,1448.4945454545457,29.29130598498159,100.0,959.1845389021904,10.0,8.112560272216797,,,,,3.0,4.0,4.0
2025-08-05 15:44:26,1865.5418181818181,984.9018181818182,1448.4945454545457,29.20376300252974,100.0,959.1615140421969,10.0,8.10346508026123,,,,,2.0,3.0,3.0
2025-08-05 15:44:29,1865.5418181818181,986.7636363636365,1446.6327272727274,29.11622010418796,100.0,959.1660972907241,10.0,8.093229293823242,,,,,2.0,3.0,3.0
2025-08-05 15:44:32,1869.2654545454548,990.4872727272729,1450.3563636363638,29.023527715267846,100.0,959.1351615672535,10.0,8.086804389953613,,,,,2.0,3.0,3.0
2025-08-05 15:44:38,1867.4036363636365,986.7636363636365,1446.6327272727274,29.013228566764155,100.0,959.2023270223052,10.0,8.092461585998535,,,,,1.0,2.0,2.0
2025-08-05 15:44:44,1865.5418181818181,986.7636363636365,1442.909090909091,29.02867728995625,100.0,959.0877637255362,10.0,8.089303970336914,,,,,2.0,3.0,3.0
2025-08-05 15:44:50,1869.2654545454548,988.6254545454545,1448.4945454545457,28.992630273249233,100.0,959.1432619958869,10.0,8.090880393981934,,,,,2.0,3.0,3.0
2025-08-05 15:44:56,1865.5418181818181,981.1781818181819,1448.4945454545457,28.889638875523815,100.0,959.1241931065792,10.0,8.099077224731445,,,,,3.0,3.0,3.0
2025-08-05 15:45:02,1863.68,975.5927272727274,1446.6327272727274,29.141968006733805,100.0,959.1777564614722,10.0,8.124006271362305,,,,,3.0,4.0,4.0
2025-08-05 15:45:08,1858.0945454545456,973.7309090909091,1446.6327272727274,29.2552588643739,100.0,959.1848156408629,10.0,8.121170997619629,,,,,2.0,3.0,3.0
2025-08-05 15:45:14,1858.0945454545456,979.3163636363637,1444.770909090909,29.167715916555608,100.0,959.2170483688533,10.0,8.099302291870117,,,,,2.0,3.0,3.0
2025-08-05 15:45:20,1856.2327272727275,983.0400000000001,1446.6327272727274,29.15226716978941,100.0,959.1658394107709,10.0,8.082680702209473,,,,,2.0,2.0,2.0
2025-08-05 15:45:26,1861.818181818182,983.0400000000001,1444.770909090909,29.167715916555608,100.0,959.2446828138447,10.0,8.097200393676758,,,,,3.0,3.0,3.0
2025-08-05 16:20:45,1854.3709090909092,977.4545454545455,1435.4618181818184,32.412010769039625,83.36651316421177,958.9781860181257,10.0,8.15569019317627,,,,,3.0,3.0,3.0
2025-08-05 16:20:48,1858.0945454545456,971.869090909091,1433.6000000000001,32.370812649984146,82.89581998134246,958.9710934041548,10.0,8.177278518676758,,,,,3.0,3.0,3.0
2025-08-05 16:20:51,1856.2327272727275,971.869090909091,1431.7381818181818,32.42231030171388,82.88872846183173,958.9382972890387,10.0,8.175333023071289,,,,,3.0,3.0,3.0
2025-08-05 16:20:57,1856.2327272727275,973.7309090909091,1431.7381818181818,32.23691889169277,83.18735153807954,958.9896510643589,10.0,8.161683082580566,,,,,3.0,4.0,4.0
2025-08-05 16:21:03,1859.9563636363637,979.3163636363637,1435.4618181818184,31.989730931731174,83.23513840036385,958.9468427341917,10.0,8.142011642456055,,,,,2.0,4.0,4.0
2025-08-05 16:21:06,1856.2327272727275,979.3163636363637,1433.6000000000001,31.835238797269994,83.9091250681757,958.9338551943022,10.0,8.129013061523438,,,,,2.0,3.0,3.0
2025-08-05 16:21:09,1859.9563636363637,977.4545454545455,1433.6000000000001,31.804340401809895,84.06949356783026,958.9145985962954,10.0,8.143872261047363,,,,,2.0,4.0,4.0
2025-08-05 16:21:15,1859.9563636363637,973.7309090909091,1433.6000000000001,32.13392382688471,85.47596952899426,958.8885550864744,10.0,8.181500434875488,,,,,2.0,4.0,4.0
2025-08-05 16:21:21,1856.2327272727275,968.1454545454546,1429.8763636363635,32.46865821315441,86.17856508904846,958.8976569466827,10.0,8.210755348205566,,,,,2.0,4.0,4.0
2025-08-05 16:21:27,1858.0945454545456,970.0072727272727,1433.6000000000001,32.41716053523123,84.92521579285011,958.9026943836716,10.0,8.199009895324707,,,,,3.0,4.0,4.0
2025-08-05 16:21:30,1856.2327272727275,968.1454545454546,1431.7381818181818,32.587102982826764,84.67841749878104,958.8554686491909,10.0,8.20740795135498,,,,,3.0,4.0,4.0
2025-08-05 16:21:36,1854.3709090909092,968.1454545454546,1429.8763636363635,32.66434965468943,83.58195686311413,958.8895248340601,10.0,8.199250221252441,,,,,3.0,4.0,4.0
2025-08-05 16:21:42,1854.3709090909092,966.2836363636363,1431.7381818181818,32.59225275891367,82.19122686828497,958.9466395095324,10.0,8.191851615905762,,,,,2.0,3.0,3.0
2025-08-05 16:21:48,1852.509090909091,962.5600000000001,1429.8763636363635,32.98878639159375,82.06213080953651,958.9378761501971,10.0,8.218067169189453,,,,,2.0,3.0,3.0
2025-08-05 16:21:54,1852.509090909091,962.5600000000001,1429.8763636363635,33.33897337215603,81.30247300669265,958.8859005285225,10.0,8.231470108032227,,,,,2.0,3.0,3.0
2025-08-05 16:22:00,1850.647272727273,958.8363636363637,1431.7381818181818,33.62736366075114,80.27261734204791,958.9343489323296,10.0,8.245889663696289,,,,,2.0,2.0,2.0
2025-08-05 16:22:06,1846.9236363636364,938.3563636363637,1428.0145454545457,33.5192171955714,80.19925283923075,958.8814382504579,10.0,8.293622970581055,,,,,2.0,2.0,2.0
2025-08-05 16:22:12,1848.7854545454547,951.3890909090909,1428.0145454545457,33.16387971365475,77.11927035269696,958.898053526749,10.0,8.220073699951172,,,,,2.0,3.0,3.0
2025-08-05 16:22:18,1850.647272727273,964.4218181818183,1426.1527272727274,33.04028439256945,76.98102675091444,958.877118849257,10.0,8.17773151397705,,,,,2.0,3.0,3.0
2025-08-05 16:22:24,1852.509090909091,960.6981818181819,1428.0145454545457,32.973336996976286,79.25309118989962,958.8588077808746,10.0,8.205363273620605,,,,,2.0,3.0,3.0
2025-08-05 16:22:30,1848.7854545454547,956.9745454545455,1426.1527272727274,32.942438215599395,80.33878552385198,958.8952534277801,10.0,8.212454795837402,,,,,1.0,3.0,4.0
2025-08-05 16:22:36,1848.7854545454547,958.8363636363637,1424.290909090909,32.849741934333,79.95676047880518,958.9211698612032,10.0,8.19931697845459,,,,,1.0,3.0,3.0
2025-08-05 16:22:42,1846.9236363636364,960.6981818181819,1424.290909090909,32.623151421546936,79.69838508524053,958.8546939519748,10.0,8.17602825164795,,,,,1.0,2.0,3.0
2025-08-05 16:22:48,1848.7854545454547,956.9745454545455,1424.290909090909,32.849741934333,81.05619290956747,958.8655852787911,10.0,8.212560653686523,,,,,2.0,2.0,3.0
2025-08-05 16:22:54,1846.9236363636364,962.5600000000001,1426.1527272727274,32.731296823272714,79.52595406951838,958.7967639924923,10.0,8.175150871276855,,,,,3.0,3.0,4.0
2025-08-05 16:22:57,1850.647272727273,973.7309090909091,1428.0145454545457,32.55105455836747,78.271685472847,958.8562380888231,10.0,8.13258171081543,,,,,3.0,4.0,4.0
2025-08-05 16:23:03,1856.2327272727275,975.5927272727274,1428.0145454545457,32.381112178001786,76.7730712915022,958.9589809986866,10.0,8.122014045715332,,,,,2.0,3.0,3.0
2025-08-05 16:23:09,1859.9563636363637,977.4545454545455,1428.0145454545457,32.370812649984146,77.38047228699564,958.8600064537286,10.0,8.133563041687012,,,,,3.0,4.0,4.0
2025-08-05 16:23:15,1858.0945454545456,977.4545454545455,1429.8763636363635,32.53560523796477,78.51607049568715,958.8327558684537,10.0,8.144949913024902,,,,,2.0,3.0,3.0
2025-08-05 16:23:18,1859.9563636363637,975.5927272727274,1431.7381818181818,32.56650388138951,78.73488911023512,958.8241602984838,10.0,8.158345222473145,,,,,2.0,3.0,4.0
2025-08-05 16:23:21,1858.0945454545456,970.0072727272727,1429.8763636363635,32.7364466075087,79.16960804318889,958.8601642086891,10.0,8.178388595581055,,,,,2.0,3.0,4.0
2025-08-05 16:23:24,1859.9563636363637,970.0072727272727,1429.8763636363635,32.80339382906095,79.08726375037342,958.8785318524674,10.0,8.185921669006348,,,,,2.0,3.0,4.0
2025-08-05 16:23:30,1858.0945454545456,968.1454545454546,1426.1527272727274,32.849741934333,78.57610871239422,958.8655852787911,10.0,8.186026573181152,,,,,2.0,4.0,4.0
2025-08-05 16:23:33,1859.9563636363637,970.0072727272727,1429.8763636363635,32.87034109979868,78.08031274762267,958.841299142342,10.0,8.18309497833252,,,,,2.0,3.0,4.0
2025-08-05 16:23:36,1859.9563636363637,971.869090909091,1431.7381818181818,32.942438215599395,77.71131169746833,958.8118646923097,10.0,8.18741512298584,,,,,2.0,3.0,4.0
2025-08-05 16:23:39,1858.0945454545456,966.2836363636363,1429.8763636363635,33.071183207124704,77.56316824029919,958.8684565770111,10.0,8.196510314941406,,,,,3.0,4.0,5.0
2025-08-05 16:23:45,1856.2327272727275,966.2836363636363,1428.0145454545457,33.308074466796825,76.977868338652,958.8945985229565,10.0,8.199902534484863,,,,,3.0,4.0,4.0
2025-08-05 16:23:51,1854.3709090909092,964.4218181818183,1426.1527272727274,33.586164992215345,76.18373558414325,958.8717975296796,10.0,8.210123062133789,,,,,3.0,4.0,4.0
2025-08-05 16:23:57,1852.509090909091,960.6981818181819,1428.0145454545457,33.86425636630156,75.72296526044303,958.9043402935425,10.0,8.227819442749023,,,,,3.0,4.0,4.0
2025-08-05 16:24:03,1852.509090909091,966.2836363636363,1424.290909090909,33.47801857593004,73.78250126296075,958.930160038373,10.0,8.178109169006348,,,,,4.0,6.0,6.0
2025-08-05 16:46:16,1861.818181818182,979.3163636363637,1448.4945454545457,31.824939330952475,79.63868394212258,958.807194070584,10.0,8.11604118347168,,,,,3.0,4.0,4.0
2025-08-05 16:46:22,1863.68,981.1781818181819,1450.3563636363638,31.57775248857797,78.99411808258792,958.8750287763899,10.0,8.097757339477539,,,,,2.0,3.0,3.0
2025-08-05 16:46:25,1863.68,981.1781818181819,1446.6327272727274,31.588051926955814,78.74406115822306,958.8352241020191,10.0,8.096951484680176,,,,,3.0,4.0,4.0
2025-08-05 16:46:31,1863.68,979.3163636363637,1446.6327272727274,31.71679500490427,78.234924852966,958.8369080065759,10.0,8.105957984924316,,,,,3.0,4.0,5.0
2025-08-05 16:46:37,1865.5418181818181,988.6254545454545,1450.3563636363638,31.454159318847815,77.7706672334863,958.8256386568305,10.0,8.080602645874023,,,,,2.0,3.0,5.0
2025-08-05 16:46:43,1869.2654545454548,984.9018181818182,1448.4945454545457,31.490207309368998,78.73035232930503,958.8527597783827,10.0,8.107428550720215,,,,,2.0,3.0,5.0
2025-08-05 16:46:46,1869.2654545454548,986.7636363636365,1450.3563636363638,31.387213088572025,78.99033741672875,958.8069560060496,10.0,8.099621772766113,,,,,2.0,3.0,5.0
2025-08-05 16:46:52,1869.2654545454548,984.9018181818182,1452.2181818181818,31.536554746708134,81.52169216333394,958.8123436091533,10.0,8.125879287719727,,,,,2.0,3.0,6.0
2025-08-05 16:46:58,1869.2654545454548,983.0400000000001,1450.3563636363638,31.443859895603964,80.93662526458465,958.8376978570008,10.0,8.114450454711914,,,,,2.0,4.0,5.0
2025-08-05 16:47:01,1867.4036363636365,981.1781818181819,1450.3563636363638,31.536554746708134,81.04947877193707,958.840079461252,10.0,8.118758201599121,,,,,2.0,4.0,5.0
2025-08-05 16:47:04,1869.2654545454548,979.3163636363637,1448.4945454545457,31.660148028197,81.54987921049873,958.8616970010917,10.0,8.138663291931152,,,,,2.0,5.0,5.0
2025-08-05 16:47:10,1865.5418181818181,973.7309090909091,1450.3563636363638,31.824939330952475,81.00995238913792,958.807194070584,10.0,8.151617050170898,,,,,2.0,4.0,4.0
2025-08-05 16:47:16,1865.5418181818181,975.5927272727274,1450.3563636363638,32.0515278588573,81.28023830259525,958.7910165362571,10.0,8.15937614440918,,,,,2.0,4.0,4.0
2025-08-05 16:47:22,1863.68,977.4545454545455,1450.3563636363638,32.07727659086231,79.71782866080174,958.8579313293558,10.0,8.139608383178711,,,,,2.0,3.0,3.0
2025-08-05 16:47:28,1863.68,983.0400000000001,1450.3563636363638,31.89188588282559,78.38894951150365,958.7980218200297,10.0,8.114259719848633,,,,,2.0,3.0,3.0
2025-08-05 16:47:31,1867.4036363636365,984.9018181818182,1450.3563636363638,31.84038853086531,78.96868068608487,958.8029446175613,10.0,8.131226539611816,,,,,2.0,3.0,3.0
2025-08-05 16:47:34,1867.4036363636365,979.3163636363637,1446.6327272727274,31.84038853086531,79.17299587397999,958.8306935094915,10.0,8.132240295410156,,,,,2.0,3.0,4.0
2025-08-05 16:47:40,1869.2654545454548,986.7636363636365,1452.2181818181818,31.763142557494575,78.20940862156262,958.7686892474002,10.0,8.129964828491211,,,,,2.0,3.0,5.0
2025-08-05 16:47:46,1869.2654545454548,984.9018181818182,1446.6327272727274,31.737393914256245,78.66268356758556,958.8682452137836,10.0,8.129377365112305,,,,,2.0,3.0,5.0
2025-08-05 16:47:52,1869.2654545454548,983.0400000000001,1452.2181818181818,32.14422332812683,78.80043588696675,958.7931696774685,10.0,8.167397499084473,,,,,2.0,3.0,5.0
2025-08-05 16:47:58,1869.2654545454548,981.1781818181819,1448.4945454545457,32.22661937997327,77.90125918536006,958.8351610984138,10.0,8.170144081115723,,,,,2.0,3.0,5.0
2025-08-05 16:48:01,1867.4036363636365,979.3163636363637,1446.6327272727274,32.21631986941793,78.22772694282389,958.9027963663751,10.0,8.161116600036621,,,,,2.0,3.0,3.0
2025-08-05 16:48:07,1867.4036363636365,983.0400000000001,1450.3563636363638,32.195720851799706,77.67090927451085,958.8714740395212,10.0,8.156527519226074,,,,,2.0,3.0,3.0
2025-08-05 16:48:13,1869.2654545454548,984.9018181818182,1450.3563636363638,32.10302533014328,77.41826538313093,958.7860479452756,10.0,8.156712532043457,,,,,2.0,3.0,3.0
2025-08-05 16:48:19,1867.4036363636365,979.3163636363637,1450.3563636363638,32.48925729247276,77.43053673373953,958.8178637975433,10.0,8.182315826416016,,,,,3.0,3.0,3.0
2025-08-05 16:48:25,1869.2654545454548,981.1781818181819,1448.4945454545457,32.52015592018142,76.84794806206763,958.8648300284898,10.0,8.19126033782959,,,,,3.0,3.0,3.0
2025-08-05 16:48:31,1867.4036363636365,979.3163636363637,1448.4945454545457,32.571653656312265,75.93313794025669,958.8042070592048,10.0,8.182333946228027,,,,,2.0,3.0,3.0
2025-08-05 16:48:37,1865.5418181818181,977.4545454545455,1448.4945454545457,32.885790476953844,75.65760009316278,958.8369793241457,10.0,8.199859619140625,,,,,3.0,4.0,4.0
2025-08-05 16:48:43,1863.68,973.7309090909091,1446.6327272727274,33.091782422648976,74.38912283768929,958.8719467142312,10.0,8.202644348144531,,,,,2.0,4.0,4.0
2025-08-05 16:48:46,1863.68,981.1781818181819,1450.3563636363638,32.885790476953844,73.84143480008434,958.8647731344267,10.0,8.181073188781738,,,,,2.0,4.0,4.0
2025-08-05 16:48:52,1867.4036363636365,981.1781818181819,1450.3563636363638,32.86004151648376,72.97814670091874,958.8256499166113,10.0,8.193819999694824,,,,,2.0,4.0,4.0
2025-08-05 16:48:58,1869.2654545454548,981.1781818181819,1450.3563636363638,32.638600756792584,71.8558137898111,958.7392586803015,10.0,8.17846393585205,,,,,2.0,4.0,4.0
2025-08-05 16:49:04,1869.2654545454548,984.9018181818182,1450.3563636363638,32.6180016437138,72.20021247875704,958.8190848455539,10.0,8.177721977233887,,,,,2.0,3.0,3.0
2025-08-05 16:49:07,1867.4036363636365,984.9018181818182,1450.3563636363638,32.46350844405242,72.17249749168872,958.8620527989125,10.0,8.15384292602539,,,,,2.0,3.0,3.0
2025-08-05 16:49:13,1869.2654545454548,984.9018181818182,1448.4945454545457,32.38626194244716,72.95212873691712,958.8279487670654,10.0,8.160371780395508,,,,,2.0,3.0,3.0
2025-08-05 16:49:16,1871.1272727272728,981.1781818181819,1450.3563636363638,32.46350844405242,73.1564406608135,958.8342771266846,10.0,8.177801132202148,,,,,2.0,3.0,3.0
2025-08-05 16:49:22,1869.2654545454548,977.4545454545455,1446.6327272727274,32.49955683387816,73.0710367492584,958.8335191253069,10.0,8.171159744262695,,,,,2.0,3.0,3.0
2025-08-05 16:49:25,1871.1272727272728,984.9018181818182,1454.0800000000002,32.56650388138951,72.75338688781473,958.8797204947339,10.0,8.18482780456543,,,,,2.0,3.0,3.0
2025-08-05 16:49:28,1871.1272727272728,979.3163636363637,1448.4945454545457,32.53560523796477,73.03833033539203,958.7216409892812,10.0,8.184500694274902,,,,,2.0,3.0,3.0
2025-08-05 16:49:34,1867.4036363636365,975.5927272727274,1448.4945454545457,32.875490891892696,73.84072364155443,958.793537090681,10.0,8.199621200561523,,,,,2.0,3.0,3.0
2025-08-05 16:56:58,1874.8509090909092,990.4872727272729,1467.1127272727272,30.223386483849026,86.11845022056683,958.7524808405052,10.0,8.075407981872559,,,,,2.0,3.0,4.0
2025-08-05 16:57:04,1874.8509090909092,986.7636363636365,1465.2509090909093,30.166740435553947,86.37989602778724,958.8045615366533,10.0,8.085265159606934,,,,,2.0,3.0,4.0
2025-08-05 16:57:10,1874.8509090909092,990.4872727272729,1465.2509090909093,29.96590472990647,86.21518867714623,958.8305706762247,10.0,8.062280654907227,,,,,2.0,4.0,4.0
2025-08-05 16:57:16,1876.7127272727273,994.2109090909092,1468.9745454545455,30.032849915936822,86.51761227277461,958.7389067251679,10.0,8.061667442321777,,,,,2.0,4.0,4.0
2025-08-05 16:57:22,1874.8509090909092,986.7636363636365,1461.5272727272727,30.125543331640074,87.42019383327721,958.7694626553005,10.0,8.090152740478516,,,,,2.0,3.0,3.0
2025-08-05 16:57:25,1876.7127272727273,984.9018181818182,1463.389090909091,30.084346246352652,87.98445551782268,958.7066881258975,10.0,8.102628707885742,,,,,2.0,3.0,3.0
2025-08-05 16:57:28,1872.989090909091,984.9018181818182,1461.5272727272727,30.037999547668733,88.95960971749072,958.7467541530606,10.0,8.09675121307373,,,,,2.0,3.0,3.0
2025-08-05 16:57:34,1872.989090909091,984.9018181818182,1463.389090909091,30.01740102248732,89.2646938796984,958.7707057284722,10.0,8.097491264343262,,,,,2.0,3.0,3.0
2025-08-05 16:57:40,1872.989090909091,986.7636363636365,1461.5272727272727,29.878361099312315,88.88510057746322,958.7801394412458,10.0,8.08212661743164,,,,,2.0,3.0,3.0
2025-08-05 16:57:43,1872.989090909091,984.9018181818182,1461.5272727272727,29.852612988674082,88.6911954208916,958.7408945832944,10.0,8.085551261901855,,,,,2.0,3.0,3.0
2025-08-05 16:57:49,1869.2654545454548,979.3163636363637,1461.5272727272727,30.07404697794118,88.44152301887796,958.6909947111385,10.0,8.103262901306152,,,,,2.0,3.0,3.0
2025-08-05 16:57:52,1869.2654545454548,973.7309090909091,1463.389090909091,30.032849915936822,88.05460985267304,958.7389067251679,10.0,8.115449905395508,,,,,3.0,3.0,3.0
2025-08-05 16:57:58,1865.5418181818181,966.2836363636363,1461.5272727272727,30.346977984183468,87.50042482802951,958.7469965067068,10.0,8.141236305236816,,,,,3.0,3.0,3.0
2025-08-05 16:58:04,1863.68,968.1454545454546,1459.6654545454546,30.346977984183468,86.69942483500277,958.8854203811555,10.0,8.124564170837402,,,,,3.0,4.0,4.0
2025-08-05 16:58:10,1861.818181818182,973.7309090909091,1457.8036363636365,30.419073103461415,86.14911070191114,958.7737635164931,10.0,8.103578567504883,,,,,3.0,4.0,4.0
2025-08-05 16:58:16,1865.5418181818181,983.0400000000001,1461.5272727272727,30.28518221306149,86.45534989301393,958.7359054707238,10.0,8.079909324645996,,,,,3.0,4.0,4.0
2025-08-05 16:58:22,1863.68,975.5927272727274,1457.8036363636365,30.794998578174273,86.726110307538,958.7369790618973,10.0,8.12589168548584,,,,,3.0,4.0,4.0
2025-08-05 16:58:28,1861.818181818182,968.1454545454546,1455.9418181818182,31.181224996224046,85.53673591038633,958.6598250727063,10.0,8.156636238098145,,,,,2.0,3.0,3.0
2025-08-05 16:58:34,1859.9563636363637,968.1454545454546,1457.8036363636365,31.433560473524267,84.76907605150367,958.7110992625097,10.0,8.159460067749023,,,,,3.0,4.0,4.0
2025-08-05 16:58:40,1859.9563636363637,970.0072727272727,1454.0800000000002,31.227572276402498,84.5577109160331,958.7303613761145,10.0,8.141677856445312,,,,,2.0,4.0,4.0
2025-08-05 17:00:40,1871.1272727272728,988.6254545454545,1457.8036363636365,29.42004581785295,89.75795550164361,958.8833610547305,10.0,8.053062438964844,,,,,2.0,3.0,3.0
2025-08-05 17:00:49,1874.8509090909092,988.6254545454545,1457.8036363636365,29.322203528281534,90.37827678470342,959.0105542513872,10.0,8.060690879821777,,,,,2.0,3.0,3.0
2025-08-05 17:00:55,1878.5745454545456,997.9345454545455,1463.389090909091,29.11622010418796,90.03232246077506,958.889776325587,10.0,8.029704093933105,,,,,2.0,3.0,3.0
2025-08-05 17:01:01,1876.7127272727273,996.0727272727273,1461.5272727272727,29.049275591620244,91.048545320687,958.8981642822681,10.0,8.033754348754883,,,,,2.0,3.0,3.0
2025-08-05 17:01:07,1876.7127272727273,992.3490909090909,1459.6654545454546,29.111070524551906,91.84147513023207,958.7437615159693,10.0,8.054610252380371,,,,,2.0,3.0,3.0
2025-08-05 17:01:13,1878.5745454545456,990.4872727272729,1461.5272727272727,29.198613417946035,92.52171828728999,958.7667581624384,10.0,8.073819160461426,,,,,2.0,3.0,3.0
2025-08-05 17:01:19,1878.5745454545456,990.4872727272729,1463.389090909091,29.18831424965174,92.59570420238765,958.8339543037007,10.0,8.073286056518555,,,,,2.0,3.0,3.0
2025-08-05 17:01:25,1878.5745454545456,996.0727272727273,1467.1127272727272,29.023527715267846,92.89497978334336,958.8312525956807,10.0,8.049650192260742,,,,,2.0,3.0,3.0
2025-08-05 17:01:31,1880.4363636363637,992.3490909090909,1463.389090909091,28.956583270803094,93.34949974142366,958.8119957533495,10.0,8.065507888793945,,,,,2.0,3.0,3.0
2025-08-05 17:01:37,1876.7127272727273,996.0727272727273,1463.389090909091,28.81754496638314,93.61078408545026,958.7379642161651,10.0,8.039629936218262,,,,,2.0,2.0,2.0
2025-08-05 17:01:43,1880.4363636363637,999.7963636363637,1465.2509090909093,28.81754496638314,94.05530345016015,958.7932024179589,10.0,8.040213584899902,,,,,2.0,2.0,2.0
2025-08-05 17:01:49,1880.4363636363637,996.0727272727273,1459.6654545454546,28.7094042096287,94.05434316926664,958.7110361529864,10.0,8.046693801879883,,,,,2.0,3.0,3.0
2025-08-05 17:01:55,1882.2981818181818,999.7963636363637,1465.2509090909093,28.606413132045418,94.70590184158884,958.8299798132228,10.0,8.038114547729492,,,,,3.0,4.0,4.0
2025-08-05 17:02:01,1880.4363636363637,1001.6581818181819,1468.9745454545455,28.714553766563768,95.92430241152782,958.7465088602531,10.0,8.041666984558105,,,,,3.0,4.0,4.0
2025-08-05 17:02:07,1880.4363636363637,994.2109090909092,1465.2509090909093,28.642459995957324,96.68836992145869,958.746941210204,10.0,8.065792083740234,,,,,2.0,4.0,4.0
2025-08-05 17:02:10,1880.4363636363637,994.2109090909092,1465.2509090909093,28.621861786261434,97.33730447412749,958.7431165613456,10.0,8.068968772888184,,,,,3.0,5.0,5.0
2025-08-05 17:02:16,1882.2981818181818,994.2109090909092,1465.2509090909093,28.549768088996643,98.49821667219038,958.743522805168,10.0,8.077563285827637,,,,,2.0,5.0,5.0
2025-08-05 17:02:22,1884.16,996.0727272727273,1467.1127272727272,28.683656429318944,97.8925397221803,958.7269728703774,10.0,8.079667091369629,,,,,2.0,4.0,4.0
2025-08-05 17:02:28,1880.4363636363637,990.4872727272729,1463.389090909091,29.095621787389973,97.29161126917441,958.747827556345,10.0,8.104351997375488,,,,,2.0,4.0,4.0
2025-08-05 17:02:31,1880.4363636363637,992.3490909090909,1465.2509090909093,29.363400268979603,96.47552421621016,958.7693298558454,10.0,8.106917381286621,,,,,2.0,4.0,4.0
2025-08-05 17:06:43,1882.2981818181818,992.3490909090909,1468.9745454545455,28.601263581222156,95.1956005554742,958.711680686528,10.0,8.064754486083984,,,,,2.0,4.0,4.0
2025-08-05 17:06:49,1880.4363636363637,988.6254545454545,1467.1127272727272,28.657908656285144,95.72719270885288,958.6876812633849,10.0,8.077936172485352,,,,,2.0,4.0,4.0
2025-08-05 17:06:55,1876.7127272727273,986.7636363636365,1467.1127272727272,28.755750232521677,95.3350232001349,958.698910095007,10.0,8.076508522033691,,,,,1.0,4.0,4.0
2025-08-05 17:07:01,1874.8509090909092,983.0400000000001,1467.1127272727272,28.910237145755673,96.80164582511563,958.7412850419885,10.0,8.100297927856445,,,,,2.0,4.0,4.0
2025-08-05 17:07:04,1876.7127272727273,988.6254545454545,1470.8363636363638,28.76089979207609,96.74312299941025,958.679151044826,10.0,8.08032512664795,,,,,2.0,4.0,4.0
2025-08-05 17:07:10,1874.8509090909092,984.9018181818182,1465.2509090909093,28.735151997214416,97.19554415129875,958.7503266170778,10.0,8.08808708190918,,,,,2.0,3.0,3.0
2025-08-05 17:07:16,1876.7127272727273,988.6254545454545,1465.2509090909093,28.755750232521677,96.78863387086919,958.7541429403886,10.0,8.079811096191406,,,,,3.0,4.0,4.0
2025-08-05 17:07:22,1876.7127272727273,988.6254545454545,1467.1127272727272,28.771198912058026,97.37295038566819,958.722482873788,10.0,8.084615707397461,,,,,2.0,4.0,4.0
2025-08-05 17:07:25,1872.989090909091,984.9018181818182,1461.5272727272727,28.807245841162512,96.86410662585286,958.7222495107011,10.0,8.085065841674805,,,,,3.0,4.0,4.0
2025-08-05 17:07:28,1874.8509090909092,988.6254545454545,1467.1127272727272,28.82784409276792,96.1801728451033,958.7812985551574,10.0,8.074602127075195,,,,,3.0,4.0,4.0
2025-08-05 17:07:34,1876.7127272727273,986.7636363636365,1465.2509090909093,28.724852881307015,97.39031802652703,958.6793801970504,10.0,8.088380813598633,,,,,2.0,3.0,3.0
2025-08-05 17:07:40,1874.8509090909092,990.4872727272729,1467.1127272727272,28.704254652984673,98.97286833718758,958.647949770723,10.0,8.081607818603516,,,,,3.0,5.0,5.0
2025-08-05 17:07:43,1874.8509090909092,988.6254545454545,1467.1127272727272,28.79694671710604,99.02492870584464,958.6789167273581,10.0,8.092184066772461,,,,,2.0,4.0,4.0
2025-08-05 17:07:46,1874.8509090909092,986.7636363636365,1465.2509090909093,28.735151997214416,98.23903470602762,958.7227110714008,10.0,8.089334487915039,,,,,3.0,5.0,5.0
2025-08-05 17:07:49,1874.8509090909092,992.3490909090909,1465.2509090909093,28.6527591025515,97.09897305511606,958.679823009248,10.0,8.060873031616211,,,,,3.0,4.0,4.0
2025-08-05 17:07:52,1874.8509090909092,992.3490909090909,1465.2509090909093,28.524020353797823,96.83537703067891,958.6214057549208,10.0,8.052988052368164,,,,,2.0,4.0,4.0
2025-08-05 17:07:58,1874.8509090909092,996.0727272727273,1465.2509090909093,28.37468363312655,97.07069731211894,958.6971090759762,10.0,8.034878730773926,,,,,3.0,6.0,6.0
2025-08-05 17:08:01,1878.5745454545456,997.9345454545455,1470.8363636363638,28.37468363312655,97.71017944036059,958.6695090329413,10.0,8.043045043945312,,,,,3.0,5.0,5.0
2025-08-05 17:08:07,1878.5745454545456,990.4872727272729,1463.389090909091,28.415879945416236,98.19917560410687,958.6495876919874,10.0,8.07133674621582,,,,,3.0,4.0,4.0
2025-08-05 17:08:13,1874.8509090909092,990.4872727272729,1463.389090909091,28.384982709452743,98.4372199511175,958.6852299242589,10.0,8.061502456665039,,,,,3.0,4.0,4.0
2025-08-05 17:10:07,1874.8509090909092,983.0400000000001,1465.2509090909093,29.368549862876534,94.62749468987096,958.5836842210135,10.0,8.110827445983887,,,,,2.0,2.0,4.0
2025-08-05 17:10:13,1871.1272727272728,986.7636363636365,1463.389090909091,29.528187418036396,93.06180397932224,958.6888466058176,10.0,8.087129592895508,,,,,2.0,3.0,4.0
2025-08-05 17:10:19,1872.989090909091,986.7636363636365,1463.389090909091,29.548785832623253,91.80883224322834,958.6649505457941,10.0,8.08501148223877,,,,,3.0,4.0,6.0
2025-08-05 17:10:25,1871.1272727272728,990.4872727272729,1465.2509090909093,29.589982675766805,91.35621503525974,958.7277575836955,10.0,8.067532539367676,,,,,3.0,4.0,4.0
2025-08-05 17:10:31,1872.989090909091,994.2109090909092,1467.1127272727272,29.636329146567732,90.71876905628743,958.6878002935644,10.0,8.059394836425781,,,,,3.0,5.0,5.0
2025-08-05 17:10:37,1874.8509090909092,990.4872727272729,1463.389090909091,29.579683463234687,91.09466190466036,958.7397074718818,10.0,8.074756622314453,,,,,3.0,4.0,4.0
2025-08-05 17:10:43,1876.7127272727273,992.3490909090909,1463.389090909091,29.517888212489197,90.659701097852,958.6454952549778,10.0,8.068499565124512,,,,,4.0,5.0,5.0
2025-08-05 17:10:49,1876.7127272727273,992.3490909090909,1467.1127272727272,29.71357331695617,90.64603380922361,958.6672689992014,10.0,8.078287124633789,,,,,3.0,4.0,4.0
2025-08-05 17:10:55,1874.8509090909092,988.6254545454545,1463.389090909091,29.65177797540673,89.86932651830283,958.7113511726258,10.0,8.076436996459961,,,,,3.0,4.0,4.0
2025-08-05 17:11:01,1872.989090909091,988.6254545454545,1463.389090909091,29.600281889463076,90.03756537678521,958.632849011517,10.0,8.070685386657715,,,,,3.0,5.0,5.0
2025-08-05 17:11:07,1872.989090909091,990.4872727272729,1465.2509090909093,29.641478755889693,90.25038401263392,958.7233049851825,10.0,8.067804336547852,,,,,3.0,4.0,4.0
2025-08-05 17:11:13,1874.8509090909092,990.4872727272729,1465.2509090909093,29.512738610152155,89.47251112690385,958.6376443800134,10.0,8.061558723449707,,,,,3.0,5.0,5.0
2025-08-05 17:11:19,1874.8509090909092,986.7636363636365,1465.2509090909093,29.66207719608792,89.35500313870399,958.6993965613177,10.0,8.079435348510742,,,,,3.0,5.0,5.0
2025-08-05 17:11:25,1872.989090909091,986.7636363636365,1461.5272727272727,29.60543149674777,89.25641100652481,958.6960048194811,10.0,8.071149826049805,,,,,3.0,4.0,4.0
2025-08-05 17:11:28,1874.8509090909092,992.3490909090909,1467.1127272727272,29.6105811043235,89.08321118664095,958.648549267915,10.0,8.058252334594727,,,,,3.0,4.0,4.0
2025-08-05 17:11:34,1869.2654545454548,983.0400000000001,1461.5272727272727,29.785667935066158,89.92404969266731,958.749502906462,10.0,8.086228370666504,,,,,4.0,5.0,5.0
2025-08-05 17:11:40,1872.989090909091,986.7636363636365,1463.389090909091,29.703274090454215,88.64101633010304,958.734541312628,10.0,8.0718994140625,,,,,4.0,5.0,5.0
2025-08-05 17:11:46,1872.989090909091,986.7636363636365,1463.389090909091,29.75477023460553,89.46898302693808,958.6470875548615,10.0,8.080536842346191,,,,,3.0,5.0,5.0
2025-08-05 17:11:52,1871.1272727272728,981.1781818181819,1467.1127272727272,30.01740102248732,90.09926123876723,958.6600234916976,10.0,8.110367774963379,,,,,3.0,5.0,5.0
2025-08-05 17:11:55,1871.1272727272728,981.1781818181819,1463.389090909091,30.099795151152648,89.53996021941356,958.7025543148038,10.0,8.110665321350098,,,,,3.0,5.0,5.0
2025-08-05 17:12:01,1869.2654545454548,981.1781818181819,1465.2509090909093,30.16159079654608,87.38899955965994,958.6029775336508,10.0,8.095841407775879,,,,,3.0,4.0,4.0
2025-08-05 17:12:07,1865.5418181818181,975.5927272727274,1463.389090909091,30.300631151912967,86.77611777814309,958.6487106694898,10.0,8.106284141540527,,,,,4.0,4.0,4.0
2025-08-05 17:12:13,1861.818181818182,966.2836363636363,1457.8036363636365,30.49631793741719,86.32505202363427,958.6145222660493,10.0,8.132695198059082,,,,,3.0,4.0,4.0
2025-08-05 17:12:19,1856.2327272727275,964.4218181818183,1455.9418181818182,30.81559727914282,86.1702319235285,958.6575243718114,10.0,8.139153480529785,,,,,3.0,4.0,4.0
2025-08-05 17:12:25,1856.2327272727275,968.1454545454546,1457.8036363636365,31.01643485762179,85.17203003391253,958.6307497684062,10.0,8.131738662719727,,,,,3.0,4.0,4.0
2025-08-05 17:12:31,1856.2327272727275,970.0072727272727,1457.8036363636365,31.01643485762179,84.57871315076264,958.6584631647993,10.0,8.121969223022461,,,,,2.0,3.0,3.0
2025-08-05 17:12:37,1856.2327272727275,973.7309090909091,1455.9418181818182,31.103979581646854,83.46956730858898,958.6531368844948,10.0,8.10787296295166,,,,,2.0,4.0,4.0
2025-08-05 17:12:43,1858.0945454545456,979.3163636363637,1459.6654545454546,31.06793174392078,82.75617402063264,958.6259879836159,10.0,8.089210510253906,,,,,3.0,4.0,6.0
2025-08-05 17:12:49,1859.9563636363637,981.1781818181819,1457.8036363636365,31.093680197984213,81.40761091008252,958.6651779279433,10.0,8.080559730529785,,,,,3.0,4.0,6.0
2025-08-05 17:12:55,1861.818181818182,977.4545454545455,1454.0800000000002,31.30481779575348,81.76380326439339,958.6261189744797,10.0,8.110175132751465,,,,,2.0,4.0,5.0
2025-08-05 17:13:01,1863.68,986.7636363636365,1459.6654545454546,31.1863746928575,79.51612099228164,958.6676623547697,10.0,8.065423011779785,,,,,2.0,3.0,5.0
2025-08-05 17:13:07,1867.4036363636365,986.7636363636365,1457.8036363636365,31.06793174392078,78.92362155152115,958.6537035876306,10.0,8.065075874328613,,,,,4.0,5.0,7.0
2025-08-05 17:13:13,1869.2654545454548,988.6254545454545,1457.8036363636365,30.913441172335297,79.37712009235628,958.6125305274861,10.0,8.059911727905273,,,,,5.0,7.0,7.0
2025-08-05 17:13:20,1869.2654545454548,990.4872727272729,1457.8036363636365,30.913441172335297,80.58270135705762,958.5848215842419,10.0,8.065936088562012,,,,,4.0,5.0,5.0
2025-08-05 17:13:26,1871.1272727272728,988.6254545454545,1457.8036363636365,30.867094051936874,80.1595265491125,958.5696863545425,10.0,8.069293975830078,,,,,4.0,6.0,6.0
2025-08-05 17:13:32,1871.1272727272728,984.9018181818182,1455.9418181818182,30.980387054529274,81.11831169681251,958.6035932896136,10.0,8.09050464630127,,,,,3.0,5.0,5.0
2025-08-05 17:13:35,1871.1272727272728,983.0400000000001,1457.8036363636365,31.1863746928575,80.93211789364322,958.5845003156173,10.0,8.105705261230469,,,,,3.0,4.0,4.0
2025-08-05 17:13:38,1871.1272727272728,979.3163636363637,1455.9418181818182,31.299668092426145,81.68179031828534,958.5905574869777,10.0,8.127763748168945,,,,,3.0,4.0,4.0
2025-08-05 17:13:44,1869.2654545454548,979.3163636363637,1457.8036363636365,31.438710184418596,80.66803422872665,958.6080087078427,10.0,8.12342643737793,,,,,2.0,4.0,4.0
2025-08-05 17:13:50,1869.2654545454548,979.3163636363637,1455.9418181818182,31.809490133658983,79.33975386897637,958.5062203477393,10.0,8.141573905944824,,,,,2.0,4.0,4.0
2025-08-05 17:13:56,1867.4036363636365,984.9018181818182,1457.8036363636365,31.629249692108715,78.01203120547312,958.6205094681777,10.0,8.10841178894043,,,,,3.0,5.0,5.0
2025-08-05 17:14:02,1871.1272727272728,986.7636363636365,1459.6654545454546,31.57775248857797,77.33091921082348,958.5421782918132,10.0,8.119972229003906,,,,,2.0,4.0,4.0
2025-08-05 17:14:08,1869.2654545454548,984.9018181818182,1452.2181818181818,31.38206338058808,76.88980346528976,958.660473492488,10.0,8.089874267578125,,,,,2.0,3.0,3.0
2025-08-05 17:14:14,1871.1272727272728,986.7636363636365,1455.9418181818182,31.19667408699752,77.07976026628945,958.5724524900362,10.0,8.08413314819336,,,,,2.0,3.0,3.0
2025-08-05 17:14:17,1871.1272727272728,990.4872727272729,1459.6654545454546,31.14517712793895,77.41403700257688,958.6049646934767,10.0,8.080870628356934,,,,,2.0,3.0,3.0
2025-08-05 17:14:23,1871.1272727272728,984.9018181818182,1455.9418181818182,31.29451838938985,78.4580112827259,958.5827217761914,10.0,8.099574089050293,,,,,2.0,3.0,3.0
2025-08-05 17:14:29,1872.989090909091,986.7636363636365,1455.9418181818182,31.217272878770018,77.98534555772798,958.5760763957097,10.0,8.099843978881836,,,,,2.0,4.0,4.0
2025-08-05 17:14:35,1871.1272727272728,986.7636363636365,1457.8036363636365,31.00613548385445,78.19596554831058,958.5873600829499,10.0,8.07222843170166,,,,,2.0,3.0,3.0
2025-08-05 17:14:41,1871.1272727272728,984.9018181818182,1457.8036363636365,31.0112851705926,79.38516490676749,958.5674850943489,10.0,8.080464363098145,,,,,2.0,3.0,3.0
2025-08-05 17:14:47,1872.989090909091,988.6254545454545,1459.6654545454546,31.042183297133306,79.14879909228056,958.6699420440448,10.0,8.089027404785156,,,,,1.0,3.0,3.0
2025-08-05 17:14:53,1869.2654545454548,984.9018181818182,1459.6654545454546,31.258470476284856,78.71751888385957,958.6664911707951,10.0,8.08752155303955,,,,,2.0,3.0,3.0
2025-08-05 17:14:59,1869.2654545454548,981.1781818181819,1457.8036363636365,31.402662214270094,77.90081273256808,958.6086261432746,10.0,8.097463607788086,,,,,2.0,3.0,3.0
2025-08-05 17:15:05,1869.2654545454548,983.0400000000001,1457.8036363636365,31.438710184418596,77.99700054790594,958.6080087078427,10.0,8.100713729858398,,,,,2.0,3.0,3.0
2025-08-05 17:15:11,1871.1272727272728,983.0400000000001,1457.8036363636365,31.30996749937185,77.5668594572689,958.5785030091502,10.0,8.096688270568848,,,,,2.0,3.0,3.0
2025-08-05 17:15:17,1871.1272727272728,977.4545454545455,1459.6654545454546,31.165775908069918,77.47395727360679,958.608593561194,10.0,8.098273277282715,,,,,3.0,4.0,4.0
2025-08-05 17:15:23,1871.1272727272728,958.8363636363637,1455.9418181818182,31.37691367289517,77.54291297645453,958.5694513453461,10.0,8.167959213256836,,,,,2.0,3.0,3.0
2025-08-05 17:15:29,1869.2654545454548,964.4218181818183,1455.9418181818182,31.588051926955814,79.86417427421745,958.6410580819185,10.0,8.171382904052734,,,,,3.0,4.0,4.0
2025-08-05 17:15:35,1869.2654545454548,973.7309090909091,1457.8036363636365,31.768292287015356,78.93366921111735,958.6100483058406,10.0,8.146223068237305,,,,,3.0,4.0,4.0
2025-08-05 17:15:41,1869.2654545454548,973.7309090909091,1455.9418181818182,31.629249692108715,79.27252288324509,958.5095508557716,10.0,8.142014503479004,,,,,3.0,4.0,4.0
2025-08-05 17:15:44,1869.2654545454548,973.7309090909091,1455.9418181818182,31.711645278293872,79.40762435853972,958.5238978149703,10.0,8.147007942199707,,,,,3.0,4.0,4.0
2025-08-05 17:15:50,1867.4036363636365,971.869090909091,1454.0800000000002,32.000030416675145,78.78885768960949,958.5739285395291,10.0,8.158366203308105,,,,,3.0,3.0,3.0
2025-08-05 17:15:56,1863.68,973.7309090909091,1455.9418181818182,32.07212684387923,77.77815186683657,958.62802960124,10.0,8.13986873626709,,,,,2.0,3.0,3.0
2025-08-05 17:16:02,1865.5418181818181,975.5927272727274,1454.0800000000002,31.732244186481694,76.19818991759847,958.5552249723019,10.0,8.111519813537598,,,,,2.0,3.0,3.0
2025-08-05 17:16:05,1865.5418181818181,975.5927272727274,1455.9418181818182,32.04122836809256,76.50184718199179,958.5532951053494,10.0,8.129605293273926,,,,,2.0,2.0,2.0
2025-08-05 17:16:08,1865.5418181818181,971.869090909091,1454.0800000000002,32.25751791862422,76.44211082078485,958.5211739539246,10.0,8.151968002319336,,,,,2.0,3.0,3.0
2025-08-05 17:16:11,1861.818181818182,971.869090909091,1455.9418181818182,32.46350844405242,75.94856124869372,958.5009705476525,10.0,8.149938583374023,,,,,2.0,3.0,3.0
2025-08-05 17:16:14,1863.68,970.0072727272727,1457.8036363636365,32.57680343152606,76.06227139009562,958.5620100652895,10.0,8.166524887084961,,,,,2.0,3.0,3.0
2025-08-05 17:16:20,1861.818181818182,970.0072727272727,1454.0800000000002,32.339914072916145,75.92187951314742,958.5908708338902,10.0,8.148505210876465,,,,,3.0,4.0,4.0
2025-08-05 17:16:26,1859.9563636363637,970.0072727272727,1450.3563636363638,32.509856376447715,76.613155794105,958.4880665233951,10.0,8.157663345336914,,,,,3.0,3.0,3.0
2025-08-05 17:16:32,1856.2327272727275,968.1454545454546,1450.3563636363638,32.83429256328964,74.92171620474296,958.5641953876215,10.0,8.15895938873291,,,,,3.0,4.0,4.0
2025-08-05 17:16:38,1856.2327272727275,968.1454545454546,1450.3563636363638,32.690098559862236,74.23207167525565,958.5674495276124,10.0,8.147076606750488,,,,,3.0,4.0,4.0
2025-08-05 17:16:44,1858.0945454545456,968.1454545454546,1450.3563636363638,32.94758801176795,74.49620604367608,958.5139287712477,10.0,8.167140007019043,,,,,3.0,4.0,4.0
2025-08-05 17:16:50,1854.3709090909092,966.2836363636363,1450.3563636363638,33.21022800228093,74.14529035574307,958.5791502734878,10.0,8.17403793334961,,,,,3.0,4.0,4.0
2025-08-05 17:16:56,1854.3709090909092,964.4218181818183,1446.6327272727274,33.16387971365475,72.17143753394717,958.5365799112366,10.0,8.164901733398438,,,,,3.0,4.0,4.0
2025-08-05 17:17:02,1854.3709090909092,973.7309090909091,1448.4945454545457,32.8651913079957,69.82355728860081,958.5555463381547,10.0,8.114398002624512,,,,,3.0,4.0,4.0
2025-08-05 17:17:08,1858.0945454545456,977.4545454545455,1452.2181818181818,32.849741934333,69.76395760396109,958.5876635124838,10.0,8.131475448608398,,,,,3.0,4.0,4.0
2025-08-05 17:17:14,1859.9563636363637,971.869090909091,1446.6327272727274,32.81884319486562,70.16685939518872,958.5685181784464,10.0,8.140270233154297,,,,,3.0,5.0,5.0
2025-08-05 17:17:20,1858.0945454545456,968.1454545454546,1448.4945454545457,33.117531448602676,70.8952264299822,958.6052213629168,10.0,8.16104507446289,,,,,3.0,5.0,5.0
2025-08-05 17:17:26,1856.2327272727275,966.2836363636363,1450.3563636363638,33.220527625177056,71.56486624714914,958.65040564538,10.0,8.164033889770508,,,,,3.0,4.0,4.0
2025-08-05 17:17:32,1852.509090909091,958.8363636363637,1446.6327272727274,33.349273009604076,73.28086371659188,958.5955925433165,10.0,8.193551063537598,,,,,3.0,4.0,5.0
2025-08-05 17:17:38,1850.647272727273,956.9745454545455,1444.770909090909,33.36987228799262,74.58456612709324,958.5712382308279,10.0,8.20417308807373,,,,,3.0,4.0,6.0
2025-08-05 17:17:44,1850.647272727273,960.6981818181819,1444.770909090909,33.30292465025559,72.72623045119481,958.5808490423931,10.0,8.177202224731445,,,,,3.0,4.0,6.0
2025-08-05 17:17:50,1848.7854545454547,958.8363636363637,1442.909090909091,33.46771892393008,72.16189281887007,958.5806947955055,10.0,8.182936668395996,,,,,2.0,4.0,5.0
2025-08-05 17:17:53,1846.9236363636364,956.9745454545455,1441.047272727273,33.61191415786743,71.38426749190224,958.5769928932006,10.0,8.18626880645752,,,,,2.0,4.0,6.0
2025-08-05 17:17:56,1848.7854545454547,955.1127272727273,1441.047272727273,33.67886202261434,70.74222416247,958.5672946596526,10.0,8.19609546661377,,,,,2.0,5.0,6.0
2025-08-05 17:18:02,1848.7854545454547,956.9745454545455,1442.909090909091,33.87455606312142,70.01944952086698,958.5859392700468,10.0,8.195586204528809,,,,,2.0,4.0,5.0
2025-08-05 17:18:08,1846.9236363636364,955.1127272727273,1441.047272727273,33.730360413581366,69.88733107281912,958.5897916212864,10.0,8.188263893127441,,,,,3.0,4.0,5.0
2025-08-05 17:18:14,1845.0618181818181,958.8363636363637,1441.047272727273,33.514067367097596,70.87299048118994,958.5675909954989,10.0,8.167513847351074,,,,,2.0,3.0,4.0
2025-08-05 17:18:20,1846.9236363636364,958.8363636363637,1439.1854545454546,33.43167015109793,70.51549656576192,958.5259729659394,10.0,8.166048049926758,,,,,2.0,3.0,3.0
2025-08-05 17:18:26,1846.9236363636364,956.9745454545455,1439.1854545454546,33.6428131662542,70.79874705522113,958.5125860832675,10.0,8.184523582458496,,,,,2.0,3.0,3.0
2025-08-05 17:18:32,1845.0618181818181,953.2509090909092,1435.4618181818184,33.74066009526723,70.80481222283774,958.5497616347337,10.0,8.19597053527832,,,,,2.0,3.0,3.0
2025-08-05 17:18:35,1845.0618181818181,955.1127272727273,1439.1854545454546,33.85395667064586,70.365074331415,958.4990127753571,10.0,8.193573951721191,,,,,2.0,4.0,4.0
2025-08-05 17:18:41,1846.9236363636364,962.5600000000001,1437.3236363636363,33.74066009526723,68.065232765957,958.5497616347337,10.0,8.154401779174805,,,,,3.0,4.0,4.0
2025-08-05 17:18:47,1846.9236363636364,960.6981818181819,1439.1854545454546,33.730360413581366,67.57648143567813,958.5897916212864,10.0,8.156134605407715,,,,,3.0,4.0,4.0
2025-08-05 17:18:53,1848.7854545454547,962.5600000000001,1439.1854545454546,33.5037677110231,67.89911590302351,958.6354176140026,10.0,8.145336151123047,,,,,2.0,3.0,3.0
2025-08-05 17:18:59,1848.7854545454547,964.4218181818183,1439.1854545454546,33.29262501804624,68.42199263877491,958.5374002702555,10.0,8.132889747619629,,,,,2.0,3.0,3.0
2025-08-05 17:19:05,1850.647272727273,962.5600000000001,1437.3236363636363,32.94758801176795,69.81678834369691,958.4583363435528,10.0,8.135298728942871,,,,,2.0,3.0,3.0
2025-08-05 17:19:11,1850.647272727273,964.4218181818183,1437.3236363636363,32.78279467872926,69.7892578474473,958.5415479463652,10.0,8.12035846710205,,,,,2.0,3.0,4.0
2025-08-05 17:19:17,1852.509090909091,964.4218181818183,1439.1854545454546,32.75704574736301,70.50323507383939,958.5580096948513,10.0,8.128314018249512,,,,,2.0,3.0,4.0
2025-08-05 17:19:23,1852.509090909091,973.7309090909091,1441.047272727273,32.16482233410352,70.26154722135414,958.5468638357722,10.0,8.066701889038086,,,,,2.0,3.0,4.0
2025-08-05 17:25:02,1859.9563636363637,973.7309090909091,1448.4945454545457,33.04028439256945,67.4621177958275,958.487914226729,10.0,8.147711753845215,,,,,3.0,4.0,4.0
2025-08-05 17:25:08,1858.0945454545456,970.0072727272727,1446.6327272727274,33.31837410075241,67.37162659357564,958.4930570036181,10.0,8.162873268127441,,,,,3.0,4.0,4.0
2025-08-05 17:25:14,1858.0945454545456,960.6981818181819,1446.6327272727274,33.61191415786743,68.65181414636027,958.4656938016307,10.0,8.195794105529785,,,,,2.0,3.0,4.0
2025-08-05 17:25:20,1858.0945454545456,964.4218181818183,1448.4945454545457,33.67886202261434,67.50895553422028,958.4838117048022,10.0,8.196176528930664,,,,,2.0,2.0,3.0
2025-08-05 17:25:26,1854.3709090909092,958.8363636363637,1446.6327272727274,33.87455606312142,67.00184362510215,958.4189230168354,10.0,8.192856788635254,,,,,2.0,2.0,3.0
2025-08-05 17:25:32,1846.9236363636364,955.1127272727273,1446.6327272727274,34.245345923962304,66.00852047400416,958.4244481199582,10.0,8.190711975097656,,,,,2.0,3.0,4.0
2025-08-05 17:25:38,1852.509090909091,962.5600000000001,1446.6327272727274,34.22474644766771,64.90563352286995,958.4489118683321,10.0,8.204632759094238,,,,,2.0,3.0,4.0
2025-08-05 17:25:44,1850.647272727273,956.9745454545455,1444.770909090909,34.38954238840961,63.7639165848329,958.4759759398694,10.0,8.204327583312988,,,,,2.0,3.0,3.0
2025-08-05 17:25:50,1850.647272727273,956.9745454545455,1442.909090909091,34.58008806640282,62.94667427615344,958.4583847657459,10.0,8.217691421508789,,,,,2.0,4.0,4.0
2025-08-05 17:25:56,1848.7854545454547,955.1127272727273,1442.909090909091,34.780933942092815,62.15258793814332,958.4562489417565,10.0,8.222514152526855,,,,,2.0,4.0,4.0
2025-08-05 17:26:02,1848.7854545454547,958.8363636363637,1444.770909090909,34.60068762302399,60.88146747749353,958.461745894833,10.0,8.200029373168945,,,,,2.0,4.0,4.0
2025-08-05 17:26:08,1850.647272727273,960.6981818181819,1442.909090909091,34.2401960544521,61.33314946630415,958.5001936712241,10.0,8.178886413574219,,,,,3.0,5.0,7.0
2025-08-05 17:26:14,1852.509090909091,960.6981818181819,1444.770909090909,34.245345923962304,60.737446019701416,958.4801519933629,10.0,8.186098098754883,,,,,3.0,5.0,6.0
2025-08-05 17:26:20,1854.3709090909092,962.5600000000001,1442.909090909091,34.044501228723675,59.82102155941595,958.4540064578514,10.0,8.173178672790527,,,,,3.0,5.0,6.0
2025-08-05 17:26:26,1858.0945454545456,968.1454545454546,1442.909090909091,33.83850712934509,59.51244929749275,958.4755722351006,10.0,8.171908378601074,,,,,3.0,5.0,6.0
2025-08-05 17:26:29,1858.0945454545456,968.1454545454546,1448.4945454545457,33.812757899664575,59.74147222073729,958.4921717907117,10.0,8.170577049255371,,,,,3.0,5.0,6.0
2025-08-05 17:26:35,1861.818181818182,973.7309090909091,1448.4945454545457,33.69946137550869,60.19699169584942,958.5150714711666,10.0,8.181376457214355,,,,,2.0,4.0,4.0
2025-08-05 17:26:41,1861.818181818182,973.7309090909091,1446.6327272727274,33.44711962342262,60.782140876175696,958.5216073536153,10.0,8.161376953125,,,,,3.0,4.0,4.0
2025-08-05 17:26:47,1865.5418181818181,977.4545454545455,1450.3563636363638,33.28232538700104,61.423133523660816,958.4661419174349,10.0,8.168940544128418,,,,,3.0,4.0,4.0
2025-08-05 17:26:53,1865.5418181818181,975.5927272727274,1448.4945454545457,33.21022800228093,63.15607150601413,958.356690417083,10.0,8.171570777893066,,,,,3.0,4.0,4.0
2025-08-05 17:34:26,1859.9563636363637,966.2836363636363,1455.9418181818182,29.687825252884068,91.50581708057696,958.46208420259,10.0,8.121158599853516,,,,,2.0,3.0,3.0
2025-08-05 17:34:32,1854.3709090909092,956.9745454545455,1452.2181818181818,29.749620618880726,91.55310321946332,958.4179671066377,10.0,8.13923454284668,,,,,3.0,3.0,3.0
2025-08-05 17:34:38,1856.2327272727275,968.1454545454546,1454.0800000000002,29.589982675766805,90.02489135367074,958.3682802825404,10.0,8.091970443725586,,,,,2.0,3.0,3.0
2025-08-05 17:34:44,1861.818181818182,986.7636363636365,1455.9418181818182,29.260408452159027,88.03380851247611,958.3911675443345,10.0,8.019135475158691,,,,,4.0,4.0,4.0
2025-08-05 17:34:50,1869.2654545454548,984.9018181818182,1455.9418181818182,29.008078992948867,89.04347672950192,958.4761570187128,10.0,8.036927223205566,,,,,4.0,5.0,5.0
2025-08-05 17:34:56,1871.1272727272728,984.9018181818182,1455.9418181818182,28.915386714041233,90.0224647435267,958.472909761415,10.0,8.043310165405273,,,,,4.0,5.0,5.0
2025-08-05 17:34:59,1871.1272727272728,975.5927272727274,1455.9418181818182,28.889638875523815,90.4069913957143,958.4336380185949,10.0,8.073357582092285,,,,,4.0,5.0,5.0
2025-08-05 17:35:02,1872.989090909091,973.7309090909091,1457.8036363636365,28.9462841298664,90.52291390534238,958.4647877116903,10.0,8.087281227111816,,,,,4.0,5.0,5.0
2025-08-05 17:35:08,1872.989090909091,968.1454545454546,1459.6654545454546,29.18831424965174,90.80345376653752,958.3641610498522,10.0,8.119375228881836,,,,,4.0,5.0,5.0
2025-08-05 17:35:14,1871.1272727272728,964.4218181818183,1455.9418181818182,29.55908504166291,90.43261008926264,958.3764938049259,10.0,8.142555236816406,,,,,3.0,5.0,6.0
2025-08-05 17:35:20,1867.4036363636365,964.4218181818183,1454.0800000000002,29.87321147660259,89.51617823447775,958.38499054955,10.0,8.143118858337402,,,,,3.0,4.0,5.0
2025-08-05 17:35:23,1867.4036363636365,964.4218181818183,1455.9418181818182,30.032849915936822,88.98806097983838,958.296169333845,10.0,8.148520469665527,,,,,3.0,4.0,6.0
2025-08-05 17:35:29,1865.5418181818181,962.5600000000001,1457.8036363636365,30.04314917969168,88.93115753997421,958.3671997811027,10.0,8.149116516113281,,,,,3.0,4.0,5.0
2025-08-05 17:35:35,1863.68,964.4218181818183,1452.2181818181818,29.77021908352617,88.16117218205204,958.4770155423918,10.0,8.118858337402344,,,,,2.0,3.0,5.0
2025-08-05 17:35:41,1865.5418181818181,960.6981818181819,1452.2181818181818,29.517888212489197,89.28199137236649,958.4519522095051,10.0,8.129579544067383,,,,,2.0,3.0,3.0
2025-08-05 17:35:47,1863.68,960.6981818181819,1452.2181818181818,29.42004581785295,88.99966525440658,958.441042894014,10.0,8.118041038513184,,,,,2.0,3.0,3.0
2025-08-05 17:35:53,1861.818181818182,960.6981818181819,1450.3563636363638,29.466392202215502,88.9350150305012,958.4564004121789,10.0,8.11512565612793,,,,,2.0,3.0,3.0
2025-08-05 17:35:59,1863.68,970.0072727272727,1450.3563636363638,29.394297836726764,89.19958532319401,958.4847239893832,10.0,8.089112281799316,,,,,2.0,3.0,3.0
2025-08-05 17:36:05,1867.4036363636365,981.1781818181819,1457.8036363636365,29.363400268979603,89.00534101416042,958.4376208884609,10.0,8.061833381652832,,,,,2.0,3.0,3.0
2025-08-05 17:36:11,1865.5418181818181,975.5927272727274,1452.2181818181818,29.224361343774945,89.17601497690038,958.3914842584859,10.0,8.068534851074219,,,,,3.0,4.0,4.0
2025-08-05 17:36:17,1867.4036363636365,983.0400000000001,1455.9418181818182,29.02867728995625,89.13817287234394,958.4799439165544,10.0,8.039519309997559,,,,,2.0,4.0,5.0
2025-08-05 17:36:23,1871.1272727272728,983.0400000000001,1455.9418181818182,28.894788442645222,90.62139641928574,958.3862479721448,10.0,8.052483558654785,,,,,3.0,5.0,6.0
2025-08-05 17:36:29,1869.2654545454548,981.1781818181819,1455.9418181818182,28.874190175905824,91.22594304100035,958.3824539613239,10.0,8.056318283081055,,,,,3.0,6.0,7.0
2025-08-05 17:36:35,1869.2654545454548,979.3163636363637,1455.9418181818182,28.956583270803094,91.52390556336128,958.4528710642326,10.0,8.067682266235352,,,,,4.0,7.0,8.0
2025-08-05 17:36:41,1869.2654545454548,979.3163636363637,1455.9418181818182,29.121369684115052,91.80215119743339,958.5107831656139,10.0,8.077512741088867,,,,,4.0,6.0,6.0
2025-08-05 17:36:44,1869.2654545454548,975.5927272727274,1455.9418181818182,29.198613417946035,91.8800594787019,958.4627693125958,10.0,8.093755722045898,,,,,4.0,7.0,7.0
2025-08-05 17:36:50,1867.4036363636365,970.0072727272727,1455.9418181818182,29.24495968967676,93.8735456014809,958.450526498059,10.0,8.121524810791016,,,,,3.0,5.0,5.0
2025-08-05 17:36:56,1865.5418181818181,975.5927272727274,1455.9418181818182,28.951433700189227,92.30915256725577,958.5002664636786,10.0,8.074064254760742,,,,,3.0,5.0,5.0
2025-08-05 17:37:02,1867.4036363636365,975.5927272727274,1455.9418181818182,29.08532263073721,93.26017594369648,958.48344288127,10.0,8.09197998046875,,,,,2.0,5.0,5.0
2025-08-05 17:37:08,1865.5418181818181,970.0072727272727,1455.9418181818182,29.234660516143776,94.36347704090106,958.3795499797469,10.0,8.119918823242188,,,,,2.0,4.0,4.0
2025-08-05 17:37:11,1865.5418181818181,970.0072727272727,1455.9418181818182,29.25010927687981,94.61947307930986,958.513652979143,10.0,8.121400833129883,,,,,2.0,4.0,4.0
2025-08-05 17:37:17,1865.5418181818181,973.7309090909091,1457.8036363636365,29.342801896302262,94.43380527436611,958.4338606676445,10.0,8.114080429077148,,,,,2.0,4.0,4.0
2025-08-05 17:37:23,1865.5418181818181,975.5927272727274,1455.9418181818182,29.286156395450234,93.01711097870829,958.458061379434,10.0,8.096109390258789,,,,,2.0,3.0,3.0
2025-08-05 17:37:26,1865.5418181818181,977.4545454545455,1454.0800000000002,29.15741675175377,92.38994976687198,958.5104878678292,10.0,8.079351425170898,,,,,2.0,3.0,3.0
2025-08-05 17:37:32,1867.4036363636365,981.1781818181819,1455.9418181818182,29.11622010418796,91.96342816957481,958.4752984171786,10.0,8.068059921264648,,,,,2.0,4.0,4.0
2025-08-05 17:37:35,1869.2654545454548,983.0400000000001,1457.8036363636365,29.06987389794085,92.1374502994629,958.4875134045245,10.0,8.065776824951172,,,,,2.0,4.0,4.0
2025-08-05 17:37:41,1869.2654545454548,983.0400000000001,1454.0800000000002,29.044126015767688,91.71848289327349,958.4482473743897,10.0,8.06202220916748,,,,,3.0,4.0,4.0
2025-08-05 17:37:47,1871.1272727272728,981.1781818181819,1455.9418181818182,29.02867728995625,91.73989562479403,958.535199885403,10.0,8.0712308883667,,,,,3.0,4.0,4.0
2025-08-05 17:37:53,1872.989090909091,986.7636363636365,1457.8036363636365,28.915386714041233,91.4500347197808,958.4176636003731,10.0,8.052009582519531,,,,,3.0,4.0,4.0
2025-08-05 17:37:56,1874.8509090909092,992.3490909090909,1461.5272727272727,28.750600673258305,91.38571851561939,958.3872757349217,10.0,8.030975341796875,,,,,3.0,4.0,4.0
2025-08-05 17:38:02,1874.8509090909092,994.2109090909092,1457.8036363636365,28.730002439115196,91.50475317216963,958.4663161343478,10.0,8.02440357208252,,,,,3.0,4.0,4.0
2025-08-05 17:38:08,1878.5745454545456,992.3490909090909,1459.6654545454546,28.67335731923231,91.18664145511536,958.4351283333242,10.0,8.034921646118164,,,,,3.0,4.0,4.0
2025-08-05 17:38:14,1882.2981818181818,997.9345454545455,1463.389090909091,28.524020353797823,91.70144934911373,958.4005550932551,10.0,8.02386474609375,,,,,3.0,3.0,3.0
2025-08-05 17:38:20,1882.2981818181818,994.2109090909092,1461.5272727272727,28.457076276332373,92.40393278074721,958.381225990173,10.0,8.035930633544922,,,,,3.0,3.0,3.0
2025-08-05 17:38:26,1884.16,996.0727272727273,1461.5272727272727,28.338636875152588,93.24439366604115,958.3661013407783,10.0,8.035667419433594,,,,,3.0,4.0,4.0
2025-08-05 17:38:32,1882.2981818181818,994.2109090909092,1463.389090909091,28.338636875152588,93.63658565071526,958.4764946116344,10.0,8.037164688110352,,,,,2.0,4.0,4.0
2025-08-05 17:38:38,1884.16,992.3490909090909,1461.5272727272727,28.23049668679596,95.14021205683214,958.4218323473549,10.0,8.05224323272705,,,,,3.0,4.0,5.0
2025-08-05 17:38:44,1884.16,992.3490909090909,1463.389090909091,28.158403299195925,95.48892027837547,958.4497534509179,10.0,8.050610542297363,,,,,2.0,4.0,6.0
2025-08-05 17:38:50,1886.0218181818184,997.9345454545455,1465.2509090909093,28.039964286261238,95.49784468323736,958.3793124812228,10.0,8.035839080810547,,,,,2.0,4.0,6.0
2025-08-05 17:38:56,1886.0218181818184,999.7963636363637,1463.389090909091,27.92667493969202,95.77225329731668,958.3994451472327,10.0,8.027156829833984,,,,,2.0,5.0,6.0
2025-08-05 17:39:02,1887.8836363636362,999.7963636363637,1468.9745454545455,27.82883425374166,96.52034784373103,958.4155324953953,10.0,8.032875061035156,,,,,2.0,4.0,5.0
2025-08-05 17:39:08,1886.0218181818184,997.9345454545455,1463.389090909091,27.756741183955455,97.21933309538372,958.4433225460994,10.0,8.032647132873535,,,,,2.0,3.0,5.0
2025-08-05 17:39:11,1887.8836363636362,999.7963636363637,1468.9745454545455,27.803086722269654,97.66232378548678,958.4589449441534,10.0,8.037750244140625,,,,,2.0,3.0,3.0
2025-08-05 17:39:17,1886.0218181818184,988.6254545454545,1465.2509090909093,27.823684746865183,98.10212345274299,958.407669735616,10.0,8.06689739227295,,,,,3.0,5.0,5.0
2025-08-05 17:39:23,1884.16,988.6254545454545,1467.1127272727272,27.818535240279743,98.96427814207885,958.4549590171382,10.0,8.067111015319824,,,,,2.0,4.0,4.0
2025-08-05 17:39:29,1884.16,994.2109090909092,1465.2509090909093,27.700096669141203,99.12747285918688,958.4119663134312,10.0,8.045299530029297,,,,,2.0,4.0,5.0
2025-08-05 17:39:32,1884.16,997.9345454545455,1470.8363636363638,27.674349174048984,99.56109588883183,958.3450779007196,10.0,8.036690711975098,,,,,2.0,4.0,5.0
2025-08-05 17:39:38,1886.0218181818184,994.2109090909092,1468.9745454545455,27.643452189542586,100.0,958.3254660706305,10.0,8.054165840148926,,,,,3.0,5.0,7.0
2025-08-05 17:39:41,1886.0218181818184,996.0727272727273,1467.1127272727272,27.633153197035426,100.0,958.3924430662471,10.0,8.048108100891113,,,,,3.0,5.0,7.0
2025-08-05 17:39:47,1884.16,992.3490909090909,1465.2509090909093,27.823684746865183,100.0,958.3800935283059,10.0,8.063191413879395,,,,,2.0,5.0,6.0
2025-08-05 17:41:44,1887.8836363636362,1005.3818181818183,1470.8363636363638,27.715545169688994,100.0,958.3528430629123,10.0,8.032038688659668,,,,,3.0,3.0,3.0
2025-08-05 17:41:50,1889.7454545454545,1003.5200000000001,1470.8363636363638,27.612555215513567,100.0,958.3058523682075,10.0,8.039003372192383,,,,,3.0,4.0,4.0
2025-08-05 17:41:53,1889.7454545454545,1001.6581818181819,1470.8363636363638,27.597106732428074,100.0,958.3649609269767,10.0,8.04310131072998,,,,,3.0,4.0,4.0
2025-08-05 17:41:59,1893.4690909090912,1001.6581818181819,1470.8363636363638,27.6537511832139,100.0,958.3411931816246,10.0,8.057576179504395,,,,,3.0,4.0,4.0
2025-08-05 17:42:05,1891.6072727272729,1001.6581818181819,1470.8363636363638,27.6537511832139,100.0,958.4238999116895,10.0,8.051092147827148,,,,,3.0,3.0,3.0
2025-08-05 17:42:11,1887.8836363636362,999.7963636363637,1468.9745454545455,27.669199675903656,100.0,958.364784019715,10.0,8.045451164245605,,,,,3.0,4.0,4.0
2025-08-05 17:42:17,1889.7454545454545,999.7963636363637,1468.9745454545455,27.540462316857884,100.0,958.4438399819737,10.0,8.045299530029297,,,,,4.0,4.0,4.0
2025-08-05 17:42:23,1891.6072727272729,1001.6581818181819,1472.698181818182,27.53531282627955,100.0,958.4635385319853,10.0,8.045713424682617,,,,,4.0,5.0,5.0
2025-08-05 17:42:29,1889.7454545454545,996.0727272727273,1470.8363636363638,27.586807745159604,100.0,958.2941005157502,10.0,8.05863094329834,,,,,4.0,5.0,5.0
2025-08-05 17:42:35,1889.7454545454545,997.9345454545455,1470.8363636363638,27.607405720860697,100.0,958.3531225245065,10.0,8.053958892822266,,,,,4.0,5.0,5.0
2025-08-05 17:42:41,1891.6072727272729,1003.5200000000001,1472.698181818182,27.59195723864832,100.0,958.3570967068907,10.0,8.043703079223633,,,,,3.0,4.0,4.0
2025-08-05 17:42:47,1889.7454545454545,1001.6581818181819,1472.698181818182,27.53531282627955,100.0,958.4359746565581,10.0,8.03996467590332,,,,,2.0,3.0,3.0
2025-08-05 17:42:53,1889.7454545454545,1001.6581818181819,1470.8363636363638,27.545611807727255,100.0,958.3690124592852,10.0,8.040857315063477,,,,,2.0,3.0,3.0
2025-08-05 17:42:59,1891.6072727272729,1003.5200000000001,1478.2836363636366,27.86488081002608,100.0,958.4154164361322,10.0,8.055110931396484,,,,,2.0,3.0,3.0
2025-08-05 17:43:05,1889.7454545454545,999.7963636363637,1470.8363636363638,27.86488081002608,100.0,958.3878384563219,10.0,8.059684753417969,,,,,2.0,3.0,3.0
2025-08-05 17:43:11,1889.7454545454545,999.7963636363637,1472.698181818182,27.736143174493918,100.0,958.3842959417942,10.0,8.05414867401123,,,,,4.0,5.0,5.0
2025-08-05 17:43:17,1887.8836363636362,1005.3818181818183,1476.4218181818183,27.576508759055287,100.0,958.3059386302126,10.0,8.026336669921875,,,,,3.0,4.0,4.0
2025-08-05 17:43:23,1887.8836363636362,997.9345454545455,1472.698181818182,27.736143174493918,100.0,958.3842959417942,10.0,8.05337905883789,,,,,4.0,4.0,4.0
2025-08-05 17:43:29,1886.0218181818184,997.9345454545455,1472.698181818182,27.875179828726687,100.0,958.4311414381083,10.0,8.053139686584473,,,,,4.0,4.0,4.0
2025-08-05 17:43:32,1887.8836363636362,994.2109090909092,1470.8363636363638,27.839133268367732,100.0,958.4312580833556,10.0,8.06784439086914,,,,,4.0,5.0,5.0
2025-08-05 17:43:38,1886.0218181818184,997.9345454545455,1474.56,27.736143174493918,100.0,958.3842959417942,10.0,8.047445297241211,,,,,4.0,6.0,6.0
2025-08-05 17:43:44,1886.0218181818184,992.3490909090909,1472.698181818182,27.95757202024106,100.0,958.4190346576619,10.0,8.074541091918945,,,,,4.0,6.0,6.0
2025-08-05 17:43:50,1884.16,988.6254545454545,1470.8363636363638,28.240795746824006,100.0,958.4651456619846,10.0,8.09538745880127,,,,,3.0,4.0,4.0
2025-08-05 17:43:53,1884.16,990.4872727272729,1470.8363636363638,28.31288919961662,100.0,958.4923937107773,10.0,8.093171119689941,,,,,4.0,5.0,5.0
2025-08-05 17:43:59,1882.2981818181818,988.6254545454545,1470.8363636363638,28.441627650056034,100.0,958.4128593478172,10.0,8.101287841796875,,,,,3.0,4.0,4.0
2025-08-05 17:44:05,1880.4363636363637,986.7636363636365,1470.8363636363638,28.590964480448747,100.0,958.4474796655439,10.0,8.109639167785645,,,,,3.0,4.0,4.0
2025-08-05 17:44:08,1878.5745454545456,984.9018181818182,1468.9745454545455,28.50857171617099,100.0,958.404589774313,10.0,8.106684684753418,,,,,4.0,5.0,5.0
2025-08-05 17:44:14,1880.4363636363637,990.4872727272729,1470.8363636363638,28.457076276332373,100.0,958.4364327716601,10.0,8.091425895690918,,,,,4.0,6.0,6.0
2025-08-05 17:44:20,1876.7127272727273,986.7636363636365,1467.1127272727272,28.415879945416236,100.0,958.4287739945098,10.0,8.091269493103027,,,,,4.0,6.0,6.0
2025-08-05 17:44:26,1876.7127272727273,988.6254545454545,1468.9745454545455,28.292291064426536,100.0,958.4057633226618,10.0,8.07938289642334,,,,,4.0,6.0,7.0
2025-08-05 17:44:32,1876.7127272727273,986.7636363636365,1468.9745454545455,28.261393870372558,100.0,958.3862051167677,10.0,8.083660125732422,,,,,5.0,6.0,7.0
2025-08-05 17:44:38,1874.8509090909092,983.0400000000001,1467.1127272727272,28.47767444877536,100.0,958.412655726701,10.0,8.101217269897461,,,,,4.0,6.0,7.0
2025-08-05 17:44:44,1872.989090909091,981.1781818181819,1465.2509090909093,28.415879945416236,100.0,958.4287739945098,10.0,8.098888397216797,,,,,4.0,6.0,7.0
2025-08-05 17:44:50,1876.7127272727273,990.4872727272729,1467.1127272727272,28.13265567459166,100.0,958.4380413218105,10.0,8.0652494430542,,,,,3.0,5.0,5.0
2025-08-05 17:44:56,1876.7127272727273,990.4872727272729,1468.9745454545455,28.081160447211005,100.0,958.4697866029763,10.0,8.062383651733398,,,,,3.0,4.0,4.0
2025-08-05 17:45:02,1878.5745454545456,992.3490909090909,1468.9745454545455,28.039964286261238,100.0,958.4620689923873,10.0,8.059374809265137,,,,,3.0,5.0,5.0
2025-08-05 17:45:08,1878.5745454545456,988.6254545454545,1465.2509090909093,28.07601092607365,100.0,958.4067513250661,10.0,8.073060989379883,,,,,3.0,5.0,6.0
2025-08-05 17:45:14,1878.5745454545456,988.6254545454545,1467.1127272727272,28.045113805361325,100.0,958.4699304451049,10.0,8.071023941040039,,,,,3.0,5.0,7.0
2025-08-05 17:45:20,1878.5745454545456,986.7636363636365,1463.389090909091,27.942123478656868,100.0,958.4506121061772,10.0,8.071598052978516,,,,,4.0,6.0,7.0
2025-08-05 17:45:26,1880.4363636363637,992.3490909090909,1467.1127272727272,27.756741183955455,100.0,958.4708959248238,10.0,8.049564361572266,,,,,4.0,5.0,7.0
2025-08-05 17:56:35,1880.4363636363637,984.9018181818182,1461.5272727272727,26.89677825011313,100.0,958.6449101580063,10.0,8.02780818939209,,,,,4.0,6.0,8.0
2025-08-05 17:56:41,1880.4363636363637,983.0400000000001,1463.389090909091,27.10790612283745,100.0,958.5820482955685,10.0,8.044105529785156,,,,,4.0,6.0,8.0
2025-08-05 17:56:47,1876.7127272727273,981.1781818181819,1461.5272727272727,27.020365238189697,100.0,958.5859714483006,10.0,8.035771369934082,,,,,4.0,6.0,8.0
2025-08-05 17:56:53,1878.5745454545456,983.0400000000001,1463.389090909091,26.87103098203079,100.0,958.6606205711967,10.0,8.026630401611328,,,,,4.0,6.0,6.0
2025-08-05 17:56:56,1880.4363636363637,983.0400000000001,1461.5272727272727,26.850433172803605,100.0,958.6841999794888,10.0,8.030701637268066,,,,,4.0,6.0,6.0
2025-08-05 17:57:02,1878.5745454545456,981.1781818181819,1461.5272727272727,26.798938670108328,100.0,958.6330048037873,10.0,8.02885627746582,,,,,4.0,6.0,6.0
2025-08-05 17:57:08,1880.4363636363637,981.1781818181819,1463.389090909091,26.81953646769398,100.0,958.6644964627787,10.0,8.034667015075684,,,,,4.0,5.0,5.0
2025-08-05 17:57:14,1876.7127272727273,979.3163636363637,1459.6654545454546,26.74744419651688,100.0,958.6643980568631,10.0,8.026942253112793,,,,,5.0,6.0,6.0
2025-08-05 17:57:20,1878.5745454545456,973.7309090909091,1461.5272727272727,26.731995860114694,100.0,958.7233662806052,10.0,8.047645568847656,,,,,5.0,7.0,7.0
2025-08-05 17:57:26,1876.7127272727273,970.0072727272727,1457.8036363636365,26.726846415229375,100.0,958.6604334177437,10.0,8.0545015335083,,,,,4.0,5.0,5.0
2025-08-05 17:57:32,1874.8509090909092,977.4545454545455,1457.8036363636365,26.680501424358226,100.0,958.7272080810135,10.0,8.024005889892578,,,,,4.0,6.0,6.0
2025-08-05 17:57:38,1878.5745454545456,986.7636363636365,1461.5272727272727,26.592960950365523,100.0,958.7034377323106,10.0,8.00318717956543,,,,,5.0,6.0,8.0
2025-08-05 17:57:44,1878.5745454545456,990.4872727272729,1459.6654545454546,26.562064332567388,100.0,958.683709826137,10.0,7.99165153503418,,,,,4.0,6.0,9.0
2025-08-05 17:57:50,1880.4363636363637,990.4872727272729,1459.6654545454546,26.531167725246632,100.0,958.6639800664404,10.0,7.996387958526611,,,,,3.0,5.0,9.0
2025-08-05 17:57:56,1882.2981818181818,992.3490909090909,1463.389090909091,26.623857578641037,100.0,958.6681138814087,10.0,8.001128196716309,,,,,4.0,6.0,11.0
2025-08-05 17:58:02,1884.16,992.3490909090909,1461.5272727272727,26.598110387683846,100.0,958.7113128458474,10.0,8.005668640136719,,,,,4.0,6.0,9.0
2025-08-05 17:58:08,1882.2981818181818,992.3490909090909,1459.6654545454546,26.541466593189398,100.0,958.6522092622363,10.0,7.997675895690918,,,,,4.0,6.0,7.0
2025-08-05 17:58:14,1882.2981818181818,996.0727272727273,1463.389090909091,26.592960950365523,100.0,958.6483905060308,10.0,7.989592552185059,,,,,3.0,5.0,6.0
2025-08-05 17:58:20,1880.4363636363637,988.6254545454545,1461.5272727272727,26.562064332567388,100.0,958.656187541996,10.0,8.002933502197266,,,,,4.0,5.0,6.0
2025-08-05 17:58:26,1882.2981818181818,986.7636363636365,1461.5272727272727,26.531167725246632,100.0,958.719022014196,10.0,8.01227855682373,,,,,4.0,5.0,6.0
2025-08-05 18:00:26,1869.2654545454548,955.1127272727273,1442.909090909091,26.51571942551527,100.0,958.805476347785,10.0,8.06931209564209,,,,,13.0,19.0,20.0
2025-08-05 18:00:32,1869.2654545454548,958.8363636363637,1444.770909090909,26.484822833910584,100.0,958.8407745866105,10.0,8.056039810180664,,,,,10.0,15.0,16.0
2025-08-05 18:00:38,1865.5418181818181,940.2181818181818,1435.4618181818184,26.335489455523202,100.0,958.8874748171057,10.0,8.09568977355957,,,,,7.0,11.0,11.0
2025-08-05 18:00:44,1863.68,953.2509090909092,1435.4618181818184,26.057421058329055,100.0,958.8745700772986,10.0,8.036737442016602,,,,,6.0,10.0,10.0
2025-08-05 18:00:51,1863.68,968.1454545454546,1437.3236363636363,25.835996830486692,100.0,958.8931029005514,10.0,7.9795098304748535,,,,,5.0,8.0,9.0
2025-08-05 18:00:54,1863.68,968.1454545454546,1433.6000000000001,25.738158389605815,100.0,958.908257841662,10.0,7.974388599395752,,,,,4.0,6.0,7.0
2025-08-05 18:01:00,1863.68,958.8363636363637,1429.8763636363635,25.820548648625845,100.0,958.7869830504554,10.0,8.008076667785645,,,,,4.0,6.0,8.0
2025-08-05 18:01:06,1861.818181818182,951.3890909090909,1428.0145454545457,25.928685976658016,100.0,958.8700238336645,10.0,8.031128883361816,,,,,5.0,7.0,8.0
2025-08-05 18:01:12,1856.2327272727275,953.2509090909092,1428.0145454545457,25.90293898215168,100.0,958.8856034692659,10.0,8.009668350219727,,,,,4.0,7.0,8.0
2025-08-05 18:01:18,1856.2327272727275,960.6981818181819,1426.1527272727274,25.815399255254306,100.0,958.9165530366782,10.0,7.982084274291992,,,,,5.0,8.0,8.0
2025-08-05 18:01:21,1858.0945454545456,960.6981818181819,1426.1527272727274,25.789652292762185,100.0,958.9596059363597,10.0,7.985221862792969,,,,,5.0,8.0,8.0
2025-08-05 18:01:27,1858.0945454545456,971.869090909091,1428.0145454545457,25.480689310381422,100.0,958.8987694217224,10.0,7.935516834259033,,,,,5.0,7.0,7.0
2025-08-05 18:01:33,1858.0945454545456,968.1454545454546,1426.1527272727274,25.377701882418478,100.0,958.9058918092039,10.0,7.941625118255615,,,,,5.0,6.0,6.0
2025-08-05 18:01:36,1859.9563636363637,968.1454545454546,1424.290909090909,25.413747468963265,100.0,959.0160442908978,10.0,7.9474406242370605,,,,,5.0,7.0,7.0
2025-08-05 18:01:42,1859.9563636363637,971.869090909091,1424.290909090909,25.187175447586924,100.0,958.9162058431222,10.0,7.925120830535889,,,,,5.0,7.0,7.0
2025-08-05 18:01:48,1861.818181818182,971.869090909091,1422.429090909091,25.053292245254852,100.0,958.9582432613751,10.0,7.922885894775391,,,,,6.0,8.0,8.0
2025-08-05 18:01:54,1861.818181818182,975.5927272727274,1424.290909090909,24.883363848697627,100.0,959.0273085567538,10.0,7.904751777648926,,,,,6.0,8.0,8.0
2025-08-05 18:02:00,1863.68,979.3163636363637,1424.290909090909,24.65164381871,100.0,959.0563869431362,10.0,7.890150547027588,,,,,6.0,8.0,8.0
2025-08-05 18:02:06,1867.4036363636365,983.0400000000001,1426.1527272727274,24.47141753617325,100.0,958.9721595321112,10.0,7.884459018707275,,,,,6.0,8.0,8.0
2025-08-05 18:02:12,1867.4036363636365,984.9018181818182,1428.0145454545457,24.234549249900738,100.0,958.9381224230598,10.0,7.877452373504639,,,,,4.0,7.0,8.0
2025-08-05 18:02:18,1869.2654545454548,983.0400000000001,1426.1527272727274,24.167608324089088,100.0,958.9177383774611,10.0,7.895536422729492,,,,,4.0,6.0,7.0
2025-08-05 18:02:24,1871.1272727272728,984.9018181818182,1429.8763636363635,24.090368855424458,100.0,958.9912140501223,10.0,7.903045177459717,,,,,4.0,6.0,7.0
2025-08-05 18:02:30,1869.2654545454548,979.3163636363637,1424.290909090909,24.002830870100297,100.0,958.9940259191388,10.0,7.912310600280762,,,,,4.0,6.0,7.0
2025-08-05 18:02:36,1869.2654545454548,979.3163636363637,1426.1527272727274,23.915292968886206,100.0,958.9419888686944,10.0,7.915262222290039,,,,,4.0,6.0,6.0
2025-08-05 18:02:42,1867.4036363636365,975.5927272727274,1424.290909090909,23.863800125109265,100.0,958.9726337400393,10.0,7.917796611785889,,,,,5.0,6.0,6.0
2025-08-05 18:02:48,1865.5418181818181,962.5600000000001,1420.567272727273,23.88439725912758,100.0,958.9768222537023,10.0,7.9454193115234375,,,,,5.0,6.0,6.0
2025-08-05 18:02:54,1865.5418181818181,971.869090909091,1422.429090909091,23.812307310436154,100.0,958.9758586599569,10.0,7.920307159423828,,,,,5.0,6.0,6.0
2025-08-05 18:03:00,1865.5418181818181,975.5927272727274,1422.429090909091,23.786560914013535,100.0,959.0185723227542,10.0,7.910208225250244,,,,,5.0,6.0,6.0
2025-08-05 18:03:03,1869.2654545454548,981.1781818181819,1426.1527272727274,23.678426128491992,100.0,958.962273209255,10.0,7.9178924560546875,,,,,5.0,6.0,6.0
2025-08-05 18:03:06,1869.2654545454548,981.1781818181819,1422.429090909091,23.596037806622917,100.0,958.9180561366983,10.0,7.920673847198486,,,,,4.0,6.0,6.0
2025-08-05 18:03:12,1869.2654545454548,983.0400000000001,1422.429090909091,23.678426128491992,100.0,958.9348743420222,10.0,7.912346363067627,,,,,3.0,5.0,5.0
2025-08-05 18:03:18,1871.1272727272728,981.1781818181819,1426.1527272727274,23.63723195824423,100.0,959.0908508843818,10.0,7.929741859436035,,,,,5.0,6.0,6.0
2025-08-05 18:03:24,1869.2654545454548,975.5927272727274,1426.1527272727274,23.529097349965014,100.0,959.0070967069888,10.0,7.939619064331055,,,,,4.0,5.0,5.0
2025-08-05 18:03:30,1869.2654545454548,958.8363636363637,1424.290909090909,23.729918867495144,100.0,958.9864760227078,10.0,7.982359409332275,,,,,4.0,5.0,5.0
2025-08-05 18:03:36,1871.1272727272728,968.1454545454546,1422.429090909091,23.683575401082635,100.0,958.9975727147834,10.0,7.96666955947876,,,,,4.0,6.0,6.0
2025-08-05 18:03:42,1871.1272727272728,979.3163636363637,1426.1527272727274,23.606336342782015,100.0,959.0160449028959,10.0,7.936236381530762,,,,,5.0,7.0,7.0
2025-08-05 18:03:45,1871.1272727272728,983.0400000000001,1424.290909090909,23.487903247238137,100.0,958.998663549761,10.0,7.929249286651611,,,,,5.0,7.0,7.0
2025-08-05 18:03:51,1871.1272727272728,984.9018181818182,1424.290909090909,23.364321050816216,100.0,958.9733306633597,10.0,7.927948951721191,,,,,5.0,6.0,6.0
2025-08-05 18:03:57,1872.989090909091,977.4545454545455,1424.290909090909,23.359171796269948,100.0,958.992812948233,10.0,7.960509300231934,,,,,6.0,8.0,8.0
2025-08-05 18:04:03,1871.1272727272728,981.1781818181819,1424.290909090909,23.493052509060362,100.0,958.9517838480949,10.0,7.934540748596191,,,,,4.0,6.0,6.0
2025-08-05 18:06:00,1858.0945454545456,970.0072727272727,1413.1200000000001,23.142903368134284,100.0,959.2084213701361,10.0,7.90787410736084,,,,,4.0,8.0,8.0
2025-08-05 18:06:06,1858.0945454545456,977.4545454545455,1414.9818181818182,23.009023169899592,100.0,959.1670795953197,10.0,7.890356063842773,,,,,5.0,8.0,8.0
2025-08-05 18:06:12,1863.68,981.1781818181819,1420.567272727273,22.967829302331666,100.0,959.1859275260073,10.0,7.91164493560791,,,,,5.0,7.0,7.0
2025-08-05 18:06:18,1863.68,983.0400000000001,1414.9818181818182,22.808203241438605,100.0,959.1323294323593,10.0,7.911540985107422,,,,,5.0,7.0,7.0
2025-08-05 18:06:24,1865.5418181818181,977.4545454545455,1416.8436363636363,22.89059085084591,100.0,959.1494090846587,10.0,7.935581207275391,,,,,5.0,7.0,7.0
2025-08-05 18:06:30,1863.68,973.7309090909091,1416.8436363636363,22.761860243888805,100.0,959.1705919118721,10.0,7.940762042999268,,,,,5.0,7.0,7.0
2025-08-05 18:06:36,1861.818181818182,970.0072727272727,1416.8436363636363,22.69492040015757,100.0,959.2319146547078,10.0,7.943863868713379,,,,,6.0,8.0,11.0
2025-08-05 18:06:42,1861.818181818182,973.7309090909091,1413.1200000000001,22.674323535058647,100.0,959.2549857144128,10.0,7.933566570281982,,,,,6.0,8.0,10.0
2025-08-05 18:06:48,1858.0945454545456,971.869090909091,1414.9818181818182,22.710368052037666,100.0,959.2009305147046,10.0,7.917193412780762,,,,,6.0,8.0,12.0
2025-08-05 18:06:54,1858.0945454545456,970.0072727272727,1414.9818181818182,22.89059085084591,100.0,959.2588702407847,10.0,7.91658878326416,,,,,6.0,8.0,12.0
2025-08-05 18:07:00,1858.0945454545456,970.0072727272727,1411.2581818181818,22.79790479550138,100.0,959.3080415536027,10.0,7.919817924499512,,,,,5.0,7.0,8.0
2025-08-05 18:07:06,1858.0945454545456,968.1454545454546,1413.1200000000001,22.972978534759022,100.0,959.2212041543753,10.0,7.91923713684082,,,,,5.0,7.0,9.0
2025-08-05 18:07:12,1856.2327272727275,964.4218181818183,1411.2581818181818,23.240739022032358,100.0,959.2491300690731,10.0,7.91081428527832,,,,,5.0,7.0,7.0
2025-08-05 18:07:18,1856.2327272727275,964.4218181818183,1409.3963636363637,23.07081400617608,100.0,959.3440884370301,10.0,7.916750431060791,,,,,5.0,7.0,7.0
2025-08-05 18:07:21,1858.0945454545456,973.7309090909091,1414.9818181818182,22.942083144560456,100.0,959.2832263716166,10.0,7.903813362121582,,,,,5.0,7.0,7.0
2025-08-05 18:07:24,1856.2327272727275,973.7309090909091,1411.2581818181818,22.92663545339019,100.0,959.2595000847934,10.0,7.89402437210083,,,,,5.0,6.0,6.0
2025-08-05 18:07:30,1859.9563636363637,975.5927272727274,1413.1200000000001,22.895740078907693,100.0,959.26677925446,10.0,7.910167694091797,,,,,4.0,6.0,6.0
2025-08-05 18:07:36,1856.2327272727275,970.0072727272727,1407.5345454545454,22.875143168406794,100.0,959.2898726837951,10.0,7.906855583190918,,,,,5.0,6.0,6.0
2025-08-05 18:07:42,1858.0945454545456,964.4218181818183,1411.2581818181818,23.168649582657963,100.0,959.2753319795563,10.0,7.923614501953125,,,,,4.0,6.0,7.0
2025-08-05 18:07:48,1856.2327272727275,968.1454545454546,1411.2581818181818,23.1943958044576,100.0,959.3422454904106,10.0,7.901473522186279,,,,,5.0,7.0,8.0
2025-08-05 18:07:54,1854.3709090909092,964.4218181818183,1409.3963636363637,23.137754126102664,100.0,959.255266556512,10.0,7.9040632247924805,,,,,6.0,9.0,10.0
2025-08-05 18:08:00,1854.3709090909092,964.4218181818183,1407.5345454545454,23.106858680024743,100.0,959.3446977841974,10.0,7.905219078063965,,,,,5.0,8.0,10.0
2025-08-05 18:08:06,1854.3709090909092,968.1454545454546,1409.3963636363637,23.065664768218994,100.0,959.308807285328,10.0,7.895563125610352,,,,,6.0,8.0,9.0
2025-08-05 18:08:12,1854.3709090909092,970.0072727272727,1407.5345454545454,23.12230640175403,100.0,959.3684219521207,10.0,7.888164520263672,,,,,6.0,9.0,10.0
2025-08-05 18:08:18,1854.3709090909092,970.0072727272727,1407.5345454545454,23.2304405272007,100.0,959.3154574403928,10.0,7.884396553039551,,,,,6.0,8.0,9.0
2025-08-05 18:08:24,1856.2327272727275,970.0072727272727,1411.2581818181818,23.513649559259648,100.0,959.3942705995108,10.0,7.885060787200928,,,,,4.0,7.0,7.0
2025-08-05 18:08:30,1854.3709090909092,970.0072727272727,1409.3963636363637,23.369470305653522,100.0,959.282476913146,10.0,7.879586696624756,,,,,4.0,7.0,7.0
2025-08-05 18:08:36,1854.3709090909092,964.4218181818183,1407.5345454545454,23.343724034377374,100.0,959.3251042483685,10.0,7.897065162658691,,,,,4.0,6.0,7.0
2025-08-05 18:08:42,1850.647272727273,964.4218181818183,1409.3963636363637,23.245888269884745,100.0,959.3117973899878,10.0,7.879820346832275,,,,,5.0,7.0,8.0
2025-08-05 18:08:48,1850.647272727273,962.5600000000001,1403.8109090909093,23.142903368134284,100.0,959.4000545254852,10.0,7.88897180557251,,,,,5.0,7.0,8.0
2025-08-05 18:08:54,1852.509090909091,968.1454545454546,1405.6727272727273,23.060515530552948,100.0,959.38301723689,10.0,7.885524749755859,,,,,6.0,8.0,9.0
2025-08-05 18:09:00,1852.509090909091,970.0072727272727,1405.6727272727273,23.20984354102984,100.0,959.3659675414821,10.0,7.874864101409912,,,,,6.0,9.0,10.0
2025-08-05 18:09:06,1852.509090909091,964.4218181818183,1403.8109090909093,23.0914109609148,100.0,959.4030958359361,10.0,7.895516872406006,,,,,7.0,11.0,11.0
2025-08-05 18:09:12,1852.509090909091,966.2836363636363,1405.6727272727273,22.993575467378832,100.0,959.4170552738079,10.0,7.893374919891357,,,,,8.0,12.0,13.0
2025-08-05 18:09:18,1850.647272727273,956.9745454545455,1403.8109090909093,22.957530838350067,100.0,959.3890576451666,10.0,7.911874771118164,,,,,8.0,11.0,15.0
2025-08-05 18:09:24,1845.0618181818181,953.2509090909092,1403.8109090909093,22.916336994065205,100.0,959.3531485081143,10.0,7.893391132354736,,,,,9.0,12.0,15.0
2025-08-05 18:09:27,1845.0618181818181,953.2509090909092,1401.949090909091,22.895740078907693,100.0,959.4036072457649,10.0,7.894155025482178,,,,,7.0,10.0,14.0
2025-08-05 18:09:30,1846.9236363636364,955.1127272727273,1401.949090909091,22.993575467378832,100.0,959.389685438542,10.0,7.895563125610352,,,,,8.0,11.0,15.0
2025-08-05 18:09:36,1845.0618181818181,958.8363636363637,1403.8109090909093,22.88029239559546,100.0,959.4893369063976,10.0,7.878231048583984,,,,,8.0,11.0,13.0
2025-08-05 18:09:42,1846.9236363636364,960.6981818181819,1405.6727272727273,22.818501688539982,100.0,959.4764939738131,10.0,7.885117053985596,,,,,8.0,11.0,11.0
2025-08-05 18:17:21,1867.4036363636365,988.6254545454545,1411.2581818181818,18.766152655152837,100.0,961.4688294467759,10.0,8.056885719299316,,,,,6.0,9.0,9.0
2025-08-05 18:17:27,1867.4036363636365,986.7636363636365,1407.5345454545454,18.69921574741602,100.0,961.5284883480057,10.0,8.064767837524414,,,,,5.0,8.0,8.0
2025-08-05 18:17:33,1867.4036363636365,988.6254545454545,1411.2581818181818,18.71466272175894,100.0,961.5251805306514,10.0,8.058714866638184,,,,,6.0,8.0,8.0
2025-08-05 18:17:39,1867.4036363636365,984.9018181818182,1411.2581818181818,18.766152655152837,100.0,961.6047810056986,10.0,8.068068504333496,,,,,6.0,9.0,9.0
2025-08-05 18:17:45,1863.68,979.3163636363637,1409.3963636363637,18.79189763276372,100.0,961.5086250553701,10.0,8.063040733337402,,,,,6.0,9.0,9.0
2025-08-05 18:17:51,1863.68,981.1781818181819,1409.3963636363637,18.781599640846252,100.0,961.5470886534243,10.0,8.057918548583984,,,,,5.0,8.0,8.0
2025-08-05 18:17:57,1863.68,983.0400000000001,1407.5345454545454,18.694066756550455,100.0,961.6292773199536,10.0,8.055502891540527,,,,,5.0,9.0,9.0
2025-08-05 18:18:03,1863.68,988.6254545454545,1407.5345454545454,18.632278888864676,100.0,961.6696712172119,10.0,8.041111946105957,,,,,6.0,10.0,12.0
2025-08-05 18:18:09,1867.4036363636365,997.9345454545455,1413.1200000000001,18.477809403004358,100.0,961.6210770873907,10.0,8.039362907409668,,,,,5.0,10.0,11.0
2025-08-05 18:18:12,1869.2654545454548,996.0727272727273,1411.2581818181818,18.467511446593562,100.0,961.6595073379536,10.0,8.055581092834473,,,,,6.0,10.0,11.0
2025-08-05 18:18:18,1869.2654545454548,994.2109090909092,1409.3963636363637,18.426319632591913,100.0,961.7045084068191,10.0,8.062553405761719,,,,,6.0,9.0,11.0
2025-08-05 18:18:24,1871.1272727272728,992.3490909090909,1405.6727272727273,18.498405319318408,100.0,961.7616432158518,10.0,8.07595443725586,,,,,5.0,9.0,11.0
2025-08-05 18:18:30,1871.1272727272728,997.9345454545455,1411.2581818181818,18.477809403004358,100.0,961.8656801427883,10.0,8.060223579406738,,,,,5.0,7.0,8.0
2025-08-05 18:18:36,1872.989090909091,997.9345454545455,1413.1200000000001,18.400574758299626,100.0,961.77339000377,10.0,8.07306957244873,,,,,5.0,7.0,8.0
2025-08-05 18:18:42,1871.1272727272728,999.7963636363637,1411.2581818181818,18.302744302345673,100.0,961.8937785884907,10.0,8.060748100280762,,,,,5.0,8.0,8.0
2025-08-05 18:18:48,1876.7127272727273,1003.5200000000001,1414.9818181818182,18.297595333890058,100.0,961.8314715350131,10.0,8.080706596374512,,,,,6.0,8.0,8.0
2025-08-05 18:18:51,1872.989090909091,997.9345454545455,1413.1200000000001,18.35938297456596,100.0,961.899887700748,10.0,8.074620246887207,,,,,6.0,9.0,9.0
2025-08-05 18:18:57,1874.8509090909092,990.4872727272729,1411.2581818181818,18.71466272175894,100.0,961.8786273941063,10.0,8.094771385192871,,,,,7.0,9.0,9.0
2025-08-05 18:19:03,1872.989090909091,988.6254545454545,1411.2581818181818,18.62712990178261,100.0,961.9063702761854,10.0,8.09303092956543,,,,,6.0,10.0,11.0
2025-08-05 18:19:09,1871.1272727272728,990.4872727272729,1413.1200000000001,18.68891776597593,100.0,961.9747497881305,10.0,8.075170516967773,,,,,7.0,10.0,11.0
2025-08-05 18:23:00,1843.2000000000003,973.7309090909091,1396.3636363636365,19.718721672543325,100.0,962.4787719924478,10.0,7.93560266494751,,,,,8.0,13.0,13.0
2025-08-05 18:23:06,1845.0618181818181,971.869090909091,1396.3636363636365,19.579697465436766,100.0,962.4272111119063,10.0,7.956130027770996,,,,,8.0,12.0,13.0
2025-08-05 18:23:09,1843.2000000000003,971.869090909091,1396.3636363636365,19.51275995990727,100.0,962.4598370458796,10.0,7.948168754577637,,,,,8.0,12.0,13.0
2025-08-05 18:23:15,1848.7854545454547,970.0072727272727,1398.2254545454548,19.58484650636092,100.0,962.4079459970167,10.0,7.982040882110596,,,,,8.0,12.0,15.0
2025-08-05 18:23:21,1848.7854545454547,971.869090909091,1398.2254545454548,19.58999554757611,100.0,962.4159066154873,10.0,7.976353645324707,,,,,8.0,12.0,14.0
2025-08-05 18:23:27,1848.7854545454547,973.7309090909091,1398.2254545454548,19.641485975735122,100.0,962.4682858666185,10.0,7.969130039215088,,,,,7.0,15.0,18.0
2025-08-05 18:23:33,1850.647272727273,970.0072727272727,1396.3636363636365,19.713572624052176,100.0,962.4163489269476,10.0,7.987926483154297,,,,,7.0,16.0,19.0
2025-08-05 18:23:39,1846.9236363636364,968.1454545454546,1396.3636363636365,19.826851758087287,100.0,962.4552867428641,10.0,7.969009876251221,,,,,7.0,15.0,18.0
2025-08-05 18:23:45,1846.9236363636364,964.4218181818183,1392.64,19.832000812981278,100.0,962.4904824468003,10.0,7.97990608215332,,,,,7.0,13.0,14.0
2025-08-05 18:23:51,1845.0618181818181,970.0072727272727,1394.5018181818182,19.4561205705686,100.0,962.3994816075635,10.0,7.965860366821289,,,,,7.0,11.0,13.0
2025-08-05 18:23:57,1848.7854545454547,971.869090909091,1396.3636363636365,19.3685870381305,100.0,962.4546561025693,10.0,7.984001159667969,,,,,6.0,9.0,12.0
2025-08-05 18:24:03,1852.509090909091,964.4218181818183,1394.5018181818182,19.363438009429956,100.0,962.4194770043365,10.0,8.0267972946167,,,,,6.0,7.0,9.0
2025-08-05 18:24:09,1856.2327272727275,983.0400000000001,1396.3636363636365,19.14203005062882,100.0,962.430808200626,10.0,7.999828338623047,,,,,7.0,8.0,12.0
2025-08-05 18:24:15,1863.68,994.2109090909092,1401.949090909091,19.08024187909905,100.0,962.4168529629083,10.0,8.010011672973633,,,,,7.0,9.0,13.0
2025-08-05 18:24:21,1865.5418181818181,990.4872727272729,1398.2254545454548,19.049347809050232,100.0,962.3690662631275,10.0,8.032349586486816,,,,,7.0,9.0,12.0
2025-08-05 18:24:27,1865.5418181818181,990.4872727272729,1403.8109090909093,19.095688918052474,100.0,962.4679517007842,10.0,8.030868530273438,,,,,6.0,8.0,9.0
2025-08-05 18:24:33,1865.5418181818181,990.4872727272729,1405.6727272727273,19.167775134468684,100.0,962.470629412781,10.0,8.02839469909668,,,,,6.0,8.0,10.0
2025-08-05 18:24:36,1865.5418181818181,988.6254545454545,1403.8109090909093,19.11628497406491,100.0,962.4453994236725,10.0,8.035650253295898,,,,,6.0,8.0,8.0
2025-08-05 18:24:42,1865.5418181818181,981.1781818181819,1401.949090909091,19.20896728374646,100.0,962.3982953452712,10.0,8.054487228393555,,,,,5.0,7.0,7.0
2025-08-05 18:24:48,1863.68,981.1781818181819,1403.8109090909093,19.234712386503816,100.0,962.3564798521267,10.0,8.043261528015137,,,,,6.0,9.0,10.0
2025-08-05 18:24:54,1861.818181818182,973.7309090909091,1403.8109090909093,19.394332185998792,100.0,962.3855984882364,10.0,8.049589157104492,,,,,7.0,10.0,11.0
2025-08-05 18:24:57,1863.68,968.1454545454546,1400.0872727272726,19.466418638738105,100.0,962.4970673640701,10.0,8.074084281921387,,,,,7.0,11.0,12.0
2025-08-05 18:25:03,1859.9563636363637,968.1454545454546,1400.0872727272726,19.53335611021612,100.0,962.3827886458054,10.0,8.051068305969238,,,,,8.0,12.0,13.0
2025-08-05 18:25:09,1859.9563636363637,968.1454545454546,1403.8109090909093,19.692976432997966,100.0,962.4662020654902,10.0,8.045686721801758,,,,,9.0,12.0,15.0
2025-08-05 18:25:15,1856.2327272727275,964.4218181818183,1400.0872727272726,19.852597035467625,100.0,962.3861331884219,10.0,8.030562400817871,,,,,8.0,11.0,13.0
2025-08-05 18:25:18,1854.3709090909092,962.5600000000001,1398.2254545454548,19.898938553087646,100.0,962.4305202447658,10.0,8.024237632751465,,,,,8.0,11.0,13.0
2025-08-05 18:25:24,1856.2327272727275,973.7309090909091,1400.0872727272726,19.523058034479618,100.0,962.3668671184427,10.0,8.014264106750488,,,,,7.0,10.0,12.0
2025-08-05 18:25:27,1856.2327272727275,981.1781818181819,1400.0872727272726,19.399481216445565,100.0,962.3119065130867,10.0,7.996376991271973,,,,,7.0,11.0,12.0
2025-08-05 18:25:33,1859.9563636363637,984.9018181818182,1400.0872727272726,19.311947738431627,100.0,962.4214970997836,10.0,8.009056091308594,,,,,8.0,12.0,13.0
2025-08-05 18:25:39,1859.9563636363637,984.9018181818182,1398.2254545454548,19.2862026138464,100.0,962.381683422349,10.0,8.009894371032715,,,,,8.0,12.0,12.0
2025-08-05 18:25:45,1859.9563636363637,992.3490909090909,1400.0872727272726,19.13688103473396,100.0,962.42284403861,10.0,7.9929986000061035,,,,,7.0,12.0,13.0
2025-08-05 18:25:51,1863.68,992.3490909090909,1401.949090909091,19.059645831235684,100.0,962.3033848267643,10.0,8.016109466552734,,,,,7.0,11.0,12.0
2025-08-05 18:25:57,1867.4036363636365,992.3490909090909,1403.8109090909093,19.044198798394063,100.0,962.3338991560881,10.0,8.037264823913574,,,,,7.0,11.0,12.0
2025-08-05 18:26:03,1865.5418181818181,990.4872727272729,1403.8109090909093,19.028751768171787,100.0,962.3644110926296,10.0,8.033048629760742,,,,,7.0,10.0,12.0
2025-08-05 18:26:09,1867.4036363636365,996.0727272727273,1405.6727272727273,18.992708707839483,100.0,962.3630614180619,10.0,8.028033256530762,,,,,7.0,10.0,12.0
2025-08-05 18:26:15,1869.2654545454548,997.9345454545455,1405.6727272727273,18.946367651224136,100.0,962.2913797489435,10.0,8.034318923950195,,,,,7.0,10.0,12.0
2025-08-05 18:26:21,1871.1272727272728,999.7963636363637,1405.6727272727273,18.848536609119037,100.0,962.2760303713032,10.0,8.042437553405762,,,,,6.0,9.0,11.0
2025-08-05 18:26:27,1874.8509090909092,1007.2436363636364,1411.2581818181818,18.766152655152837,100.0,962.2845456535192,10.0,8.043795585632324,,,,,6.0,9.0,9.0
2025-08-05 18:26:33,1876.7127272727273,1007.2436363636364,1411.2581818181818,18.771301650092937,100.0,962.2653204586185,10.0,8.053897857666016,,,,,6.0,9.0,9.0
2025-08-05 18:26:39,1876.7127272727273,1001.6581818181819,1411.2581818181818,18.941218646388734,100.0,962.2834152534749,10.0,8.0646333694458,,,,,6.0,8.0,8.0
2025-08-05 18:52:58,1869.2654545454548,990.4872727272729,1413.1200000000001,19.05449681999744,100.0,961.9417816042281,10.0,8.052289009094238,,,,,7.0,9.0,11.0
2025-08-05 18:53:01,1867.4036363636365,984.9018181818182,1413.1200000000001,19.039049788028933,100.0,961.945101617531,10.0,8.059081077575684,,,,,7.0,9.0,11.0
2025-08-05 18:53:07,1871.1272727272728,992.3490909090909,1414.9818181818182,19.003006723622093,100.0,961.9981786258958,10.0,8.058900833129883,,,,,7.0,9.0,9.0
2025-08-05 18:53:13,1869.2654545454548,994.2109090909092,1418.7054545454546,18.951516656350577,100.0,961.9457620180333,10.0,8.044794082641602,,,,,7.0,9.0,9.0
2025-08-05 18:53:19,1869.2654545454548,981.1781818181819,1413.1200000000001,19.05449681999744,100.0,961.9417816042281,10.0,8.079873085021973,,,,,8.0,9.0,9.0
2025-08-05 18:53:25,1869.2654545454548,988.6254545454545,1414.9818181818182,18.946367651224136,100.0,961.9649987282908,10.0,8.061544418334961,,,,,8.0,10.0,10.0
2025-08-05 18:53:31,1871.1272727272728,990.4872727272729,1416.8436363636363,19.064794842764968,100.0,961.9304998693499,10.0,8.06222152709961,,,,,8.0,11.0,11.0
2025-08-05 18:53:37,1871.1272727272728,986.7636363636365,1414.9818181818182,19.09053990477696,100.0,962.0247122721465,10.0,8.072478294372559,,,,,8.0,12.0,12.0
2025-08-05 18:53:43,1871.1272727272728,992.3490909090909,1413.1200000000001,18.972112679766724,100.0,961.977608643938,10.0,8.059934616088867,,,,,8.0,12.0,12.0
2025-08-05 18:53:49,1871.1272727272728,990.4872727272729,1416.8436363636363,18.99785771558527,100.0,961.9630164743296,10.0,8.064550399780273,,,,,9.0,12.0,12.0
2025-08-05 18:53:55,1871.1272727272728,990.4872727272729,1414.9818181818182,18.992708707839483,100.0,962.0094556998371,10.0,8.064785957336426,,,,,10.0,12.0,12.0
2025-08-05 18:54:01,1872.989090909091,988.6254545454545,1414.9818181818182,19.08024187909905,100.0,962.0359940009422,10.0,8.077624320983887,,,,,8.0,11.0,11.0
2025-08-05 18:54:07,1869.2654545454548,992.3490909090909,1413.1200000000001,19.05449681999744,100.0,962.0233904428673,10.0,8.046865463256836,,,,,7.0,10.0,10.0
2025-08-05 18:54:13,1871.1272727272728,986.7636363636365,1413.1200000000001,19.111135959625244,100.0,962.0021464836857,10.0,8.071746826171875,,,,,8.0,10.0,13.0
2025-08-05 18:54:19,1869.2654545454548,986.7636363636365,1411.2581818181818,19.13173201913014,100.0,962.0067838447908,10.0,8.060746192932129,,,,,7.0,12.0,15.0
2025-08-05 18:54:25,1869.2654545454548,984.9018181818182,1411.2581818181818,19.1780731700419,100.0,961.996806755031,10.0,8.064661026000977,,,,,8.0,12.0,15.0
2025-08-05 18:54:31,1871.1272727272728,990.4872727272729,1413.1200000000001,19.13688103473396,100.0,961.9059187724856,10.0,8.059720039367676,,,,,7.0,10.0,13.0
2025-08-05 18:54:37,1869.2654545454548,986.7636363636365,1409.3963636363637,19.147179066814715,100.0,962.0306661770368,10.0,8.06024169921875,,,,,8.0,11.0,13.0
2025-08-05 18:54:43,1871.1272727272728,988.6254545454545,1414.9818181818182,19.162626117118634,100.0,961.9185108766006,10.0,8.064364433288574,,,,,7.0,10.0,11.0
2025-08-05 18:54:46,1871.1272727272728,988.6254545454545,1411.2581818181818,19.25015945165069,100.0,961.9177742363764,10.0,8.061361312866211,,,,,6.0,9.0,10.0
2025-08-05 19:19:37,1856.2327272727275,981.1781818181819,1405.6727272727273,18.75585466614575,100.0,962.540518607711,10.0,8.018718719482422,,,,,8.0,11.0,12.0
2025-08-05 19:19:43,1858.0945454545456,979.3163636363637,1401.949090909091,18.781599640846252,100.0,962.5531674029885,10.0,8.03365707397461,,,,,7.0,10.0,11.0
2025-08-05 19:19:49,1859.9563636363637,981.1781818181819,1405.6727272727273,18.786748636659468,100.0,962.533943478177,10.0,8.038244247436523,,,,,8.0,11.0,12.0
2025-08-05 19:19:55,1858.0945454545456,977.4545454545455,1403.8109090909093,18.812493620091118,100.0,962.5737824912316,10.0,8.0381441116333,,,,,7.0,11.0,11.0
2025-08-05 19:20:01,1859.9563636363637,981.1781818181819,1405.6727272727273,18.730109698721208,100.0,962.5550576944215,10.0,8.040209770202637,,,,,7.0,10.0,10.0
2025-08-05 19:20:07,1861.818181818182,981.1781818181819,1405.6727272727273,18.750705672078766,100.0,962.5053602854953,10.0,8.0497407913208,,,,,7.0,10.0,10.0
2025-08-05 19:20:13,1858.0945454545456,973.7309090909091,1400.0872727272726,18.673470795998583,100.0,962.548968579168,10.0,8.053919792175293,,,,,6.0,9.0,9.0
2025-08-05 19:20:19,1856.2327272727275,970.0072727272727,1405.6727272727273,18.79189763276372,100.0,962.5962954406376,10.0,8.05064582824707,,,,,6.0,9.0,9.0
2025-08-05 19:20:25,1850.647272727273,968.1454545454546,1403.8109090909093,18.884579612407833,100.0,962.522158742991,10.0,8.022017478942871,,,,,6.0,9.0,9.0
2025-08-05 19:20:31,1852.509090909091,973.7309090909091,1401.949090909091,18.79189763276372,100.0,962.5419112268595,10.0,8.018962860107422,,,,,7.0,10.0,10.0
2025-08-05 19:20:37,1852.509090909091,975.5927272727274,1401.949090909091,18.85368560871575,100.0,962.4743578668184,10.0,8.011246681213379,,,,,7.0,9.0,9.0
2025-08-05 19:20:43,1852.509090909091,981.1781818181819,1405.6727272727273,18.874281610012986,100.0,962.5878118585418,10.0,7.9941205978393555,,,,,7.0,9.0,9.0
2025-08-05 19:20:49,1850.647272727273,975.5927272727274,1400.0872727272726,18.843387609813362,100.0,962.5400072444319,10.0,8.00137996673584,,,,,7.0,8.0,8.0
2025-08-05 19:20:55,1852.509090909091,981.1781818181819,1403.8109090909093,18.817642617650563,100.0,962.5001708069259,10.0,7.995960712432861,,,,,6.0,8.0,8.0
2025-08-05 19:21:01,1852.509090909091,977.4545454545455,1403.8109090909093,18.992708707839483,100.0,962.5806664731823,10.0,8.001072883605957,,,,,7.0,9.0,9.0
2025-08-05 19:21:07,1850.647272727273,970.0072727272727,1400.0872727272726,19.105986945476616,100.0,962.5927035184627,10.0,8.008974075317383,,,,,7.0,9.0,9.0
2025-08-05 19:21:13,1846.9236363636364,968.1454545454546,1400.0872727272726,19.12658300381736,100.0,962.5701540172664,10.0,7.993166923522949,,,,,7.0,10.0,10.0
2025-08-05 19:21:19,1846.9236363636364,970.0072727272727,1400.0872727272726,19.183222188265063,100.0,962.5761489367146,10.0,7.985711097717285,,,,,7.0,9.0,9.0
2025-08-05 19:21:22,1846.9236363636364,973.7309090909091,1401.949090909091,19.13688103473396,100.0,962.5860849685745,10.0,7.976286888122559,,,,,6.0,8.0,8.0
2025-08-05 19:21:28,1848.7854545454547,973.7309090909091,1398.2254545454548,19.198669244680787,100.0,962.5728347372755,10.0,7.984441757202148,,,,,6.0,8.0,8.0
2025-08-05 19:21:34,1846.9236363636364,973.7309090909091,1400.0872727272726,19.26045749653713,100.0,962.5867791484421,10.0,7.972042083740234,,,,,6.0,8.0,8.0
2025-08-05 19:21:40,1846.9236363636364,975.5927272727274,1401.949090909091,19.198669244680787,100.0,962.5456252353121,10.0,7.968599796295166,,,,,6.0,8.0,8.0
2025-08-05 19:21:46,1848.7854545454547,971.869090909091,1396.3636363636365,19.105986945476616,100.0,962.5927035184627,10.0,7.993159294128418,,,,,6.0,8.0,8.0
2025-08-05 19:21:52,1850.647272727273,979.3163636363637,1398.2254545454548,18.925771633628756,100.0,962.5314990987687,10.0,7.987509250640869,,,,,7.0,10.0,10.0
2025-08-05 19:21:58,1852.509090909091,986.7636363636365,1401.949090909091,18.843387609813362,100.0,962.5128129636428,10.0,7.978540420532227,,,,,7.0,11.0,11.0
2025-08-05 19:22:04,1854.3709090909092,984.9018181818182,1400.0872727272726,18.750705672078766,100.0,962.5597409260461,10.0,7.997589111328125,,,,,7.0,10.0,10.0
2025-08-05 19:22:10,1856.2327272727275,986.7636363636365,1401.949090909091,18.724960706109414,100.0,962.5470893670738,10.0,8.003231048583984,,,,,7.0,11.0,11.0
2025-08-05 19:22:16,1854.3709090909092,986.7636363636365,1401.949090909091,18.843387609813362,100.0,962.5672015435007,10.0,7.988900184631348,,,,,7.0,10.0,10.0
2025-08-05 19:22:22,1854.3709090909092,981.1781818181819,1400.0872727272726,18.833089612075128,100.0,962.5512664364195,10.0,8.005783081054688,,,,,7.0,9.0,9.0
2025-08-05 19:22:28,1858.0945454545456,981.1781818181819,1403.8109090909093,18.915473626577295,100.0,962.5699605884453,10.0,8.023569107055664,,,,,8.0,9.0,9.0
2025-08-05 19:22:34,1858.0945454545456,983.0400000000001,1401.949090909091,18.925771633628756,100.0,962.5858947522465,10.0,8.017715454101562,,,,,8.0,9.0,9.0
2025-08-05 19:22:40,1858.0945454545456,983.0400000000001,1400.0872727272726,18.972112679766724,100.0,962.5760002762976,10.0,8.016115188598633,,,,,8.0,9.0,9.0
2025-08-05 19:22:46,1858.0945454545456,984.9018181818182,1400.0872727272726,18.941218646388734,100.0,962.4738038188085,10.0,8.011544227600098,,,,,8.0,9.0,11.0
2025-08-05 19:22:52,1859.9563636363637,986.7636363636365,1400.0872727272726,18.827940613642568,100.0,962.5432989233003,10.0,8.020282745361328,,,,,7.0,9.0,10.0
2025-08-05 19:22:58,1859.9563636363637,988.6254545454545,1403.8109090909093,18.817642617650563,100.0,962.5273639779138,10.0,8.015097618103027,,,,,8.0,10.0,12.0
2025-08-05 19:23:04,1859.9563636363637,979.3163636363637,1400.0872727272726,18.915473626577295,100.0,962.5427632038131,10.0,8.039353370666504,,,,,8.0,10.0,12.0
2025-08-05 19:23:07,1858.0945454545456,973.7309090909091,1403.8109090909093,19.039049788028933,100.0,962.5707584396223,10.0,8.04139232635498,,,,,6.0,9.0,9.0
2025-08-05 19:23:10,1858.0945454545456,971.869090909091,1401.949090909091,19.07509286669665,100.0,962.4905008701193,10.0,8.045589447021484,,,,,8.0,10.0,10.0
2025-08-05 19:23:16,1858.0945454545456,970.0072727272727,1403.8109090909093,19.157477100059623,100.0,962.5363239378821,10.0,8.048327445983887,,,,,9.0,11.0,11.0
2025-08-05 19:23:22,1854.3709090909092,970.0072727272727,1401.949090909091,19.20896728374646,100.0,962.5343447455684,10.0,8.025962829589844,,,,,8.0,10.0,10.0
2025-08-05 19:25:25,1863.68,988.6254545454545,1403.8109090909093,18.51900124028907,100.0,962.5817226400188,10.0,8.04601001739502,,,,,6.0,8.0,9.0
2025-08-05 19:25:31,1863.68,984.9018181818182,1403.8109090909093,18.60653395636473,100.0,962.6084823927973,10.0,8.054065704345703,,,,,6.0,10.0,12.0
2025-08-05 19:25:37,1859.9563636363637,973.7309090909091,1403.8109090909093,18.673470795998583,100.0,962.5761556158526,10.0,8.064241409301758,,,,,7.0,11.0,13.0
2025-08-05 19:25:43,1854.3709090909092,962.5600000000001,1403.8109090909093,18.74555667830282,100.0,962.6333431373995,10.0,8.064046859741211,,,,,7.0,10.0,12.0
2025-08-05 19:25:46,1854.3709090909092,968.1454545454546,1407.5345454545454,18.652874840103323,100.0,962.5986523706341,10.0,8.050640106201172,,,,,7.0,10.0,12.0
2025-08-05 19:25:49,1854.3709090909092,971.869090909091,1403.8109090909093,18.642576863901922,100.0,962.6642711145572,10.0,8.040026664733887,,,,,7.0,9.0,11.0
2025-08-05 19:25:55,1856.2327272727275,979.3163636363637,1403.8109090909093,18.61168294228264,100.0,962.6164521290582,10.0,8.02927017211914,,,,,6.0,9.0,9.0
2025-08-05 19:26:01,1854.3709090909092,975.5927272727274,1405.6727272727273,18.673470795998583,100.0,962.68490394529,10.0,8.027960777282715,,,,,6.0,10.0,10.0
2025-08-05 19:26:04,1852.509090909091,977.4545454545455,1405.6727272727273,18.69921574741602,100.0,962.6703770687295,10.0,8.011250495910645,,,,,6.0,10.0,10.0
2025-08-05 19:26:10,1852.509090909091,970.0072727272727,1403.8109090909093,18.812493620091118,100.0,962.6553615466862,10.0,8.029415130615234,,,,,8.0,11.0,11.0
2025-08-05 19:26:16,1846.9236363636364,966.2836363636363,1400.0872727272726,18.889728614041815,100.0,962.6389108588347,10.0,8.006891250610352,,,,,7.0,11.0,11.0
2025-08-05 19:26:22,1846.9236363636364,970.0072727272727,1401.949090909091,18.848536609119037,100.0,962.6023636804243,10.0,7.997226715087891,,,,,8.0,12.0,12.0
2025-08-05 19:26:28,1846.9236363636364,971.869090909091,1400.0872727272726,18.93606964184437,100.0,962.6562256527963,10.0,7.988763809204102,,,,,8.0,11.0,11.0
2025-08-05 19:26:34,1848.7854545454547,979.3163636363637,1401.949090909091,18.730109698721208,100.0,962.6638156581658,10.0,7.984072685241699,,,,,7.0,10.0,10.0
2025-08-05 19:26:40,1850.647272727273,983.0400000000001,1401.949090909091,18.678619785699993,100.0,962.6928738074041,10.0,7.98513126373291,,,,,7.0,11.0,11.0
2025-08-05 19:26:46,1852.509090909091,981.1781818181819,1400.0872727272726,18.69921574741602,100.0,962.6703770687295,10.0,8.000213623046875,,,,,7.0,10.0,10.0
2025-08-05 19:26:52,1850.647272727273,983.0400000000001,1401.949090909091,18.709513730020262,100.0,962.6863161876943,10.0,7.98406982421875,,,,,7.0,9.0,9.0
2025-08-05 19:26:58,1850.647272727273,983.0400000000001,1398.2254545454548,18.730109698721208,100.0,962.6638156581658,10.0,7.983331680297852,,,,,7.0,10.0,10.0
2025-08-05 19:27:04,1856.2327272727275,988.6254545454545,1403.8109090909093,18.652874840103323,100.0,962.7073972365854,10.0,8.000371932983398,,,,,7.0,10.0,10.0
2025-08-05 19:27:10,1856.2327272727275,986.7636363636365,1400.0872727272726,18.69921574741602,100.0,962.7247535260377,10.0,8.004318237304688,,,,,6.0,10.0,10.0
2025-08-05 19:31:04,1861.818181818182,984.9018181818182,1403.8109090909093,18.51385225960985,100.0,962.9270968493328,10.0,8.047301292419434,,,,,7.0,9.0,10.0
2025-08-05 19:31:10,1859.9563636363637,984.9018181818182,1405.6727272727273,18.74040768481791,100.0,962.8972746130776,10.0,8.029196739196777,,,,,6.0,9.0,10.0
2025-08-05 19:31:16,1858.0945454545456,979.3163636363637,1401.949090909091,18.925771633628756,100.0,962.9394682825804,10.0,8.029142379760742,,,,,6.0,9.0,10.0
2025-08-05 19:31:22,1856.2327272727275,977.4545454545455,1401.949090909091,18.889728614041815,100.0,962.9108751608477,10.0,8.025568008422852,,,,,6.0,9.0,10.0
2025-08-05 19:31:28,1856.2327272727275,977.4545454545455,1403.8109090909093,18.915473626577295,100.0,962.923528252489,10.0,8.024698257446289,,,,,6.0,9.0,10.0
2025-08-05 19:31:34,1856.2327272727275,983.0400000000001,1401.949090909091,18.694066756550455,100.0,962.934288311084,10.0,8.01575756072998,,,,,6.0,9.0,9.0
2025-08-05 19:31:40,1858.0945454545456,988.6254545454545,1400.0872727272726,18.57049106308841,100.0,962.906070667323,10.0,8.013711929321289,,,,,6.0,8.0,8.0
2025-08-05 19:31:46,1861.818181818182,990.4872727272729,1405.6727272727273,18.529299202520633,100.0,962.8694728722467,10.0,8.030160903930664,,,,,6.0,9.0,9.0
2025-08-05 19:31:49,1858.0945454545456,988.6254545454545,1405.6727272727273,18.539597165916348,100.0,962.885417876459,10.0,8.01474666595459,,,,,6.0,9.0,9.0
2025-08-05 19:31:55,1859.9563636363637,986.7636363636365,1403.8109090909093,18.539597165916348,100.0,962.9397809676129,10.0,8.030618667602539,,,,,6.0,8.0,8.0
2025-08-05 19:32:01,1861.818181818182,990.4872727272729,1405.6727272727273,18.508703279221663,100.0,962.9463040300388,10.0,8.030946731567383,,,,,6.0,8.0,8.0
2025-08-05 19:32:07,1863.68,990.4872727272729,1405.6727272727273,18.529299202520633,100.0,962.923835061025,10.0,8.040511131286621,,,,,7.0,9.0,9.0
2025-08-05 19:32:10,1863.68,986.7636363636365,1407.5345454545454,18.565342079498805,100.0,962.9796462080616,10.0,8.050370216369629,,,,,7.0,8.0,8.0
2025-08-05 19:32:16,1865.5418181818181,992.3490909090909,1405.6727272727273,18.436617584346095,100.0,962.9433894210756,10.0,8.048497200012207,,,,,5.0,7.0,7.0
2025-08-05 19:32:22,1867.4036363636365,999.7963636363637,1409.3963636363637,18.35938297456596,100.0,962.9596547162146,10.0,8.03939151763916,,,,,5.0,7.0,7.0
2025-08-05 19:32:28,1867.4036363636365,996.0727272727273,1407.5345454545454,18.297595333890058,100.0,962.9998185633636,10.0,8.052584648132324,,,,,5.0,7.0,7.0
2025-08-05 19:32:34,1869.2654545454548,996.0727272727273,1407.5345454545454,18.240956700086826,100.0,962.9664293349583,10.0,8.064793586730957,,,,,5.0,7.0,7.0
2025-08-05 19:32:40,1867.4036363636365,994.2109090909092,1409.3963636363637,18.302744302345673,100.0,963.0349653792196,10.0,8.057968139648438,,,,,5.0,8.0,8.0
2025-08-05 19:32:46,1867.4036363636365,990.4872727272729,1407.5345454545454,18.431468608323485,100.0,962.8810618074116,10.0,8.064406394958496,,,,,6.0,8.0,8.0
2025-08-05 19:32:52,1869.2654545454548,994.2109090909092,1407.5345454545454,18.318191209458746,100.0,963.0588922021819,10.0,8.067757606506348,,,,,7.0,8.0,8.0
2025-08-05 19:42:38,1865.5418181818181,986.7636363636365,1411.2581818181818,17.962913008552277,100.0,963.1604012001055,10.0,8.081539154052734,,,,,7.0,9.0,9.0
2025-08-05 19:42:44,1863.68,986.7636363636365,1409.3963636363637,17.92172142272466,100.0,963.123723884836,10.0,8.07262134552002,,,,,5.0,8.0,9.0
2025-08-05 19:42:50,1865.5418181818181,988.6254545454545,1409.3963636363637,17.82389148103539,100.0,963.1078793830455,10.0,8.08073902130127,,,,,6.0,9.0,11.0
2025-08-05 19:42:56,1865.5418181818181,990.4872727272729,1409.3963636363637,17.74150845373515,100.0,963.224534054161,10.0,8.078181266784668,,,,,6.0,10.0,11.0
2025-08-05 19:43:02,1865.5418181818181,992.3490909090909,1407.5345454545454,17.648827637080103,100.0,963.1351607306024,10.0,8.075743675231934,,,,,6.0,10.0,12.0
2025-08-05 19:43:08,1865.5418181818181,988.6254545454545,1409.3963636363637,17.679721232154407,100.0,963.1287594066413,10.0,8.085705757141113,,,,,6.0,9.0,9.0
2025-08-05 19:43:14,1865.5418181818181,990.4872727272729,1413.1200000000001,17.787848897423828,100.0,963.1606195958992,10.0,8.076516151428223,,,,,6.0,8.0,8.0
2025-08-05 19:43:17,1865.5418181818181,988.6254545454545,1409.3963636363637,17.782699958072044,100.0,963.098340468395,10.0,8.08213996887207,,,,,6.0,8.0,8.0
2025-08-05 19:43:23,1863.68,990.4872727272729,1407.5345454545454,17.71061483770609,100.0,963.1223537320975,10.0,8.068832397460938,,,,,6.0,8.0,8.0
2025-08-05 19:43:29,1865.5418181818181,988.6254545454545,1411.2581818181818,17.82904042271548,100.0,963.1430104937066,10.0,8.080599784851074,,,,,6.0,9.0,10.0
2025-08-05 19:43:35,1863.68,990.4872727272729,1409.3963636363637,17.839338306948775,100.0,963.1861224150922,10.0,8.064480781555176,,,,,7.0,10.0,11.0
2025-08-05 19:43:41,1863.68,990.4872727272729,1409.3963636363637,17.83418936468661,100.0,963.2052936655458,10.0,8.064678192138672,,,,,7.0,10.0,11.0
2025-08-05 19:43:47,1863.68,992.3490909090909,1413.1200000000001,17.818742539646337,100.0,963.1270504537445,10.0,8.05960464477539,,,,,7.0,11.0,12.0
2025-08-05 19:43:53,1865.5418181818181,988.6254545454545,1411.2581818181818,17.91657247580588,100.0,963.1428997569158,10.0,8.077600479125977,,,,,8.0,11.0,12.0
2025-08-05 19:43:59,1861.818181818182,984.9018181818182,1407.5345454545454,17.973210907919565,100.0,963.1763596156504,10.0,8.066126823425293,,,,,6.0,9.0,9.0
2025-08-05 19:44:05,1861.818181818182,983.0400000000001,1405.6727272727273,17.952615110349143,100.0,963.1987561243487,10.0,8.072379112243652,,,,,7.0,10.0,10.0
2025-08-05 19:44:11,1863.68,990.4872727272729,1407.5345454545454,17.92172142272466,100.0,963.20518975268,10.0,8.061673164367676,,,,,8.0,11.0,11.0
2025-08-05 19:44:17,1861.818181818182,988.6254545454545,1407.5345454545454,17.849636192346225,100.0,963.120626511431,10.0,8.059280395507812,,,,,7.0,10.0,10.0
2025-08-05 19:44:23,1865.5418181818181,988.6254545454545,1409.3963636363637,17.79814677700051,100.0,963.176580660053,10.0,8.081701278686523,,,,,7.0,11.0,11.0
2025-08-05 19:44:29,1865.5418181818181,994.2109090909092,1411.2581818181818,17.720912708551623,100.0,963.1654620201509,10.0,8.06778335571289,,,,,7.0,11.0,11.0
2025-08-05 19:52:11,1867.4036363636365,990.4872727272729,1414.9818181818182,17.509806588903302,100.0,963.3267392455937,10.0,8.096540451049805,,,,,7.0,9.0,9.0
2025-08-05 19:52:17,1865.5418181818181,990.4872727272729,1416.8436363636363,17.45831736564287,100.0,963.3283074782188,10.0,8.08800983428955,,,,,6.0,9.0,9.0
2025-08-05 19:52:23,1861.818181818182,981.1781818181819,1416.8436363636363,17.417126007989282,100.0,963.318700897776,10.0,8.096409797668457,,,,,7.0,10.0,10.0
2025-08-05 19:52:29,1863.68,983.0400000000001,1413.1200000000001,17.396530336147407,100.0,963.3138955910482,10.0,8.101892471313477,,,,,6.0,9.0,9.0
2025-08-05 19:52:35,1863.68,990.4872727272729,1416.8436363636363,17.365636837115744,100.0,963.3202509166653,10.0,8.080886840820312,,,,,6.0,9.0,9.0
2025-08-05 19:52:41,1865.5418181818181,994.2109090909092,1418.7054545454546,17.3862325019727,100.0,963.2979261903914,10.0,8.079419136047363,,,,,6.0,9.0,9.0
2025-08-05 19:52:47,1863.68,990.4872727272729,1414.9818181818182,17.370785752893426,100.0,963.273972296462,10.0,8.080665588378906,,,,,6.0,9.0,9.0
2025-08-05 19:52:53,1863.68,988.6254545454545,1416.8436363636363,17.370785752893426,100.0,963.3011041110018,10.0,8.086211204528809,,,,,7.0,10.0,10.0
2025-08-05 19:52:59,1861.818181818182,990.4872727272729,1420.567272727273,17.46346628665924,100.0,963.2548845270269,10.0,8.06716537475586,,,,,6.0,9.0,9.0
2025-08-05 19:53:05,1861.818181818182,984.9018181818182,1416.8436363636363,17.65397656886489,100.0,963.3331493140537,10.0,8.07726001739502,,,,,6.0,9.0,9.0
2025-08-05 19:53:11,1858.0945454545456,981.1781818181819,1416.8436363636363,17.674572298914427,100.0,963.2565020500987,10.0,8.066911697387695,,,,,6.0,8.0,8.0
2025-08-05 19:53:17,1856.2327272727275,983.0400000000001,1416.8436363636363,17.715763772983337,100.0,963.34750677284,10.0,8.049790382385254,,,,,6.0,8.0,8.0
2025-08-05 19:53:23,1854.3709090909092,979.3163636363637,1414.9818181818182,17.83418936468661,100.0,963.3682034351074,10.0,8.046480178833008,,,,,6.0,9.0,9.0
2025-08-05 19:53:26,1854.3709090909092,979.3163636363637,1414.9818181818182,17.906274582841434,100.0,963.2898689904137,10.0,8.043925285339355,,,,,6.0,9.0,9.0
2025-08-05 19:53:32,1852.509090909091,979.3163636363637,1413.1200000000001,17.88052985552349,100.0,963.3585804002728,10.0,8.03459358215332,,,,,6.0,9.0,9.0
2025-08-05 19:53:38,1852.509090909091,979.3163636363637,1416.8436363636363,18.00925356487278,100.0,963.2322149312647,10.0,8.030030250549316,,,,,6.0,10.0,10.0
2025-08-05 19:53:44,1850.647272727273,977.4545454545455,1409.3963636363637,17.932019317435334,100.0,963.2211495348945,10.0,8.027896881103516,,,,,7.0,10.0,10.0
2025-08-05 19:53:50,1852.509090909091,984.9018181818182,1411.2581818181818,17.76210420357529,100.0,963.2836083497541,10.0,8.022018432617188,,,,,6.0,10.0,10.0
2025-08-05 19:53:53,1854.3709090909092,986.7636363636365,1413.1200000000001,17.70546590271988,100.0,963.3586877883763,10.0,8.028823852539062,,,,,7.0,10.0,10.0
2025-08-05 19:53:59,1854.3709090909092,986.7636363636365,1411.2581818181818,17.63338084347197,100.0,963.3555038806544,10.0,8.031294822692871,,,,,6.0,9.0,9.0
2025-08-05 19:56:02,1846.9236363636364,973.7309090909091,1407.5345454545454,18.266701529268175,100.0,963.332347556956,10.0,8.006972312927246,,,,,6.0,10.0,10.0
2025-08-05 19:56:08,1846.9236363636364,973.7309090909091,1407.5345454545454,18.354234002908925,100.0,963.3592869239444,10.0,8.003995895385742,,,,,6.0,9.0,9.0
2025-08-05 19:56:14,1843.2000000000003,968.1454545454546,1403.8109090909093,18.32848914898932,100.0,963.3465707175862,10.0,8.00083065032959,,,,,6.0,9.0,10.0
2025-08-05 19:56:17,1843.2000000000003,971.869090909091,1403.8109090909093,18.24610566534102,100.0,963.3004345391046,10.0,7.992569923400879,,,,,6.0,8.0,9.0
2025-08-05 19:56:23,1845.0618181818181,975.5927272727274,1405.6727272727273,18.10708370563225,100.0,963.3295022739547,10.0,7.9966325759887695,,,,,6.0,8.0,9.0
2025-08-05 19:56:29,1845.0618181818181,975.5927272727274,1405.6727272727273,18.179169139737496,100.0,963.2238865700268,10.0,7.994045257568359,,,,,6.0,8.0,8.0
2025-08-05 19:56:35,1843.2000000000003,968.1454545454546,1403.8109090909093,18.282148430269444,100.0,963.3019409782005,10.0,8.002373695373535,,,,,7.0,9.0,9.0
2025-08-05 19:56:41,1843.2000000000003,971.869090909091,1403.8109090909093,18.318191209458746,100.0,963.3577872204015,10.0,7.9901533126831055,,,,,8.0,10.0,10.0
2025-08-05 19:56:47,1841.338181818182,973.7309090909091,1405.6727272727273,18.307893271092325,100.0,963.3146591007277,10.0,7.9746527671813965,,,,,7.0,10.0,10.0
2025-08-05 19:56:53,1843.2000000000003,981.1781818181819,1405.6727272727273,18.179169139737496,100.0,963.3597184932162,10.0,7.967349529266357,,,,,7.0,9.0,9.0
2025-08-05 19:56:59,1846.9236363636364,975.5927272727274,1401.949090909091,18.338787089684047,100.0,963.3625266891571,10.0,7.999016284942627,,,,,5.0,8.0,8.0
2025-08-05 19:57:05,1845.0618181818181,971.869090909091,1405.6727272727273,18.508703279221663,100.0,963.3540097863563,10.0,7.99390983581543,,,,,5.0,7.0,7.0
2025-08-05 19:57:11,1843.2000000000003,970.0072727272727,1403.8109090909093,18.508703279221663,100.0,963.3268292747787,10.0,7.989101886749268,,,,,7.0,9.0,10.0
2025-08-05 19:57:17,1841.338181818182,966.2836363636363,1403.8109090909093,18.58078903114074,100.0,963.438501912959,10.0,7.987490653991699,,,,,7.0,13.0,14.0
2025-08-05 19:57:23,1839.4763636363637,968.1454545454546,1403.8109090909093,18.544746148050763,100.0,963.3826649300844,10.0,7.972853660583496,,,,,6.0,13.0,13.0
2025-08-05 19:57:29,1839.4763636363637,970.0072727272727,1403.8109090909093,18.621980914991582,100.0,963.4479463374686,10.0,7.964755058288574,,,,,8.0,14.0,14.0
2025-08-05 19:57:35,1837.6145454545454,962.5600000000001,1400.0872727272726,18.71466272175894,100.0,963.4827712000647,10.0,7.973387241363525,,,,,7.0,12.0,12.0
2025-08-05 19:57:41,1837.6145454545454,966.2836363636363,1400.0872727272726,18.60653395636473,100.0,963.3696472751793,10.0,7.965936660766602,,,,,8.0,11.0,11.0
2025-08-05 19:57:47,1839.4763636363637,973.7309090909091,1401.949090909091,18.39027681061998,100.0,963.360781715881,10.0,7.961578369140625,,,,,7.0,10.0,10.0
2025-08-05 19:57:53,1839.4763636363637,973.7309090909091,1398.2254545454548,18.39027681061998,100.0,963.442308177746,10.0,7.961671829223633,,,,,7.0,10.0,10.0
2025-08-05 20:02:14,1826.4436363636364,966.2836363636363,1405.6727272727273,17.530402286356548,100.0,963.5486466457811,10.0,7.941301345825195,,,,,6.0,8.0,8.0
2025-08-05 20:02:20,1822.72,962.5600000000001,1401.949090909091,17.52010443704785,100.0,963.5598137323644,10.0,7.932111740112305,,,,,6.0,8.0,8.0
2025-08-05 20:02:26,1818.9963636363639,960.6981818181819,1398.2254545454548,17.5407001368294,100.0,963.5103395476592,10.0,7.916275501251221,,,,,5.0,7.0,7.0
2025-08-05 20:02:32,1820.858181818182,964.4218181818183,1405.6727272727273,17.59733833523933,100.0,963.5438958500904,10.0,7.913629531860352,,,,,5.0,7.0,7.0
2025-08-05 20:02:38,1818.9963636363639,966.2836363636363,1400.0872727272726,17.566444768104702,100.0,963.5774066296458,10.0,7.898910999298096,,,,,7.0,9.0,9.0
2025-08-05 20:02:44,1818.9963636363639,964.4218181818183,1398.2254545454548,17.74150845373515,100.0,963.5231590133188,10.0,7.8983612060546875,,,,,7.0,10.0,12.0
2025-08-05 20:02:53,1818.9963636363639,970.0072727272727,1400.0872727272726,17.73635951700271,100.0,963.5694703937556,10.0,7.882040023803711,,,,,9.0,12.0,13.0
2025-08-05 20:03:02,1820.858181818182,966.2836363636363,1400.0872727272726,17.808444657741347,100.0,963.5726501175992,10.0,7.900898456573486,,,,,8.0,11.0,13.0
2025-08-05 20:03:08,1820.858181818182,970.0072727272727,1400.0872727272726,17.726061644410947,100.0,963.499207538376,10.0,7.892611026763916,,,,,8.0,11.0,11.0
2025-08-05 20:03:14,1822.72,970.0072727272727,1396.3636363636365,17.70031696802471,100.0,963.5407271032652,10.0,7.903834342956543,,,,,9.0,11.0,11.0
2025-08-05 20:03:20,1824.5818181818183,973.7309090909091,1400.0872727272726,17.659125500940718,100.0,963.5311419746157,10.0,7.90449857711792,,,,,8.0,11.0,11.0
2025-08-05 20:03:26,1830.1672727272728,981.1781818181819,1405.6727272727273,17.59218940665596,100.0,963.5087692991782,10.0,7.915595054626465,,,,,8.0,11.0,11.0
2025-08-05 20:03:32,1830.1672727272728,973.7309090909091,1398.2254545454548,17.623082982521737,100.0,963.5566790338395,10.0,7.936647415161133,,,,,8.0,11.0,11.0
2025-08-05 20:03:38,1833.8909090909092,975.5927272727274,1400.0872727272726,17.571593695232878,100.0,963.5311111173393,10.0,7.953459739685059,,,,,7.0,11.0,13.0
2025-08-05 20:03:47,1839.4763636363637,984.9018181818182,1403.8109090909093,17.581891550362343,100.0,963.5199405951353,10.0,7.956399440765381,,,,,6.0,10.0,11.0
2025-08-05 20:03:56,1845.0618181818181,984.9018181818182,1403.8109090909093,17.587040478363633,100.0,963.5550668836975,10.0,7.987148284912109,,,,,6.0,9.0,11.0
2025-08-05 20:04:05,1848.7854545454547,992.3490909090909,1405.6727272727273,17.5407001368294,100.0,963.5646180416527,10.0,7.9872727394104,,,,,6.0,8.0,8.0
2025-08-05 20:04:14,1848.7854545454547,981.1781818181819,1403.8109090909093,17.84448724950198,100.0,963.5742326325008,10.0,8.009952545166016,,,,,7.0,9.0,9.0
2025-08-05 20:04:20,1848.7854545454547,979.3163636363637,1403.8109090909093,17.932019317435334,100.0,963.5470200597391,10.0,8.012442588806152,,,,,7.0,8.0,8.0
2025-08-05 20:04:26,1848.7854545454547,986.7636363636365,1405.6727272727273,17.782699958072044,100.0,963.532731601406,10.0,7.995479106903076,,,,,7.0,8.0,8.0
2025-08-05 20:21:20,1856.2327272727275,975.5927272727274,1403.8109090909093,18.00925356487278,100.0,963.25937401837,10.0,8.061683654785156,,,,,6.0,8.0,9.0
2025-08-05 20:21:26,1854.3709090909092,973.7309090909091,1407.5345454545454,18.04529623608687,100.0,963.2609109382432,10.0,8.055668830871582,,,,,6.0,8.0,9.0
2025-08-05 20:21:32,1854.3709090909092,960.6981818181819,1403.8109090909093,18.127679538127268,100.0,963.3070920469089,10.0,8.091517448425293,,,,,7.0,11.0,12.0
2025-08-05 20:21:38,1852.509090909091,955.1127272727273,1400.0872727272726,18.189467063552,100.0,963.294176384316,10.0,8.095636367797852,,,,,7.0,10.0,11.0
2025-08-05 20:21:44,1852.509090909091,968.1454545454546,1407.5345454545454,18.11738162129768,100.0,963.3454613169422,10.0,8.059548377990723,,,,,8.0,12.0,13.0
2025-08-05 20:21:50,1852.509090909091,973.7309090909091,1405.6727272727273,18.06589205461205,100.0,963.2656671936576,10.0,8.044673919677734,,,,,7.0,11.0,12.0
2025-08-05 20:21:56,1850.647272727273,971.869090909091,1403.8109090909093,17.973210907919565,100.0,963.3393049386898,10.0,8.043159484863281,,,,,8.0,10.0,11.0
2025-08-05 20:22:02,1848.7854545454547,970.0072727272727,1403.8109090909093,18.112232663319446,100.0,963.2831547130213,10.0,8.033546447753906,,,,,7.0,9.0,10.0
2025-08-05 20:22:08,1845.0618181818181,970.0072727272727,1401.949090909091,18.00925356487278,100.0,963.2322149312647,10.0,8.016433715820312,,,,,9.0,11.0,11.0
2025-08-05 20:22:14,1846.9236363636364,970.0072727272727,1401.949090909091,18.024700422218302,100.0,963.310472879393,10.0,8.026287078857422,,,,,9.0,11.0,11.0
2025-08-05 20:22:20,1845.0618181818181,970.0072727272727,1403.8109090909093,18.09678579113097,100.0,963.3135433401154,10.0,8.01352310180664,,,,,8.0,11.0,11.0
2025-08-05 20:22:26,1845.0618181818181,973.7309090909091,1400.0872727272726,18.029849375248887,100.0,963.2912928450605,10.0,8.0047607421875,,,,,9.0,11.0,11.0
2025-08-05 20:22:32,1845.0618181818181,970.0072727272727,1400.0872727272726,18.127679538127268,100.0,963.3070920469089,10.0,8.012454986572266,,,,,10.0,14.0,14.0
2025-08-05 20:22:38,1843.2000000000003,973.7309090909091,1405.6727272727273,18.153424335294403,100.0,963.2926575440819,10.0,7.990228176116943,,,,,8.0,13.0,13.0
2025-08-05 20:22:44,1843.2000000000003,973.7309090909091,1401.949090909091,18.132828496978618,100.0,963.2879068034822,10.0,7.990928649902344,,,,,8.0,16.0,18.0
2025-08-05 20:22:47,1843.2000000000003,975.5927272727274,1403.8109090909093,18.158573295600945,100.0,963.3006363951619,10.0,7.984541893005371,,,,,8.0,16.0,18.0
2025-08-05 20:22:53,1843.2000000000003,971.869090909091,1398.2254545454548,18.03499832857051,100.0,963.2992726200401,10.0,7.999813079833984,,,,,7.0,15.0,17.0
2025-08-05 20:22:59,1841.338181818182,971.869090909091,1398.2254545454548,18.1482753752789,100.0,963.1760186317463,10.0,7.985497951507568,,,,,8.0,15.0,15.0
2025-08-05 20:23:05,1843.2000000000003,975.5927272727274,1403.8109090909093,18.029849375248887,100.0,963.2912928450605,10.0,7.988950252532959,,,,,9.0,15.0,16.0
2025-08-05 20:23:11,1843.2000000000003,975.5927272727274,1401.949090909091,18.029849375248887,100.0,963.2641328557494,10.0,7.988919258117676,,,,,9.0,13.0,13.0
2025-08-05 20:25:14,1837.6145454545454,962.5600000000001,1396.3636363636365,18.61168294228264,100.0,963.4048082788315,10.0,7.976836204528809,,,,,7.0,9.0,9.0
2025-08-05 20:25:20,1837.6145454545454,962.5600000000001,1394.5018181818182,18.596235985402018,100.0,963.3536952501702,10.0,7.9773077964782715,,,,,8.0,10.0,10.0
2025-08-05 20:25:26,1835.7527272727275,962.5600000000001,1396.3636363636365,18.70436473857262,100.0,963.3580632243282,10.0,7.9633073806762695,,,,,6.0,9.0,9.0
2025-08-05 20:25:32,1837.6145454545454,960.6981818181819,1396.3636363636365,18.80734462282271,100.0,963.3000259641157,10.0,7.975525856018066,,,,,7.0,9.0,9.0
2025-08-05 20:25:38,1837.6145454545454,966.2836363636363,1398.2254545454548,18.730109698721208,100.0,963.3979395607515,10.0,7.961728096008301,,,,,6.0,9.0,9.0
2025-08-05 20:25:44,1835.7527272727275,964.4218181818183,1392.64,18.596235985402018,100.0,963.3536952501702,10.0,7.961498260498047,,,,,6.0,10.0,10.0
2025-08-05 20:25:50,1839.4763636363637,970.0072727272727,1396.3636363636365,18.467511446593562,100.0,963.3445548990654,10.0,7.969943046569824,,,,,7.0,11.0,11.0
2025-08-05 20:25:56,1839.4763636363637,973.7309090909091,1396.3636363636365,18.39027681061998,100.0,963.3879571849159,10.0,7.961610317230225,,,,,7.0,11.0,11.0
2025-08-05 20:26:02,1839.4763636363637,970.0072727272727,1394.5018181818182,18.343936060467968,100.0,963.3705047157206,10.0,7.974215030670166,,,,,8.0,12.0,12.0
2025-08-05 20:26:08,1839.4763636363637,968.1454545454546,1396.3636363636365,18.426319632591913,100.0,963.3894486069843,10.0,7.97692346572876,,,,,8.0,11.0,11.0
2025-08-05 20:26:14,1841.338181818182,971.869090909091,1400.0872727272726,18.395425784314284,100.0,963.3959350320345,10.0,7.977255344390869,,,,,8.0,10.0,10.0
2025-08-05 20:26:20,1839.4763636363637,970.0072727272727,1394.5018181818182,18.318191209458746,100.0,963.3306148547707,10.0,7.975052833557129,,,,,8.0,11.0,12.0
2025-08-05 20:26:26,1841.338181818182,970.0072727272727,1394.5018181818182,18.343936060467968,100.0,963.3705047157206,10.0,7.984508514404297,,,,,8.0,10.0,13.0
2025-08-05 20:26:29,1839.4763636363637,971.869090909091,1396.3636363636365,18.292446365725482,100.0,963.345068167379,10.0,7.970438003540039,,,,,8.0,10.0,13.0
2025-08-05 20:26:32,1839.4763636363637,973.7309090909091,1400.0872727272726,18.297595333890058,100.0,963.3530464003584,10.0,7.964754104614258,,,,,8.0,10.0,13.0
2025-08-05 20:26:38,1841.338181818182,973.7309090909091,1398.2254545454548,18.215211878181435,100.0,963.3884055559673,10.0,7.977909088134766,,,,,9.0,12.0,15.0
2025-08-05 20:26:44,1843.2000000000003,981.1781818181819,1398.2254545454548,18.168871217087144,100.0,963.31659417911,10.0,7.967652797698975,,,,,9.0,12.0,15.0
2025-08-05 20:26:50,1845.0618181818181,981.1781818181819,1398.2254545454548,18.086487877793843,100.0,963.3247469493925,10.0,7.980781555175781,,,,,10.0,13.0,15.0
2025-08-05 20:26:56,1846.9236363636364,981.1781818181819,1398.2254545454548,18.03499832857051,100.0,963.2992726200401,10.0,7.992814540863037,,,,,9.0,13.0,14.0
2025-08-05 20:27:02,1848.7854545454547,981.1781818181819,1400.0872727272726,18.029849375248887,100.0,963.3184528526047,10.0,8.003312110900879,,,,,8.0,12.0,14.0
2025-08-05 20:35:09,1846.9236363636364,971.869090909091,1400.0872727272726,18.302744302345673,100.0,963.4153681295743,10.0,8.011341094970703,,,,,5.0,9.0,11.0
2025-08-05 20:35:15,1845.0618181818181,971.869090909091,1400.0872727272726,18.436617584346095,100.0,963.4597587865636,10.0,7.9965057373046875,,,,,7.0,10.0,10.0
2025-08-05 20:35:21,1845.0618181818181,973.7309090909091,1400.0872727272726,18.282148430269444,100.0,963.4106243070306,10.0,7.99622917175293,,,,,7.0,10.0,10.0
2025-08-05 20:35:27,1845.0618181818181,971.869090909091,1398.2254545454548,18.467511446593562,100.0,963.4260912386341,10.0,7.9954071044921875,,,,,8.0,12.0,12.0
2025-08-05 20:35:33,1843.2000000000003,971.869090909091,1400.0872727272726,18.405723732576007,100.0,963.4118908077493,10.0,7.987210750579834,,,,,8.0,14.0,15.0
2025-08-05 20:35:39,1843.2000000000003,975.5927272727274,1400.0872727272726,18.338787089684047,100.0,963.4440465477672,10.0,7.978514194488525,,,,,6.0,14.0,17.0
2025-08-05 20:35:45,1845.0618181818181,975.5927272727274,1400.0872727272726,18.35938297456596,100.0,963.4216131287805,10.0,7.9880757331848145,,,,,8.0,17.0,21.0
2025-08-05 20:35:51,1845.0618181818181,971.869090909091,1398.2254545454548,18.39027681061998,100.0,963.3879571849159,10.0,7.998012542724609,,,,,8.0,14.0,18.0
2025-08-05 20:35:57,1845.0618181818181,971.869090909091,1398.2254545454548,18.44691553726443,100.0,963.4485370461531,10.0,7.996132850646973,,,,,8.0,14.0,18.0
2025-08-05 20:36:03,1843.2000000000003,971.869090909091,1398.2254545454548,18.549895130476216,100.0,963.417823877027,10.0,7.982274532318115,,,,,7.0,9.0,12.0
2025-08-05 20:36:09,1839.4763636363637,966.2836363636363,1396.3636363636365,18.70436473857262,100.0,963.412441046433,10.0,7.972925186157227,,,,,7.0,9.0,11.0
2025-08-05 20:36:15,1837.6145454545454,964.4218181818183,1398.2254545454548,18.797046629159013,100.0,963.4200424155431,10.0,7.964969635009766,,,,,6.0,8.0,9.0
2025-08-05 20:36:21,1837.6145454545454,966.2836363636363,1394.5018181818182,18.69921574741602,100.0,963.3772767144026,10.0,7.962766647338867,,,,,6.0,8.0,10.0
2025-08-05 20:36:27,1837.6145454545454,962.5600000000001,1394.5018181818182,18.678619785699993,100.0,963.5356902658308,10.0,7.974685192108154,,,,,5.0,8.0,9.0
2025-08-05 20:36:33,1835.7527272727275,953.2509090909092,1392.64,18.62712990178261,100.0,963.4559229229711,10.0,7.993653297424316,,,,,6.0,9.0,10.0
2025-08-05 20:36:39,1835.7527272727275,962.5600000000001,1396.3636363636365,18.431468608323485,100.0,963.4246034484834,10.0,7.972752571105957,,,,,6.0,9.0,9.0
2025-08-05 20:36:45,1837.6145454545454,958.8363636363637,1394.5018181818182,18.42117065715138,100.0,963.435824674984,10.0,7.99444580078125,,,,,7.0,10.0,10.0
2025-08-05 20:36:51,1833.8909090909092,951.3890909090909,1390.778181818182,18.47266042465344,100.0,963.4340688161459,10.0,7.994143009185791,,,,,7.0,10.0,10.0
2025-08-05 20:36:57,1835.7527272727275,945.8036363636364,1390.778181818182,18.436617584346095,100.0,963.4869363041521,10.0,8.022289276123047,,,,,6.0,9.0,9.0
2025-08-05 20:37:03,1833.8909090909092,949.5272727272728,1392.64,18.44691553726443,100.0,963.4757149966686,10.0,8.000598907470703,,,,,7.0,10.0,10.0
2025-08-05 20:37:09,1833.8909090909092,960.6981818181819,1392.64,18.23580773512367,100.0,963.4474913341853,10.0,7.974710464477539,,,,,7.0,10.0,10.0
2025-08-05 20:37:15,1837.6145454545454,966.2836363636363,1392.64,18.19976498853066,100.0,963.3644681851104,10.0,7.979893684387207,,,,,7.0,10.0,10.0
2025-08-05 20:37:21,1835.7527272727275,964.4218181818183,1394.5018181818182,18.287297397851944,100.0,963.4457742657314,10.0,7.972200393676758,,,,,6.0,9.0,9.0
2025-08-05 20:37:27,1835.7527272727275,962.5600000000001,1394.5018181818182,18.240956700086826,100.0,963.4283017188369,10.0,7.979288101196289,,,,,7.0,9.0,9.0
2025-08-05 20:37:33,1833.8909090909092,962.5600000000001,1390.778181818182,18.297595333890058,100.0,963.5160756729701,10.0,7.967153549194336,,,,,7.0,10.0,10.0
2025-08-05 20:37:39,1833.8909090909092,966.2836363636363,1396.3636363636365,18.25640359672252,100.0,963.3979001886961,10.0,7.957397937774658,,,,,8.0,12.0,13.0
2025-08-05 20:37:45,1832.0290909090909,960.6981818181819,1392.64,18.42117065715138,100.0,963.5173552522008,10.0,7.958127021789551,,,,,7.0,10.0,11.0
2025-08-05 20:37:51,1830.1672727272728,956.9745454545455,1390.778181818182,18.529299202520633,100.0,963.4674609663614,10.0,7.955104827880859,,,,,8.0,12.0,13.0
2025-08-05 20:37:57,1830.1672727272728,962.5600000000001,1392.64,18.45721349134692,100.0,963.410136164998,10.0,7.940957546234131,,,,,8.0,11.0,12.0
2025-08-05 20:38:03,1832.0290909090909,966.2836363636363,1392.64,18.333638119191164,100.0,963.4904140841394,10.0,7.944552421569824,,,,,8.0,10.0,10.0
2025-08-05 20:38:09,1830.1672727272728,968.1454545454546,1390.778181818182,18.313042240130017,100.0,963.4584978469029,10.0,7.929415702819824,,,,,8.0,10.0,10.0
2025-08-05 20:38:15,1832.0290909090909,968.1454545454546,1392.64,18.313042240130017,100.0,963.4584978469029,10.0,7.939709663391113,,,,,9.0,11.0,11.0
2025-08-05 20:38:21,1830.1672727272728,968.1454545454546,1388.9163636363637,18.287297397851944,100.0,963.4729453873823,10.0,7.93031120300293,,,,,8.0,10.0,10.0
2025-08-05 20:38:27,1832.0290909090909,970.0072727272727,1392.64,18.204913951456547,100.0,963.3996148304475,10.0,7.937840461730957,,,,,7.0,10.0,10.0
2025-08-05 20:38:33,1833.8909090909092,970.0072727272727,1392.64,18.24610566534102,100.0,963.4091116978165,10.0,7.946725368499756,,,,,7.0,11.0,11.0
2025-08-05 20:38:39,1833.8909090909092,971.869090909091,1392.64,18.189467063552,100.0,963.4300107455945,10.0,7.943180084228516,,,,,8.0,11.0,11.0
2025-08-05 20:38:45,1835.7527272727275,971.869090909091,1392.64,18.132828496978618,100.0,963.4508935327461,10.0,7.955437183380127,,,,,8.0,11.0,11.0
2025-08-05 20:38:51,1835.7527272727275,973.7309090909091,1390.778181818182,18.086487877793843,100.0,963.5148844976644,10.0,7.951584339141846,,,,,7.0,9.0,9.0
2025-08-05 20:38:57,1835.7527272727275,973.7309090909091,1394.5018181818182,18.03499832857051,100.0,963.407913661829,10.0,7.9532365798950195,,,,,8.0,10.0,10.0
2025-08-05 20:39:03,1837.6145454545454,970.0072727272727,1390.778181818182,18.132828496978618,100.0,963.4237290322718,10.0,7.971225738525391,,,,,9.0,11.0,11.0
2025-08-05 20:39:09,1835.7527272727275,971.869090909091,1394.5018181818182,18.11738162129768,100.0,963.4812804358714,10.0,7.9560041427612305,,,,,10.0,14.0,14.0
2025-08-05 20:39:15,1837.6145454545454,970.0072727272727,1394.5018181818182,18.07618996562087,100.0,963.4445979705005,10.0,7.9731926918029785,,,,,12.0,15.0,15.0
2025-08-05 20:39:21,1837.6145454545454,970.0072727272727,1396.3636363636365,18.081338921561837,100.0,963.4254163683728,10.0,7.972995281219482,,,,,12.0,15.0,15.0
2025-08-05 20:39:27,1835.7527272727275,968.1454545454546,1392.64,18.019551469478756,100.0,963.4111313415856,10.0,7.970320224761963,,,,,11.0,15.0,15.0
2025-08-05 20:39:33,1835.7527272727275,968.1454545454546,1394.5018181818182,18.10708370563225,100.0,963.4381557281315,10.0,7.967342853546143,,,,,10.0,12.0,12.0
2025-08-05 20:39:39,1833.8909090909092,968.1454545454546,1394.5018181818182,18.10708370563225,100.0,963.4381557281315,10.0,7.957051753997803,,,,,9.0,11.0,11.0
2025-08-05 20:39:45,1833.8909090909092,968.1454545454546,1392.64,18.024700422218302,100.0,963.4462720628397,10.0,7.959883689880371,,,,,9.0,11.0,11.0
2025-08-05 20:39:51,1837.6145454545454,970.0072727272727,1398.2254545454548,17.988657759153284,100.0,963.4175634337564,10.0,7.976162910461426,,,,,9.0,11.0,11.0
2025-08-05 20:39:57,1835.7527272727275,970.0072727272727,1394.5018181818182,17.983508808451006,100.0,963.4638985545297,10.0,7.966092109680176,,,,,8.0,11.0,11.0
2025-08-05 20:40:03,1832.0290909090909,966.2836363636363,1394.5018181818182,18.004104613006348,100.0,963.4415069213799,10.0,7.955807685852051,,,,,8.0,12.0,12.0
2025-08-05 20:40:09,1835.7527272727275,970.0072727272727,1394.5018181818182,17.983508808451006,100.0,963.4367404310975,10.0,7.966070175170898,,,,,7.0,11.0,11.0
2025-08-05 20:40:15,1835.7527272727275,970.0072727272727,1394.5018181818182,17.983508808451006,100.0,963.4638985545297,10.0,7.966092109680176,,,,,7.0,11.0,11.0
2025-08-05 20:40:21,1833.8909090909092,966.2836363636363,1394.5018181818182,18.153424335294403,100.0,963.4013188266956,10.0,7.960934162139893,,,,,7.0,10.0,10.0
2025-08-05 20:40:27,1832.0290909090909,968.1454545454546,1394.5018181818182,18.137977456121007,100.0,963.4317091276536,10.0,7.94568395614624,,,,,7.0,10.0,11.0
2025-08-05 20:40:33,1833.8909090909092,966.2836363636363,1392.64,18.06589205461205,100.0,963.4286366575219,10.0,7.963968276977539,,,,,8.0,11.0,12.0
2025-08-05 20:40:39,1833.8909090909092,970.0072727272727,1390.778181818182,18.004104613006348,100.0,963.4415069213799,10.0,7.9550700187683105,,,,,9.0,13.0,14.0
2025-08-05 20:40:45,1835.7527272727275,968.1454545454546,1392.64,18.00925356487278,100.0,963.4223289238673,10.0,7.97068977355957,,,,,9.0,13.0,14.0
2025-08-05 20:40:51,1833.8909090909092,968.1454545454546,1394.5018181818182,18.055594144767383,100.0,963.4398366437918,10.0,7.958818435668945,,,,,9.0,14.0,14.0
2025-08-05 20:40:57,1833.8909090909092,964.4218181818183,1390.778181818182,18.10193474823609,100.0,963.4845017307151,10.0,7.96830940246582,,,,,8.0,11.0,11.0
2025-08-05 20:41:03,1833.8909090909092,966.2836363636363,1394.5018181818182,18.127679538127268,100.0,963.4700775322282,10.0,7.961894989013672,,,,,8.0,12.0,12.0
2025-08-05 20:45:09,1839.4763636363637,968.1454545454546,1392.64,18.10708370563225,100.0,963.4381557281315,10.0,7.9879350662231445,,,,,10.0,13.0,13.0
2025-08-05 20:45:15,1841.338181818182,971.869090909091,1398.2254545454548,18.07618996562087,100.0,963.4989221732353,10.0,7.988324165344238,,,,,11.0,14.0,14.0
2025-08-05 20:45:21,1841.338181818182,970.0072727272727,1394.5018181818182,18.06589205461205,100.0,963.5101216356264,10.0,7.994204044342041,,,,,11.0,14.0,14.0
2025-08-05 20:45:27,1841.338181818182,977.4545454545455,1398.2254545454548,17.968061958090402,100.0,963.5214264914489,10.0,7.975507736206055,,,,,10.0,12.0,12.0
2025-08-05 20:45:33,1845.0618181818181,984.9018181818182,1401.949090909091,17.94231721331016,100.0,963.5086725258947,10.0,7.974897384643555,,,,,10.0,12.0,12.0
2025-08-05 20:45:39,1846.9236363636364,979.3163636363637,1398.2254545454548,17.9938067101466,100.0,963.6156548459282,10.0,8.000096321105957,,,,,9.0,11.0,11.0
2025-08-05 20:45:45,1843.2000000000003,975.5927272727274,1396.3636363636365,18.07618996562087,100.0,963.4989221732353,10.0,7.98758602142334,,,,,8.0,11.0,11.0
2025-08-05 20:45:51,1846.9236363636364,975.5927272727274,1401.949090909091,18.1482753752789,100.0,963.5563302183508,10.0,8.005762100219727,,,,,9.0,12.0,12.0
2025-08-05 20:45:57,1846.9236363636364,973.7309090909091,1398.2254545454548,18.086487877793843,100.0,963.5420470775051,10.0,8.013387680053711,,,,,9.0,14.0,14.0
2025-08-05 20:46:03,1846.9236363636364,977.4545454545455,1398.2254545454548,18.04529623608687,100.0,963.5325182361427,10.0,8.003759384155273,,,,,9.0,13.0,13.0
2025-08-05 20:46:09,1845.0618181818181,977.4545454545455,1398.2254545454548,18.029849375248887,100.0,963.5357335693428,10.0,7.993993759155273,,,,,9.0,14.0,14.0
2025-08-05 20:46:15,1846.9236363636364,971.869090909091,1396.3636363636365,18.143126415554434,100.0,963.4940191717558,10.0,8.016902923583984,,,,,9.0,13.0,13.0
2025-08-05 20:46:21,1845.0618181818181,970.0072727272727,1396.3636363636365,18.1482753752789,100.0,963.5834954684775,10.0,8.012053489685059,,,,,9.0,12.0,12.0
2025-08-05 20:46:27,1843.2000000000003,968.1454545454546,1400.0872727272726,18.163722256198525,100.0,963.5259417396242,10.0,8.006678581237793,,,,,9.0,12.0,12.0
2025-08-05 20:46:33,1839.4763636363637,960.6981818181819,1394.5018181818182,18.189467063552,100.0,963.5930125811174,10.0,8.007341384887695,,,,,9.0,12.0,12.0
2025-08-05 20:46:39,1837.6145454545454,960.6981818181819,1394.5018181818182,18.215211878181435,100.0,963.5785819397987,10.0,7.996150493621826,,,,,10.0,14.0,14.0
2025-08-05 20:46:45,1835.7527272727275,960.6981818181819,1394.5018181818182,18.240956700086826,100.0,963.5369783401584,10.0,7.984926700592041,,,,,7.0,15.0,15.0
2025-08-05 20:46:51,1832.0290909090909,960.6981818181819,1396.3636363636365,18.24610566534102,100.0,963.572127983244,10.0,7.964198589324951,,,,,8.0,17.0,17.0
2025-08-05 20:46:57,1832.0290909090909,960.6981818181819,1392.64,18.168871217087144,100.0,963.5610885656765,10.0,7.966841697692871,,,,,8.0,16.0,16.0
2025-08-05 20:47:03,1828.3054545454547,956.9745454545455,1390.778181818182,18.163722256198525,100.0,963.6346054104579,10.0,7.95754337310791,,,,,10.0,16.0,16.0
2025-08-05 21:19:46,1817.1345454545456,962.5600000000001,1379.6072727272726,18.493256339803338,100.0,964.036762063246,10.0,7.868347644805908,,,,,10.0,12.0,13.0
2025-08-05 21:19:52,1817.1345454545456,956.9745454545455,1375.8836363636365,18.58593801560346,100.0,964.0173443760184,10.0,7.881698131561279,,,,,9.0,11.0,11.0
2025-08-05 21:19:58,1811.549090909091,955.1127272727273,1375.8836363636365,18.68891776597593,100.0,964.0954149552141,10.0,7.852877140045166,,,,,9.0,12.0,12.0
2025-08-05 21:20:04,1813.4109090909092,953.2509090909092,1375.8836363636365,18.652874840103323,100.0,964.0667327237326,10.0,7.869895935058594,,,,,9.0,17.0,17.0
2025-08-05 21:20:10,1817.1345454545456,960.6981818181819,1375.8836363636365,18.539597165916348,100.0,964.0542404343952,10.0,7.872296333312988,,,,,7.0,14.0,14.0
2025-08-05 21:20:16,1817.1345454545456,958.8363636363637,1374.0218181818182,18.51900124028907,100.0,964.0766745880811,10.0,7.8785400390625,,,,,7.0,14.0,14.0
2025-08-05 21:20:22,1815.2727272727273,958.8363636363637,1372.16,18.57049106308841,100.0,964.1021343023754,10.0,7.866507530212402,,,,,8.0,13.0,13.0
2025-08-05 21:20:28,1817.1345454545456,960.6981818181819,1374.0218181818182,18.652874840103323,100.0,964.0939198993276,10.0,7.868445873260498,,,,,8.0,13.0,13.0
2025-08-05 21:20:34,1817.1345454545456,958.8363636363637,1375.8836363636365,18.761003660503775,100.0,964.0711985045591,10.0,7.870230674743652,,,,,8.0,11.0,11.0
2025-08-05 21:20:40,1815.2727272727273,956.9745454545455,1375.8836363636365,18.843387609813362,100.0,964.0357208385093,10.0,7.86258602142334,,,,,9.0,12.0,13.0
2025-08-05 21:20:46,1815.2727272727273,956.9745454545455,1375.8836363636365,18.920622629957506,100.0,964.1554203358562,10.0,7.860064506530762,,,,,7.0,10.0,11.0
2025-08-05 21:20:52,1815.2727272727273,956.9745454545455,1374.0218181818182,18.992708707839483,100.0,964.1039346315681,10.0,7.857537269592285,,,,,7.0,9.0,10.0
2025-08-05 21:20:58,1815.2727272727273,956.9745454545455,1374.0218181818182,18.961814667476574,100.0,964.1104607529795,10.0,7.858604907989502,,,,,7.0,10.0,11.0
2025-08-05 21:21:04,1815.2727272727273,956.9745454545455,1374.0218181818182,18.900026618182892,100.0,964.1234998768984,10.0,7.860740661621094,,,,,8.0,12.0,12.0
2025-08-05 21:21:10,1817.1345454545456,958.8363636363637,1372.16,18.8588346086035,100.0,964.1140522336837,10.0,7.8669209480285645,,,,,7.0,11.0,11.0
2025-08-05 21:21:16,1817.1345454545456,960.6981818181819,1375.8836363636365,18.86913260925212,100.0,964.1572093497103,10.0,7.8611040115356445,,,,,8.0,11.0,11.0
2025-08-05 21:21:22,1815.2727272727273,960.6981818181819,1374.0218181818182,18.781599640846252,100.0,964.10312146536,10.0,7.853744029998779,,,,,8.0,10.0,10.0
2025-08-05 21:21:28,1815.2727272727273,958.8363636363637,1375.8836363636365,18.802195625845343,100.0,964.1078512674088,10.0,7.858563423156738,,,,,7.0,9.0,9.0
2025-08-05 21:21:34,1817.1345454545456,958.8363636363637,1375.8836363636365,18.822791615501046,100.0,964.1669686829196,10.0,7.8682122230529785,,,,,7.0,9.0,9.0
2025-08-05 21:21:40,1815.2727272727273,956.9745454545455,1375.8836363636365,18.817642617650563,100.0,964.1045991691758,10.0,7.863547325134277,,,,,8.0,11.0,11.0
2025-08-05 21:25:49,1815.2727272727273,960.6981818181819,1381.469090909091,18.354234002908925,100.0,964.2288616230553,10.0,7.868547439575195,,,,,10.0,13.0,13.0
2025-08-05 21:25:55,1815.2727272727273,960.6981818181819,1385.1927272727276,18.333638119191164,100.0,964.2240950978438,10.0,7.8692545890808105,,,,,10.0,14.0,14.0
2025-08-05 21:26:01,1815.2727272727273,956.9745454545455,1379.6072727272726,18.379978864104487,100.0,964.1600850302762,10.0,7.878628730773926,,,,,10.0,14.0,14.0
2025-08-05 21:26:07,1813.4109090909092,956.9745454545455,1379.6072727272726,18.333638119191164,100.0,964.1969214897113,10.0,7.869962692260742,,,,,9.0,13.0,13.0
2025-08-05 21:26:13,1811.549090909091,956.9745454545455,1381.469090909091,18.338787089684047,100.0,964.1505588695528,10.0,7.859441757202148,,,,,9.0,13.0,14.0
2025-08-05 21:26:19,1809.6872727272728,955.1127272727273,1377.7454545454548,18.364531946514035,100.0,964.1904819842963,10.0,7.853821754455566,,,,,9.0,12.0,13.0
2025-08-05 21:26:25,1809.6872727272728,953.2509090909092,1379.6072727272726,18.436617584346095,100.0,964.1935581694052,10.0,7.856869697570801,,,,,11.0,15.0,17.0
2025-08-05 21:26:31,1809.6872727272728,956.9745454545455,1381.469090909091,18.374829891283298,100.0,964.179276062424,10.0,7.847939491271973,,,,,11.0,18.0,18.0
2025-08-05 21:26:37,1807.8254545454545,958.8363636363637,1381.469090909091,18.369680918753147,100.0,964.171291556303,10.0,7.832294464111328,,,,,10.0,17.0,17.0
2025-08-05 21:26:43,1809.6872727272728,956.9745454545455,1377.7454545454548,18.45721349134692,100.0,964.1983161679185,10.0,7.845131874084473,,,,,9.0,15.0,15.0
2025-08-05 21:26:49,1805.9636363636366,951.3890909090909,1377.7454545454548,18.61168294228264,100.0,964.1931797905954,10.0,7.835788249969482,,,,,9.0,13.0,13.0
2025-08-05 21:26:55,1805.9636363636366,953.2509090909092,1381.469090909091,18.647725851857103,100.0,964.2218732389674,10.0,7.829065799713135,,,,,10.0,14.0,14.0
2025-08-05 21:27:01,1805.9636363636366,953.2509090909092,1377.7454545454548,18.68891776597593,100.0,964.2041700114723,10.0,7.827627658843994,,,,,9.0,11.0,11.0
2025-08-05 21:27:07,1805.9636363636366,955.1127272727273,1377.7454545454548,18.673470795998583,100.0,964.2617875713945,10.0,7.822707176208496,,,,,11.0,13.0,15.0
2025-08-05 21:27:13,1809.6872727272728,964.4218181818183,1381.469090909091,18.477809403004358,100.0,964.2030728142586,10.0,7.822361469268799,,,,,9.0,12.0,13.0
2025-08-05 21:27:19,1811.549090909091,964.4218181818183,1379.6072727272726,18.436617584346095,100.0,964.220736179913,10.0,7.834095478057861,,,,,8.0,11.0,12.0
2025-08-05 21:27:25,1813.4109090909092,964.4218181818183,1377.7454545454548,18.369680918753147,100.0,964.171291556303,10.0,7.8466267585754395,,,,,8.0,11.0,13.0
2025-08-05 21:27:31,1813.4109090909092,964.4218181818183,1375.8836363636365,18.364531946514035,100.0,964.2176569094755,10.0,7.846861362457275,,,,,9.0,13.0,14.0
2025-08-05 21:27:37,1818.9963636363639,962.5600000000001,1381.469090909091,18.405723732576007,100.0,964.2271836699614,10.0,7.8818559646606445,,,,,7.0,10.0,10.0
2025-08-05 21:27:43,1818.9963636363639,962.5600000000001,1377.7454545454548,18.369680918753147,100.0,964.171291556303,10.0,7.883031845092773,,,,,8.0,11.0,11.0
2025-08-05 21:27:49,1818.9963636363639,964.4218181818183,1381.469090909091,18.343936060467968,100.0,964.1857174609212,10.0,7.878414154052734,,,,,7.0,9.0,9.0
2025-08-05 21:27:55,1822.72,966.2836363636363,1379.6072727272726,18.369680918753147,100.0,964.2528170086202,10.0,7.892675876617432,,,,,8.0,9.0,9.0
2025-08-05 21:28:01,1820.858181818182,964.4218181818183,1379.6072727272726,18.416021682001883,100.0,964.2159759452488,10.0,7.886270999908447,,,,,8.0,10.0,10.0
2025-08-05 21:28:07,1822.72,960.6981818181819,1377.7454545454548,18.452064514160156,100.0,964.2175107985498,10.0,7.906362533569336,,,,,7.0,9.0,9.0
2025-08-05 21:28:13,1822.72,966.2836363636363,1385.1927272727276,18.436617584346095,100.0,964.2750922556978,10.0,7.890409469604492,,,,,6.0,11.0,11.0
2025-08-05 21:28:19,1822.72,960.6981818181819,1377.7454545454548,18.374829891283298,100.0,964.2064514205373,10.0,7.9090046882629395,,,,,6.0,11.0,11.0
2025-08-05 21:28:25,1822.72,964.4218181818183,1381.469090909091,18.354234002908925,100.0,964.1745126568145,10.0,7.898639678955078,,,,,7.0,13.0,13.0
2025-08-05 21:28:31,1822.72,964.4218181818183,1383.3309090909092,18.395425784314284,100.0,964.1840381164988,10.0,7.897235870361328,,,,,8.0,14.0,14.0
2025-08-05 21:28:37,1822.72,960.6981818181819,1385.1927272727276,18.503554299124517,100.0,964.215811939737,10.0,7.9045939445495605,,,,,9.0,15.0,15.0
2025-08-05 21:28:43,1822.72,960.6981818181819,1381.469090909091,18.426319632591913,100.0,964.2047674450707,10.0,7.907230377197266,,,,,8.0,15.0,15.0
2025-08-05 21:28:49,1822.72,962.5600000000001,1383.3309090909092,18.565342079498805,100.0,964.2572528958215,10.0,7.897003650665283,,,,,8.0,15.0,15.0
2025-08-05 21:28:55,1820.858181818182,960.6981818181819,1383.3309090909092,18.544746148050763,100.0,964.1981355972281,10.0,7.892866134643555,,,,,8.0,13.0,13.0
2025-08-05 21:29:01,1818.9963636363639,956.9745454545455,1379.6072727272726,18.575640046969056,100.0,964.2188524220721,10.0,7.892568111419678,,,,,8.0,12.0,12.0
2025-08-05 21:29:07,1820.858181818182,960.6981818181819,1379.6072727272726,18.488107360579306,100.0,964.1918605267213,10.0,7.894804000854492,,,,,9.0,11.0,11.0
2025-08-05 21:29:13,1822.72,964.4218181818183,1381.469090909091,18.524150221259333,100.0,964.1662022734693,10.0,7.892800331115723,,,,,9.0,10.0,10.0
2025-08-05 21:29:19,1820.858181818182,960.6981818181819,1379.6072727272726,18.441766560659744,100.0,964.2015423519654,10.0,7.8964033126831055,,,,,9.0,10.0,10.0
2025-08-05 21:29:25,1820.858181818182,958.8363636363637,1379.6072727272726,18.467511446593562,100.0,964.1871049986036,10.0,7.90102481842041,,,,,9.0,12.0,12.0
2025-08-05 21:29:31,1818.9963636363639,962.5600000000001,1385.1927272727276,18.529299202520633,100.0,964.2013675255525,10.0,7.877587795257568,,,,,10.0,13.0,13.0
2025-08-05 21:29:37,1818.9963636363639,960.6981818181819,1381.469090909091,18.575640046969056,100.0,964.2188524220721,10.0,7.881534576416016,,,,,11.0,14.0,14.0
2025-08-05 21:29:43,1817.1345454545456,956.9745454545455,1381.469090909091,18.663172817468876,100.0,964.245821757248,10.0,7.879301071166992,,,,,10.0,14.0,14.0
2025-08-05 21:29:49,1818.9963636363639,956.9745454545455,1381.469090909091,18.724960706109414,100.0,964.2328566720093,10.0,7.8874592781066895,,,,,10.0,14.0,14.0
2025-08-05 21:29:55,1817.1345454545456,955.1127272727273,1381.469090909091,18.750705672078766,100.0,964.2455770394009,10.0,7.8818159103393555,,,,,10.0,13.0,13.0
2025-08-05 21:30:01,1817.1345454545456,955.1127272727273,1379.6072727272726,18.74555667830282,100.0,964.2647860964321,10.0,7.882009506225586,,,,,10.0,13.0,13.0
2025-08-05 21:30:07,1815.2727272727273,960.6981818181819,1381.469090909091,18.683768775692442,100.0,964.2233762707032,10.0,7.857237339019775,,,,,10.0,12.0,12.0
2025-08-05 21:30:13,1815.2727272727273,958.8363636363637,1377.7454545454548,18.575640046969056,100.0,964.2188524220721,10.0,7.866462707519531,,,,,10.0,12.0,12.0
2025-08-05 21:30:19,1815.2727272727273,960.6981818181819,1381.469090909091,18.51900124028907,100.0,964.2125820497839,10.0,7.8628830909729,,,,,10.0,13.0,13.0
2025-08-05 21:30:25,1815.2727272727273,958.8363636363637,1379.6072727272726,18.51900124028907,100.0,964.2397635969074,10.0,7.86842679977417,,,,,10.0,12.0,12.0
2025-08-05 21:30:31,1815.2727272727273,958.8363636363637,1379.6072727272726,18.53444818407297,100.0,964.2637154981759,10.0,7.867923259735107,,,,,10.0,12.0,12.0
2025-08-05 21:30:37,1815.2727272727273,958.8363636363637,1379.6072727272726,18.503554299124517,100.0,964.2429928283025,10.0,7.868962287902832,,,,,10.0,13.0,13.0
2025-08-05 21:30:43,1817.1345454545456,962.5600000000001,1381.469090909091,18.467511446593562,100.0,964.2414636720572,10.0,7.869457244873047,,,,,10.0,12.0,12.0
2025-08-05 21:30:49,1820.858181818182,970.0072727272727,1385.1927272727276,18.369680918753147,100.0,964.1984666888229,10.0,7.871289253234863,,,,,10.0,12.0,12.0
2025-08-05 21:30:55,1820.858181818182,966.2836363636363,1383.3309090909092,18.364531946514035,100.0,964.2720068145903,10.0,7.8825836181640625,,,,,11.0,13.0,13.0
2025-08-05 21:31:01,1822.72,966.2836363636363,1381.469090909091,18.39027681061998,100.0,964.2032297438886,10.0,7.891916751861572,,,,,10.0,12.0,12.0
2025-08-05 21:31:07,1822.72,968.1454545454546,1387.0545454545454,18.395425784314284,100.0,964.2112143587372,10.0,7.886236190795898,,,,,10.0,13.0,13.0
2025-08-05 21:31:13,1820.858181818182,968.1454545454546,1381.469090909091,18.333638119191164,100.0,964.2240950978438,10.0,7.878072738647461,,,,,10.0,13.0,13.0
2025-08-05 21:31:19,1824.5818181818183,968.1454545454546,1383.3309090909092,18.400574758299626,100.0,964.2735519911931,10.0,7.896419048309326,,,,,11.0,14.0,14.0
2025-08-05 21:31:25,1826.4436363636364,966.2836363636363,1381.469090909091,18.385127837216714,100.0,964.195245156219,10.0,7.912679672241211,,,,,11.0,14.0,14.0
2025-08-05 21:31:31,1822.72,964.4218181818183,1383.3309090909092,18.349085031542927,100.0,964.1937022822666,10.0,7.898837089538574,,,,,9.0,12.0,12.0
2025-08-05 21:31:37,1826.4436363636364,958.8363636363637,1383.3309090909092,18.410872707143426,100.0,964.1808145465318,10.0,7.933844566345215,,,,,8.0,11.0,11.0
2025-08-05 21:31:43,1824.5818181818183,960.6981818181819,1387.0545454545454,18.379978864104487,100.0,964.1872605957304,10.0,7.919100761413574,,,,,7.0,11.0,11.0
2025-08-05 22:38:41,1809.6872727272728,955.1127272727273,1385.1927272727276,18.74040768481791,100.0,965.099734676229,10.0,7.841924667358398,,,,,7.0,9.0,10.0
2025-08-05 22:38:47,1809.6872727272728,956.9745454545455,1387.0545454545454,18.786748636659468,100.0,965.1172529354194,10.0,7.834835052490234,,,,,8.0,9.0,11.0
2025-08-05 22:38:53,1805.9636363636366,956.9745454545455,1385.1927272727276,18.80734462282271,100.0,965.0948208632794,10.0,7.813514709472656,,,,,8.0,10.0,11.0
2025-08-05 22:38:59,1807.8254545454545,960.6981818181819,1381.469090909091,18.74555667830282,100.0,965.1349159072956,10.0,7.814943790435791,,,,,8.0,10.0,11.0
2025-08-05 22:39:05,1809.6872727272728,960.6981818181819,1385.1927272727276,18.797046629159013,100.0,965.2148135627308,10.0,7.823556423187256,,,,,8.0,10.0,10.0
2025-08-05 22:39:11,1807.8254545454545,955.1127272727273,1383.3309090909092,18.920622629957506,100.0,965.1345846595016,10.0,7.825481414794922,,,,,7.0,10.0,10.0
2025-08-05 22:39:17,1807.8254545454545,955.1127272727273,1381.469090909091,19.028751768171787,100.0,965.1391205990377,10.0,7.821778297424316,,,,,7.0,10.0,10.0
2025-08-05 22:39:23,1805.9636363636366,956.9745454545455,1385.1927272727276,19.064794842764968,100.0,965.0862117427729,10.0,7.804667949676514,,,,,7.0,9.0,9.0
2025-08-05 22:39:29,1807.8254545454545,956.9745454545455,1385.1927272727276,19.100837931619026,100.0,965.1421199267693,10.0,7.813788890838623,,,,,7.0,10.0,10.0
2025-08-05 22:39:35,1807.8254545454545,958.8363636363637,1381.469090909091,19.028751768171787,100.0,965.1663245753658,10.0,7.8107709884643555,,,,,7.0,9.0,9.0
2025-08-05 22:39:41,1807.8254545454545,962.5600000000001,1387.0545454545454,18.900026618182892,100.0,965.1298301521532,10.0,7.8041181564331055,,,,,7.0,10.0,10.0
2025-08-05 22:39:47,1807.8254545454545,960.6981818181819,1385.1927272727276,18.951516656350577,100.0,965.1281135487696,10.0,7.807862281799316,,,,,7.0,10.0,11.0
2025-08-05 22:39:53,1811.549090909091,962.5600000000001,1383.3309090909092,18.838238610798726,100.0,965.0883627065779,10.0,7.82677698135376,,,,,6.0,9.0,10.0
2025-08-05 22:39:59,1809.6872727272728,966.2836363636363,1387.0545454545454,18.776450645324076,100.0,965.1556609825619,10.0,7.807648658752441,,,,,6.0,9.0,10.0
2025-08-05 22:40:05,1811.549090909091,960.6981818181819,1385.1927272727276,18.87943061106489,100.0,965.1522718680006,10.0,7.830949783325195,,,,,6.0,9.0,10.0
2025-08-05 22:40:08,1811.549090909091,958.8363636363637,1383.3309090909092,18.920622629957506,100.0,965.1617840067478,10.0,7.835073471069336,,,,,6.0,8.0,9.0
2025-08-05 22:40:14,1811.549090909091,956.9745454545455,1385.1927272727276,18.915473626577295,100.0,965.1265963810587,10.0,7.840721607208252,,,,,6.0,8.0,8.0
2025-08-05 22:40:20,1809.6872727272728,960.6981818181819,1383.3309090909092,18.781599640846252,100.0,965.1364571619814,10.0,7.823998928070068,,,,,7.0,9.0,9.0
2025-08-05 22:40:26,1809.6872727272728,960.6981818181819,1381.469090909091,18.709513730020262,100.0,965.1333697327675,10.0,7.826476097106934,,,,,7.0,10.0,10.0
2025-08-05 22:40:32,1809.6872727272728,958.8363636363637,1379.6072727272726,18.70436473857262,100.0,965.0709997296312,10.0,7.832095623016357,,,,,7.0,10.0,10.0
2025-08-05 23:26:39,1828.3054545454547,966.2836363636363,1398.2254545454548,17.947466161684133,100.0,965.7978757133648,10.0,7.939756870269775,,,,,8.0,9.0,11.0
2025-08-05 23:26:45,1826.4436363636364,966.2836363636363,1398.2254545454548,17.94231721331016,100.0,965.7627166008997,10.0,7.92960262298584,,,,,7.0,9.0,10.0
2025-08-05 23:26:51,1828.3054545454547,968.1454545454546,1398.2254545454548,17.906274582841434,100.0,965.7881797089701,10.0,7.935642242431641,,,,,7.0,8.0,10.0
2025-08-05 23:26:57,1824.5818181818183,964.4218181818183,1396.3636363636365,17.92172142272466,100.0,965.7850270797177,10.0,7.925556659698486,,,,,6.0,8.0,10.0
2025-08-05 23:27:03,1826.4436363636364,966.2836363636363,1394.5018181818182,17.82389148103539,100.0,965.7687715314729,10.0,7.933672904968262,,,,,7.0,9.0,9.0
2025-08-05 23:27:09,1826.4436363636364,968.1454545454546,1398.2254545454548,17.74150845373515,100.0,965.8036404756213,10.0,7.931022644042969,,,,,7.0,10.0,10.0
2025-08-05 23:27:15,1826.4436363636364,970.0072727272727,1398.2254545454548,17.684870165685425,100.0,965.7699049938497,10.0,7.927412986755371,,,,,8.0,11.0,11.0
2025-08-05 23:27:21,1824.5818181818183,970.0072727272727,1396.3636363636365,17.623082982521737,100.0,965.809592696241,10.0,7.919282913208008,,,,,9.0,13.0,13.0
2025-08-05 23:27:27,1824.5818181818183,970.0072727272727,1396.3636363636365,17.63338084347197,100.0,965.7713108127447,10.0,7.918882846832275,,,,,8.0,11.0,13.0
2025-08-05 23:27:33,1828.3054545454547,973.7309090909091,1400.0872727272726,17.61278512273566,100.0,965.7664414029907,10.0,7.929141044616699,,,,,7.0,10.0,11.0
2025-08-05 23:27:39,1826.4436363636364,970.0072727272727,1396.3636363636365,17.61278512273566,100.0,965.7121537904006,10.0,7.929818153381348,,,,,6.0,8.0,9.0
2025-08-05 23:27:45,1826.4436363636364,970.0072727272727,1398.2254545454548,17.623082982521737,100.0,965.7553041450637,10.0,7.929516315460205,,,,,5.0,7.0,8.0
2025-08-05 23:27:51,1828.3054545454547,975.5927272727274,1401.949090909091,17.59733833523933,100.0,965.7695742538225,10.0,7.924158096313477,,,,,5.0,7.0,7.0
2025-08-05 23:27:57,1828.3054545454547,970.0072727272727,1398.2254545454548,17.638529774383642,100.0,965.7793141879083,10.0,7.9393110275268555,,,,,6.0,9.0,9.0
2025-08-05 23:28:03,1828.3054545454547,970.0072727272727,1398.2254545454548,17.669423365965486,100.0,965.800188739096,10.0,7.9382710456848145,,,,,7.0,9.0,9.0
2025-08-05 23:28:09,1828.3054545454547,975.5927272727274,1401.949090909091,17.63338084347197,100.0,965.7713108127447,10.0,7.922926425933838,,,,,6.0,9.0,9.0
2025-08-05 23:28:18,1830.1672727272728,971.869090909091,1396.3636363636365,17.587040478363633,100.0,965.8078525362216,10.0,7.945887088775635,,,,,7.0,10.0,10.0
2025-08-05 23:28:24,1830.1672727272728,973.7309090909091,1400.0872727272726,17.52010443704785,100.0,965.730942493266,10.0,7.942577362060547,,,,,7.0,9.0,9.0
2025-08-05 23:28:30,1830.1672727272728,977.4545454545455,1400.0872727272726,17.46861520796665,100.0,965.7594555236965,10.0,7.933349609375,,,,,7.0,8.0,8.0
2025-08-05 23:28:36,1833.8909090909092,975.5927272727274,1398.2254545454548,17.46861520796665,100.0,965.8137308704173,10.0,7.9595112800598145,,,,,5.0,7.0,7.0
2025-08-05 23:28:42,1833.8909090909092,975.5927272727274,1400.0872727272726,17.48921089610667,100.0,965.7643352305188,10.0,7.958750247955322,,,,,6.0,7.0,7.0
2025-08-05 23:28:48,1832.0290909090909,975.5927272727274,1403.8109090909093,17.473764129565097,100.0,965.7945979358092,10.0,7.949018478393555,,,,,7.0,8.0,8.0
2025-08-05 23:28:54,1833.8909090909092,975.5927272727274,1401.949090909091,17.478913051454583,100.0,965.8297408448005,10.0,7.959181785583496,,,,,6.0,8.0,8.0
2025-08-05 23:29:00,1833.8909090909092,975.5927272727274,1401.949090909091,17.422274926677346,100.0,965.8230944205886,10.0,7.961112976074219,,,,,7.0,8.0,8.0
2025-08-05 23:29:06,1835.7527272727275,979.3163636363637,1405.6727272727273,17.396530336147407,100.0,965.7559332491699,10.0,7.961183547973633,,,,,7.0,8.0,8.0
2025-08-05 23:29:12,1833.8909090909092,975.5927272727274,1403.8109090909093,17.375934668962145,100.0,965.7781807490603,10.0,7.962656021118164,,,,,7.0,9.0,10.0
2025-08-05 23:29:18,1835.7527272727275,977.4545454545455,1403.8109090909093,17.42742384565645,100.0,965.8310998218693,10.0,7.965728282928467,,,,,7.0,9.0,10.0
2025-08-05 23:29:24,1835.7527272727275,979.3163636363637,1401.949090909091,17.396530336147407,100.0,965.8102024267682,10.0,7.961244106292725,,,,,7.0,9.0,10.0
2025-08-05 23:29:30,1837.6145454545454,975.5927272727274,1401.949090909091,17.3862325019727,100.0,965.8213256976476,10.0,7.982939720153809,,,,,7.0,10.0,11.0
2025-08-05 23:29:36,1835.7527272727275,975.5927272727274,1403.8109090909093,17.3862325019727,100.0,965.8213256976476,10.0,7.972646713256836,,,,,7.0,9.0,9.0
2025-08-05 23:29:42,1835.7527272727275,975.5927272727274,1403.8109090909093,17.375934668962145,100.0,965.8595819456715,10.0,7.973042011260986,,,,,7.0,10.0,10.0
2025-08-05 23:29:48,1837.6145454545454,977.4545454545455,1403.8109090909093,17.381083585321903,100.0,965.7590522056651,10.0,7.9775309562683105,,,,,8.0,11.0,12.0
2025-08-05 23:29:54,1837.6145454545454,975.5927272727274,1403.8109090909093,17.417126007989282,100.0,965.7879535651574,10.0,7.981834411621094,,,,,7.0,10.0,11.0
2025-08-05 23:30:00,1837.6145454545454,975.5927272727274,1403.8109090909093,17.406828171486268,100.0,965.907618687567,10.0,7.982330322265625,,,,,7.0,10.0,11.0
2025-08-05 23:30:06,1839.4763636363637,973.7309090909091,1401.949090909091,17.3862325019727,100.0,965.8213256976476,10.0,7.998751163482666,,,,,8.0,11.0,12.0
2025-08-05 23:30:12,1837.6145454545454,973.7309090909091,1403.8109090909093,17.448019524483243,100.0,965.83598486843,10.0,7.986351490020752,,,,,7.0,10.0,10.0
2025-08-05 23:30:21,1837.6145454545454,975.5927272727274,1405.6727272727273,17.550997988466406,100.0,965.9146724667335,10.0,7.977392196655273,,,,,6.0,8.0,8.0
2025-08-05 23:30:27,1837.6145454545454,973.7309090909091,1403.8109090909093,17.535551211447455,100.0,965.8906570637441,10.0,7.983405113220215,,,,,6.0,8.0,8.0
2025-08-05 23:30:33,1835.7527272727275,973.7309090909091,1403.8109090909093,17.52525336155668,100.0,965.9017870963628,10.0,7.973478317260742,,,,,6.0,7.0,9.0
2025-08-05 23:30:39,1837.6145454545454,973.7309090909091,1401.949090909091,17.535551211447455,100.0,965.8092353298204,10.0,7.983318328857422,,,,,5.0,6.0,8.0
2025-08-05 23:48:57,1841.338181818182,981.1781818181819,1411.2581818181818,17.314147695346037,100.0,965.7906425124612,10.0,7.989416122436523,,,,,7.0,10.0,10.0
2025-08-05 23:49:03,1839.4763636363637,981.1781818181819,1413.1200000000001,17.28325422425405,100.0,965.8239966436614,10.0,7.980220794677734,,,,,7.0,10.0,10.0
2025-08-05 23:49:09,1841.338181818182,979.3163636363637,1411.2581818181818,17.319296608213335,100.0,965.8529110907336,10.0,7.9948272705078125,,,,,7.0,10.0,10.0
2025-08-05 23:49:15,1841.338181818182,981.1781818181819,1414.9818181818182,17.257509673014283,100.0,965.8110934224553,10.0,7.991387844085693,,,,,7.0,9.0,9.0
2025-08-05 23:49:21,1843.2000000000003,984.9018181818182,1414.9818181818182,17.231765129050473,100.0,965.8795714018373,10.0,7.991605758666992,,,,,7.0,9.0,9.0
2025-08-05 23:49:27,1845.0618181818181,981.1781818181819,1414.9818181818182,17.221467313502217,100.0,965.863556867705,10.0,8.013273239135742,,,,,5.0,7.0,7.0
2025-08-05 23:49:33,1843.2000000000003,981.1781818181819,1413.1200000000001,17.29870095849037,100.0,965.9294075319513,10.0,8.00040054321289,,,,,5.0,8.0,8.0
2025-08-05 23:49:39,1846.9236363636364,983.0400000000001,1416.8436363636363,17.314147695346037,100.0,965.8720358087558,10.0,8.014874458312988,,,,,5.0,7.0,7.0
2025-08-05 23:49:45,1845.0618181818181,981.1781818181819,1413.1200000000001,17.26265858268016,100.0,965.7377133821906,10.0,8.011717796325684,,,,,6.0,9.0,9.0
2025-08-05 23:49:51,1845.0618181818181,979.3163636363637,1413.1200000000001,17.247211854555644,100.0,965.9035934109967,10.0,8.01794719696045,,,,,6.0,9.0,9.0
2025-08-05 23:49:57,1843.2000000000003,979.3163636363637,1414.9818181818182,17.231765129050473,100.0,965.8253162205854,10.0,8.008097648620605,,,,,6.0,9.0,9.0
2025-08-05 23:50:03,1845.0618181818181,981.1781818181819,1413.1200000000001,17.139084831025684,100.0,965.8168153207355,10.0,8.016046524047852,,,,,5.0,8.0,9.0
2025-08-05 23:50:09,1846.9236363636364,981.1781818181819,1414.9818181818182,17.17512715794146,100.0,965.8728683037484,10.0,8.025165557861328,,,,,5.0,7.0,9.0
2025-08-05 23:50:15,1845.0618181818181,977.4545454545455,1413.1200000000001,17.28325422425405,100.0,965.7968668797864,10.0,8.022109985351562,,,,,5.0,8.0,10.0
2025-08-05 23:50:21,1845.0618181818181,975.5927272727274,1413.1200000000001,17.365636837115744,100.0,965.8164366203061,10.0,8.024822235107422,,,,,5.0,7.0,9.0
2025-08-05 23:50:27,1845.0618181818181,973.7309090909091,1414.9818181818182,17.370785752893426,100.0,965.8787094619088,10.0,8.030227661132812,,,,,4.0,5.0,7.0
2025-08-05 23:50:33,1845.0618181818181,977.4545454545455,1414.9818181818182,17.293552046787227,100.0,965.9214003417405,10.0,8.021895408630371,,,,,5.0,6.0,8.0
2025-08-05 23:50:39,1845.0618181818181,977.4545454545455,1413.1200000000001,17.303849870484555,100.0,965.9102840293618,10.0,8.021530151367188,,,,,5.0,6.0,6.0
2025-08-05 23:50:45,1845.0618181818181,977.4545454545455,1414.9818181818182,17.267807492637075,100.0,965.9356231446466,10.0,8.022796630859375,,,,,5.0,8.0,8.0
2025-08-05 23:50:51,1843.2000000000003,979.3163636363637,1416.8436363636363,17.308998782769777,100.0,965.8640292119978,10.0,8.005487442016602,,,,,5.0,8.0,8.0
