datetime,no2,nh3,co,t,rh,p,deviceid,no2ppb,latitude,longitude,elevation,id,pm1,pm25,pm10
2025-09-01 23:59:26,1852.509090909091,932.7709090909091,1416.8436363636363,19.51737212013104,62.96659550676786,952.4779199672511,10.0,7.639735221862793,,,,,4.0,5.0,5.0
2025-09-01 23:59:29,1850.647272727273,930.909090909091,1416.8436363636363,19.522391295642592,63.0533563351586,952.4031934690845,10.0,7.636056900024414,,,,,4.0,6.0,6.0
2025-09-01 23:59:32,1852.509090909091,932.7709090909091,1414.9818181818182,19.522391295642592,63.09949074096686,952.4307950773112,10.0,7.640987873077393,,,,,4.0,5.0,5.0
2025-09-01 23:59:35,1850.647272727273,934.6327272727274,1418.7054545454546,19.562544710212386,63.06118805489358,952.4678163673027,10.0,7.623711109161377,,,,,4.0,5.0,5.0
2025-09-01 23:59:38,1854.3709090909092,934.6327272727274,1422.429090909091,19.577602245478193,63.096567319596794,952.381634298197,10.0,7.643124580383301,,,,,4.0,5.0,5.0
2025-09-01 23:59:41,1850.647272727273,930.909090909091,1416.8436363636363,19.64787077801884,63.09441591719265,952.4947182455871,10.0,7.6327667236328125,,,,,4.0,5.0,5.0
2025-09-01 23:59:44,1852.509090909091,929.0472727272728,1416.8436363636363,19.768331252230563,62.79478782853109,952.4676913294498,10.0,7.6405463218688965,,,,,4.0,5.0,5.0
2025-09-01 23:59:47,1852.509090909091,930.909090909091,1418.7054545454546,19.813503973279147,62.531597860876374,952.4299246537308,10.0,7.629927635192871,,,,,4.0,5.0,5.0
2025-09-01 23:59:50,1852.509090909091,929.0472727272728,1414.9818181818182,19.798446396976942,62.43850079089318,952.4056966767567,10.0,7.634876251220703,,,,,4.0,5.0,5.0
2025-09-01 23:59:53,1850.647272727273,934.6327272727274,1418.7054545454546,19.753273683786393,62.51126762884912,952.4434615323819,10.0,7.610439300537109,,,,,3.0,4.0,4.0
2025-09-01 23:59:56,1854.3709090909092,932.7709090909091,1416.8436363636363,19.688024250796296,62.61185636156983,952.4489047476053,10.0,7.639451503753662,,,,,3.0,4.0,4.0
2025-09-01 23:59:59,1852.509090909091,930.909090909091,1414.9818181818182,19.65288996109739,62.719702437845356,952.5027959228429,10.0,7.637956142425537,,,,,3.0,4.0,4.0
2025-09-02 00:00:02,1854.3709090909092,934.6327272727274,1418.7054545454546,19.57258306676522,62.84830059480499,952.4287647334332,10.0,7.6404500007629395,,,,,3.0,4.0,4.0
2025-09-02 00:00:05,1854.3709090909092,932.7709090909091,1418.7054545454546,19.522391295642592,63.02452201072479,952.4859983595911,10.0,7.650252342224121,,,,,3.0,3.0,3.0
2025-09-02 00:00:08,1852.509090909091,934.6327272727274,1418.7054545454546,19.48223789969925,63.19544620858264,952.4489720209051,10.0,7.637909889221191,,,,,3.0,4.0,4.0
2025-09-02 00:00:11,1854.3709090909092,936.4945454545455,1420.567272727273,19.447103693528334,63.26281406574549,952.5028175618271,10.0,7.6443986892700195,,,,,3.0,4.0,4.0
2025-09-02 00:00:14,1856.2327272727275,936.4945454545455,1422.429090909091,19.411969501618294,63.41664180685967,952.4186683486415,10.0,7.657024383544922,,,,,3.0,4.0,4.0
2025-09-02 00:00:17,1856.2327272727275,934.6327272727274,1418.7054545454546,19.396911995165283,63.51961517124864,952.4496249562941,10.0,7.664635181427002,,,,,4.0,4.0,4.0
2025-09-02 00:00:20,1854.3709090909092,930.909090909091,1414.9818181818182,19.391892826929688,63.56546587023796,952.4967378613854,10.0,7.667022705078125,,,,,4.0,5.0,5.0
2025-09-02 00:00:23,1854.3709090909092,934.6327272727274,1416.8436363636363,19.381854491331616,63.61105013477104,952.5081747160808,10.0,7.656594276428223,,,,,4.0,5.0,5.0
2025-09-02 00:23:27,1858.0945454545456,938.3563636363637,1420.567272727273,17.233677454688586,79.75387115238054,953.9208030745913,10.0,7.942205429077148,,,,,5.0,7.0,7.0
2025-09-02 00:23:30,1858.0945454545456,936.4945454545455,1420.567272727273,17.2637917175889,80.19043226916611,954.0519447486002,10.0,7.952854156494141,,,,,5.0,6.0,6.0
2025-09-02 00:23:33,1858.0945454545456,934.6327272727274,1418.7054545454546,17.243715541157872,79.98882035079767,954.0195212207763,10.0,7.956586837768555,,,,,3.0,4.0,4.0
2025-09-02 00:23:36,1858.0945454545456,932.7709090909091,1416.8436363636363,17.208582243608543,80.01416767543091,954.0177836146107,10.0,7.963761329650879,,,,,4.0,5.0,5.0
2025-09-02 00:23:39,1858.0945454545456,936.4945454545455,1418.7054545454546,17.173448960320094,80.03380257538758,954.0710406681761,10.0,7.954039573669434,,,,,3.0,5.0,5.0
2025-09-02 00:23:43,1856.2327272727275,934.6327272727274,1414.9818181818182,17.13329665402416,79.96737598101737,954.0611839513906,10.0,7.950272560119629,,,,,3.0,4.0,5.0
2025-09-02 00:23:46,1858.0945454545456,936.4945454545455,1416.8436363636363,17.123258580360563,79.86374311871178,954.0449702903996,10.0,7.953502655029297,,,,,4.0,5.0,6.0
2025-09-02 00:23:49,1858.0945454545456,936.4945454545455,1416.8436363636363,17.10318243652582,79.78773787830094,954.0125433851324,10.0,7.953092575073242,,,,,4.0,5.0,6.0
2025-09-02 00:23:52,1856.2327272727275,936.4945454545455,1418.7054545454546,17.06303016282618,79.52161179733938,954.1126597496649,10.0,7.941680431365967,,,,,5.0,7.0,7.0
2025-09-02 00:23:55,1856.2327272727275,936.4945454545455,1416.8436363636363,17.04295403296128,79.34861227613325,954.0802290643846,10.0,7.940074443817139,,,,,5.0,7.0,7.0
2025-09-02 00:23:58,1858.0945454545456,936.4945454545455,1416.8436363636363,17.012839846895076,79.46574606862038,954.086569216436,10.0,7.952487945556641,,,,,6.0,8.0,8.0
2025-09-02 00:24:01,1858.0945454545456,938.3563636363637,1418.7054545454546,16.997782757790993,79.57280371250516,954.0622458313899,10.0,7.94851016998291,,,,,5.0,7.0,8.0
2025-09-02 00:24:04,1858.0945454545456,936.4945454545455,1416.8436363636363,16.992763728671708,79.80056844751557,954.1366132512353,10.0,7.957510948181152,,,,,5.0,7.0,8.0
2025-09-02 00:24:07,1858.0945454545456,940.2181818181818,1422.429090909091,16.98272567130625,79.92516912346207,954.1478878474886,10.0,7.948045253753662,,,,,6.0,7.0,8.0
2025-09-02 00:24:10,1856.2327272727275,936.4945454545455,1418.7054545454546,16.98272567130625,80.47279235297191,954.1203965428022,10.0,7.956119060516357,,,,,6.0,8.0,8.0
2025-09-02 00:24:13,1858.0945454545456,936.4945454545455,1420.567272727273,16.98272567130625,80.7066457029435,954.0654139987247,10.0,7.968689441680908,,,,,4.0,6.0,6.0
2025-09-02 00:24:16,1856.2327272727275,930.909090909091,1413.1200000000001,16.98774469984346,80.97516908549036,954.2659627555826,10.0,7.979866981506348,,,,,6.0,7.0,7.0
2025-09-02 00:24:19,1858.0945454545456,932.7709090909091,1416.8436363636363,16.96766858744086,80.95048631287582,954.1235623648068,10.0,7.9838409423828125,,,,,6.0,7.0,7.0
2025-09-02 00:24:22,1858.0945454545456,934.6327272727274,1420.567272727273,16.972687615104952,81.24179374820919,954.1316708242462,10.0,7.981600761413574,,,,,5.0,6.0,6.0
2025-09-02 00:24:25,1859.9563636363637,938.3563636363637,1418.7054545454546,16.932535401941276,80.78754005986443,954.039315087985,10.0,7.975492000579834,,,,,5.0,6.0,6.0
2025-09-02 00:50:29,1876.7127272727273,947.6654545454545,1428.0145454545457,15.53725756444037,88.17587745761128,954.5019260413178,10.0,8.176270484924316,,,,,1.0,2.0,2.0
2025-09-02 00:50:32,1878.5745454545456,949.5272727272728,1431.7381818181818,15.547295454167761,88.25639390436712,954.5181674675352,10.0,8.18124008178711,,,,,2.0,3.0,3.0
2025-09-02 00:50:35,1876.7127272727273,947.6654545454545,1431.7381818181818,15.562352290941636,88.36582767581456,954.5151006506057,10.0,8.177824974060059,,,,,2.0,3.0,3.0
2025-09-02 00:50:38,1878.5745454545456,947.6654545454545,1429.8763636363635,15.587447024718859,88.4763791982281,954.5008435853891,10.0,8.188215255737305,,,,,2.0,4.0,4.0
2025-09-02 00:50:41,1874.8509090909092,940.2181818181818,1428.0145454545457,15.587447024718859,88.51041187764717,954.4734132947149,10.0,8.191411972045898,,,,,2.0,3.0,3.0
2025-09-02 00:50:44,1874.8509090909092,938.3563636363637,1426.1527272727274,15.70790184813086,88.7166838780576,954.503692503434,10.0,8.195747375488281,,,,,2.0,4.0,5.0
2025-09-02 00:50:47,1874.8509090909092,934.6327272727274,1429.8763636363635,15.768129322701133,88.71204688777732,954.5736920767947,10.0,8.205368041992188,,,,,2.0,3.0,5.0
2025-09-02 00:50:50,1872.989090909091,934.6327272727274,1428.0145454545457,15.758091407362372,88.5860993929049,954.5848903822255,10.0,8.194266319274902,,,,,2.0,3.0,5.0
2025-09-02 00:50:53,1872.989090909091,942.08,1431.7381818181818,15.743034536537015,88.55038227425608,954.5605306479067,10.0,8.17145824432373,,,,,3.0,3.0,5.0
2025-09-02 00:50:56,1867.4036363636365,942.08,1429.8763636363635,15.702882893808418,88.49486123901919,954.5778791075879,10.0,8.14238452911377,,,,,3.0,4.0,5.0
2025-09-02 00:50:59,1869.2654545454548,934.6327272727274,1426.1527272727274,15.68280707942904,88.45859354000069,954.627702035001,10.0,8.175539016723633,,,,,3.0,4.0,5.0
2025-09-02 00:51:02,1871.1272727272728,936.4945454545455,1428.0145454545457,15.67276917398558,88.39507386218851,954.5840263891998,10.0,8.179145812988281,,,,,3.0,4.0,5.0
2025-09-02 00:51:05,1865.5418181818181,938.3563636363637,1426.1527272727274,15.627598613896406,88.25392095088537,954.5383754196517,10.0,8.14321231842041,,,,,3.0,3.0,5.0
2025-09-02 00:51:08,1871.1272727272728,940.2181818181818,1426.1527272727274,15.607522816979326,88.13824575938963,954.6156189961656,10.0,8.166922569274902,,,,,3.0,3.0,4.0
2025-09-02 00:51:11,1869.2654545454548,947.6654545454545,1433.6000000000001,15.582428077381337,88.05606185350064,954.5750135736397,10.0,8.133867263793945,,,,,3.0,3.0,3.0
2025-09-02 00:51:14,1871.1272727272728,945.8036363636364,1433.6000000000001,15.562352290941636,88.00279944206537,954.5973883803864,10.0,8.149608612060547,,,,,3.0,3.0,3.0
2025-09-02 00:51:17,1871.1272727272728,945.8036363636364,1429.8763636363635,15.547295454167761,87.96143691568311,954.6278818487942,10.0,8.149738311767578,,,,,3.0,3.0,3.0
2025-09-02 00:51:20,1871.1272727272728,945.8036363636364,1428.0145454545457,15.53725756444037,87.8752475678323,954.6116386080705,10.0,8.148944854736328,,,,,3.0,3.0,3.0
2025-09-02 00:51:23,1874.8509090909092,949.5272727272728,1428.0145454545457,15.512162845215062,87.7760667927715,954.6258852707838,10.0,8.157116889953613,,,,,3.0,3.0,3.0
2025-09-02 00:51:26,1872.989090909091,945.8036363636364,1429.8763636363635,15.532238620013231,87.89171450826576,954.603517040786,10.0,8.15921688079834,,,,,3.0,3.0,3.0
2025-09-02 00:59:29,1882.2981818181818,951.3890909090909,1433.6000000000001,15.46699236894492,87.01101606920788,954.552789949717,10.0,8.182930946350098,,,,,1.0,2.0,2.0
2025-09-02 00:59:32,1884.16,953.2509090909092,1435.4618181818184,15.456954488530755,86.98156948640815,954.6462455054425,10.0,8.187568664550781,,,,,1.0,3.0,3.0
2025-09-02 00:59:35,1884.16,956.9745454545455,1437.3236363636363,15.436878731194884,86.97940728185094,954.6411800608981,10.0,8.17680835723877,,,,,0.0,3.0,3.0
2025-09-02 00:59:38,1884.16,955.1127272727273,1437.3236363636363,15.426840854273177,87.03505182589092,954.6249352027422,10.0,8.183445930480957,,,,,0.0,3.0,3.0
2025-09-02 00:59:41,1884.16,956.9745454545455,1437.3236363636363,15.421821916248883,87.01749316867017,954.6990822845349,10.0,8.1780424118042,,,,,1.0,4.0,4.0
2025-09-02 00:59:44,1884.16,955.1127272727273,1435.4618181818184,15.441897670092294,87.12176511465,954.6767265812417,10.0,8.18424129486084,,,,,1.0,4.0,4.0
2025-09-02 00:59:47,1882.2981818181818,953.2509090909092,1433.6000000000001,15.436878731194884,87.04747955530824,954.6960277051994,10.0,8.179336547851562,,,,,0.0,3.0,3.0
2025-09-02 00:59:50,1884.16,953.2509090909092,1433.6000000000001,15.426840854273177,87.14282800174038,954.6249352027422,10.0,8.190461158752441,,,,,0.0,2.0,2.0
2025-09-02 00:59:53,1886.0218181818184,955.1127272727273,1437.3236363636363,15.431859792588511,87.13202562560109,954.6604811986259,10.0,8.194565773010254,,,,,1.0,2.0,2.0
2025-09-02 00:59:56,1882.2981818181818,953.2509090909092,1435.4618181818184,15.426840854273177,87.1314833058303,954.6797819398371,10.0,8.180639266967773,,,,,1.0,2.0,2.0
2025-09-02 00:59:59,1884.16,955.1127272727273,1437.3236363636363,15.421821916248883,87.07421755664859,954.6990822845349,10.0,8.184426307678223,,,,,0.0,0.0,0.0
2025-09-02 01:00:02,1886.0218181818184,956.9745454545455,1441.047272727273,15.416802978515625,87.0850204910539,954.6361133904279,10.0,8.188690185546875,,,,,0.0,0.0,0.0
2025-09-02 01:00:05,1886.0218181818184,956.9745454545455,1439.1854545454546,15.39672723049298,87.08285308066198,954.6858895963067,10.0,8.189563751220703,,,,,0.0,0.0,0.0
2025-09-02 01:00:08,1886.0218181818184,956.9745454545455,1439.1854545454546,15.386689358227887,87.03639362972363,954.6696434907585,10.0,8.189253807067871,,,,,1.0,1.0,3.0
2025-09-02 01:00:11,1886.0218181818184,955.1127272727273,1439.1854545454546,15.371632552013034,87.04611303679924,954.5904327641299,10.0,8.195210456848145,,,,,1.0,1.0,3.0
2025-09-02 01:00:14,1886.0218181818184,955.1127272727273,1441.047272727273,15.36661361719016,87.00019739673117,954.6371517050534,10.0,8.195028305053711,,,,,0.0,1.0,2.0
2025-09-02 01:00:17,1887.8836363636362,958.8363636363637,1441.047272727273,15.381670422531897,87.08122741506347,954.6615204911552,10.0,8.194178581237793,,,,,1.0,1.0,3.0
2025-09-02 01:00:20,1887.8836363636362,958.8363636363637,1442.909090909091,15.386689358227887,87.15550347834383,954.6970651207104,10.0,8.195091247558594,,,,,1.0,2.0,3.0
2025-09-02 01:00:23,1884.16,953.2509090909092,1439.1854545454546,15.391708294214913,87.17873356365486,954.6777665258093,10.0,8.192325592041016,,,,,0.0,1.0,3.0
2025-09-02 01:00:26,1886.0218181818184,955.1127272727273,1435.4618181818184,15.39672723049298,87.27569718537717,954.5762014786692,10.0,8.197137832641602,,,,,2.0,2.0,4.0
2025-09-02 02:51:53,1895.330909090909,960.6981818181819,1465.2509090909093,15.376651487126946,81.11428084359669,954.6259763722957,10.0,8.15475845336914,,,,,0.0,0.0,0.0
2025-09-02 02:51:56,1895.330909090909,962.5600000000001,1465.2509090909093,15.376651487126946,81.25064542447812,954.5985552392424,10.0,8.15062141418457,,,,,0.0,0.0,0.0
2025-09-02 02:51:59,1893.4690909090912,958.8363636363637,1463.389090909091,15.426840854273177,81.47700948552608,954.6797819398371,10.0,8.153539657592773,,,,,0.0,0.0,0.0
2025-09-02 02:52:02,1895.330909090909,960.6981818181819,1465.2509090909093,15.487068133265712,81.52821028147893,954.6675543832322,10.0,8.156339645385742,,,,,0.0,0.0,0.0
2025-09-02 02:52:05,1895.330909090909,964.4218181818183,1467.1127272727272,15.517181788478046,81.45151805455198,954.6340071501294,10.0,8.142854690551758,,,,,0.0,0.0,0.0
2025-09-02 02:52:08,1895.330909090909,958.8363636363637,1465.2509090909093,15.52721967587713,81.45815684093479,954.5953955088885,10.0,8.159507751464844,,,,,0.0,0.0,0.0
2025-09-02 02:52:11,1891.6072727272729,956.9745454545455,1463.389090909091,15.517181788478046,81.33216819912099,954.5791525512634,10.0,8.14402961730957,,,,,0.0,0.0,0.0
2025-09-02 02:52:14,1893.4690909090912,960.6981818181819,1463.389090909091,15.547295454167761,81.34071008504525,954.6004532209815,10.0,8.141775131225586,,,,,0.0,0.0,1.0
2025-09-02 02:52:17,1891.6072727272729,960.6981818181819,1467.1127272727272,15.52220073203207,81.21328908854599,954.6421290648686,10.0,8.131300926208496,,,,,0.0,0.0,1.0
2025-09-02 02:52:20,1893.4690909090912,956.9745454545455,1465.2509090909093,15.497106017172337,81.33594577543067,954.6015198451311,10.0,8.154792785644531,,,,,0.0,0.0,1.0
2025-09-02 02:52:23,1891.6072727272729,962.5600000000001,1467.1127272727272,15.477030250523239,81.26016120174867,954.6787353063544,10.0,8.127860069274902,,,,,0.0,0.0,1.0
2025-09-02 02:52:26,1893.4690909090912,960.6981818181819,1465.2509090909093,15.477030250523239,81.41359946117018,954.6787353063544,10.0,8.145378112792969,,,,,0.0,0.0,1.0
2025-09-02 02:52:29,1893.4690909090912,958.8363636363637,1465.2509090909093,15.52220073203207,81.47472885730967,954.6695566236082,10.0,8.15027141571045,,,,,0.0,0.0,1.0
2025-09-02 02:52:32,1893.4690909090912,956.9745454545455,1463.389090909091,15.542276509158546,81.4368558883916,954.647188633404,10.0,8.1547212600708,,,,,0.0,0.0,1.0
2025-09-02 02:52:35,1893.4690909090912,956.9745454545455,1465.2509090909093,15.587447024718859,81.35588941423956,954.6105649647666,10.0,8.152048110961914,,,,,0.0,0.0,1.0
2025-09-02 02:52:38,1891.6072727272729,956.9745454545455,1463.389090909091,15.627598613896406,81.20620693189984,954.6755361625443,10.0,8.139212608337402,,,,,0.0,0.0,1.0
2025-09-02 02:52:41,1891.6072727272729,960.6981818181819,1467.1127272727272,15.592465972347417,80.96980659089185,954.6461168665645,10.0,8.125962257385254,,,,,0.0,0.0,0.0
2025-09-02 02:52:44,1891.6072727272729,960.6981818181819,1465.2509090909093,15.562352290941636,80.84190980636696,954.6522469752387,10.0,8.125425338745117,,,,,0.0,0.0,0.0
2025-09-02 02:52:47,1891.6072727272729,958.8363636363637,1465.2509090909093,15.53725756444037,81.07829794799325,954.6664950214343,10.0,8.134930610656738,,,,,0.0,0.0,0.0
2025-09-02 02:52:50,1891.6072727272729,960.6981818181819,1465.2509090909093,15.52220073203207,81.05982575897998,954.7792670752018,10.0,8.130024909973145,,,,,0.0,0.0,0.0
2025-09-02 03:25:55,1887.8836363636362,955.1127272727273,1459.6654545454546,15.03034564704285,86.38012102765411,954.6959253542184,10.0,8.208852767944336,,,,,0.0,0.0,0.0
2025-09-02 03:25:58,1887.8836363636362,953.2509090909092,1457.8036363636365,15.080534813372651,86.33444900059257,954.7771819777652,10.0,8.212667465209961,,,,,0.0,0.0,0.0
2025-09-02 03:26:01,1886.0218181818184,955.1127272727273,1463.389090909091,15.095591568946839,86.2793575813794,954.7741507273981,10.0,8.195844650268555,,,,,0.0,0.0,0.0
2025-09-02 03:26:04,1887.8836363636362,956.9745454545455,1463.389090909091,15.105629407451488,86.16703026905685,954.8178116237181,10.0,8.198559761047363,,,,,0.0,0.0,0.0
2025-09-02 03:26:07,1887.8836363636362,955.1127272727273,1459.6654545454546,15.075515895429998,85.92570983667196,954.8786884683342,10.0,8.20256519317627,,,,,1.0,1.0,1.0
2025-09-02 03:26:10,1887.8836363636362,955.1127272727273,1455.9418181818182,15.010269988660003,85.68638322209516,954.8004494074609,10.0,8.20145034790039,,,,,0.0,0.0,0.0
2025-09-02 03:26:13,1887.8836363636362,955.1127272727273,1459.6654545454546,14.98015650981688,85.5358209486642,954.7790950392351,10.0,8.20051383972168,,,,,1.0,1.0,1.0
2025-09-02 03:26:16,1887.8836363636362,956.9745454545455,1457.8036363636365,14.94502413107548,85.49245862340248,954.8318197394406,10.0,8.195699691772461,,,,,1.0,1.0,1.0
2025-09-02 03:26:19,1889.7454545454545,958.8363636363637,1459.6654545454546,14.914910674933344,85.56866474864455,954.7830575017853,10.0,8.201678276062012,,,,,0.0,0.0,0.0
2025-09-02 03:26:22,1889.7454545454545,960.6981818181819,1463.389090909091,14.884797229268589,85.53149863316037,954.7068969232948,10.0,8.196188926696777,,,,,1.0,1.0,1.0
2025-09-02 03:26:25,1889.7454545454545,960.6981818181819,1463.389090909091,14.899853950791293,85.782470084167,954.786077189902,10.0,8.19913101196289,,,,,1.0,1.0,1.0
2025-09-02 03:26:28,1889.7454545454545,958.8363636363637,1459.6654545454546,14.904872858547606,85.89635466391249,954.7668037076862,10.0,8.20596694946289,,,,,1.0,1.0,1.0
2025-09-02 03:26:31,1889.7454545454545,956.9745454545455,1459.6654545454546,14.950043041451135,86.00315194515424,954.7851417821701,10.0,8.211548805236816,,,,,1.0,1.0,1.0
2025-09-02 03:26:34,1887.8836363636362,958.8363636363637,1463.389090909091,14.990194334933767,86.00173183023628,954.767943789134,10.0,8.194483757019043,,,,,0.0,1.0,1.0
2025-09-02 03:26:37,1887.8836363636362,955.1127272727273,1457.8036363636365,15.010269988660003,85.95283528022166,954.827854613575,10.0,8.20485782623291,,,,,0.0,1.0,1.0
2025-09-02 03:26:40,1889.7454545454545,958.8363636363637,1461.5272727272727,14.995213247928769,85.91156257194743,954.8034746661584,10.0,8.203300476074219,,,,,1.0,1.0,1.0
2025-09-02 03:26:43,1887.8836363636362,958.8363636363637,1459.6654545454546,14.95506195211783,85.83930226802812,954.7932685286349,10.0,8.193772315979004,,,,,1.0,1.0,1.0
2025-09-02 03:26:46,1887.8836363636362,958.8363636363637,1461.5272727272727,14.94502413107548,85.83257546578996,954.6948082313477,10.0,8.193582534790039,,,,,1.0,1.0,1.0
2025-09-02 03:26:49,1889.7454545454545,956.9745454545455,1459.6654545454546,14.94000522099086,85.80937315653595,954.7962904926225,10.0,8.209547996520996,,,,,1.0,1.0,1.0
2025-09-02 03:26:52,1887.8836363636362,955.1127272727273,1459.6654545454546,14.94502413107548,85.85524868454345,954.8044173945749,10.0,8.205734252929688,,,,,1.0,2.0,2.0
2025-09-02 03:45:56,1882.2981818181818,955.1127272727273,1457.8036363636365,14.754305752459913,88.29318948149054,954.7421645245241,10.0,8.212066650390625,,,,,2.0,2.0,2.0
2025-09-02 03:45:59,1880.4363636363637,953.2509090909092,1454.0800000000002,14.754305752459913,88.31583601669361,954.7695584480266,10.0,8.208226203918457,,,,,1.0,1.0,1.0
2025-09-02 03:46:02,1880.4363636363637,949.5272727272728,1454.0800000000002,14.774381351470947,88.34637693348245,954.7472804212595,10.0,8.219206809997559,,,,,2.0,2.0,2.0
2025-09-02 03:46:05,1882.2981818181818,953.2509090909092,1455.9418181818182,14.764343551383353,88.28298124834603,954.7310254505414,10.0,8.217241287231445,,,,,2.0,2.0,2.0
2025-09-02 03:46:08,1880.4363636363637,949.5272727272728,1452.2181818181818,14.769362451281632,88.21559570600886,954.7391529180505,10.0,8.217733383178711,,,,,1.0,1.0,1.0
2025-09-02 03:46:11,1878.5745454545456,955.1127272727273,1459.6654545454546,14.769362451281632,88.23824355160708,954.6569693015294,10.0,8.190629959106445,,,,,1.0,1.0,1.0
2025-09-02 03:46:14,1882.2981818181818,955.1127272727273,1455.9418181818182,14.784419152722695,88.27954924795031,954.7087450751278,10.0,8.210735321044922,,,,,1.0,1.0,1.0
2025-09-02 03:46:17,1882.2981818181818,951.3890909090909,1454.0800000000002,14.804494758718647,88.42333395289347,954.7960461901162,10.0,8.223611831665039,,,,,2.0,2.0,2.0
2025-09-02 03:46:20,1878.5745454545456,949.5272727272728,1452.2181818181818,14.834608176443727,88.43801263787526,954.7352233417083,10.0,8.208330154418945,,,,,1.0,2.0,2.0
2025-09-02 03:46:23,1882.2981818181818,949.5272727272728,1452.2181818181818,14.82958927276195,88.38082925966334,954.6449047978208,10.0,8.227266311645508,,,,,1.0,2.0,2.0
2025-09-02 03:46:26,1880.4363636363637,951.3890909090909,1455.9418181818182,14.834608176443727,88.44367508022712,954.6804285203975,10.0,8.212396621704102,,,,,1.0,2.0,2.0
2025-09-02 03:46:29,1882.2981818181818,951.3890909090909,1454.0800000000002,14.844645984680392,88.40515510953301,954.5870905724825,10.0,8.221100807189941,,,,,1.0,2.0,2.0
2025-09-02 03:46:32,1878.5745454545456,951.3890909090909,1454.0800000000002,14.874759416375309,88.46513654699487,954.7454423730566,10.0,8.201677322387695,,,,,1.0,2.0,2.0
2025-09-02 03:46:35,1878.5745454545456,949.5272727272728,1455.9418181818182,14.854683794081211,88.39494685455173,954.6855368762448,10.0,8.206907272338867,,,,,1.0,2.0,2.0
2025-09-02 03:46:38,1878.5745454545456,949.5272727272728,1452.2181818181818,14.819551466271514,88.17019876533111,954.6560489141932,10.0,8.205178260803223,,,,,1.0,2.0,2.0
2025-09-02 03:46:41,1880.4363636363637,951.3890909090909,1455.9418181818182,14.7994758567831,88.06038603799792,954.7057307751538,10.0,8.208971977233887,,,,,2.0,2.0,2.0
2025-09-02 03:46:44,1880.4363636363637,951.3890909090909,1452.2181818181818,14.784419152722695,87.94547049129022,954.6813498777249,10.0,8.207948684692383,,,,,1.0,2.0,2.0
2025-09-02 03:46:47,1882.2981818181818,955.1127272727273,1454.0800000000002,14.759324651776115,87.92005278583991,954.6955039117302,10.0,8.207091331481934,,,,,1.0,2.0,2.0
2025-09-02 03:46:50,1880.4363636363637,955.1127272727273,1455.9418181818182,14.754305752459913,87.87420070495777,954.6599828836785,10.0,8.196599960327148,,,,,0.0,1.0,1.0
2025-09-02 03:46:53,1882.2981818181818,951.3890909090909,1452.2181818181818,14.764343551383353,87.86964406152663,954.676236804697,10.0,8.217597007751465,,,,,1.0,2.0,2.0
2025-09-02 04:31:08,1882.2981818181818,955.1127272727273,1455.9418181818182,14.598720018012681,88.85313197486471,954.8736444379003,10.0,8.224762916564941,,,,,1.0,1.0,2.0
2025-09-02 04:31:11,1882.2981818181818,955.1127272727273,1455.9418181818182,14.593701128009707,88.85256742736544,954.8381278352228,10.0,8.22476863861084,,,,,1.0,2.0,3.0
2025-09-02 04:31:14,1880.4363636363637,955.1127272727273,1454.0800000000002,14.583663348876872,88.85709678526153,954.8492555857451,10.0,8.215271949768066,,,,,1.0,2.0,2.0
2025-09-02 04:31:17,1882.2981818181818,953.2509090909092,1455.9418181818182,14.583663348876872,88.86275525930837,954.8766421034519,10.0,8.231091499328613,,,,,1.0,2.0,3.0
2025-09-02 04:31:20,1878.5745454545456,951.3890909090909,1455.9418181818182,14.58868223829777,88.87463700288123,954.829998444542,10.0,8.216682434082031,,,,,1.0,2.0,3.0
2025-09-02 04:31:23,1880.4363636363637,953.2509090909092,1457.8036363636365,14.593701128009707,88.94876251699758,954.86551478474,10.0,8.221830368041992,,,,,1.0,2.0,3.0
2025-09-02 04:31:26,1882.2981818181818,951.3890909090909,1455.9418181818182,14.58868223829777,88.95385525328638,954.8847719117656,10.0,8.237774848937988,,,,,1.0,2.0,3.0
2025-09-02 04:31:29,1882.2981818181818,951.3890909090909,1455.9418181818182,14.583663348876872,88.95328953148827,954.8766421034519,10.0,8.237899780273438,,,,,1.0,2.0,3.0
2025-09-02 04:31:32,1882.2981818181818,955.1127272727273,1459.6654545454546,14.593701128009707,89.005346560862,954.8929017558562,10.0,8.226893424987793,,,,,1.0,2.0,3.0
2025-09-02 04:31:35,1882.2981818181818,953.2509090909092,1455.9418181818182,14.58868223829777,88.99346366910612,954.9395454653848,10.0,8.232820510864258,,,,,1.0,2.0,3.0
2025-09-02 04:31:38,1882.2981818181818,953.2509090909092,1455.9418181818182,14.58868223829777,88.99346366910612,954.8847719117656,10.0,8.232569694519043,,,,,0.0,0.0,2.0
2025-09-02 04:31:41,1882.2981818181818,951.3890909090909,1454.0800000000002,14.583663348876872,88.97592271348346,954.8766421034519,10.0,8.238181114196777,,,,,1.0,2.0,3.0
2025-09-02 04:31:44,1880.4363636363637,951.3890909090909,1457.8036363636365,14.57864445974701,89.02628024308014,954.8137397705091,10.0,8.22874927520752,,,,,1.0,2.0,3.0
2025-09-02 04:31:47,1882.2981818181818,949.5272727272728,1454.0800000000002,14.598720018012681,89.05117989189351,954.8462572616778,10.0,8.244156837463379,,,,,1.0,2.0,2.0
2025-09-02 04:31:50,1884.16,958.8363636363637,1459.6654545454546,14.613776689767837,89.08683124082403,954.870645755667,10.0,8.22567081451416,,,,,1.0,2.0,2.0
2025-09-02 04:31:53,1880.4363636363637,953.2509090909092,1457.8036363636365,14.613776689767837,89.10380662949066,954.870645755667,10.0,8.22309398651123,,,,,0.0,1.0,1.0
2025-09-02 04:31:56,1880.4363636363637,953.2509090909092,1459.6654545454546,14.603738908306696,89.06306346738067,954.8817741268335,10.0,8.222973823547363,,,,,1.0,2.0,3.0
2025-09-02 04:31:59,1882.2981818181818,951.3890909090909,1454.0800000000002,14.613776689767837,89.09248971336547,954.870645755667,10.0,8.238577842712402,,,,,1.0,2.0,2.0
2025-09-02 04:32:02,1882.2981818181818,951.3890909090909,1454.0800000000002,14.623814472393132,89.08230688885877,954.8321283757799,10.0,8.237943649291992,,,,,0.0,0.0,0.0
2025-09-02 04:32:05,1880.4363636363637,953.2509090909092,1457.8036363636365,14.613776689767837,89.01892881742552,954.870645755667,10.0,8.222044944763184,,,,,1.0,1.0,1.0
2025-09-02 04:32:08,1880.4363636363637,953.2509090909092,1455.9418181818182,14.603738908306696,89.00082061768623,954.9091615513619,10.0,8.222332000732422,,,,,1.0,1.0,1.0
2025-09-02 04:32:11,1882.2981818181818,955.1127272727273,1459.6654545454546,14.603738908306696,89.01779605615576,954.9091615513619,10.0,8.226777076721191,,,,,0.0,0.0,0.0
2025-09-02 04:32:14,1882.2981818181818,953.2509090909092,1457.8036363636365,14.603738908306696,89.04608826056233,954.8543867239049,10.0,8.232574462890625,,,,,0.0,0.0,0.0
2025-09-02 04:32:17,1882.2981818181818,953.2509090909092,1457.8036363636365,14.593701128009707,88.99402982930263,954.8929017558562,10.0,8.232446670532227,,,,,0.0,0.0,0.0
2025-09-02 04:32:20,1878.5745454545456,953.2509090909092,1457.8036363636365,14.608757798891748,88.96743528905776,954.8899038515369,10.0,8.211721420288086,,,,,0.0,0.0,0.0
2025-09-02 04:32:23,1882.2981818181818,949.5272727272728,1454.0800000000002,14.603738908306696,88.93291799511613,954.8543867239049,10.0,8.242568016052246,,,,,0.0,0.0,0.0
2025-09-02 04:32:26,1882.2981818181818,955.1127272727273,1459.6654545454546,14.603738908306696,88.91028347872451,954.8543867239049,10.0,8.225210189819336,,,,,0.0,0.0,0.0
2025-09-02 04:32:29,1882.2981818181818,955.1127272727273,1459.6654545454546,14.593701128009707,88.94310405952685,954.8381278352228,10.0,8.225881576538086,,,,,0.0,0.0,0.0
2025-09-02 04:32:32,1880.4363636363637,953.2509090909092,1457.8036363636365,14.583663348876872,88.93065619507318,954.9040286427573,10.0,8.222114562988281,,,,,0.0,0.0,0.0
2025-09-02 04:32:35,1882.2981818181818,951.3890909090909,1455.9418181818182,14.573625570908188,88.9295252334447,954.887768680062,10.0,8.237995147705078,,,,,0.0,0.0,0.0
2025-09-02 04:32:38,1880.4363636363637,953.2509090909092,1454.0800000000002,14.573625570908188,88.9295252334447,954.887768680062,10.0,8.22236442565918,,,,,0.0,0.0,0.0
2025-09-02 04:32:41,1880.4363636363637,953.2509090909092,1457.8036363636365,14.56358779410366,88.95102654161748,954.8441232280053,10.0,8.222770690917969,,,,,0.0,0.0,0.0
2025-09-02 04:32:44,1882.2981818181818,953.2509090909092,1455.9418181818182,14.553550018463284,88.94989498507498,954.7730937115972,10.0,8.232707023620605,,,,,0.0,1.0,1.0
2025-09-02 04:32:47,1880.4363636363637,955.1127272727273,1459.6654545454546,14.553550018463284,89.00647380483449,954.8826343847724,10.0,8.218268394470215,,,,,0.0,1.0,1.0
2025-09-02 04:32:50,1880.4363636363637,955.1127272727273,1457.8036363636365,14.543512243987061,89.0506022608515,954.838989650831,10.0,8.218955993652344,,,,,1.0,1.0,1.0
2025-09-02 04:32:53,1880.4363636363637,951.3890909090909,1459.6654545454546,14.538493357185507,89.08398050477177,954.8582444584849,10.0,8.231002807617188,,,,,1.0,1.0,1.0
2025-09-02 04:32:56,1882.2981818181818,951.3890909090909,1455.9418181818182,14.543512243987061,89.1184931062073,954.9211439574849,10.0,8.241476058959961,,,,,0.0,0.0,0.0
2025-09-02 04:32:59,1880.4363636363637,951.3890909090909,1455.9418181818182,14.553550018463284,89.19883457388158,954.9100196070572,10.0,8.23215103149414,,,,,1.0,1.0,1.0
2025-09-02 04:33:02,1880.4363636363637,949.5272727272728,1455.9418181818182,14.56358779410366,89.24523253204156,954.8988945145898,10.0,8.23802661895752,,,,,0.0,0.0,0.0
2025-09-02 04:33:05,1880.4363636363637,949.5272727272728,1457.8036363636365,14.613776689767837,89.33013684382992,954.8432579209247,10.0,8.237136840820312,,,,,1.0,1.0,1.0
2025-09-02 04:34:08,1876.7127272727273,947.6654545454545,1455.9418181818182,14.774381351470947,89.05402930116198,954.8842546813172,10.0,8.214362144470215,,,,,1.0,2.0,2.0
2025-09-02 04:34:11,1872.989090909091,945.8036363636364,1454.0800000000002,14.864721604646183,89.13216038198625,954.9483793832121,10.0,8.198408126831055,,,,,1.0,1.0,1.0
2025-09-02 04:34:14,1876.7127272727273,947.6654545454545,1455.9418181818182,14.92996740169474,89.11687813131438,954.7800367956172,10.0,8.209451675415039,,,,,1.0,1.0,1.0
2025-09-02 04:34:17,1874.8509090909092,943.9418181818181,1452.2181818181818,14.965099774324335,89.05854958712358,954.7821189198356,10.0,8.209017753601074,,,,,1.0,1.0,1.0
2025-09-02 04:34:20,1874.8509090909092,943.9418181818181,1454.0800000000002,15.02532673201058,89.00303374480931,954.8522348814354,10.0,8.206624984741211,,,,,1.0,1.0,1.0
2025-09-02 04:34:23,1874.8509090909092,945.8036363636364,1454.0800000000002,15.045402393885889,88.84102675210649,954.8025220882961,10.0,8.198053359985352,,,,,0.0,0.0,0.0
2025-09-02 04:34:26,1874.8509090909092,945.8036363636364,1454.0800000000002,15.03034564704285,88.76570122105174,954.7781434340717,10.0,8.197508811950684,,,,,1.0,2.0,2.0
2025-09-02 04:34:29,1871.1272727272728,943.9418181818181,1452.2181818181818,15.055440226569772,88.76851169713476,954.8461819060643,10.0,8.182836532592773,,,,,1.0,2.0,2.0
2025-09-02 04:34:32,1871.1272727272728,945.8036363636364,1455.9418181818182,15.085553731606343,88.69257115213367,954.867533398719,10.0,8.175298690795898,,,,,1.0,1.0,1.0
2025-09-02 04:34:35,1872.989090909091,942.08,1450.3563636363638,15.080534813372651,88.55604240273624,954.8319985445444,10.0,8.194939613342285,,,,,0.0,0.0,0.0
2025-09-02 04:34:38,1874.8509090909092,945.8036363636364,1454.0800000000002,15.095591568946839,88.62570792411452,954.8563775859845,10.0,8.193955421447754,,,,,1.0,1.0,1.0
2025-09-02 04:34:41,1872.989090909091,945.8036363636364,1455.9418181818182,15.075515895429998,88.55548281554954,954.8512803576248,10.0,8.183801651000977,,,,,1.0,1.0,2.0
2025-09-02 04:34:44,1872.989090909091,943.9418181818181,1452.2181818181818,15.105629407451488,88.58150312615375,954.8452210301095,10.0,8.188779830932617,,,,,1.0,2.0,3.0
2025-09-02 04:34:47,1872.989090909091,943.9418181818181,1450.3563636363638,15.105629407451488,88.50784800034474,954.8178116237181,10.0,8.187750816345215,,,,,1.0,1.0,2.0
2025-09-02 04:34:50,1872.989090909091,945.8036363636364,1450.3563636363638,15.080534813372651,88.43140051041797,954.8868151978553,10.0,8.182270050048828,,,,,1.0,1.0,2.0
2025-09-02 04:34:53,1872.989090909091,945.8036363636364,1454.0800000000002,15.045402393885889,88.44448860925569,954.8573356102223,10.0,8.1834716796875,,,,,1.0,1.0,2.0
2025-09-02 04:34:56,1871.1272727272728,943.9418181818181,1450.3563636363638,15.005251074791886,88.44568544623323,954.8197279288289,10.0,8.180419921875,,,,,1.0,1.0,2.0
2025-09-02 04:34:59,1872.989090909091,949.5272727272728,1455.9418181818182,14.990194334933767,88.55729680333481,954.7953480882379,10.0,8.175048828125,,,,,1.0,1.0,2.0
2025-09-02 04:35:02,1871.1272727272728,945.8036363636364,1452.2181818181818,15.055440226569772,88.67787452237242,954.8461819060643,10.0,8.176019668579102,,,,,1.0,1.0,3.0
2025-09-02 04:35:05,1872.989090909091,945.8036363636364,1454.0800000000002,15.140761851385468,88.70440871234781,954.8198726991475,10.0,8.183310508728027,,,,,1.0,2.0,2.0
2025-09-02 04:42:08,1874.8509090909092,949.5272727272728,1450.3563636363638,14.94502413107548,87.64594419083218,954.8044173945749,10.0,8.175315856933594,,,,,1.0,1.0,1.0
2025-09-02 04:42:11,1874.8509090909092,951.3890909090909,1452.2181818181818,14.92996740169474,87.60463946172575,954.8074384602471,10.0,8.169632911682129,,,,,0.0,1.0,1.0
2025-09-02 04:42:14,1874.8509090909092,949.5272727272728,1450.3563636363638,14.919929583562771,87.62620065697172,954.9007895130886,10.0,8.176349639892578,,,,,1.0,1.0,1.0
2025-09-02 04:42:17,1872.989090909091,947.6654545454545,1450.3563636363638,14.909891766594956,87.73273111973678,954.9119346995228,10.0,8.17380428314209,,,,,1.0,1.0,1.0
2025-09-02 04:42:20,1872.989090909091,945.8036363636364,1448.4945454545457,14.904872858547606,87.84546961017118,954.9312073472273,10.0,8.18113899230957,,,,,1.0,1.0,1.0
2025-09-02 04:42:23,1872.989090909091,947.6654545454545,1448.4945454545457,14.904872858547606,87.90777708839639,954.8764060475639,10.0,8.175966262817383,,,,,1.0,1.0,1.0
2025-09-02 04:42:26,1874.8509090909092,949.5272727272728,1450.3563636363638,14.899853950791293,87.91855263830954,954.8956787092964,10.0,8.180595397949219,,,,,1.0,1.0,1.0
2025-09-02 04:42:29,1874.8509090909092,947.6654545454545,1448.4945454545457,14.89483504332602,87.88967897321068,954.9149509748172,10.0,8.186182975769043,,,,,1.0,1.0,1.0
2025-09-02 04:42:32,1874.8509090909092,951.3890909090909,1454.0800000000002,14.884797229268589,87.88857364957647,954.8438952592893,10.0,8.1748046875,,,,,1.0,1.0,1.0
2025-09-02 04:42:35,1874.8509090909092,951.3890909090909,1454.0800000000002,14.869740510365228,87.83594060813901,954.8469115943074,10.0,8.174674034118652,,,,,0.0,0.0,0.0
2025-09-02 04:42:38,1876.7127272727273,951.3890909090909,1452.2181818181818,14.859702699218179,87.85182769814082,954.858054794575,10.0,8.185194969177246,,,,,1.0,1.0,1.0
2025-09-02 04:42:41,1872.989090909091,947.6654545454545,1448.4945454545457,14.854683794081211,87.83994791784,954.8225285182293,10.0,8.176572799682617,,,,,1.0,1.0,1.0
2025-09-02 04:42:44,1876.7127272727273,949.5272727272728,1450.3563636363638,14.834608176443727,87.83773895341771,954.8448132437205,10.0,8.19149398803711,,,,,1.0,1.0,1.0
2025-09-02 04:42:47,1874.8509090909092,947.6654545454545,1452.2181818181818,14.834608176443727,87.83207547719489,954.8448132437205,10.0,8.187180519104004,,,,,1.0,1.0,1.0
2025-09-02 04:42:50,1874.8509090909092,949.5272727272728,1450.3563636363638,14.814532563462853,87.8751720918096,954.839698354534,10.0,8.182670593261719,,,,,1.0,1.0,1.0
2025-09-02 04:42:53,1876.7127272727273,951.3890909090909,1455.9418181818182,14.804494758718647,87.8967185662851,954.8508385500359,10.0,8.187567710876465,,,,,1.0,1.0,1.0
2025-09-02 04:42:56,1874.8509090909092,947.6654545454545,1454.0800000000002,14.794456955138594,87.94657776492885,954.8345822440648,10.0,8.189891815185547,,,,,1.0,1.0,1.0
2025-09-02 04:42:59,1874.8509090909092,947.6654545454545,1450.3563636363638,14.784419152722695,88.01342143713903,954.7909307970114,10.0,8.190849304199219,,,,,1.0,1.0,1.0
2025-09-02 04:43:02,1874.8509090909092,947.6654545454545,1452.2181818181818,14.82958927276195,88.1316708004984,954.7818907714791,10.0,8.190753936767578,,,,,1.0,1.0,1.0
2025-09-02 04:43:05,1874.8509090909092,943.9418181818181,1452.2181818181818,14.94000522099086,88.33647281317872,954.8236926107423,10.0,8.201149940490723,,,,,1.0,1.0,1.0
2025-09-02 06:00:12,1886.0218181818184,956.9745454545455,1465.2509090909093,14.914910674933344,82.99422256623582,954.2076413698841,10.0,8.153192520141602,,,,,0.0,0.0,0.0
2025-09-02 06:00:15,1887.8836363636362,962.5600000000001,1467.1127272727272,14.914910674933344,83.10767606612343,954.262442495448,10.0,8.147704124450684,,,,,0.0,0.0,0.0
2025-09-02 06:00:18,1889.7454545454545,960.6981818181819,1468.9745454545455,14.909891766594956,83.26033201802043,954.3091206471886,10.0,8.1655912399292,,,,,0.0,0.0,0.0
2025-09-02 06:00:21,1887.8836363636362,958.8363636363637,1465.2509090909093,14.889816136151785,83.33206648371426,954.3314277934812,10.0,8.163005828857422,,,,,0.0,0.0,0.0
2025-09-02 06:00:24,1887.8836363636362,958.8363636363637,1468.9745454545455,14.889816136151785,83.32072272416137,954.2766287622958,10.0,8.162614822387695,,,,,0.0,0.0,0.0
2025-09-02 06:00:27,1886.0218181818184,958.8363636363637,1467.1127272727272,14.869740510365228,83.31871906739727,954.2715360454928,10.0,8.153314590454102,,,,,0.0,0.0,0.0
2025-09-02 06:00:30,1889.7454545454545,958.8363636363637,1465.2509090909093,14.864721604646183,83.38060478924798,954.236014708085,10.0,8.173951148986816,,,,,0.0,0.0,0.0
2025-09-02 06:00:33,1887.8836363636362,956.9745454545455,1467.1127272727272,14.869740510365228,83.44349263645715,954.3263333060604,10.0,8.170720100402832,,,,,0.0,0.0,0.0
2025-09-02 06:00:36,1887.8836363636362,958.8363636363637,1468.9745454545455,14.869740510365228,83.55124786382885,954.2441374476367,10.0,8.165984153747559,,,,,0.0,0.0,0.0
2025-09-02 06:00:39,1887.8836363636362,956.9745454545455,1467.1127272727272,14.859702699218179,83.53889846614767,954.227892004182,10.0,8.171784400939941,,,,,0.0,0.0,0.0
2025-09-02 06:00:42,1887.8836363636362,958.8363636363637,1467.1127272727272,14.869740510365228,83.51154897541782,954.2989346649675,10.0,8.165740966796875,,,,,0.0,1.0,1.0
2025-09-02 06:00:45,1887.8836363636362,956.9745454545455,1465.2509090909093,14.89483504332602,83.67286616960436,954.2299522818917,10.0,8.172266960144043,,,,,1.0,1.0,1.0
2025-09-02 06:00:48,1887.8836363636362,956.9745454545455,1467.1127272727272,14.889816136151785,83.61564790831129,954.2766287622958,10.0,8.171942710876465,,,,,0.0,0.0,0.0
2025-09-02 06:00:51,1889.7454545454545,956.9745454545455,1467.1127272727272,14.874759416375309,83.60279274119986,954.252260222836,10.0,8.18211555480957,,,,,0.0,0.0,0.0
2025-09-02 06:00:54,1887.8836363636362,962.5600000000001,1468.9745454545455,14.874759416375309,83.51205209169397,954.3070578936282,10.0,8.1542387008667,,,,,0.0,0.0,0.0
2025-09-02 06:00:57,1887.8836363636362,956.9745454545455,1465.2509090909093,14.874759416375309,83.5857790578679,954.2796590474228,10.0,8.172090530395508,,,,,0.0,0.0,0.0
2025-09-02 06:01:00,1889.7454545454545,956.9745454545455,1465.2509090909093,14.874759416375309,83.70487301467257,954.3070578936282,10.0,8.18362045288086,,,,,1.0,1.0,1.0
2025-09-02 06:01:03,1887.8836363636362,956.9745454545455,1467.1127272727272,14.874759416375309,83.8126210175104,954.252260222836,10.0,8.174764633178711,,,,,1.0,1.0,1.0
2025-09-02 06:01:06,1887.8836363636362,956.9745454545455,1467.1127272727272,14.87977832267643,84.14202463665579,954.2329840039808,10.0,8.178565979003906,,,,,0.0,1.0,1.0
2025-09-02 06:01:09,1887.8836363636362,955.1127272727273,1463.389090909091,14.909891766594956,84.35489683550527,954.2269195417527,10.0,8.18584156036377,,,,,0.0,1.0,1.0
2025-09-02 06:23:16,1880.4363636363637,947.6654545454545,1461.5272727272727,15.065478060417808,84.5806525453979,954.2868788578223,10.0,8.166699409484863,,,,,0.0,1.0,1.0
2025-09-02 06:23:20,1878.5745454545456,945.8036363636364,1459.6654545454546,15.11566724712029,84.66521453959446,954.3406899520919,10.0,8.162059783935547,,,,,0.0,1.0,1.0
2025-09-02 06:23:23,1878.5745454545456,945.8036363636364,1455.9418181818182,15.165856462926603,84.64200216111274,954.4219118042533,10.0,8.160459518432617,,,,,0.0,1.0,1.0
2025-09-02 06:23:26,1876.7127272727273,945.8036363636364,1459.6654545454546,15.206007856526412,84.53264510387608,954.3772378515928,10.0,8.147627830505371,,,,,1.0,1.0,1.0
2025-09-02 06:23:29,1876.7127272727273,943.9418181818181,1461.5272727272727,15.246159268752672,84.45731059322351,954.3599671980635,10.0,8.150970458984375,,,,,1.0,2.0,2.0
2025-09-02 06:23:32,1876.7127272727273,949.5272727272728,1465.2509090909093,15.26623498185072,84.38558738947731,954.3924528569531,10.0,8.132486343383789,,,,,1.0,2.0,2.0
2025-09-02 06:23:35,1878.5745454545456,945.8036363636364,1459.6654545454546,15.296348560228944,84.37163169028648,954.3863475093312,10.0,8.152597427368164,,,,,1.0,2.0,2.0
2025-09-02 06:23:38,1876.7127272727273,943.9418181818181,1459.6654545454546,15.346537880809047,84.21781393439453,954.3304635214471,10.0,8.144521713256836,,,,,0.0,1.0,1.0
2025-09-02 06:23:41,1872.989090909091,943.9418181818181,1457.8036363636365,15.386689358227887,84.10835242630996,954.3131642719118,10.0,8.121881484985352,,,,,0.0,1.0,1.0
2025-09-02 06:23:44,1876.7127272727273,945.8036363636364,1461.5272727272727,15.39672723049298,83.94472814498859,954.3294044807942,10.0,8.133787155151367,,,,,1.0,2.0,2.0
2025-09-02 06:23:47,1874.8509090909092,943.9418181818181,1459.6654545454546,15.391708294214913,83.80228518954085,954.3212843586343,10.0,8.127920150756836,,,,,1.0,2.0,2.0
2025-09-02 06:23:50,1876.7127272727273,949.5272727272728,1463.389090909091,15.401746167062083,83.69541637013099,954.3649466672167,10.0,8.1193208694458,,,,,1.0,2.0,2.0
2025-09-02 06:23:53,1874.8509090909092,949.5272727272728,1459.6654545454546,15.346537880809047,83.38897242503278,954.3578831205347,10.0,8.107427597045898,,,,,0.0,0.0,0.0
2025-09-02 06:23:56,1876.7127272727273,949.5272727272728,1463.389090909091,15.276272840145975,83.28546133345995,954.4086958993453,10.0,8.118675231933594,,,,,0.0,1.0,1.0
2025-09-02 06:23:59,1876.7127272727273,947.6654545454545,1459.6654545454546,15.261216053139652,83.40317362339326,954.384331388991,10.0,8.126208305358887,,,,,1.0,1.0,1.0
2025-09-02 06:24:02,1878.5745454545456,949.5272727272728,1463.389090909091,15.226083560311235,83.22370442140651,954.3548964150174,10.0,8.129290580749512,,,,,0.0,0.0,0.0
2025-09-02 06:24:05,1876.7127272727273,947.6654545454545,1457.8036363636365,15.211026782036061,83.13138730266077,954.3853596093583,10.0,8.12454891204834,,,,,1.0,1.0,1.0
2025-09-02 06:24:08,1878.5745454545456,951.3890909090909,1461.5272727272727,15.19597000638023,83.1809793933322,954.3609944426066,10.0,8.124103546142578,,,,,1.0,1.0,1.0
2025-09-02 06:24:11,1878.5745454545456,949.5272727272728,1461.5272727272727,15.236121413949878,83.29281975693146,954.4533837571958,10.0,8.130240440368652,,,,,1.0,1.0,1.0
2025-09-02 06:24:14,1878.5745454545456,949.5272727272728,1461.5272727272727,15.286310699605384,83.43406108145001,954.3701050901906,10.0,8.129929542541504,,,,,1.0,1.0,1.0
2025-09-02 07:06:19,1865.5418181818181,943.9418181818181,1454.0800000000002,15.276272840145975,81.66713230547336,954.4635290723018,10.0,8.05644702911377,,,,,0.0,0.0,0.0
2025-09-02 07:06:22,1863.68,945.8036363636364,1457.8036363636365,15.276272840145975,81.70689015822639,954.4086958993453,10.0,8.041067123413086,,,,,0.0,0.0,0.0
2025-09-02 07:06:25,1865.5418181818181,943.9418181818181,1454.0800000000002,15.246159268752672,81.48250269939973,954.4147976496788,10.0,8.054971694946289,,,,,0.0,0.0,0.0
2025-09-02 07:06:28,1861.818181818182,943.9418181818181,1452.2181818181818,15.246159268752672,81.49954160766423,954.4422129079533,10.0,8.035428047180176,,,,,1.0,1.0,1.0
2025-09-02 07:06:31,1865.5418181818181,943.9418181818181,1454.0800000000002,15.246159268752672,81.59609377546704,954.387382413049,10.0,8.056248664855957,,,,,1.0,1.0,1.0
2025-09-02 07:06:34,1865.5418181818181,943.9418181818181,1452.2181818181818,15.221064633928473,81.44603178708354,954.4564315451483,10.0,8.055545806884766,,,,,0.0,0.0,0.0
2025-09-02 07:06:37,1867.4036363636365,943.9418181818181,1452.2181818181818,15.19597000638023,81.60832750439243,954.4432335440735,10.0,8.068260192871094,,,,,0.0,0.0,0.0
2025-09-02 07:06:40,1867.4036363636365,943.9418181818181,1454.0800000000002,15.200988931307801,81.76213339154687,954.4513559111216,10.0,8.070026397705078,,,,,0.0,0.0,0.0
2025-09-02 07:06:43,1865.5418181818181,943.9418181818181,1455.9418181818182,15.19597000638023,81.95471532749134,954.4432335440735,10.0,8.062590599060059,,,,,0.0,0.0,0.0
2025-09-02 07:06:46,1865.5418181818181,945.8036363636364,1454.0800000000002,15.155818617437035,81.87135104160699,954.4879010682068,10.0,8.057422637939453,,,,,0.0,0.0,0.0
2025-09-02 07:06:49,1865.5418181818181,943.9418181818181,1452.2181818181818,15.165856462926603,81.87231825956957,954.4493235423807,10.0,8.062615394592285,,,,,0.0,0.0,0.0
2025-09-02 07:06:52,1867.4036363636365,945.8036363636364,1455.9418181818182,15.155818617437035,81.84863970737977,954.4330784341047,10.0,8.066832542419434,,,,,0.0,0.0,0.0
2025-09-02 07:06:55,1865.5418181818181,943.9418181818181,1452.2181818181818,15.12068616739125,81.7544162488328,954.458450896171,10.0,8.06271743774414,,,,,0.0,0.0,0.0
2025-09-02 07:06:58,1869.2654545454548,947.6654545454545,1457.8036363636365,15.095591568946839,81.88825496068259,954.4178365901239,10.0,8.073511123657227,,,,,0.0,0.0,0.0
2025-09-02 07:07:01,1869.2654545454548,945.8036363636364,1455.9418181818182,15.075515895429998,81.98282215437594,954.4675690791165,10.0,8.08126163482666,,,,,0.0,1.0,1.0
2025-09-02 07:07:04,1869.2654545454548,945.8036363636364,1454.0800000000002,15.065478060417808,82.01023400373646,954.5061372599012,10.0,8.082110404968262,,,,,0.0,0.0,0.0
2025-09-02 07:07:07,1867.4036363636365,945.8036363636364,1455.9418181818182,15.03034564704285,82.05791859632434,954.3944607268911,10.0,8.07343578338623,,,,,1.0,1.0,1.0
2025-09-02 07:07:10,1869.2654545454548,945.8036363636364,1455.9418181818182,15.02030781726935,81.83558519750281,954.4330254665479,10.0,8.081149101257324,,,,,1.0,1.0,1.0
2025-09-02 07:07:13,1869.2654545454548,945.8036363636364,1455.9418181818182,15.015288902819156,81.77266441434499,954.4249021118824,10.0,8.080503463745117,,,,,0.0,0.0,0.0
2025-09-02 07:07:16,1871.1272727272728,947.6654545454545,1455.9418181818182,14.995213247928769,81.56071767795478,954.3924090491648,10.0,8.082664489746094,,,,,0.0,0.0,0.0
2025-09-02 07:28:20,1843.2000000000003,930.909090909091,1444.770909090909,15.858470613136888,79.41304912065965,954.5826427236757,10.0,7.930334568023682,,,,,0.0,0.0,0.0
2025-09-02 07:28:23,1843.2000000000003,934.6327272727274,1450.3563636363638,15.79824307570234,79.418986167486,954.6498512265887,10.0,7.921347141265869,,,,,0.0,0.0,0.0
2025-09-02 07:28:26,1845.0618181818181,932.7709090909091,1448.4945454545457,15.732996624108637,79.25377555824952,954.6540380860124,10.0,7.937140941619873,,,,,0.0,0.0,0.0
2025-09-02 07:28:29,1845.0618181818181,934.6327272727274,1450.3563636363638,15.647674415470101,79.0412885937625,954.6257233772462,10.0,7.9315643310546875,,,,,0.0,1.0,1.0
2025-09-02 07:28:32,1845.0618181818181,932.7709090909091,1448.4945454545457,15.61254176577204,79.08364659245657,954.6511716981995,10.0,7.939069747924805,,,,,0.0,1.0,1.0
2025-09-02 07:28:35,1846.9236363636364,936.4945454545455,1450.3563636363638,15.577409130334853,79.27956796710514,954.621752464313,10.0,7.941076755523682,,,,,0.0,0.0,0.0
2025-09-02 07:28:38,1845.0618181818181,932.7709090909091,1446.6327272727274,15.57239018357941,79.4895513083993,954.5862013490728,10.0,7.9451189041137695,,,,,0.0,1.0,1.0
2025-09-02 07:28:41,1846.9236363636364,936.4945454545455,1448.4945454545457,15.577409130334853,79.85397729522929,954.6491824313578,10.0,7.948272705078125,,,,,0.0,1.0,1.0
2025-09-02 07:28:44,1848.7854545454547,938.3563636363637,1452.2181818181818,15.607522816979326,79.82261085478079,954.6156189961656,10.0,7.95097541809082,,,,,0.0,1.0,1.0
2025-09-02 07:28:47,1846.9236363636364,932.7709090909091,1448.4945454545457,15.577409130334853,79.842603812917,954.621752464313,10.0,7.9593987464904785,,,,,0.0,1.0,1.0
2025-09-02 07:28:50,1845.0618181818181,936.4945454545455,1452.2181818181818,15.562352290941636,80.06299420838968,954.6796763051642,10.0,7.941558361053467,,,,,0.0,0.0,0.0
2025-09-02 07:28:53,1846.9236363636364,936.4945454545455,1450.3563636363638,15.57239018357941,80.02979987074995,954.6136310676325,10.0,7.95045280456543,,,,,0.0,1.0,1.0
2025-09-02 07:28:56,1846.9236363636364,934.6327272727274,1446.6327272727274,15.52721967587713,79.77546245285676,954.6502510150007,10.0,7.9546895027160645,,,,,0.0,1.0,1.0
2025-09-02 07:28:59,1845.0618181818181,932.7709090909091,1448.4945454545457,15.507143902243115,80.00105800863932,954.6726172051094,10.0,7.953996658325195,,,,,0.0,1.0,1.0
2025-09-02 07:29:02,1848.7854545454547,934.6327272727274,1450.3563636363638,15.507143902243115,80.17162066863366,954.5903365701905,10.0,7.96990966796875,,,,,0.0,1.0,1.0
2025-09-02 07:29:05,1848.7854545454547,934.6327272727274,1448.4945454545457,15.542276509158546,80.33974523302454,954.6746170777324,10.0,7.97117805480957,,,,,0.0,1.0,2.0
2025-09-02 07:29:08,1846.9236363636364,930.909090909091,1446.6327272727274,15.57239018357941,80.39939320984328,954.6684905697531,10.0,7.972325325012207,,,,,0.0,1.0,2.0
2025-09-02 07:29:11,1848.7854545454547,932.7709090909091,1450.3563636363638,15.61756071485579,80.43770123248963,954.659293150961,10.0,7.97548770904541,,,,,0.0,0.0,1.0
2025-09-02 07:29:14,1846.9236363636364,927.1854545454546,1444.770909090909,15.662731269706274,80.45326783663668,954.5952191347166,10.0,7.981017112731934,,,,,0.0,0.0,2.0
2025-09-02 07:29:17,1846.9236363636364,929.0472727272728,1448.4945454545457,15.667750221700407,80.40255145779435,954.630773726635,10.0,7.974693298339844,,,,,0.0,0.0,1.0
2025-09-02 07:41:20,1841.338181818182,932.7709090909091,1446.6327272727274,15.763110364886234,78.471153241573,954.7302010792052,10.0,7.90696907043457,,,,,0.0,0.0,0.0
2025-09-02 07:41:23,1841.338181818182,932.7709090909091,1448.4945454545457,15.67276917398558,78.32091248182799,954.6663288292169,10.0,7.907855987548828,,,,,0.0,0.0,0.0
2025-09-02 07:41:26,1843.2000000000003,932.7709090909091,1446.6327272727274,15.61756071485579,78.24208322910316,954.5769980011536,10.0,7.918267726898193,,,,,0.0,0.0,0.0
2025-09-02 07:41:29,1845.0618181818181,934.6327272727274,1448.4945454545457,15.562352290941636,78.37377135467375,954.6522469752387,10.0,7.926321983337402,,,,,0.0,1.0,1.0
2025-09-02 07:41:32,1845.0618181818181,930.909090909091,1444.770909090909,15.557333345059305,78.70896242970012,954.6989834589293,10.0,7.9422078132629395,,,,,0.0,1.0,1.0
2025-09-02 07:41:35,1846.9236363636364,938.3563636363637,1450.3563636363638,15.582428077381337,79.03543759344154,954.6573040902265,10.0,7.932375431060791,,,,,0.0,1.0,1.0
2025-09-02 07:41:38,1845.0618181818181,930.909090909091,1448.4945454545457,15.68280707942904,79.31183334632672,954.6825712573402,10.0,7.945357799530029,,,,,0.0,1.0,1.0
2025-09-02 07:41:41,1846.9236363636364,932.7709090909091,1446.6327272727274,15.753072450129547,79.29541411422426,954.7413966363899,10.0,7.947308540344238,,,,,0.0,1.0,1.0
2025-09-02 07:41:44,1845.0618181818181,932.7709090909091,1446.6327272727274,15.788205156871118,79.23598664010265,954.7159285703316,10.0,7.935354709625244,,,,,0.0,1.0,1.0
2025-09-02 07:41:47,1846.9236363636364,932.7709090909091,1446.6327272727274,15.858470613136888,79.33337225038325,954.6924119721293,10.0,7.944025993347168,,,,,0.0,1.0,1.0
2025-09-02 07:41:50,1846.9236363636364,930.909090909091,1446.6327272727274,15.918698192480951,79.28188264742289,954.6526319870093,10.0,7.94688606262207,,,,,0.0,1.0,1.0
2025-09-02 07:41:53,1845.0618181818181,930.909090909091,1444.770909090909,15.88858439757023,78.83518445053261,954.6862465141264,10.0,7.932609558105469,,,,,0.0,1.0,1.0
2025-09-02 07:41:56,1845.0618181818181,932.7709090909091,1446.6327272727274,15.81329995613196,78.67480393163352,954.6742121254009,10.0,7.927412986755371,,,,,0.0,0.0,0.0
2025-09-02 07:41:59,1846.9236363636364,932.7709090909091,1448.4945454545457,15.717939757648855,78.36472588855563,954.6845484705061,10.0,7.936770439147949,,,,,0.0,0.0,0.0
2025-09-02 07:42:02,1846.9236363636364,932.7709090909091,1442.909090909091,15.647674415470101,78.25041967491993,954.6805895106768,10.0,7.9377031326293945,,,,,0.0,0.0,0.0
2025-09-02 07:42:05,1846.9236363636364,934.6327272727274,1446.6327272727274,15.587447024718859,78.17116073142964,954.6654257844635,10.0,7.932981491088867,,,,,0.0,0.0,0.0
2025-09-02 07:42:08,1845.0618181818181,932.7709090909091,1444.770909090909,15.542276509158546,78.34924518206195,954.6746170777324,10.0,7.9324846267700195,,,,,0.0,0.0,0.0
2025-09-02 07:42:11,1848.7854545454547,934.6327272727274,1446.6327272727274,15.497106017172337,78.40214449853309,954.7386521851873,10.0,7.949118614196777,,,,,0.0,0.0,0.0
2025-09-02 07:42:14,1848.7854545454547,934.6327272727274,1448.4945454545457,15.46699236894492,78.58717626536315,954.717340657702,10.0,7.952305316925049,,,,,0.0,0.0,0.0
2025-09-02 07:42:17,1846.9236363636364,934.6327272727274,1446.6327272727274,15.426840854273177,78.53242978491974,954.7072053408698,10.0,7.942999839782715,,,,,0.0,1.0,1.0
2025-09-02 07:42:20,1850.647272727273,936.4945454545455,1448.4945454545457,15.39672723049298,78.39896484739408,954.658467534415,10.0,7.956323623657227,,,,,0.0,0.0,0.0
2025-09-02 07:42:23,1848.7854545454547,934.6327272727274,1446.6327272727274,15.356575748417526,78.52051383750698,954.7305872315779,10.0,7.955246925354004,,,,,0.0,0.0,0.0
2025-09-02 07:42:26,1845.0618181818181,938.3563636363637,1450.3563636363638,15.36661361719016,78.7090451690781,954.7468347260543,10.0,7.926052093505859,,,,,0.0,0.0,0.0
2025-09-02 07:42:29,1848.7854545454547,934.6327272727274,1446.6327272727274,15.356575748417526,78.89577750175629,954.7305872315779,10.0,7.959868431091309,,,,,0.0,0.0,0.0
2025-09-02 07:42:32,1852.509090909091,938.3563636363637,1450.3563636363638,15.39672723049298,79.17797401734758,954.7407337850544,10.0,7.970534324645996,,,,,0.0,1.0,1.0
2025-09-02 07:42:35,1852.509090909091,938.3563636363637,1450.3563636363638,15.391708294214913,79.20026348650673,954.7326102609617,10.0,7.970941543579102,,,,,0.0,0.0,0.0
2025-09-02 07:42:38,1852.509090909091,936.4945454545455,1450.3563636363638,15.406765103922226,79.32670263735328,954.7295583807766,10.0,7.977674961090088,,,,,0.0,1.0,1.0
2025-09-02 07:42:41,1850.647272727273,934.6327272727274,1448.4945454545457,15.39672723049298,79.4849787696073,954.7681559119108,10.0,7.975887298583984,,,,,0.0,1.0,1.0
2025-09-02 07:42:44,1852.509090909091,936.4945454545455,1450.3563636363638,15.39672723049298,79.63278579782393,954.7407337850544,10.0,7.9818267822265625,,,,,0.0,0.0,0.0
2025-09-02 07:42:47,1850.647272727273,934.6327272727274,1448.4945454545457,15.39672723049298,79.68963291112824,954.7681559119108,10.0,7.978400707244873,,,,,0.0,1.0,1.0
2025-09-02 07:42:50,1852.509090909091,934.6327272727274,1450.3563636363638,15.401746167062083,79.86062849909828,954.7214350125932,10.0,7.990069389343262,,,,,0.0,1.0,1.0
2025-09-02 07:42:53,1852.509090909091,936.4945454545455,1452.2181818181818,15.431859792588511,80.03392898986671,954.6604811986259,10.0,7.985227108001709,,,,,0.0,1.0,1.0
2025-09-02 07:42:56,1852.509090909091,934.6327272727274,1450.3563636363638,15.46699236894492,80.15085996962506,954.717340657702,10.0,7.991436004638672,,,,,0.0,0.0,0.0
2025-09-02 07:42:59,1850.647272727273,930.909090909091,1448.4945454545457,15.53725756444037,80.14028586232321,954.6939232606131,10.0,7.990298271179199,,,,,1.0,1.0,1.0
2025-09-02 07:43:02,1850.647272727273,929.0472727272728,1446.6327272727274,15.607522816979326,80.18657028450585,954.7527756359996,10.0,7.994470119476318,,,,,1.0,1.0,1.0
2025-09-02 07:43:05,1848.7854545454547,929.0472727272728,1446.6327272727274,15.667750221700407,80.22625071951,954.658207668152,10.0,7.982579708099365,,,,,1.0,1.0,1.0
2025-09-02 07:43:08,1850.647272727273,930.909090909091,1446.6327272727274,15.738015580177308,80.1815430534269,954.6347217684206,10.0,7.98381233215332,,,,,1.0,1.0,1.0
2025-09-02 07:43:11,1848.7854545454547,927.1854545454546,1448.4945454545457,15.808280995697714,80.0913020380843,954.7209720946286,10.0,7.982178211212158,,,,,1.0,1.0,1.0
2025-09-02 07:43:14,1846.9236363636364,927.1854545454546,1446.6327272727274,15.828356839180923,79.84279645967331,954.7260143902873,10.0,7.968535423278809,,,,,1.0,1.0,1.0
2025-09-02 07:43:17,1846.9236363636364,925.3236363636365,1444.770909090909,15.873527504043887,79.79001647229656,954.6618867507027,10.0,7.9717793464660645,,,,,1.0,1.0,1.0
2025-09-02 07:44:21,1848.7854545454547,932.7709090909091,1446.6327272727274,15.547295454167761,79.18016431614545,954.6827391694155,10.0,7.962457656860352,,,,,1.0,1.0,1.0
2025-09-02 07:44:24,1846.9236363636364,932.7709090909091,1444.770909090909,15.52220073203207,79.33145468077127,954.6695566236082,10.0,7.955164909362793,,,,,0.0,0.0,0.0
2025-09-02 07:44:27,1846.9236363636364,934.6327272727274,1448.4945454545457,15.497106017172337,79.4542885906215,954.6837991841794,10.0,7.951894760131836,,,,,0.0,0.0,0.0
2025-09-02 07:44:30,1848.7854545454547,934.6327272727274,1448.4945454545457,15.487068133265712,79.54435686002452,954.6675543832322,10.0,7.963204383850098,,,,,1.0,1.0,1.0
2025-09-02 07:44:33,1848.7854545454547,934.6327272727274,1448.4945454545457,15.46699236894492,79.67330341047003,954.6624903350681,10.0,7.965437889099121,,,,,1.0,1.0,1.0
2025-09-02 07:44:36,1846.9236363636364,930.909090909091,1444.770909090909,15.456954488530755,79.83157743682749,954.7285196610496,10.0,7.969470024108887,,,,,1.0,1.0,1.0
2025-09-02 07:44:39,1848.7854545454547,932.7709090909091,1450.3563636363638,15.507143902243115,80.1204527865413,954.7274710700347,10.0,7.975580215454102,,,,,0.0,1.0,1.0
2025-09-02 07:44:42,1848.7854545454547,930.909090909091,1442.909090909091,15.507143902243115,80.15456479516534,954.6726172051094,10.0,7.981452941894531,,,,,0.0,0.0,0.0
2025-09-02 07:44:45,1850.647272727273,936.4945454545455,1450.3563636363638,15.53725756444037,80.316538569313,954.6664950214343,10.0,7.9752702713012695,,,,,0.0,0.0,0.0
2025-09-02 07:44:48,1845.0618181818181,932.7709090909091,1446.6327272727274,15.61756071485579,80.39221085804459,954.659293150961,10.0,7.955052375793457,,,,,0.0,0.0,0.0
2025-09-02 07:44:51,1848.7854545454547,930.909090909091,1446.6327272727274,15.657712318003178,80.29356894927933,954.669398961558,10.0,7.978105545043945,,,,,0.0,0.0,0.0
2025-09-02 07:44:54,1848.7854545454547,930.909090909091,1448.4945454545457,15.657712318003178,80.0319555076932,954.6968324927645,10.0,7.97500467300415,,,,,0.0,1.0,1.0
2025-09-02 07:44:57,1848.7854545454547,932.7709090909091,1448.4945454545457,15.637636514101178,79.83673971478707,954.6643466699586,10.0,7.967434883117676,,,,,0.0,1.0,1.0
2025-09-02 07:45:00,1846.9236363636364,930.909090909091,1446.6327272727274,15.662731269706274,79.99829131777886,954.6500865424204,10.0,7.96427583694458,,,,,0.0,0.0,0.0
2025-09-02 07:45:03,1846.9236363636364,929.0472727272728,1444.770909090909,15.702882893808418,80.19536760680988,954.7150565375093,10.0,7.971338272094727,,,,,0.0,0.0,0.0
2025-09-02 07:45:06,1846.9236363636364,932.7709090909091,1448.4945454545457,15.763110364886234,80.31469103078658,954.7576392872355,10.0,7.9596028327941895,,,,,0.0,0.0,0.0
2025-09-02 07:45:09,1846.9236363636364,929.0472727272728,1446.6327272727274,15.808280995697714,80.27904456619173,954.7209720946286,10.0,7.968869209289551,,,,,0.0,0.0,0.0
2025-09-02 07:45:12,1845.0618181818181,925.3236363636365,1442.909090909091,15.868508540117181,80.27891653953591,954.6537669000588,10.0,7.967996120452881,,,,,0.0,0.0,0.0
2025-09-02 07:45:15,1845.0618181818181,929.0472727272728,1444.770909090909,15.898622328042984,80.07115328176393,954.7024865326343,10.0,7.953261375427246,,,,,0.0,1.0,1.0
2025-09-02 07:45:18,1843.2000000000003,927.1854545454546,1446.6327272727274,15.928736126446164,80.10806390654989,954.6963165010715,10.0,7.948436737060547,,,,,0.0,1.0,1.0
2025-09-02 07:45:21,1843.2000000000003,927.1854545454546,1444.770909090909,15.958849935326725,79.91732295768881,954.7450359482384,10.0,7.945296287536621,,,,,0.0,0.0,0.0
2025-09-02 07:45:24,1845.0618181818181,929.0472727272728,1444.770909090909,15.953830966452369,79.75180589136576,954.7094693841503,10.0,7.947512149810791,,,,,0.0,0.0,0.0
2025-09-02 07:45:27,1843.2000000000003,925.3236363636365,1442.909090909091,15.948811997869052,79.71150638710566,954.7562423546303,10.0,7.94884729385376,,,,,0.0,0.0,0.0
2025-09-02 07:45:30,1843.2000000000003,925.3236363636365,1444.770909090909,15.938774061575533,79.43738149666642,954.6851102883136,10.0,7.9454803466796875,,,,,0.0,0.0,0.0
2025-09-02 07:45:33,1843.2000000000003,923.4618181818182,1442.909090909091,15.948811997869052,79.52936374048899,954.7287959916271,10.0,7.952170372009277,,,,,0.0,1.0,1.0
2025-09-02 07:45:36,1839.4763636363637,927.1854545454546,1444.770909090909,15.988963754684665,79.65254341135108,954.6839641684771,10.0,7.92087984085083,,,,,0.0,1.0,1.0
2025-09-02 07:45:39,1841.338181818182,927.1854545454546,1444.770909090909,15.96386890449212,79.251792866449,954.6982619572636,10.0,7.926788330078125,,,,,0.0,1.0,1.0
2025-09-02 07:45:42,1841.338181818182,934.6327272727274,1448.4945454545457,15.88858439757023,78.57901147943154,954.7136901982027,10.0,7.8983259201049805,,,,,0.0,0.0,0.0
2025-09-02 07:45:45,1841.338181818182,932.7709090909091,1446.6327272727274,15.853451650083297,78.72390469167352,954.7666182570414,10.0,7.907216548919678,,,,,0.0,1.0,1.0
2025-09-02 07:45:48,1845.0618181818181,929.0472727272728,1441.047272727273,15.88858439757023,79.0059555085994,954.6862465141264,10.0,7.940408706665039,,,,,0.0,1.0,1.0
2025-09-02 07:45:51,1841.338181818182,927.1854545454546,1441.047272727273,15.938774061575533,79.28938258641013,954.6576644224197,10.0,7.92790412902832,,,,,0.0,1.0,1.0
2025-09-02 07:45:54,1841.338181818182,930.909090909091,1444.770909090909,15.953830966452369,79.25088999239921,954.7094693841503,10.0,7.915781021118164,,,,,0.0,1.0,1.0
2025-09-02 07:45:57,1845.0618181818181,930.909090909091,1444.770909090909,15.898622328042984,78.94992922782994,954.7024865326343,10.0,7.933758735656738,,,,,0.0,0.0,0.0
2025-09-02 07:46:00,1845.0618181818181,929.0472727272728,1444.770909090909,15.88858439757023,79.10841394913524,954.7136901982027,10.0,7.941793441772461,,,,,0.0,1.0,1.0
2025-09-02 07:46:03,1839.4763636363637,930.909090909091,1444.770909090909,15.928736126446164,79.20309366849054,954.6963165010715,10.0,7.906031131744385,,,,,0.0,0.0,0.0
2025-09-02 07:46:06,1845.0618181818181,930.909090909091,1444.770909090909,15.928736126446164,79.15755408792492,954.7512074338779,10.0,7.935530185699463,,,,,0.0,0.0,0.0
2025-09-02 07:46:09,1841.338181818182,927.1854545454546,1441.047272727273,15.92371715931804,79.07740875724662,954.7156419451964,10.0,7.926058769226074,,,,,0.0,0.0,0.0
2025-09-02 07:46:12,1843.2000000000003,930.909090909091,1446.6327272727274,15.938774061575533,78.9762863367202,954.7125561759,10.0,7.922854900360107,,,,,0.0,1.0,1.0
2025-09-02 07:46:15,1841.338181818182,929.0472727272728,1442.909090909091,15.848432687320747,78.51284149832442,954.6761716102181,10.0,7.915764808654785,,,,,0.0,0.0,0.0
2025-09-02 07:46:18,1845.0618181818181,932.7709090909091,1444.770909090909,15.773148280807073,78.40373932312649,954.6915661591709,10.0,7.92549991607666,,,,,0.0,0.0,0.0
2025-09-02 07:46:21,1845.0618181818181,934.6327272727274,1444.770909090909,15.748053493187763,78.68039543424992,954.6784003305772,10.0,7.923991680145264,,,,,0.0,0.0,0.0
2025-09-02 07:46:24,1843.2000000000003,930.909090909091,1446.6327272727274,15.788205156871118,79.12786490290671,954.6884892931322,10.0,7.929656505584717,,,,,0.0,1.0,1.0
2025-09-02 07:46:27,1843.2000000000003,925.3236363636365,1441.047272727273,15.878546468261629,79.46608550704072,954.7797796881946,10.0,7.9482831954956055,,,,,0.0,1.0,1.0
2025-09-02 07:46:30,1843.2000000000003,927.1854545454546,1441.047272727273,15.958849935326725,79.54734963615743,954.7724827649686,10.0,7.940863132476807,,,,,0.0,1.0,1.0
2025-09-02 07:46:33,1843.2000000000003,925.3236363636365,1441.047272727273,16.019077584519984,79.57557824254214,954.732680706026,10.0,7.944709777832031,,,,,0.0,1.0,1.0
2025-09-02 07:46:36,1841.338181818182,923.4618181818182,1441.047272727273,16.039153476897628,79.46353180375644,954.7102584470034,10.0,7.938309669494629,,,,,0.0,1.0,1.0
2025-09-02 07:46:39,1843.2000000000003,927.1854545454546,1444.770909090909,16.10941913689021,79.46988111226104,954.7415705634904,10.0,7.934728622436523,,,,,0.0,0.0,0.0
2025-09-02 07:46:42,1841.338181818182,925.3236363636365,1444.770909090909,16.154589948436477,79.34867197430617,954.7322769539802,10.0,7.927432060241699,,,,,1.0,1.0,1.0
2025-09-02 07:46:45,1841.338181818182,925.3236363636365,1444.770909090909,16.1796848539263,79.21423868568742,954.7454141906404,10.0,7.924999237060547,,,,,1.0,1.0,1.0
2025-09-02 07:46:48,1839.4763636363637,923.4618181818182,1441.047272727273,16.16964689085726,79.15638226453417,954.7017209957681,10.0,7.920180320739746,,,,,1.0,1.0,1.0
2025-09-02 07:46:51,1839.4763636363637,925.3236363636365,1442.909090909091,16.164627909759293,79.08188949245421,954.7210585135933,10.0,7.913826942443848,,,,,1.0,1.0,1.0
2025-09-02 07:46:54,1839.4763636363637,925.3236363636365,1442.909090909091,16.159608928952366,79.04157103519023,954.7403956344846,10.0,7.913588523864746,,,,,1.0,1.0,1.0
2025-09-02 07:46:57,1841.338181818182,934.6327272727274,1444.770909090909,16.059229373931885,78.2466808437438,954.7701868144883,10.0,7.88876485824585,,,,,0.0,0.0,0.0
2025-09-02 07:47:00,1841.338181818182,930.909090909091,1444.770909090909,15.97892581373453,77.8694671941066,954.7226209007546,10.0,7.89798641204834,,,,,0.0,0.0,0.0
2025-09-02 07:47:03,1841.338181818182,930.909090909091,1444.770909090909,15.908660259679891,77.43625634723136,954.7461712836084,10.0,7.895111083984375,,,,,1.0,1.0,1.0
2025-09-02 07:47:06,1841.338181818182,932.7709090909091,1442.909090909091,15.83839476266876,77.0885481144756,954.7696973551772,10.0,7.8875932693481445,,,,,1.0,1.0,1.0
2025-09-02 07:47:09,1845.0618181818181,934.6327272727274,1444.770909090909,15.773148280807073,77.04882825514142,954.7190047775235,10.0,7.903244972229004,,,,,0.0,1.0,1.0
2025-09-02 07:47:12,1845.0618181818181,936.4945454545455,1444.770909090909,15.702882893808418,77.12255190570485,954.7150565375093,10.0,7.900802135467529,,,,,0.0,0.0,0.0
2025-09-02 07:47:15,1846.9236363636364,934.6327272727274,1446.6327272727274,15.667750221700407,77.31309670486131,954.7405096227452,10.0,7.920060157775879,,,,,0.0,0.0,0.0
2025-09-02 07:47:18,1843.2000000000003,938.3563636363637,1448.4945454545457,15.61756071485579,77.37139956702445,954.7141566925169,10.0,7.891086578369141,,,,,1.0,1.0,1.0
2025-09-02 07:47:21,1846.9236363636364,934.6327272727274,1444.770909090909,15.577409130334853,77.73784235869633,954.813762688641,10.0,7.928647994995117,,,,,0.0,1.0,2.0
2025-09-02 07:47:24,1845.0618181818181,932.7709090909091,1444.770909090909,15.587447024718859,78.03460441194571,954.6654257844635,10.0,7.927056312561035,,,,,0.0,1.0,2.0
2025-09-02 07:47:27,1846.9236363636364,934.6327272727274,1446.6327272727274,15.567371237115003,78.11250412809645,954.8249464202662,10.0,7.933648586273193,,,,,1.0,1.0,2.0
2025-09-02 07:47:30,1845.0618181818181,930.909090909091,1442.909090909091,15.53725756444037,78.3829351661136,954.7487798039647,10.0,7.939094543457031,,,,,1.0,1.0,2.0
2025-09-02 07:47:33,1845.0618181818181,932.7709090909091,1448.4945454545457,15.507143902243115,78.53385905080707,954.7823250216101,10.0,7.936424255371094,,,,,1.0,1.0,2.0
2025-09-02 07:47:36,1846.9236363636364,936.4945454545455,1446.6327272727274,15.477030250523239,78.25248274953833,954.7610121836364,10.0,7.932422637939453,,,,,1.0,1.0,3.0
2025-09-02 07:47:39,1846.9236363636364,934.6327272727274,1446.6327272727274,15.446916609280743,77.94267940977171,954.794546601982,10.0,7.935455322265625,,,,,1.0,1.0,3.0
2025-09-02 07:47:42,1848.7854545454547,934.6327272727274,1448.4945454545457,15.426840854273177,77.85560507486899,954.78947567391,10.0,7.944969654083252,,,,,1.0,1.0,3.0
2025-09-02 07:47:45,1848.7854545454547,934.6327272727274,1448.4945454545457,15.39672723049298,78.06911056347856,954.7407337850544,10.0,7.948390007019043,,,,,1.0,1.0,2.0
2025-09-02 07:47:48,1846.9236363636364,934.6327272727274,1448.4945454545457,15.36661361719016,78.30531886697919,954.7468347260543,10.0,7.942400932312012,,,,,1.0,1.0,1.0
2025-09-02 07:47:51,1848.7854545454547,930.909090909091,1444.770909090909,15.411784041073407,78.57658934393228,954.710259020458,10.0,7.965382099151611,,,,,1.0,1.0,1.0
2025-09-02 07:47:54,1848.7854545454547,936.4945454545455,1450.3563636363638,15.477030250523239,78.92361766094932,954.7335865362153,10.0,7.950499534606934,,,,,1.0,1.0,1.0
2025-09-02 07:47:57,1846.9236363636364,932.7709090909091,1450.3563636363638,15.592465972347417,79.32074179248504,954.6735475140672,10.0,7.952702522277832,,,,,1.0,1.0,1.0
2025-09-02 07:48:00,1845.0618181818181,927.1854545454546,1446.6327272727274,15.692844986036652,79.53460892774206,954.6988138267761,10.0,7.959223747253418,,,,,1.0,1.0,1.0
2025-09-02 07:48:03,1846.9236363636364,927.1854545454546,1446.6327272727274,15.763110364886234,79.56943267752823,954.7850775169463,10.0,7.967621803283691,,,,,1.0,1.0,1.0
2025-09-02 07:48:06,1846.9236363636364,929.0472727272728,1448.4945454545457,15.778167239204048,79.4740711449476,954.6996869276023,10.0,7.959868431091309,,,,,1.0,1.0,1.0
2025-09-02 07:48:09,1846.9236363636364,929.0472727272728,1444.770909090909,15.768129322701133,79.12037211995268,954.7931991221585,10.0,7.956266403198242,,,,,0.0,1.0,1.0
2025-09-02 07:48:12,1846.9236363636364,930.909090909091,1446.6327272727274,15.717939757648855,78.8427438462628,954.7394208685106,10.0,7.948597431182861,,,,,1.0,1.0,1.0
2025-09-02 07:48:15,1846.9236363636364,932.7709090909091,1448.4945454545457,15.647674415470101,78.76820396126904,954.6805895106768,10.0,7.94407844543457,,,,,1.0,1.0,1.0
2025-09-02 07:48:18,1846.9236363636364,932.7709090909091,1446.6327272727274,15.62257966423058,78.89681768469558,954.7497106643876,10.0,7.946814060211182,,,,,0.0,0.0,0.0
2025-09-02 07:48:21,1846.9236363636364,930.909090909091,1444.770909090909,15.597484920267016,78.84337726594374,954.7365310926881,10.0,7.9526262283325195,,,,,0.0,0.0,0.0
2025-09-02 07:48:24,1848.7854545454547,932.7709090909091,1446.6327272727274,15.567371237115003,78.81224779790463,954.7426574900372,10.0,7.9575276374816895,,,,,1.0,1.0,1.0
2025-09-02 07:48:27,1845.0618181818181,932.7709090909091,1446.6327272727274,15.517181788478046,78.79070745280669,954.7437166078195,10.0,7.939074516296387,,,,,1.0,1.0,1.0
2025-09-02 07:48:30,1846.9236363636364,936.4945454545455,1450.3563636363638,15.492087075073504,78.85103071708876,954.7579556195789,10.0,7.939276218414307,,,,,1.0,2.0,2.0
2025-09-02 07:48:33,1848.7854545454547,936.4945454545455,1446.6327272727274,15.487068133265712,79.02119603788243,954.7498325563809,10.0,7.951439380645752,,,,,1.0,2.0,2.0
2025-09-02 07:48:36,1846.9236363636364,932.7709090909091,1444.770909090909,15.46699236894492,79.04214165494723,954.7721910669748,10.0,7.953915119171143,,,,,1.0,2.0,2.0
2025-09-02 07:48:39,1846.9236363636364,932.7709090909091,1446.6327272727274,15.441897670092294,79.19341677558738,954.7864229503185,10.0,7.956684112548828,,,,,1.0,1.0,1.0
2025-09-02 07:48:42,1848.7854545454547,932.7709090909091,1446.6327272727274,15.39672723049298,79.34853570045162,954.7133116798532,10.0,7.96971321105957,,,,,1.0,1.0,1.0
2025-09-02 07:48:45,1848.7854545454547,932.7709090909091,1446.6327272727274,15.446916609280743,79.81928813583951,954.7671222504213,10.0,7.974068641662598,,,,,1.0,1.0,1.0
2025-09-02 07:48:48,1846.9236363636364,929.0472727272728,1444.770909090909,15.562352290941636,80.00044564855641,954.7071056567562,10.0,7.973610877990723,,,,,0.0,1.0,1.0
2025-09-02 07:48:51,1848.7854545454547,932.7709090909091,1448.4945454545457,15.61254176577204,79.92543860351023,954.7334663625682,10.0,7.969682693481445,,,,,1.0,2.0,2.0
2025-09-02 07:48:54,1848.7854545454547,932.7709090909091,1448.4945454545457,15.587447024718859,79.63878845623721,954.8300087635891,10.0,7.9674224853515625,,,,,1.0,2.0,2.0
2025-09-02 07:48:57,1846.9236363636364,930.909090909091,1446.6327272727274,15.53725756444037,79.3043800773701,954.7487798039647,10.0,7.960376739501953,,,,,1.0,2.0,2.0
2025-09-02 07:49:00,1846.9236363636364,930.909090909091,1444.770909090909,15.52721967587713,79.41721180408366,954.7873901593995,10.0,7.96227502822876,,,,,0.0,0.0,0.0
2025-09-02 07:49:03,1848.7854545454547,934.6327272727274,1448.4945454545457,15.52220073203207,79.29733307940324,954.751839429808,10.0,7.9593586921691895,,,,,0.0,1.0,1.0
2025-09-02 07:49:06,1846.9236363636364,932.7709090909091,1444.770909090909,15.502124959562206,79.2272786521019,954.7193483542422,10.0,7.954783916473389,,,,,0.0,1.0,1.0
2025-09-02 07:49:09,1850.647272727273,936.4945454545455,1448.4945454545457,15.46197342859232,78.87108825785207,954.791492737548,10.0,7.9605488777160645,,,,,1.0,1.0,1.0
2025-09-02 07:49:12,1850.647272727273,934.6327272727274,1450.3563636363638,15.456954488530755,79.06398661328429,954.8656436869089,10.0,7.969117164611816,,,,,0.0,1.0,1.0
2025-09-02 07:49:15,1848.7854545454547,934.6327272727274,1448.4945454545457,15.472011309588561,78.9914111325131,954.8077399060718,10.0,7.957526206970215,,,,,0.0,0.0,0.0
2025-09-02 07:49:18,1846.9236363636364,930.909090909091,1446.6327272727274,15.431859792588511,78.98781094234006,954.7701757532791,10.0,7.960107803344727,,,,,0.0,0.0,0.0
2025-09-02 08:23:22,1843.2000000000003,932.7709090909091,1437.3236363636363,16.059229373931885,76.75976250199459,954.8525406165313,10.0,7.8864569664001465,,,,,0.0,1.0,1.0
2025-09-02 08:23:25,1843.2000000000003,932.7709090909091,1435.4618181818184,16.049191424832678,76.73042583468917,954.863751016393,10.0,7.886476039886475,,,,,0.0,0.0,0.0
2025-09-02 08:23:28,1843.2000000000003,934.6327272727274,1439.1854545454546,16.049191424832678,76.83299172710649,954.9186527954861,10.0,7.882298469543457,,,,,0.0,0.0,0.0
2025-09-02 08:23:31,1845.0618181818181,936.4945454545455,1437.3236363636363,16.099381181970237,77.03097778099702,954.8351446049429,10.0,7.886922359466553,,,,,1.0,1.0,2.0
2025-09-02 08:23:34,1846.9236363636364,932.7709090909091,1435.4618181818184,16.139533008635045,77.12556464540003,954.8451949594007,10.0,7.90810489654541,,,,,0.0,1.0,2.0
2025-09-02 08:23:37,1845.0618181818181,929.0472727272728,1435.4618181818184,16.199760783556847,77.41564687163907,954.915176259391,10.0,7.911423683166504,,,,,0.0,1.0,2.0
2025-09-02 08:23:40,1846.9236363636364,932.7709090909091,1437.3236363636363,16.1897228181595,76.95884762925317,954.8440224623752,10.0,7.904364585876465,,,,,0.0,1.0,2.0
2025-09-02 08:23:43,1845.0618181818181,932.7709090909091,1437.3236363636363,16.104400159284705,76.86614601427559,954.8432644869993,10.0,7.896147727966309,,,,,0.0,1.0,2.0
2025-09-02 08:23:46,1846.9236363636364,934.6327272727274,1441.047272727273,16.124476071452953,77.23255393253689,954.9031985619066,10.0,7.9045000076293945,,,,,0.0,1.0,2.0
2025-09-02 08:23:49,1846.9236363636364,932.7709090909091,1441.047272727273,16.18470383589738,77.3972606810638,954.8908167574446,10.0,7.910146713256836,,,,,0.0,1.0,2.0
2025-09-02 08:23:52,1846.9236363636364,930.909090909091,1439.1854545454546,16.25998860038817,77.24980796873557,954.8753164730375,10.0,7.911427974700928,,,,,0.0,0.0,1.0
2025-09-02 08:23:55,1846.9236363636364,929.0472727272728,1435.4618181818184,16.380444359779357,77.29428285551867,954.8779281961736,10.0,7.9136481285095215,,,,,0.0,0.0,0.0
2025-09-02 08:23:58,1848.7854545454547,929.0472727272728,1437.3236363636363,16.455729294527554,77.23227077658619,954.9173021370975,10.0,7.920476913452148,,,,,0.0,1.0,1.0
2025-09-02 08:24:01,1848.7854545454547,929.0472727272728,1435.4618181818184,16.50090028680861,76.96234880219534,954.8255435232423,10.0,7.915224075317383,,,,,1.0,1.0,1.0
2025-09-02 08:24:04,1846.9236363636364,929.0472727272728,1435.4618181818184,16.49588128650212,76.49419623403357,954.7899558723747,10.0,7.899529933929443,,,,,1.0,1.0,1.0
2025-09-02 08:24:07,1846.9236363636364,934.6327272727274,1441.047272727273,16.4055393307528,76.2585224375691,954.836121171642,10.0,7.882787227630615,,,,,1.0,1.0,1.0
2025-09-02 08:24:10,1846.9236363636364,932.7709090909091,1439.1854545454546,16.380444359779357,76.31347399960367,954.9328591004345,10.0,7.890429496765137,,,,,1.0,1.0,1.0
2025-09-02 08:24:13,1846.9236363636364,930.909090909091,1437.3236363636363,16.330254439660347,76.36632983478603,954.8791352613582,10.0,7.8982110023498535,,,,,1.0,1.0,1.0
2025-09-02 08:24:16,1848.7854545454547,930.909090909091,1437.3236363636363,16.34531141264015,76.55006296862769,954.8760277940266,10.0,7.9098920822143555,,,,,0.0,0.0,0.0
2025-09-02 08:24:19,1848.7854545454547,930.909090909091,1437.3236363636363,16.315197469299893,76.6159676546455,954.8273166131131,10.0,7.911494731903076,,,,,0.0,1.0,1.0
2025-09-02 08:34:23,1865.5418181818181,938.3563636363637,1450.3563636363638,15.316424284968525,77.56163329928415,954.9397850611577,10.0,8.023763656616211,,,,,0.0,1.0,2.0
2025-09-02 08:34:26,1861.818181818182,938.3563636363637,1450.3563636363638,15.316424284968525,78.02795471059088,954.9123663248496,10.0,8.00951099395752,,,,,0.0,1.0,2.0
2025-09-02 08:34:29,1865.5418181818181,943.9418181818181,1455.9418181818182,15.346537880809047,78.37178445827334,954.9611197782604,10.0,8.01575756072998,,,,,0.0,1.0,2.0
2025-09-02 08:34:32,1861.818181818182,938.3563636363637,1452.2181818181818,15.351556814467767,78.62241649659703,954.8869846363053,10.0,8.015542030334473,,,,,0.0,1.0,2.0
2025-09-02 08:34:35,1861.818181818182,938.3563636363637,1454.0800000000002,15.381670422531897,78.81273530215182,954.9631571168273,10.0,8.01721477508545,,,,,0.0,0.0,1.0
2025-09-02 08:34:38,1859.9563636363637,934.6327272727274,1446.6327272727274,15.406765103922226,78.8490938654877,954.8940940584062,10.0,8.017962455749512,,,,,0.0,1.0,2.0
2025-09-02 08:34:41,1861.818181818182,938.3563636363637,1454.0800000000002,15.411784041073407,78.86660125540637,954.9022188228364,10.0,8.01659870147705,,,,,0.0,1.0,1.0
2025-09-02 08:34:44,1861.818181818182,936.4945454545455,1450.3563636363638,15.39672723049298,78.71741392400688,954.8778446358841,10.0,8.02084732055664,,,,,1.0,2.0,2.0
2025-09-02 08:34:47,1861.818181818182,936.4945454545455,1448.4945454545457,15.406765103922226,78.56477047613018,954.948939457527,10.0,8.018952369689941,,,,,0.0,1.0,1.0
2025-09-02 08:34:50,1863.68,943.9418181818181,1455.9418181818182,15.371632552013034,78.12946920652391,954.9469062344406,10.0,8.001928329467773,,,,,0.0,1.0,1.0
2025-09-02 08:34:53,1865.5418181818181,940.2181818181818,1452.2181818181818,15.356575748417526,77.92341651139212,954.9225301768237,10.0,8.02110481262207,,,,,0.0,1.0,1.0
2025-09-02 08:34:56,1863.68,942.08,1448.4945454545457,15.346537880809047,77.66092685545648,954.9336997028424,10.0,8.002633094787598,,,,,0.0,1.0,1.0
2025-09-02 08:34:59,1863.68,942.08,1450.3563636363638,15.326462149084545,77.84117138278903,954.9286173340749,10.0,8.005497932434082,,,,,0.0,1.0,1.0
2025-09-02 08:35:02,1863.68,938.3563636363637,1450.3563636363638,15.306386422016658,77.85079504869532,954.896115457555,10.0,8.017529487609863,,,,,0.0,1.0,1.0
2025-09-02 08:35:05,1865.5418181818181,942.08,1450.3563636363638,15.286310699605384,77.9968869242947,954.9184489216096,10.0,8.018654823303223,,,,,1.0,1.0,1.0
2025-09-02 08:35:08,1863.68,942.08,1452.2181818181818,15.276272840145975,78.18932614919312,954.8747806294036,10.0,8.011221885681152,,,,,0.0,1.0,1.0
2025-09-02 08:35:11,1863.68,940.2181818181818,1452.2181818181818,15.25619712471962,78.25578417648985,954.8696953019287,10.0,8.018388748168945,,,,,0.0,1.0,1.0
2025-09-02 08:35:14,1863.68,938.3563636363637,1450.3563636363638,15.246159268752672,78.53914492008208,954.8534443793978,10.0,8.027833938598633,,,,,0.0,1.0,1.0
2025-09-02 08:35:17,1861.818181818182,936.4945454545455,1448.4945454545457,15.33650001436472,78.77458833251784,954.9174488633878,10.0,8.023746490478516,,,,,0.0,1.0,1.0
2025-09-02 08:35:20,1863.68,938.3563636363637,1452.2181818181818,15.456954488530755,78.91044725675914,954.9204934488657,10.0,8.025642395019531,,,,,0.0,0.0,0.0
2025-09-02 08:35:23,1861.818181818182,936.4945454545455,1450.3563636363638,15.456954488530755,78.69434286202764,954.9204934488657,10.0,8.018741607666016,,,,,0.0,0.0,0.0
2025-09-02 08:35:26,1861.818181818182,940.2181818181818,1452.2181818181818,15.421821916248883,78.49786292040545,954.9184684580267,10.0,8.006101608276367,,,,,0.0,1.0,1.0
2025-09-02 08:35:29,1861.818181818182,940.2181818181818,1454.0800000000002,15.386689358227887,78.48906432666696,954.9164389398755,10.0,8.007161140441895,,,,,0.0,1.0,1.0
2025-09-02 08:35:32,1863.68,940.2181818181818,1452.2181818181818,15.361594682658325,78.32193599159866,954.9854969838593,10.0,8.01618766784668,,,,,0.0,1.0,1.0
2025-09-02 08:35:35,1863.68,938.3563636363637,1452.2181818181818,15.331481081579113,78.3420239678992,954.8819041234871,10.0,8.022674560546875,,,,,0.0,1.0,1.0
2025-09-02 08:35:38,1861.818181818182,940.2181818181818,1452.2181818181818,15.306386422016658,78.3398086095574,954.9235337402818,10.0,8.00804615020752,,,,,1.0,1.0,1.0
2025-09-02 08:35:41,1861.818181818182,938.3563636363637,1450.3563636363638,15.296348560228944,78.35029369254036,954.8798647322063,10.0,8.014012336730957,,,,,1.0,1.0,1.0
2025-09-02 08:35:44,1863.68,943.9418181818181,1452.2181818181818,15.301367490977281,78.2540785682035,954.9976624307743,10.0,8.0060453414917,,,,,1.0,1.0,1.0
2025-09-02 08:35:47,1861.818181818182,940.2181818181818,1452.2181818181818,15.26623498185072,78.56366662500572,954.9133628782042,10.0,8.012100219726562,,,,,1.0,2.0,2.0
2025-09-02 08:35:50,1861.818181818182,940.2181818181818,1452.2181818181818,15.25619712471962,78.96068424630283,954.9519435413177,10.0,8.017501831054688,,,,,1.0,1.0,1.0
2025-09-02 08:35:53,1861.818181818182,940.2181818181818,1452.2181818181818,15.236121413949878,78.61215196530482,954.9742695704508,10.0,8.013978958129883,,,,,1.0,2.0,2.0
2025-09-02 08:35:56,1863.68,942.08,1452.2181818181818,15.226083560311235,78.48620260999783,954.9306018801699,10.0,8.016814231872559,,,,,1.0,2.0,2.0
2025-09-02 08:35:59,1863.68,940.2181818181818,1452.2181818181818,15.236121413949878,78.47003868310492,954.9194391169018,10.0,8.021923065185547,,,,,1.0,2.0,2.0
2025-09-02 08:36:02,1863.68,940.2181818181818,1454.0800000000002,15.236121413949878,78.41887642045464,954.9468543328544,10.0,8.02141284942627,,,,,1.0,1.0,1.0
2025-09-02 08:36:05,1863.68,942.08,1454.0800000000002,15.231102486985037,78.41274752676202,954.9113130995822,10.0,8.01565933227539,,,,,0.0,0.0,0.0
2025-09-02 08:36:08,1861.818181818182,940.2181818181818,1452.2181818181818,15.241140341205755,78.37952675951679,954.9001497486462,10.0,8.010619163513184,,,,,0.0,0.0,0.0
2025-09-02 08:36:11,1863.68,938.3563636363637,1452.2181818181818,15.241140341205755,78.40795099693365,954.8453189713963,10.0,8.026345252990723,,,,,0.0,1.0,1.0
2025-09-02 08:36:14,1861.818181818182,942.08,1454.0800000000002,15.231102486985037,78.10007523406107,954.8838981320547,10.0,8.001753807067871,,,,,0.0,1.0,1.0
2025-09-02 08:36:17,1863.68,940.2181818181818,1452.2181818181818,15.241140341205755,78.25445723982108,954.9823960768513,10.0,8.019387245178223,,,,,0.0,0.0,0.0
2025-09-02 08:36:20,1863.68,943.9418181818181,1450.3563636363638,15.246159268752672,78.17530652524636,954.9082756102122,10.0,8.006522178649902,,,,,0.0,1.0,1.0
2025-09-02 08:36:23,1865.5418181818181,945.8036363636364,1455.9418181818182,15.241140341205755,78.08390034411477,954.9001497486462,10.0,8.009772300720215,,,,,0.0,1.0,1.0
2025-09-02 08:36:26,1863.68,942.08,1454.0800000000002,15.226083560311235,78.07120873957139,954.9031871177799,10.0,8.011576652526855,,,,,0.0,1.0,1.0
2025-09-02 08:36:29,1865.5418181818181,943.9418181818181,1454.0800000000002,15.216045707836747,78.02484724739004,954.9143495695648,10.0,8.015636444091797,,,,,0.0,1.0,1.0
2025-09-02 08:36:32,1863.68,940.2181818181818,1452.2181818181818,15.216045707836747,78.16128804135049,954.8869352607348,10.0,8.018645286560059,,,,,0.0,0.0,0.0
2025-09-02 08:36:35,1865.5418181818181,940.2181818181818,1454.0800000000002,15.216045707836747,78.29203857060516,954.9143495695648,10.0,8.030313491821289,,,,,0.0,0.0,0.0
2025-09-02 08:36:38,1863.68,938.3563636363637,1452.2181818181818,15.206007856526412,78.67199703835061,954.8706835457812,10.0,8.030889511108398,,,,,0.0,0.0,0.0
2025-09-02 08:36:41,1863.68,942.08,1454.0800000000002,15.19597000638023,78.8188778827684,954.9366722430111,10.0,8.021944999694824,,,,,0.0,0.0,0.0
2025-09-02 08:36:44,1865.5418181818181,940.2181818181818,1455.9418181818182,15.206007856526412,78.92208000838399,954.8980974010539,10.0,8.038337707519531,,,,,0.0,1.0,1.0
2025-09-02 08:36:47,1863.68,942.08,1454.0800000000002,15.211026782036061,78.62128798274483,954.9336375712396,10.0,8.018998146057129,,,,,0.0,0.0,0.0
2025-09-02 08:36:50,1863.68,940.2181818181818,1452.2181818181818,15.206007856526412,78.66631311671352,954.8980974010539,10.0,8.025250434875488,,,,,0.0,1.0,1.0
2025-09-02 08:36:53,1865.5418181818181,942.08,1454.0800000000002,15.19597000638023,78.47784829225344,954.8818453746519,10.0,8.02743911743164,,,,,0.0,1.0,1.0
2025-09-02 08:36:56,1863.68,940.2181818181818,1454.0800000000002,15.19597000638023,78.69952148936899,954.8270185928565,10.0,8.025675773620605,,,,,0.0,1.0,1.0
2025-09-02 08:36:59,1863.68,942.08,1455.9418181818182,15.206007856526412,78.48442251392797,954.8706835457812,10.0,8.017195701599121,,,,,0.0,1.0,1.0
2025-09-02 08:37:02,1863.68,943.9418181818181,1455.9418181818182,15.200988931307801,78.19407212112168,954.8899713700886,10.0,8.00818157196045,,,,,1.0,2.0,2.0
2025-09-02 08:37:05,1865.5418181818181,943.9418181818181,1455.9418181818182,15.19597000638023,77.89801802592075,954.9366722430111,10.0,8.014852523803711,,,,,0.0,1.0,1.0
2025-09-02 08:37:08,1863.68,942.08,1452.2181818181818,15.175894309580325,77.74845500061356,954.8493417482331,10.0,8.009049415588379,,,,,0.0,1.0,1.0
2025-09-02 08:37:11,1867.4036363636365,945.8036363636364,1454.0800000000002,15.211026782036061,77.8879626236664,954.906223467547,10.0,8.018330574035645,,,,,1.0,1.0,1.0
2025-09-02 08:37:14,1865.5418181818181,942.08,1452.2181818181818,15.216045707836747,77.73489204869571,954.8595209735473,10.0,8.017513275146484,,,,,1.0,1.0,1.0
2025-09-02 08:37:17,1867.4036363636365,945.8036363636364,1455.9418181818182,15.251178196590626,77.94832622084252,954.9164015072894,10.0,8.017775535583496,,,,,0.0,0.0,0.0
2025-09-02 08:37:20,1867.4036363636365,947.6654545454545,1455.9418181818182,15.25619712471962,77.8407330724839,954.9245274398762,10.0,8.010626792907715,,,,,1.0,1.0,1.0
2025-09-02 08:37:23,1867.4036363636365,947.6654545454545,1454.0800000000002,15.246159268752672,77.15179845458135,954.8534443793978,10.0,8.002153396606445,,,,,0.0,0.0,0.0
2025-09-02 08:37:26,1871.1272727272728,947.6654545454545,1454.0800000000002,15.236121413949878,76.87795658135813,954.9468543328544,10.0,8.01941204071045,,,,,0.0,0.0,0.0
2025-09-02 08:37:29,1869.2654545454548,947.6654545454545,1454.0800000000002,15.226083560311235,76.93397497642435,954.8483576579291,10.0,8.010065078735352,,,,,0.0,0.0,0.0
2025-09-02 08:37:32,1871.1272727272728,953.2509090909092,1457.8036363636365,15.221064633928473,76.80842965580385,954.8676466575301,10.0,8.001623153686523,,,,,0.0,0.0,0.0
2025-09-02 08:37:35,1869.2654545454548,947.6654545454545,1455.9418181818182,15.221064633928473,76.89942497942488,954.8950611714969,10.0,8.010014533996582,,,,,0.0,0.0,0.0
2025-09-02 08:37:38,1872.989090909091,951.3890909090909,1459.6654545454546,15.236121413949878,77.1395650250489,954.8371935989062,10.0,8.0206937789917,,,,,0.0,0.0,0.0
2025-09-02 08:37:41,1871.1272727272728,947.6654545454545,1457.8036363636365,15.26623498185072,77.18764109775333,954.9133628782042,10.0,8.022067070007324,,,,,0.0,0.0,0.0
2025-09-02 08:37:44,1871.1272727272728,945.8036363636364,1457.8036363636365,15.261216053139652,77.43174999944941,954.8504045531641,10.0,8.03065013885498,,,,,0.0,0.0,0.0
2025-09-02 08:37:47,1872.989090909091,945.8036363636364,1455.9418181818182,15.25619712471962,77.73269761160947,954.89711136008,10.0,8.044669151306152,,,,,0.0,0.0,0.0
2025-09-02 08:37:50,1871.1272727272728,947.6654545454545,1457.8036363636365,15.236121413949878,78.13462734977672,954.8371935989062,10.0,8.03439712524414,,,,,0.0,0.0,0.0
2025-09-02 08:37:53,1871.1272727272728,942.08,1454.0800000000002,15.221064633928473,78.22994846338813,954.9224757071065,10.0,8.053540229797363,,,,,0.0,0.0,0.0
2025-09-02 08:37:56,1872.989090909091,945.8036363636364,1455.9418181818182,15.190951081743696,78.39782560517341,954.8737194147465,10.0,8.054941177368164,,,,,0.0,0.0,0.0
2025-09-02 08:37:59,1872.989090909091,947.6654545454545,1457.8036363636365,15.185932157398202,77.87440118893738,954.8930064601802,10.0,8.043061256408691,,,,,0.0,0.0,0.0
2025-09-02 08:38:02,1871.1272727272728,945.8036363636364,1457.8036363636365,15.180913233343745,77.63518660117171,954.9122931092381,10.0,8.036124229431152,,,,,0.0,0.0,0.0
2025-09-02 08:38:05,1871.1272727272728,945.8036363636364,1454.0800000000002,15.175894309580325,77.464188026917,954.8767542644902,10.0,8.034027099609375,,,,,0.0,0.0,0.0
2025-09-02 08:38:08,1871.1272727272728,947.6654545454545,1457.8036363636365,15.170875386107946,77.61157463370121,954.8960405310753,10.0,8.030407905578613,,,,,0.0,0.0,0.0
2025-09-02 08:38:11,1872.989090909091,945.8036363636364,1455.9418181818182,15.175894309580325,77.98722056168053,954.904166802387,10.0,8.050525665283203,,,,,0.0,0.0,0.0
2025-09-02 08:38:14,1871.1272727272728,945.8036363636364,1455.9418181818182,15.211026782036061,78.26317246492283,954.9610516965746,10.0,8.043071746826172,,,,,0.0,0.0,0.0
2025-09-02 08:38:17,1872.989090909091,947.6654545454545,1457.8036363636365,15.211026782036061,78.37117960342476,954.9336375712396,10.0,8.048521995544434,,,,,1.0,1.0,1.0
2025-09-02 08:38:20,1871.1272727272728,942.08,1455.9418181818182,15.216045707836747,78.75246705688737,954.9691782521517,10.0,8.060346603393555,,,,,1.0,1.0,1.0
2025-09-02 08:38:23,1871.1272727272728,942.08,1455.9418181818182,15.206007856526412,78.5469485265353,954.9255112779682,10.0,8.057953834533691,,,,,1.0,1.0,1.0
2025-09-02 08:38:26,1869.2654545454548,943.9418181818181,1455.9418181818182,15.190951081743696,78.61950157086842,954.901132611329,10.0,8.043615341186523,,,,,1.0,1.0,1.0
2025-09-02 08:38:29,1871.1272727272728,940.2181818181818,1454.0800000000002,15.200988931307801,78.94436362052052,954.9173850202249,10.0,8.068675994873047,,,,,1.0,1.0,1.0
2025-09-02 08:38:32,1871.1272727272728,943.9418181818181,1455.9418181818182,15.185932157398202,78.68157556154397,954.8930064601802,10.0,8.054450035095215,,,,,1.0,1.0,1.0
2025-09-02 08:38:35,1871.1272727272728,947.6654545454545,1459.6654545454546,15.170875386107946,78.16868415852647,954.8412159304695,10.0,8.03702163696289,,,,,0.0,1.0,1.0
2025-09-02 08:38:38,1871.1272727272728,943.9418181818181,1455.9418181818182,15.150799695128807,77.99070733144603,954.9457701431876,10.0,8.047358512878418,,,,,1.0,2.0,2.0
2025-09-02 08:38:41,1871.1272727272728,943.9418181818181,1455.9418181818182,15.150799695128807,77.81448756012837,954.8909472269324,10.0,8.044941902160645,,,,,1.0,1.0,1.0
2025-09-02 08:38:44,1871.1272727272728,942.08,1461.5272727272727,15.140761851385468,77.76813577561103,954.9021056155362,10.0,8.050446510314941,,,,,0.0,1.0,1.0
2025-09-02 08:38:47,1869.2654545454548,943.9418181818181,1459.6654545454546,15.14578077311162,77.93342429112045,954.8828209065754,10.0,8.036596298217773,,,,,1.0,2.0,2.0
2025-09-02 08:38:50,1869.2654545454548,942.08,1457.8036363636365,15.165856462926603,78.11708392204993,954.8879142953052,10.0,8.043906211853027,,,,,1.0,2.0,2.0
2025-09-02 08:38:53,1869.2654545454548,945.8036363636364,1461.5272727272727,15.170875386107946,78.18005277294274,954.8960405310753,10.0,8.033161163330078,,,,,0.0,1.0,1.0
2025-09-02 08:38:56,1869.2654545454548,943.9418181818181,1457.8036363636365,15.170875386107946,78.16868415852647,954.950865218238,10.0,8.038963317871094,,,,,0.0,0.0,0.0
2025-09-02 08:38:59,1869.2654545454548,940.2181818181818,1455.9418181818182,15.175894309580325,78.27144301909577,954.8493417482331,10.0,8.050985336303711,,,,,0.0,0.0,0.0
2025-09-02 08:39:02,1869.2654545454548,942.08,1455.9418181818182,15.170875386107946,78.48699073020995,954.950865218238,10.0,8.048574447631836,,,,,1.0,1.0,1.0
2025-09-02 08:39:05,1871.1272727272728,943.9418181818181,1455.9418181818182,15.170875386107946,78.53246062022237,954.8686282199528,10.0,8.053006172180176,,,,,0.0,1.0,1.0
2025-09-02 08:39:08,1869.2654545454548,942.08,1455.9418181818182,15.165856462926603,78.46381062489439,954.9701506781856,10.0,8.048542022705078,,,,,0.0,1.0,1.0
2025-09-02 08:39:11,1869.2654545454548,942.08,1457.8036363636365,15.155818617437035,78.26398810611556,954.9264852569197,10.0,8.046223640441895,,,,,0.0,0.0,0.0
2025-09-02 08:39:14,1869.2654545454548,947.6654545454545,1457.8036363636365,15.165856462926603,78.0545556025566,954.9975628490902,10.0,8.0265531539917,,,,,0.0,0.0,0.0
2025-09-02 08:39:17,1869.2654545454548,945.8036363636364,1459.6654545454546,15.155818617437035,78.08778073306055,954.9538969526385,10.0,8.03278636932373,,,,,0.0,1.0,1.0
2025-09-02 08:39:20,1867.4036363636365,942.08,1455.9418181818182,15.155818617437035,78.21283208482131,954.8716619303964,10.0,8.035409927368164,,,,,0.0,1.0,1.0
2025-09-02 08:52:24,1859.9563636363637,936.4945454545455,1448.4945454545457,15.647674415470101,77.35691072495995,954.8177552235176,10.0,7.985477447509766,,,,,0.0,1.0,1.0
2025-09-02 08:52:27,1859.9563636363637,938.3563636363637,1454.0800000000002,15.637636514101178,77.51541469580059,954.7466446716849,10.0,7.981753349304199,,,,,1.0,2.0,2.0
2025-09-02 08:52:30,1859.9563636363637,934.6327272727274,1446.6327272727274,15.632617563853273,77.65157362028316,954.8208201401557,10.0,7.995318412780762,,,,,1.0,2.0,2.0
2025-09-02 08:52:33,1858.0945454545456,934.6327272727274,1446.6327272727274,15.632617563853273,77.6800295149933,954.7659551076246,10.0,7.985485076904297,,,,,0.0,1.0,1.0
2025-09-02 08:52:36,1859.9563636363637,934.6327272727274,1444.770909090909,15.597484920267016,77.16478437953563,954.8736860060244,10.0,7.990742206573486,,,,,0.0,1.0,1.0
2025-09-02 08:52:39,1859.9563636363637,936.4945454545455,1446.6327272727274,15.582428077381337,77.0212101044181,954.8767464211716,10.0,7.983798503875732,,,,,0.0,0.0,0.0
2025-09-02 08:52:42,1859.9563636363637,936.4945454545455,1446.6327272727274,15.542276509158546,76.69338248203171,954.8391881986668,10.0,7.980939865112305,,,,,0.0,0.0,0.0
2025-09-02 08:52:45,1858.0945454545456,940.2181818181818,1450.3563636363638,15.507143902243115,76.42291882424995,954.8097520298912,10.0,7.957330703735352,,,,,1.0,1.0,1.0
2025-09-02 08:52:48,1859.9563636363637,940.2181818181818,1452.2181818181818,15.472011309588561,76.2833815328285,954.8351653916656,10.0,7.966836452484131,,,,,1.0,1.0,1.0
2025-09-02 08:52:51,1861.818181818182,938.3563636363637,1448.4945454545457,15.451935548760229,76.37276214169081,954.8575195107807,10.0,7.984341621398926,,,,,1.0,1.0,1.0
2025-09-02 08:52:54,1859.9563636363637,938.3563636363637,1446.6327272727274,15.411784041073407,76.38647063217907,954.8199502061674,10.0,7.975748538970947,,,,,1.0,1.0,1.0
2025-09-02 08:52:57,1861.818181818182,940.2181818181818,1448.4945454545457,15.406765103922226,76.43726340707593,954.8392487459074,10.0,7.980873107910156,,,,,0.0,1.0,1.0
2025-09-02 08:53:00,1861.818181818182,942.08,1448.4945454545457,15.376651487126946,76.00227216516569,954.845346216246,10.0,7.970863342285156,,,,,0.0,0.0,0.0
2025-09-02 08:53:03,1863.68,943.9418181818181,1452.2181818181818,15.36661361719016,75.93315210696446,954.883938989493,10.0,7.974768161773682,,,,,0.0,1.0,1.0
2025-09-02 08:53:06,1863.68,943.9418181818181,1452.2181818181818,15.346537880809047,75.9314896252491,954.851439606497,10.0,7.9752702713012695,,,,,0.0,1.0,1.0
2025-09-02 08:53:09,1863.68,942.08,1450.3563636363638,15.321443216881017,76.15131733341362,954.8656539504707,10.0,7.984577178955078,,,,,0.0,0.0,0.0
2025-09-02 08:53:12,1863.68,938.3563636363637,1448.4945454545457,15.326462149084545,76.32242441020495,954.8737790192399,10.0,7.997931480407715,,,,,0.0,0.0,0.0
2025-09-02 08:53:15,1861.818181818182,940.2181818181818,1452.2181818181818,15.316424284968525,76.41261254388121,954.8301102458205,10.0,7.983554363250732,,,,,0.0,0.0,0.0
2025-09-02 08:53:18,1863.68,940.2181818181818,1452.2181818181818,15.306386422016658,76.61088167038373,954.8138607392661,10.0,7.996197700500488,,,,,0.0,0.0,0.0
2025-09-02 08:53:21,1861.818181818182,938.3563636363637,1448.4945454545457,15.306386422016658,76.84979985359502,954.896115457555,10.0,7.99526309967041,,,,,1.0,1.0,1.0
2025-09-02 08:53:24,1863.68,942.08,1452.2181818181818,15.306386422016658,76.86686478449197,954.896115457555,10.0,7.994027614593506,,,,,0.0,1.0,1.0
2025-09-02 08:53:27,1861.818181818182,936.4945454545455,1450.3563636363638,15.291329629771644,77.12154038548407,954.8717394227663,10.0,8.0046968460083,,,,,0.0,1.0,1.0
2025-09-02 08:53:30,1859.9563636363637,936.4945454545455,1448.4945454545457,15.286310699605384,77.50215865064924,954.8636141488182,10.0,7.999581336975098,,,,,0.0,1.0,1.0
2025-09-02 08:53:33,1861.818181818182,934.6327272727274,1450.3563636363638,15.26623498185072,78.18275763737755,954.8311134079809,10.0,8.02411937713623,,,,,1.0,1.0,1.0
2025-09-02 08:53:36,1861.818181818182,932.7709090909091,1450.3563636363638,15.25619712471962,78.6764682570509,954.8696953019287,10.0,8.036397933959961,,,,,1.0,2.0,2.0
2025-09-02 08:53:39,1858.0945454545456,930.909090909091,1450.3563636363638,15.246159268752672,78.43113453505642,954.8534443793978,10.0,8.019464492797852,,,,,0.0,0.0,0.0
2025-09-02 08:53:42,1858.0945454545456,930.909090909091,1448.4945454545457,15.25619712471962,78.42633816618309,954.8696953019287,10.0,8.019139289855957,,,,,0.0,2.0,2.0
2025-09-02 08:53:45,1859.9563636363637,930.909090909091,1448.4945454545457,15.25619712471962,78.24441360071803,954.8696953019287,10.0,8.026835441589355,,,,,0.0,1.0,1.0
2025-09-02 08:53:48,1859.9563636363637,932.7709090909091,1450.3563636363638,15.276272840145975,78.18932614919312,954.8473637074047,10.0,8.019694328308105,,,,,0.0,0.0,0.0
2025-09-02 08:53:51,1858.0945454545456,930.909090909091,1448.4945454545457,15.26623498185072,78.18275763737755,954.8036969611982,10.0,8.015508651733398,,,,,0.0,2.0,2.0
2025-09-02 08:53:54,1858.0945454545456,932.7709090909091,1452.2181818181818,15.26623498185072,78.21687066170693,954.8311134079809,10.0,8.010355949401855,,,,,1.0,2.0,2.0
2025-09-02 08:53:57,1858.0945454545456,929.0472727272728,1444.770909090909,15.246159268752672,78.2207884930472,954.9082756102122,10.0,8.022811889648438,,,,,1.0,2.0,2.0
2025-09-02 08:54:00,1858.0945454545456,932.7709090909091,1452.2181818181818,15.25619712471962,78.32969197510839,954.8148632505616,10.0,8.012012481689453,,,,,0.0,1.0,1.0
2025-09-02 08:54:03,1856.2327272727275,929.0472727272728,1448.4945454545457,15.261216053139652,78.62006857525982,954.877820816454,10.0,8.017149925231934,,,,,0.0,1.0,1.0
2025-09-02 08:54:06,1850.647272727273,929.0472727272728,1452.2181818181818,15.276272840145975,78.95111665456743,954.7925299283462,10.0,7.990533828735352,,,,,1.0,1.0,1.0
2025-09-02 08:54:09,1856.2327272727275,930.909090909091,1450.3563636363638,15.26623498185072,78.38174536596136,954.9133628782042,10.0,8.008516311645508,,,,,1.0,1.0,1.0
2025-09-02 08:54:12,1856.2327272727275,932.7709090909091,1450.3563636363638,15.246159268752672,77.76025494847563,954.8260287964572,10.0,7.995448112487793,,,,,1.0,1.0,1.0
2025-09-02 08:54:15,1854.3709090909092,934.6327272727274,1448.4945454545457,15.231102486985037,77.5883665028566,954.8838981320547,10.0,7.978466033935547,,,,,1.0,1.0,1.0
2025-09-02 08:54:18,1854.3709090909092,934.6327272727274,1450.3563636363638,15.211026782036061,77.46722266438883,954.878809385496,10.0,7.977622032165527,,,,,0.0,0.0,0.0
2025-09-02 08:54:21,1856.2327272727275,938.3563636363637,1452.2181818181818,15.206007856526412,77.55207761720347,954.8980974010539,10.0,7.977476119995117,,,,,0.0,1.0,1.0
2025-09-02 08:56:24,1852.509090909091,936.4945454545455,1450.3563636363638,15.331481081579113,76.28870708030445,954.8270654416681,10.0,7.943217754364014,,,,,0.0,0.0,0.0
2025-09-02 08:56:27,1856.2327272727275,934.6327272727274,1448.4945454545457,15.346537880809047,76.45496639313833,954.851439606497,10.0,7.970439910888672,,,,,0.0,0.0,0.0
2025-09-02 08:56:30,1856.2327272727275,934.6327272727274,1448.4945454545457,15.326462149084545,76.35087170784702,954.7366836110273,10.0,7.969307899475098,,,,,0.0,1.0,1.0
2025-09-02 08:56:33,1858.0945454545456,940.2181818181818,1452.2181818181818,15.346537880809047,76.35255347572475,954.8240196176847,10.0,7.961911678314209,,,,,1.0,1.0,1.0
2025-09-02 08:56:36,1856.2327272727275,936.4945454545455,1450.3563636363638,15.326462149084545,76.35656113832306,954.8189407910048,10.0,7.964057922363281,,,,,1.0,1.0,1.0
2025-09-02 08:56:39,1856.2327272727275,936.4945454545455,1450.3563636363638,15.311405353347073,76.31547465054116,954.7671486506084,10.0,7.963818550109863,,,,,1.0,1.0,1.0
2025-09-02 08:56:42,1856.2327272727275,936.4945454545455,1452.2181818181818,15.321443216881017,76.52112800421325,954.810816175818,10.0,7.966211318969727,,,,,0.0,0.0,0.0
2025-09-02 08:56:45,1856.2327272727275,936.4945454545455,1450.3563636363638,15.36661361719016,76.47941168054847,954.7468347260543,10.0,7.963903427124023,,,,,0.0,0.0,0.0
2025-09-02 08:56:48,1856.2327272727275,936.4945454545455,1450.3563636363638,15.401746167062083,76.53926546459665,954.7762796982483,10.0,7.963590621948242,,,,,1.0,1.0,1.0
2025-09-02 08:56:51,1858.0945454545456,940.2181818181818,1454.0800000000002,15.456954488530755,76.53252934266597,954.7833692064161,10.0,7.9602437019348145,,,,,0.0,0.0,0.0
2025-09-02 08:56:54,1854.3709090909092,936.4945454545455,1452.2181818181818,15.52721967587713,76.62381303290465,954.7599622871919,10.0,7.950419902801514,,,,,0.0,1.0,1.0
2025-09-02 08:56:57,1854.3709090909092,934.6327272727274,1446.6327272727274,15.597484920267016,76.48741823481578,954.7365310926881,10.0,7.951972484588623,,,,,0.0,0.0,0.0
2025-09-02 08:57:00,1856.2327272727275,932.7709090909091,1448.4945454545457,15.68280707942904,76.59137080899565,954.7374405663782,10.0,7.966028213500977,,,,,0.0,1.0,1.0
2025-09-02 08:57:03,1856.2327272727275,932.7709090909091,1448.4945454545457,15.793224116141209,76.62343528560854,954.7789285177602,10.0,7.9629106521606445,,,,,0.0,1.0,1.0
2025-09-02 08:57:06,1852.509090909091,930.909090909091,1446.6327272727274,15.893603362661088,76.53503722047365,954.8041422796235,10.0,7.944391250610352,,,,,0.0,0.0,0.0
2025-09-02 08:57:09,1852.509090909091,934.6327272727274,1450.3563636363638,15.908660259679891,76.19448055002907,954.8285051882601,10.0,7.928412914276123,,,,,0.0,0.0,0.0
2025-09-02 08:57:12,1854.3709090909092,932.7709090909091,1450.3563636363638,15.953830966452369,76.14695151909683,954.7643625421894,10.0,7.941658020019531,,,,,0.0,0.0,0.0
2025-09-02 08:57:15,1852.509090909091,932.7709090909091,1450.3563636363638,16.049191424832678,76.01807585470026,954.7813985105043,10.0,7.9270172119140625,,,,,0.0,0.0,0.0
2025-09-02 08:57:18,1850.647272727273,927.1854545454546,1448.4945454545457,16.104400159284705,75.78892202090593,954.7609047545437,10.0,7.929391860961914,,,,,0.0,0.0,0.0
2025-09-02 08:57:21,1850.647272727273,927.1854545454546,1448.4945454545457,16.154589948436477,75.58779099901285,954.7871877846167,10.0,7.925353527069092,,,,,0.0,0.0,0.0
2025-09-02 08:59:24,1845.0618181818181,925.3236363636365,1444.770909090909,15.88858439757023,77.50856508615769,954.7411339039681,10.0,7.933598041534424,,,,,0.0,0.0,0.0
2025-09-02 08:59:27,1843.2000000000003,923.4618181818182,1444.770909090909,15.988963754684665,77.30643995839935,954.7388603724607,10.0,7.923490047454834,,,,,0.0,1.0,1.0
2025-09-02 08:59:30,1841.338181818182,921.6000000000001,1442.909090909091,16.08432425177307,77.17784850613096,954.7833328114207,10.0,7.914671897888184,,,,,1.0,1.0,1.0
2025-09-02 08:59:33,1839.4763636363637,921.6000000000001,1441.047272727273,16.159608928952366,76.88790721725023,954.7129400248409,10.0,7.898322105407715,,,,,1.0,1.0,1.0
2025-09-02 08:59:36,1839.4763636363637,919.7381818181818,1441.047272727273,16.239912656787784,76.70087174605668,954.7604624703058,10.0,7.8992390632629395,,,,,1.0,1.0,1.0
2025-09-02 08:59:39,1839.4763636363637,921.6000000000001,1444.770909090909,16.2901025245199,76.42000749375707,954.7318021913214,10.0,7.888275146484375,,,,,1.0,1.0,1.0
2025-09-02 08:59:42,1839.4763636363637,921.6000000000001,1444.770909090909,16.35033040421549,76.24253789165911,954.7193621636358,10.0,7.884013652801514,,,,,0.0,1.0,3.0
2025-09-02 08:59:45,1839.4763636363637,921.6000000000001,1442.909090909091,16.410558325820602,76.007966449938,954.6794391412253,10.0,7.878926753997803,,,,,0.0,1.0,3.0
2025-09-02 08:59:48,1837.6145454545454,919.7381818181818,1441.047272727273,16.440672302339227,75.82219198444238,954.7006713942739,10.0,7.871485233306885,,,,,0.0,1.0,3.0
2025-09-02 08:59:51,1837.6145454545454,919.7381818181818,1441.047272727273,16.455729294527554,75.70361758729932,954.6975526802979,10.0,7.869498252868652,,,,,0.0,1.0,3.0
2025-09-02 08:59:54,1839.4763636363637,923.4618181818182,1444.770909090909,16.49588128650212,75.69548375613994,954.6251336697077,10.0,7.866283416748047,,,,,0.0,1.0,2.0
2025-09-02 08:59:57,1837.6145454545454,921.6000000000001,1441.047272727273,16.54105229973793,75.59645329099682,954.6981755022659,10.0,7.859637260437012,,,,,0.0,0.0,2.0
2025-09-02 09:00:00,1835.7527272727275,921.6000000000001,1442.909090909091,16.576185326330595,75.51370524183315,954.7275138534342,10.0,7.847635746002197,,,,,0.0,0.0,2.0
2025-09-02 09:00:03,1835.7527272727275,917.8763636363637,1442.909090909091,16.601280354056506,75.52715621214568,954.6581939537786,10.0,7.858035564422607,,,,,0.0,0.0,2.0
2025-09-02 09:00:06,1833.8909090909092,919.7381818181818,1441.047272727273,16.64645142229856,75.41665951715605,954.703755192526,10.0,7.8397321701049805,,,,,0.0,0.0,0.0
2025-09-02 09:00:09,1833.8909090909092,919.7381818181818,1441.047272727273,16.65648944066488,75.28617707692133,954.7199858405718,10.0,7.8378682136535645,,,,,0.0,1.0,1.0
2025-09-02 09:00:12,1833.8909090909092,919.7381818181818,1441.047272727273,16.671546470397153,75.11612332980154,954.6893758896648,10.0,7.835132598876953,,,,,0.0,1.0,1.0
2025-09-02 09:00:15,1832.0290909090909,921.6000000000001,1441.047272727273,16.691622514114716,74.8893531138758,954.7218362084608,10.0,7.816183567047119,,,,,0.0,0.0,0.0
2025-09-02 09:00:18,1832.0290909090909,923.4618181818182,1442.909090909091,16.6615084502846,74.66999326259865,954.7006235675312,10.0,7.808701992034912,,,,,0.0,0.0,0.0
2025-09-02 09:00:21,1832.0290909090909,923.4618181818182,1444.770909090909,16.671546470397153,74.64794881462906,954.6893758896648,10.0,7.808043003082275,,,,,0.0,0.0,0.0
2025-09-02 09:00:24,1832.0290909090909,919.7381818181818,1441.047272727273,16.686603502748767,74.78617836626451,954.7137210763801,10.0,7.820735931396484,,,,,0.0,0.0,0.0
2025-09-02 09:00:27,1832.0290909090909,917.8763636363637,1441.047272727273,16.761888703797013,74.91208151424009,954.6705591794483,10.0,7.825260639190674,,,,,0.0,0.0,0.0
2025-09-02 09:00:30,1830.1672727272728,917.8763636363637,1441.047272727273,16.822116911783816,74.8369195654144,954.6854788597603,10.0,7.812453269958496,,,,,0.0,0.0,0.0
2025-09-02 09:00:33,1828.3054545454547,919.7381818181818,1441.047272727273,16.842192990425975,74.58147667604784,954.6904496144748,10.0,7.793028831481934,,,,,0.0,0.0,0.0
2025-09-02 09:00:36,1830.1672727272728,919.7381818181818,1441.047272727273,16.857250052463495,74.41128873287686,954.714791551054,10.0,7.800472259521484,,,,,0.0,1.0,1.0
2025-09-02 09:00:39,1828.3054545454547,919.7381818181818,1441.047272727273,16.862269073724747,74.37740609736461,954.7229055996165,10.0,7.789985179901123,,,,,0.0,0.0,0.0
2025-09-02 09:00:42,1828.3054545454547,917.8763636363637,1437.3236363636363,16.872307117120364,74.4124704831161,954.6291862492847,10.0,7.795353889465332,,,,,0.0,0.0,0.0
2025-09-02 09:00:45,1828.3054545454547,917.8763636363637,1437.3236363636363,16.897402230702575,74.33445433107823,954.7522168597113,10.0,7.794100284576416,,,,,0.0,0.0,0.0
2025-09-02 09:00:48,1828.3054545454547,916.0145454545454,1437.3236363636363,16.922497351560743,74.31356427182146,954.6828311658261,10.0,7.798384189605713,,,,,0.0,1.0,1.0
2025-09-02 09:00:51,1826.4436363636364,917.8763636363637,1437.3236363636363,16.94759247969487,74.25267265659694,954.6959081304357,10.0,7.781228065490723,,,,,0.0,1.0,1.0
2025-09-02 09:00:54,1826.4436363636364,917.8763636363637,1435.4618181818184,16.942573453485966,74.17799732005902,954.6328149379563,10.0,7.780194282531738,,,,,0.0,1.0,1.0
2025-09-02 09:00:57,1828.3054545454547,919.7381818181818,1439.1854545454546,16.94759247969487,74.17267411063115,954.6684179357711,10.0,7.784361362457275,,,,,0.0,0.0,0.0
2025-09-02 09:01:00,1826.4436363636364,919.7381818181818,1437.3236363636363,16.842192990425975,73.93022480014838,954.635478518557,10.0,7.774825096130371,,,,,0.0,1.0,1.0
2025-09-02 09:01:03,1828.3054545454547,917.8763636363637,1437.3236363636363,16.797021820029478,74.18950193333691,954.6998763662014,10.0,7.795445442199707,,,,,0.0,1.0,1.0
2025-09-02 09:01:06,1826.4436363636364,919.7381818181818,1437.3236363636363,16.802040837798266,74.3098502126688,954.7079906773193,10.0,7.781170845031738,,,,,0.0,1.0,1.0
2025-09-02 09:01:09,1826.4436363636364,917.8763636363637,1435.4618181818184,16.84721201081411,74.43906341182937,954.6985635584814,10.0,7.786901473999023,,,,,0.0,1.0,1.0
2025-09-02 09:01:12,1826.4436363636364,921.6000000000001,1435.4618181818184,16.84721201081411,74.3819380404199,954.6985635584814,10.0,7.774806976318359,,,,,0.0,1.0,1.0
2025-09-02 09:01:15,1828.3054545454547,919.7381818181818,1437.3236363636363,16.852231031493282,74.49087026532496,954.6517055335639,10.0,7.791398048400879,,,,,0.0,0.0,0.0
2025-09-02 09:01:18,1826.4436363636364,917.8763636363637,1433.6000000000001,16.88234516168013,74.48181344138544,954.7003874149384,10.0,7.786251068115234,,,,,0.0,1.0,1.0
2025-09-02 09:01:21,1828.3054545454547,919.7381818181818,1433.6000000000001,16.877326139254727,74.38429963145842,954.6647865768441,10.0,7.789307117462158,,,,,0.0,1.0,1.0
2025-09-02 09:03:42,1852.509090909091,943.9418181818181,1444.770909090909,15.88858439757023,73.58255957454979,954.7685776314225,10.0,7.868192672729492,,,,,1.0,1.0,1.0
2025-09-02 09:03:45,1852.509090909091,945.8036363636364,1446.6327272727274,15.858470613136888,73.53462620095355,954.8021815675734,10.0,7.863070487976074,,,,,1.0,1.0,1.0
2025-09-02 09:03:48,1856.2327272727275,943.9418181818181,1448.4945454545457,15.858470613136888,73.79686907925903,954.8021815675734,10.0,7.891865253448486,,,,,1.0,1.0,1.0
2025-09-02 09:03:51,1854.3709090909092,940.2181818181818,1446.6327272727274,15.863489576481516,73.83146343690099,954.810302708826,10.0,7.893607139587402,,,,,0.0,0.0,0.0
2025-09-02 09:03:54,1856.2327272727275,938.3563636363637,1442.909090909091,15.88356543277041,74.15796420161337,954.8153440607317,10.0,7.912602424621582,,,,,1.0,1.0,1.0
2025-09-02 09:03:57,1858.0945454545456,938.3563636363637,1446.6327272727274,15.913679225934903,74.40545333718144,954.7817364831113,10.0,7.9244303703308105,,,,,1.0,1.0,1.0
2025-09-02 09:04:00,1856.2327272727275,936.4945454545455,1441.047272727273,15.988963754684665,74.46271363299186,954.8486530407797,10.0,7.918671607971191,,,,,1.0,1.0,1.0
2025-09-02 09:04:03,1854.3709090909092,940.2181818181818,1450.3563636363638,16.00903964007739,74.39018107683222,954.8262378440388,10.0,7.895681381225586,,,,,1.0,1.0,1.0
2025-09-02 09:04:06,1856.2327272727275,936.4945454545455,1444.770909090909,16.00402066829265,74.25864565097373,954.8181174960336,10.0,7.9155097007751465,,,,,0.0,0.0,0.0
2025-09-02 09:04:09,1858.0945454545456,936.4945454545455,1444.770909090909,15.99900169679895,74.10430006817556,954.8374458148943,10.0,7.923809051513672,,,,,0.0,0.0,0.0
2025-09-02 09:04:12,1858.0945454545456,936.4945454545455,1444.770909090909,15.948811997869052,74.03765419155596,954.8111351457161,10.0,7.924543857574463,,,,,0.0,0.0,0.0
2025-09-02 09:04:15,1858.0945454545456,934.6327272727274,1444.770909090909,15.92371715931804,73.99008272057048,954.825423076901,10.0,7.930556297302246,,,,,0.0,0.0,0.0
2025-09-02 09:04:18,1859.9563636363637,938.3563636363637,1446.6327272727274,15.88356543277041,74.20926759450047,954.7879005167557,10.0,7.932987689971924,,,,,0.0,0.0,0.0
2025-09-02 09:04:21,1858.0945454545456,936.4945454545455,1444.770909090909,15.878546468261629,74.41407646623611,954.8895530868056,10.0,7.931891441345215,,,,,0.0,0.0,0.0
2025-09-02 09:04:24,1859.9563636363637,936.4945454545455,1444.770909090909,15.848432687320747,74.70805772878892,954.7584974131616,10.0,7.945865631103516,,,,,0.0,0.0,0.0
2025-09-02 09:04:27,1858.0945454545456,934.6327272727274,1444.770909090909,15.818318916857242,74.58028356113432,954.8469763902525,10.0,7.9414567947387695,,,,,0.0,0.0,0.0
2025-09-02 09:04:30,1858.0945454545456,932.7709090909091,1442.909090909091,15.808280995697714,74.6193765525231,954.8307329630476,10.0,7.947893142700195,,,,,0.0,1.0,1.0
2025-09-02 09:04:33,1858.0945454545456,936.4945454545455,1446.6327272727274,15.81329995613196,74.59128220693391,954.8388546590108,10.0,7.936028480529785,,,,,0.0,0.0,0.0
2025-09-02 09:04:36,1856.2327272727275,936.4945454545455,1446.6327272727274,15.808280995697714,74.4997026654187,954.8856135273575,10.0,7.925346851348877,,,,,1.0,1.0,1.0
2025-09-02 09:04:39,1859.9563636363637,938.3563636363637,1446.6327272727274,15.803262035554507,74.29984091455232,954.8226113023655,10.0,7.936951160430908,,,,,1.0,1.0,1.0
2025-09-02 09:10:43,1865.5418181818181,942.08,1454.0800000000002,15.602503868477651,75.59395127104658,954.9092406686124,10.0,7.9784255027771,,,,,0.0,0.0,2.0
2025-09-02 09:10:46,1865.5418181818181,940.2181818181818,1455.9418181818182,15.592465972347417,75.76964429807947,955.030147903429,10.0,7.987156867980957,,,,,1.0,1.0,2.0
2025-09-02 09:10:49,1865.5418181818181,942.08,1452.2181818181818,15.587447024718859,75.47313937677097,954.912300545671,10.0,7.977450847625732,,,,,0.0,0.0,1.0
2025-09-02 09:10:52,1867.4036363636365,940.2181818181818,1452.2181818181818,15.557333345059305,75.53900743349115,955.0281346461776,10.0,7.995425224304199,,,,,0.0,0.0,1.0
2025-09-02 09:10:55,1867.4036363636365,943.9418181818181,1455.9418181818182,15.547295454167761,75.53249260116053,954.9570270724398,10.0,7.983978271484375,,,,,1.0,1.0,2.0
2025-09-02 09:10:58,1867.4036363636365,942.08,1454.0800000000002,15.53725756444037,75.27545094837518,955.0504923414175,10.0,7.9872636795043945,,,,,0.0,0.0,1.0
2025-09-02 09:11:01,1869.2654545454548,945.8036363636364,1459.6654545454546,15.502124959562206,75.08470466514261,954.9936167104927,10.0,7.984381198883057,,,,,1.0,1.0,1.0
2025-09-02 09:11:04,1867.4036363636365,942.08,1455.9418181818182,15.487068133265712,75.19166615090089,954.9692419712,10.0,7.987545967102051,,,,,0.0,0.0,0.0
2025-09-02 09:11:07,1865.5418181818181,940.2181818181818,1454.0800000000002,15.477030250523239,75.28194515425412,955.0352698491711,10.0,7.98504638671875,,,,,0.0,0.0,0.0
2025-09-02 09:11:10,1869.2654545454548,940.2181818181818,1454.0800000000002,15.46699236894492,75.36083161960217,954.9367428146269,10.0,8.005782127380371,,,,,0.0,0.0,0.0
2025-09-02 09:11:13,1867.4036363636365,940.2181818181818,1454.0800000000002,15.46699236894492,75.55438629853957,955.0464444129227,10.0,7.998717784881592,,,,,0.0,0.0,0.0
2025-09-02 09:11:16,1865.5418181818181,938.3563636363637,1454.0800000000002,15.487068133265712,75.85204679452487,955.0515208591656,10.0,7.997490406036377,,,,,0.0,0.0,0.0
2025-09-02 09:11:19,1865.5418181818181,940.2181818181818,1455.9418181818182,15.487068133265712,75.88620086703,954.9692419712,10.0,7.991854190826416,,,,,0.0,1.0,1.0
2025-09-02 09:11:22,1867.4036363636365,938.3563636363637,1454.0800000000002,15.477030250523239,76.0049052246951,954.9804181427806,10.0,8.009330749511719,,,,,0.0,0.0,0.0
2025-09-02 09:11:25,1869.2654545454548,940.2181818181818,1454.0800000000002,15.477030250523239,76.02198113193022,954.9529923220762,10.0,8.013660430908203,,,,,0.0,1.0,1.0
2025-09-02 09:11:28,1865.5418181818181,936.4945454545455,1452.2181818181818,15.482049191748956,75.92563167933343,954.9336911030751,10.0,8.00373649597168,,,,,0.0,1.0,1.0
2025-09-02 09:11:31,1867.4036363636365,938.3563636363637,1454.0800000000002,15.46699236894492,75.93007810891943,954.9915935704553,10.0,8.008792877197266,,,,,0.0,1.0,1.0
2025-09-02 09:11:34,1865.5418181818181,936.4945454545455,1452.2181818181818,15.46197342859232,76.16302324042287,954.983468416244,10.0,8.007551193237305,,,,,0.0,1.0,2.0
2025-09-02 09:11:37,1865.5418181818181,942.08,1457.8036363636365,15.46197342859232,76.39067622717047,955.0108935998381,10.0,7.993399620056152,,,,,0.0,0.0,1.0
2025-09-02 09:11:40,1867.4036363636365,938.3563636363637,1455.9418181818182,15.446916609280743,76.2357558232397,955.013942194168,10.0,8.013331413269043,,,,,0.0,1.0,2.0
2025-09-02 09:25:43,1865.5418181818181,940.2181818181818,1452.2181818181818,15.46699236894492,76.64719071429623,955.0464444129227,10.0,8.00224781036377,,,,,0.0,1.0,2.0
2025-09-02 09:25:46,1869.2654545454548,943.9418181818181,1457.8036363636365,15.451935548760229,76.86784514654262,955.0220676957127,10.0,8.013846397399902,,,,,0.0,1.0,2.0
2025-09-02 09:25:49,1867.4036363636365,940.2181818181818,1455.9418181818182,15.46699236894492,76.89757474729132,954.9915935704553,10.0,8.0150146484375,,,,,0.0,1.0,1.0
2025-09-02 09:25:52,1867.4036363636365,942.08,1457.8036363636365,15.472011309588561,76.82402500028522,954.9722931445352,10.0,8.008162498474121,,,,,0.0,2.0,2.0
2025-09-02 09:25:55,1865.5418181818181,938.3563636363637,1452.2181818181818,15.477030250523239,76.83583154796017,955.0078439851458,10.0,8.009751319885254,,,,,0.0,2.0,2.0
2025-09-02 09:25:58,1867.4036363636365,942.08,1457.8036363636365,15.482049191748956,77.09801593784272,955.0159692456219,10.0,8.011402130126953,,,,,0.0,2.0,2.0
2025-09-02 09:26:01,1865.5418181818181,938.3563636363637,1454.0800000000002,15.52220073203207,77.27785057514016,955.0535447206347,10.0,8.013885498046875,,,,,0.0,2.0,2.0
2025-09-02 09:26:04,1867.4036363636365,938.3563636363637,1455.9418181818182,15.52721967587713,77.40915916729223,955.0068139169604,10.0,8.025054931640625,,,,,0.0,1.0,1.0
2025-09-02 09:26:07,1865.5418181818181,940.2181818181818,1459.6654545454546,15.53725756444037,77.38157089084035,954.9956353214445,10.0,8.008708953857422,,,,,0.0,1.0,1.0
2025-09-02 09:26:10,1865.5418181818181,938.3563636363637,1457.8036363636365,15.52721967587713,77.63107135852187,955.0616700729898,10.0,8.01810359954834,,,,,0.0,1.0,1.0
2025-09-02 09:26:13,1865.5418181818181,936.4945454545455,1454.0800000000002,15.567371237115003,77.56626081557901,955.0443845208778,10.0,8.021571159362793,,,,,0.0,0.0,0.0
2025-09-02 09:26:16,1865.5418181818181,938.3563636363637,1454.0800000000002,15.597484920267016,77.51195244885488,955.0657037947838,10.0,8.014300346374512,,,,,0.0,1.0,1.0
2025-09-02 09:26:19,1865.5418181818181,936.4945454545455,1452.2181818181818,15.632617563853273,77.52636480334532,955.0128484366579,10.0,8.018756866455078,,,,,0.0,1.0,1.0
2025-09-02 09:26:22,1865.5418181818181,936.4945454545455,1454.0800000000002,15.632617563853273,77.42391773468314,955.0128484366579,10.0,8.017491340637207,,,,,0.0,1.0,1.0
2025-09-02 09:26:25,1865.5418181818181,942.08,1455.9418181818182,15.657712318003178,77.31223597576012,955.0260365577335,10.0,7.998260498046875,,,,,0.0,0.0,0.0
2025-09-02 09:26:28,1863.68,936.4945454545455,1452.2181818181818,15.65269336659112,77.31749763422691,955.0179123270573,10.0,8.005597114562988,,,,,0.0,0.0,0.0
2025-09-02 09:26:31,1863.68,938.3563636363637,1452.2181818181818,15.637636514101178,76.69573807888814,955.020972752758,10.0,7.992769241333008,,,,,0.0,0.0,0.0
2025-09-02 09:26:34,1865.5418181818181,938.3563636363637,1452.2181818181818,15.61756071485579,76.306922378433,955.0707718254718,10.0,7.9988112449646,,,,,0.0,0.0,1.0
2025-09-02 09:26:37,1865.5418181818181,942.08,1455.9418181818182,15.582428077381337,76.36091645941181,955.0961901388516,10.0,7.989384651184082,,,,,0.0,0.0,1.0
2025-09-02 09:26:40,1863.68,942.08,1455.9418181818182,15.552314399468013,76.17623689031952,955.0200097619079,10.0,7.977836608886719,,,,,0.0,0.0,0.0
2025-09-02 09:27:43,1863.68,938.3563636363637,1455.9418181818182,16.014058612153168,76.47675739455781,955.0265038688397,10.0,7.977480888366699,,,,,0.0,0.0,0.0
2025-09-02 09:27:46,1865.5418181818181,938.3563636363637,1455.9418181818182,16.079305275622755,76.19725179367998,955.0497355880497,10.0,7.981893539428711,,,,,0.0,0.0,0.0
2025-09-02 09:27:49,1863.68,932.7709090909091,1452.2181818181818,16.149570968211627,75.96935684108196,955.0536218722206,10.0,7.9838972091674805,,,,,0.0,0.0,0.0
2025-09-02 09:27:52,1865.5418181818181,940.2181818181818,1457.8036363636365,16.16964689085726,75.62893066268039,955.0311949290557,10.0,7.966094970703125,,,,,0.0,0.0,0.0
2025-09-02 09:27:55,1863.68,934.6327272727274,1452.2181818181818,16.199760783556847,75.51164432660863,955.0250065229125,10.0,7.970752239227295,,,,,0.0,0.0,0.0
2025-09-02 09:27:58,1865.5418181818181,940.2181818181818,1457.8036363636365,16.239912656787784,75.48639684060214,955.0075958250324,10.0,7.961877346038818,,,,,0.0,0.0,0.0
2025-09-02 09:28:01,1861.818181818182,936.4945454545455,1454.0800000000002,16.270026573934594,75.28922686663033,955.0013974258368,10.0,7.949924468994141,,,,,1.0,1.0,1.0
2025-09-02 09:28:04,1861.818181818182,936.4945454545455,1454.0800000000002,16.2901025245199,75.18247559407841,955.0338783118458,10.0,7.948089122772217,,,,,0.0,1.0,1.0
2025-09-02 09:28:07,1859.9563636363637,934.6327272727274,1450.3563636363638,16.330254439660347,75.04309482604576,955.0713783786882,10.0,7.940944671630859,,,,,0.0,0.0,0.0
2025-09-02 09:28:10,1859.9563636363637,932.7709090909091,1450.3563636363638,16.355349396081873,74.96523623506671,955.0570515615623,10.0,7.944779396057129,,,,,0.0,1.0,1.0
2025-09-02 09:28:13,1859.9563636363637,934.6327272727274,1450.3563636363638,16.360368388239294,74.87435263998442,955.0102422964292,10.0,7.937587261199951,,,,,0.0,1.0,1.0
2025-09-02 09:28:16,1861.818181818182,930.909090909091,1448.4945454545457,16.380444359779357,74.79607483731573,954.9877900915878,10.0,7.95716667175293,,,,,0.0,1.0,1.0
2025-09-02 09:28:19,1861.818181818182,936.4945454545455,1452.2181818181818,16.420596316829325,74.68514371707,955.0252785679309,10.0,7.937548637390137,,,,,0.0,0.0,0.0
2025-09-02 09:28:22,1859.9563636363637,934.6327272727274,1452.2181818181818,16.46074829250574,74.65979465281295,955.0627656775738,10.0,7.931824207305908,,,,,0.0,0.0,0.0
2025-09-02 09:28:25,1858.0945454545456,932.7709090909091,1450.3563636363638,16.490862286486664,74.56515357664735,955.084012500483,10.0,7.925493240356445,,,,,0.0,0.0,0.0
2025-09-02 09:28:28,1859.9563636363637,932.7709090909091,1450.3563636363638,16.520976290944965,74.52757751047145,955.0503143572017,10.0,7.933808326721191,,,,,0.0,0.0,0.0
2025-09-02 09:28:31,1859.9563636363637,932.7709090909091,1448.4945454545457,16.53101429475937,74.43703721066923,955.0390801507731,10.0,7.932308197021484,,,,,0.0,0.0,0.0
2025-09-02 09:28:34,1859.9563636363637,932.7709090909091,1450.3563636363638,16.455729294527554,74.47676725350983,955.0821151422891,10.0,7.935507774353027,,,,,0.0,0.0,0.0
2025-09-02 09:28:37,1858.0945454545456,932.7709090909091,1448.4945454545457,16.39048234729562,74.70557805150197,955.0314948128423,10.0,7.930351734161377,,,,,0.0,0.0,0.0
2025-09-02 09:28:40,1854.3709090909092,932.7709090909091,1448.4945454545457,16.35033040421549,74.75944383075753,955.0763957657058,10.0,7.9126877784729,,,,,0.0,0.0,0.0
2025-09-02 09:31:43,1848.7854545454547,925.3236363636365,1444.770909090909,16.797021820029478,73.89245118693051,955.0021971976734,10.0,7.8796772956848145,,,,,0.0,0.0,0.0
2025-09-02 09:31:46,1848.7854545454547,927.1854545454546,1448.4945454545457,16.761888703797013,74.06681037896652,954.9453805205698,10.0,7.877049446105957,,,,,0.0,0.0,0.0
2025-09-02 09:31:49,1846.9236363636364,923.4618181818182,1444.770909090909,16.701660537719725,74.02785831083644,955.012861988863,10.0,7.8803391456604,,,,,0.0,0.0,0.0
2025-09-02 09:31:52,1845.0618181818181,921.6000000000001,1441.047272727273,16.681584491673856,74.18049247054604,955.0353498403498,10.0,7.878749370574951,,,,,0.0,0.0,0.0
2025-09-02 09:31:55,1846.9236363636364,923.4618181818182,1442.909090909091,16.61131836718414,74.02654593890759,954.976655281229,10.0,7.8831868171691895,,,,,0.0,0.0,0.0
2025-09-02 09:31:58,1846.9236363636364,927.1854545454546,1444.770909090909,16.51093828829471,74.15574701219096,954.9241915458833,10.0,7.876527786254883,,,,,0.0,0.0,0.0
2025-09-02 09:32:01,1846.9236363636364,923.4618181818182,1442.909090909091,16.490862286486664,74.45099895536109,954.9466605500302,10.0,7.892317295074463,,,,,0.0,0.0,0.0
2025-09-02 09:32:05,1846.9236363636364,929.0472727272728,1446.6327272727274,16.485843286762247,74.39923322402569,954.9934825388347,10.0,7.8749775886535645,,,,,0.0,1.0,1.0
2025-09-02 09:32:08,1845.0618181818181,929.0472727272728,1444.770909090909,16.48082428732887,74.40454611434305,954.9578939331547,10.0,7.86511754989624,,,,,0.0,1.0,1.0
2025-09-02 09:32:11,1845.0618181818181,927.1854545454546,1444.770909090909,16.51595728947432,74.41872703178343,954.987252436717,10.0,7.86993932723999,,,,,0.0,1.0,1.0
2025-09-02 09:32:14,1846.9236363636364,927.1854545454546,1442.909090909091,16.485843286762247,74.19945246304258,954.911072179731,10.0,7.877848148345947,,,,,0.0,0.0,0.0
2025-09-02 09:32:17,1846.9236363636364,927.1854545454546,1441.047272727273,16.50090028680861,74.1663797925946,954.9628971997014,10.0,7.877158164978027,,,,,0.0,1.0,1.0
2025-09-02 09:32:20,1846.9236363636364,929.0472727272728,1442.909090909091,16.465767290774966,74.27779200365633,954.9884772396576,10.0,7.874138832092285,,,,,0.0,0.0,0.0
2025-09-02 09:32:23,1846.9236363636364,932.7709090909091,1446.6327272727274,16.47078628933523,74.3352636988674,955.0240655568325,10.0,7.863452434539795,,,,,0.0,0.0,0.0
2025-09-02 09:32:26,1845.0618181818181,929.0472727272728,1444.770909090909,16.490862286486664,74.5080767527927,955.0290716551095,10.0,7.866378307342529,,,,,0.0,0.0,0.0
2025-09-02 09:32:29,1845.0618181818181,929.0472727272728,1444.770909090909,16.520976290944965,74.48762064282622,954.9404275678302,10.0,7.864717483520508,,,,,0.0,0.0,0.0
2025-09-02 09:32:32,1846.9236363636364,927.1854545454546,1442.909090909091,16.576185326330595,74.67465248554501,954.9747799332889,10.0,7.880956649780273,,,,,0.0,0.0,0.0
2025-09-02 09:32:35,1846.9236363636364,927.1854545454546,1444.770909090909,16.6514704313362,74.77196863896806,954.9591662376484,10.0,7.8795623779296875,,,,,0.0,0.0,0.0
2025-09-02 09:32:38,1846.9236363636364,925.3236363636365,1442.909090909091,16.701660537719725,74.6332008337888,954.9853823498593,10.0,7.881980895996094,,,,,0.0,1.0,1.0
2025-09-02 09:32:41,1845.0618181818181,925.3236363636365,1442.909090909091,16.746831658348675,74.52826474085836,955.0309574614175,10.0,7.869443893432617,,,,,0.0,1.0,1.0
2025-09-02 09:35:44,1848.7854545454547,932.7709090909091,1446.6327272727274,15.938774061575533,75.29662971414947,955.0419085189491,10.0,7.903127670288086,,,,,1.0,2.0,2.0
2025-09-02 09:35:47,1848.7854545454547,930.909090909091,1444.770909090909,15.943793029576772,75.15455174188625,954.9951384037355,10.0,7.906694412231445,,,,,1.0,2.0,2.0
2025-09-02 09:35:50,1850.647272727273,934.6327272727274,1444.770909090909,15.93375509386533,75.05115125263742,955.0337859415652,10.0,7.904484272003174,,,,,0.0,1.0,1.0
2025-09-02 09:35:53,1852.509090909091,934.6327272727274,1448.4945454545457,15.928736126446164,75.30721446657104,955.025663399416,10.0,7.917703151702881,,,,,0.0,1.0,1.0
2025-09-02 09:35:56,1848.7854545454547,932.7709090909091,1446.6327272727274,15.908660259679891,75.48794347331577,954.9657287964874,10.0,7.906156063079834,,,,,1.0,2.0,2.0
2025-09-02 09:35:59,1848.7854545454547,929.0472727272728,1441.047272727273,15.878546468261629,75.49118777770768,955.0816573693738,10.0,7.919108867645264,,,,,1.0,1.0,3.0
2025-09-02 09:36:02,1848.7854545454547,934.6327272727274,1446.6327272727274,15.873527504043887,75.41670363841234,955.0186474880384,10.0,7.900998115539551,,,,,0.0,0.0,1.0
2025-09-02 09:36:05,1852.509090909091,932.7709090909091,1446.6327272727274,15.858470613136888,75.386989022567,954.9668366113463,10.0,7.9264678955078125,,,,,1.0,1.0,2.0
2025-09-02 09:36:08,1848.7854545454547,930.909090909091,1442.909090909091,15.83839476266876,75.60186437439353,954.9892303277358,10.0,7.915711402893066,,,,,1.0,1.0,2.0
2025-09-02 09:36:11,1848.7854545454547,932.7709090909091,1444.770909090909,15.818318916857242,76.18127774677473,955.0390619206909,10.0,7.91805362701416,,,,,1.0,1.0,2.0
2025-09-02 09:36:14,1850.647272727273,932.7709090909091,1446.6327272727274,15.803262035554507,76.00914421414076,954.9872518944062,10.0,7.926139831542969,,,,,1.0,1.0,2.0
2025-09-02 09:36:17,1848.7854545454547,930.909090909091,1442.909090909091,15.803262035554507,75.93509250964235,954.9872518944062,10.0,7.920982360839844,,,,,0.0,0.0,1.0
2025-09-02 09:36:20,1850.647272727273,930.909090909091,1442.909090909091,15.788205156871118,76.05346660630528,955.0177620505382,10.0,7.933018684387207,,,,,0.0,0.0,1.0
2025-09-02 09:36:23,1850.647272727273,930.909090909091,1446.6327272727274,15.773148280807073,75.97247789820594,955.0757087890732,10.0,7.93278694152832,,,,,0.0,0.0,1.0
2025-09-02 09:36:26,1848.7854545454547,930.909090909091,1442.909090909091,15.743034536537015,76.04402946096563,954.9995283257931,10.0,7.924395561218262,,,,,0.0,0.0,0.0
2025-09-02 09:36:29,1850.647272727273,936.4945454545455,1450.3563636363638,15.763110364886234,75.9830397197707,955.0045841351216,10.0,7.9158549308776855,,,,,1.0,1.0,1.0
2025-09-02 09:36:32,1848.7854545454547,932.7709090909091,1444.770909090909,15.753072450129547,75.99929653491871,955.125527473634,10.0,7.91838264465332,,,,,0.0,1.0,1.0
2025-09-02 09:36:35,1848.7854545454547,930.909090909091,1446.6327272727274,15.748053493187763,76.39754402388617,955.0076518313707,10.0,7.928616046905518,,,,,0.0,0.0,0.0
2025-09-02 09:36:38,1848.7854545454547,927.1854545454546,1442.909090909091,15.732996624108637,76.44184166387419,955.0655927419735,10.0,7.941310405731201,,,,,0.0,0.0,0.0
2025-09-02 09:36:41,1846.9236363636364,930.909090909091,1446.6327272727274,15.70790184813086,76.35432535165732,955.0249726943796,10.0,7.919570446014404,,,,,0.0,1.0,1.0
2025-09-02 09:36:44,1850.647272727273,930.909090909091,1442.909090909091,15.70790184813086,76.08667817219563,955.0524087106674,10.0,7.936267852783203,,,,,0.0,1.0,1.0
2025-09-02 09:36:47,1850.647272727273,934.6327272727274,1446.6327272727274,15.687826032587328,75.92556046547023,955.1022178579756,10.0,7.923802852630615,,,,,0.0,0.0,0.0
2025-09-02 09:36:50,1848.7854545454547,936.4945454545455,1446.6327272727274,15.70790184813086,75.91582834232324,955.0524087106674,10.0,7.907155990600586,,,,,0.0,0.0,0.0
2025-09-02 09:36:53,1850.647272727273,932.7709090909091,1446.6327272727274,15.748053493187763,76.03305428388902,955.0899651943516,10.0,7.928739547729492,,,,,0.0,0.0,0.0
2025-09-02 09:36:56,1852.509090909091,930.909090909091,1444.770909090909,15.823337877873564,76.16460619640756,955.0471852751638,10.0,7.943270683288574,,,,,0.0,0.0,0.0
2025-09-02 09:36:59,1850.647272727273,934.6327272727274,1448.4945454545457,15.918698192480951,76.13833986665949,955.0368636829609,10.0,7.918391227722168,,,,,0.0,0.0,0.0
2025-09-02 09:37:02,1850.647272727273,932.7709090909091,1446.6327272727274,16.03413450336666,76.1080183993696,955.0040914278557,10.0,7.919699668884277,,,,,0.0,1.0,1.0
2025-09-02 09:37:05,1850.647272727273,929.0472727272728,1444.770909090909,16.139533008635045,75.95142742614244,955.0373792416125,10.0,7.925771713256836,,,,,0.0,1.0,1.0
2025-09-02 09:37:08,1850.647272727273,929.0472727272728,1444.770909090909,16.244931642251323,75.82325660647413,955.0431758341881,10.0,7.920682907104492,,,,,0.0,1.0,1.0
2025-09-02 09:37:11,1850.647272727273,927.1854545454546,1444.770909090909,16.335273430362577,75.65955829630649,955.0245715742855,10.0,7.9212470054626465,,,,,0.0,0.0,2.0
2025-09-02 09:37:14,1848.7854545454547,925.3236363636365,1442.909090909091,16.430634309002198,75.47906976258098,955.0415174140237,10.0,7.911664962768555,,,,,0.0,1.0,3.0
2025-09-02 09:37:17,1848.7854545454547,925.3236363636365,1441.047272727273,16.51093828829471,75.34863038236007,955.0066052437264,10.0,7.9072113037109375,,,,,1.0,1.0,3.0
2025-09-02 09:37:20,1846.9236363636364,925.3236363636365,1444.770909090909,16.5661473172775,75.21611373450068,955.0684388345727,10.0,7.894071102142334,,,,,1.0,1.0,3.0
2025-09-02 09:37:23,1845.0618181818181,923.4618181818182,1441.047272727273,16.606299360474804,75.12230688001398,954.9960129666572,10.0,7.887000560760498,,,,,0.0,1.0,3.0
2025-09-02 09:37:26,1846.9236363636364,929.0472727272728,1444.770909090909,16.57116632165853,74.74846432651483,954.9941358644917,10.0,7.8764238357543945,,,,,0.0,1.0,3.0
2025-09-02 09:37:29,1843.2000000000003,927.1854545454546,1442.909090909091,16.53603329710313,74.54018272421224,955.0471989650177,10.0,7.8610944747924805,,,,,0.0,1.0,3.0
2025-09-02 09:37:32,1845.0618181818181,925.3236363636365,1444.770909090909,16.455729294527554,74.83630954010658,955.0271773869785,10.0,7.882971286773682,,,,,0.0,1.0,3.0
2025-09-02 09:37:35,1843.2000000000003,923.4618181818182,1441.047272727273,16.455729294527554,75.08168923399731,954.9997085419157,10.0,7.881626605987549,,,,,0.0,0.0,1.0
2025-09-02 09:37:38,1845.0618181818181,927.1854545454546,1442.909090909091,16.440672302339227,75.01200714984384,955.0302881924991,10.0,7.879961967468262,,,,,0.0,0.0,0.0
2025-09-02 09:37:41,1841.338181818182,923.4618181818182,1439.1854545454546,16.420596316829325,75.25574647868868,955.0252785679309,10.0,7.875129699707031,,,,,0.0,0.0,1.0
2025-09-02 09:37:44,1843.2000000000003,927.1854545454546,1444.770909090909,16.37040637342725,75.4399543572885,955.0264816629184,10.0,7.877634048461914,,,,,0.0,0.0,1.0
2025-09-02 09:37:47,1841.338181818182,927.1854545454546,1442.909090909091,16.37040637342725,75.51411299032421,955.0814119201926,10.0,7.868858814239502,,,,,0.0,0.0,0.0
2025-09-02 09:37:50,1843.2000000000003,925.3236363636365,1442.909090909091,16.375425366457783,75.37760976300122,955.0346013987488,10.0,7.882425785064697,,,,,0.0,0.0,0.0
2025-09-02 09:37:53,1843.2000000000003,927.1854545454546,1439.1854545454546,16.315197469299893,74.8764512879065,955.0470175002338,10.0,7.872635841369629,,,,,0.0,0.0,0.0
2025-09-02 09:37:56,1843.2000000000003,929.0472727272728,1442.909090909091,16.280064548645168,74.77666987766983,955.0450989406474,10.0,7.86688232421875,,,,,1.0,1.0,1.0
2025-09-02 09:37:59,1841.338181818182,930.909090909091,1442.909090909091,16.21983671784401,74.90875916930266,955.0574899808973,10.0,7.854955673217773,,,,,1.0,1.0,1.0
2025-09-02 09:38:02,1843.2000000000003,932.7709090909091,1444.770909090909,16.209798750118352,74.96498967423028,955.09616435127,10.0,7.860403060913086,,,,,0.0,0.0,0.0
2025-09-02 09:38:05,1845.0618181818181,934.6327272727274,1444.770909090909,16.154589948436477,75.22857642774581,955.0617432402462,10.0,7.869588851928711,,,,,0.0,0.0,0.0
2025-09-02 09:38:08,1846.9236363636364,932.7709090909091,1441.047272727273,16.129495050222612,75.50592659477587,955.0760458343307,10.0,7.889531135559082,,,,,0.0,1.0,1.0
2025-09-02 09:38:11,1845.0618181818181,929.0472727272728,1439.1854545454546,16.129495050222612,75.54583563396905,955.0760458343307,10.0,7.891473770141602,,,,,0.0,1.0,1.0
2025-09-02 09:38:14,1846.9236363636364,930.909090909091,1439.1854545454546,16.10941913689021,75.9318452643571,955.0161058164356,10.0,7.900875091552734,,,,,1.0,1.0,1.0
2025-09-02 09:38:17,1845.0618181818181,929.0472727272728,1441.047272727273,16.154589948436477,76.08948644981004,955.0068319754606,10.0,7.897017955780029,,,,,0.0,1.0,1.0
2025-09-02 09:38:20,1846.9236363636364,930.909090909091,1441.047272727273,16.249950628005898,75.96052196578111,955.0787563539677,10.0,7.896798133850098,,,,,0.0,1.0,1.0
2025-09-02 09:38:23,1846.9236363636364,932.7709090909091,1442.909090909091,16.265007587015862,75.52835796746606,955.0756587410618,10.0,7.8852643966674805,,,,,0.0,0.0,0.0
2025-09-02 09:38:26,1846.9236363636364,932.7709090909091,1441.047272727273,16.214817733835662,75.30757572721589,955.0768273645651,10.0,7.8842363357543945,,,,,0.0,1.0,1.0
2025-09-02 09:38:29,1846.9236363636364,932.7709090909091,1441.047272727273,16.164627909759293,75.28070682594114,955.0505299847036,10.0,7.885472297668457,,,,,0.0,0.0,0.0
2025-09-02 09:38:32,1846.9236363636364,930.909090909091,1439.1854545454546,16.159608928952366,75.24608821005486,955.0149529248506,10.0,7.89074182510376,,,,,0.0,0.0,0.0
2025-09-02 09:38:35,1850.647272727273,934.6327272727274,1441.047272727273,16.164627909759293,75.24649365144148,955.0230739093829,10.0,7.899101257324219,,,,,0.0,0.0,0.0
2025-09-02 09:38:38,1848.7854545454547,932.7709090909091,1439.1854545454546,16.199760783556847,75.25503412605147,955.0250065229125,10.0,7.893795967102051,,,,,0.0,0.0,0.0
2025-09-02 09:38:41,1848.7854545454547,938.3563636363637,1446.6327272727274,16.21983671784401,75.2965760051262,955.0849485086421,10.0,7.876829147338867,,,,,0.0,0.0,0.0
2025-09-02 09:38:44,1850.647272727273,936.4945454545455,1444.770909090909,16.254969614051515,75.34504280972455,955.0594172174159,10.0,7.891758918762207,,,,,1.0,1.0,1.0
2025-09-02 09:38:47,1850.647272727273,934.6327272727274,1444.770909090909,16.27504556114436,75.39799889805732,955.0095175946981,10.0,7.897210121154785,,,,,1.0,1.0,1.0
2025-09-02 09:38:50,1848.7854545454547,930.909090909091,1439.1854545454546,16.25998860038817,75.36826220213707,955.0675379616874,10.0,7.899056911468506,,,,,1.0,1.0,1.0
2025-09-02 09:38:53,1852.509090909091,934.6327272727274,1442.909090909091,16.21983671784401,75.25665575980898,955.0300314748648,10.0,7.907349109649658,,,,,1.0,1.0,1.0
2025-09-02 09:38:56,1850.647272727273,930.909090909091,1441.047272727273,16.21983671784401,75.33079297902958,955.0849485086421,10.0,7.9099578857421875,,,,,0.0,0.0,0.0
2025-09-02 09:38:59,1850.647272727273,932.7709090909091,1442.909090909091,16.27504556114436,75.30103962764653,955.0369785097863,10.0,7.90183687210083,,,,,0.0,0.0,0.0
2025-09-02 09:39:02,1850.647272727273,938.3563636363637,1448.4945454545457,16.22987468673382,75.0236330664099,955.0737319206096,10.0,7.883017063140869,,,,,1.0,1.0,1.0
2025-09-02 09:39:05,1850.647272727273,936.4945454545455,1442.909090909091,16.16964689085726,75.09863626830897,955.0311949290557,10.0,7.891462802886963,,,,,1.0,1.0,1.0
2025-09-02 09:39:08,1850.647272727273,930.909090909091,1441.047272727273,16.164627909759293,75.4403636796078,955.1054422004695,10.0,7.91324520111084,,,,,1.0,1.0,1.0
2025-09-02 09:39:11,1852.509090909091,934.6327272727274,1442.909090909091,16.209798750118352,75.64361267536921,955.123622468642,10.0,7.912869930267334,,,,,0.0,0.0,0.0
2025-09-02 09:39:14,1852.509090909091,932.7709090909091,1442.909090909091,16.265007587015862,75.59679387756525,955.1305798156304,10.0,7.916165351867676,,,,,0.0,0.0,0.0
2025-09-02 09:39:17,1852.509090909091,934.6327272727274,1444.770909090909,16.330254439660347,75.64774130650025,955.0164516651384,10.0,7.90840482711792,,,,,0.0,0.0,0.0
2025-09-02 09:39:20,1850.647272727273,932.7709090909091,1442.909090909091,16.38546335339197,75.53815500677126,955.0508409755718,10.0,7.901117324829102,,,,,0.0,0.0,0.0
2025-09-02 09:39:23,1850.647272727273,929.0472727272728,1441.047272727273,16.46074829250574,75.52145278839922,955.0352965838571,10.0,7.909700393676758,,,,,0.0,0.0,0.0
2025-09-02 09:39:26,1846.9236363636364,925.3236363636365,1439.1854545454546,16.551090305880642,75.45460037797275,954.989136473443,10.0,7.89716100692749,,,,,0.0,0.0,0.0
2025-09-02 09:39:29,1848.7854545454547,927.1854545454546,1441.047272727273,16.641432413551957,75.36487990642942,955.0528395413389,10.0,7.897557735443115,,,,,0.0,0.0,0.0
2025-09-02 09:39:32,1848.7854545454547,923.4618181818182,1437.3236363636363,16.73177461551968,75.16663036451199,955.0615675506675,10.0,7.903512001037598,,,,,0.0,0.0,0.0
2025-09-02 09:39:35,1845.0618181818181,925.3236363636365,1439.1854545454546,16.746831658348675,74.74527681343201,955.0859208028781,10.0,7.87236213684082,,,,,0.0,1.0,1.0
2025-09-02 09:39:38,1846.9236363636364,929.0472727272728,1441.047272727273,16.681584491673856,74.29470598489554,955.0353498403498,10.0,7.867323875427246,,,,,0.0,0.0,0.0
2025-09-02 09:39:41,1848.7854545454547,930.909090909091,1444.770909090909,16.691622514114716,74.52391272894371,955.0241062877867,10.0,7.873998641967773,,,,,0.0,1.0,1.0
2025-09-02 09:46:44,1858.0945454545456,936.4945454545455,1450.3563636363638,16.069267324195245,75.83163962285087,955.1707518175224,10.0,7.944221496582031,,,,,0.0,0.0,0.0
2025-09-02 09:46:47,1856.2327272727275,932.7709090909091,1441.047272727273,16.049191424832678,75.71599363204659,955.0833586535689,10.0,7.944528579711914,,,,,0.0,0.0,0.0
2025-09-02 09:46:50,1859.9563636363637,938.3563636363637,1444.770909090909,16.019077584519984,75.71352683871066,955.1169750135556,10.0,7.948447227478027,,,,,0.0,0.0,0.0
2025-09-02 09:46:53,1859.9563636363637,938.3563636363637,1446.6327272727274,15.988963754684665,75.84213747846758,955.1505846685732,10.0,7.951194763183594,,,,,0.0,0.0,0.0
2025-09-02 09:46:56,1859.9563636363637,934.6327272727274,1442.909090909091,15.968887873948551,76.06272709129566,955.1729873805467,10.0,7.966071128845215,,,,,0.0,0.0,0.0
2025-09-02 09:46:59,1858.0945454545456,934.6327272727274,1444.770909090909,15.983944784064079,76.20073357749014,955.1699097451736,10.0,7.957307815551758,,,,,0.0,0.0,0.0
2025-09-02 09:47:02,1859.9563636363637,932.7709090909091,1442.909090909091,16.08432425177307,76.32305618238985,955.167667803024,10.0,7.971073150634766,,,,,0.0,0.0,0.0
2025-09-02 09:47:05,1858.0945454545456,932.7709090909091,1442.909090909091,16.1796848539263,76.29108977085271,955.1298074069375,10.0,7.957380294799805,,,,,0.0,0.0,2.0
2025-09-02 09:47:08,1856.2327272727275,930.909090909091,1441.047272727273,16.270026573934594,76.30430005666994,955.1387010839138,10.0,7.950313568115234,,,,,0.0,0.0,2.0
2025-09-02 09:47:11,1856.2327272727275,936.4945454545455,1446.6327272727274,16.39048234729562,76.1089810896769,955.1962911610105,10.0,7.927055835723877,,,,,0.0,0.0,1.0
2025-09-02 09:47:14,1858.0945454545456,930.909090909091,1442.909090909091,16.485843286762247,75.96852422550526,955.1033633218663,10.0,7.948727607727051,,,,,0.0,1.0,2.0
2025-09-02 09:47:17,1856.2327272727275,929.0472727272728,1442.909090909091,16.551090305880642,75.91112123527323,955.153974957533,10.0,7.941812038421631,,,,,0.0,1.0,3.0
2025-09-02 09:47:20,1854.3709090909092,929.0472727272728,1439.1854545454546,16.631394396931864,75.74078253657898,955.1465097015339,10.0,7.927052974700928,,,,,0.0,1.0,3.0
2025-09-02 09:47:23,1856.2327272727275,927.1854545454546,1442.909090909091,16.671546470397153,75.64131430869826,955.1290278046234,10.0,7.940037727355957,,,,,0.0,0.0,2.0
2025-09-02 09:47:26,1852.509090909091,927.1854545454546,1441.047272727273,16.72173658842221,75.59972717807223,955.1552546284868,10.0,7.918091773986816,,,,,0.0,1.0,3.0
2025-09-02 09:47:29,1856.2327272727275,930.909090909091,1444.770909090909,16.797021820029478,75.46880377602601,955.1396166275179,10.0,7.922373294830322,,,,,0.0,1.0,3.0
2025-09-02 09:47:32,1850.647272727273,927.1854545454546,1439.1854545454546,16.842192990425975,75.50101126118273,955.0752497224869,10.0,7.902543067932129,,,,,0.0,1.0,1.0
2025-09-02 09:47:35,1854.3709090909092,925.3236363636365,1439.1854545454546,16.892383207404055,75.36228941047852,955.1289343734838,10.0,7.924959182739258,,,,,0.0,1.0,1.0
2025-09-02 09:47:38,1852.509090909091,925.3236363636365,1437.3236363636363,16.807059855858096,74.82430036055605,955.1283681640427,10.0,7.9112548828125,,,,,0.0,1.0,1.0
2025-09-02 09:47:41,1852.509090909091,929.0472727272728,1441.047272727273,16.741812643781305,74.57355655920298,955.1327659917713,10.0,7.898979187011719,,,,,0.0,1.0,1.0
