datetime,no2,nh3,co,t,rh,p,deviceid,no2ppb,latitude,longitude,elevation,id,pm1,pm25,pm10
2025-08-18 00:10:55,1910.2254545454546,984.9018181818182,1454.0800000000002,20.285118783358485,100.0,959.4025469503201,10.0,8.24985122680664,,,,,11.0,14.0,14.0
2025-08-18 00:10:58,1908.3636363636365,983.0400000000001,1454.0800000000002,20.285118783358485,100.0,959.3752930931487,10.0,8.245488166809082,,,,,11.0,13.0,13.0
2025-08-18 00:11:01,1910.2254545454546,983.0400000000001,1452.2181818181818,20.25422430469189,100.0,959.409470415877,10.0,8.256607055664062,,,,,11.0,13.0,13.0
2025-08-18 00:11:04,1910.2254545454546,983.0400000000001,1454.0800000000002,20.22847891380661,100.0,959.3970689807273,10.0,8.257411003112793,,,,,11.0,13.0,13.0
2025-08-18 00:11:07,1910.2254545454546,986.7636363636365,1454.0800000000002,20.192435378790833,100.0,959.3688043613668,10.0,8.247112274169922,,,,,9.0,11.0,11.0
2025-08-18 00:11:10,1908.3636363636365,983.0400000000001,1454.0800000000002,20.249075225932756,100.0,959.4015397904352,10.0,8.246760368347168,,,,,11.0,14.0,14.0
2025-08-18 00:11:13,1908.3636363636365,981.1781818181819,1452.2181818181818,20.25937338374206,100.0,959.4446538512935,10.0,8.251970291137695,,,,,11.0,14.0,14.0
2025-08-18 00:11:16,1912.0872727272729,983.0400000000001,1455.9418181818182,20.290267864154885,100.0,959.383223225186,10.0,8.265218734741211,,,,,9.0,11.0,11.0
2025-08-18 00:11:19,1910.2254545454546,979.3163636363637,1452.2181818181818,20.32116235504509,100.0,959.4308045682836,10.0,8.265646934509277,,,,,10.0,13.0,13.0
2025-08-18 00:11:22,1908.3636363636365,981.1781818181819,1452.2181818181818,20.372653196478495,100.0,959.3738207084804,10.0,8.24800968170166,,,,,9.0,12.0,12.0
2025-08-18 00:11:25,1908.3636363636365,981.1781818181819,1454.0800000000002,20.43444224461564,100.0,959.4144552600077,10.0,8.245922088623047,,,,,10.0,13.0,13.0
2025-08-18 00:11:28,1908.3636363636365,981.1781818181819,1454.0800000000002,20.372653196478495,100.0,959.3738207084804,10.0,8.24800968170166,,,,,10.0,13.0,13.0
2025-08-18 00:11:31,1910.2254545454546,983.0400000000001,1452.2181818181818,20.33660960441921,100.0,959.4273394979577,10.0,8.253927230834961,,,,,11.0,15.0,15.0
2025-08-18 00:11:34,1906.5018181818184,981.1781818181819,1452.2181818181818,20.346907772123814,100.0,959.4159433323678,10.0,8.238639831542969,,,,,11.0,14.0,16.0
2025-08-18 00:11:37,1910.2254545454546,981.1781818181819,1452.2181818181818,20.382951368257636,100.0,959.4441957591345,10.0,8.25802230834961,,,,,11.0,14.0,16.0
2025-08-18 00:11:40,1908.3636363636365,981.1781818181819,1452.2181818181818,20.403547715308378,100.0,959.3941388580329,10.0,8.246965408325195,,,,,10.0,13.0,14.0
2025-08-18 00:11:43,1910.2254545454546,984.9018181818182,1454.0800000000002,20.382951368257636,100.0,959.4169376868919,10.0,8.2466402053833,,,,,11.0,14.0,15.0
2025-08-18 00:11:46,1908.3636363636365,984.9018181818182,1454.0800000000002,20.362355025863508,100.0,959.412476209131,10.0,8.23736572265625,,,,,10.0,13.0,14.0
2025-08-18 00:11:49,1910.2254545454546,981.1781818181819,1454.0800000000002,20.326311437878758,100.0,959.4114792394389,10.0,8.259896278381348,,,,,11.0,14.0,15.0
2025-08-18 00:11:52,1908.3636363636365,983.0400000000001,1452.2181818181818,20.341758688125992,100.0,959.3807570783913,10.0,8.243556022644043,,,,,10.0,13.0,14.0
2025-08-18 00:11:55,1910.2254545454546,983.0400000000001,1454.0800000000002,20.35720594099257,100.0,959.4045463871348,10.0,8.253140449523926,,,,,10.0,13.0,15.0
2025-08-18 00:11:58,1910.2254545454546,981.1781818181819,1450.3563636363638,20.331460521003464,100.0,959.3921535037562,10.0,8.259641647338867,,,,,10.0,12.0,14.0
2025-08-18 00:12:01,1910.2254545454546,984.9018181818182,1455.9418181818182,20.310864190250868,100.0,959.4694540054696,10.0,8.249288558959961,,,,,11.0,14.0,14.0
2025-08-18 00:12:04,1910.2254545454546,986.7636363636365,1455.9418181818182,20.362355025863508,100.0,959.412476209131,10.0,8.241615295410156,,,,,9.0,12.0,12.0
2025-08-18 00:12:07,1910.2254545454546,983.0400000000001,1454.0800000000002,20.367504111025482,100.0,959.3658912855084,10.0,8.252613067626953,,,,,10.0,13.0,13.0
2025-08-18 00:12:10,1908.3636363636365,981.1781818181819,1452.2181818181818,20.372653196478495,100.0,959.3738207084804,10.0,8.24800968170166,,,,,11.0,14.0,14.0
2025-08-18 00:12:13,1908.3636363636365,981.1781818181819,1450.3563636363638,20.367504111025482,100.0,959.4476634707936,10.0,8.248265266418457,,,,,11.0,14.0,14.0
2025-08-18 00:12:16,1908.3636363636365,981.1781818181819,1454.0800000000002,20.331460521003464,100.0,959.3921535037562,10.0,8.249439239501953,,,,,10.0,13.0,13.0
2025-08-18 00:12:19,1910.2254545454546,981.1781818181819,1452.2181818181818,20.372653196478495,100.0,959.3738207084804,10.0,8.258170127868652,,,,,11.0,13.0,13.0
2025-08-18 00:12:22,1908.3636363636365,983.0400000000001,1454.0800000000002,20.40869680279866,100.0,959.4293274027243,10.0,8.241316795349121,,,,,10.0,13.0,13.0
2025-08-18 00:12:25,1908.3636363636365,983.0400000000001,1452.2181818181818,20.398398628109135,100.0,959.3862095036195,10.0,8.241621017456055,,,,,9.0,12.0,12.0
2025-08-18 00:12:28,1910.2254545454546,981.1781818181819,1454.0800000000002,20.352056856412673,100.0,959.3693598733922,10.0,8.258844375610352,,,,,10.0,13.0,13.0
2025-08-18 00:12:31,1908.3636363636365,979.3163636363637,1452.2181818181818,20.372653196478495,100.0,959.4283359317333,10.0,8.253584861755371,,,,,10.0,12.0,12.0
2025-08-18 00:12:34,1908.3636363636365,977.4545454545455,1452.2181818181818,20.31601327250246,100.0,959.4228742788645,10.0,8.261040687561035,,,,,8.0,11.0,11.0
2025-08-18 00:12:37,1906.5018181818184,977.4545454545455,1452.2181818181818,20.331460521003464,100.0,959.3921535037562,10.0,8.250179290771484,,,,,9.0,12.0,12.0
2025-08-18 00:12:40,1908.3636363636365,977.4545454545455,1455.9418181818182,20.32116235504509,100.0,959.4035491495088,10.0,8.260838508605957,,,,,9.0,11.0,11.0
2025-08-18 00:12:43,1906.5018181818184,973.7309090909091,1454.0800000000002,20.326311437878758,100.0,959.4114792394389,10.0,8.261406898498535,,,,,9.0,11.0,11.0
2025-08-18 00:12:46,1904.64,971.869090909091,1454.0800000000002,20.33660960441921,100.0,959.4000834204122,10.0,8.256261825561523,,,,,10.0,12.0,12.0
2025-08-18 00:12:49,1906.5018181818184,971.869090909091,1450.3563636363638,20.3005660266208,100.0,959.3718290520318,10.0,8.267766952514648,,,,,10.0,12.0,12.0
2025-08-18 00:12:52,1904.64,970.0072727272727,1452.2181818181818,20.269671542715514,100.0,959.4877689383407,10.0,8.264175415039062,,,,,10.0,12.0,12.0
2025-08-18 00:12:55,1902.7781818181818,968.1454545454546,1454.0800000000002,20.264522463083267,100.0,959.4253317455157,10.0,8.259507179260254,,,,,9.0,12.0,12.0
2025-08-18 00:12:58,1902.7781818181818,962.5600000000001,1452.2181818181818,20.23362799140159,100.0,959.4322514003995,10.0,8.277124404907227,,,,,10.0,12.0,12.0
2025-08-18 00:13:01,1899.0545454545456,964.4218181818183,1454.0800000000002,20.23362799140159,100.0,959.4322514003995,10.0,8.251020431518555,,,,,10.0,13.0,13.0
2025-08-18 00:13:04,1897.1927272727273,960.6981818181819,1452.2181818181818,20.2748206226388,100.0,959.4411931801461,10.0,8.250353813171387,,,,,10.0,14.0,14.0
2025-08-18 00:13:07,1897.1927272727273,956.9745454545455,1448.4945454545457,20.341758688125992,100.0,959.3807570783913,10.0,8.259017944335938,,,,,11.0,14.0,16.0
2025-08-18 00:13:10,1897.1927272727273,958.8363636363637,1452.2181818181818,20.413845890579978,100.0,959.4099976454133,10.0,8.251068115234375,,,,,10.0,14.0,15.0
2025-08-18 00:13:13,1897.1927272727273,962.5600000000001,1448.4945454545457,20.413845890579978,100.0,959.4645164434066,10.0,8.240089416503906,,,,,10.0,14.0,16.0
2025-08-18 00:13:16,1899.0545454545456,968.1454545454546,1452.2181818181818,20.362355025863508,100.0,959.412476209131,10.0,8.235544204711914,,,,,11.0,15.0,17.0
2025-08-18 00:13:19,1897.1927272727273,971.869090909091,1450.3563636363638,20.352056856412673,100.0,959.4238733276632,10.0,8.214578628540039,,,,,10.0,15.0,17.0
2025-08-18 00:13:22,1899.0545454545456,973.7309090909091,1450.3563636363638,20.33660960441921,100.0,959.4545955938686,10.0,8.219926834106445,,,,,10.0,14.0,16.0
2025-08-18 00:13:25,1899.0545454545456,973.7309090909091,1450.3563636363638,20.382951368257636,100.0,959.3896796330176,10.0,8.218266487121582,,,,,10.0,14.0,16.0
2025-08-18 00:13:28,1899.0545454545456,973.7309090909091,1450.3563636363638,20.372653196478495,100.0,959.4828512284571,10.0,8.218719482421875,,,,,10.0,14.0,17.0
2025-08-18 00:13:31,1900.916363636364,973.7309090909091,1448.4945454545457,20.388100454583764,100.0,959.4793840284573,10.0,8.22848129272461,,,,,10.0,13.0,17.0
2025-08-18 00:13:34,1900.916363636364,975.5927272727274,1448.4945454545457,20.42414406701573,100.0,959.4531163787689,10.0,8.221694946289062,,,,,10.0,13.0,15.0
2025-08-18 00:13:37,1900.916363636364,979.3163636363637,1452.2181818181818,20.43959133385215,100.0,959.4223845719514,10.0,8.210099220275879,,,,,10.0,14.0,17.0
2025-08-18 00:13:40,1900.916363636364,981.1781818181819,1452.2181818181818,20.362355025863508,100.0,959.412476209131,10.0,8.20722484588623,,,,,9.0,13.0,16.0
2025-08-18 00:13:43,1904.64,981.1781818181819,1452.2181818181818,20.3005660266208,100.0,959.480847225949,10.0,8.230010032653809,,,,,9.0,14.0,16.0
2025-08-18 00:13:46,1902.7781818181818,981.1781818181819,1450.3563636363638,20.264522463083267,100.0,959.4253317455157,10.0,8.220892906188965,,,,,9.0,14.0,16.0
2025-08-18 00:13:49,1904.64,983.0400000000001,1452.2181818181818,20.25422430469189,100.0,959.3549653549275,10.0,8.22593879699707,,,,,9.0,14.0,16.0
2025-08-18 00:13:52,1904.64,981.1781818181819,1450.3563636363638,20.25422430469189,100.0,959.409470415877,10.0,8.231521606445312,,,,,9.0,14.0,16.0
2025-08-18 00:24:55,1908.3636363636365,979.3163636363637,1454.0800000000002,20.171839079470374,100.0,959.3370814724797,10.0,8.260376930236816,,,,,9.0,12.0,12.0
2025-08-18 00:24:58,1906.5018181818184,977.4545454545455,1452.2181818181818,20.18728630352416,100.0,959.3608735997209,10.0,8.255093574523926,,,,,8.0,12.0,12.0
2025-08-18 00:25:01,1906.5018181818184,979.3163636363637,1452.2181818181818,20.15639185803593,100.0,959.3405378882408,10.0,8.250611305236816,,,,,8.0,12.0,13.0
2025-08-18 00:25:04,1904.64,975.5927272727274,1452.2181818181818,20.151242784806527,100.0,959.3326070849132,10.0,8.251519203186035,,,,,9.0,13.0,14.0
2025-08-18 00:25:07,1906.5018181818184,975.5927272727274,1452.2181818181818,20.171839079470374,100.0,959.3915794578458,10.0,8.261174201965332,,,,,9.0,13.0,14.0
2025-08-18 00:25:10,1906.5018181818184,977.4545454545455,1450.3563636363638,20.166690005367855,100.0,959.30190207652,10.0,8.25573444366455,,,,,9.0,12.0,13.0
2025-08-18 00:25:13,1906.5018181818184,977.4545454545455,1452.2181818181818,20.151242784806527,100.0,959.3053590041953,10.0,8.256271362304688,,,,,9.0,13.0,14.0
2025-08-18 00:25:16,1906.5018181818184,977.4545454545455,1450.3563636363638,20.17698815386393,100.0,959.3450121552752,10.0,8.255426406860352,,,,,8.0,12.0,13.0
2025-08-18 00:25:19,1904.64,983.0400000000001,1455.9418181818182,20.151242784806527,100.0,959.3053590041953,10.0,8.229423522949219,,,,,8.0,12.0,13.0
2025-08-18 00:25:22,1906.5018181818184,979.3163636363637,1454.0800000000002,20.21818075948977,100.0,959.4084585637388,10.0,8.248575210571289,,,,,9.0,12.0,13.0
2025-08-18 00:25:25,1906.5018181818184,975.5927272727274,1452.2181818181818,20.23362799140159,100.0,959.3232448163279,10.0,8.258981704711914,,,,,8.0,11.0,11.0
2025-08-18 00:25:28,1904.64,975.5927272727274,1452.2181818181818,20.20788260633708,100.0,959.3653462589252,10.0,8.249617576599121,,,,,9.0,12.0,12.0
2025-08-18 00:25:31,1906.5018181818184,979.3163636363637,1452.2181818181818,20.22847891380661,100.0,959.3698175512328,10.0,8.248169898986816,,,,,8.0,11.0,11.0
2025-08-18 00:25:34,1904.64,975.5927272727274,1452.2181818181818,20.22847891380661,100.0,959.3153147473224,10.0,8.248849868774414,,,,,9.0,12.0,12.0
2025-08-18 00:25:37,1906.5018181818184,979.3163636363637,1454.0800000000002,20.295416945242323,100.0,959.391153383459,10.0,8.245903015136719,,,,,8.0,11.0,11.0
2025-08-18 00:25:40,1904.64,979.3163636363637,1452.2181818181818,20.31601327250246,100.0,959.3411087547664,10.0,8.23483657836914,,,,,7.0,10.0,10.0
2025-08-18 00:25:43,1906.5018181818184,973.7309090909091,1452.2181818181818,20.331460521003464,100.0,959.3921535037562,10.0,8.261212348937988,,,,,9.0,12.0,12.0
2025-08-18 00:25:46,1902.7781818181818,973.7309090909091,1450.3563636363638,20.352056856412673,100.0,959.3966165913445,10.0,8.239920616149902,,,,,8.0,12.0,12.0
2025-08-18 00:25:49,1904.64,975.5927272727274,1452.2181818181818,20.310864190250868,100.0,959.3876890483172,10.0,8.246099472045898,,,,,9.0,12.0,12.0
2025-08-18 00:25:52,1906.5018181818184,973.7309090909091,1450.3563636363638,20.2748206226388,100.0,959.3866863135464,10.0,8.263153076171875,,,,,9.0,12.0,12.0
2025-08-18 00:33:56,1899.0545454545456,968.1454545454546,1441.047272727273,20.449889513198286,100.0,959.3291996521227,10.0,8.232447624206543,,,,,9.0,14.0,15.0
2025-08-18 00:33:59,1899.0545454545456,971.869090909091,1446.6327272727274,20.51682770732441,100.0,959.3777444606217,10.0,8.2191743850708,,,,,9.0,13.0,15.0
2025-08-18 00:34:02,1899.0545454545456,968.1454545454546,1444.770909090909,20.527125895401696,100.0,959.3390728396969,10.0,8.229804039001465,,,,,10.0,12.0,14.0
2025-08-18 00:34:05,1897.1927272727273,968.1454545454546,1444.770909090909,20.496231334662298,100.0,959.3732940906303,10.0,8.220605850219727,,,,,9.0,12.0,14.0
2025-08-18 00:34:08,1899.0545454545456,968.1454545454546,1441.047272727273,20.491082242224365,100.0,959.3926282849792,10.0,8.231106758117676,,,,,10.0,13.0,13.0
2025-08-18 00:34:11,1899.0545454545456,970.0072727272727,1442.909090909091,20.403547715308378,100.0,959.3941388580329,10.0,8.228593826293945,,,,,10.0,14.0,14.0
2025-08-18 00:34:14,1897.1927272727273,968.1454545454546,1442.909090909091,20.362355025863508,100.0,959.2761905459015,10.0,8.225099563598633,,,,,11.0,15.0,17.0
2025-08-18 00:34:17,1897.1927272727273,971.869090909091,1442.909090909091,20.331460521003464,100.0,959.3648976702884,10.0,8.215221405029297,,,,,12.0,16.0,17.0
2025-08-18 00:34:20,1900.916363636364,971.869090909091,1444.770909090909,20.331460521003464,100.0,959.3921535037562,10.0,8.235846519470215,,,,,12.0,16.0,17.0
2025-08-18 00:34:23,1900.916363636364,968.1454545454546,1442.909090909091,20.403547715308378,100.0,959.3668799380281,10.0,8.244369506835938,,,,,12.0,16.0,17.0
2025-08-18 00:34:26,1899.0545454545456,964.4218181818183,1441.047272727273,20.496231334662298,100.0,959.4005569817658,10.0,8.241965293884277,,,,,11.0,15.0,17.0
2025-08-18 00:34:29,1897.1927272727273,955.1127272727273,1442.909090909091,20.496231334662298,100.0,959.3732940906303,10.0,8.25922966003418,,,,,11.0,15.0,17.0
2025-08-18 00:34:32,1895.330909090909,949.5272727272728,1441.047272727273,20.55287137068808,100.0,959.3787129851157,10.0,8.263544082641602,,,,,11.0,15.0,17.0
2025-08-18 00:34:35,1893.4690909090912,951.3890909090909,1442.909090909091,20.57346775615588,100.0,959.4104255715905,10.0,8.247063636779785,,,,,11.0,15.0,18.0
2025-08-18 00:34:38,1893.4690909090912,951.3890909090909,1442.909090909091,20.51682770732441,100.0,959.3777444606217,10.0,8.248973846435547,,,,,11.0,15.0,17.0
2025-08-18 00:34:41,1891.6072727272729,951.3890909090909,1441.047272727273,20.48593315007747,100.0,959.3846996143382,10.0,8.239745140075684,,,,,11.0,14.0,15.0
2025-08-18 00:34:44,1893.4690909090912,955.1127272727273,1439.1854545454546,20.43444224461564,100.0,959.387195004058,10.0,8.240779876708984,,,,,11.0,14.0,15.0
2025-08-18 00:34:47,1893.4690909090912,956.9745454545455,1441.047272727273,20.372653196478495,100.0,959.3465631244055,10.0,8.23733139038086,,,,,11.0,14.0,15.0
2025-08-18 00:34:50,1893.4690909090912,958.8363636363637,1441.047272727273,20.326311437878758,100.0,959.3569680055614,10.0,8.233417510986328,,,,,11.0,15.0,16.0
2025-08-18 00:34:53,1893.4690909090912,960.6981818181819,1439.1854545454546,20.285118783358485,100.0,959.3480392543398,10.0,8.2293062210083,,,,,11.0,15.0,16.0
2025-08-18 00:34:56,1895.330909090909,964.4218181818183,1444.770909090909,20.243926147464663,100.0,959.3118529815918,10.0,8.229942321777344,,,,,12.0,16.0,17.0
2025-08-18 00:34:59,1895.330909090909,964.4218181818183,1442.909090909091,20.269671542715514,100.0,959.3515028544722,10.0,8.229100227355957,,,,,12.0,16.0,17.0
2025-08-18 00:35:02,1893.4690909090912,960.6981818181819,1442.909090909091,20.352056856412673,100.0,959.2875898297351,10.0,8.22693920135498,,,,,11.0,16.0,18.0
2025-08-18 00:35:05,1891.6072727272729,956.9745454545455,1439.1854545454546,20.43959133385215,100.0,959.4223845719514,10.0,8.224823951721191,,,,,12.0,16.0,17.0
2025-08-18 00:35:08,1893.4690909090912,956.9745454545455,1441.047272727273,20.455038603307912,100.0,959.3643892433997,10.0,8.234521865844727,,,,,11.0,15.0,17.0
2025-08-18 00:35:11,1891.6072727272729,956.9745454545455,1437.3236363636363,20.4447404233797,100.0,959.3757925136525,10.0,8.22459888458252,,,,,11.0,16.0,17.0
2025-08-18 00:35:14,1891.6072727272729,960.6981818181819,1441.047272727273,20.47048587538302,100.0,959.3881755402006,10.0,8.212692260742188,,,,,11.0,15.0,17.0
2025-08-18 00:35:17,1893.4690909090912,962.5600000000001,1441.047272727273,20.43959133385215,100.0,959.3678636269817,10.0,8.218507766723633,,,,,11.0,15.0,16.0
2025-08-18 00:35:20,1893.4690909090912,964.4218181818183,1441.047272727273,20.352056856412673,100.0,959.3693598733922,10.0,8.215998649597168,,,,,11.0,15.0,17.0
2025-08-18 00:35:23,1891.6072727272729,964.4218181818183,1439.1854545454546,20.2748206226388,100.0,959.3866863135464,10.0,8.208375930786133,,,,,11.0,15.0,16.0
2025-08-18 00:35:26,1893.4690909090912,966.2836363636363,1441.047272727273,20.23362799140159,100.0,959.4049997268419,10.0,8.214585304260254,,,,,11.0,15.0,16.0
2025-08-18 00:35:29,1895.330909090909,966.2836363636363,1439.1854545454546,20.197584454348544,100.0,959.3222349803627,10.0,8.226028442382812,,,,,11.0,14.0,15.0
2025-08-18 00:35:32,1895.330909090909,968.1454545454546,1441.047272727273,20.166690005367855,100.0,959.4381459573362,10.0,8.221700668334961,,,,,11.0,15.0,16.0
2025-08-18 00:35:35,1893.4690909090912,968.1454545454546,1441.047272727273,20.12549742302508,100.0,959.3474474223184,10.0,8.2127103805542,,,,,11.0,15.0,16.0
2025-08-18 00:35:38,1897.1927272727273,970.0072727272727,1441.047272727273,20.12549742302508,100.0,959.3746944296244,10.0,8.227819442749023,,,,,10.0,15.0,16.0
2025-08-18 00:35:41,1895.330909090909,968.1454545454546,1439.1854545454546,20.135795566864545,100.0,959.336062254705,10.0,8.222643852233887,,,,,11.0,15.0,16.0
2025-08-18 00:35:44,1895.330909090909,968.1454545454546,1439.1854545454546,20.12549742302508,100.0,959.3202004333659,10.0,8.222980499267578,,,,,11.0,16.0,18.0
2025-08-18 00:35:47,1893.4690909090912,968.1454545454546,1441.047272727273,20.161540931556374,100.0,959.3212201857533,10.0,8.211451530456543,,,,,11.0,16.0,18.0
2025-08-18 00:35:50,1893.4690909090912,966.2836363636363,1439.1854545454546,20.120348351541907,100.0,959.4212567253126,10.0,8.218488693237305,,,,,11.0,16.0,18.0
2025-08-18 00:35:53,1897.1927272727273,970.0072727272727,1442.909090909091,20.09460299849161,100.0,959.3271068887625,10.0,8.228824615478516,,,,,11.0,16.0,18.0
2025-08-18 01:15:57,1884.16,960.6981818181819,1435.4618181818184,19.765063122060383,100.0,959.3641935571181,10.0,8.195693969726562,,,,,11.0,15.0,18.0
2025-08-18 01:16:00,1887.8836363636362,962.5600000000001,1435.4618181818184,19.72387072132551,100.0,959.3824118119334,10.0,8.21220588684082,,,,,11.0,15.0,16.0
2025-08-18 01:16:03,1887.8836363636362,960.6981818181819,1433.6000000000001,19.718721672543325,100.0,959.4017069770022,10.0,8.217918395996094,,,,,11.0,15.0,17.0
2025-08-18 01:16:06,1887.8836363636362,960.6981818181819,1437.3236363636363,19.68782738596201,100.0,959.3540994555984,10.0,8.218929290771484,,,,,11.0,15.0,17.0
2025-08-18 01:16:09,1886.0218181818184,956.9745454545455,1431.7381818181818,19.68782738596201,100.0,959.4085560407705,10.0,8.219725608825684,,,,,11.0,15.0,17.0
2025-08-18 01:16:12,1889.7454545454545,964.4218181818183,1437.3236363636363,19.67238024660037,100.0,959.3847512839076,10.0,8.218750953674316,,,,,11.0,15.0,15.0
2025-08-18 01:16:15,1886.0218181818184,962.5600000000001,1435.4618181818184,19.6620821551478,100.0,959.3416544050804,10.0,8.203980445861816,,,,,11.0,14.0,14.0
2025-08-18 01:16:18,1889.7454545454545,962.5600000000001,1435.4618181818184,19.631187887775013,100.0,959.3484989368153,10.0,8.225643157958984,,,,,9.0,12.0,13.0
2025-08-18 01:16:21,1887.8836363636362,960.6981818181819,1433.6000000000001,19.631187887775013,100.0,959.3484989368153,10.0,8.220869064331055,,,,,10.0,13.0,15.0
2025-08-18 01:16:24,1889.7454545454545,964.4218181818183,1435.4618181818184,19.641485975735122,100.0,959.3099162151889,10.0,8.219733238220215,,,,,10.0,12.0,14.0
2025-08-18 01:16:27,1891.6072727272729,964.4218181818183,1433.6000000000001,19.6620821551478,100.0,959.3144272499346,10.0,8.22932243347168,,,,,10.0,12.0,13.0
2025-08-18 01:16:30,1891.6072727272729,966.2836363636363,1437.3236363636363,19.6620821551478,100.0,959.3144272499346,10.0,8.223803520202637,,,,,9.0,11.0,13.0
2025-08-18 01:16:33,1889.7454545454545,966.2836363636363,1439.1854545454546,19.646635020151734,100.0,959.3995302673953,10.0,8.214137077331543,,,,,9.0,12.0,13.0
2025-08-18 01:16:36,1891.6072727272729,966.2836363636363,1437.3236363636363,19.631187887775013,100.0,959.3484989368153,10.0,8.224905967712402,,,,,9.0,12.0,14.0
2025-08-18 01:16:39,1889.7454545454545,964.4218181818183,1433.6000000000001,19.615740758017637,100.0,959.324694378161,10.0,8.220626831054688,,,,,10.0,12.0,14.0
2025-08-18 01:16:42,1889.7454545454545,966.2836363636363,1435.4618181818184,19.58999554757611,100.0,959.3394687648192,10.0,8.21601390838623,,,,,10.0,13.0,13.0
2025-08-18 01:16:45,1889.7454545454545,964.4218181818183,1435.4618181818184,19.569399384461576,100.0,959.3893980606862,10.0,8.2222900390625,,,,,8.0,11.0,11.0
2025-08-18 01:16:48,1889.7454545454545,966.2836363636363,1435.4618181818184,19.620889800979057,100.0,959.3598546094171,10.0,8.214974403381348,,,,,9.0,11.0,11.0
2025-08-18 01:16:51,1893.4690909090912,966.2836363636363,1437.3236363636363,19.610591715347255,100.0,959.3984344941282,10.0,8.2359619140625,,,,,9.0,12.0,12.0
2025-08-18 01:16:54,1889.7454545454545,966.2836363636363,1437.3236363636363,19.631187887775013,100.0,959.321273098934,10.0,8.214582443237305,,,,,9.0,12.0,12.0
2025-08-18 02:09:22,1904.64,979.3163636363637,1461.5272727272727,19.976174468174577,100.0,959.2264182618252,10.0,8.246377944946289,,,,,7.0,9.0,10.0
2025-08-18 02:09:28,1904.64,979.3163636363637,1461.5272727272727,19.852597035467625,100.0,959.2267221103857,10.0,8.250625610351562,,,,,6.0,9.0,9.0
2025-08-18 02:09:31,1902.7781818181818,983.0400000000001,1463.389090909091,19.826851758087287,100.0,959.2415297232209,10.0,8.230185508728027,,,,,7.0,10.0,12.0
2025-08-18 02:09:34,1902.7781818181818,981.1781818181819,1463.389090909091,19.770212173461914,100.0,959.2087370334307,10.0,8.237616539001465,,,,,7.0,9.0,11.0
2025-08-18 02:09:37,1904.64,979.3163636363637,1461.5272727272727,19.734168819763,100.0,959.1804390910795,10.0,8.254579544067383,,,,,7.0,10.0,11.0
2025-08-18 02:09:40,1904.64,981.1781818181819,1461.5272727272727,19.790808381978422,100.0,959.2132353483652,10.0,8.247136116027832,,,,,8.0,11.0,12.0
2025-08-18 02:09:43,1904.64,981.1781818181819,1461.5272727272727,19.811404595151544,100.0,959.2721992765604,10.0,8.246563911437988,,,,,9.0,11.0,11.0
2025-08-18 02:09:46,1904.64,979.3163636363637,1461.5272727272727,19.826851758087287,100.0,959.214295585249,10.0,8.251485824584961,,,,,9.0,11.0,11.0
2025-08-18 02:09:49,1904.64,979.3163636363637,1461.5272727272727,19.852597035467625,100.0,959.2811926246753,10.0,8.250675201416016,,,,,9.0,11.0,11.0
2025-08-18 02:09:52,1902.7781818181818,984.9018181818182,1467.1127272727272,19.868044205388287,100.0,959.1960470194458,10.0,8.223151206970215,,,,,8.0,10.0,10.0
2025-08-18 02:09:55,1904.64,981.1781818181819,1461.5272727272727,19.893789494410157,100.0,959.2084694661645,10.0,8.243667602539062,,,,,7.0,10.0,10.0
2025-08-18 02:09:58,1906.5018181818184,981.1781818181819,1459.6654545454546,19.883491377928294,100.0,959.2198426072291,10.0,8.253997802734375,,,,,7.0,9.0,9.0
2025-08-18 02:10:01,1904.64,979.3163636363637,1461.5272727272727,19.940131032984937,100.0,959.2253780960319,10.0,8.247611045837402,,,,,7.0,8.0,8.0
2025-08-18 02:10:04,1904.64,983.0400000000001,1461.5272727272727,19.924683850840665,100.0,959.2288219836432,10.0,8.237030029296875,,,,,6.0,8.0,8.0
2025-08-18 02:10:07,1904.64,979.3163636363637,1463.389090909091,19.929832911264384,100.0,959.182276594564,10.0,8.247919082641602,,,,,7.0,9.0,9.0
2025-08-18 02:10:10,1904.64,983.0400000000001,1463.389090909091,19.9607272799185,100.0,959.2298644924865,10.0,8.235820770263672,,,,,7.0,9.0,9.0
2025-08-18 02:10:13,1904.64,981.1781818181819,1463.389090909091,19.94528009428177,100.0,959.2060704247873,10.0,8.241899490356445,,,,,7.0,11.0,11.0
2025-08-18 02:10:16,1904.64,979.3163636363637,1461.5272727272727,19.9607272799185,100.0,959.2026246337449,10.0,8.246878623962402,,,,,7.0,10.0,10.0
2025-08-18 02:10:19,1906.5018181818184,979.3163636363637,1461.5272727272727,19.971025405131513,100.0,959.1912467343344,10.0,8.256629943847656,,,,,7.0,11.0,11.0
2025-08-18 02:10:22,1904.64,981.1781818181819,1461.5272727272727,19.965876342379488,100.0,959.2105558167283,10.0,8.241196632385254,,,,,7.0,11.0,11.0
2025-08-18 02:10:25,1904.64,981.1781818181819,1459.6654545454546,19.98132353150868,100.0,959.2343495239336,10.0,8.240692138671875,,,,,7.0,10.0,10.0
2025-08-18 02:10:28,1904.64,984.9018181818182,1465.2509090909093,19.93498197197914,100.0,959.2446853606555,10.0,8.231061935424805,,,,,6.0,10.0,10.0
2025-08-18 02:10:31,1906.5018181818184,981.1781818181819,1461.5272727272727,19.893789494410157,100.0,959.181232486177,10.0,8.253484725952148,,,,,6.0,9.0,9.0
2025-08-18 02:10:34,1904.64,979.3163636363637,1461.5272727272727,19.87834232012392,100.0,959.2936197921882,10.0,8.249807357788086,,,,,6.0,10.0,10.0
2025-08-18 02:10:37,1904.64,981.1781818181819,1461.5272727272727,19.904087612056173,100.0,959.197095546387,10.0,8.243266105651855,,,,,6.0,9.0,9.0
2025-08-18 02:10:40,1904.64,979.3163636363637,1459.6654545454546,19.919534790707985,100.0,959.248128443086,10.0,8.24833869934082,,,,,6.0,9.0,9.0
2025-08-18 02:10:43,1902.7781818181818,981.1781818181819,1461.5272727272727,19.93498197197914,100.0,959.2991629497653,10.0,8.232059478759766,,,,,6.0,9.0,9.0
2025-08-18 02:10:46,1904.64,981.1781818181819,1461.5272727272727,19.919534790707985,100.0,959.2208903347299,10.0,8.24280071258545,,,,,7.0,10.0,10.0
2025-08-18 02:10:49,1904.64,981.1781818181819,1463.389090909091,19.93498197197914,100.0,959.1902078449156,10.0,8.242198944091797,,,,,7.0,11.0,11.0
2025-08-18 02:10:52,1904.64,981.1781818181819,1461.5272727272727,19.90923667131574,100.0,959.2595024484546,10.0,8.243195533752441,,,,,7.0,10.0,11.0
2025-08-18 02:10:55,1902.7781818181818,977.4545454545455,1461.5272727272727,19.955578217748553,100.0,959.2219331102038,10.0,8.242302894592285,,,,,7.0,11.0,11.0
2025-08-18 02:10:58,1904.64,981.1781818181819,1461.5272727272727,19.93498197197914,100.0,959.2174465936141,10.0,8.242268562316895,,,,,7.0,10.0,11.0
2025-08-18 02:11:01,1906.5018181818184,979.3163636363637,1461.5272727272727,19.898938553087646,100.0,959.2436384327392,10.0,8.259278297424316,,,,,7.0,10.0,11.0
2025-08-18 02:11:04,1904.64,981.1781818181819,1465.2509090909093,19.93498197197914,100.0,959.2446853606555,10.0,8.242297172546387,,,,,8.0,11.0,13.0
2025-08-18 02:11:07,1904.64,981.1781818181819,1463.389090909091,19.93498197197914,100.0,959.2174465936141,10.0,8.242268562316895,,,,,7.0,10.0,12.0
2025-08-18 02:11:10,1904.64,977.4545454545455,1461.5272727272727,19.98132353150868,100.0,959.2343495239336,10.0,8.251725196838379,,,,,7.0,9.0,12.0
2025-08-18 02:11:13,1904.64,981.1781818181819,1463.389090909091,19.991621659049997,100.0,959.2502121272613,10.0,8.24035358428955,,,,,8.0,9.0,12.0
2025-08-18 02:11:16,1904.64,977.4545454545455,1459.6654545454546,20.02766511461232,100.0,959.2512465391712,10.0,8.250154495239258,,,,,8.0,10.0,11.0
2025-08-18 02:11:19,1904.64,981.1781818181819,1463.389090909091,20.02766511461232,100.0,959.2240038016095,10.0,8.239090919494629,,,,,8.0,10.0,12.0
2025-08-18 02:11:22,1902.7781818181818,977.4545454545455,1459.6654545454546,20.022516048658872,100.0,959.2160729792945,10.0,8.239997863769531,,,,,8.0,10.0,12.0
2025-08-18 02:18:26,1902.7781818181818,979.3163636363637,1467.1127272727272,19.4561205705686,100.0,959.2692556085906,10.0,8.253976821899414,,,,,6.0,9.0,9.0
2025-08-18 02:18:29,1902.7781818181818,979.3163636363637,1465.2509090909093,19.425226373045007,100.0,959.3032936053995,10.0,8.255074501037598,,,,,6.0,9.0,9.0
2025-08-18 02:18:32,1900.916363636364,979.3163636363637,1463.389090909091,19.420077341143042,100.0,959.2409240113952,10.0,8.244888305664062,,,,,7.0,9.0,9.0
2025-08-18 02:18:35,1902.7781818181818,979.3163636363637,1465.2509090909093,19.471567673259415,100.0,959.2930624349971,10.0,8.2534761428833,,,,,7.0,9.0,9.0
2025-08-18 02:18:38,1902.7781818181818,977.4545454545455,1463.389090909091,19.502461886499077,100.0,959.2862361742723,10.0,8.257919311523438,,,,,7.0,9.0,11.0
2025-08-18 02:18:41,1902.7781818181818,981.1781818181819,1467.1127272727272,19.502461886499077,100.0,959.2317956158863,10.0,8.246833801269531,,,,,7.0,9.0,10.0
2025-08-18 02:18:44,1902.7781818181818,979.3163636363637,1467.1127272727272,19.497312850231538,100.0,959.278300830585,10.0,8.252575874328613,,,,,7.0,9.0,10.0
2025-08-18 02:18:47,1899.0545454545456,981.1781818181819,1465.2509090909093,19.538505148520926,100.0,959.260118775785,10.0,8.225030899047852,,,,,7.0,9.0,10.0
2025-08-18 02:18:50,1902.7781818181818,981.1781818181819,1467.1127272727272,19.507610923057655,100.0,959.2125100575236,10.0,8.246634483337402,,,,,7.0,10.0,11.0
2025-08-18 02:18:53,1902.7781818181818,981.1781818181819,1467.1127272727272,19.4561205705686,100.0,959.2148190384105,10.0,8.248404502868652,,,,,6.0,9.0,11.0
2025-08-18 02:18:56,1902.7781818181818,977.4545454545455,1463.389090909091,19.497312850231538,100.0,959.2238607234772,10.0,8.25802993774414,,,,,7.0,9.0,11.0
2025-08-18 02:18:59,1902.7781818181818,981.1781818181819,1465.2509090909093,19.492163814255036,100.0,959.2159258576543,10.0,8.247166633605957,,,,,7.0,9.0,10.0
2025-08-18 02:19:02,1902.7781818181818,981.1781818181819,1465.2509090909093,19.450971536920406,100.0,959.2613200529968,10.0,8.248632431030273,,,,,7.0,9.0,11.0
2025-08-18 02:19:05,1904.64,983.0400000000001,1465.2509090909093,19.404630247183377,100.0,959.1899012502535,10.0,8.254279136657715,,,,,7.0,9.0,9.0
2025-08-18 02:19:08,1902.7781818181818,983.0400000000001,1465.2509090909093,19.35828898102045,100.0,959.2001267359633,10.0,8.245939254760742,,,,,7.0,9.0,9.0
2025-08-18 02:19:11,1900.916363636364,983.0400000000001,1467.1127272727272,19.363438009429956,100.0,959.2352767953066,10.0,8.23579216003418,,,,,7.0,9.0,9.0
2025-08-18 02:19:14,1904.64,981.1781818181819,1463.389090909091,19.399481216445565,100.0,959.2636135075758,10.0,8.260470390319824,,,,,8.0,9.0,9.0
2025-08-18 02:19:17,1904.64,984.9018181818182,1468.9745454545455,19.44582250356325,100.0,959.2261666810327,10.0,8.247366905212402,,,,,8.0,9.0,9.0
2025-08-18 02:19:20,1904.64,984.9018181818182,1467.1127272727272,19.466418638738105,100.0,959.2306893268703,10.0,8.246697425842285,,,,,7.0,8.0,8.0
2025-08-18 02:19:23,1902.7781818181818,981.1781818181819,1468.9745454545455,19.476716708071763,100.0,959.2465597217303,10.0,8.247733116149902,,,,,7.0,9.0,9.0
2025-08-18 02:19:26,1904.64,984.9018181818182,1465.2509090909093,19.497312850231538,100.0,959.2510807678723,10.0,8.245755195617676,,,,,7.0,9.0,9.0
2025-08-18 02:19:29,1904.64,981.1781818181819,1465.2509090909093,19.517908997047925,100.0,959.2283795239742,10.0,8.256341934204102,,,,,6.0,8.0,8.0
2025-08-18 02:19:32,1904.64,981.1781818181819,1465.2509090909093,19.55910130465054,100.0,959.2918584526943,10.0,8.255247116088867,,,,,7.0,10.0,10.0
2025-08-18 02:19:35,1904.64,981.1781818181819,1465.2509090909093,19.55910130465054,100.0,959.264635737238,10.0,8.255126953125,,,,,6.0,9.0,9.0
2025-08-18 02:19:38,1902.7781818181818,984.9018181818182,1468.9745454545455,19.579697465436766,100.0,959.2147041923437,10.0,8.23289680480957,,,,,7.0,10.0,10.0
2025-08-18 02:19:41,1904.64,983.0400000000001,1468.9745454545455,19.55395226518158,100.0,959.229478532318,10.0,8.249454498291016,,,,,7.0,10.0,10.0
2025-08-18 02:19:44,1904.64,983.0400000000001,1467.1127272727272,19.58999554757611,100.0,959.2577966117882,10.0,8.24837589263916,,,,,6.0,10.0,11.0
2025-08-18 02:19:47,1904.64,983.0400000000001,1465.2509090909093,19.579697465436766,100.0,959.2419277554161,10.0,8.248642921447754,,,,,7.0,10.0,12.0
2025-08-18 02:19:50,1904.64,983.0400000000001,1467.1127272727272,19.569399384461576,100.0,959.2260590052435,10.0,8.248922348022461,,,,,8.0,12.0,13.0
2025-08-18 02:19:53,1902.7781818181818,981.1781818181819,1465.2509090909093,19.579697465436766,100.0,959.1874806475931,10.0,8.244132041931152,,,,,7.0,10.0,12.0
2025-08-18 02:19:56,1904.64,983.0400000000001,1467.1127272727272,19.517908997047925,100.0,959.2011586136567,10.0,8.250537872314453,,,,,7.0,11.0,12.0
2025-08-18 02:19:59,1902.7781818181818,984.9018181818182,1468.9745454545455,19.56425034441054,100.0,959.2181246699874,10.0,8.233431816101074,,,,,6.0,10.0,11.0
2025-08-18 02:20:02,1904.64,984.9018181818182,1467.1127272727272,19.579697465436766,100.0,959.2419277554161,10.0,8.242958068847656,,,,,7.0,10.0,13.0
2025-08-18 02:20:05,1904.64,986.7636363636365,1468.9745454545455,19.548803226003656,100.0,959.2487662969424,10.0,8.238327980041504,,,,,7.0,11.0,13.0
2025-08-18 02:20:08,1904.64,986.7636363636365,1467.1127272727272,19.497312850231538,100.0,959.2510807678723,10.0,8.240062713623047,,,,,6.0,9.0,11.0
2025-08-18 02:20:11,1906.5018181818184,984.9018181818182,1468.9745454545455,19.497312850231538,100.0,959.2238607234772,10.0,8.255571365356445,,,,,6.0,8.0,10.0
2025-08-18 02:20:14,1904.64,988.6254545454545,1468.9745454545455,19.4561205705686,100.0,959.187600780793,10.0,8.235472679138184,,,,,5.0,8.0,9.0
2025-08-18 02:20:17,1908.3636363636365,986.7636363636365,1468.9745454545455,19.471567673259415,100.0,959.211405576477,10.0,8.26062297821045,,,,,5.0,7.0,8.0
2025-08-18 02:20:20,1906.5018181818184,983.0400000000001,1468.9745454545455,19.507610923057655,100.0,959.2397305348793,10.0,8.260991096496582,,,,,6.0,8.0,10.0
2025-08-18 02:20:23,1906.5018181818184,984.9018181818182,1468.9745454545455,19.507610923057655,100.0,959.2125100575236,10.0,8.255173683166504,,,,,6.0,8.0,9.0
2025-08-18 02:20:26,1906.5018181818184,984.9018181818182,1468.9745454545455,19.497312850231538,100.0,959.2510807678723,10.0,8.25568675994873,,,,,6.0,8.0,9.0
2025-08-18 02:20:29,1904.64,984.9018181818182,1468.9745454545455,19.523058034479618,100.0,959.1818720434696,10.0,8.244584083557129,,,,,6.0,8.0,8.0
2025-08-18 02:20:32,1906.5018181818184,983.0400000000001,1467.1127272727272,19.548803226003656,100.0,959.1943218235664,10.0,8.259403228759766,,,,,6.0,8.0,9.0
2025-08-18 02:20:35,1906.5018181818184,988.6254545454545,1472.698181818182,19.56425034441054,100.0,959.2181246699874,10.0,8.241918563842773,,,,,6.0,8.0,11.0
2025-08-18 02:20:38,1904.64,984.9018181818182,1470.8363636363638,19.569399384461576,100.0,959.280505283772,10.0,8.24346923828125,,,,,6.0,7.0,10.0
2025-08-18 02:20:41,1904.64,983.0400000000001,1468.9745454545455,19.52820707220235,100.0,959.2170277351347,10.0,8.250260353088379,,,,,6.0,8.0,10.0
2025-08-18 02:20:44,1904.64,984.9018181818182,1468.9745454545455,19.502461886499077,100.0,959.2590158859206,10.0,8.24561882019043,,,,,6.0,7.0,11.0
2025-08-18 02:20:47,1906.5018181818184,984.9018181818182,1470.8363636363638,19.507610923057655,100.0,959.2397305348793,10.0,8.255294799804688,,,,,5.0,7.0,13.0
2025-08-18 02:20:50,1906.5018181818184,984.9018181818182,1468.9745454545455,19.523058034479618,100.0,959.2635354513434,10.0,8.254878044128418,,,,,5.0,8.0,13.0
2025-08-18 02:20:53,1906.5018181818184,986.7636363636365,1468.9745454545455,19.51275995990727,100.0,959.2476654804549,10.0,8.249468803405762,,,,,6.0,8.0,13.0
2025-08-18 02:20:56,1906.5018181818184,986.7636363636365,1470.8363636363638,19.523058034479618,100.0,959.2363142970667,10.0,8.249069213867188,,,,,6.0,9.0,14.0
2025-08-18 02:20:59,1906.5018181818184,984.9018181818182,1470.8363636363638,19.497312850231538,100.0,959.2510807678723,10.0,8.25568675994873,,,,,6.0,9.0,13.0
2025-08-18 02:21:02,1906.5018181818184,983.0400000000001,1467.1127272727272,19.52820707220235,100.0,959.2714704766518,10.0,8.260437965393066,,,,,7.0,11.0,15.0
2025-08-18 02:21:05,1904.64,984.9018181818182,1470.8363636363638,19.44582250356325,100.0,959.2261666810327,10.0,8.247366905212402,,,,,7.0,11.0,15.0
2025-08-18 02:21:08,1906.5018181818184,983.0400000000001,1468.9745454545455,19.497312850231538,100.0,959.2238607234772,10.0,8.261266708374023,,,,,7.0,10.0,14.0
2025-08-18 02:21:11,1906.5018181818184,984.9018181818182,1470.8363636363638,19.48186574317515,100.0,959.2544949590557,10.0,8.25622272491455,,,,,7.0,10.0,13.0
2025-08-18 02:21:14,1904.64,984.9018181818182,1470.8363636363638,19.48186574317515,100.0,959.2544949590557,10.0,8.246292114257812,,,,,7.0,10.0,11.0
2025-08-18 02:21:17,1906.5018181818184,984.9018181818182,1470.8363636363638,19.51275995990727,100.0,959.2476654804549,10.0,8.255157470703125,,,,,7.0,9.0,11.0
2025-08-18 02:21:20,1906.5018181818184,984.9018181818182,1468.9745454545455,19.502461886499077,100.0,959.2317956158863,10.0,8.255433082580566,,,,,7.0,9.0,10.0
2025-08-18 02:21:23,1906.5018181818184,984.9018181818182,1470.8363636363638,19.52820707220235,100.0,959.2442490967338,10.0,8.254623413085938,,,,,6.0,8.0,10.0
2025-08-18 02:23:26,1906.5018181818184,986.7636363636365,1474.56,19.3788850964047,100.0,959.2046549439468,10.0,8.25375747680664,,,,,5.0,7.0,7.0
2025-08-18 02:23:29,1906.5018181818184,981.1781818181819,1468.9745454545455,19.394332185998792,100.0,959.201246303014,10.0,8.270302772521973,,,,,6.0,7.0,7.0
2025-08-18 02:23:32,1904.64,983.0400000000001,1470.8363636363638,19.363438009429956,100.0,959.2352767953066,10.0,8.255867004394531,,,,,6.0,8.0,8.0
2025-08-18 02:23:35,1904.64,981.1781818181819,1470.8363636363638,19.37373606712208,100.0,959.1967193364376,10.0,8.261035919189453,,,,,6.0,8.0,8.0
2025-08-18 02:23:38,1904.64,983.0400000000001,1470.8363636363638,19.363438009429956,100.0,959.2352767953066,10.0,8.255867004394531,,,,,6.0,8.0,8.0
2025-08-18 02:23:41,1904.64,981.1781818181819,1468.9745454545455,19.414928309532115,100.0,959.2329884164684,10.0,8.259819984436035,,,,,6.0,8.0,8.0
2025-08-18 02:23:44,1904.64,984.9018181818182,1472.698181818182,19.363438009429956,100.0,959.20806248917,10.0,8.250048637390137,,,,,6.0,7.0,7.0
2025-08-18 02:23:47,1906.5018181818184,983.0400000000001,1470.8363636363638,19.389183155843057,100.0,959.1660954618796,10.0,8.264626502990723,,,,,6.0,8.0,8.0
2025-08-18 02:23:50,1904.64,981.1781818181819,1470.8363636363638,19.38403412597836,100.0,959.1853754060684,10.0,8.260639190673828,,,,,6.0,8.0,8.0
2025-08-18 02:23:53,1906.5018181818184,979.3163636363637,1468.9745454545455,19.399481216445565,100.0,959.181965960832,10.0,8.275729179382324,,,,,6.0,8.0,8.0
2025-08-18 02:23:56,1904.64,981.1781818181819,1472.698181818182,19.38403412597836,100.0,959.2670209770813,10.0,8.261003494262695,,,,,6.0,8.0,8.0
2025-08-18 02:23:59,1904.64,979.3163636363637,1468.9745454545455,19.35828898102045,100.0,959.2273408164732,10.0,8.267383575439453,,,,,6.0,7.0,7.0
2025-08-18 02:24:02,1904.64,981.1781818181819,1472.698181818182,19.38403412597836,100.0,959.1853754060684,10.0,8.260639190673828,,,,,6.0,7.0,7.0
2025-08-18 02:24:05,1906.5018181818184,983.0400000000001,1472.698181818182,19.43552443772205,100.0,959.2375135458695,10.0,8.263395309448242,,,,,6.0,8.0,8.0
2025-08-18 02:24:08,1904.64,979.3163636363637,1468.9745454545455,19.487014778569574,100.0,959.2896498527267,10.0,8.263235092163086,,,,,7.0,10.0,10.0
2025-08-18 02:24:11,1904.64,981.1781818181819,1470.8363636363638,19.471567673259415,100.0,959.1841866602684,10.0,8.257699012756348,,,,,6.0,10.0,10.0
2025-08-18 02:24:14,1904.64,981.1781818181819,1470.8363636363638,19.476716708071763,100.0,959.2465597217303,10.0,8.257813453674316,,,,,6.0,10.0,10.0
2025-08-18 02:24:17,1902.7781818181818,979.3163636363637,1468.9745454545455,19.471567673259415,100.0,959.2386245110013,10.0,8.25341510772705,,,,,7.0,11.0,11.0
2025-08-18 02:24:20,1904.64,979.3163636363637,1470.8363636363638,19.466418638738105,100.0,959.1762519274095,10.0,8.263529777526855,,,,,6.0,10.0,10.0
2025-08-18 02:24:23,1904.64,981.1781818181819,1470.8363636363638,19.48186574317515,100.0,959.200056205776,10.0,8.257427215576172,,,,,7.0,11.0,11.0
2025-08-18 02:29:26,1902.7781818181818,977.4545454545455,1467.1127272727272,19.30164968772442,100.0,959.0856236295606,10.0,8.264400482177734,,,,,8.0,10.0,10.0
2025-08-18 02:29:29,1902.7781818181818,981.1781818181819,1472.698181818182,19.353139952901984,100.0,959.1649771728289,10.0,8.2516508102417,,,,,7.0,10.0,10.0
2025-08-18 02:29:32,1900.916363636364,979.3163636363637,1470.8363636363638,19.363438009429956,100.0,959.1264196806178,10.0,8.246706008911133,,,,,8.0,10.0,10.0
2025-08-18 02:29:35,1900.916363636364,977.4545454545455,1467.1127272727272,19.409779278212227,100.0,959.08897162197,10.0,8.250595092773438,,,,,8.0,10.0,10.0
2025-08-18 02:29:38,1900.916363636364,977.4545454545455,1468.9745454545455,19.425226373045007,100.0,959.1672088116079,10.0,8.250146865844727,,,,,7.0,10.0,10.0
2025-08-18 02:29:41,1902.7781818181818,979.3163636363637,1468.9745454545455,19.363438009429956,100.0,959.2352767953066,10.0,8.25711727142334,,,,,8.0,10.0,10.0
2025-08-18 02:29:44,1902.7781818181818,977.4545454545455,1468.9745454545455,19.3685870381305,100.0,959.1343547835907,10.0,8.26235294342041,,,,,7.0,9.0,9.0
2025-08-18 02:29:47,1900.916363636364,979.3163636363637,1470.8363636363638,19.425226373045007,100.0,959.1672088116079,10.0,8.244627952575684,,,,,7.0,10.0,10.0
2025-08-18 02:29:50,1902.7781818181818,981.1781818181819,1470.8363636363638,19.425226373045007,100.0,959.1944257337399,10.0,8.249361038208008,,,,,7.0,11.0,11.0
2025-08-18 02:29:53,1902.7781818181818,981.1781818181819,1470.8363636363638,19.43552443772205,100.0,959.1558614256793,10.0,8.248845100402832,,,,,7.0,11.0,11.0
2025-08-18 02:29:56,1899.0545454545456,979.3163636363637,1467.1127272727272,19.461269604507834,100.0,959.11388034622,10.0,8.233037948608398,,,,,7.0,11.0,11.0
2025-08-18 02:29:59,1902.7781818181818,979.3163636363637,1468.9745454545455,19.497312850231538,100.0,959.114980729069,10.0,8.25228214263916,,,,,6.0,10.0,10.0
2025-08-18 02:30:02,1902.7781818181818,979.3163636363637,1467.1127272727272,19.43552443772205,100.0,959.1830787807623,10.0,8.25458812713623,,,,,6.0,10.0,10.0
2025-08-18 02:30:05,1900.916363636364,979.3163636363637,1468.9745454545455,19.43552443772205,100.0,959.12864408891,10.0,8.24422550201416,,,,,6.0,10.0,10.0
2025-08-18 02:30:08,1899.0545454545456,979.3163636363637,1472.698181818182,19.43552443772205,100.0,959.12864408891,10.0,8.233942985534668,,,,,6.0,9.0,9.0
2025-08-18 02:30:11,1902.7781818181818,979.3163636363637,1468.9745454545455,19.44582250356325,100.0,959.1989488563693,10.0,8.254256248474121,,,,,6.0,9.0,9.0
2025-08-18 02:30:14,1900.916363636364,975.5927272727274,1468.9745454545455,19.492163814255036,100.0,959.1342665112857,10.0,8.253332138061523,,,,,6.0,8.0,8.0
2025-08-18 02:30:17,1902.7781818181818,977.4545454545455,1468.9745454545455,19.466418638738105,100.0,959.1218146012106,10.0,8.258980751037598,,,,,6.0,8.0,8.0
2025-08-18 02:30:20,1902.7781818181818,977.4545454545455,1468.9745454545455,19.471567673259415,100.0,959.075311178593,10.0,8.258659362792969,,,,,6.0,7.0,7.0
2025-08-18 02:30:23,1900.916363636364,975.5927272727274,1468.9745454545455,19.466418638738105,100.0,959.1490332551523,10.0,8.254231452941895,,,,,6.0,7.0,7.0
2025-08-18 02:38:26,1899.0545454545456,973.7309090909091,1468.9745454545455,19.15232808329165,100.0,959.1547698638124,10.0,8.260235786437988,,,,,6.0,9.0,10.0
2025-08-18 02:38:29,1902.7781818181818,975.5927272727274,1467.1127272727272,19.167775134468684,100.0,959.096963131848,10.0,8.27463150024414,,,,,6.0,8.0,8.0
2025-08-18 02:38:32,1900.916363636364,975.5927272727274,1470.8363636363638,19.188371206779266,100.0,959.0742952009426,10.0,8.263686180114746,,,,,6.0,8.0,8.0
2025-08-18 02:38:35,1900.916363636364,973.7309090909091,1467.1127272727272,19.1780731700419,100.0,959.112835848722,10.0,8.26960277557373,,,,,6.0,8.0,8.0
2025-08-18 02:38:38,1899.0545454545456,979.3163636363637,1472.698181818182,19.167775134468684,100.0,959.1241689926377,10.0,8.243122100830078,,,,,6.0,9.0,9.0
2025-08-18 02:38:41,1900.916363636364,975.5927272727274,1470.8363636363638,19.172924152109772,100.0,959.1048994769211,10.0,8.264249801635742,,,,,7.0,9.0,9.0
2025-08-18 02:38:44,1902.7781818181818,975.5927272727274,1468.9745454545455,19.167775134468684,100.0,959.096963131848,10.0,8.27463150024414,,,,,7.0,9.0,10.0
2025-08-18 02:38:47,1900.916363636364,975.5927272727274,1467.1127272727272,19.1780731700419,100.0,959.0584232796027,10.0,8.264032363891602,,,,,7.0,9.0,10.0
2025-08-18 02:38:50,1900.916363636364,977.4545454545455,1468.9745454545455,19.162626117118634,100.0,959.1434381021667,10.0,8.259135246276855,,,,,6.0,9.0,10.0
2025-08-18 02:38:53,1900.916363636364,975.5927272727274,1467.1127272727272,19.147179066814715,100.0,959.1196279538992,10.0,8.265153884887695,,,,,7.0,9.0,11.0
2025-08-18 02:38:56,1902.7781818181818,977.4545454545455,1470.8363636363638,19.147179066814715,100.0,959.1196279538992,10.0,8.269728660583496,,,,,7.0,9.0,11.0
2025-08-18 02:38:59,1899.0545454545456,979.3163636363637,1470.8363636363638,19.14203005062882,100.0,959.1388960606346,10.0,8.244022369384766,,,,,6.0,8.0,10.0
2025-08-18 02:39:02,1902.7781818181818,977.4545454545455,1468.9745454545455,19.147179066814715,100.0,959.0924229772423,10.0,8.26960277557373,,,,,6.0,9.0,11.0
2025-08-18 02:39:05,1902.7781818181818,977.4545454545455,1468.9745454545455,19.157477100059623,100.0,959.135501359341,10.0,8.269454956054688,,,,,6.0,9.0,11.0
2025-08-18 02:39:08,1902.7781818181818,979.3163636363637,1470.8363636363638,19.157477100059623,100.0,959.1082959314695,10.0,8.263640403747559,,,,,6.0,9.0,11.0
2025-08-18 02:39:11,1900.916363636364,973.7309090909091,1465.2509090909093,19.162626117118634,100.0,959.0890268135058,10.0,8.270110130310059,,,,,6.0,8.0,9.0
2025-08-18 02:39:14,1900.916363636364,977.4545454545455,1470.8363636363638,19.147179066814715,100.0,959.0652180188825,10.0,8.259538650512695,,,,,6.0,9.0,10.0
2025-08-18 02:39:17,1900.916363636364,977.4545454545455,1470.8363636363638,19.188371206779266,100.0,959.1015019275719,10.0,8.25820541381836,,,,,7.0,10.0,11.0
2025-08-18 02:39:20,1900.916363636364,975.5927272727274,1468.9745454545455,19.162626117118634,100.0,959.0890268135058,10.0,8.2645845413208,,,,,7.0,10.0,10.0
2025-08-18 02:39:23,1902.7781818181818,977.4545454545455,1468.9745454545455,19.167775134468684,100.0,959.1241689926377,10.0,8.269058227539062,,,,,7.0,10.0,10.0
2025-08-18 02:48:26,1899.0545454545456,973.7309090909091,1468.9745454545455,19.003006723622093,100.0,959.1422002782133,10.0,8.265351295471191,,,,,6.0,8.0,9.0
2025-08-18 02:48:29,1900.916363636364,979.3163636363637,1468.9745454545455,19.023602758679772,100.0,959.0923531939683,10.0,8.258115768432617,,,,,6.0,8.0,9.0
2025-08-18 02:48:32,1900.916363636364,979.3163636363637,1472.698181818182,19.023602758679772,100.0,959.1195528842487,10.0,8.258243560791016,,,,,6.0,7.0,9.0
2025-08-18 02:48:35,1899.0545454545456,975.5927272727274,1468.9745454545455,18.99785771558527,100.0,959.1614609520262,10.0,8.260029792785645,,,,,6.0,7.0,9.0
2025-08-18 02:48:38,1899.0545454545456,975.5927272727274,1465.2509090909093,19.039049788028933,100.0,959.1705662284928,10.0,8.258631706237793,,,,,6.0,7.0,9.0
2025-08-18 02:48:41,1900.916363636364,977.4545454545455,1468.9745454545455,19.049347809050232,100.0,959.2136429744074,10.0,8.263102531433105,,,,,5.0,7.0,8.0
2025-08-18 02:48:44,1899.0545454545456,975.5927272727274,1465.2509090909093,19.07509286669665,100.0,959.1445264771206,10.0,8.257366180419922,,,,,5.0,7.0,7.0
2025-08-18 02:48:47,1900.916363636364,977.4545454545455,1468.9745454545455,19.049347809050232,100.0,959.1320404647333,10.0,8.263009071350098,,,,,5.0,7.0,7.0
2025-08-18 02:48:50,1899.0545454545456,977.4545454545455,1468.9745454545455,19.064794842764968,100.0,959.1558531486153,10.0,8.252213478088379,,,,,6.0,7.0,7.0
2025-08-18 02:48:53,1899.0545454545456,975.5927272727274,1468.9745454545455,19.064794842764968,100.0,959.1558531486153,10.0,8.257734298706055,,,,,6.0,8.0,8.0
2025-08-18 02:48:56,1899.0545454545456,973.7309090909091,1465.2509090909093,19.100837931619026,100.0,959.10260490061,10.0,8.261953353881836,,,,,6.0,8.0,8.0
2025-08-18 02:48:59,1900.916363636364,979.3163636363637,1470.8363636363638,19.07509286669665,100.0,959.1173245674404,10.0,8.256508827209473,,,,,6.0,8.0,8.0
2025-08-18 02:49:02,1900.916363636364,975.5927272727274,1467.1127272727272,19.09053990477696,100.0,959.1683388858262,10.0,8.267155647277832,,,,,6.0,7.0,7.0
2025-08-18 02:49:05,1899.0545454545456,977.4545454545455,1467.1127272727272,19.085390891792485,100.0,959.1059966860166,10.0,8.251450538635254,,,,,6.0,7.0,7.0
2025-08-18 02:49:08,1900.916363636364,977.4545454545455,1467.1127272727272,19.08024187909905,100.0,959.0708575689555,10.0,8.261810302734375,,,,,5.0,7.0,7.0
2025-08-18 02:49:11,1900.916363636364,977.4545454545455,1467.1127272727272,19.059645831235684,100.0,959.1479155605412,10.0,8.262674331665039,,,,,6.0,7.0,7.0
2025-08-18 02:49:14,1899.0545454545456,975.5927272727274,1468.9745454545455,19.05449681999744,100.0,959.1671790431118,10.0,8.258097648620605,,,,,6.0,8.0,8.0
2025-08-18 02:49:17,1900.916363636364,975.5927272727274,1467.1127272727272,19.03390077795484,100.0,959.1082280219058,10.0,8.269033432006836,,,,,7.0,8.0,8.0
2025-08-18 02:49:20,1897.1927272727273,977.4545454545455,1468.9745454545455,19.028751768171787,100.0,959.1002905945409,10.0,8.243090629577637,,,,,6.0,7.0,7.0
2025-08-18 02:49:23,1900.916363636364,975.5927272727274,1467.1127272727272,19.013304740568856,100.0,959.049279252408,10.0,8.269651412963867,,,,,6.0,7.0,7.0
2025-08-18 02:52:27,1902.7781818181818,977.4545454545455,1467.1127272727272,18.8588346086035,100.0,959.1646813991193,10.0,8.27959156036377,,,,,6.0,9.0,12.0
2025-08-18 02:52:30,1900.916363636364,977.4545454545455,1468.9745454545455,18.86398360878229,100.0,959.1182348701462,10.0,8.269268989562988,,,,,6.0,9.0,12.0
2025-08-18 02:52:33,1899.0545454545456,979.3163636363637,1468.9745454545455,18.848536609119037,100.0,959.1488029816101,10.0,8.254106521606445,,,,,6.0,9.0,11.0
2025-08-18 02:52:36,1900.916363636364,981.1781818181819,1472.698181818182,18.833089612075128,100.0,959.1521771198527,10.0,8.259078025817871,,,,,5.0,8.0,10.0
2025-08-18 02:52:39,1900.916363636364,979.3163636363637,1470.8363636363638,18.85368560871575,100.0,959.156742176929,10.0,8.264101028442383,,,,,6.0,9.0,11.0
2025-08-18 02:52:42,1902.7781818181818,975.5927272727274,1467.1127272727272,18.848536609119037,100.0,959.1488029816101,10.0,8.285554885864258,,,,,6.0,8.0,9.0
2025-08-18 02:52:45,1899.0545454545456,977.4545454545455,1467.1127272727272,18.874281610012986,100.0,959.1613058775736,10.0,8.258750915527344,,,,,6.0,8.0,9.0
2025-08-18 02:52:48,1900.916363636364,979.3163636363637,1470.8363636363638,18.838238610798726,100.0,959.160116460125,10.0,8.264632225036621,,,,,5.0,6.0,8.0
2025-08-18 02:52:51,1902.7781818181818,977.4545454545455,1467.1127272727272,18.80734462282271,100.0,959.1396712750766,10.0,8.281200408935547,,,,,6.0,7.0,8.0
2025-08-18 02:52:54,1900.916363636364,979.3163636363637,1470.8363636363638,18.80734462282271,100.0,959.1668617466925,10.0,8.265691757202148,,,,,6.0,8.0,8.0
2025-08-18 02:52:57,1900.916363636364,979.3163636363637,1468.9745454545455,18.797046629159013,100.0,959.1781725521013,10.0,8.266092300415039,,,,,5.0,6.0,6.0
2025-08-18 02:53:00,1902.7781818181818,979.3163636363637,1470.8363636363638,18.812493620091118,100.0,959.1204200275878,10.0,8.275256156921387,,,,,7.0,8.0,8.0
2025-08-18 02:53:03,1900.916363636364,975.5927272727274,1467.1127272727272,18.817642617650563,100.0,959.1283592603261,10.0,8.276473999023438,,,,,6.0,8.0,8.0
2025-08-18 02:53:06,1899.0545454545456,979.3163636363637,1470.8363636363638,18.80734462282271,100.0,959.1396712750766,10.0,8.255510330200195,,,,,6.0,8.0,8.0
2025-08-18 02:53:09,1900.916363636364,975.5927272727274,1467.1127272727272,18.80734462282271,100.0,959.1668617466925,10.0,8.276873588562012,,,,,6.0,8.0,8.0
2025-08-18 02:53:12,1899.0545454545456,979.3163636363637,1468.9745454545455,18.80734462282271,100.0,959.1940522365861,10.0,8.25557804107666,,,,,6.0,7.0,7.0
2025-08-18 02:53:15,1899.0545454545456,979.3163636363637,1470.8363636363638,18.80734462282271,100.0,959.112480821738,10.0,8.25548267364502,,,,,5.0,7.0,7.0
2025-08-18 02:53:18,1900.916363636364,979.3163636363637,1467.1127272727272,18.802195625845343,100.0,959.1317318705411,10.0,8.26571273803711,,,,,7.0,8.0,8.0
2025-08-18 02:53:21,1900.916363636364,981.1781818181819,1470.8363636363638,18.822791615501046,100.0,959.1634896500232,10.0,8.25947093963623,,,,,7.0,8.0,10.0
2025-08-18 02:53:24,1899.0545454545456,977.4545454545455,1470.8363636363638,18.79189763276372,100.0,959.1430429370398,10.0,8.261560440063477,,,,,7.0,8.0,10.0
2025-08-18 02:57:27,1904.64,984.9018181818182,1478.2836363636366,18.663172817468876,100.0,959.1076675941383,10.0,8.27306079864502,,,,,5.0,7.0,7.0
2025-08-18 02:57:30,1904.64,981.1781818181819,1470.8363636363638,18.65802382864058,100.0,959.1540954987279,10.0,8.284822463989258,,,,,6.0,8.0,10.0
2025-08-18 02:57:33,1902.7781818181818,984.9018181818182,1474.56,18.647725851857103,100.0,959.1382142180487,10.0,8.263779640197754,,,,,6.0,8.0,9.0
2025-08-18 02:57:36,1904.64,981.1781818181819,1472.698181818182,18.63742787623778,100.0,959.1495162374891,10.0,8.285490036010742,,,,,6.0,9.0,10.0
2025-08-18 02:57:39,1902.7781818181818,984.9018181818182,1476.4218181818183,18.632278888864676,100.0,959.1415754659612,10.0,8.264310836791992,,,,,7.0,9.0,10.0
2025-08-18 02:57:42,1904.64,984.9018181818182,1476.4218181818183,18.62712990178261,100.0,959.0792692573748,10.0,8.274136543273926,,,,,5.0,8.0,9.0
2025-08-18 02:57:45,1902.7781818181818,981.1781818181819,1474.56,18.632278888864676,100.0,959.0600266206377,10.0,8.275325775146484,,,,,6.0,9.0,10.0
2025-08-18 02:57:48,1902.7781818181818,979.3163636363637,1472.698181818182,18.63742787623778,100.0,959.095149871216,10.0,8.281005859375,,,,,6.0,9.0,10.0
2025-08-18 02:57:51,1904.64,981.1781818181819,1474.56,18.62712990178261,100.0,959.1336347214025,10.0,8.28576374053955,,,,,6.0,9.0,10.0
2025-08-18 02:57:54,1902.7781818181818,981.1781818181819,1472.698181818182,18.632278888864676,100.0,959.1143924992525,10.0,8.275568962097168,,,,,7.0,9.0,10.0
2025-08-18 02:57:57,1906.5018181818184,983.0400000000001,1474.56,18.62712990178261,100.0,959.1336347214025,10.0,8.290008544921875,,,,,7.0,9.0,9.0
2025-08-18 02:58:00,1904.64,981.1781818181819,1474.56,18.652874840103323,100.0,959.1733387138672,10.0,8.28508186340332,,,,,7.0,9.0,9.0
2025-08-18 02:58:03,1904.64,981.1781818181819,1474.56,18.663172817468876,100.0,959.1076675941383,10.0,8.284442901611328,,,,,6.0,9.0,9.0
2025-08-18 02:58:06,1900.916363636364,981.1781818181819,1474.56,18.694066756550455,100.0,959.1009383189382,10.0,8.26349925994873,,,,,6.0,9.0,9.0
2025-08-18 02:58:09,1904.64,981.1781818181819,1472.698181818182,18.683768775692442,100.0,959.1122436147243,10.0,8.283771514892578,,,,,7.0,10.0,10.0
2025-08-18 02:58:12,1900.916363636364,981.1781818181819,1474.56,18.663172817468876,100.0,959.1620361795055,10.0,8.264813423156738,,,,,7.0,10.0,10.0
2025-08-18 02:58:15,1904.64,981.1781818181819,1474.56,18.65802382864058,100.0,959.1269114224738,10.0,8.28470516204834,,,,,6.0,9.0,10.0
2025-08-18 02:58:18,1902.7781818181818,983.0400000000001,1474.56,18.673470795998583,100.0,959.0963634178916,10.0,8.268423080444336,,,,,5.0,9.0,10.0
2025-08-18 02:58:21,1904.64,983.0400000000001,1472.698181818182,18.70436473857262,100.0,959.0896322469209,10.0,8.277290344238281,,,,,5.0,8.0,10.0
2025-08-18 02:58:24,1904.64,983.0400000000001,1476.4218181818183,18.69921574741602,100.0,959.1360641120616,10.0,8.277667999267578,,,,,5.0,7.0,9.0
2025-08-18 02:58:27,1902.7781818181818,981.1781818181819,1470.8363636363638,18.724960706109414,100.0,959.1485785259044,10.0,8.272624015808105,,,,,6.0,9.0,10.0
2025-08-18 02:58:30,1904.64,983.0400000000001,1476.4218181818183,18.724960706109414,100.0,959.2029524518025,10.0,8.277112007141113,,,,,6.0,8.0,10.0
2025-08-18 02:58:33,1902.7781818181818,981.1781818181819,1472.698181818182,18.71981171378866,100.0,959.1134517141068,10.0,8.27263355255127,,,,,6.0,9.0,10.0
2025-08-18 02:58:36,1904.64,983.0400000000001,1476.4218181818183,18.709513730020262,100.0,959.0975720423828,10.0,8.277152061462402,,,,,6.0,8.0,10.0
2025-08-18 02:58:39,1902.7781818181818,981.1781818181819,1474.56,18.678619785699993,100.0,959.1586734050516,10.0,8.274216651916504,,,,,6.0,8.0,9.0
2025-08-18 02:58:42,1902.7781818181818,979.3163636363637,1472.698181818182,18.673470795998583,100.0,959.1235481343002,10.0,8.279923439025879,,,,,7.0,9.0,9.0
2025-08-18 02:58:45,1900.916363636364,979.3163636363637,1472.698181818182,18.65802382864058,100.0,959.1540954987279,10.0,8.270644187927246,,,,,7.0,10.0,10.0
2025-08-18 02:58:48,1902.7781818181818,981.1781818181819,1472.698181818182,18.673470795998583,100.0,959.0691787197529,10.0,8.273982048034668,,,,,7.0,10.0,10.0
2025-08-18 02:58:51,1902.7781818181818,979.3163636363637,1474.56,18.69921574741602,100.0,959.1904358188135,10.0,8.2793607711792,,,,,7.0,10.0,10.0
2025-08-18 02:58:54,1902.7781818181818,979.3163636363637,1474.56,18.71466272175894,100.0,959.13269834918,10.0,8.278582572937012,,,,,7.0,10.0,10.0
2025-08-18 02:58:57,1904.64,981.1781818181819,1474.56,18.70436473857262,100.0,959.1711904015305,10.0,8.283344268798828,,,,,7.0,10.0,10.0
2025-08-18 02:59:00,1904.64,981.1781818181819,1474.56,18.70436473857262,100.0,959.1711904015305,10.0,8.283344268798828,,,,,7.0,9.0,9.0
2025-08-18 02:59:03,1902.7781818181818,977.4545454545455,1472.698181818182,18.709513730020262,100.0,959.1247583012156,10.0,8.284420013427734,,,,,7.0,9.0,9.0
2025-08-18 02:59:06,1902.7781818181818,981.1781818181819,1474.56,18.70436473857262,100.0,959.1440043317223,10.0,8.27329158782959,,,,,6.0,8.0,8.0
2025-08-18 02:59:09,1904.64,979.3163636363637,1474.56,18.709513730020262,100.0,959.1519445783202,10.0,8.288782119750977,,,,,6.0,8.0,8.0
2025-08-18 02:59:12,1904.64,981.1781818181819,1472.698181818182,18.694066756550455,100.0,959.155309538013,10.0,8.283616065979004,,,,,5.0,7.0,7.0
2025-08-18 02:59:15,1904.64,981.1781818181819,1474.56,18.683768775692442,100.0,959.1394287822637,10.0,8.28389835357666,,,,,5.0,7.0,7.0
2025-08-18 02:59:18,1902.7781818181818,979.3163636363637,1472.698181818182,18.683768775692442,100.0,959.0578733344565,10.0,8.27928638458252,,,,,6.0,8.0,9.0
2025-08-18 02:59:21,1902.7781818181818,981.1781818181819,1474.56,18.647725851857103,100.0,959.1925815231085,10.0,8.275405883789062,,,,,6.0,8.0,9.0
2025-08-18 02:59:24,1900.916363636364,979.3163636363637,1474.56,18.652874840103323,100.0,959.0646033476431,10.0,8.27040958404541,,,,,5.0,8.0,9.0
2025-08-18 03:05:09,1906.5018181818184,984.9018181818182,1480.1454545454544,18.436617584346095,100.0,959.0572419748565,10.0,8.290358543395996,,,,,7.0,8.0,9.0
2025-08-18 03:05:12,1906.5018181818184,988.6254545454545,1482.0072727272727,18.436617584346095,100.0,959.111591113256,10.0,8.279220581054688,,,,,7.0,9.0,10.0
2025-08-18 03:05:15,1908.3636363636365,984.9018181818182,1478.2836363636366,18.416021682001883,100.0,959.0798233813089,10.0,8.301082611083984,,,,,6.0,8.0,9.0
2025-08-18 03:05:18,1906.5018181818184,984.9018181818182,1478.2836363636366,18.405723732576007,100.0,959.0639396777101,10.0,8.291426658630371,,,,,7.0,8.0,9.0
2025-08-18 03:05:21,1902.7781818181818,984.9018181818182,1476.4218181818183,18.400574758299626,100.0,959.0559978665118,10.0,8.271686553955078,,,,,6.0,8.0,9.0
2025-08-18 03:05:24,1906.5018181818184,984.9018181818182,1478.2836363636366,18.385127837216714,100.0,959.0865172959429,10.0,8.292217254638672,,,,,6.0,8.0,9.0
2025-08-18 03:05:27,1904.64,986.7636363636365,1478.2836363636366,18.369680918753147,100.0,959.1170343356191,10.0,8.277242660522461,,,,,6.0,8.0,9.0
2025-08-18 03:05:30,1906.5018181818184,984.9018181818182,1480.1454545454544,18.395425784314284,100.0,959.0752288746331,10.0,8.291823387145996,,,,,7.0,8.0,9.0
2025-08-18 03:05:33,1904.64,986.7636363636365,1480.1454545454544,18.405723732576007,100.0,959.0639396777101,10.0,8.275793075561523,,,,,6.0,8.0,8.0
2025-08-18 03:05:36,1906.5018181818184,984.9018181818182,1478.2836363636366,18.405723732576007,100.0,959.09111292104,10.0,8.291543006896973,,,,,6.0,8.0,8.0
2025-08-18 03:05:39,1904.64,984.9018181818182,1478.2836363636366,18.416021682001883,100.0,959.0798233813089,10.0,8.281213760375977,,,,,6.0,7.0,7.0
2025-08-18 03:05:42,1904.64,986.7636363636365,1480.1454545454544,18.379978864104487,100.0,959.0242308924429,10.0,8.27647876739502,,,,,6.0,7.0,7.0
2025-08-18 03:05:45,1906.5018181818184,983.0400000000001,1478.2836363636366,18.349085031542927,100.0,959.0580935857423,10.0,8.298986434936523,,,,,5.0,7.0,7.0
2025-08-18 03:05:48,1906.5018181818184,984.9018181818182,1478.2836363636366,18.374829891283298,100.0,959.0706330150603,10.0,8.292489051818848,,,,,5.0,7.0,7.0
2025-08-18 03:05:51,1904.64,986.7636363636365,1478.2836363636366,18.385127837216714,100.0,959.0593449365184,10.0,8.276459693908691,,,,,5.0,7.0,7.0
2025-08-18 03:05:54,1906.5018181818184,983.0400000000001,1478.2836363636366,18.343936060467968,100.0,959.1316632254822,10.0,8.299489974975586,,,,,5.0,7.0,7.0
2025-08-18 03:05:57,1906.5018181818184,983.0400000000001,1480.1454545454544,18.343936060467968,100.0,959.0773219874629,10.0,8.299245834350586,,,,,6.0,7.0,7.0
2025-08-18 03:06:00,1904.64,984.9018181818182,1478.2836363636366,18.318191209458746,100.0,959.0919492993795,10.0,8.284542083740234,,,,,4.0,6.0,6.0
2025-08-18 03:06:03,1904.64,984.9018181818182,1480.1454545454544,18.333638119191164,100.0,959.0342670972917,10.0,8.283766746520996,,,,,5.0,7.0,7.0
2025-08-18 03:06:06,1904.64,984.9018181818182,1478.2836363636366,18.354234002908925,100.0,959.0388647782955,10.0,8.283101081848145,,,,,5.0,7.0,7.0
2025-08-18 03:09:09,1906.5018181818184,986.7636363636365,1482.0072727272727,18.282148430269444,100.0,959.0906868396465,10.0,8.289996147155762,,,,,5.0,7.0,7.0
2025-08-18 03:09:12,1906.5018181818184,986.7636363636365,1482.0072727272727,18.240956700086826,100.0,959.1086424495935,10.0,8.291447639465332,,,,,5.0,6.0,6.0
2025-08-18 03:09:15,1906.5018181818184,986.7636363636365,1480.1454545454544,18.189467063552,100.0,959.1107013947004,10.0,8.293185234069824,,,,,5.0,6.0,6.0
2025-08-18 03:09:18,1908.3636363636365,988.6254545454545,1482.0072727272727,18.168871217087144,100.0,959.0789262389453,10.0,8.2979736328125,,,,,6.0,7.0,7.0
2025-08-18 03:09:21,1904.64,988.6254545454545,1480.1454545454544,18.19976498853066,100.0,959.0450958124233,10.0,8.276909828186035,,,,,6.0,6.0,6.0
2025-08-18 03:09:24,1906.5018181818184,988.6254545454545,1485.7309090909093,18.179169139737496,100.0,959.1219773379335,10.0,8.287885665893555,,,,,6.0,6.0,6.0
2025-08-18 03:09:27,1906.5018181818184,986.7636363636365,1476.4218181818183,18.158573295600945,100.0,959.1716896270233,10.0,8.294499397277832,,,,,6.0,6.0,6.0
2025-08-18 03:09:30,1904.64,986.7636363636365,1480.1454545454544,18.189467063552,100.0,959.1107013947004,10.0,8.283251762390137,,,,,6.0,6.0,6.0
2025-08-18 03:09:33,1904.64,984.9018181818182,1480.1454545454544,18.204913951456547,100.0,959.1345330467558,10.0,8.288533210754395,,,,,5.0,6.0,6.0
2025-08-18 03:09:36,1906.5018181818184,984.9018181818182,1480.1454545454544,18.204913951456547,100.0,959.2160272106631,10.0,8.298830032348633,,,,,5.0,6.0,6.0
2025-08-18 03:09:39,1906.5018181818184,986.7636363636365,1482.0072727272727,18.19976498853066,100.0,959.2080826229129,10.0,8.293277740478516,,,,,5.0,6.0,6.0
2025-08-18 03:09:42,1904.64,984.9018181818182,1478.2836363636366,18.19461602589581,100.0,959.1186452515566,10.0,8.288804054260254,,,,,6.0,8.0,8.0
2025-08-18 03:09:45,1906.5018181818184,984.9018181818182,1480.1454545454544,18.158573295600945,100.0,959.2531779207393,10.0,8.300553321838379,,,,,6.0,8.0,8.0
2025-08-18 03:09:48,1906.5018181818184,986.7636363636365,1482.0072727272727,18.10193474823609,100.0,959.1929420383407,10.0,8.296485900878906,,,,,7.0,9.0,9.0
2025-08-18 03:09:51,1906.5018181818184,984.9018181818182,1478.2836363636366,18.137977456121007,100.0,959.0855878813975,10.0,8.300490379333496,,,,,6.0,9.0,9.0
2025-08-18 03:09:54,1906.5018181818184,986.7636363636365,1482.0072727272727,18.158573295600945,100.0,959.226015137927,10.0,8.294739723205566,,,,,6.0,9.0,9.0
2025-08-18 03:09:57,1904.64,988.6254545454545,1482.0072727272727,18.122530579566956,100.0,959.1704005704452,10.0,8.280064582824707,,,,,7.0,9.0,9.0
2025-08-18 03:10:00,1904.64,986.7636363636365,1482.0072727272727,18.07618996562087,100.0,959.1260572592957,10.0,8.287111282348633,,,,,7.0,9.0,9.0
2025-08-18 03:10:03,1906.5018181818184,986.7636363636365,1480.1454545454544,18.09678579113097,100.0,959.1035166368463,10.0,8.296256065368652,,,,,6.0,8.0,8.0
2025-08-18 03:10:06,1906.5018181818184,984.9018181818182,1480.1454545454544,18.091636834316887,100.0,959.0684123543026,10.0,8.301965713500977,,,,,6.0,8.0,8.0
2025-08-18 03:13:09,1908.3636363636365,986.7636363636365,1482.0072727272727,18.127679538127268,100.0,959.1783454270867,10.0,8.305493354797363,,,,,5.0,7.0,7.0
2025-08-18 03:13:12,1906.5018181818184,986.7636363636365,1482.0072727272727,18.153424335294403,100.0,959.1637450582909,10.0,8.294626235961914,,,,,5.0,7.0,7.0
2025-08-18 03:13:15,1906.5018181818184,986.7636363636365,1480.1454545454544,18.137977456121007,100.0,959.1942352219481,10.0,8.295289039611816,,,,,5.0,7.0,7.0
2025-08-18 03:13:18,1908.3636363636365,986.7636363636365,1483.869090909091,18.11738162129768,100.0,959.1352947805702,10.0,8.305645942687988,,,,,6.0,7.0,7.0
2025-08-18 03:13:21,1906.5018181818184,984.9018181818182,1483.869090909091,18.09678579113097,100.0,959.1578367718263,10.0,8.30219554901123,,,,,6.0,8.0,8.0
2025-08-18 03:13:24,1908.3636363636365,986.7636363636365,1482.0072727272727,18.06589205461205,100.0,959.1644851680917,10.0,8.307501792907715,,,,,5.0,8.0,8.0
2025-08-18 03:13:27,1906.5018181818184,990.4872727272729,1483.869090909091,18.029849375248887,100.0,959.1360264927374,10.0,8.287264823913574,,,,,5.0,7.0,7.0
2025-08-18 03:13:30,1904.64,983.0400000000001,1482.0072727272727,18.050445190281607,100.0,959.1678077314216,10.0,8.29955005645752,,,,,4.0,7.0,7.0
2025-08-18 03:13:33,1906.5018181818184,984.9018181818182,1480.1454545454544,18.024700422218302,100.0,959.1823952541863,10.0,8.304719924926758,,,,,4.0,6.0,6.0
2025-08-18 03:13:36,1906.5018181818184,986.7636363636365,1482.0072727272727,18.004104613006348,100.0,959.1506127561955,10.0,8.299574851989746,,,,,5.0,8.0,8.0
2025-08-18 03:13:39,1904.64,984.9018181818182,1480.1454545454544,18.060743099544197,100.0,959.210857085103,10.0,8.293704986572266,,,,,4.0,7.0,7.0
2025-08-18 03:13:42,1908.3636363636365,986.7636363636365,1482.0072727272727,18.09678579113097,100.0,959.1849968666713,10.0,8.306564331054688,,,,,4.0,6.0,6.0
2025-08-18 03:13:45,1906.5018181818184,984.9018181818182,1483.869090909091,18.11738162129768,100.0,959.1624557409999,10.0,8.30152702331543,,,,,4.0,6.0,6.0
2025-08-18 03:13:48,1904.64,984.9018181818182,1482.0072727272727,18.091636834316887,100.0,959.1770517222093,10.0,8.292512893676758,,,,,4.0,6.0,6.0
2025-08-18 03:13:51,1906.5018181818184,984.9018181818182,1480.1454545454544,18.086487877793843,100.0,959.2234259473017,10.0,8.302831649780273,,,,,4.0,6.0,6.0
2025-08-18 03:13:54,1906.5018181818184,984.9018181818182,1480.1454545454544,18.10193474823609,100.0,959.1657817179814,10.0,8.302056312561035,,,,,4.0,6.0,6.0
2025-08-18 03:13:57,1906.5018181818184,984.9018181818182,1478.2836363636366,18.09678579113097,100.0,959.1849968666713,10.0,8.302319526672363,,,,,4.0,6.0,8.0
2025-08-18 03:14:00,1906.5018181818184,986.7636363636365,1482.0072727272727,18.09678579113097,100.0,959.130676695218,10.0,8.296381950378418,,,,,5.0,7.0,9.0
2025-08-18 03:14:03,1906.5018181818184,986.7636363636365,1483.869090909091,18.09678579113097,100.0,959.130676695218,10.0,8.296381950378418,,,,,4.0,6.0,7.0
2025-08-18 03:14:06,1902.7781818181818,988.6254545454545,1485.7309090909093,18.10193474823609,100.0,959.2201023769371,10.0,8.27104663848877,,,,,4.0,8.0,10.0
2025-08-18 03:39:10,1904.64,984.9018181818182,1483.869090909091,17.52010443704785,100.0,959.1364993963725,10.0,8.31148910522461,,,,,7.0,8.0,8.0
2025-08-18 03:39:13,1906.5018181818184,984.9018181818182,1483.869090909091,17.46861520796665,100.0,959.2198091877772,10.0,8.323516845703125,,,,,7.0,8.0,8.0
2025-08-18 03:39:16,1906.5018181818184,986.7636363636365,1483.869090909091,17.48921089610667,100.0,959.170207636611,10.0,8.316914558410645,,,,,7.0,8.0,8.0
2025-08-18 03:39:19,1902.7781818181818,984.9018181818182,1483.869090909091,17.478913051454583,100.0,959.1543084950006,10.0,8.303009033203125,,,,,7.0,8.0,8.0
2025-08-18 03:39:22,1904.64,986.7636363636365,1483.869090909091,17.442870604339987,100.0,959.1800587077328,10.0,8.308576583862305,,,,,7.0,8.0,8.0
2025-08-18 03:39:25,1904.64,986.7636363636365,1485.7309090909093,17.406828171486268,100.0,959.1786703536641,10.0,8.309776306152344,,,,,7.0,8.0,8.0
2025-08-18 03:39:28,1904.64,984.9018181818182,1483.869090909091,17.370785752893426,100.0,959.2044061749411,10.0,8.316793441772461,,,,,7.0,8.0,8.0
2025-08-18 03:39:31,1906.5018181818184,986.7636363636365,1483.869090909091,17.355339006433496,100.0,959.1805539907656,10.0,8.32144546508789,,,,,6.0,7.0,7.0
2025-08-18 03:39:34,1904.64,986.7636363636365,1483.869090909091,17.375934668962145,100.0,959.1852276655311,10.0,8.310844421386719,,,,,7.0,8.0,8.0
2025-08-18 03:39:37,1904.64,983.0400000000001,1483.869090909091,17.42742384565645,100.0,959.2104717163435,10.0,8.320612907409668,,,,,6.0,7.0,7.0
2025-08-18 03:39:40,1906.5018181818184,986.7636363636365,1483.869090909091,17.3862325019727,100.0,959.1739991382185,10.0,8.320381164550781,,,,,5.0,6.0,6.0
2025-08-18 03:39:43,1906.5018181818184,986.7636363636365,1483.869090909091,17.417126007989282,100.0,959.1403089151017,10.0,8.319194793701172,,,,,6.0,8.0,8.0
2025-08-18 03:39:46,1906.5018181818184,984.9018181818182,1482.0072727272727,17.391381418914534,100.0,959.1819495530119,10.0,8.32593822479248,,,,,5.0,7.0,7.0
2025-08-18 03:39:49,1904.64,984.9018181818182,1483.869090909091,17.406828171486268,100.0,959.2058009624998,10.0,8.315590858459473,,,,,6.0,8.0,8.0
2025-08-18 03:39:52,1904.64,983.0400000000001,1482.0072727272727,17.396530336147407,100.0,959.1627698373906,10.0,8.321434020996094,,,,,6.0,7.0,7.0
2025-08-18 03:39:55,1906.5018181818184,984.9018181818182,1483.869090909091,17.442870604339987,100.0,959.152926575322,10.0,8.324078559875488,,,,,6.0,8.0,8.0
2025-08-18 03:39:58,1904.64,983.0400000000001,1482.0072727272727,17.46861520796665,100.0,959.1655426865989,10.0,8.3190279006958,,,,,6.0,7.0,7.0
2025-08-18 03:40:01,1906.5018181818184,988.6254545454545,1487.5927272727272,17.453168444917537,100.0,959.1959588172755,10.0,8.312546730041504,,,,,6.0,7.0,7.0
2025-08-18 03:40:04,1904.64,986.7636363636365,1483.869090909091,17.49435981886927,100.0,959.178157248631,10.0,8.306840896606445,,,,,6.0,7.0,7.0
2025-08-18 03:40:07,1902.7781818181818,983.0400000000001,1483.869090909091,17.52525336155668,100.0,959.1987198124859,10.0,8.307347297668457,,,,,6.0,7.0,7.0
2025-08-18 03:54:10,1906.5018181818184,983.0400000000001,1483.869090909091,17.324445521371672,100.0,959.1871044966414,10.0,8.333898544311523,,,,,4.0,5.0,5.0
2025-08-18 03:54:13,1904.64,986.7636363636365,1487.5927272727272,17.314147695346037,100.0,959.1169493779998,10.0,8.312603950500488,,,,,4.0,5.0,5.0
2025-08-18 03:54:16,1902.7781818181818,986.7636363636365,1485.7309090909093,17.319296608213335,100.0,959.1791535380197,10.0,8.302775382995605,,,,,4.0,5.0,5.0
2025-08-18 03:54:19,1906.5018181818184,984.9018181818182,1483.869090909091,17.3450411769154,100.0,959.1375247324729,10.0,8.327291488647461,,,,,4.0,5.0,5.0
2025-08-18 03:54:22,1900.916363636364,983.0400000000001,1482.0072727272727,17.365636837115744,100.0,959.115068949037,10.0,8.302377700805664,,,,,4.0,5.0,5.0
2025-08-18 03:54:25,1906.5018181818184,984.9018181818182,1487.5927272727272,17.370785752893426,100.0,959.123019028285,10.0,8.326360702514648,,,,,5.0,6.0,6.0
2025-08-18 03:54:28,1906.5018181818184,983.0400000000001,1482.0072727272727,17.365636837115744,100.0,959.14219775428,10.0,8.332316398620605,,,,,5.0,6.0,6.0
2025-08-18 03:54:31,1904.64,984.9018181818182,1485.7309090909093,17.308998782769777,100.0,959.1089989253664,10.0,8.318428039550781,,,,,5.0,7.0,7.0
2025-08-18 03:54:34,1906.5018181818184,984.9018181818182,1485.7309090909093,17.303849870484555,100.0,959.1553008274697,10.0,8.328752517700195,,,,,5.0,7.0,7.0
2025-08-18 03:54:37,1906.5018181818184,983.0400000000001,1483.869090909091,17.308998782769777,100.0,959.1361253053034,10.0,8.33418083190918,,,,,5.0,8.0,8.0
2025-08-18 03:54:40,1902.7781818181818,983.0400000000001,1483.869090909091,17.329594434821047,100.0,959.167928182912,10.0,8.313766479492188,,,,,5.0,8.0,8.0
2025-08-18 03:54:43,1904.64,984.9018181818182,1483.869090909091,17.370785752893426,100.0,959.123019028285,10.0,8.316424369812012,,,,,5.0,8.0,8.0
2025-08-18 03:54:46,1904.64,981.1781818181819,1483.869090909091,17.3862325019727,100.0,959.1197397423446,10.0,8.327279090881348,,,,,5.0,8.0,8.0
2025-08-18 03:54:49,1906.5018181818184,983.0400000000001,1482.0072727272727,17.365636837115744,100.0,959.14219775428,10.0,8.332316398620605,,,,,5.0,7.0,7.0
2025-08-18 03:54:52,1904.64,984.9018181818182,1485.7309090909093,17.355339006433496,100.0,959.0991688731308,10.0,8.316842079162598,,,,,5.0,7.0,7.0
2025-08-18 03:54:55,1906.5018181818184,984.9018181818182,1485.7309090909093,17.33989226259291,100.0,959.102446643794,10.0,8.327303886413574,,,,,5.0,8.0,8.0
2025-08-18 03:54:58,1906.5018181818184,984.9018181818182,1483.869090909091,17.33474334856146,100.0,959.0944965043096,10.0,8.32744026184082,,,,,4.0,6.0,6.0
2025-08-18 03:55:01,1904.64,981.1781818181819,1482.0072727272727,17.355339006433496,100.0,959.1262972274816,10.0,8.32834529876709,,,,,5.0,7.0,8.0
2025-08-18 03:55:04,1904.64,983.0400000000001,1483.869090909091,17.329594434821047,100.0,959.1136736376898,10.0,8.323456764221191,,,,,5.0,7.0,9.0
2025-08-18 03:55:07,1906.5018181818184,983.0400000000001,1485.7309090909093,17.3450411769154,100.0,959.1103968108188,10.0,8.332860946655273,,,,,4.0,6.0,8.0
2025-08-18 04:19:59,1906.5018181818184,984.9018181818182,1485.7309090909093,16.79410899488721,100.0,959.1272162200506,10.0,8.345702171325684,,,,,6.0,8.0,8.0
2025-08-18 04:20:02,1906.5018181818184,983.0400000000001,1482.0072727272727,16.81470453052316,100.0,959.1590341806613,10.0,8.350846290588379,,,,,6.0,8.0,8.0
2025-08-18 04:20:05,1904.64,984.9018181818182,1483.869090909091,16.83530007081572,100.0,959.1637464171721,10.0,8.334551811218262,,,,,5.0,6.0,6.0
2025-08-18 04:20:08,1902.7781818181818,986.7636363636365,1487.5927272727272,16.840448956616456,100.0,959.0903817898178,10.0,8.318422317504883,,,,,5.0,6.0,6.0
2025-08-18 04:20:11,1902.7781818181818,986.7636363636365,1485.7309090909093,16.881640053499723,100.0,959.1540129415787,10.0,8.3173246383667,,,,,6.0,7.0,7.0
2025-08-18 04:20:14,1904.64,984.9018181818182,1485.7309090909093,16.891937830630923,100.0,959.1157038747373,10.0,8.332438468933105,,,,,5.0,7.0,7.0
2025-08-18 04:20:17,1906.5018181818184,983.0400000000001,1483.869090909091,16.840448956616456,100.0,959.1988072563045,10.0,8.35016918182373,,,,,5.0,6.0,7.0
2025-08-18 04:20:20,1904.64,984.9018181818182,1485.7309090909093,16.861044502729783,100.0,959.1221971436827,10.0,8.333503723144531,,,,,5.0,6.0,7.0
2025-08-18 04:20:23,1904.64,984.9018181818182,1482.0072727272727,16.855895615764894,100.0,959.1955643647915,10.0,8.334000587463379,,,,,5.0,6.0,7.0
2025-08-18 04:20:26,1904.64,988.6254545454545,1487.5927272727272,16.850746729091043,100.0,959.1333962014091,10.0,8.322509765625,,,,,5.0,6.0,7.0
2025-08-18 04:20:29,1904.64,986.7636363636365,1485.7309090909093,16.804406762123108,100.0,959.08891553078,10.0,8.329556465148926,,,,,6.0,7.0,8.0
2025-08-18 04:20:32,1906.5018181818184,984.9018181818182,1485.7309090909093,16.79925787835964,100.0,959.1893799044182,10.0,8.345810890197754,,,,,5.0,6.0,7.0
2025-08-18 04:20:35,1902.7781818181818,983.0400000000001,1485.7309090909093,16.758066818729276,100.0,959.1799471905022,10.0,8.332969665527344,,,,,5.0,6.0,7.0
2025-08-18 04:20:38,1904.64,983.0400000000001,1483.869090909091,16.72717353623011,100.0,959.1593183671724,10.0,8.343843460083008,,,,,5.0,6.0,7.0
2025-08-18 04:20:41,1904.64,984.9018181818182,1483.869090909091,16.711726898909546,100.0,959.0812512101816,10.0,8.338321685791016,,,,,5.0,6.0,7.0
2025-08-18 04:20:44,1904.64,984.9018181818182,1485.7309090909093,16.72717353623011,100.0,959.1051153332783,10.0,8.337907791137695,,,,,5.0,7.0,7.0
2025-08-18 04:20:47,1902.7781818181818,984.9018181818182,1485.7309090909093,16.716875777725363,100.0,959.1163069471608,10.0,8.328368186950684,,,,,5.0,6.0,6.0
2025-08-18 04:20:50,1906.5018181818184,983.0400000000001,1483.869090909091,16.752917937585153,100.0,959.1177868113031,10.0,8.35273265838623,,,,,6.0,7.0,9.0
2025-08-18 04:20:53,1902.7781818181818,983.0400000000001,1483.869090909091,16.737471295899013,100.0,959.093922947247,10.0,8.333271980285645,,,,,6.0,7.0,9.0
2025-08-18 04:20:56,1904.64,984.9018181818182,1485.7309090909093,16.696280264208326,100.0,959.0844874929908,10.0,8.338851928710938,,,,,6.0,7.0,9.0
2025-08-18 04:26:59,1904.64,983.0400000000001,1485.7309090909093,16.74262017617002,100.0,959.1560818907025,10.0,8.343315124511719,,,,,5.0,8.0,8.0
2025-08-18 04:27:02,1902.7781818181818,983.0400000000001,1482.0072727272727,16.758066818729276,100.0,959.1799471905022,10.0,8.332969665527344,,,,,5.0,8.0,8.0
2025-08-18 04:27:05,1904.64,984.9018181818182,1483.869090909091,16.747769056732068,100.0,959.2182418361558,10.0,8.337726593017578,,,,,5.0,8.0,8.0
2025-08-18 04:27:08,1900.916363636364,984.9018181818182,1485.7309090909093,16.747769056732068,100.0,959.1640369628335,10.0,8.31761646270752,,,,,5.0,7.0,7.0
2025-08-18 04:27:11,1902.7781818181818,984.9018181818182,1483.869090909091,16.701429142151028,100.0,959.1466431311499,10.0,8.329024314880371,,,,,5.0,7.0,7.0
2025-08-18 04:27:14,1902.7781818181818,983.0400000000001,1483.869090909091,16.72717353623011,100.0,959.1593183671724,10.0,8.333908081054688,,,,,5.0,8.0,10.0
2025-08-18 04:27:17,1902.7781818181818,984.9018181818182,1485.7309090909093,16.737471295899013,100.0,959.2023308181401,10.0,8.32806396484375,,,,,4.0,6.0,8.0
2025-08-18 04:27:20,1904.64,983.0400000000001,1482.0072727272727,16.732322415919043,100.0,959.1401718298567,10.0,8.343586921691895,,,,,5.0,8.0,9.0
2025-08-18 04:27:23,1904.64,986.7636363636365,1485.7309090909093,16.74262017617002,100.0,959.1560818907025,10.0,8.331930160522461,,,,,5.0,7.0,9.0
2025-08-18 04:27:26,1904.64,984.9018181818182,1483.869090909091,16.737471295899013,100.0,959.2023308181401,10.0,8.338000297546387,,,,,5.0,8.0,9.0
2025-08-18 04:27:29,1904.64,983.0400000000001,1485.7309090909093,16.716875777725363,100.0,959.2247113571148,10.0,8.34447956085205,,,,,5.0,7.0,8.0
2025-08-18 04:27:32,1902.7781818181818,983.0400000000001,1482.0072727272727,16.675684755347902,100.0,959.1881650264437,10.0,8.335768699645996,,,,,5.0,7.0,8.0
2025-08-18 04:27:35,1904.64,983.0400000000001,1483.869090909091,16.685982509196037,100.0,959.2311765428368,10.0,8.345547676086426,,,,,5.0,7.0,9.0
2025-08-18 04:27:38,1902.7781818181818,983.0400000000001,1482.0072727272727,16.72717353623011,100.0,959.1051153332783,10.0,8.333667755126953,,,,,6.0,9.0,10.0
2025-08-18 04:27:41,1904.64,984.9018181818182,1485.7309090909093,16.732322415919043,100.0,959.1672735812708,10.0,8.338016510009766,,,,,5.0,7.0,7.0
2025-08-18 04:27:44,1900.916363636364,984.9018181818182,1485.7309090909093,16.747769056732068,100.0,959.1640369628335,10.0,8.31761646270752,,,,,6.0,8.0,8.0
2025-08-18 04:27:47,1902.7781818181818,984.9018181818182,1485.7309090909093,16.773513463907875,100.0,959.1767092041113,10.0,8.326738357543945,,,,,6.0,8.0,9.0
2025-08-18 04:27:50,1902.7781818181818,983.0400000000001,1482.0072727272727,16.78896011170582,100.0,959.2005743280478,10.0,8.332027435302734,,,,,6.0,7.0,9.0
2025-08-18 04:27:53,1900.916363636364,984.9018181818182,1485.7309090909093,16.747769056732068,100.0,959.0827297890457,10.0,8.317244529724121,,,,,6.0,8.0,9.0
2025-08-18 04:27:56,1904.64,981.1781818181819,1480.1454545454544,16.737471295899013,100.0,959.1752288231787,10.0,8.349258422851562,,,,,6.0,8.0,10.0
2025-08-18 04:38:00,1904.64,984.9018181818182,1485.7309090909093,16.521218587324256,100.0,959.1662441783432,10.0,8.345086097717285,,,,,5.0,7.0,7.0
2025-08-18 04:38:03,1904.64,983.0400000000001,1485.7309090909093,16.495474251452833,100.0,959.1535521949778,10.0,8.351581573486328,,,,,6.0,8.0,8.0
2025-08-18 04:38:06,1902.7781818181818,984.9018181818182,1485.7309090909093,16.490325385151664,100.0,959.1997781764509,10.0,8.33634090423584,,,,,5.0,7.0,7.0
2025-08-18 04:38:09,1904.64,983.0400000000001,1483.869090909091,16.45428332919255,100.0,959.089898078199,10.0,8.35267448425293,,,,,6.0,8.0,8.0
2025-08-18 04:38:12,1906.5018181818184,986.7636363636365,1487.5927272727272,16.474878787994385,100.0,959.2029971778304,10.0,8.351045608520508,,,,,6.0,8.0,8.0
2025-08-18 04:38:15,1904.64,988.6254545454545,1485.7309090909093,16.48002765342244,100.0,959.1838636341058,10.0,8.335159301757812,,,,,7.0,7.0,9.0
2025-08-18 04:38:18,1904.64,984.9018181818182,1485.7309090909093,16.490325385151664,100.0,959.1455953326611,10.0,8.346028327941895,,,,,6.0,7.0,8.0
2025-08-18 04:38:21,1904.64,983.0400000000001,1483.869090909091,16.495474251452833,100.0,959.1264605749342,10.0,8.351459503173828,,,,,6.0,8.0,9.0
2025-08-18 04:38:24,1906.5018181818184,984.9018181818182,1485.7309090909093,16.516069719567895,100.0,959.158287401848,10.0,8.355158805847168,,,,,7.0,8.0,9.0
2025-08-18 04:38:27,1906.5018181818184,984.9018181818182,1482.0072727272727,16.521218587324256,100.0,959.193336925223,10.0,8.355145454406738,,,,,7.0,8.0,9.0
2025-08-18 04:38:30,1904.64,986.7636363636365,1485.7309090909093,16.521218587324256,100.0,959.112058739023,10.0,8.339147567749023,,,,,7.0,8.0,10.0
2025-08-18 04:38:33,1904.64,988.6254545454545,1487.5927272727272,16.552111799974227,100.0,959.1056092082673,10.0,8.3323974609375,,,,,6.0,8.0,10.0
2025-08-18 04:38:36,1902.7781818181818,984.9018181818182,1485.7309090909093,16.50062311804504,100.0,959.1886009487629,10.0,8.335939407348633,,,,,6.0,8.0,10.0
2025-08-18 04:38:39,1904.64,984.9018181818182,1485.7309090909093,16.474878787994385,100.0,959.1759064048142,10.0,8.346677780151367,,,,,6.0,8.0,8.0
2025-08-18 04:38:42,1902.7781818181818,984.9018181818182,1483.869090909091,16.423390149720944,100.0,959.1776012606341,10.0,8.338475227355957,,,,,6.0,8.0,8.0
2025-08-18 04:38:45,1902.7781818181818,984.9018181818182,1487.5927272727272,16.413092425558716,100.0,959.1887742154897,10.0,8.3388671875,,,,,6.0,9.0,9.0
2025-08-18 04:38:48,1904.64,983.0400000000001,1483.869090909091,16.449134465219686,100.0,959.1632103234435,10.0,8.35317611694336,,,,,7.0,8.0,8.0
2025-08-18 04:38:51,1904.64,988.6254545454545,1487.5927272727272,16.428539012238616,100.0,959.1855588866788,10.0,8.33690071105957,,,,,5.0,7.0,7.0
2025-08-18 04:38:54,1904.64,984.9018181818182,1487.5927272727272,16.48002765342244,100.0,959.1838636341058,10.0,8.346545219421387,,,,,6.0,7.0,7.0
2025-08-18 04:38:57,1906.5018181818184,984.9018181818182,1485.7309090909093,16.485176519141532,100.0,959.191820891319,10.0,8.356344223022461,,,,,6.0,7.0,7.0
2025-08-18 04:59:03,1902.7781818181818,986.7636363636365,1487.5927272727272,16.30496639214107,100.0,959.0758338053976,10.0,8.336294174194336,,,,,6.0,8.0,8.0
2025-08-18 04:59:06,1902.7781818181818,984.9018181818182,1482.0072727272727,16.28437097175629,100.0,958.9898384171158,10.0,8.342288970947266,,,,,7.0,9.0,9.0
2025-08-18 04:59:09,1902.7781818181818,983.0400000000001,1483.869090909091,16.31011524796486,100.0,959.0025405616411,10.0,8.347174644470215,,,,,6.0,8.0,8.0
2025-08-18 04:59:12,1902.7781818181818,983.0400000000001,1482.0072727272727,16.31011524796486,100.0,959.0025405616411,10.0,8.347174644470215,,,,,6.0,7.0,7.0
2025-08-18 04:59:15,1904.64,981.1781818181819,1482.0072727272727,16.320412960485555,100.0,959.0455386778852,10.0,8.362654685974121,,,,,6.0,7.0,7.0
2025-08-18 04:59:18,1900.916363636364,983.0400000000001,1483.869090909091,16.330710674170405,100.0,959.0614532900307,10.0,8.336816787719727,,,,,6.0,8.0,9.0
2025-08-18 04:59:21,1902.7781818181818,984.9018181818182,1485.7309090909093,16.346157246880466,100.0,959.0582402246295,10.0,8.34052562713623,,,,,6.0,9.0,10.0
2025-08-18 04:59:24,1902.7781818181818,986.7636363636365,1485.7309090909093,16.330710674170405,100.0,959.0343687725863,10.0,8.335247039794922,,,,,6.0,8.0,10.0
2025-08-18 04:59:27,1902.7781818181818,984.9018181818182,1483.869090909091,16.341008389019407,100.0,959.0231980959605,10.0,8.340542793273926,,,,,6.0,9.0,10.0
2025-08-18 04:59:30,1902.7781818181818,981.1781818181819,1482.0072727272727,16.31011524796486,100.0,959.1379588232452,10.0,8.35347843170166,,,,,6.0,8.0,10.0
2025-08-18 04:59:33,1902.7781818181818,984.9018181818182,1485.7309090909093,16.30496639214107,100.0,959.0216669695843,10.0,8.341741561889648,,,,,6.0,8.0,9.0
2025-08-18 04:59:36,1904.64,981.1781818181819,1482.0072727272727,16.263775556028122,100.0,959.0392551853429,10.0,8.364516258239746,,,,,6.0,8.0,9.0
2025-08-18 04:59:39,1904.64,983.0400000000001,1483.869090909091,16.212287037080387,100.0,959.0409184008099,10.0,8.360564231872559,,,,,6.0,8.0,9.0
2025-08-18 04:59:42,1900.916363636364,984.9018181818182,1483.869090909091,16.268924409523606,100.0,959.047212845465,10.0,8.333128929138184,,,,,7.0,9.0,10.0
2025-08-18 04:59:45,1900.916363636364,983.0400000000001,1482.0072727272727,16.27922211738769,100.0,959.0631282497391,10.0,8.338549613952637,,,,,5.0,6.0,6.0
2025-08-18 04:59:48,1902.7781818181818,981.1781818181819,1482.0072727272727,16.23288244116702,100.0,959.0185901213913,10.0,8.355531692504883,,,,,5.0,7.0,7.0
2025-08-18 04:59:51,1904.64,981.1781818181819,1482.0072727272727,16.227733589708805,100.0,959.0647926526414,10.0,8.365840911865234,,,,,5.0,7.0,7.0
2025-08-18 04:59:54,1902.7781818181818,983.0400000000001,1483.869090909091,16.222584738541627,100.0,959.0839144528084,10.0,8.350470542907715,,,,,5.0,6.0,6.0
2025-08-18 04:59:57,1900.916363636364,983.0400000000001,1483.869090909091,16.217435887665488,100.0,959.021796788046,10.0,8.340428352355957,,,,,5.0,7.0,7.0
2025-08-18 05:00:00,1904.64,986.7636363636365,1487.5927272727272,16.217435887665488,100.0,959.021796788046,10.0,8.348917961120605,,,,,6.0,7.0,7.0
2025-08-18 05:45:44,1897.1927272727273,973.7309090909091,1476.4218181818183,15.795231106225401,100.0,959.1000065331277,10.0,8.363518714904785,,,,,4.0,9.0,9.0
2025-08-18 05:45:47,1899.0545454545456,981.1781818181819,1480.1454545454544,15.738594028312946,100.0,959.1477265992191,10.0,8.352799415588379,,,,,5.0,9.0,9.0
2025-08-18 05:45:50,1897.1927272727273,979.3163636363637,1478.2836363636366,15.702552269794978,100.0,959.146105679161,10.0,8.349757194519043,,,,,6.0,10.0,10.0
2025-08-18 05:45:53,1899.0545454545456,977.4545454545455,1478.2836363636366,15.738594028312946,100.0,959.1206673233595,10.0,8.364057540893555,,,,,6.0,9.0,9.0
2025-08-18 05:45:56,1895.330909090909,975.5927272727274,1478.2836363636366,15.779784626938635,100.0,959.1843659265519,10.0,8.34878921508789,,,,,5.0,8.0,8.0
2025-08-18 05:45:59,1899.0545454545456,977.4545454545455,1478.2836363636366,15.769486975535983,100.0,959.1684411063409,10.0,8.363240242004395,,,,,5.0,8.0,8.0
2025-08-18 05:46:02,1899.0545454545456,977.4545454545455,1478.2836363636366,15.764338150271215,100.0,959.0792976401963,10.0,8.363011360168457,,,,,7.0,9.0,9.0
2025-08-18 05:46:05,1899.0545454545456,977.4545454545455,1478.2836363636366,15.784933453076519,100.0,959.1382058262627,10.0,8.362587928771973,,,,,7.0,9.0,9.0
2025-08-18 05:46:08,1897.1927272727273,981.1781818181819,1482.0072727272727,15.790082279505441,100.0,959.1461678563412,10.0,8.341132164001465,,,,,7.0,9.0,9.0
2025-08-18 05:46:11,1897.1927272727273,979.3163636363637,1480.1454545454544,15.831272901414195,100.0,959.1557385771013,10.0,8.345483779907227,,,,,7.0,9.0,9.0
2025-08-18 05:46:14,1897.1927272727273,977.4545454545455,1476.4218181818183,15.877612373325974,100.0,959.1732655741035,10.0,8.34970760345459,,,,,7.0,8.0,8.0
2025-08-18 05:46:17,1897.1927272727273,979.3163636363637,1480.1454545454544,15.86216588006937,100.0,959.1764454080137,10.0,8.34454345703125,,,,,6.0,8.0,8.0
2025-08-18 05:46:20,1899.0545454545456,975.5927272727274,1476.4218181818183,15.836421730462462,100.0,959.1366369445,10.0,8.366549491882324,,,,,6.0,8.0,8.0
2025-08-18 05:46:23,1897.1927272727273,977.4545454545455,1478.2836363636366,15.836421730462462,100.0,959.1095734965999,10.0,8.350799560546875,,,,,6.0,8.0,8.0
2025-08-18 05:46:26,1899.0545454545456,981.1781818181819,1478.2836363636366,15.795231106225401,100.0,959.154129914643,10.0,8.35092830657959,,,,,6.0,8.0,8.0
2025-08-18 05:46:29,1893.4690909090912,975.5927272727274,1478.2836363636366,15.805528760538436,100.0,959.1159298331944,10.0,8.337677955627441,,,,,5.0,7.0,7.0
2025-08-18 05:46:32,1897.1927272727273,975.5927272727274,1476.4218181818183,15.810677588131512,100.0,959.1238915255525,10.0,8.35740852355957,,,,,5.0,6.0,6.0
2025-08-18 05:46:35,1899.0545454545456,971.869090909091,1476.4218181818183,15.805528760538436,100.0,959.1159298331944,10.0,8.378870010375977,,,,,5.0,7.0,7.0
2025-08-18 05:46:38,1897.1927272727273,973.7309090909091,1478.2836363636366,15.826124072656967,100.0,959.1207137564987,10.0,8.362580299377441,,,,,4.0,6.0,6.0
2025-08-18 05:46:41,1895.330909090909,971.869090909091,1476.4218181818183,15.831272901414195,100.0,959.1286753363969,10.0,8.358195304870605,,,,,5.0,7.0,7.0
2025-08-18 05:46:44,1897.1927272727273,975.5927272727274,1480.1454545454544,15.810677588131512,100.0,959.1780162588672,10.0,8.357657432556152,,,,,5.0,7.0,7.0
2025-08-18 05:46:47,1897.1927272727273,975.5927272727274,1480.1454545454544,15.831272901414195,100.0,959.1557385771013,10.0,8.356867790222168,,,,,6.0,8.0,8.0
2025-08-18 05:46:50,1895.330909090909,971.869090909091,1476.4218181818183,15.826124072656967,100.0,959.1477767719008,10.0,8.358453750610352,,,,,6.0,8.0,8.0
2025-08-18 05:46:53,1895.330909090909,971.869090909091,1476.4218181818183,15.815826416015625,100.0,959.1318532461245,10.0,8.35872745513916,,,,,6.0,8.0,8.0
2025-08-18 05:46:56,1895.330909090909,971.869090909091,1478.2836363636366,15.815826416015625,100.0,959.1318532461245,10.0,8.35872745513916,,,,,6.0,9.0,9.0
2025-08-18 05:46:59,1895.330909090909,970.0072727272727,1476.4218181818183,15.841570559801767,100.0,959.1716622721167,10.0,8.363740921020508,,,,,7.0,9.0,9.0
2025-08-18 05:47:02,1897.1927272727273,973.7309090909091,1478.2836363636366,15.831272901414195,100.0,959.2098651128312,10.0,8.362800598144531,,,,,6.0,8.0,8.0
2025-08-18 05:47:05,1897.1927272727273,975.5927272727274,1478.2836363636366,15.826124072656967,100.0,959.1748398054098,10.0,8.357128143310547,,,,,6.0,8.0,8.0
2025-08-18 05:47:08,1897.1927272727273,973.7309090909091,1478.2836363636366,15.820975244190777,100.0,959.1939406294276,10.0,8.363081932067871,,,,,6.0,8.0,8.0
2025-08-18 05:47:11,1895.330909090909,971.869090909091,1476.4218181818183,15.841570559801767,100.0,959.1445985808056,10.0,8.357917785644531,,,,,5.0,7.0,7.0
2025-08-18 05:47:14,1897.1927272727273,975.5927272727274,1478.2836363636366,15.790082279505441,100.0,959.1732293489571,10.0,8.35832691192627,,,,,5.0,7.0,7.0
2025-08-18 05:47:17,1895.330909090909,975.5927272727274,1476.4218181818183,15.805528760538436,100.0,959.1700541159081,10.0,8.347859382629395,,,,,6.0,7.0,11.0
2025-08-18 05:47:20,1897.1927272727273,975.5927272727274,1476.4218181818183,15.8003799332364,100.0,959.2162159057008,10.0,8.358177185058594,,,,,6.0,7.0,11.0
2025-08-18 05:47:23,1895.330909090909,977.4545454545455,1478.2836363636366,15.805528760538436,100.0,959.1429919654985,10.0,8.342046737670898,,,,,6.0,8.0,12.0
2025-08-18 05:47:26,1895.330909090909,975.5927272727274,1476.4218181818183,15.77463580109179,100.0,959.1764035023311,10.0,8.348928451538086,,,,,5.0,8.0,12.0
2025-08-18 05:47:29,1897.1927272727273,977.4545454545455,1476.4218181818183,15.764338150271215,100.0,959.2416599998978,10.0,8.353808403015137,,,,,5.0,8.0,11.0
2025-08-18 05:47:32,1897.1927272727273,975.5927272727274,1476.4218181818183,15.8003799332364,100.0,959.162092001166,10.0,8.357930183410645,,,,,5.0,8.0,12.0
2025-08-18 05:47:35,1897.1927272727273,973.7309090909091,1476.4218181818183,15.857017049565911,100.0,959.2226124114761,10.0,8.361997604370117,,,,,5.0,8.0,12.0
2025-08-18 05:47:38,1895.330909090909,975.5927272727274,1474.56,15.8724635419494,100.0,959.1653039657448,10.0,8.34559154510498,,,,,5.0,8.0,12.0
2025-08-18 05:47:41,1899.0545454545456,979.3163636363637,1480.1454545454544,15.8724635419494,100.0,959.2194340339234,10.0,8.354320526123047,,,,,6.0,9.0,13.0
2025-08-18 05:47:44,1897.1927272727273,977.4545454545455,1476.4218181818183,15.86216588006937,100.0,959.1493808335917,10.0,8.350110054016113,,,,,6.0,9.0,9.0
2025-08-18 05:47:47,1893.4690909090912,977.4545454545455,1478.2836363636366,15.84671938943211,100.0,959.1796241619268,10.0,8.330896377563477,,,,,6.0,8.0,8.0
2025-08-18 05:47:50,1897.1927272727273,975.5927272727274,1476.4218181818183,15.851868219353491,100.0,959.1334578142055,10.0,8.356082916259766,,,,,6.0,9.0,9.0
2025-08-18 05:47:53,1897.1927272727273,977.4545454545455,1476.4218181818183,15.867314710863866,100.0,959.1573423855738,10.0,8.349977493286133,,,,,7.0,10.0,10.0
2025-08-18 05:47:56,1897.1927272727273,977.4545454545455,1478.2836363636366,15.898207701742649,100.0,959.2051122893724,10.0,8.34915828704834,,,,,7.0,10.0,10.0
2025-08-18 05:47:59,1897.1927272727273,977.4545454545455,1478.2836363636366,15.867314710863866,100.0,959.0761480950437,10.0,8.34961223602295,,,,,7.0,10.0,10.0
2025-08-18 05:48:02,1899.0545454545456,979.3163636363637,1480.1454545454544,15.908505367697217,100.0,959.1939692319916,10.0,8.353005409240723,,,,,8.0,10.0,10.0
2025-08-18 05:48:05,1899.0545454545456,977.4545454545455,1478.2836363636366,15.929100703098811,100.0,959.171680805882,10.0,8.357911109924316,,,,,7.0,9.0,9.0
2025-08-18 05:48:08,1897.1927272727273,975.5927272727274,1474.56,15.954844878899166,100.0,959.1573502021758,10.0,8.352734565734863,,,,,7.0,10.0,10.0
2025-08-18 05:48:11,1897.1927272727273,977.4545454545455,1478.2836363636366,15.929100703098811,100.0,959.2258157222121,10.0,8.348213195800781,,,,,8.0,10.0,10.0
2025-08-18 05:48:14,1895.330909090909,973.7309090909091,1476.4218181818183,15.934249537676806,100.0,959.2608451258297,10.0,8.34964370727539,,,,,8.0,10.0,10.0
2025-08-18 05:48:17,1897.1927272727273,977.4545454545455,1476.4218181818183,15.893058869201923,100.0,959.1700846601279,10.0,8.349174499511719,,,,,7.0,10.0,10.0
2025-08-18 05:48:20,1897.1927272727273,977.4545454545455,1478.2836363636366,15.903356534574414,100.0,959.1048087122006,10.0,8.348528861999512,,,,,7.0,9.0,9.0
2025-08-18 05:48:23,1897.1927272727273,975.5927272727274,1476.4218181818183,15.923951868811855,100.0,959.1095851984437,10.0,8.353553771972656,,,,,7.0,8.0,8.0
2025-08-18 05:48:26,1897.1927272727273,975.5927272727274,1476.4218181818183,15.94454720770591,100.0,959.2226327424444,10.0,8.353375434875488,,,,,7.0,9.0,9.0
2025-08-18 05:48:29,1895.330909090909,973.7309090909091,1476.4218181818183,15.913654201111058,100.0,959.1748640210077,10.0,8.349950790405273,,,,,6.0,8.0,8.0
2025-08-18 05:48:32,1897.1927272727273,975.5927272727274,1474.56,15.882761204993585,100.0,959.1812272106481,10.0,8.355259895324707,,,,,6.0,7.0,7.0
2025-08-18 05:48:35,1895.330909090909,975.5927272727274,1476.4218181818183,15.903356534574414,100.0,959.2130740386376,10.0,8.34477710723877,,,,,6.0,7.0,7.0
2025-08-18 05:48:38,1897.1927272727273,979.3163636363637,1478.2836363636366,15.8724635419494,100.0,959.1382389588196,10.0,8.344022750854492,,,,,4.0,6.0,6.0
2025-08-18 05:48:41,1899.0545454545456,981.1781818181819,1480.1454545454544,15.841570559801767,100.0,959.1716622721167,10.0,8.34945011138916,,,,,5.0,7.0,7.0
2025-08-18 05:49:44,1895.330909090909,975.5927272727274,1476.4218181818183,15.826124072656967,100.0,959.0936507592033,10.0,8.346824645996094,,,,,6.0,8.0,11.0
2025-08-18 05:49:47,1897.1927272727273,977.4545454545455,1478.2836363636366,15.826124072656967,100.0,959.1477767719008,10.0,8.35131549835205,,,,,6.0,8.0,11.0
2025-08-18 05:49:50,1897.1927272727273,975.5927272727274,1476.4218181818183,15.769486975535983,100.0,959.1143199053872,10.0,8.35875129699707,,,,,5.0,7.0,11.0
2025-08-18 05:49:53,1899.0545454545456,979.3163636363637,1478.2836363636366,15.784933453076519,100.0,959.1652670935799,10.0,8.357012748718262,,,,,6.0,7.0,11.0
2025-08-18 05:49:56,1895.330909090909,979.3163636363637,1478.2836363636366,15.784933453076519,100.0,959.1923283790015,10.0,8.337268829345703,,,,,6.0,7.0,11.0
2025-08-18 05:49:59,1899.0545454545456,977.4545454545455,1478.2836363636366,15.810677588131512,100.0,959.1780162588672,10.0,8.361909866333008,,,,,6.0,8.0,8.0
2025-08-18 05:50:02,1899.0545454545456,975.5927272727274,1476.4218181818183,15.810677588131512,100.0,959.150953883157,10.0,8.367474555969238,,,,,6.0,8.0,8.0
2025-08-18 05:50:05,1899.0545454545456,977.4545454545455,1478.2836363636366,15.851868219353491,100.0,959.1334578142055,10.0,8.360326766967773,,,,,6.0,7.0,7.0
2025-08-18 05:50:08,1897.1927272727273,975.5927272727274,1476.4218181818183,15.841570559801767,100.0,959.1445985808056,10.0,8.35646915435791,,,,,6.0,7.0,7.0
2025-08-18 05:50:11,1897.1927272727273,977.4545454545455,1478.2836363636366,15.84671938943211,100.0,959.1796241619268,10.0,8.350769996643066,,,,,6.0,7.0,7.0
2025-08-18 05:50:14,1897.1927272727273,979.3163636363637,1478.2836363636366,15.857017049565911,100.0,959.1955480261429,10.0,8.344797134399414,,,,,6.0,7.0,7.0
2025-08-18 05:50:17,1899.0545454545456,977.4545454545455,1476.4218181818183,15.86216588006937,100.0,959.2035100005444,10.0,8.360288619995117,,,,,6.0,7.0,7.0
2025-08-18 05:50:20,1895.330909090909,973.7309090909091,1476.4218181818183,15.841570559801767,100.0,959.1445985808056,10.0,8.352232933044434,,,,,5.0,7.0,7.0
2025-08-18 05:50:23,1897.1927272727273,966.2836363636363,1474.56,15.8724635419494,100.0,959.1653039657448,10.0,8.383993148803711,,,,,5.0,7.0,7.0
2025-08-18 05:50:26,1897.1927272727273,958.8363636363637,1474.56,15.8724635419494,100.0,959.1382389588196,10.0,8.406632423400879,,,,,5.0,6.0,6.0
2025-08-18 05:50:29,1895.330909090909,955.1127272727273,1474.56,15.882761204993585,100.0,959.1270963136782,10.0,8.407000541687012,,,,,5.0,6.0,6.0
2025-08-18 05:50:32,1897.1927272727273,955.1127272727273,1476.4218181818183,15.893058869201923,100.0,959.1971505682847,10.0,8.417023658752441,,,,,4.0,5.0,5.0
2025-08-18 05:50:35,1897.1927272727273,955.1127272727273,1474.56,15.882761204993585,100.0,959.2353581800576,10.0,8.417414665222168,,,,,5.0,6.0,6.0
2025-08-18 05:50:38,1895.330909090909,953.2509090909092,1476.4218181818183,15.857017049565911,100.0,959.1955480261429,10.0,8.413475036621094,,,,,6.0,6.0,6.0
2025-08-18 05:50:41,1895.330909090909,956.9745454545455,1472.698181818182,15.815826416015625,100.0,959.1589158290299,10.0,8.403814315795898,,,,,6.0,6.0,6.0
2025-08-18 05:50:44,1897.1927272727273,958.8363636363637,1474.56,15.810677588131512,100.0,959.150953883157,10.0,8.408766746520996,,,,,6.0,7.0,7.0
2025-08-18 05:50:47,1893.4690909090912,960.6981818181819,1476.4218181818183,15.748891676223138,100.0,959.1365918047281,10.0,8.38475513458252,,,,,6.0,7.0,7.0
2025-08-18 05:50:50,1897.1927272727273,960.6981818181819,1476.4218181818183,15.769486975535983,100.0,959.1684411063409,10.0,8.404526710510254,,,,,6.0,8.0,8.0
2025-08-18 05:50:53,1893.4690909090912,958.8363636363637,1476.4218181818183,15.779784626938635,100.0,959.1843659265519,10.0,8.389269828796387,,,,,6.0,8.0,8.0
2025-08-18 05:50:56,1895.330909090909,956.9745454545455,1474.56,15.784933453076519,100.0,959.1923283790015,10.0,8.404915809631348,,,,,6.0,8.0,8.0
2025-08-18 05:50:59,1895.330909090909,958.8363636363637,1472.698181818182,15.8003799332364,100.0,959.1891539443807,10.0,8.398863792419434,,,,,6.0,8.0,8.0
2025-08-18 05:51:02,1895.330909090909,962.5600000000001,1472.698181818182,15.795231106225401,100.0,959.1811916325582,10.0,8.387998580932617,,,,,6.0,9.0,9.0
2025-08-18 05:51:05,1893.4690909090912,960.6981818181819,1472.698181818182,15.831272901414195,100.0,959.1557385771013,10.0,8.38195514678955,,,,,5.0,9.0,9.0
2025-08-18 05:51:08,1897.1927272727273,962.5600000000001,1472.698181818182,15.841570559801767,100.0,959.1716622721167,10.0,8.396441459655762,,,,,5.0,9.0,9.0
2025-08-18 05:51:11,1893.4690909090912,966.2836363636363,1472.698181818182,15.815826416015625,100.0,959.1318532461245,10.0,8.365864753723145,,,,,4.0,8.0,8.0
2025-08-18 05:51:14,1895.330909090909,962.5600000000001,1472.698181818182,15.84671938943211,100.0,959.1796241619268,10.0,8.38623046875,,,,,5.0,8.0,8.0
2025-08-18 05:51:17,1895.330909090909,962.5600000000001,1472.698181818182,15.831272901414195,100.0,959.1828018359129,10.0,8.386762619018555,,,,,6.0,8.0,8.0
2025-08-18 05:51:20,1893.4690909090912,966.2836363636363,1474.56,15.805528760538436,100.0,959.1700541159081,10.0,8.366305351257324,,,,,6.0,8.0,8.0
2025-08-18 05:51:23,1895.330909090909,964.4218181818183,1472.698181818182,15.831272901414195,100.0,959.2098651128312,10.0,8.38127613067627,,,,,6.0,8.0,8.0
2025-08-18 05:51:26,1895.330909090909,966.2836363636363,1472.698181818182,15.841570559801767,100.0,959.2257897090609,10.0,8.375361442565918,,,,,6.0,8.0,8.0
2025-08-18 05:51:29,1895.330909090909,968.1454545454546,1472.698181818182,15.86216588006937,100.0,959.1493808335917,10.0,8.368637084960938,,,,,6.0,7.0,7.0
2025-08-18 05:51:32,1897.1927272727273,968.1454545454546,1472.698181818182,15.84671938943211,100.0,959.1525602453117,10.0,8.379108428955078,,,,,7.0,8.0,8.0
2025-08-18 05:51:35,1897.1927272727273,966.2836363636363,1474.56,15.810677588131512,100.0,959.150953883157,10.0,8.385997772216797,,,,,7.0,8.0,8.0
2025-08-18 05:51:38,1897.1927272727273,966.2836363636363,1470.8363636363638,15.779784626938635,100.0,959.1843659265519,10.0,8.38718318939209,,,,,7.0,8.0,8.0
2025-08-18 05:51:41,1897.1927272727273,970.0072727272727,1472.698181818182,15.754040500614792,100.0,959.1716140395176,10.0,8.376605033874512,,,,,7.0,8.0,8.0
2025-08-18 05:51:44,1895.330909090909,968.1454545454546,1470.8363636363638,15.723147558630444,100.0,959.1508980312158,10.0,8.373303413391113,,,,,6.0,8.0,8.0
2025-08-18 05:51:47,1895.330909090909,973.7309090909091,1474.56,15.733445204794407,100.0,959.1127051250422,10.0,8.355711936950684,,,,,7.0,8.0,8.0
2025-08-18 05:51:50,1897.1927272727273,973.7309090909091,1474.56,15.728296381566906,100.0,959.1588606236207,10.0,8.366028785705566,,,,,6.0,8.0,8.0
2025-08-18 05:51:53,1895.330909090909,971.869090909091,1472.698181818182,15.697403448313707,100.0,959.1652005305779,10.0,8.36284351348877,,,,,6.0,8.0,8.0
2025-08-18 05:51:56,1897.1927272727273,971.869090909091,1470.8363636363638,15.712849913630635,100.0,959.134972931166,10.0,8.372125625610352,,,,,6.0,8.0,8.0
2025-08-18 05:51:59,1895.330909090909,971.869090909091,1470.8363636363638,15.692254627123475,100.0,959.1572376571412,10.0,8.362984657287598,,,,,5.0,7.0,7.0
2025-08-18 05:52:02,1897.1927272727273,973.7309090909091,1470.8363636363638,15.651064068078995,100.0,959.1205912057532,10.0,8.368433952331543,,,,,5.0,7.0,7.0
2025-08-18 05:52:05,1895.330909090909,973.7309090909091,1474.56,15.635617613239447,100.0,959.1508124971276,10.0,8.359153747558594,,,,,5.0,7.0,7.0
2025-08-18 05:52:08,1895.330909090909,975.5927272727274,1474.56,15.630468795541674,100.0,959.1699039586663,10.0,8.353727340698242,,,,,5.0,7.0,7.0
2025-08-18 05:52:11,1895.330909090909,975.5927272727274,1470.8363636363638,15.615022344194585,100.0,959.1730678364677,10.0,8.354253768920898,,,,,5.0,6.0,6.0
2025-08-18 05:52:14,1895.330909090909,975.5927272727274,1472.698181818182,15.594427079806337,100.0,959.141213816973,10.0,8.354805946350098,,,,,4.0,5.0,5.0
2025-08-18 05:52:17,1895.330909090909,971.869090909091,1470.8363636363638,15.609873527660966,100.0,959.1380505006824,10.0,8.365654945373535,,,,,6.0,7.0,7.0
2025-08-18 05:52:20,1897.1927272727273,973.7309090909091,1470.8363636363638,15.666510525537888,100.0,959.1715361204864,10.0,8.368152618408203,,,,,6.0,7.0,7.0
2025-08-18 05:52:23,1895.330909090909,975.5927272727274,1472.698181818182,15.676808165299008,100.0,959.1874625140779,10.0,8.352249145507812,,,,,6.0,7.0,7.0
2025-08-18 05:52:26,1897.1927272727273,975.5927272727274,1476.4218181818183,15.71799873598502,100.0,959.1429354670635,10.0,8.360607147216797,,,,,6.0,7.0,7.0
2025-08-18 05:52:29,1895.330909090909,977.4545454545455,1474.56,15.723147558630444,100.0,959.096780813152,10.0,8.344599723815918,,,,,6.0,8.0,8.0
2025-08-18 05:52:32,1899.0545454545456,975.5927272727274,1474.56,15.748891676223138,100.0,959.1907112757267,10.0,8.369723320007324,,,,,6.0,8.0,8.0
2025-08-18 05:52:35,1897.1927272727273,971.869090909091,1472.698181818182,15.759189325297484,100.0,959.1795765760994,10.0,8.370774269104004,,,,,6.0,8.0,8.0
2025-08-18 05:52:38,1897.1927272727273,975.5927272727274,1474.56,15.723147558630444,100.0,959.1508980312158,10.0,8.36047077178955,,,,,6.0,9.0,9.0
2025-08-18 05:52:41,1897.1927272727273,977.4545454545455,1474.56,15.759189325297484,100.0,959.1525163990605,10.0,8.353580474853516,,,,,7.0,9.0,9.0
2025-08-18 05:55:44,1893.4690909090912,970.0072727272727,1476.4218181818183,15.882761204993585,100.0,959.1812272106481,10.0,8.352462768554688,,,,,6.0,7.0,7.0
2025-08-18 05:55:47,1891.6072727272729,968.1454545454546,1478.2836363636366,15.86216588006937,100.0,959.1764454080137,10.0,8.348552703857422,,,,,6.0,7.0,7.0
2025-08-18 05:55:50,1891.6072727272729,970.0072727272727,1476.4218181818183,15.815826416015625,100.0,959.1589158290299,10.0,8.34460735321045,,,,,6.0,8.0,8.0
2025-08-18 05:55:53,1893.4690909090912,966.2836363636363,1474.56,15.769486975535983,100.0,959.1143199053872,10.0,8.367341995239258,,,,,6.0,8.0,8.0
2025-08-18 05:55:56,1893.4690909090912,962.5600000000001,1476.4218181818183,15.77463580109179,100.0,959.1764035023311,10.0,8.378405570983887,,,,,6.0,8.0,8.0
2025-08-18 05:55:59,1893.4690909090912,958.8363636363637,1474.56,15.769486975535983,100.0,959.1143199053872,10.0,8.389548301696777,,,,,7.0,8.0,8.0
2025-08-18 05:56:02,1889.7454545454545,953.2509090909092,1472.698181818182,15.795231106225401,100.0,959.154129914643,10.0,8.38467025756836,,,,,6.0,7.0,7.0
2025-08-18 05:56:05,1891.6072727272729,953.2509090909092,1474.56,15.810677588131512,100.0,959.1238915255525,10.0,8.394400596618652,,,,,7.0,8.0,8.0
2025-08-18 05:56:08,1889.7454545454545,951.3890909090909,1474.56,15.769486975535983,100.0,959.1684411063409,10.0,8.39108657836914,,,,,7.0,9.0,9.0
2025-08-18 05:56:11,1889.7454545454545,951.3890909090909,1472.698181818182,15.815826416015625,100.0,959.1859784300411,10.0,8.38951587677002,,,,,7.0,8.0,8.0
2025-08-18 05:56:14,1887.8836363636362,953.2509090909092,1474.56,15.820975244190777,100.0,959.139814994908,10.0,8.3734712600708,,,,,6.0,7.0,7.0
2025-08-18 05:56:17,1887.8836363636362,949.5272727272728,1472.698181818182,15.810677588131512,100.0,959.150953883157,10.0,8.384869575500488,,,,,7.0,9.0,10.0
2025-08-18 05:56:20,1889.7454545454545,949.5272727272728,1474.56,15.831272901414195,100.0,959.1557385771013,10.0,8.39447021484375,,,,,7.0,9.0,10.0
2025-08-18 05:56:23,1887.8836363636362,949.5272727272728,1472.698181818182,15.784933453076519,100.0,959.1111445770496,10.0,8.385713577270508,,,,,7.0,9.0,10.0
2025-08-18 05:56:26,1887.8836363636362,949.5272727272728,1472.698181818182,15.759189325297484,100.0,959.0713359765607,10.0,8.386553764343262,,,,,7.0,9.0,12.0
2025-08-18 05:56:29,1886.0218181818184,953.2509090909092,1467.1127272727272,15.769486975535983,100.0,959.1413804968123,10.0,8.364945411682129,,,,,7.0,9.0,12.0
2025-08-18 05:56:32,1886.0218181818184,955.1127272727273,1474.56,15.790082279505441,100.0,959.11910638183,10.0,8.358702659606934,,,,,7.0,9.0,11.0
2025-08-18 05:56:35,1887.8836363636362,956.9745454545455,1474.56,15.769486975535983,100.0,959.1684411063409,10.0,8.364237785339355,,,,,7.0,9.0,11.0
2025-08-18 05:56:38,1887.8836363636362,956.9745454545455,1474.56,15.769486975535983,100.0,959.1413804968123,10.0,8.36421012878418,,,,,7.0,9.0,12.0
2025-08-18 05:56:41,1887.8836363636362,955.1127272727273,1470.8363636363638,15.769486975535983,100.0,959.1684411063409,10.0,8.369756698608398,,,,,6.0,8.0,9.0
2025-08-18 05:56:44,1886.0218181818184,960.6981818181819,1470.8363636363638,15.728296381566906,100.0,959.1047429549723,10.0,8.344254493713379,,,,,6.0,8.0,9.0
2025-08-18 05:56:47,1886.0218181818184,962.5600000000001,1472.698181818182,15.738594028312946,100.0,959.1206673233595,10.0,8.33840274810791,,,,,6.0,8.0,9.0
2025-08-18 05:56:50,1887.8836363636362,960.6981818181819,1470.8363636363638,15.779784626938635,100.0,959.1302438244091,10.0,8.352810859680176,,,,,6.0,8.0,9.0
2025-08-18 05:56:53,1887.8836363636362,964.4218181818183,1472.698181818182,15.779784626938635,100.0,959.0761217946824,10.0,8.341712951660156,,,,,5.0,7.0,7.0
2025-08-18 05:56:56,1889.7454545454545,964.4218181818183,1472.698181818182,15.784933453076519,100.0,959.1382058262627,10.0,8.35190200805664,,,,,7.0,8.0,8.0
2025-08-18 05:56:59,1887.8836363636362,964.4218181818183,1470.8363636363638,15.769486975535983,100.0,959.0872593320654,10.0,8.342081069946289,,,,,6.0,8.0,8.0
2025-08-18 05:57:02,1887.8836363636362,968.1454545454546,1472.698181818182,15.790082279505441,100.0,959.0920449254231,10.0,8.330344200134277,,,,,5.0,7.0,7.0
2025-08-18 05:57:05,1887.8836363636362,966.2836363636363,1468.9745454545455,15.795231106225401,100.0,959.154129914643,10.0,8.3357572555542,,,,,6.0,7.0,7.0
2025-08-18 05:57:08,1891.6072727272729,970.0072727272727,1472.698181818182,15.743742852122523,100.0,959.0745106019207,10.0,8.34670352935791,,,,,6.0,7.0,7.0
2025-08-18 05:57:11,1889.7454545454545,971.869090909091,1474.56,15.790082279505441,100.0,959.11910638183,10.0,8.329638481140137,,,,,6.0,8.0,8.0
2025-08-18 05:57:14,1889.7454545454545,968.1454545454546,1470.8363636363638,15.759189325297484,100.0,959.1525163990605,10.0,8.341768264770508,,,,,6.0,8.0,8.0
2025-08-18 05:57:17,1884.16,968.1454545454546,1470.8363636363638,15.748891676223138,100.0,959.1636515311762,10.0,8.311251640319824,,,,,6.0,8.0,8.0
2025-08-18 05:57:20,1887.8836363636362,970.0072727272727,1470.8363636363638,15.71799873598502,100.0,959.0888186995832,10.0,8.327296257019043,,,,,6.0,8.0,8.0
2025-08-18 05:57:23,1889.7454545454545,970.0072727272727,1472.698181818182,15.759189325297484,100.0,959.0983960992911,10.0,8.33619213104248,,,,,6.0,8.0,8.0
2025-08-18 05:57:26,1887.8836363636362,971.869090909091,1467.1127272727272,15.748891676223138,100.0,959.1365918047281,10.0,8.320772171020508,,,,,6.0,7.0,7.0
2025-08-18 05:57:29,1891.6072727272729,973.7309090909091,1470.8363636363638,15.707701091567287,100.0,959.1540683838334,10.0,8.336888313293457,,,,,6.0,7.0,7.0
2025-08-18 05:57:32,1893.4690909090912,973.7309090909091,1472.698181818182,15.702552269794978,100.0,959.1190479441431,10.0,8.346835136413574,,,,,6.0,8.0,8.0
2025-08-18 05:57:35,1889.7454545454545,973.7309090909091,1474.56,15.697403448313707,100.0,959.1381430027504,10.0,8.327225685119629,,,,,6.0,8.0,8.0
2025-08-18 05:57:38,1891.6072727272729,970.0072727272727,1470.8363636363638,15.743742852122523,100.0,959.209808107689,10.0,8.347137451171875,,,,,6.0,7.0,7.0
2025-08-18 05:57:41,1893.4690909090912,973.7309090909091,1474.56,15.754040500614792,100.0,959.0904342385954,10.0,8.344985008239746,,,,,7.0,8.0,8.0
2025-08-18 05:57:44,1891.6072727272729,970.0072727272727,1472.698181818182,15.754040500614792,100.0,959.1174941541336,10.0,8.346550941467285,,,,,7.0,8.0,8.0
2025-08-18 05:57:47,1893.4690909090912,971.869090909091,1474.56,15.779784626938635,100.0,959.1843659265519,10.0,8.350234985351562,,,,,6.0,7.0,7.0
2025-08-18 05:57:50,1893.4690909090912,975.5927272727274,1474.56,15.733445204794407,100.0,959.1127051250422,10.0,8.340079307556152,,,,,6.0,8.0,8.0
2025-08-18 05:57:53,1893.4690909090912,973.7309090909091,1474.56,15.707701091567287,100.0,959.127010423525,10.0,8.346699714660645,,,,,5.0,6.0,6.0
2025-08-18 05:57:56,1891.6072727272729,973.7309090909091,1472.698181818182,15.697403448313707,100.0,959.0569705278645,10.0,8.33679485321045,,,,,6.0,7.0,7.0
2025-08-18 05:57:59,1893.4690909090912,973.7309090909091,1476.4218181818183,15.71799873598502,100.0,959.0888186995832,10.0,8.346184730529785,,,,,6.0,7.0,7.0
2025-08-18 05:58:02,1895.330909090909,973.7309090909091,1470.8363636363638,15.733445204794407,100.0,959.1127051250422,10.0,8.355711936950684,,,,,6.0,7.0,7.0
2025-08-18 05:58:05,1895.330909090909,975.5927272727274,1474.56,15.733445204794407,100.0,959.1668232442764,10.0,8.350259780883789,,,,,6.0,7.0,7.0
2025-08-18 05:58:08,1893.4690909090912,975.5927272727274,1476.4218181818183,15.769486975535983,100.0,959.1143199053872,10.0,8.33888053894043,,,,,5.0,6.0,6.0
2025-08-18 05:58:11,1895.330909090909,973.7309090909091,1472.698181818182,15.764338150271215,100.0,959.0792976401963,10.0,8.354525566101074,,,,,5.0,6.0,6.0
2025-08-18 05:58:14,1893.4690909090912,975.5927272727274,1474.56,15.764338150271215,100.0,959.0522373102737,10.0,8.338778495788574,,,,,5.0,6.0,6.0
2025-08-18 05:58:17,1895.330909090909,973.7309090909091,1470.8363636363638,15.779784626938635,100.0,959.1302438244091,10.0,8.354235649108887,,,,,5.0,6.0,6.0
2025-08-18 05:58:20,1895.330909090909,973.7309090909091,1472.698181818182,15.728296381566906,100.0,959.1047429549723,10.0,8.355846405029297,,,,,5.0,6.0,6.0
2025-08-18 05:58:23,1893.4690909090912,973.7309090909091,1472.698181818182,15.702552269794978,100.0,959.0649325284062,10.0,8.34659194946289,,,,,6.0,7.0,8.0
2025-08-18 05:58:26,1895.330909090909,977.4545454545455,1476.4218181818183,15.645915249508107,100.0,959.1396836726552,10.0,8.34737491607666,,,,,5.0,6.0,8.0
2025-08-18 05:58:29,1895.330909090909,977.4545454545455,1474.56,15.692254627123475,100.0,959.0760658038251,10.0,8.34554386138916,,,,,6.0,7.0,9.0
2025-08-18 05:58:32,1893.4690909090912,973.7309090909091,1472.698181818182,15.707701091567287,100.0,959.1811263622415,10.0,8.346943855285645,,,,,6.0,7.0,9.0
2025-08-18 05:58:35,1895.330909090909,973.7309090909091,1474.56,15.733445204794407,100.0,959.1127051250422,10.0,8.355711936950684,,,,,7.0,8.0,10.0
2025-08-18 05:58:38,1895.330909090909,975.5927272727274,1474.56,15.748891676223138,100.0,959.1365918047281,10.0,8.349602699279785,,,,,7.0,8.0,11.0
2025-08-18 05:58:41,1893.4690909090912,973.7309090909091,1472.698181818182,15.769486975535983,100.0,959.1143199053872,10.0,8.344573974609375,,,,,6.0,8.0,11.0
2025-08-18 05:58:44,1897.1927272727273,979.3163636363637,1476.4218181818183,15.748891676223138,100.0,959.1636515311762,10.0,8.34827995300293,,,,,6.0,8.0,11.0
2025-08-18 05:58:47,1897.1927272727273,979.3163636363637,1474.56,15.769486975535983,100.0,959.1143199053872,10.0,8.347365379333496,,,,,6.0,8.0,9.0
2025-08-18 05:58:50,1897.1927272727273,975.5927272727274,1476.4218181818183,15.769486975535983,100.0,959.1413804968123,10.0,8.35887336730957,,,,,5.0,7.0,8.0
2025-08-18 05:58:53,1897.1927272727273,973.7309090909091,1470.8363636363638,15.743742852122523,100.0,959.1286295499222,10.0,8.365372657775879,,,,,6.0,8.0,9.0
2025-08-18 05:58:56,1895.330909090909,973.7309090909091,1470.8363636363638,15.738594028312946,100.0,959.0665488259449,10.0,8.355326652526855,,,,,4.0,6.0,7.0
2025-08-18 05:58:59,1893.4690909090912,973.7309090909091,1474.56,15.738594028312946,100.0,959.0936080656014,10.0,8.345512390136719,,,,,6.0,7.0,8.0
2025-08-18 05:59:02,1895.330909090909,975.5927272727274,1474.56,15.743742852122523,100.0,959.1015700668705,10.0,8.349623680114746,,,,,4.0,6.0,7.0
2025-08-18 05:59:05,1895.330909090909,975.5927272727274,1474.56,15.723147558630444,100.0,959.177956667399,10.0,8.350656509399414,,,,,5.0,6.0,6.0
2025-08-18 05:59:08,1895.330909090909,975.5927272727274,1474.56,15.728296381566906,100.0,959.1318017802461,10.0,8.350279808044434,,,,,6.0,7.0,7.0
2025-08-18 05:59:11,1895.330909090909,975.5927272727274,1474.56,15.71799873598502,100.0,959.115877074273,10.0,8.350543975830078,,,,,6.0,7.0,7.0
2025-08-18 05:59:14,1893.4690909090912,975.5927272727274,1472.698181818182,15.707701091567287,100.0,959.127010423525,10.0,8.341012001037598,,,,,6.0,7.0,7.0
2025-08-18 05:59:17,1895.330909090909,973.7309090909091,1472.698181818182,15.712849913630635,100.0,959.134972931166,10.0,8.356501579284668,,,,,6.0,7.0,7.0
2025-08-18 05:59:20,1893.4690909090912,973.7309090909091,1470.8363636363638,15.707701091567287,100.0,959.0999524813167,10.0,8.346583366394043,,,,,6.0,7.0,7.0
2025-08-18 05:59:23,1895.330909090909,975.5927272727274,1476.4218181818183,15.707701091567287,100.0,959.0728945572082,10.0,8.350703239440918,,,,,6.0,7.0,7.0
2025-08-18 05:59:26,1897.1927272727273,977.4545454545455,1476.4218181818183,15.748891676223138,100.0,959.1365918047281,10.0,8.353850364685059,,,,,6.0,6.0,6.0
2025-08-18 05:59:29,1897.1927272727273,973.7309090909091,1474.56,15.748891676223138,100.0,959.1365918047281,10.0,8.365239143371582,,,,,6.0,7.0,7.0
2025-08-18 05:59:32,1895.330909090909,973.7309090909091,1474.56,15.759189325297484,100.0,959.1254562401243,10.0,8.354901313781738,,,,,6.0,6.0,6.0
2025-08-18 05:59:35,1895.330909090909,975.5927272727274,1474.56,15.754040500614792,100.0,959.1445540877744,10.0,8.349472999572754,,,,,6.0,7.0,7.0
2025-08-18 05:59:38,1897.1927272727273,973.7309090909091,1472.698181818182,15.748891676223138,100.0,959.0824724061385,10.0,8.36499309539795,,,,,6.0,7.0,7.0
2025-08-18 05:59:41,1897.1927272727273,977.4545454545455,1476.4218181818183,15.784933453076519,100.0,959.1382058262627,10.0,8.352652549743652,,,,,6.0,7.0,7.0
2025-08-18 06:00:50,1899.0545454545456,975.5927272727274,1476.4218181818183,15.712849913630635,100.0,959.080856614268,10.0,8.370434761047363,,,,,6.0,9.0,9.0
2025-08-18 06:00:53,1897.1927272727273,973.7309090909091,1474.56,15.712849913630635,100.0,959.1079147636668,10.0,8.366312980651855,,,,,6.0,9.0,10.0
2025-08-18 06:00:56,1895.330909090909,973.7309090909091,1476.4218181818183,15.702552269794978,100.0,959.1190479441431,10.0,8.356769561767578,,,,,6.0,9.0,11.0
2025-08-18 06:00:59,1899.0545454545456,975.5927272727274,1474.56,15.697403448313707,100.0,959.1110854930225,10.0,8.371088981628418,,,,,7.0,9.0,11.0
2025-08-18 06:01:02,1897.1927272727273,973.7309090909091,1474.56,15.651064068078995,100.0,959.1476467421888,10.0,8.368566513061523,,,,,7.0,9.0,11.0
2025-08-18 06:01:05,1887.8836363636362,973.7309090909091,1476.4218181818183,15.666510525537888,100.0,959.0903675378978,10.0,8.318032264709473,,,,,7.0,9.0,11.0
2025-08-18 06:01:08,1897.1927272727273,975.5927272727274,1476.4218181818183,15.697403448313707,100.0,959.1381430027504,10.0,8.361281394958496,,,,,6.0,8.0,10.0
2025-08-18 06:01:11,1897.1927272727273,975.5927272727274,1474.56,15.651064068078995,100.0,959.0394247050265,10.0,8.362383842468262,,,,,6.0,8.0,10.0
2025-08-18 06:01:14,1897.1927272727273,975.5927272727274,1476.4218181818183,15.62531997813494,100.0,959.1348861055174,10.0,8.363677024841309,,,,,6.0,8.0,10.0
2025-08-18 06:01:17,1897.1927272727273,975.5927272727274,1474.56,15.62531997813494,100.0,959.0537228754667,10.0,8.363317489624023,,,,,6.0,8.0,9.0
2025-08-18 06:01:20,1899.0545454545456,975.5927272727274,1476.4218181818183,15.62531997813494,100.0,959.0807772673884,10.0,8.373366355895996,,,,,6.0,8.0,9.0
2025-08-18 06:01:23,1897.1927272727273,975.5927272727274,1476.4218181818183,15.615022344194585,100.0,959.1730678364677,10.0,8.364192962646484,,,,,4.0,7.0,9.0
2025-08-18 06:01:26,1895.330909090909,971.869090909091,1472.698181818182,15.635617613239447,100.0,959.1237576184492,10.0,8.364728927612305,,,,,5.0,8.0,10.0
2025-08-18 06:01:29,1897.1927272727273,971.869090909091,1474.56,15.630468795541674,100.0,959.1157946337811,10.0,8.374804496765137,,,,,5.0,8.0,10.0
2025-08-18 06:01:32,1893.4690909090912,968.1454545454546,1474.56,15.651064068078995,100.0,959.1476467421888,10.0,8.365762710571289,,,,,5.0,7.0,9.0
2025-08-18 06:01:35,1895.330909090909,968.1454545454546,1478.2836363636366,15.671659345272928,100.0,959.1253864460803,10.0,8.374913215637207,,,,,5.0,7.0,9.0
2025-08-18 06:01:38,1891.6072727272729,966.2836363636363,1474.56,15.676808165299008,100.0,959.0792359711916,10.0,8.360325813293457,,,,,5.0,8.0,10.0
2025-08-18 06:01:41,1891.6072727272729,964.4218181818183,1474.56,15.702552269794978,100.0,959.1190479441431,10.0,8.365004539489746,,,,,5.0,8.0,9.0
2025-08-18 06:01:44,1891.6072727272729,964.4218181818183,1472.698181818182,15.702552269794978,100.0,959.0649325284062,10.0,8.364945411682129,,,,,4.0,7.0,9.0
2025-08-18 06:01:47,1893.4690909090912,964.4218181818183,1476.4218181818183,15.723147558630444,100.0,959.1508980312158,10.0,8.374625205993652,,,,,5.0,8.0,9.0
2025-08-18 06:01:50,1889.7454545454545,966.2836363636363,1474.56,15.738594028312946,100.0,959.0665488259449,10.0,8.347895622253418,,,,,5.0,6.0,6.0
2025-08-18 06:01:53,1889.7454545454545,964.4218181818183,1474.56,15.71799873598502,100.0,959.0888186995832,10.0,8.354147911071777,,,,,6.0,7.0,7.0
2025-08-18 06:01:56,1889.7454545454545,966.2836363636363,1476.4218181818183,15.728296381566906,100.0,959.1318017802461,10.0,8.348322868347168,,,,,5.0,7.0,7.0
2025-08-18 06:01:59,1889.7454545454545,966.2836363636363,1474.56,15.687105806224281,100.0,959.0410466115686,10.0,8.349637031555176,,,,,5.0,6.0,6.0
2025-08-18 06:02:02,1889.7454545454545,966.2836363636363,1470.8363636363638,15.671659345272928,100.0,959.0442172962177,10.0,8.350167274475098,,,,,5.0,7.0,7.0
2025-08-18 06:02:05,1889.7454545454545,968.1454545454546,1474.56,15.71799873598502,100.0,959.0617603429937,10.0,8.343082427978516,,,,,5.0,6.0,6.0
2025-08-18 06:02:08,1886.0218181818184,964.4218181818183,1472.698181818182,15.728296381566906,100.0,959.1047429549723,10.0,8.333222389221191,,,,,6.0,6.0,6.0
2025-08-18 06:02:11,1887.8836363636362,970.0072727272727,1474.56,15.702552269794978,100.0,959.0649325284062,10.0,8.327800750732422,,,,,6.0,7.0,7.0
2025-08-18 06:02:14,1887.8836363636362,968.1454545454546,1474.56,15.712849913630635,100.0,959.1079147636668,10.0,8.333014488220215,,,,,6.0,7.0,7.0
2025-08-18 06:02:17,1889.7454545454545,968.1454545454546,1472.698181818182,15.671659345272928,100.0,959.1253864460803,10.0,8.34473991394043,,,,,5.0,7.0,7.0
2025-08-18 06:02:20,1889.7454545454545,971.869090909091,1472.698181818182,15.702552269794978,100.0,959.1190479441431,10.0,8.332637786865234,,,,,5.0,6.0,6.0
2025-08-18 06:02:23,1889.7454545454545,966.2836363636363,1472.698181818182,15.707701091567287,100.0,959.0728945572082,10.0,8.348969459533691,,,,,5.0,6.0,6.0
2025-08-18 06:02:26,1889.7454545454545,970.0072727272727,1474.56,15.733445204794407,100.0,959.1127051250422,10.0,8.337087631225586,,,,,5.0,7.0,7.0
2025-08-18 06:02:29,1889.7454545454545,970.0072727272727,1474.56,15.65621288694092,100.0,959.1014983346614,10.0,8.339728355407715,,,,,5.0,6.0,6.0
2025-08-18 06:02:32,1891.6072727272729,975.5927272727274,1476.4218181818183,15.640766431228258,100.0,959.1046655455415,10.0,8.333218574523926,,,,,6.0,8.0,8.0
2025-08-18 06:02:35,1889.7454545454545,973.7309090909091,1474.56,15.65621288694092,100.0,959.1556098400066,10.0,8.328681945800781,,,,,6.0,8.0,9.0
2025-08-18 06:02:38,1889.7454545454545,971.869090909091,1474.56,15.666510525537888,100.0,959.0633113798967,10.0,8.333614349365234,,,,,6.0,8.0,9.0
2025-08-18 06:02:41,1889.7454545454545,971.869090909091,1474.56,15.65621288694092,100.0,959.1014983346614,10.0,8.33413314819336,,,,,6.0,8.0,9.0
2025-08-18 06:02:44,1889.7454545454545,971.869090909091,1474.56,15.666510525537888,100.0,959.0903675378978,10.0,8.333740234375,,,,,6.0,8.0,9.0
2025-08-18 06:02:47,1891.6072727272729,973.7309090909091,1472.698181818182,15.620171161019243,100.0,959.1539771730786,10.0,8.339818954467773,,,,,6.0,9.0,9.0
2025-08-18 06:03:50,1893.4690909090912,971.869090909091,1478.2836363636366,15.635617613239447,100.0,959.0696479153798,10.0,8.354551315307617,,,,,5.0,6.0,6.0
2025-08-18 06:03:53,1891.6072727272729,968.1454545454546,1474.56,15.687105806224281,100.0,959.1763319073189,10.0,8.354557991027832,,,,,5.0,6.0,6.0
2025-08-18 06:03:56,1893.4690909090912,968.1454545454546,1474.56,15.687105806224281,100.0,959.0951606755725,10.0,8.364325523376465,,,,,5.0,6.0,6.0
2025-08-18 06:03:59,1891.6072727272729,968.1454545454546,1474.56,15.707701091567287,100.0,959.127010423525,10.0,8.353801727294922,,,,,6.0,7.0,8.0
2025-08-18 06:04:02,1891.6072727272729,968.1454545454546,1470.8363636363638,15.676808165299008,100.0,959.1874625140779,10.0,8.354931831359863,,,,,5.0,7.0,8.0
2025-08-18 06:04:05,1893.4690909090912,971.869090909091,1472.698181818182,15.65621288694092,100.0,959.1285540782857,10.0,8.354120254516602,,,,,5.0,7.0,8.0
2025-08-18 06:04:08,1893.4690909090912,971.869090909091,1474.56,15.609873527660966,100.0,959.1380505006824,10.0,8.35571575164795,,,,,5.0,7.0,8.0
2025-08-18 06:04:11,1893.4690909090912,971.869090909091,1474.56,15.599575895466842,100.0,959.1221239414945,10.0,8.355990409851074,,,,,5.0,8.0,8.0
2025-08-18 06:04:14,1893.4690909090912,971.869090909091,1474.56,15.599575895466842,100.0,959.0680173199878,10.0,8.355751991271973,,,,,6.0,8.0,9.0
2025-08-18 06:04:17,1893.4690909090912,970.0072727272727,1472.698181818182,15.599575895466842,100.0,959.1221239414945,10.0,8.361682891845703,,,,,6.0,8.0,9.0
2025-08-18 06:04:20,1891.6072727272729,968.1454545454546,1470.8363636363638,15.62531997813494,100.0,959.0807772673884,10.0,8.356393814086914,,,,,7.0,9.0,10.0
2025-08-18 06:04:23,1891.6072727272729,970.0072727272727,1472.698181818182,15.615022344194585,100.0,959.0648518900862,10.0,8.350973129272461,,,,,7.0,9.0,10.0
2025-08-18 06:04:26,1893.4690909090912,973.7309090909091,1478.2836363636366,15.65621288694092,100.0,959.1014983346614,10.0,8.348313331604004,,,,,6.0,9.0,9.0
2025-08-18 06:04:29,1891.6072727272729,975.5927272727274,1476.4218181818183,15.671659345272928,100.0,959.1253864460803,10.0,8.332270622253418,,,,,5.0,8.0,8.0
2025-08-18 06:04:32,1893.4690909090912,971.869090909091,1474.56,15.661361706093885,100.0,959.1094610101896,10.0,8.353862762451172,,,,,6.0,9.0,9.0
2025-08-18 06:04:35,1887.8836363636362,971.869090909091,1474.56,15.666510525537888,100.0,959.1174237139966,10.0,8.32358169555664,,,,,7.0,9.0,9.0
2025-08-18 06:04:38,1893.4690909090912,971.869090909091,1474.56,15.635617613239447,100.0,959.1508124971276,10.0,8.354917526245117,,,,,6.0,9.0,9.0
2025-08-18 06:04:41,1893.4690909090912,968.1454545454546,1470.8363636363638,15.609873527660966,100.0,959.165104289138,10.0,8.367228507995605,,,,,6.0,8.0,8.0
2025-08-18 06:04:44,1891.6072727272729,973.7309090909091,1474.56,15.645915249508107,100.0,959.1396836726552,10.0,8.338897705078125,,,,,5.0,8.0,8.0
2025-08-18 06:04:47,1895.330909090909,975.5927272727274,1476.4218181818183,15.666510525537888,100.0,959.1444799081927,10.0,8.352408409118652,,,,,5.0,7.0,7.0
2025-08-18 06:04:50,1893.4690909090912,971.869090909091,1472.698181818182,15.697403448313707,100.0,959.0840280013939,10.0,8.352540969848633,,,,,5.0,7.0,7.0
2025-08-18 06:04:53,1893.4690909090912,973.7309090909091,1474.56,15.728296381566906,100.0,959.0776841477997,10.0,8.345787048339844,,,,,5.0,6.0,6.0
2025-08-18 06:04:56,1895.330909090909,973.7309090909091,1474.56,15.728296381566906,100.0,959.1588606236207,10.0,8.356090545654297,,,,,5.0,6.0,6.0
2025-08-18 06:04:59,1891.6072727272729,970.0072727272727,1472.698181818182,15.728296381566906,100.0,959.1588606236207,10.0,8.347599983215332,,,,,5.0,7.0,7.0
2025-08-18 06:05:02,1893.4690909090912,975.5927272727274,1476.4218181818183,15.707701091567287,100.0,959.0999524813167,10.0,8.340886116027832,,,,,5.0,7.0,7.0
2025-08-18 06:05:05,1895.330909090909,975.5927272727274,1474.56,15.748891676223138,100.0,959.0824724061385,10.0,8.349363327026367,,,,,5.0,7.0,7.0
2025-08-18 06:05:08,1895.330909090909,973.7309090909091,1472.698181818182,15.790082279505441,100.0,959.11910638183,10.0,8.353842735290527,,,,,6.0,8.0,8.0
2025-08-18 06:05:11,1891.6072727272729,971.869090909091,1472.698181818182,15.795231106225401,100.0,959.154129914643,10.0,8.339649200439453,,,,,7.0,9.0,9.0
2025-08-18 06:05:14,1893.4690909090912,973.7309090909091,1472.698181818182,15.790082279505441,100.0,959.1461678563412,10.0,8.344026565551758,,,,,7.0,9.0,9.0
2025-08-18 06:05:17,1895.330909090909,971.869090909091,1472.698181818182,15.790082279505441,100.0,959.11910638183,10.0,8.359533309936523,,,,,7.0,9.0,9.0
2025-08-18 06:05:20,1893.4690909090912,973.7309090909091,1472.698181818182,15.784933453076519,100.0,959.0840833459407,10.0,8.343918800354004,,,,,7.0,10.0,10.0
2025-08-18 06:05:23,1895.330909090909,975.5927272727274,1476.4218181818183,15.738594028312946,100.0,959.0936080656014,10.0,8.349761009216309,,,,,7.0,9.0,9.0
2025-08-18 06:05:26,1891.6072727272729,975.5927272727274,1474.56,15.733445204794407,100.0,959.0856460925772,10.0,8.330021858215332,,,,,6.0,9.0,9.0
2025-08-18 06:05:29,1893.4690909090912,973.7309090909091,1472.698181818182,15.748891676223138,100.0,959.0824724061385,10.0,8.345123291015625,,,,,6.0,8.0,8.0
2025-08-18 06:05:32,1891.6072727272729,973.7309090909091,1474.56,15.769486975535983,100.0,959.1143199053872,10.0,8.334636688232422,,,,,6.0,7.0,7.0
2025-08-18 06:05:35,1895.330909090909,975.5927272727274,1476.4218181818183,15.748891676223138,100.0,959.1365918047281,10.0,8.349602699279785,,,,,5.0,7.0,7.0
2025-08-18 06:05:38,1895.330909090909,973.7309090909091,1474.56,15.738594028312946,100.0,959.1206673233595,10.0,8.355570793151855,,,,,5.0,7.0,7.0
2025-08-18 06:05:41,1895.330909090909,975.5927272727274,1476.4218181818183,15.728296381566906,100.0,959.1047429549723,10.0,8.350152015686035,,,,,6.0,8.0,8.0
2025-08-18 06:05:44,1895.330909090909,977.4545454545455,1476.4218181818183,15.71799873598502,100.0,959.0888186995832,10.0,8.344732284545898,,,,,6.0,7.0,7.0
2025-08-18 06:05:47,1895.330909090909,975.5927272727274,1474.56,15.738594028312946,100.0,959.1206673233595,10.0,8.349886894226074,,,,,6.0,7.0,7.0
2025-08-18 06:05:50,1895.330909090909,973.7309090909091,1472.698181818182,15.728296381566906,100.0,959.1318017802461,10.0,8.355964660644531,,,,,6.0,8.0,8.0
2025-08-18 06:05:53,1895.330909090909,977.4545454545455,1476.4218181818183,15.71799873598502,100.0,959.0888186995832,10.0,8.344732284545898,,,,,6.0,8.0,8.0
2025-08-18 06:05:56,1893.4690909090912,975.5927272727274,1474.56,15.738594028312946,100.0,959.1206673233595,10.0,8.339946746826172,,,,,6.0,9.0,9.0
2025-08-18 06:05:59,1895.330909090909,977.4545454545455,1474.56,15.687105806224281,100.0,959.1492748119714,10.0,8.346043586730957,,,,,6.0,8.0,8.0
2025-08-18 06:06:02,1895.330909090909,979.3163636363637,1474.56,15.733445204794407,100.0,959.1397641756085,10.0,8.338749885559082,,,,,7.0,9.0,9.0
2025-08-18 06:06:05,1895.330909090909,975.5927272727274,1474.56,15.743742852122523,100.0,959.1286295499222,10.0,8.349738121032715,,,,,6.0,9.0,9.0
2025-08-18 06:06:08,1895.330909090909,975.5927272727274,1474.56,15.748891676223138,100.0,959.1636515311762,10.0,8.349727630615234,,,,,6.0,8.0,8.0
2025-08-18 06:06:11,1893.4690909090912,975.5927272727274,1472.698181818182,15.692254627123475,100.0,959.1301803546035,10.0,8.341535568237305,,,,,6.0,8.0,8.0
2025-08-18 06:06:14,1893.4690909090912,975.5927272727274,1472.698181818182,15.697403448313707,100.0,959.1110854930225,10.0,8.341279983520508,,,,,6.0,8.0,8.0
2025-08-18 06:06:17,1895.330909090909,975.5927272727274,1474.56,15.707701091567287,100.0,959.127010423525,10.0,8.35094928741455,,,,,6.0,7.0,7.0
2025-08-18 06:06:20,1895.330909090909,977.4545454545455,1476.4218181818183,15.692254627123475,100.0,959.1301803546035,10.0,8.345789909362793,,,,,6.0,8.0,8.0
2025-08-18 06:06:23,1895.330909090909,977.4545454545455,1476.4218181818183,15.748891676223138,100.0,959.1365918047281,10.0,8.343917846679688,,,,,6.0,8.0,8.0
2025-08-18 06:06:26,1893.4690909090912,975.5927272727274,1476.4218181818183,15.748891676223138,100.0,959.1365918047281,10.0,8.33967399597168,,,,,6.0,8.0,8.0
2025-08-18 06:06:29,1893.4690909090912,973.7309090909091,1474.56,15.764338150271215,100.0,959.106357988222,10.0,8.344709396362305,,,,,6.0,7.0,7.0
2025-08-18 06:06:32,1893.4690909090912,975.5927272727274,1476.4218181818183,15.764338150271215,100.0,959.0522373102737,10.0,8.338778495788574,,,,,6.0,7.0,7.0
2025-08-18 06:06:35,1897.1927272727273,973.7309090909091,1474.56,15.748891676223138,100.0,959.0824724061385,10.0,8.36499309539795,,,,,6.0,7.0,7.0
2025-08-18 06:06:38,1895.330909090909,977.4545454545455,1478.2836363636366,15.733445204794407,100.0,959.0856460925772,10.0,8.344202995300293,,,,,6.0,8.0,8.0
2025-08-18 06:06:41,1893.4690909090912,977.4545454545455,1476.4218181818183,15.738594028312946,100.0,959.1206673233595,10.0,8.334249496459961,,,,,5.0,7.0,7.0
2025-08-18 06:06:44,1897.1927272727273,973.7309090909091,1474.56,15.676808165299008,100.0,959.0792359711916,10.0,8.367387771606445,,,,,5.0,6.0,6.0
2025-08-18 06:06:47,1893.4690909090912,977.4545454545455,1476.4218181818183,15.702552269794978,100.0,959.1190479441431,10.0,8.33545207977295,,,,,5.0,6.0,6.0
2025-08-18 06:06:50,1895.330909090909,975.5927272727274,1474.56,15.702552269794978,100.0,959.146105679161,10.0,8.351205825805664,,,,,6.0,7.0,7.0
2025-08-18 06:06:53,1893.4690909090912,973.7309090909091,1474.56,15.697403448313707,100.0,959.1110854930225,10.0,8.346970558166504,,,,,6.0,7.0,7.0
2025-08-18 06:06:56,1897.1927272727273,973.7309090909091,1474.56,15.671659345272928,100.0,959.1253864460803,10.0,8.367773056030273,,,,,6.0,7.0,7.0
2025-08-18 06:06:59,1895.330909090909,977.4545454545455,1476.4218181818183,15.635617613239447,100.0,959.0696479153798,10.0,8.34741497039795,,,,,6.0,7.0,7.0
2025-08-18 06:07:02,1895.330909090909,975.5927272727274,1472.698181818182,15.604724711418385,100.0,959.1300872069363,10.0,8.35440731048584,,,,,5.0,6.0,6.0
2025-08-18 06:07:05,1895.330909090909,973.7309090909091,1474.56,15.609873527660966,100.0,959.0839429780542,10.0,8.359719276428223,,,,,5.0,6.0,6.0
2025-08-18 06:07:08,1895.330909090909,975.5927272727274,1474.56,15.609873527660966,100.0,959.0568892438816,10.0,8.353904724121094,,,,,6.0,8.0,8.0
2025-08-18 06:07:11,1895.330909090909,973.7309090909091,1472.698181818182,15.62531997813494,100.0,959.1078316774053,10.0,8.359306335449219,,,,,6.0,8.0,8.0
2025-08-18 06:07:14,1895.330909090909,975.5927272727274,1474.56,15.640766431228258,100.0,959.1317206314081,10.0,8.353208541870117,,,,,6.0,8.0,8.0
2025-08-18 06:07:17,1895.330909090909,975.5927272727274,1474.56,15.651064068078995,100.0,959.1476467421888,10.0,8.352936744689941,,,,,6.0,7.0,7.0
2025-08-18 06:07:20,1895.330909090909,975.5927272727274,1474.56,15.640766431228258,100.0,959.1046655455415,10.0,8.353089332580566,,,,,5.0,6.0,6.0
2025-08-18 06:07:23,1895.330909090909,975.5927272727274,1474.56,15.630468795541674,100.0,959.0887399984815,10.0,8.35335636138916,,,,,5.0,6.0,6.0
2025-08-18 06:07:26,1895.330909090909,973.7309090909091,1472.698181818182,15.687105806224281,100.0,959.0951606755725,10.0,8.357177734375,,,,,5.0,6.0,6.0
2025-08-18 06:07:29,1897.1927272727273,975.5927272727274,1476.4218181818183,15.676808165299008,100.0,959.2145191950449,10.0,8.362308502197266,,,,,5.0,7.0,7.0
2025-08-18 06:07:32,1893.4690909090912,973.7309090909091,1472.698181818182,15.645915249508107,100.0,959.1667390019023,10.0,8.348945617675781,,,,,6.0,7.0,7.0
2025-08-18 06:07:35,1895.330909090909,977.4545454545455,1478.2836363636366,15.687105806224281,100.0,959.1222177347227,10.0,8.345924377441406,,,,,5.0,6.0,6.0
2025-08-18 06:07:38,1893.4690909090912,975.5927272727274,1476.4218181818183,15.712849913630635,100.0,959.1079147636668,10.0,8.34074592590332,,,,,5.0,6.0,6.0
2025-08-18 06:07:41,1895.330909090909,975.5927272727274,1476.4218181818183,15.661361706093885,100.0,959.0824050593769,10.0,8.352299690246582,,,,,5.0,7.0,7.0
2025-08-18 06:07:44,1895.330909090909,973.7309090909091,1474.56,15.692254627123475,100.0,959.1301803546035,10.0,8.35716724395752,,,,,6.0,7.0,7.0
2025-08-18 06:07:47,1893.4690909090912,975.5927272727274,1476.4218181818183,15.681956985616125,100.0,959.1413119950697,10.0,8.341930389404297,,,,,6.0,7.0,7.0
2025-08-18 06:07:50,1893.4690909090912,975.5927272727274,1476.4218181818183,15.687105806224281,100.0,959.1492748119714,10.0,8.341798782348633,,,,,6.0,7.0,7.0
2025-08-18 06:07:53,1895.330909090909,975.5927272727274,1474.56,15.671659345272928,100.0,959.0712736614074,10.0,8.351901054382324,,,,,6.0,8.0,8.0
2025-08-18 06:07:56,1895.330909090909,975.5927272727274,1474.56,15.692254627123475,100.0,959.1301803546035,10.0,8.351479530334473,,,,,6.0,8.0,8.0
2025-08-18 06:07:59,1893.4690909090912,971.869090909091,1474.56,15.692254627123475,100.0,959.0760658038251,10.0,8.352682113647461,,,,,6.0,8.0,8.0
2025-08-18 06:08:02,1895.330909090909,973.7309090909091,1474.56,15.712849913630635,100.0,959.080856614268,10.0,8.356254577636719,,,,,6.0,8.0,8.0
2025-08-18 06:08:05,1895.330909090909,973.7309090909091,1472.698181818182,15.702552269794978,100.0,959.146105679161,10.0,8.356892585754395,,,,,5.0,7.0,7.0
2025-08-18 06:08:08,1895.330909090909,971.869090909091,1472.698181818182,15.692254627123475,100.0,959.0490085555844,10.0,8.362489700317383,,,,,6.0,8.0,8.0
2025-08-18 06:08:11,1895.330909090909,973.7309090909091,1474.56,15.697403448313707,100.0,959.1652005305779,10.0,8.357154846191406,,,,,6.0,8.0,8.0
2025-08-18 06:08:14,1893.4690909090912,971.869090909091,1474.56,15.707701091567287,100.0,959.127010423525,10.0,8.352396965026855,,,,,6.0,9.0,9.0
2025-08-18 06:08:17,1895.330909090909,971.869090909091,1476.4218181818183,15.712849913630635,100.0,959.134972931166,10.0,8.36219310760498,,,,,7.0,9.0,9.0
2025-08-18 06:08:20,1895.330909090909,973.7309090909091,1474.56,15.697403448313707,100.0,959.1381430027504,10.0,8.357033729553223,,,,,6.0,8.0,8.0
2025-08-18 06:08:23,1893.4690909090912,970.0072727272727,1472.698181818182,15.712849913630635,100.0,959.080856614268,10.0,8.357699394226074,,,,,7.0,8.0,8.0
2025-08-18 06:08:26,1893.4690909090912,971.869090909091,1474.56,15.733445204794407,100.0,959.1397641756085,10.0,8.351591110229492,,,,,6.0,8.0,8.0
2025-08-18 06:08:29,1893.4690909090912,970.0072727272727,1470.8363636363638,15.743742852122523,100.0,959.1556890510758,10.0,8.35700511932373,,,,,6.0,8.0,8.0
2025-08-18 06:08:32,1893.4690909090912,977.4545454545455,1476.4218181818183,15.687105806224281,100.0,959.1492748119714,10.0,8.336106300354004,,,,,7.0,10.0,10.0
2025-08-18 06:08:35,1893.4690909090912,973.7309090909091,1476.4218181818183,15.661361706093885,100.0,959.1094610101896,10.0,8.34817123413086,,,,,6.0,11.0,11.0
2025-08-18 06:08:38,1893.4690909090912,971.869090909091,1474.56,15.651064068078995,100.0,959.1205912057532,10.0,8.354262351989746,,,,,7.0,14.0,14.0
2025-08-18 06:08:41,1895.330909090909,973.7309090909091,1474.56,15.645915249508107,100.0,959.1126283615046,10.0,8.35863971710205,,,,,6.0,13.0,14.0
2025-08-18 06:08:44,1893.4690909090912,971.869090909091,1470.8363636363638,15.645915249508107,100.0,959.0855730684505,10.0,8.354276657104492,,,,,6.0,13.0,14.0
2025-08-18 06:08:47,1893.4690909090912,973.7309090909091,1474.56,15.65621288694092,100.0,959.1826656198245,10.0,8.348676681518555,,,,,6.0,13.0,15.0
2025-08-18 06:08:50,1893.4690909090912,971.869090909091,1472.698181818182,15.707701091567287,100.0,959.1540683838334,10.0,8.352517127990723,,,,,5.0,11.0,13.0
2025-08-18 06:08:53,1895.330909090909,973.7309090909091,1474.56,15.676808165299008,100.0,959.1333492064385,10.0,8.357702255249023,,,,,6.0,12.0,13.0
2025-08-18 06:08:56,1893.4690909090912,975.5927272727274,1476.4218181818183,15.666510525537888,100.0,959.1444799081927,10.0,8.342467308044434,,,,,6.0,11.0,13.0
2025-08-18 06:08:59,1895.330909090909,971.869090909091,1476.4218181818183,15.65621288694092,100.0,959.0744426091343,10.0,8.36381721496582,,,,,6.0,9.0,11.0
2025-08-18 06:09:02,1895.330909090909,973.7309090909091,1472.698181818182,15.692254627123475,100.0,959.1031230701648,10.0,8.357048034667969,,,,,6.0,9.0,10.0
2025-08-18 06:09:05,1895.330909090909,971.869090909091,1472.698181818182,15.697403448313707,100.0,959.1110854930225,10.0,8.362602233886719,,,,,6.0,8.0,10.0
2025-08-18 06:09:08,1895.330909090909,973.7309090909091,1476.4218181818183,15.702552269794978,100.0,959.0919902272249,10.0,8.356643676757812,,,,,6.0,8.0,9.0
2025-08-18 06:09:11,1893.4690909090912,971.869090909091,1472.698181818182,15.671659345272928,100.0,959.1794993031442,10.0,8.353835105895996,,,,,6.0,7.0,9.0
2025-08-18 06:09:14,1895.330909090909,977.4545454545455,1478.2836363636366,15.71799873598502,100.0,959.1429354670635,10.0,8.344985961914062,,,,,6.0,7.0,7.0
2025-08-18 06:09:17,1891.6072727272729,973.7309090909091,1476.4218181818183,15.697403448313707,100.0,959.1381430027504,10.0,8.337160110473633,,,,,6.0,6.0,6.0
2025-08-18 06:09:20,1895.330909090909,973.7309090909091,1474.56,15.71799873598502,100.0,959.1699938779543,10.0,8.35647964477539,,,,,6.0,6.0,6.0
2025-08-18 06:09:23,1893.4690909090912,973.7309090909091,1476.4218181818183,15.754040500614792,100.0,959.1445540877744,10.0,8.345224380493164,,,,,6.0,6.0,6.0
2025-08-18 06:09:26,1893.4690909090912,973.7309090909091,1474.56,15.728296381566906,100.0,959.1318017802461,10.0,8.346034049987793,,,,,6.0,7.0,7.0
2025-08-18 06:09:29,1893.4690909090912,971.869090909091,1474.56,15.702552269794978,100.0,959.1731634322783,10.0,8.352770805358887,,,,,5.0,6.0,6.0
2025-08-18 06:09:32,1895.330909090909,973.7309090909091,1476.4218181818183,15.71799873598502,100.0,959.115877074273,10.0,8.356236457824707,,,,,6.0,7.0,7.0
2025-08-18 06:09:35,1893.4690909090912,973.7309090909091,1474.56,15.738594028312946,100.0,959.1747858931807,10.0,8.345881462097168,,,,,6.0,7.0,7.0
2025-08-18 06:09:38,1891.6072727272729,973.7309090909091,1476.4218181818183,15.71799873598502,100.0,959.1970523069457,10.0,8.336736679077148,,,,,6.0,7.0,7.0
2025-08-18 06:09:41,1891.6072727272729,970.0072727272727,1474.56,15.71799873598502,100.0,959.1429354670635,10.0,8.347872734069824,,,,,6.0,7.0,7.0
2025-08-18 06:09:44,1893.4690909090912,970.0072727272727,1474.56,15.728296381566906,100.0,959.1588606236207,10.0,8.357537269592285,,,,,6.0,8.0,8.0
2025-08-18 06:09:47,1893.4690909090912,968.1454545454546,1470.8363636363638,15.707701091567287,100.0,959.1540683838334,10.0,8.363896369934082,,,,,6.0,7.0,7.0
2025-08-18 06:11:50,1886.0218181818184,962.5600000000001,1470.8363636363638,15.666510525537888,100.0,959.1174237139966,10.0,8.340866088867188,,,,,7.0,8.0,8.0
2025-08-18 06:11:53,1884.16,962.5600000000001,1472.698181818182,15.630468795541674,100.0,959.1699039586663,10.0,8.331873893737793,,,,,7.0,8.0,8.0
2025-08-18 06:11:56,1884.16,962.5600000000001,1470.8363636363638,15.645915249508107,100.0,959.1937943492458,10.0,8.331363677978516,,,,,7.0,8.0,8.0
2025-08-18 06:11:59,1886.0218181818184,960.6981818181819,1468.9745454545455,15.661361706093885,100.0,959.1635729661066,10.0,8.346614837646484,,,,,7.0,8.0,8.0
2025-08-18 06:12:02,1884.16,960.6981818181819,1470.8363636363638,15.651064068078995,100.0,959.1205912057532,10.0,8.336627960205078,,,,,7.0,8.0,8.0
2025-08-18 06:12:05,1882.2981818181818,966.2836363636363,1474.56,15.645915249508107,100.0,959.1937943492458,10.0,8.310037612915039,,,,,7.0,8.0,8.0
2025-08-18 06:12:08,1884.16,962.5600000000001,1470.8363636363638,15.635617613239447,100.0,959.1778673939017,10.0,8.33170223236084,,,,,7.0,8.0,8.0
2025-08-18 06:12:11,1884.16,962.5600000000001,1470.8363636363638,15.630468795541674,100.0,959.142849287176,10.0,8.331838607788086,,,,,6.0,8.0,8.0
2025-08-18 06:12:14,1882.2981818181818,960.6981818181819,1470.8363636363638,15.615022344194585,100.0,959.1189598270878,10.0,8.327573776245117,,,,,6.0,8.0,8.0
2025-08-18 06:12:17,1884.16,962.5600000000001,1472.698181818182,15.630468795541674,100.0,959.142849287176,10.0,8.331838607788086,,,,,6.0,8.0,8.0
2025-08-18 06:12:20,1882.2981818181818,960.6981818181819,1468.9745454545455,15.630468795541674,100.0,959.1157946337811,10.0,8.32702922821045,,,,,6.0,8.0,9.0
2025-08-18 06:12:23,1880.4363636363637,960.6981818181819,1470.8363636363638,15.640766431228258,100.0,959.1858308574288,10.0,8.316461563110352,,,,,6.0,9.0,10.0
2025-08-18 06:12:26,1880.4363636363637,960.6981818181819,1470.8363636363638,15.62531997813494,100.0,959.1348861055174,10.0,8.316938400268555,,,,,6.0,9.0,10.0
2025-08-18 06:12:29,1880.4363636363637,958.8363636363637,1470.8363636363638,15.65621288694092,100.0,959.1014983346614,10.0,8.321354866027832,,,,,6.0,9.0,10.0
2025-08-18 06:12:32,1880.4363636363637,956.9745454545455,1467.1127272727272,15.65621288694092,100.0,959.1556098400066,10.0,8.326925277709961,,,,,6.0,9.0,11.0
2025-08-18 06:12:35,1880.4363636363637,956.9745454545455,1468.9745454545455,15.62531997813494,100.0,959.1619405517247,10.0,8.327997207641602,,,,,6.0,9.0,10.0
2025-08-18 06:12:38,1876.7127272727273,955.1127272727273,1468.9745454545455,15.687105806224281,100.0,959.1222177347227,10.0,8.310762405395508,,,,,6.0,9.0,10.0
2025-08-18 06:12:41,1878.5745454545456,956.9745454545455,1470.8363636363638,15.671659345272928,100.0,959.1524428655634,10.0,8.316105842590332,,,,,7.0,9.0,10.0
2025-08-18 06:12:44,1874.8509090909092,956.9745454545455,1470.8363636363638,15.671659345272928,100.0,959.1253864460803,10.0,8.29548168182373,,,,,7.0,10.0,11.0
2025-08-18 06:12:47,1878.5745454545456,955.1127272727273,1468.9745454545455,15.651064068078995,100.0,959.2017578693499,10.0,8.322381973266602,,,,,6.0,9.0,9.0
2025-08-18 06:12:50,1876.7127272727273,955.1127272727273,1467.1127272727272,15.671659345272928,100.0,959.1794993031442,10.0,8.311352729797363,,,,,6.0,9.0,9.0
2025-08-18 06:12:53,1876.7127272727273,956.9745454545455,1468.9745454545455,15.681956985616125,100.0,959.1683688651286,10.0,8.305473327636719,,,,,6.0,8.0,8.0
2025-08-18 06:12:56,1876.7127272727273,956.9745454545455,1468.9745454545455,15.707701091567287,100.0,959.1540683838334,10.0,8.304571151733398,,,,,6.0,8.0,8.0
2025-08-18 06:12:59,1874.8509090909092,958.8363636363637,1467.1127272727272,15.661361706093885,100.0,959.1635729661066,10.0,8.290365219116211,,,,,6.0,8.0,8.0
2025-08-18 06:13:02,1876.7127272727273,962.5600000000001,1470.8363636363638,15.666510525537888,100.0,959.1444799081927,10.0,8.28941822052002,,,,,5.0,7.0,7.0
2025-08-18 06:13:05,1876.7127272727273,962.5600000000001,1468.9745454545455,15.707701091567287,100.0,959.1811263622415,10.0,8.288058280944824,,,,,5.0,7.0,7.0
2025-08-18 06:13:08,1876.7127272727273,960.6981818181819,1468.9745454545455,15.707701091567287,100.0,959.1540683838334,10.0,8.293540954589844,,,,,5.0,7.0,7.0
2025-08-18 06:13:11,1876.7127272727273,960.6981818181819,1468.9745454545455,15.692254627123475,100.0,959.2113523165136,10.0,8.294135093688965,,,,,5.0,7.0,7.0
2025-08-18 06:13:14,1874.8509090909092,962.5600000000001,1468.9745454545455,15.661361706093885,100.0,959.1365169790995,10.0,8.279292106628418,,,,,5.0,7.0,7.0
2025-08-18 06:13:17,1878.5745454545456,960.6981818181819,1467.1127272727272,15.65621288694092,100.0,959.1826656198245,10.0,8.305634498596191,,,,,6.0,7.0,7.0
2025-08-18 06:13:20,1876.7127272727273,960.6981818181819,1468.9745454545455,15.65621288694092,100.0,959.1556098400066,10.0,8.295308113098145,,,,,6.0,7.0,7.0
2025-08-18 06:13:23,1874.8509090909092,962.5600000000001,1470.8363636363638,15.651064068078995,100.0,959.2017578693499,10.0,8.279723167419434,,,,,6.0,6.0,6.0
2025-08-18 06:13:26,1874.8509090909092,960.6981818181819,1467.1127272727272,15.651064068078995,100.0,959.1205912057532,10.0,8.28514575958252,,,,,6.0,7.0,7.0
2025-08-18 06:13:29,1874.8509090909092,960.6981818181819,1468.9745454545455,15.681956985616125,100.0,959.1954257532858,10.0,8.284168243408203,,,,,6.0,7.0,7.0
2025-08-18 06:13:32,1876.7127272727273,962.5600000000001,1467.1127272727272,15.692254627123475,100.0,959.184294977778,10.0,8.288586616516113,,,,,6.0,7.0,7.0
2025-08-18 06:13:35,1876.7127272727273,958.8363636363637,1465.2509090909093,15.71799873598502,100.0,959.1429354670635,10.0,8.298686981201172,,,,,6.0,7.0,7.0
2025-08-18 06:13:38,1876.7127272727273,962.5600000000001,1467.1127272727272,15.692254627123475,100.0,959.1572376571412,10.0,8.288553237915039,,,,,6.0,8.0,8.0
2025-08-18 06:13:41,1874.8509090909092,964.4218181818183,1468.9745454545455,15.728296381566906,100.0,959.1318017802461,10.0,8.271479606628418,,,,,6.0,8.0,8.0
2025-08-18 06:13:44,1876.7127272727273,960.6981818181819,1467.1127272727272,15.723147558630444,100.0,959.1508980312158,10.0,8.29300308227539,,,,,6.0,8.0,9.0
2025-08-18 06:13:47,1876.7127272727273,958.8363636363637,1467.1127272727272,15.723147558630444,100.0,959.2050153216827,10.0,8.298580169677734,,,,,6.0,8.0,9.0
2025-08-18 06:13:50,1876.7127272727273,962.5600000000001,1465.2509090909093,15.738594028312946,100.0,959.1206673233595,10.0,8.2869234085083,,,,,6.0,8.0,9.0
2025-08-18 06:13:53,1874.8509090909092,960.6981818181819,1465.2509090909093,15.743742852122523,100.0,959.1286295499222,10.0,8.281977653503418,,,,,6.0,8.0,9.0
2025-08-18 06:13:56,1876.7127272727273,958.8363636363637,1465.2509090909093,15.738594028312946,100.0,959.1747858931807,10.0,8.298016548156738,,,,,7.0,8.0,9.0
2025-08-18 06:13:59,1878.5745454545456,964.4218181818183,1468.9745454545455,15.666510525537888,100.0,959.1174237139966,10.0,8.294177055358887,,,,,6.0,7.0,8.0
2025-08-18 06:14:02,1874.8509090909092,964.4218181818183,1468.9745454545455,15.707701091567287,100.0,959.1811263622415,10.0,8.27224063873291,,,,,6.0,7.0,8.0
2025-08-18 06:14:05,1878.5745454545456,962.5600000000001,1467.1127272727272,15.728296381566906,100.0,959.1588606236207,10.0,8.297614097595215,,,,,6.0,6.0,7.0
2025-08-18 06:14:08,1876.7127272727273,962.5600000000001,1467.1127272727272,15.692254627123475,100.0,959.1572376571412,10.0,8.288553237915039,,,,,6.0,7.0,8.0
2025-08-18 06:14:11,1880.4363636363637,964.4218181818183,1468.9745454545455,15.702552269794978,100.0,959.1731634322783,10.0,8.30329418182373,,,,,6.0,6.0,6.0
2025-08-18 06:14:14,1878.5745454545456,962.5600000000001,1467.1127272727272,15.712849913630635,100.0,959.1620311167651,10.0,8.298149108886719,,,,,5.0,6.0,6.0
2025-08-18 06:14:17,1880.4363636363637,966.2836363636363,1468.9745454545455,15.71799873598502,100.0,959.1970523069457,10.0,8.297266960144043,,,,,5.0,7.0,8.0
2025-08-18 06:14:20,1876.7127272727273,964.4218181818183,1468.9745454545455,15.707701091567287,100.0,959.127010423525,10.0,8.282477378845215,,,,,5.0,7.0,8.0
2025-08-18 06:14:23,1878.5745454545456,964.4218181818183,1468.9745454545455,15.692254627123475,100.0,959.1301803546035,10.0,8.293303489685059,,,,,5.0,7.0,9.0
2025-08-18 06:14:26,1878.5745454545456,962.5600000000001,1465.2509090909093,15.666510525537888,100.0,959.1715361204864,10.0,8.299748420715332,,,,,5.0,6.0,8.0
2025-08-18 06:14:29,1878.5745454545456,964.4218181818183,1467.1127272727272,15.651064068078995,100.0,959.1747022967211,10.0,8.294764518737793,,,,,6.0,7.0,9.0
2025-08-18 06:14:32,1880.4363636363637,964.4218181818183,1465.2509090909093,15.62531997813494,100.0,959.1619405517247,10.0,8.305931091308594,,,,,6.0,7.0,9.0
2025-08-18 06:14:35,1880.4363636363637,966.2836363636363,1468.9745454545455,15.62531997813494,100.0,959.1078316774053,10.0,8.300350189208984,,,,,5.0,6.0,8.0
2025-08-18 06:14:38,1878.5745454545456,964.4218181818183,1467.1127272727272,15.661361706093885,100.0,959.1635729661066,10.0,8.294402122497559,,,,,5.0,7.0,8.0
2025-08-18 06:14:41,1880.4363636363637,964.4218181818183,1467.1127272727272,15.65621288694092,100.0,959.1826656198245,10.0,8.304896354675293,,,,,5.0,6.0,6.0
2025-08-18 06:14:44,1878.5745454545456,964.4218181818183,1467.1127272727272,15.615022344194585,100.0,959.2001218682996,10.0,8.29603385925293,,,,,5.0,6.0,6.0
2025-08-18 06:14:47,1882.2981818181818,968.1454545454546,1468.9745454545455,15.594427079806337,100.0,959.1953200964812,10.0,8.306292533874512,,,,,5.0,6.0,6.0
2025-08-18 06:14:50,1882.2981818181818,964.4218181818183,1465.2509090909093,15.573831820074702,100.0,959.136412480013,10.0,8.317965507507324,,,,,5.0,6.0,6.0
2025-08-18 06:14:53,1878.5745454545456,964.4218181818183,1467.1127272727272,15.594427079806337,100.0,959.1682669476804,10.0,8.296697616577148,,,,,5.0,6.0,6.0
2025-08-18 06:14:56,1880.4363636363637,966.2836363636363,1467.1127272727272,15.594427079806337,100.0,959.1682669476804,10.0,8.30147933959961,,,,,5.0,6.0,6.0
2025-08-18 06:14:59,1882.2981818181818,966.2836363636363,1468.9745454545455,15.62531997813494,100.0,959.1619405517247,10.0,8.310704231262207,,,,,5.0,6.0,8.0
2025-08-18 06:15:02,1880.4363636363637,962.5600000000001,1468.9745454545455,15.676808165299008,100.0,959.1333492064385,10.0,8.309650421142578,,,,,5.0,6.0,7.0
2025-08-18 06:15:05,1880.4363636363637,960.6981818181819,1465.2509090909093,15.65621288694092,100.0,959.1556098400066,10.0,8.31589412689209,,,,,5.0,6.0,8.0
2025-08-18 06:15:08,1880.4363636363637,964.4218181818183,1468.9745454545455,15.651064068078995,100.0,959.1476467421888,10.0,8.305031776428223,,,,,6.0,8.0,10.0
2025-08-18 06:15:11,1882.2981818181818,962.5600000000001,1467.1127272727272,15.645915249508107,100.0,959.1667390019023,10.0,8.321035385131836,,,,,6.0,8.0,10.0
2025-08-18 06:15:14,1880.4363636363637,964.4218181818183,1468.9745454545455,15.687105806224281,100.0,959.1492748119714,10.0,8.303794860839844,,,,,6.0,8.0,10.0
2025-08-18 06:15:17,1878.5745454545456,962.5600000000001,1468.9745454545455,15.645915249508107,100.0,959.1937943492458,10.0,8.300482749938965,,,,,6.0,8.0,10.0
2025-08-18 06:15:20,1882.2981818181818,964.4218181818183,1468.9745454545455,15.666510525537888,100.0,959.1174237139966,10.0,8.314760208129883,,,,,5.0,8.0,10.0
2025-08-18 06:15:23,1880.4363636363637,962.5600000000001,1465.2509090909093,15.651064068078995,100.0,959.1476467421888,10.0,8.31054401397705,,,,,5.0,8.0,9.0
2025-08-18 06:15:26,1880.4363636363637,964.4218181818183,1468.9745454545455,15.65621288694092,100.0,959.2097214177394,10.0,8.304923057556152,,,,,4.0,7.0,7.0
2025-08-18 06:15:29,1880.4363636363637,962.5600000000001,1467.1127272727272,15.666510525537888,100.0,959.2256485993665,10.0,8.310102462768555,,,,,5.0,8.0,8.0
2025-08-18 06:15:32,1882.2981818181818,964.4218181818183,1468.9745454545455,15.661361706093885,100.0,959.1635729661066,10.0,8.314987182617188,,,,,5.0,8.0,8.0
2025-08-18 06:15:35,1880.4363636363637,964.4218181818183,1467.1127272727272,15.651064068078995,100.0,959.1476467421888,10.0,8.305031776428223,,,,,5.0,7.0,7.0
2025-08-18 06:15:38,1882.2981818181818,964.4218181818183,1468.9745454545455,15.687105806224281,100.0,959.203389020765,10.0,8.314152717590332,,,,,5.0,7.0,7.0
2025-08-18 06:15:41,1878.5745454545456,962.5600000000001,1465.2509090909093,15.692254627123475,100.0,959.184294977778,10.0,8.298877716064453,,,,,5.0,7.0,7.0
2025-08-18 06:15:44,1882.2981818181818,966.2836363636363,1468.9745454545455,15.676808165299008,100.0,959.160405851209,10.0,8.308942794799805,,,,,6.0,8.0,8.0
2025-08-18 06:15:47,1880.4363636363637,964.4218181818183,1465.2509090909093,15.692254627123475,100.0,959.2113523165136,10.0,8.303690910339355,,,,,7.0,9.0,9.0
2025-08-18 06:15:50,1880.4363636363637,966.2836363636363,1467.1127272727272,15.687105806224281,100.0,959.0951606755725,10.0,8.2982177734375,,,,,7.0,10.0,10.0
2025-08-18 06:15:53,1882.2981818181818,968.1454545454546,1467.1127272727272,15.666510525537888,100.0,959.1444799081927,10.0,8.303759574890137,,,,,7.0,10.0,10.0
2025-08-18 06:15:56,1882.2981818181818,968.1454545454546,1465.2509090909093,15.651064068078995,100.0,959.1747022967211,10.0,8.3043212890625,,,,,7.0,10.0,10.0
2025-08-18 06:15:59,1884.16,968.1454545454546,1467.1127272727272,15.620171161019243,100.0,959.0998687493243,10.0,8.315587997436523,,,,,6.0,10.0,10.0
2025-08-18 06:16:02,1884.16,968.1454545454546,1465.2509090909093,15.666510525537888,100.0,959.1715361204864,10.0,8.314085960388184,,,,,6.0,9.0,9.0
2025-08-18 06:16:05,1884.16,971.869090909091,1470.8363636363638,15.666510525537888,100.0,959.1715361204864,10.0,8.303054809570312,,,,,5.0,8.0,8.0
2025-08-18 06:16:08,1882.2981818181818,968.1454545454546,1467.1127272727272,15.687105806224281,100.0,959.1222177347227,10.0,8.303024291992188,,,,,6.0,9.0,9.0
2025-08-18 06:16:11,1886.0218181818184,971.869090909091,1470.8363636363638,15.697403448313707,100.0,959.1922580765043,10.0,8.312304496765137,,,,,6.0,9.0,9.0
2025-08-18 06:16:14,1886.0218181818184,971.869090909091,1468.9745454545455,15.697403448313707,100.0,959.1652005305779,10.0,8.312276840209961,,,,,6.0,8.0,8.0
2025-08-18 06:16:17,1887.8836363636362,971.869090909091,1468.9745454545455,15.661361706093885,100.0,959.1365169790995,10.0,8.323775291442871,,,,,5.0,7.0,7.0
2025-08-18 06:16:20,1886.0218181818184,971.869090909091,1468.9745454545455,15.651064068078995,100.0,959.1476467421888,10.0,8.313846588134766,,,,,6.0,8.0,8.0
2025-08-18 06:16:23,1886.0218181818184,971.869090909091,1468.9745454545455,15.661361706093885,100.0,959.1365169790995,10.0,8.313484191894531,,,,,6.0,7.0,9.0
2025-08-18 06:16:26,1887.8836363636362,971.869090909091,1468.9745454545455,15.661361706093885,100.0,959.1635729661066,10.0,8.323805809020996,,,,,6.0,7.0,9.0
2025-08-18 06:16:29,1889.7454545454545,973.7309090909091,1470.8363636363638,15.640766431228258,100.0,959.1317206314081,10.0,8.32909107208252,,,,,5.0,7.0,9.0
2025-08-18 06:16:32,1889.7454545454545,973.7309090909091,1470.8363636363638,15.651064068078995,100.0,959.1747022967211,10.0,8.328939437866211,,,,,4.0,6.0,8.0
2025-08-18 06:16:35,1889.7454545454545,973.7309090909091,1468.9745454545455,15.640766431228258,100.0,959.1858308574288,10.0,8.329314231872559,,,,,5.0,6.0,8.0
2025-08-18 06:16:38,1889.7454545454545,971.869090909091,1467.1127272727272,15.563534191955114,100.0,959.1745890284295,10.0,8.337470054626465,,,,,5.0,6.0,8.0
2025-08-18 06:16:41,1889.7454545454545,975.5927272727274,1470.8363636363638,15.604724711418385,100.0,959.2383015681983,10.0,8.325089454650879,,,,,5.0,7.0,8.0
2025-08-18 06:16:44,1887.8836363636362,970.0072727272727,1467.1127272727272,15.62531997813494,100.0,959.1619405517247,10.0,8.33055591583252,,,,,6.0,7.0,9.0
2025-08-18 06:16:47,1889.7454545454545,973.7309090909091,1468.9745454545455,15.62531997813494,100.0,959.1078316774053,10.0,8.32950496673584,,,,,5.0,7.0,9.0
2025-08-18 06:22:57,1893.4690909090912,973.7309090909091,1472.698181818182,15.553236564999679,100.0,959.1586611766772,10.0,8.352023124694824,,,,,6.0,8.0,9.0
2025-08-18 06:23:00,1893.4690909090912,971.869090909091,1470.8363636363638,15.54808775195852,100.0,959.177748450775,10.0,8.357966423034668,,,,,6.0,8.0,9.0
2025-08-18 06:23:03,1893.4690909090912,973.7309090909091,1472.698181818182,15.568683005869389,100.0,959.1555009562927,10.0,8.351484298706055,,,,,7.0,8.0,8.0
2025-08-18 06:23:06,1891.6072727272729,971.869090909091,1470.8363636363638,15.568683005869389,100.0,959.2366571320649,10.0,8.34760570526123,,,,,6.0,8.0,8.0
2025-08-18 06:23:09,1893.4690909090912,975.5927272727274,1474.56,15.568683005869389,100.0,959.1825529967915,10.0,8.345915794372559,,,,,7.0,9.0,9.0
2025-08-18 06:23:12,1893.4690909090912,973.7309090909091,1472.698181818182,15.563534191955114,100.0,959.1745890284295,10.0,8.351741790771484,,,,,7.0,10.0,10.0
2025-08-18 06:23:15,1891.6072727272729,975.5927272727274,1472.698181818182,15.584129449358443,100.0,959.2064450717954,10.0,8.335569381713867,,,,,7.0,9.0,9.0
2025-08-18 06:23:18,1893.4690909090912,971.869090909091,1468.9745454545455,15.553236564999679,100.0,959.1586611766772,10.0,8.357709884643555,,,,,6.0,9.0,9.0
2025-08-18 06:23:21,1891.6072727272729,973.7309090909091,1472.698181818182,15.558385378331877,100.0,959.1666250883907,10.0,8.341946601867676,,,,,6.0,8.0,8.0
2025-08-18 06:23:24,1891.6072727272729,971.869090909091,1470.8363636363638,15.522343691118294,100.0,959.219078534332,10.0,8.349075317382812,,,,,6.0,8.0,8.0
2025-08-18 06:23:27,1893.4690909090912,973.7309090909091,1472.698181818182,15.517194879823364,100.0,959.2111139198626,10.0,8.353456497192383,,,,,6.0,8.0,8.0
2025-08-18 06:23:30,1893.4690909090912,977.4545454545455,1472.698181818182,15.50689725810662,100.0,959.2492836493498,10.0,8.342592239379883,,,,,6.0,9.0,9.0
2025-08-18 06:23:33,1893.4690909090912,975.5927272727274,1472.698181818182,15.50689725810662,100.0,959.2222342036098,10.0,8.348166465759277,,,,,5.0,8.0,8.0
2025-08-18 06:23:36,1891.6072727272729,971.869090909091,1470.8363636363638,15.53264131458127,100.0,959.2079573123661,10.0,8.34868049621582,,,,,5.0,7.0,7.0
2025-08-18 06:23:39,1893.4690909090912,973.7309090909091,1472.698181818182,15.568683005869389,100.0,959.2096050553823,10.0,8.351724624633789,,,,,5.0,7.0,7.0
2025-08-18 06:23:42,1891.6072727272729,971.869090909091,1472.698181818182,15.558385378331877,100.0,959.1936766964268,10.0,8.347759246826172,,,,,5.0,7.0,7.0
2025-08-18 06:23:45,1891.6072727272729,973.7309090909091,1474.56,15.553236564999679,100.0,959.1316098120087,10.0,8.341958999633789,,,,,5.0,6.0,6.0
2025-08-18 06:23:48,1893.4690909090912,973.7309090909091,1474.56,15.584129449358443,100.0,959.2064450717954,10.0,8.3511962890625,,,,,5.0,6.0,6.0
2025-08-18 06:23:51,1893.4690909090912,973.7309090909091,1470.8363636363638,15.578980634571053,100.0,959.117323599588,10.0,8.350966453552246,,,,,4.0,6.0,6.0
2025-08-18 06:23:54,1893.4690909090912,973.7309090909091,1474.56,15.527492502704263,100.0,959.1729425739234,10.0,8.352940559387207,,,,,4.0,6.0,6.0
2025-08-18 06:23:57,1893.4690909090912,971.869090909091,1472.698181818182,15.517194879823364,100.0,959.2111139198626,10.0,8.359156608581543,,,,,4.0,5.0,5.0
2025-08-18 06:24:00,1893.4690909090912,973.7309090909091,1472.698181818182,15.527492502704263,100.0,959.2811438527222,10.0,8.353433609008789,,,,,4.0,5.0,5.0
2025-08-18 06:24:03,1893.4690909090912,973.7309090909091,1470.8363636363638,15.53264131458127,100.0,959.1809067945268,10.0,8.352805137634277,,,,,4.0,5.0,5.0
2025-08-18 06:24:06,1895.330909090909,977.4545454545455,1476.4218181818183,15.53264131458127,100.0,959.1809067945268,10.0,8.351358413696289,,,,,5.0,6.0,6.0
2025-08-18 06:24:09,1891.6072727272729,975.5927272727274,1474.56,15.53264131458127,100.0,959.2350078482955,10.0,8.337422370910645,,,,,6.0,8.0,8.0
2025-08-18 06:24:12,1893.4690909090912,975.5927272727274,1472.698181818182,15.501748447684804,100.0,959.2142694489074,10.0,8.34830379486084,,,,,6.0,8.0,8.0
2025-08-18 06:24:15,1891.6072727272729,973.7309090909091,1472.698181818182,15.496599637554027,100.0,959.1792557454476,10.0,8.344067573547363,,,,,5.0,7.0,7.0
2025-08-18 06:24:18,1893.4690909090912,973.7309090909091,1472.698181818182,15.527492502704263,100.0,959.1458922994477,10.0,8.35281753540039,,,,,6.0,9.0,9.0
2025-08-18 06:24:21,1893.4690909090912,975.5927272727274,1472.698181818182,15.445111552253366,100.0,959.2077993006089,10.0,8.350172996520996,,,,,5.0,8.0,8.0
2025-08-18 06:24:24,1893.4690909090912,975.5927272727274,1472.698181818182,15.409069909859682,100.0,959.2061347235042,10.0,8.351372718811035,,,,,6.0,9.0,9.0
2025-08-18 06:24:27,1893.4690909090912,977.4545454545455,1474.56,15.367879478872055,100.0,959.1964997088628,10.0,8.347012519836426,,,,,6.0,9.0,10.0
2025-08-18 06:24:30,1893.4690909090912,975.5927272727274,1472.698181818182,15.409069909859682,100.0,959.1520442655831,10.0,8.351123809814453,,,,,7.0,10.0,11.0
2025-08-18 06:24:33,1891.6072727272729,973.7309090909091,1474.56,15.383325888309628,100.0,959.1933524273252,10.0,8.347928047180176,,,,,8.0,9.0,10.0
2025-08-18 06:24:36,1895.330909090909,973.7309090909091,1472.698181818182,15.388474692037562,100.0,959.1742735259428,10.0,8.367542266845703,,,,,7.0,9.0,11.0
2025-08-18 06:24:39,1893.4690909090912,971.869090909091,1470.8363636363638,15.357581874035532,100.0,959.1805686066914,10.0,8.364363670349121,,,,,7.0,9.0,10.0
2025-08-18 06:24:42,1895.330909090909,973.7309090909091,1472.698181818182,15.347284270363161,100.0,959.1375950471203,10.0,8.368759155273438,,,,,7.0,9.0,10.0
2025-08-18 06:24:45,1893.4690909090912,975.5927272727274,1474.56,15.373028281726874,100.0,959.2044653025638,10.0,8.352577209472656,,,,,9.0,10.0,11.0
2025-08-18 06:24:48,1893.4690909090912,971.869090909091,1472.698181818182,15.367879478872055,100.0,959.2235431990256,10.0,8.364212036132812,,,,,8.0,10.0,11.0
2025-08-18 06:24:51,1895.330909090909,975.5927272727274,1476.4218181818183,15.331837867037393,100.0,959.0866575760368,10.0,8.36335277557373,,,,,7.0,10.0,11.0
2025-08-18 06:24:54,1893.4690909090912,971.869090909091,1470.8363636363638,15.378177084872732,100.0,959.1853870020719,10.0,8.363696098327637,,,,,7.0,11.0,11.0
2025-08-18 06:25:00,1893.4690909090912,971.869090909091,1472.698181818182,15.27520107725286,100.0,959.1612817331261,10.0,8.367035865783691,,,,,6.0,11.0,11.0
2025-08-18 06:25:03,1895.330909090909,975.5927272727274,1476.4218181818183,15.249457093537785,100.0,959.1484906265235,10.0,8.3663911819458,,,,,6.0,10.0,10.0
2025-08-18 06:25:06,1893.4690909090912,977.4545454545455,1476.4218181818183,15.239159502089024,100.0,959.1595965291745,10.0,8.351163864135742,,,,,6.0,10.0,10.0
2025-08-18 06:25:09,1895.330909090909,973.7309090909091,1474.56,15.2340107068012,100.0,959.1516303233268,10.0,8.372617721557617,,,,,5.0,9.0,9.0
2025-08-18 06:25:12,1889.7454545454545,973.7309090909091,1472.698181818182,15.2597546861507,100.0,959.1373839548015,10.0,8.34188175201416,,,,,6.0,9.0,9.0
2025-08-18 06:25:15,1893.4690909090912,973.7309090909091,1472.698181818182,15.2340107068012,100.0,959.2057058255485,10.0,8.362922668457031,,,,,6.0,9.0,9.0
2025-08-18 06:25:18,1893.4690909090912,973.7309090909091,1470.8363636363638,15.27520107725286,100.0,959.2153607670084,10.0,8.361595153808594,,,,,6.0,9.0,9.0
2025-08-18 06:25:21,1893.4690909090912,973.7309090909091,1472.698181818182,15.295796269463608,100.0,959.1661054450082,10.0,8.360677719116211,,,,,5.0,7.0,7.0
2025-08-18 06:25:24,1893.4690909090912,971.869090909091,1472.698181818182,15.378177084872732,100.0,959.1853870020719,10.0,8.363696098327637,,,,,6.0,8.0,8.0
2025-08-18 06:25:27,1893.4690909090912,970.0072727272727,1472.698181818182,15.373028281726874,100.0,959.1774216052231,10.0,8.369526863098145,,,,,6.0,8.0,8.0
2025-08-18 06:25:30,1891.6072727272729,964.4218181818183,1470.8363636363638,15.409069909859682,100.0,959.2331799795888,10.0,8.37519645690918,,,,,6.0,8.0,8.0
2025-08-18 06:25:33,1891.6072727272729,964.4218181818183,1472.698181818182,15.409069909859682,100.0,959.2061347235042,10.0,8.37517261505127,,,,,7.0,9.0,9.0
2025-08-18 06:25:36,1889.7454545454545,958.8363636363637,1470.8363636363638,15.445111552253366,100.0,959.2077993006089,10.0,8.38019847869873,,,,,7.0,9.0,9.0
2025-08-18 06:25:39,1889.7454545454545,960.6981818181819,1472.698181818182,15.43996274532401,100.0,959.1727876570435,10.0,8.374817848205566,,,,,6.0,8.0,8.0
2025-08-18 06:25:42,1886.0218181818184,958.8363636363637,1472.698181818182,15.43996274532401,100.0,959.1998342104614,10.0,8.359770774841309,,,,,7.0,9.0,9.0
2025-08-18 06:25:45,1887.8836363636362,956.9745454545455,1470.8363636363638,15.429665132338414,100.0,959.1568580124134,10.0,8.375889778137207,,,,,7.0,9.0,9.0
2025-08-18 06:25:48,1886.0218181818184,958.8363636363637,1470.8363636363638,15.419367520516971,100.0,959.1950198041148,10.0,8.360472679138184,,,,,7.0,9.0,9.0
2025-08-18 06:25:51,1884.16,956.9745454545455,1470.8363636363638,15.429665132338414,100.0,959.1839041153017,10.0,8.355330467224121,,,,,7.0,9.0,9.0
2025-08-18 06:25:54,1882.2981818181818,956.9745454545455,1470.8363636363638,15.45026035947376,100.0,959.1346234615389,10.0,8.34427547454834,,,,,5.0,7.0,7.0
2025-08-18 06:25:57,1880.4363636363637,955.1127272727273,1472.698181818182,15.486302018165588,100.0,959.2174238995707,10.0,8.33834171295166,,,,,7.0,11.0,11.0
2025-08-18 06:26:00,1878.5745454545456,953.2509090909092,1468.9745454545455,15.476004399941303,100.0,959.1744461007042,10.0,8.333873748779297,,,,,7.0,13.0,13.0
2025-08-18 06:26:03,1882.2981818181818,955.1127272727273,1470.8363636363638,15.45026035947376,100.0,959.1887174151826,10.0,8.34984302520752,,,,,7.0,13.0,15.0
2025-08-18 06:26:06,1878.5745454545456,953.2509090909092,1470.8363636363638,15.496599637554027,100.0,959.2604027310367,10.0,8.333260536193848,,,,,7.0,15.0,16.0
2025-08-18 06:26:09,1876.7127272727273,951.3890909090909,1468.9745454545455,15.53264131458127,100.0,959.2620584023149,10.0,8.327249526977539,,,,,8.0,14.0,15.0
2025-08-18 06:26:12,1878.5745454545456,953.2509090909092,1468.9745454545455,15.496599637554027,100.0,959.2333537177525,10.0,8.333233833312988,,,,,6.0,12.0,13.0
2025-08-18 06:26:15,1876.7127272727273,955.1127272727273,1468.9745454545455,15.481153208907926,100.0,959.2094590330155,10.0,8.317922592163086,,,,,7.0,13.0,14.0
2025-08-18 06:26:18,1874.8509090909092,955.1127272727273,1467.1127272727272,15.470855591265718,100.0,959.247625176942,10.0,8.308019638061523,,,,,7.0,12.0,13.0
2025-08-18 06:26:21,1874.8509090909092,958.8363636363637,1468.9745454545455,15.45026035947376,100.0,959.242811441167,10.0,8.297691345214844,,,,,7.0,12.0,13.0
2025-08-18 06:26:24,1876.7127272727273,960.6981818181819,1468.9745454545455,15.43996274532401,100.0,959.2268807819637,10.0,8.30280590057373,,,,,7.0,12.0,12.0
2025-08-18 06:26:27,1876.7127272727273,956.9745454545455,1468.9745454545455,15.419367520516971,100.0,959.249111199254,10.0,8.31457805633545,,,,,7.0,11.0,11.0
2025-08-18 06:26:30,1874.8509090909092,958.8363636363637,1465.2509090909093,15.393623496056534,100.0,959.1822387827385,10.0,8.29957103729248,,,,,7.0,10.0,11.0
2025-08-18 06:26:33,1876.7127272727273,958.8363636363637,1467.1127272727272,15.424516326282173,100.0,959.1488932326697,10.0,8.308765411376953,,,,,7.0,10.0,10.0
2025-08-18 06:26:36,1876.7127272727273,958.8363636363637,1465.2509090909093,15.398772300366545,100.0,959.1631592804541,10.0,8.309661865234375,,,,,7.0,10.0,10.0
2025-08-18 06:26:39,1874.8509090909092,960.6981818181819,1465.2509090909093,15.414218715042807,100.0,959.1600091854327,10.0,8.293315887451172,,,,,6.0,9.0,9.0
2025-08-18 06:26:42,1876.7127272727273,960.6981818181819,1468.9745454545455,15.455409166985191,100.0,959.2237295660293,10.0,8.30226993560791,,,,,7.0,9.0,10.0
2025-08-18 06:26:45,1876.7127272727273,960.6981818181819,1465.2509090909093,15.43996274532401,100.0,959.1998342104614,10.0,8.302777290344238,,,,,7.0,9.0,9.0
2025-08-18 06:26:48,1876.7127272727273,958.8363636363637,1467.1127272727272,15.45026035947376,100.0,959.2157644191321,10.0,8.307960510253906,,,,,7.0,9.0,9.0
2025-08-18 06:26:51,1876.7127272727273,958.8363636363637,1467.1127272727272,15.409069909859682,100.0,959.2061347235042,10.0,8.30936336517334,,,,,8.0,9.0,9.0
2025-08-18 06:26:54,1874.8509090909092,960.6981818181819,1467.1127272727272,15.393623496056534,100.0,959.236327961419,10.0,8.294109344482422,,,,,8.0,9.0,9.0
2025-08-18 06:26:57,1872.989090909091,958.8363636363637,1465.2509090909093,15.373028281726874,100.0,959.1774216052231,10.0,8.289974212646484,,,,,7.0,9.0,9.0
2025-08-18 06:27:00,1876.7127272727273,960.6981818181819,1467.1127272727272,15.398772300366545,100.0,959.2442936971354,10.0,8.304242134094238,,,,,7.0,9.0,9.0
2025-08-18 06:27:03,1874.8509090909092,958.8363636363637,1467.1127272727272,15.414218715042807,100.0,959.1600091854327,10.0,8.298835754394531,,,,,7.0,8.0,10.0
2025-08-18 06:27:06,1874.8509090909092,956.9745454545455,1467.1127272727272,15.45026035947376,100.0,959.2157644191321,10.0,8.303183555603027,,,,,6.0,9.0,10.0
2025-08-18 06:27:09,1872.989090909091,956.9745454545455,1467.1127272727272,15.455409166985191,100.0,959.2237295660293,10.0,8.292716026306152,,,,,6.0,9.0,10.0
2025-08-18 06:27:12,1874.8509090909092,956.9745454545455,1467.1127272727272,15.46570678288117,100.0,959.2667076427741,10.0,8.30270767211914,,,,,6.0,9.0,10.0
2025-08-18 06:27:15,1871.1272727272728,955.1127272727273,1463.389090909091,15.486302018165588,100.0,959.2715210431427,10.0,8.28692626953125,,,,,5.0,9.0,10.0
2025-08-18 06:27:18,1874.8509090909092,958.8363636363637,1468.9745454545455,15.486302018165588,100.0,959.2444724623132,10.0,8.296459197998047,,,,,5.0,8.0,10.0
2025-08-18 06:27:21,1874.8509090909092,958.8363636363637,1465.2509090909093,15.496599637554027,100.0,959.2333537177525,10.0,8.296097755432129,,,,,5.0,9.0,11.0
2025-08-18 06:27:24,1872.989090909091,960.6981818181819,1468.9745454545455,15.470855591265718,100.0,959.1935293849876,10.0,8.281121253967285,,,,,5.0,8.0,11.0
2025-08-18 06:27:27,1871.1272727272728,955.1127272727273,1465.2509090909093,15.512046068819473,100.0,959.1490500821556,10.0,8.285911560058594,,,,,6.0,9.0,10.0
2025-08-18 06:27:30,1874.8509090909092,956.9745454545455,1463.389090909091,15.522343691118294,100.0,959.219078534332,10.0,8.30070686340332,,,,,5.0,9.0,12.0
2025-08-18 06:27:33,1874.8509090909092,956.9745454545455,1465.2509090909093,15.53264131458127,100.0,959.2079573123661,10.0,8.300336837768555,,,,,6.0,9.0,12.0
2025-08-18 06:27:36,1871.1272727272728,958.8363636363637,1463.389090909091,15.527492502704263,100.0,959.2270431771435,10.0,8.274430274963379,,,,,6.0,9.0,12.0
2025-08-18 06:27:39,1874.8509090909092,960.6981818181819,1467.1127272727272,15.517194879823364,100.0,959.2922636087201,10.0,8.289931297302246,,,,,6.0,9.0,12.0
2025-08-18 06:27:42,1872.989090909091,958.8363636363637,1467.1127272727272,15.542938939208398,100.0,959.2509372756112,10.0,8.284223556518555,,,,,5.0,8.0,11.0
2025-08-18 06:27:45,1874.8509090909092,958.8363636363637,1465.2509090909093,15.537790126749314,100.0,959.188871043467,10.0,8.294629096984863,,,,,4.0,7.0,9.0
2025-08-18 06:27:48,1871.1272727272728,958.8363636363637,1463.389090909091,15.53264131458127,100.0,959.2350078482955,10.0,8.27426528930664,,,,,5.0,8.0,9.0
2025-08-18 06:27:51,1872.989090909091,958.8363636363637,1467.1127272727272,15.512046068819473,100.0,959.1760996989021,10.0,8.285198211669922,,,,,6.0,9.0,10.0
2025-08-18 06:27:54,1872.989090909091,958.8363636363637,1463.389090909091,15.501748447684804,100.0,959.1872202465275,10.0,8.285572052001953,,,,,6.0,7.0,9.0
2025-08-18 06:27:57,1872.989090909091,962.5600000000001,1465.2509090909093,15.53264131458127,100.0,959.2350078482955,10.0,8.27352237701416,,,,,6.0,8.0,8.0
2025-08-18 06:28:00,1872.989090909091,962.5600000000001,1467.1127272727272,15.512046068819473,100.0,959.2572486576736,10.0,8.274260520935059,,,,,6.0,7.0,7.0
2025-08-18 06:28:03,1874.8509090909092,962.5600000000001,1467.1127272727272,15.542938939208398,100.0,959.169784370443,10.0,8.283397674560547,,,,,6.0,7.0,7.0
2025-08-18 06:28:06,1874.8509090909092,960.6981818181819,1463.389090909091,15.563534191955114,100.0,959.120485416078,10.0,8.288155555725098,,,,,6.0,7.0,7.0
2025-08-18 06:28:09,1874.8509090909092,962.5600000000001,1465.2509090909093,15.542938939208398,100.0,959.2509372756112,10.0,8.283485412597656,,,,,7.0,8.0,8.0
2025-08-18 06:28:12,1872.989090909091,960.6981818181819,1463.389090909091,15.50689725810662,100.0,959.1951847759583,10.0,8.279887199401855,,,,,7.0,10.0,10.0
2025-08-18 06:28:15,1876.7127272727273,966.2836363636363,1465.2509090909093,15.460557974787662,100.0,959.1505524321038,10.0,8.285465240478516,,,,,8.0,10.0,10.0
2025-08-18 06:28:18,1874.8509090909092,966.2836363636363,1465.2509090909093,15.481153208907926,100.0,959.263555726047,10.0,8.274587631225586,,,,,7.0,9.0,9.0
2025-08-18 06:28:21,1876.7127272727273,964.4218181818183,1465.2509090909093,15.481153208907926,100.0,959.1824107136301,10.0,8.290314674377441,,,,,7.0,9.0,9.0
2025-08-18 06:28:24,1874.8509090909092,962.5600000000001,1465.2509090909093,15.43996274532401,100.0,959.1998342104614,10.0,8.286965370178223,,,,,7.0,9.0,9.0
2025-08-18 06:28:27,1878.5745454545456,966.2836363636363,1465.2509090909093,15.393623496056534,100.0,959.236327961419,10.0,8.298149108886719,,,,,6.0,9.0,9.0
2025-08-18 06:28:30,1878.5745454545456,966.2836363636363,1463.389090909091,15.347284270363161,100.0,959.164637618174,10.0,8.299664497375488,,,,,6.0,9.0,9.0
2025-08-18 06:28:33,1878.5745454545456,968.1454545454546,1465.2509090909093,15.388474692037562,100.0,959.2283622541015,10.0,8.292800903320312,,,,,7.0,10.0,10.0
2025-08-18 06:28:36,1878.5745454545456,968.1454545454546,1467.1127272727272,15.357581874035532,100.0,959.207611646338,10.0,8.293842315673828,,,,,6.0,9.0,9.0
2025-08-18 06:28:39,1878.5745454545456,968.1454545454546,1465.2509090909093,15.378177084872732,100.0,959.2124309246719,10.0,8.293135643005371,,,,,6.0,9.0,9.0
2025-08-18 06:28:42,1880.4363636363637,968.1454545454546,1467.1127272727272,15.393623496056534,100.0,959.1822387827385,10.0,8.302871704101562,,,,,4.0,7.0,7.0
2025-08-18 06:28:45,1880.4363636363637,964.4218181818183,1463.389090909091,15.419367520516971,100.0,959.1950198041148,10.0,8.313033103942871,,,,,6.0,8.0,8.0
2025-08-18 06:28:48,1880.4363636363637,966.2836363636363,1467.1127272727272,15.434813938685693,100.0,959.2189154949285,10.0,8.307011604309082,,,,,5.0,7.0,7.0
2025-08-18 06:28:51,1880.4363636363637,964.4218181818183,1465.2509090909093,15.45026035947376,100.0,959.242811441167,10.0,8.312030792236328,,,,,5.0,7.0,7.0
2025-08-18 06:28:54,1880.4363636363637,970.0072727272727,1467.1127272727272,15.470855591265718,100.0,959.2205772719217,10.0,8.294747352600098,,,,,5.0,8.0,8.0
2025-08-18 06:28:57,1882.2981818181818,968.1454545454546,1467.1127272727272,15.486302018165588,100.0,959.2715210431427,10.0,8.310086250305176,,,,,4.0,6.0,6.0
2025-08-18 06:30:03,1884.16,968.1454545454546,1467.1127272727272,15.512046068819473,100.0,959.2301989866611,10.0,8.319445610046387,,,,,5.0,7.0,7.0
2025-08-18 06:30:06,1884.16,966.2836363636363,1465.2509090909093,15.54808775195852,100.0,959.2589020317707,10.0,8.323759078979492,,,,,5.0,7.0,7.0
2025-08-18 06:30:09,1886.0218181818184,968.1454545454546,1468.9745454545455,15.553236564999679,100.0,959.320969744601,10.0,8.328432083129883,,,,,5.0,7.0,7.0
2025-08-18 06:30:12,1886.0218181818184,968.1454545454546,1467.1127272727272,15.542938939208398,100.0,959.2509372756112,10.0,8.328704833984375,,,,,5.0,7.0,7.0
2025-08-18 06:30:15,1886.0218181818184,970.0072727272727,1468.9745454545455,15.53264131458127,100.0,959.2891089744239,10.0,8.323585510253906,,,,,5.0,7.0,7.0
2025-08-18 06:30:18,1886.0218181818184,968.1454545454546,1465.2509090909093,15.542938939208398,100.0,959.2509372756112,10.0,8.328704833984375,,,,,5.0,7.0,9.0
2025-08-18 06:30:21,1884.16,968.1454545454546,1467.1127272727272,15.537790126749314,100.0,959.2700233270798,10.0,8.318608283996582,,,,,5.0,7.0,8.0
2025-08-18 06:30:24,1884.16,968.1454545454546,1467.1127272727272,15.522343691118294,100.0,959.2731787593619,10.0,8.319148063659668,,,,,5.0,7.0,8.0
2025-08-18 06:30:27,1887.8836363636362,970.0072727272727,1467.1127272727272,15.517194879823364,100.0,959.2381637980594,10.0,8.33435344696045,,,,,6.0,7.0,9.0
2025-08-18 06:30:30,1884.16,970.0072727272727,1467.1127272727272,15.542938939208398,100.0,959.2509372756112,10.0,8.31289291381836,,,,,6.0,7.0,8.0
2025-08-18 06:30:33,1886.0218181818184,968.1454545454546,1467.1127272727272,15.537790126749314,100.0,959.215921786581,10.0,8.32884693145752,,,,,6.0,8.0,9.0
2025-08-18 06:30:36,1886.0218181818184,970.0072727272727,1467.1127272727272,15.522343691118294,100.0,959.2731787593619,10.0,8.323925018310547,,,,,6.0,8.0,10.0
2025-08-18 06:30:39,1886.0218181818184,966.2836363636363,1465.2509090909093,15.53264131458127,100.0,959.2350078482955,10.0,8.334562301635742,,,,,6.0,8.0,10.0
2025-08-18 06:30:42,1886.0218181818184,970.0072727272727,1465.2509090909093,15.50689725810662,100.0,959.2492836493498,10.0,8.324430465698242,,,,,6.0,8.0,10.0
2025-08-18 06:30:45,1887.8836363636362,968.1454545454546,1463.389090909091,15.568683005869389,100.0,959.2637092268394,10.0,8.338130950927734,,,,,6.0,9.0,9.0
2025-08-18 06:30:48,1882.2981818181818,973.7309090909091,1472.698181818182,15.537790126749314,100.0,959.215921786581,10.0,8.291707992553711,,,,,7.0,10.0,10.0
2025-08-18 06:30:51,1887.8836363636362,970.0072727272727,1467.1127272727272,15.54808775195852,100.0,959.2589020317707,10.0,8.333316802978516,,,,,7.0,10.0,10.0
2025-08-18 06:30:54,1887.8836363636362,970.0072727272727,1465.2509090909093,15.558385378331877,100.0,959.2748316290832,10.0,8.332984924316406,,,,,7.0,10.0,10.0
2025-08-18 06:30:57,1886.0218181818184,966.2836363636363,1465.2509090909093,15.558385378331877,100.0,959.2207283225542,10.0,8.33366584777832,,,,,7.0,10.0,10.0
2025-08-18 06:31:00,1886.0218181818184,970.0072727272727,1468.9745454545455,15.542938939208398,100.0,959.2238862891313,10.0,8.32315731048584,,,,,7.0,9.0,9.0
2025-08-18 06:32:09,1886.0218181818184,968.1454545454546,1467.1127272727272,15.537790126749314,100.0,959.161820318443,10.0,8.328787803649902,,,,,5.0,6.0,8.0
2025-08-18 06:32:12,1886.0218181818184,968.1454545454546,1465.2509090909093,15.54808775195852,100.0,959.2318508200146,10.0,8.328510284423828,,,,,5.0,7.0,7.0
2025-08-18 06:32:15,1887.8836363636362,970.0072727272727,1468.9745454545455,15.573831820074702,100.0,959.2175692773432,10.0,8.33238410949707,,,,,6.0,8.0,8.0
2025-08-18 06:32:18,1886.0218181818184,968.1454545454546,1465.2509090909093,15.563534191955114,100.0,959.2016408617426,10.0,8.327951431274414,,,,,5.0,7.0,7.0
2025-08-18 06:32:21,1887.8836363636362,970.0072727272727,1468.9745454545455,15.553236564999679,100.0,959.320969744601,10.0,8.33321475982666,,,,,5.0,6.0,6.0
2025-08-18 06:32:24,1886.0218181818184,970.0072727272727,1468.9745454545455,15.522343691118294,100.0,959.219078534332,10.0,8.323863983154297,,,,,6.0,8.0,8.0
2025-08-18 06:32:27,1886.0218181818184,968.1454545454546,1465.2509090909093,15.517194879823364,100.0,959.2111139198626,10.0,8.329544067382812,,,,,6.0,7.0,7.0
2025-08-18 06:32:30,1887.8836363636362,968.1454545454546,1465.2509090909093,15.53264131458127,100.0,959.2079573123661,10.0,8.339313507080078,,,,,6.0,7.0,7.0
2025-08-18 06:32:33,1889.7454545454545,971.869090909091,1467.1127272727272,15.542938939208398,100.0,959.1968353207421,10.0,8.338207244873047,,,,,6.0,7.0,7.0
2025-08-18 06:32:36,1887.8836363636362,971.869090909091,1468.9745454545455,15.522343691118294,100.0,959.219078534332,10.0,8.32863712310791,,,,,7.0,8.0,8.0
2025-08-18 06:32:39,1887.8836363636362,970.0072727272727,1467.1127272727272,15.537790126749314,100.0,959.2429725477855,10.0,8.333653450012207,,,,,6.0,7.0,7.0
2025-08-18 06:32:42,1887.8836363636362,971.869090909091,1468.9745454545455,15.542938939208398,100.0,959.2509372756112,10.0,8.327972412109375,,,,,6.0,7.0,7.0
2025-08-18 06:32:45,1887.8836363636362,971.869090909091,1468.9745454545455,15.53264131458127,100.0,959.2350078482955,10.0,8.328303337097168,,,,,6.0,7.0,7.0
2025-08-18 06:32:48,1889.7454545454545,970.0072727272727,1468.9745454545455,15.54808775195852,100.0,959.2318508200146,10.0,8.343579292297363,,,,,6.0,7.0,7.0
2025-08-18 06:32:51,1889.7454545454545,968.1454545454546,1467.1127272727272,15.542938939208398,100.0,959.2238862891313,10.0,8.349264144897461,,,,,7.0,8.0,8.0
2025-08-18 06:32:54,1887.8836363636362,971.869090909091,1468.9745454545455,15.542938939208398,100.0,959.1968353207421,10.0,8.327913284301758,,,,,7.0,8.0,10.0
2025-08-18 06:32:57,1886.0218181818184,968.1454545454546,1467.1127272727272,15.537790126749314,100.0,959.2429725477855,10.0,8.328873634338379,,,,,7.0,8.0,9.0
2025-08-18 06:33:00,1887.8836363636362,971.869090909091,1468.9745454545455,15.501748447684804,100.0,959.2142694489074,10.0,8.329343795776367,,,,,7.0,8.0,9.0
2025-08-18 06:33:03,1887.8836363636362,971.869090909091,1468.9745454545455,15.527492502704263,100.0,959.2270431771435,10.0,8.328473091125488,,,,,7.0,9.0,10.0
2025-08-18 06:33:06,1884.16,975.5927272727274,1472.698181818182,15.486302018165588,100.0,959.2715210431427,10.0,8.298314094543457,,,,,7.0,8.0,10.0
2025-08-18 06:35:09,1889.7454545454545,970.0072727272727,1470.8363636363638,15.398772300366545,100.0,959.2442936971354,10.0,8.348721504211426,,,,,5.0,7.0,7.0
2025-08-18 06:35:12,1889.7454545454545,971.869090909091,1468.9745454545455,15.383325888309628,100.0,959.2203965751849,10.0,8.343708038330078,,,,,6.0,7.0,7.0
2025-08-18 06:35:15,1887.8836363636362,973.7309090909091,1468.9745454545455,15.362730676308274,100.0,959.1885341435714,10.0,8.328571319580078,,,,,6.0,8.0,8.0
2025-08-18 06:35:18,1889.7454545454545,973.7309090909091,1468.9745454545455,15.383325888309628,100.0,959.2203965751849,10.0,8.338115692138672,,,,,5.0,6.0,6.0
2025-08-18 06:35:21,1887.8836363636362,970.0072727272727,1467.1127272727272,15.383325888309628,100.0,959.1933524273252,10.0,8.338905334472656,,,,,6.0,7.0,7.0
2025-08-18 06:35:24,1889.7454545454545,973.7309090909091,1470.8363636363638,15.367879478872055,100.0,959.2505867072688,10.0,8.338754653930664,,,,,5.0,6.0,6.0
2025-08-18 06:35:27,1887.8836363636362,970.0072727272727,1468.9745454545455,15.383325888309628,100.0,959.2203965751849,10.0,8.3389310836792,,,,,5.0,6.0,6.0
2025-08-18 06:35:30,1889.7454545454545,970.0072727272727,1468.9745454545455,15.398772300366545,100.0,959.217248873493,10.0,8.348691940307617,,,,,6.0,7.0,7.0
2025-08-18 06:35:33,1891.6072727272729,971.869090909091,1470.8363636363638,15.43996274532401,100.0,959.1998342104614,10.0,8.35175609588623,,,,,7.0,7.0,7.0
2025-08-18 06:35:36,1889.7454545454545,971.869090909091,1468.9745454545455,15.419367520516971,100.0,959.2220654926427,10.0,8.342476844787598,,,,,6.0,7.0,7.0
2025-08-18 06:35:39,1889.7454545454545,970.0072727272727,1468.9745454545455,15.403921104967594,100.0,959.2252144123436,10.0,8.348527908325195,,,,,7.0,8.0,8.0
2025-08-18 06:35:42,1889.7454545454545,970.0072727272727,1470.8363636363638,15.409069909859682,100.0,959.2061347235042,10.0,8.348329544067383,,,,,7.0,8.0,8.0
2025-08-18 06:35:45,1889.7454545454545,971.869090909091,1470.8363636363638,15.429665132338414,100.0,959.2379963753301,10.0,8.342142105102539,,,,,7.0,8.0,8.0
2025-08-18 06:35:48,1887.8836363636362,973.7309090909091,1468.9745454545455,15.414218715042807,100.0,959.1870546306142,10.0,8.326803207397461,,,,,5.0,7.0,7.0
2025-08-18 06:35:51,1889.7454545454545,973.7309090909091,1470.8363636363638,15.429665132338414,100.0,959.2650425324703,10.0,8.336645126342773,,,,,6.0,9.0,9.0
2025-08-18 06:35:54,1889.7454545454545,973.7309090909091,1470.8363636363638,15.429665132338414,100.0,959.2109502362739,10.0,8.336518287658691,,,,,6.0,8.0,8.0
2025-08-18 06:35:57,1891.6072727272729,973.7309090909091,1468.9745454545455,15.460557974787662,100.0,959.2046472868142,10.0,8.345392227172852,,,,,6.0,8.0,8.0
2025-08-18 06:36:00,1891.6072727272729,971.869090909091,1468.9745454545455,15.455409166985191,100.0,959.196682336813,10.0,8.351224899291992,,,,,5.0,7.0,7.0
2025-08-18 06:36:03,1889.7454545454545,973.7309090909091,1468.9745454545455,15.455409166985191,100.0,959.2778240787187,10.0,8.33578109741211,,,,,6.0,8.0,9.0
2025-08-18 06:36:06,1891.6072727272729,971.869090909091,1467.1127272727272,15.445111552253366,100.0,959.2618929122302,10.0,8.351859092712402,,,,,5.0,7.0,8.0
2025-08-18 06:36:09,1891.6072727272729,973.7309090909091,1470.8363636363638,15.445111552253366,100.0,959.2077993006089,10.0,8.345928192138672,,,,,6.0,8.0,9.0
2025-08-18 06:36:12,1891.6072727272729,973.7309090909091,1470.8363636363638,15.43996274532401,100.0,959.1998342104614,10.0,8.346060752868652,,,,,5.0,7.0,7.0
2025-08-18 06:36:15,1891.6072727272729,971.869090909091,1468.9745454545455,15.429665132338414,100.0,959.2109502362739,10.0,8.352144241333008,,,,,6.0,7.0,8.0
2025-08-18 06:36:18,1891.6072727272729,970.0072727272727,1468.9745454545455,15.398772300366545,100.0,959.217248873493,10.0,8.358903884887695,,,,,6.0,7.0,8.0
2025-08-18 06:36:21,1889.7454545454545,971.869090909091,1470.8363636363638,15.388474692037562,100.0,959.2013178809814,10.0,8.343507766723633,,,,,6.0,7.0,7.0
2025-08-18 06:36:24,1889.7454545454545,970.0072727272727,1468.9745454545455,15.409069909859682,100.0,959.2331799795888,10.0,8.348355293273926,,,,,6.0,7.0,7.0
2025-08-18 06:36:27,1889.7454545454545,968.1454545454546,1467.1127272727272,15.398772300366545,100.0,959.2442936971354,10.0,8.354241371154785,,,,,6.0,7.0,8.0
2025-08-18 06:36:30,1889.7454545454545,970.0072727272727,1468.9745454545455,15.388474692037562,100.0,959.2283622541015,10.0,8.349056243896484,,,,,5.0,6.0,6.0
2025-08-18 06:36:33,1887.8836363636362,970.0072727272727,1468.9745454545455,15.383325888309628,100.0,959.1933524273252,10.0,8.338905334472656,,,,,5.0,7.0,7.0
2025-08-18 06:36:36,1889.7454545454545,970.0072727272727,1472.698181818182,15.383325888309628,100.0,959.1663082975468,10.0,8.349160194396973,,,,,6.0,8.0,8.0
2025-08-18 06:36:39,1889.7454545454545,968.1454545454546,1468.9745454545455,15.383325888309628,100.0,959.2203965751849,10.0,8.354741096496582,,,,,6.0,8.0,8.0
2025-08-18 06:36:42,1889.7454545454545,970.0072727272727,1470.8363636363638,15.383325888309628,100.0,959.2203965751849,10.0,8.349225044250488,,,,,6.0,8.0,8.0
2025-08-18 06:36:45,1889.7454545454545,968.1454545454546,1465.2509090909093,15.403921104967594,100.0,959.1711243687818,10.0,8.353984832763672,,,,,5.0,8.0,8.0
2025-08-18 06:36:48,1887.8836363636362,971.869090909091,1472.698181818182,15.419367520516971,100.0,959.2220654926427,10.0,8.332176208496094,,,,,6.0,9.0,10.0
2025-08-18 06:36:51,1889.7454545454545,970.0072727272727,1470.8363636363638,15.409069909859682,100.0,959.1520442655831,10.0,8.348264694213867,,,,,5.0,7.0,8.0
2025-08-18 06:36:54,1889.7454545454545,970.0072727272727,1470.8363636363638,15.419367520516971,100.0,959.1950198041148,10.0,8.34796142578125,,,,,6.0,8.0,9.0
2025-08-18 06:36:57,1889.7454545454545,968.1454545454546,1467.1127272727272,15.429665132338414,100.0,959.2379963753301,10.0,8.353172302246094,,,,,6.0,8.0,9.0
2025-08-18 06:37:00,1889.7454545454545,970.0072727272727,1468.9745454545455,15.43996274532401,100.0,959.2268807819637,10.0,8.3472900390625,,,,,5.0,7.0,8.0
2025-08-18 06:37:03,1889.7454545454545,968.1454545454546,1467.1127272727272,15.429665132338414,100.0,959.2650425324703,10.0,8.35319995880127,,,,,6.0,7.0,8.0
2025-08-18 06:37:06,1889.7454545454545,970.0072727272727,1468.9745454545455,15.434813938685693,100.0,959.2459618592496,10.0,8.34748363494873,,,,,6.0,7.0,8.0
2025-08-18 06:37:09,1889.7454545454545,971.869090909091,1470.8363636363638,15.434813938685693,100.0,959.1918691486915,10.0,8.341913223266602,,,,,5.0,6.0,8.0
2025-08-18 06:37:12,1889.7454545454545,971.869090909091,1470.8363636363638,15.43996274532401,100.0,959.2539273715505,10.0,8.341804504394531,,,,,6.0,7.0,7.0
2025-08-18 06:37:15,1889.7454545454545,968.1454545454546,1468.9745454545455,15.43996274532401,100.0,959.280973979222,10.0,8.352864265441895,,,,,6.0,7.0,7.0
2025-08-18 06:37:18,1891.6072727272729,971.869090909091,1470.8363636363638,15.43996274532401,100.0,959.2539273715505,10.0,8.3519926071167,,,,,5.0,6.0,6.0
2025-08-18 06:37:21,1887.8836363636362,970.0072727272727,1467.1127272727272,15.409069909859682,100.0,959.1790894855023,10.0,8.338001251220703,,,,,6.0,7.0,7.0
2025-08-18 06:37:24,1887.8836363636362,971.869090909091,1467.1127272727272,15.414218715042807,100.0,959.2141000938788,10.0,8.332347869873047,,,,,6.0,7.0,7.0
2025-08-18 06:37:27,1889.7454545454545,973.7309090909091,1468.9745454545455,15.378177084872732,100.0,959.2394748653529,10.0,8.338373184204102,,,,,6.0,8.0,8.0
2025-08-18 06:37:30,1889.7454545454545,973.7309090909091,1470.8363636363638,15.393623496056534,100.0,959.236327961419,10.0,8.337847709655762,,,,,6.0,7.0,7.0
2025-08-18 06:37:33,1891.6072727272729,971.869090909091,1468.9745454545455,15.414218715042807,100.0,959.1870546306142,10.0,8.35256290435791,,,,,6.0,7.0,7.0
2025-08-18 06:37:36,1889.7454545454545,970.0072727272727,1467.1127272727272,15.414218715042807,100.0,959.2141000938788,10.0,8.348153114318848,,,,,5.0,6.0,6.0
2025-08-18 06:37:39,1889.7454545454545,971.869090909091,1468.9745454545455,15.419367520516971,100.0,959.2220654926427,10.0,8.342476844787598,,,,,5.0,6.0,7.0
2025-08-18 06:37:42,1887.8836363636362,973.7309090909091,1470.8363636363638,15.383325888309628,100.0,959.2203965751849,10.0,8.327897071838379,,,,,5.0,6.0,7.0
2025-08-18 06:37:45,1891.6072727272729,975.5927272727274,1474.56,15.414218715042807,100.0,959.2141000938788,10.0,8.341291427612305,,,,,5.0,6.0,8.0
2025-08-18 06:37:48,1889.7454545454545,971.869090909091,1468.9745454545455,15.388474692037562,100.0,959.282451054587,10.0,8.343600273132324,,,,,5.0,6.0,9.0
2025-08-18 06:37:51,1891.6072727272729,971.869090909091,1470.8363636363638,15.414218715042807,100.0,959.2141000938788,10.0,8.352679252624512,,,,,5.0,6.0,9.0
2025-08-18 06:37:54,1889.7454545454545,970.0072727272727,1467.1127272727272,15.409069909859682,100.0,959.1790894855023,10.0,8.348299026489258,,,,,5.0,7.0,10.0
2025-08-18 06:37:57,1891.6072727272729,973.7309090909091,1470.8363636363638,15.409069909859682,100.0,959.2061347235042,10.0,8.347129821777344,,,,,5.0,6.0,9.0
2025-08-18 06:38:00,1889.7454545454545,970.0072727272727,1467.1127272727272,15.383325888309628,100.0,959.2203965751849,10.0,8.349225044250488,,,,,6.0,7.0,10.0
2025-08-18 06:38:03,1889.7454545454545,973.7309090909091,1468.9745454545455,15.347284270363161,100.0,959.2187228145193,10.0,8.339316368103027,,,,,6.0,8.0,11.0
2025-08-18 06:38:06,1891.6072727272729,971.869090909091,1468.9745454545455,15.352433072053827,100.0,959.2537315956321,10.0,8.354926109313965,,,,,7.0,8.0,10.0
2025-08-18 06:39:09,1891.6072727272729,971.869090909091,1468.9745454545455,15.362730676308274,100.0,959.2967073116699,10.0,8.354772567749023,,,,,6.0,8.0,8.0
2025-08-18 06:39:12,1891.6072727272729,973.7309090909091,1470.8363636363638,15.306093867315212,100.0,959.2361189172552,10.0,8.350708961486816,,,,,6.0,9.0,9.0
2025-08-18 06:39:15,1889.7454545454545,970.0072727272727,1468.9745454545455,15.306093867315212,100.0,959.2631597947417,10.0,8.351921081542969,,,,,6.0,8.0,8.0
2025-08-18 06:39:18,1891.6072727272729,973.7309090909091,1470.8363636363638,15.285498672776157,100.0,959.2312936624736,10.0,8.3513765335083,,,,,6.0,8.0,8.0
2025-08-18 06:39:21,1889.7454545454545,973.7309090909091,1470.8363636363638,15.295796269463608,100.0,959.1390650722556,10.0,8.340682983398438,,,,,6.0,8.0,9.0
2025-08-18 06:39:24,1891.6072727272729,971.869090909091,1467.1127272727272,15.321540266275406,100.0,959.2329766041289,10.0,8.35586929321289,,,,,5.0,7.0,7.0
2025-08-18 06:39:27,1891.6072727272729,973.7309090909091,1472.698181818182,15.342135468963534,100.0,959.2648417305223,10.0,8.34963321685791,,,,,6.0,7.0,8.0
2025-08-18 06:39:30,1891.6072727272729,970.0072727272727,1468.9745454545455,15.367879478872055,100.0,959.2235431990256,10.0,8.359963417053223,,,,,5.0,6.0,7.0
2025-08-18 06:39:33,1891.6072727272729,971.869090909091,1470.8363636363638,15.352433072053827,100.0,959.1996459126142,10.0,8.35468578338623,,,,,4.0,6.0,6.0
2025-08-18 06:39:36,1889.7454545454545,970.0072727272727,1470.8363636363638,15.352433072053827,100.0,959.2266887450834,10.0,8.350288391113281,,,,,5.0,6.0,7.0
2025-08-18 06:39:39,1891.6072727272729,973.7309090909091,1472.698181818182,15.347284270363161,100.0,959.2457654398108,10.0,8.349371910095215,,,,,5.0,7.0,7.0
2025-08-18 06:39:42,1891.6072727272729,973.7309090909091,1470.8363636363638,15.378177084872732,100.0,959.2935628009585,10.0,8.348552703857422,,,,,5.0,7.0,7.0
2025-08-18 06:39:45,1891.6072727272729,970.0072727272727,1470.8363636363638,15.388474692037562,100.0,959.282451054587,10.0,8.35941219329834,,,,,5.0,7.0,7.0
2025-08-18 06:39:48,1889.7454545454545,968.1454545454546,1468.9745454545455,15.373028281726874,100.0,959.2315090179856,10.0,8.355108261108398,,,,,6.0,8.0,8.0
2025-08-18 06:39:51,1889.7454545454545,970.0072727272727,1468.9745454545455,15.383325888309628,100.0,959.2203965751849,10.0,8.349225044250488,,,,,5.0,7.0,7.0
2025-08-18 06:39:54,1891.6072727272729,971.869090909091,1470.8363636363638,15.367879478872055,100.0,959.2235431990256,10.0,8.354276657104492,,,,,6.0,8.0,8.0
2025-08-18 06:39:57,1889.7454545454545,971.869090909091,1468.9745454545455,15.367879478872055,100.0,959.2235431990256,10.0,8.344240188598633,,,,,5.0,8.0,8.0
2025-08-18 06:40:00,1889.7454545454545,975.5927272727274,1470.8363636363638,15.336986667854944,100.0,959.2027910386487,10.0,8.333898544311523,,,,,6.0,9.0,9.0
2025-08-18 06:40:03,1891.6072727272729,971.869090909091,1470.8363636363638,15.398772300366545,100.0,959.2442936971354,10.0,8.353334426879883,,,,,6.0,9.0,9.0
2025-08-18 06:40:06,1887.8836363636362,970.0072727272727,1470.8363636363638,15.409069909859682,100.0,959.2602252537564,10.0,8.338088989257812,,,,,6.0,8.0,8.0
2025-08-18 06:43:09,1886.0218181818184,970.0072727272727,1470.8363636363638,15.2597546861507,100.0,959.191461637193,10.0,8.33283805847168,,,,,8.0,9.0,10.0
2025-08-18 06:43:12,1886.0218181818184,968.1454545454546,1468.9745454545455,15.285498672776157,100.0,959.1772137275915,10.0,8.337458610534668,,,,,8.0,9.0,10.0
2025-08-18 06:43:15,1887.8836363636362,968.1454545454546,1468.9745454545455,15.27520107725286,100.0,959.1883212410298,10.0,8.348119735717773,,,,,8.0,9.0,10.0
2025-08-18 06:43:18,1884.16,968.1454545454546,1468.9745454545455,15.270052279927768,100.0,959.2073943619503,10.0,8.327733039855957,,,,,7.0,9.0,10.0
2025-08-18 06:43:21,1887.8836363636362,968.1454545454546,1467.1127272727272,15.295796269463608,100.0,959.193145835837,10.0,8.347418785095215,,,,,7.0,9.0,10.0
2025-08-18 06:43:24,1887.8836363636362,968.1454545454546,1465.2509090909093,15.31639146633097,100.0,959.279093031511,10.0,8.34681224822998,,,,,7.0,9.0,10.0
2025-08-18 06:43:27,1884.16,970.0072727272727,1468.9745454545455,15.367879478872055,100.0,959.2505867072688,10.0,8.318901062011719,,,,,7.0,8.0,9.0
2025-08-18 06:43:30,1886.0218181818184,968.1454545454546,1468.9745454545455,15.352433072053827,100.0,959.1726030982248,10.0,8.335160255432129,,,,,6.0,7.0,8.0
2025-08-18 06:43:33,1887.8836363636362,966.2836363636363,1468.9745454545455,15.373028281726874,100.0,959.2315090179856,10.0,8.350334167480469,,,,,5.0,6.0,6.0
2025-08-18 06:43:36,1887.8836363636362,964.4218181818183,1465.2509090909093,15.383325888309628,100.0,959.2744849251486,10.0,8.355541229248047,,,,,6.0,8.0,9.0
2025-08-18 06:43:39,1886.0218181818184,966.2836363636363,1467.1127272727272,15.403921104967594,100.0,959.2522594612486,10.0,8.338996887207031,,,,,6.0,8.0,9.0
2025-08-18 06:43:42,1886.0218181818184,964.4218181818183,1465.2509090909093,15.414218715042807,100.0,959.2411455752264,10.0,8.34415054321289,,,,,6.0,8.0,9.0
2025-08-18 06:43:45,1887.8836363636362,968.1454545454546,1470.8363636363638,15.429665132338414,100.0,959.2379963753301,10.0,8.342877388000488,,,,,6.0,9.0,10.0
2025-08-18 06:43:48,1884.16,968.1454545454546,1467.1127272727272,15.378177084872732,100.0,959.2124309246719,10.0,8.324023246765137,,,,,6.0,8.0,9.0
2025-08-18 06:43:51,1887.8836363636362,966.2836363636363,1467.1127272727272,15.352433072053827,100.0,959.3078173509682,10.0,8.351119041442871,,,,,6.0,8.0,9.0
2025-08-18 06:43:54,1887.8836363636362,964.4218181818183,1467.1127272727272,15.32668906651088,100.0,959.2139011007398,10.0,8.357417106628418,,,,,5.0,7.0,9.0
2025-08-18 06:43:57,1884.16,966.2836363636363,1467.1127272727272,15.311242666677572,100.0,959.2440852961686,10.0,8.33187484741211,,,,,6.0,8.0,9.0
2025-08-18 06:44:00,1886.0218181818184,966.2836363636363,1465.2509090909093,15.27520107725286,100.0,959.2153607670084,10.0,8.343376159667969,,,,,6.0,8.0,9.0
2025-08-18 06:44:03,1887.8836363636362,966.2836363636363,1467.1127272727272,15.32668906651088,100.0,959.2409428430867,10.0,8.351927757263184,,,,,6.0,7.0,7.0
2025-08-18 06:44:06,1886.0218181818184,966.2836363636363,1468.9745454545455,15.244308297667885,100.0,959.1946009560529,10.0,8.344411849975586,,,,,6.0,8.0,9.0
2025-08-18 06:45:09,1884.16,955.1127272727273,1463.389090909091,15.203117941186065,100.0,959.1849429121769,10.0,8.368621826171875,,,,,6.0,7.0,7.0
2025-08-18 06:45:12,1882.2981818181818,955.1127272727273,1467.1127272727272,15.172225186048308,100.0,959.2452837278588,10.0,8.35944938659668,,,,,6.0,7.0,7.0
2025-08-18 06:45:15,1878.5745454545456,953.2509090909092,1465.2509090909093,15.146481231437065,100.0,959.2595150484387,10.0,8.345274925231934,,,,,7.0,8.0,8.0
2025-08-18 06:45:18,1882.2981818181818,955.1127272727273,1467.1127272727272,15.0898445569037,100.0,959.2259349082044,10.0,8.362258911132812,,,,,7.0,8.0,8.0
2025-08-18 06:45:21,1880.4363636363637,955.1127272727273,1467.1127272727272,15.06410062557552,100.0,959.240156942685,10.0,8.352856636047363,,,,,7.0,8.0,8.0
2025-08-18 06:45:24,1880.4363636363637,953.2509090909092,1465.2509090909093,15.110439707204932,100.0,959.2307741044358,10.0,8.356781959533691,,,,,7.0,8.0,8.0
2025-08-18 06:45:27,1876.7127272727273,951.3890909090909,1465.2509090909093,15.151630021777237,100.0,959.2945170980352,10.0,8.340360641479492,,,,,7.0,8.0,9.0
2025-08-18 06:45:30,1876.7127272727273,949.5272727272728,1463.389090909091,15.172225186048308,100.0,959.2452837278588,10.0,8.345120429992676,,,,,7.0,8.0,9.0
2025-08-18 06:45:33,1878.5745454545456,951.3890909090909,1465.2509090909093,15.161927603330696,100.0,959.2563836469686,10.0,8.350260734558105,,,,,6.0,8.0,9.0
2025-08-18 06:45:36,1876.7127272727273,949.5272727272728,1463.389090909091,15.192820354975993,100.0,959.2230815828985,10.0,8.344383239746094,,,,,7.0,9.0,9.0
2025-08-18 06:45:39,1878.5745454545456,953.2509090909092,1467.1127272727272,15.21341552856029,100.0,959.2549501708371,10.0,8.342981338500977,,,,,6.0,8.0,9.0
2025-08-18 06:45:42,1872.989090909091,951.3890909090909,1465.2509090909093,15.239159502089024,100.0,959.240710485353,10.0,8.316704750061035,,,,,7.0,9.0,10.0
2025-08-18 06:45:45,1874.8509090909092,949.5272727272728,1465.2509090909093,15.280349874868989,100.0,959.2233272005167,10.0,8.331085205078125,,,,,7.0,9.0,10.0
2025-08-18 06:45:48,1872.989090909091,945.8036363636364,1463.389090909091,15.321540266275406,100.0,959.2600181392992,10.0,8.330452919006348,,,,,7.0,10.0,10.0
2025-08-18 06:45:51,1872.989090909091,949.5272727272728,1463.389090909091,15.342135468963534,100.0,959.2648417305223,10.0,8.318716049194336,,,,,7.0,9.0,9.0
2025-08-18 06:45:54,1871.1272727272728,947.6654545454545,1461.5272727272727,15.347284270363161,100.0,959.2457654398108,10.0,8.313742637634277,,,,,7.0,9.0,9.0
2025-08-18 06:45:57,1872.989090909091,947.6654545454545,1463.389090909091,15.311242666677572,100.0,959.2711263989083,10.0,8.325305938720703,,,,,8.0,9.0,9.0
2025-08-18 06:46:00,1871.1272727272728,949.5272727272728,1463.389090909091,15.31639146633097,100.0,959.279093031511,10.0,8.309318542480469,,,,,8.0,9.0,9.0
2025-08-18 06:46:03,1869.2654545454548,949.5272727272728,1463.389090909091,15.31639146633097,100.0,959.279093031511,10.0,8.299030303955078,,,,,8.0,9.0,9.0
2025-08-18 06:46:06,1869.2654545454548,947.6654545454545,1461.5272727272727,15.31639146633097,100.0,959.2250103936012,10.0,8.304483413696289,,,,,7.0,8.0,8.0
2025-08-18 06:46:09,1869.2654545454548,949.5272727272728,1463.389090909091,15.300945068243891,100.0,959.2551932190125,10.0,8.299524307250977,,,,,7.0,8.0,8.0
2025-08-18 06:46:12,1869.2654545454548,949.5272727272728,1459.6654545454546,15.254605889698723,100.0,959.2375726216912,10.0,8.301097869873047,,,,,7.0,8.0,8.0
2025-08-18 06:46:15,1867.4036363636365,951.3890909090909,1463.389090909091,15.270052279927768,100.0,959.261473017634,10.0,8.28477954864502,,,,,7.0,8.0,8.0
2025-08-18 06:46:18,1867.4036363636365,949.5272727272728,1463.389090909091,15.285498672776157,100.0,959.1772137275915,10.0,8.289678573608398,,,,,7.0,8.0,8.0
2025-08-18 06:46:21,1867.4036363636365,949.5272727272728,1461.5272727272727,15.280349874868989,100.0,959.1962874492881,10.0,8.289874076843262,,,,,6.0,8.0,10.0
2025-08-18 06:46:24,1865.5418181818181,949.5272727272728,1459.6654545454546,15.27520107725286,100.0,959.2694398731915,10.0,8.279842376708984,,,,,6.0,8.0,9.0
2025-08-18 06:46:27,1865.5418181818181,951.3890909090909,1459.6654545454546,15.290647470974363,100.0,959.2663003726822,10.0,8.273788452148438,,,,,6.0,8.0,9.0
2025-08-18 06:46:30,1867.4036363636365,951.3890909090909,1461.5272727272727,15.280349874868989,100.0,959.2774067572002,10.0,8.284452438354492,,,,,6.0,8.0,10.0
2025-08-18 06:46:33,1865.5418181818181,953.2509090909092,1461.5272727272727,15.249457093537785,100.0,959.2836828059534,10.0,8.26970386505127,,,,,6.0,9.0,10.0
2025-08-18 06:46:36,1869.2654545454548,956.9745454545455,1467.1127272727272,15.21856432268396,100.0,959.2629173890223,10.0,8.280293464660645,,,,,7.0,9.0,11.0
2025-08-18 06:46:39,1867.4036363636365,953.2509090909092,1459.6654545454546,15.285498672776157,100.0,959.2583336570282,10.0,8.278735160827637,,,,,6.0,8.0,10.0
2025-08-18 06:46:42,1869.2654545454548,956.9745454545455,1461.5272727272727,15.239159502089024,100.0,959.267748506892,10.0,8.279594421386719,,,,,6.0,9.0,10.0
2025-08-18 06:46:45,1867.4036363636365,953.2509090909092,1459.6654545454546,15.306093867315212,100.0,959.2631597947417,10.0,8.278031349182129,,,,,6.0,9.0,10.0
2025-08-18 06:46:48,1869.2654545454548,956.9745454545455,1463.389090909091,15.285498672776157,100.0,959.339453749147,10.0,8.278081893920898,,,,,7.0,8.0,10.0
2025-08-18 06:46:51,1869.2654545454548,955.1127272727273,1461.5272727272727,15.27520107725286,100.0,959.2694398731915,10.0,8.283880233764648,,,,,7.0,10.0,11.0
2025-08-18 06:46:54,1869.2654545454548,955.1127272727273,1463.389090909091,15.244308297667885,100.0,959.2486773954043,10.0,8.284917831420898,,,,,7.0,10.0,11.0
2025-08-18 06:46:57,1869.2654545454548,956.9745454545455,1461.5272727272727,15.228861911804415,100.0,959.2518143216996,10.0,8.27993392944336,,,,,7.0,10.0,11.0
2025-08-18 06:47:00,1869.2654545454548,956.9745454545455,1461.5272727272727,15.228861911804415,100.0,959.2788519108192,10.0,8.279963493347168,,,,,6.0,8.0,9.0
2025-08-18 06:47:03,1867.4036363636365,955.1127272727273,1459.6654545454546,15.254605889698723,100.0,959.2375726216912,10.0,8.274256706237793,,,,,7.0,9.0,11.0
2025-08-18 06:47:06,1869.2654545454548,956.9745454545455,1461.5272727272727,15.27520107725286,100.0,959.2424003110623,10.0,8.27833366394043,,,,,7.0,9.0,10.0
2025-08-18 06:47:09,1869.2654545454548,955.1127272727273,1459.6654545454546,15.280349874868989,100.0,959.2774067572002,10.0,8.283711433410645,,,,,7.0,9.0,10.0
2025-08-18 06:47:12,1869.2654545454548,958.8363636363637,1463.389090909091,15.300945068243891,100.0,959.2822338893228,10.0,8.271974563598633,,,,,7.0,9.0,9.0
2025-08-18 06:47:15,1871.1272727272728,960.6981818181819,1461.5272727272727,15.295796269463608,100.0,959.3013075799155,10.0,8.276949882507324,,,,,7.0,9.0,9.0
2025-08-18 06:47:18,1869.2654545454548,956.9745454545455,1459.6654545454546,15.321540266275406,100.0,959.2600181392992,10.0,8.276762008666992,,,,,7.0,9.0,9.0
2025-08-18 06:47:21,1871.1272727272728,958.8363636363637,1459.6654545454546,15.31639146633097,100.0,959.279093031511,10.0,8.281740188598633,,,,,7.0,9.0,9.0
2025-08-18 06:47:24,1872.989090909091,958.8363636363637,1459.6654545454546,15.321540266275406,100.0,959.2329766041289,10.0,8.291803359985352,,,,,8.0,10.0,10.0
2025-08-18 06:47:27,1871.1272727272728,956.9745454545455,1459.6654545454546,15.352433072053827,100.0,959.2807744642603,10.0,8.286018371582031,,,,,8.0,10.0,10.0
2025-08-18 06:47:30,1869.2654545454548,956.9745454545455,1461.5272727272727,15.367879478872055,100.0,959.2776302335925,10.0,8.275189399719238,,,,,7.0,10.0,10.0
2025-08-18 06:47:33,1871.1272727272728,962.5600000000001,1465.2509090909093,15.347284270363161,100.0,959.2728080831818,10.0,8.269632339477539,,,,,7.0,9.0,9.0
2025-08-18 06:47:36,1871.1272727272728,960.6981818181819,1461.5272727272727,15.398772300366545,100.0,959.1902040679323,10.0,8.273290634155273,,,,,7.0,9.0,9.0
2025-08-18 06:47:39,1872.989090909091,958.8363636363637,1463.389090909091,15.409069909859682,100.0,959.2602252537564,10.0,8.288826942443848,,,,,6.0,8.0,8.0
2025-08-18 06:47:42,1872.989090909091,956.9745454545455,1457.8036363636365,15.393623496056534,100.0,959.2633725778821,10.0,8.294876098632812,,,,,6.0,7.0,8.0
2025-08-18 06:47:45,1872.989090909091,958.8363636363637,1461.5272727272727,15.414218715042807,100.0,959.2411455752264,10.0,8.28863525390625,,,,,5.0,7.0,8.0
2025-08-18 06:47:48,1872.989090909091,958.8363636363637,1461.5272727272727,15.409069909859682,100.0,959.2602252537564,10.0,8.288826942443848,,,,,6.0,7.0,9.0
2025-08-18 06:47:51,1872.989090909091,958.8363636363637,1461.5272727272727,15.393623496056534,100.0,959.290417212427,10.0,8.289392471313477,,,,,6.0,7.0,8.0
2025-08-18 06:47:54,1871.1272727272728,960.6981818181819,1463.389090909091,15.331837867037393,100.0,959.248909110473,10.0,8.275651931762695,,,,,6.0,7.0,8.0
2025-08-18 06:47:57,1871.1272727272728,960.6981818181819,1461.5272727272727,15.352433072053827,100.0,959.2537315956321,10.0,8.274953842163086,,,,,6.0,7.0,8.0
2025-08-18 06:48:00,1872.989090909091,960.6981818181819,1461.5272727272727,15.311242666677572,100.0,959.2981675197252,10.0,8.286712646484375,,,,,5.0,7.0,10.0
2025-08-18 06:48:03,1876.7127272727273,960.6981818181819,1461.5272727272727,15.311242666677572,100.0,959.2711263989083,10.0,8.307271957397461,,,,,5.0,7.0,10.0
2025-08-18 06:48:06,1872.989090909091,958.8363636363637,1459.6654545454546,15.331837867037393,100.0,959.3029930999124,10.0,8.291528701782227,,,,,6.0,7.0,10.0
2025-08-18 06:48:09,1876.7127272727273,960.6981818181819,1461.5272727272727,15.31639146633097,100.0,959.279093031511,10.0,8.30710220336914,,,,,5.0,7.0,9.0
2025-08-18 06:48:12,1874.8509090909092,958.8363636363637,1463.389090909091,15.347284270363161,100.0,959.2998507446318,10.0,8.301292419433594,,,,,4.0,6.0,8.0
2025-08-18 06:48:15,1874.8509090909092,960.6981818181819,1459.6654545454546,15.336986667854944,100.0,959.3109598462371,10.0,8.296137809753418,,,,,6.0,9.0,10.0
2025-08-18 06:48:18,1874.8509090909092,958.8363636363637,1459.6654545454546,15.306093867315212,100.0,959.3172416039451,10.0,8.302717208862305,,,,,6.0,9.0,10.0
2025-08-18 06:48:21,1874.8509090909092,960.6981818181819,1461.5272727272727,15.300945068243891,100.0,959.2551932190125,10.0,8.297317504882812,,,,,5.0,7.0,9.0
2025-08-18 06:48:24,1874.8509090909092,958.8363636363637,1459.6654545454546,15.331837867037393,100.0,959.248909110473,10.0,8.301764488220215,,,,,5.0,7.0,9.0
2025-08-18 06:48:27,1874.8509090909092,958.8363636363637,1459.6654545454546,15.32668906651088,100.0,959.2950263820151,10.0,8.301989555358887,,,,,5.0,7.0,7.0
2025-08-18 06:48:30,1878.5745454545456,962.5600000000001,1461.5272727272727,15.32668906651088,100.0,959.2679846035119,10.0,8.311516761779785,,,,,7.0,9.0,9.0
2025-08-18 06:48:33,1872.989090909091,960.6981818181819,1461.5272727272727,15.321540266275406,100.0,959.2870596925474,10.0,8.286344528198242,,,,,6.0,8.0,10.0
2025-08-18 06:48:36,1876.7127272727273,960.6981818181819,1461.5272727272727,15.336986667854944,100.0,959.3109598462371,10.0,8.306431770324707,,,,,6.0,9.0,10.0
2025-08-18 06:48:39,1876.7127272727273,960.6981818181819,1461.5272727272727,15.264903482893715,100.0,959.2805453202349,10.0,8.30887508392334,,,,,6.0,9.0,10.0
2025-08-18 06:48:42,1876.7127272727273,960.6981818181819,1461.5272727272727,15.27520107725286,100.0,959.2964794533957,10.0,8.308534622192383,,,,,6.0,7.0,9.0
2025-08-18 06:48:45,1876.7127272727273,960.6981818181819,1461.5272727272727,15.290647470974363,100.0,959.2933406105643,10.0,8.308004379272461,,,,,6.0,8.0,9.0
2025-08-18 06:48:48,1878.5745454545456,964.4218181818183,1459.6654545454546,15.270052279927768,100.0,959.261473017634,10.0,8.307937622070312,,,,,6.0,8.0,9.0
2025-08-18 06:48:51,1878.5745454545456,962.5600000000001,1463.389090909091,15.27520107725286,100.0,959.3235190516751,10.0,8.313350677490234,,,,,6.0,7.0,10.0
2025-08-18 06:48:54,1876.7127272727273,960.6981818181819,1463.389090909091,15.244308297667885,100.0,959.2757156421903,10.0,8.309576034545898,,,,,6.0,7.0,10.0
2025-08-18 06:48:57,1876.7127272727273,962.5600000000001,1459.6654545454546,15.21341552856029,100.0,959.2819871022941,10.0,8.305121421813965,,,,,6.0,7.0,10.0
2025-08-18 06:49:00,1878.5745454545456,962.5600000000001,1463.389090909091,15.21856432268396,100.0,959.3169917204972,10.0,8.315281867980957,,,,,6.0,8.0,9.0
2025-08-18 06:49:03,1876.7127272727273,960.6981818181819,1457.8036363636365,15.223713117098669,100.0,959.2979220176298,10.0,8.31030559539795,,,,,5.0,7.0,8.0
2025-08-18 06:49:06,1876.7127272727273,962.5600000000001,1461.5272727272727,15.2597546861507,100.0,959.2725782963373,10.0,8.3035249710083,,,,,5.0,7.0,8.0
2025-08-18 06:50:09,1878.5745454545456,960.6981818181819,1461.5272727272727,15.254605889698723,100.0,959.3457274469649,10.0,8.31959056854248,,,,,5.0,6.0,8.0
2025-08-18 06:50:12,1876.7127272727273,958.8363636363637,1457.8036363636365,15.306093867315212,100.0,959.3442825356622,10.0,8.313045501708984,,,,,5.0,6.0,6.0
2025-08-18 06:50:15,1874.8509090909092,962.5600000000001,1461.5272727272727,15.321540266275406,100.0,959.3952260863178,10.0,8.291242599487305,,,,,6.0,7.0,7.0
2025-08-18 06:50:18,1878.5745454545456,960.6981818181819,1461.5272727272727,15.321540266275406,100.0,959.2870596925474,10.0,8.31723690032959,,,,,6.0,7.0,7.0
2025-08-18 06:50:21,1878.5745454545456,960.6981818181819,1461.5272727272727,15.336986667854944,100.0,959.2568754062855,10.0,8.31667423248291,,,,,6.0,7.0,7.0
2025-08-18 06:50:24,1876.7127272727273,962.5600000000001,1465.2509090909093,15.331837867037393,100.0,959.3570771616654,10.0,8.301139831542969,,,,,5.0,6.0,6.0
2025-08-18 06:50:27,1878.5745454545456,966.2836363636363,1459.6654545454546,15.306093867315212,100.0,959.3172416039451,10.0,8.30124568939209,,,,,5.0,7.0,8.0
2025-08-18 06:50:30,1878.5745454545456,960.6981818181819,1461.5272727272727,15.295796269463608,100.0,959.3013075799155,10.0,8.318131446838379,,,,,5.0,7.0,8.0
2025-08-18 06:50:33,1876.7127272727273,960.6981818181819,1461.5272727272727,15.336986667854944,100.0,959.3109598462371,10.0,8.306431770324707,,,,,5.0,7.0,8.0
2025-08-18 06:50:36,1878.5745454545456,962.5600000000001,1463.389090909091,15.306093867315212,100.0,959.3442825356622,10.0,8.312310218811035,,,,,5.0,7.0,8.0
2025-08-18 06:50:39,1878.5745454545456,960.6981818181819,1461.5272727272727,15.280349874868989,100.0,959.3314863861855,10.0,8.318694114685059,,,,,5.0,7.0,8.0
2025-08-18 06:50:42,1878.5745454545456,964.4218181818183,1463.389090909091,15.300945068243891,100.0,959.3092745777097,10.0,8.306926727294922,,,,,6.0,8.0,10.0
2025-08-18 06:50:45,1876.7127272727273,962.5600000000001,1463.389090909091,15.290647470974363,100.0,959.3203808665224,10.0,8.302522659301758,,,,,6.0,8.0,10.0
2025-08-18 06:50:48,1878.5745454545456,960.6981818181819,1463.389090909091,15.295796269463608,100.0,959.2472266717235,10.0,8.318074226379395,,,,,6.0,9.0,10.0
2025-08-18 06:50:51,1878.5745454545456,960.6981818181819,1463.389090909091,15.32668906651088,100.0,959.2950263820151,10.0,8.317066192626953,,,,,5.0,8.0,9.0
2025-08-18 06:50:54,1876.7127272727273,960.6981818181819,1463.389090909091,15.321540266275406,100.0,959.3681844607586,10.0,8.307026863098145,,,,,6.0,8.0,8.0
2025-08-18 06:50:57,1876.7127272727273,964.4218181818183,1463.389090909091,15.32668906651088,100.0,959.2950263820151,10.0,8.295735359191895,,,,,6.0,8.0,8.0
2025-08-18 06:51:00,1878.5745454545456,960.6981818181819,1463.389090909091,15.31639146633097,100.0,959.279093031511,10.0,8.317400932312012,,,,,6.0,8.0,8.0
2025-08-18 06:51:03,1878.5745454545456,964.4218181818183,1463.389090909091,15.270052279927768,100.0,959.3696305459,10.0,8.308053016662598,,,,,7.0,8.0,8.0
2025-08-18 06:51:06,1878.5745454545456,960.6981818181819,1461.5272727272727,15.306093867315212,100.0,959.2902006903048,10.0,8.317766189575195,,,,,6.0,8.0,8.0
2025-08-18 06:51:09,1878.5745454545456,960.6981818181819,1459.6654545454546,15.31639146633097,100.0,959.3061343775821,10.0,8.31743049621582,,,,,6.0,7.0,7.0
2025-08-18 06:51:12,1878.5745454545456,960.6981818181819,1461.5272727272727,15.300945068243891,100.0,959.3092745777097,10.0,8.317965507507324,,,,,6.0,8.0,8.0
2025-08-18 06:51:15,1878.5745454545456,960.6981818181819,1461.5272727272727,15.306093867315212,100.0,959.3172416039451,10.0,8.317798614501953,,,,,6.0,8.0,8.0
2025-08-18 06:51:18,1878.5745454545456,962.5600000000001,1459.6654545454546,15.264903482893715,100.0,959.3616628177963,10.0,8.313740730285645,,,,,6.0,9.0,9.0
2025-08-18 06:51:21,1878.5745454545456,962.5600000000001,1461.5272727272727,15.290647470974363,100.0,959.3203808665224,10.0,8.312810897827148,,,,,6.0,9.0,9.0
2025-08-18 06:51:24,1876.7127272727273,962.5600000000001,1461.5272727272727,15.336986667854944,100.0,959.2298332134278,10.0,8.300822257995605,,,,,5.0,9.0,9.0
2025-08-18 06:51:27,1878.5745454545456,960.6981818181819,1461.5272727272727,15.32668906651088,100.0,959.2950263820151,10.0,8.317066192626953,,,,,5.0,10.0,10.0
2025-08-18 06:51:30,1878.5745454545456,960.6981818181819,1463.389090909091,15.336986667854944,100.0,959.3380020933308,10.0,8.31676197052002,,,,,4.0,9.0,9.0
2025-08-18 06:51:33,1878.5745454545456,960.6981818181819,1461.5272727272727,15.357581874035532,100.0,959.3428271157695,10.0,8.316058158874512,,,,,6.0,10.0,10.0
2025-08-18 06:51:36,1878.5745454545456,958.8363636363637,1457.8036363636365,15.378177084872732,100.0,959.2665188241152,10.0,8.320783615112305,,,,,5.0,9.0,10.0
2025-08-18 06:51:39,1878.5745454545456,964.4218181818183,1463.389090909091,15.373028281726874,100.0,959.2855965030708,10.0,8.304431915283203,,,,,6.0,10.0,11.0
2025-08-18 06:51:42,1876.7127272727273,960.6981818181819,1461.5272727272727,15.347284270363161,100.0,959.3268934241612,10.0,8.306100845336914,,,,,6.0,9.0,10.0
2025-08-18 06:51:45,1874.8509090909092,960.6981818181819,1461.5272727272727,15.347284270363161,100.0,959.3268934241612,10.0,8.295799255371094,,,,,6.0,9.0,10.0
2025-08-18 06:51:48,1876.7127272727273,956.9745454545455,1461.5272727272727,15.32668906651088,100.0,959.2950263820151,10.0,8.317804336547852,,,,,6.0,9.0,10.0
2025-08-18 06:51:51,1876.7127272727273,956.9745454545455,1463.389090909091,15.306093867315212,100.0,959.3172416039451,10.0,8.318535804748535,,,,,7.0,9.0,10.0
2025-08-18 06:51:54,1874.8509090909092,956.9745454545455,1457.8036363636365,15.31639146633097,100.0,959.3331757417308,10.0,8.307905197143555,,,,,7.0,8.0,10.0
2025-08-18 06:51:57,1874.8509090909092,955.1127272727273,1461.5272727272727,15.347284270363161,100.0,959.3268934241612,10.0,8.312355995178223,,,,,7.0,9.0,10.0
2025-08-18 06:52:00,1872.989090909091,956.9745454545455,1461.5272727272727,15.362730676308274,100.0,959.3237506488949,10.0,8.296005249023438,,,,,6.0,8.0,9.0
2025-08-18 06:52:03,1874.8509090909092,958.8363636363637,1463.389090909091,15.357581874035532,100.0,959.2887408737573,10.0,8.300925254821777,,,,,7.0,8.0,8.0
2025-08-18 06:52:06,1874.8509090909092,955.1127272727273,1459.6654545454546,15.336986667854944,100.0,959.3109598462371,10.0,8.312689781188965,,,,,7.0,8.0,8.0
2025-08-18 06:52:09,1874.8509090909092,958.8363636363637,1461.5272727272727,15.336986667854944,100.0,959.3109598462371,10.0,8.301656723022461,,,,,7.0,8.0,8.0
2025-08-18 06:52:12,1872.989090909091,956.9745454545455,1459.6654545454546,15.367879478872055,100.0,959.3046737779965,10.0,8.295808792114258,,,,,7.0,8.0,8.0
2025-08-18 06:52:15,1872.989090909091,960.6981818181819,1459.6654545454546,15.321540266275406,100.0,959.2870596925474,10.0,8.286344528198242,,,,,7.0,8.0,8.0
2025-08-18 06:52:18,1874.8509090909092,960.6981818181819,1461.5272727272727,15.27520107725286,100.0,959.2694398731915,10.0,8.298213005065918,,,,,7.0,8.0,8.0
2025-08-18 06:52:21,1872.989090909091,960.6981818181819,1461.5272727272727,15.249457093537785,100.0,959.3377598042412,10.0,8.288874626159668,,,,,6.0,7.0,7.0
2025-08-18 06:52:24,1872.989090909091,962.5600000000001,1463.389090909091,15.2340107068012,100.0,959.2868192144268,10.0,8.283839225769043,,,,,8.0,9.0,10.0
2025-08-18 06:52:27,1874.8509090909092,960.6981818181819,1461.5272727272727,15.254605889698723,100.0,959.3727661984683,10.0,8.299029350280762,,,,,8.0,9.0,10.0
2025-08-18 06:52:30,1876.7127272727273,962.5600000000001,1461.5272727272727,15.270052279927768,100.0,959.3155517456171,10.0,8.30321979522705,,,,,7.0,8.0,9.0
2025-08-18 06:52:33,1874.8509090909092,960.6981818181819,1459.6654545454546,15.306093867315212,100.0,959.3172416039451,10.0,8.297201156616211,,,,,7.0,9.0,9.0
2025-08-18 06:52:36,1878.5745454545456,966.2836363636363,1467.1127272727272,15.290647470974363,100.0,959.2933406105643,10.0,8.301746368408203,,,,,8.0,9.0,10.0
2025-08-18 06:52:39,1874.8509090909092,962.5600000000001,1461.5272727272727,15.27520107725286,100.0,959.3235190516751,10.0,8.292753219604492,,,,,8.0,10.0,11.0
2025-08-18 06:52:42,1876.7127272727273,960.6981818181819,1461.5272727272727,15.244308297667885,100.0,959.3297921899825,10.0,8.309633255004883,,,,,8.0,10.0,11.0
2025-08-18 06:52:45,1876.7127272727273,958.8363636363637,1461.5272727272727,15.280349874868989,100.0,959.304446562655,10.0,8.313886642456055,,,,,9.0,11.0,12.0
2025-08-18 06:52:48,1874.8509090909092,960.6981818181819,1461.5272727272727,15.336986667854944,100.0,959.3109598462371,10.0,8.296137809753418,,,,,9.0,11.0,12.0
2025-08-18 06:52:51,1874.8509090909092,960.6981818181819,1461.5272727272727,15.336986667854944,100.0,959.3380020933308,10.0,8.29616928100586,,,,,9.0,11.0,11.0
2025-08-18 06:52:54,1874.8509090909092,960.6981818181819,1459.6654545454546,15.342135468963534,100.0,959.3189266209873,10.0,8.295970916748047,,,,,8.0,10.0,10.0
2025-08-18 06:52:57,1874.8509090909092,960.6981818181819,1461.5272727272727,15.378177084872732,100.0,959.3206067958824,10.0,8.2947359085083,,,,,9.0,11.0,11.0
2025-08-18 06:53:00,1876.7127272727273,956.9745454545455,1459.6654545454546,15.398772300366545,100.0,959.325428276557,10.0,8.315360069274902,,,,,7.0,9.0,9.0
2025-08-18 06:53:03,1874.8509090909092,956.9745454545455,1461.5272727272727,15.393623496056534,100.0,959.3445065357629,10.0,8.305267333984375,,,,,8.0,10.0,10.0
2025-08-18 06:53:06,1874.8509090909092,956.9745454545455,1459.6654545454546,15.398772300366545,100.0,959.325428276557,10.0,8.30506706237793,,,,,7.0,9.0,9.0
2025-08-18 06:56:12,1869.2654545454548,949.5272727272728,1455.9418181818182,15.594427079806337,100.0,959.3846926447021,10.0,8.289606094360352,,,,,7.0,9.0,9.0
2025-08-18 06:56:15,1871.1272727272728,947.6654545454545,1455.9418181818182,15.584129449358443,100.0,959.4228674538114,10.0,8.305807113647461,,,,,7.0,9.0,9.0
2025-08-18 06:56:18,1869.2654545454548,949.5272727272728,1452.2181818181818,15.537790126749314,100.0,959.3241249399393,10.0,8.291478157043457,,,,,7.0,9.0,9.0
2025-08-18 06:56:21,1869.2654545454548,949.5272727272728,1454.0800000000002,15.542938939208398,100.0,959.3591414024355,10.0,8.291342735290527,,,,,7.0,8.0,8.0
2025-08-18 06:56:24,1872.989090909091,953.2509090909092,1459.6654545454546,15.54808775195852,100.0,959.3400557755834,10.0,8.300700187683105,,,,,6.0,8.0,8.0
2025-08-18 06:56:27,1869.2654545454548,951.3890909090909,1457.8036363636365,15.558385378331877,100.0,959.3559867245617,10.0,8.285289764404297,,,,,6.0,8.0,8.0
2025-08-18 06:56:30,1871.1272727272728,951.3890909090909,1457.8036363636365,15.53264131458127,100.0,959.3702607992905,10.0,8.29648494720459,,,,,6.0,8.0,8.0
2025-08-18 06:56:33,1871.1272727272728,947.6654545454545,1455.9418181818182,15.537790126749314,100.0,959.3511757735046,10.0,8.307320594787598,,,,,6.0,8.0,8.0
2025-08-18 06:56:36,1871.1272727272728,951.3890909090909,1457.8036363636365,15.553236564999679,100.0,959.375072745304,10.0,8.295780181884766,,,,,6.0,9.0,9.0
2025-08-18 06:56:39,1871.1272727272728,949.5272727272728,1455.9418181818182,15.53264131458127,100.0,959.397311443759,10.0,8.302029609680176,,,,,7.0,9.0,10.0
2025-08-18 06:56:42,1871.1272727272728,955.1127272727273,1457.8036363636365,15.558385378331877,100.0,959.3289350079775,10.0,8.28451919555664,,,,,7.0,9.0,10.0
2025-08-18 06:56:45,1872.989090909091,955.1127272727273,1461.5272727272727,15.553236564999679,100.0,959.3480212359069,10.0,8.295016288757324,,,,,7.0,10.0,11.0
2025-08-18 06:56:48,1867.4036363636365,955.1127272727273,1457.8036363636365,15.527492502704263,100.0,959.3893454209543,10.0,8.26505184173584,,,,,7.0,10.0,10.0
2025-08-18 06:56:51,1871.1272727272728,953.2509090909092,1457.8036363636365,15.470855591265718,100.0,959.301721041242,10.0,8.293008804321289,,,,,8.0,10.0,11.0
2025-08-18 06:56:54,1871.1272727272728,956.9745454545455,1461.5272727272727,15.470855591265718,100.0,959.301721041242,10.0,8.281973838806152,,,,,8.0,10.0,11.0
2025-08-18 06:57:00,1871.1272727272728,951.3890909090909,1459.6654545454546,15.501748447684804,100.0,959.3495157321278,10.0,8.29752254486084,,,,,8.0,10.0,10.0
2025-08-18 06:57:06,1871.1272727272728,953.2509090909092,1459.6654545454546,15.527492502704263,100.0,959.3622950017619,10.0,8.291131019592285,,,,,9.0,10.0,10.0
2025-08-18 06:57:09,1871.1272727272728,949.5272727272728,1455.9418181818182,15.517194879823364,100.0,959.3734134603786,10.0,8.302535057067871,,,,,8.0,10.0,10.0
2025-08-18 06:57:12,1867.4036363636365,953.2509090909092,1457.8036363636365,15.512046068819473,100.0,959.365447522611,10.0,8.271073341369629,,,,,8.0,9.0,9.0
2025-08-18 06:57:15,1871.1272727272728,949.5272727272728,1454.0800000000002,15.522343691118294,100.0,959.3813794264935,10.0,8.302367210388184,,,,,7.0,9.0,9.0
2025-08-18 06:58:18,1869.2654545454548,956.9745454545455,1459.6654545454546,15.604724711418385,100.0,959.4276773970253,10.0,8.26722526550293,,,,,6.0,9.0,9.0
2025-08-18 06:58:21,1867.4036363636365,953.2509090909092,1455.9418181818182,15.635617613239447,100.0,959.3401971545576,10.0,8.26680850982666,,,,,7.0,9.0,9.0
2025-08-18 06:58:24,1869.2654545454548,955.1127272727273,1455.9418181818182,15.645915249508107,100.0,959.4102377794611,10.0,8.271307945251465,,,,,7.0,9.0,9.0
2025-08-18 06:58:27,1869.2654545454548,955.1127272727273,1454.0800000000002,15.558385378331877,100.0,959.3559867245617,10.0,8.274253845214844,,,,,6.0,9.0,9.0
2025-08-18 06:58:30,1869.2654545454548,956.9745454545455,1457.8036363636365,15.553236564999679,100.0,959.375072745304,10.0,8.26893424987793,,,,,6.0,9.0,9.0
2025-08-18 06:58:33,1867.4036363636365,956.9745454545455,1454.0800000000002,15.573831820074702,100.0,959.4069357710083,10.0,8.257967948913574,,,,,6.0,8.0,9.0
2025-08-18 06:58:36,1872.989090909091,962.5600000000001,1459.6654545454546,15.584129449358443,100.0,959.3958145927345,10.0,8.27193832397461,,,,,6.0,8.0,11.0
2025-08-18 06:58:39,1869.2654545454548,960.6981818181819,1455.9418181818182,15.501748447684804,100.0,959.3495157321278,10.0,8.25964069366455,,,,,6.0,8.0,11.0
2025-08-18 06:58:42,1869.2654545454548,958.8363636363637,1455.9418181818182,15.455409166985191,100.0,959.4130606769374,10.0,8.266814231872559,,,,,6.0,8.0,11.0
2025-08-18 06:58:45,1871.1272727272728,958.8363636363637,1455.9418181818182,15.517194879823364,100.0,959.3734134603786,10.0,8.274950981140137,,,,,5.0,7.0,10.0
2025-08-18 06:58:48,1872.989090909091,958.8363636363637,1457.8036363636365,15.512046068819473,100.0,959.365447522611,10.0,8.285408973693848,,,,,6.0,8.0,11.0
2025-08-18 06:58:51,1871.1272727272728,958.8363636363637,1455.9418181818182,15.501748447684804,100.0,959.3224664393076,10.0,8.275419235229492,,,,,6.0,8.0,11.0
2025-08-18 06:58:54,1871.1272727272728,958.8363636363637,1455.9418181818182,15.53264131458127,100.0,959.3432101729117,10.0,8.274386405944824,,,,,7.0,8.0,11.0
2025-08-18 06:58:57,1871.1272727272728,958.8363636363637,1457.8036363636365,15.553236564999679,100.0,959.3480212359069,10.0,8.273682594299316,,,,,7.0,8.0,10.0
2025-08-18 06:59:00,1872.989090909091,956.9745454545455,1457.8036363636365,15.542938939208398,100.0,959.3320903435938,10.0,8.289831161499023,,,,,7.0,8.0,8.0
2025-08-18 06:59:03,1871.1272727272728,953.2509090909092,1454.0800000000002,15.501748447684804,100.0,959.3224664393076,10.0,8.291973114013672,,,,,7.0,8.0,8.0
2025-08-18 06:59:06,1872.989090909091,956.9745454545455,1457.8036363636365,15.486302018165588,100.0,959.3256182590635,10.0,8.291776657104492,,,,,7.0,8.0,8.0
2025-08-18 06:59:09,1871.1272727272728,953.2509090909092,1454.0800000000002,15.501748447684804,100.0,959.3765650430363,10.0,8.292035102844238,,,,,6.0,8.0,10.0
2025-08-18 06:59:12,1869.2654545454548,956.9745454545455,1455.9418181818182,15.501748447684804,100.0,959.3495157321278,10.0,8.270670890808105,,,,,7.0,8.0,10.0
2025-08-18 06:59:15,1872.989090909091,956.9745454545455,1457.8036363636365,15.512046068819473,100.0,959.3924972840672,10.0,8.290959358215332,,,,,6.0,8.0,10.0
2025-08-18 06:59:18,1871.1272727272728,955.1127272727273,1455.9418181818182,15.512046068819473,100.0,959.419547063612,10.0,8.286211013793945,,,,,6.0,7.0,10.0
2025-08-18 06:59:21,1872.989090909091,956.9745454545455,1457.8036363636365,15.53264131458127,100.0,959.3702607992905,10.0,8.290227890014648,,,,,5.0,7.0,9.0
2025-08-18 06:59:24,1871.1272727272728,956.9745454545455,1455.9418181818182,15.542938939208398,100.0,959.4132435743905,10.0,8.279629707336426,,,,,5.0,6.0,9.0
2025-08-18 06:59:27,1872.989090909091,956.9745454545455,1457.8036363636365,15.542938939208398,100.0,959.3861924793678,10.0,8.289887428283691,,,,,6.0,7.0,10.0
2025-08-18 06:59:30,1871.1272727272728,956.9745454545455,1457.8036363636365,15.542938939208398,100.0,959.3591414024355,10.0,8.27956485748291,,,,,6.0,8.0,11.0
2025-08-18 06:59:33,1872.989090909091,960.6981818181819,1459.6654545454546,15.527492502704263,100.0,959.3893454209543,10.0,8.279393196105957,,,,,7.0,9.0,11.0
2025-08-18 06:59:36,1872.989090909091,956.9745454545455,1457.8036363636365,15.491450827714289,100.0,959.3876817938743,10.0,8.291655540466309,,,,,5.0,7.0,7.0
2025-08-18 06:59:39,1869.2654545454548,956.9745454545455,1455.9418181818182,15.496599637554027,100.0,959.3685989650518,10.0,8.27087116241455,,,,,5.0,7.0,7.0
2025-08-18 06:59:42,1871.1272727272728,953.2509090909092,1457.8036363636365,15.491450827714289,100.0,959.3876817938743,10.0,8.292396545410156,,,,,5.0,7.0,7.0
2025-08-18 06:59:45,1871.1272727272728,953.2509090909092,1455.9418181818182,15.512046068819473,100.0,959.419547063612,10.0,8.291727066040039,,,,,5.0,8.0,8.0
2025-08-18 06:59:48,1874.8509090909092,953.2509090909092,1455.9418181818182,15.496599637554027,100.0,959.3415498794162,10.0,8.312761306762695,,,,,5.0,8.0,8.0
2025-08-18 06:59:51,1874.8509090909092,949.5272727272728,1457.8036363636365,15.470855591265718,100.0,959.3287690005213,10.0,8.324662208557129,,,,,4.0,7.0,7.0
2025-08-18 06:59:54,1872.989090909091,956.9745454545455,1459.6654545454546,15.414218715042807,100.0,959.3763732532117,10.0,8.294299125671387,,,,,4.0,7.0,7.0
2025-08-18 06:59:57,1874.8509090909092,953.2509090909092,1457.8036363636365,15.342135468963534,100.0,959.4000540922773,10.0,8.318130493164062,,,,,6.0,7.0,7.0
2025-08-18 07:00:00,1874.8509090909092,955.1127272727273,1455.9418181818182,15.280349874868989,100.0,959.304446562655,10.0,8.314624786376953,,,,,5.0,7.0,7.0
2025-08-18 07:00:03,1876.7127272727273,956.9745454545455,1457.8036363636365,15.2340107068012,100.0,959.3408948973765,10.0,8.321033477783203,,,,,6.0,8.0,8.0
2025-08-18 07:00:09,1874.8509090909092,960.6981818181819,1457.8036363636365,15.21341552856029,100.0,959.390135008838,10.0,8.30046272277832,,,,,6.0,7.0,7.0
2025-08-18 07:00:15,1876.7127272727273,956.9745454545455,1457.8036363636365,15.2340107068012,100.0,959.3949706526176,10.0,8.321096420288086,,,,,6.0,7.0,7.0
2025-08-18 07:00:21,1876.7127272727273,955.1127272727273,1455.9418181818182,15.300945068243891,100.0,959.3903967513303,10.0,8.324311256408691,,,,,6.0,9.0,10.0
2025-08-18 07:00:24,1876.7127272727273,951.3890909090909,1455.9418181818182,15.300945068243891,100.0,959.3903967513303,10.0,8.335345268249512,,,,,6.0,8.0,9.0
2025-08-18 07:00:27,1874.8509090909092,951.3890909090909,1454.0800000000002,15.32668906651088,100.0,959.4302355457025,10.0,8.324204444885254,,,,,7.0,9.0,10.0
2025-08-18 07:00:30,1876.7127272727273,955.1127272727273,1459.6654545454546,15.352433072053827,100.0,959.3619031786227,10.0,8.32251262664795,,,,,6.0,8.0,10.0
2025-08-18 07:00:33,1874.8509090909092,951.3890909090909,1459.6654545454546,15.383325888309628,100.0,959.3556175857043,10.0,8.322185516357422,,,,,5.0,7.0,10.0
2025-08-18 07:00:36,1874.8509090909092,951.3890909090909,1457.8036363636365,15.378177084872732,100.0,959.3746948399743,10.0,8.322381019592285,,,,,6.0,7.0,10.0
2025-08-18 07:00:39,1876.7127272727273,949.5272727272728,1455.9418181818182,15.403921104967594,100.0,959.3333947164581,10.0,8.337259292602539,,,,,5.0,7.0,10.0
2025-08-18 07:00:42,1876.7127272727273,949.5272727272728,1455.9418181818182,15.429665132338414,100.0,959.4002735894314,10.0,8.336450576782227,,,,,5.0,7.0,10.0
2025-08-18 07:00:45,1874.8509090909092,949.5272727272728,1454.0800000000002,15.429665132338414,100.0,959.4273198550758,10.0,8.326187133789062,,,,,5.0,7.0,9.0
2025-08-18 07:00:48,1876.7127272727273,949.5272727272728,1455.9418181818182,15.434813938685693,100.0,959.3811939521205,10.0,8.336255073547363,,,,,5.0,6.0,7.0
2025-08-18 07:00:51,1874.8509090909092,953.2509090909092,1457.8036363636365,15.424516326282173,100.0,959.4193528226801,10.0,8.315327644348145,,,,,6.0,7.0,8.0
2025-08-18 07:00:54,1874.8509090909092,953.2509090909092,1457.8036363636365,15.460557974787662,100.0,959.3128372132642,10.0,8.313965797424316,,,,,5.0,7.0,8.0
2025-08-18 07:00:57,1872.989090909091,951.3890909090909,1455.9418181818182,15.470855591265718,100.0,959.4099129868778,10.0,8.308943748474121,,,,,5.0,7.0,7.0
2025-08-18 07:01:00,1876.7127272727273,955.1127272727273,1457.8036363636365,15.45026035947376,100.0,959.4591882685116,10.0,8.319260597229004,,,,,5.0,6.0,6.0
2025-08-18 07:01:03,1876.7127272727273,955.1127272727273,1457.8036363636365,15.434813938685693,100.0,959.3541474973777,10.0,8.31967544555664,,,,,5.0,7.0,7.0
2025-08-18 07:01:06,1876.7127272727273,956.9745454545455,1459.6654545454546,15.429665132338414,100.0,959.3732273418713,10.0,8.314356803894043,,,,,5.0,6.0,6.0
2025-08-18 07:01:09,1876.7127272727273,956.9745454545455,1457.8036363636365,15.455409166985191,100.0,959.3589659833935,10.0,8.313461303710938,,,,,5.0,7.0,7.0
2025-08-18 07:01:12,1874.8509090909092,955.1127272727273,1457.8036363636365,15.43996274532401,100.0,959.4162072888486,10.0,8.309273719787598,,,,,5.0,8.0,8.0
2025-08-18 07:01:15,1874.8509090909092,955.1127272727273,1457.8036363636365,15.419367520516971,100.0,959.4113858186735,10.0,8.309968948364258,,,,,5.0,8.0,8.0
2025-08-18 07:01:18,1872.989090909091,955.1127272727273,1455.9418181818182,15.455409166985191,100.0,959.4130606769374,10.0,8.298445701599121,,,,,6.0,9.0,9.0
2025-08-18 07:01:21,1874.8509090909092,955.1127272727273,1455.9418181818182,15.476004399941303,100.0,959.3367349367014,10.0,8.307945251464844,,,,,5.0,7.0,7.0
2025-08-18 07:01:24,1874.8509090909092,956.9745454545455,1455.9418181818182,15.429665132338414,100.0,959.4002735894314,10.0,8.304089546203613,,,,,5.0,7.0,7.0
2025-08-18 07:01:30,1876.7127272727273,960.6981818181819,1459.6654545454546,15.434813938685693,100.0,959.3541474973777,10.0,8.303123474121094,,,,,6.0,8.0,8.0
2025-08-18 07:01:36,1876.7127272727273,956.9745454545455,1455.9418181818182,15.388474692037562,100.0,959.3635843909271,10.0,8.315762519836426,,,,,6.0,8.0,9.0
2025-08-18 07:01:39,1874.8509090909092,958.8363636363637,1457.8036363636365,15.403921104967594,100.0,959.3874849770104,10.0,8.299437522888184,,,,,5.0,7.0,9.0
2025-08-18 07:01:42,1876.7127272727273,956.9745454545455,1455.9418181818182,15.403921104967594,100.0,959.3333947164581,10.0,8.315192222595215,,,,,6.0,8.0,9.0
2025-08-18 07:01:45,1878.5745454545456,958.8363636363637,1457.8036363636365,15.419367520516971,100.0,959.3843400035615,10.0,8.319499015808105,,,,,6.0,8.0,9.0
2025-08-18 07:01:48,1876.7127272727273,962.5600000000001,1461.5272727272727,15.393623496056534,100.0,959.3445065357629,10.0,8.299012184143066,,,,,6.0,8.0,10.0
2025-08-18 07:01:51,1878.5745454545456,962.5600000000001,1457.8036363636365,15.336986667854944,100.0,959.4191289430846,10.0,8.311333656311035,,,,,6.0,9.0,11.0
2025-08-18 07:01:54,1876.7127272727273,958.8363636363637,1455.9418181818182,15.347284270363161,100.0,959.3539361217698,10.0,8.31164264678955,,,,,7.0,10.0,11.0
2025-08-18 07:01:57,1878.5745454545456,962.5600000000001,1457.8036363636365,15.357581874035532,100.0,959.3969134301012,10.0,8.310601234436035,,,,,7.0,10.0,11.0
2025-08-18 07:02:00,1876.7127272727273,960.6981818181819,1457.8036363636365,15.331837867037393,100.0,959.4382033898828,10.0,8.306747436523438,,,,,7.0,10.0,11.0
2025-08-18 07:02:03,1878.5745454545456,962.5600000000001,1457.8036363636365,15.336986667854944,100.0,959.3920866417548,10.0,8.311307907104492,,,,,7.0,9.0,11.0
2025-08-18 07:02:06,1878.5745454545456,962.5600000000001,1457.8036363636365,15.285498672776157,100.0,959.3664938160047,10.0,8.313045501708984,,,,,7.0,10.0,11.0
2025-08-18 07:02:09,1878.5745454545456,962.5600000000001,1459.6654545454546,15.285498672776157,100.0,959.3664938160047,10.0,8.313045501708984,,,,,7.0,10.0,11.0
2025-08-18 07:02:12,1876.7127272727273,960.6981818181819,1455.9418181818182,15.306093867315212,100.0,959.3713234854564,10.0,8.307560920715332,,,,,8.0,10.0,12.0
2025-08-18 07:02:15,1878.5745454545456,962.5600000000001,1457.8036363636365,15.306093867315212,100.0,959.3713234854564,10.0,8.312332153320312,,,,,8.0,10.0,11.0
2025-08-18 07:02:18,1876.7127272727273,962.5600000000001,1455.9418181818182,15.321540266275406,100.0,959.3681844607586,10.0,8.301505088806152,,,,,8.0,11.0,14.0
2025-08-18 07:02:21,1876.7127272727273,964.4218181818183,1459.6654545454546,15.347284270363161,100.0,959.380978837458,10.0,8.29511833190918,,,,,8.0,11.0,14.0
2025-08-18 07:02:27,1876.7127272727273,964.4218181818183,1459.6654545454546,15.393623496056534,100.0,959.3985959314265,10.0,8.29355525970459,,,,,8.0,11.0,13.0
2025-08-18 07:02:30,1880.4363636363637,960.6981818181819,1457.8036363636365,15.378177084872732,100.0,959.3206067958824,10.0,8.32562255859375,,,,,8.0,11.0,13.0
2025-08-18 07:02:33,1880.4363636363637,960.6981818181819,1457.8036363636365,15.403921104967594,100.0,959.3333947164581,10.0,8.324747085571289,,,,,7.0,10.0,12.0
2025-08-18 07:02:36,1878.5745454545456,960.6981818181819,1459.6654545454546,15.398772300366545,100.0,959.3524731725286,10.0,8.314651489257812,,,,,7.0,10.0,12.0
2025-08-18 07:02:39,1880.4363636363637,960.6981818181819,1455.9418181818182,15.424516326282173,100.0,959.3382147557982,10.0,8.324053764343262,,,,,6.0,9.0,13.0
2025-08-18 07:02:42,1878.5745454545456,964.4218181818183,1461.5272727272727,15.419367520516971,100.0,959.3843400035615,10.0,8.302949905395508,,,,,6.0,9.0,12.0
2025-08-18 07:02:45,1878.5745454545456,962.5600000000001,1459.6654545454546,15.429665132338414,100.0,959.4002735894314,10.0,8.308134078979492,,,,,6.0,7.0,9.0
2025-08-18 07:02:48,1880.4363636363637,960.6981818181819,1459.6654545454546,15.414218715042807,100.0,959.3763732532117,10.0,8.324444770812988,,,,,6.0,7.0,9.0
2025-08-18 07:02:51,1878.5745454545456,958.8363636363637,1457.8036363636365,15.424516326282173,100.0,959.4193528226801,10.0,8.31935977935791,,,,,6.0,7.0,9.0
2025-08-18 07:02:54,1880.4363636363637,964.4218181818183,1459.6654545454546,15.45026035947376,100.0,959.4050939531645,10.0,8.312211036682129,,,,,6.0,7.0,9.0
2025-08-18 07:02:57,1876.7127272727273,960.6981818181819,1457.8036363636365,15.460557974787662,100.0,959.393979848002,10.0,8.302285194396973,,,,,6.0,7.0,9.0
2025-08-18 07:03:00,1880.4363636363637,960.6981818181819,1459.6654545454546,15.45026035947376,100.0,959.4050939531645,10.0,8.32323932647705,,,,,6.0,8.0,9.0
2025-08-18 07:03:03,1878.5745454545456,962.5600000000001,1459.6654545454546,15.46570678288117,100.0,959.347850844804,10.0,8.306839942932129,,,,,6.0,8.0,8.0
2025-08-18 07:03:06,1878.5745454545456,962.5600000000001,1455.9418181818182,15.414218715042807,100.0,959.4034188430581,10.0,8.308664321899414,,,,,7.0,8.0,8.0
2025-08-18 07:03:09,1876.7127272727273,960.6981818181819,1457.8036363636365,15.45026035947376,100.0,959.3780468226187,10.0,8.302618980407715,,,,,7.0,9.0,10.0
2025-08-18 07:03:12,1880.4363636363637,962.5600000000001,1457.8036363636365,15.470855591265718,100.0,959.355816977887,10.0,8.31695556640625,,,,,7.0,9.0,10.0
2025-08-18 07:03:15,1878.5745454545456,962.5600000000001,1459.6654545454546,15.445111552253366,100.0,959.3700803524918,10.0,8.307564735412598,,,,,6.0,9.0,10.0
2025-08-18 07:03:18,1880.4363636363637,962.5600000000001,1459.6654545454546,15.460557974787662,100.0,959.393979848002,10.0,8.317359924316406,,,,,7.0,9.0,10.0
2025-08-18 07:03:21,1880.4363636363637,964.4218181818183,1461.5272727272727,15.45026035947376,100.0,959.3780468226187,10.0,8.312177658081055,,,,,7.0,9.0,10.0
2025-08-18 07:03:24,1880.4363636363637,962.5600000000001,1459.6654545454546,15.455409166985191,100.0,959.3860133211228,10.0,8.317526817321777,,,,,7.0,10.0,11.0
2025-08-18 07:03:27,1878.5745454545456,960.6981818181819,1457.8036363636365,15.46570678288117,100.0,959.347850844804,10.0,8.312353134155273,,,,,7.0,10.0,11.0
2025-08-18 07:03:30,1880.4363636363637,960.6981818181819,1459.6654545454546,15.491450827714289,100.0,959.4417796050382,10.0,8.321870803833008,,,,,7.0,9.0,11.0
2025-08-18 07:03:33,1880.4363636363637,960.6981818181819,1459.6654545454546,15.476004399941303,100.0,959.3637831393374,10.0,8.322314262390137,,,,,7.0,9.0,10.0
2025-08-18 07:03:36,1878.5745454545456,960.6981818181819,1459.6654545454546,15.460557974787662,100.0,959.339884740091,10.0,8.312516212463379,,,,,7.0,9.0,9.0
2025-08-18 07:03:39,1878.5745454545456,964.4218181818183,1461.5272727272727,15.512046068819473,100.0,959.3924972840672,10.0,8.299774169921875,,,,,7.0,8.0,8.0
2025-08-18 07:03:42,1878.5745454545456,960.6981818181819,1461.5272727272727,15.50689725810662,100.0,959.4386302760047,10.0,8.311040878295898,,,,,7.0,9.0,9.0
2025-08-18 07:03:45,1880.4363636363637,960.6981818181819,1457.8036363636365,15.512046068819473,100.0,959.419547063612,10.0,8.321131706237793,,,,,7.0,8.0,8.0
2025-08-18 07:03:48,1876.7127272727273,958.8363636363637,1457.8036363636365,15.50689725810662,100.0,959.3845311493756,10.0,8.306195259094238,,,,,7.0,8.0,8.0
2025-08-18 07:03:51,1878.5745454545456,960.6981818181819,1461.5272727272727,15.517194879823364,100.0,959.3734134603786,10.0,8.310612678527832,,,,,7.0,8.0,8.0
2025-08-18 07:03:54,1876.7127272727273,956.9745454545455,1457.8036363636365,15.522343691118294,100.0,959.3813794264935,10.0,8.311186790466309,,,,,7.0,8.0,8.0
2025-08-18 07:03:57,1878.5745454545456,958.8363636363637,1461.5272727272727,15.501748447684804,100.0,959.4036143720327,10.0,8.31668758392334,,,,,7.0,8.0,8.0
2025-08-18 07:04:00,1880.4363636363637,960.6981818181819,1459.6654545454546,15.50689725810662,100.0,959.411580703646,10.0,8.321304321289062,,,,,6.0,9.0,9.0
2025-08-18 07:04:03,1880.4363636363637,958.8363636363637,1459.6654545454546,15.45026035947376,100.0,959.3780468226187,10.0,8.328730583190918,,,,,6.0,9.0,9.0
2025-08-18 07:04:06,1878.5745454545456,962.5600000000001,1461.5272727272727,15.43996274532401,100.0,959.3891605907542,10.0,8.30776596069336,,,,,6.0,8.0,8.0
2025-08-18 07:04:09,1880.4363636363637,960.6981818181819,1459.6654545454546,15.393623496056534,100.0,959.3715512245537,10.0,8.325146675109863,,,,,6.0,8.0,8.0
2025-08-18 07:04:15,1880.4363636363637,962.5600000000001,1459.6654545454546,15.388474692037562,100.0,959.4447178900024,10.0,8.319891929626465,,,,,6.0,8.0,8.0
2025-08-18 07:04:21,1878.5745454545456,962.5600000000001,1459.6654545454546,15.367879478872055,100.0,959.4128481364176,10.0,8.310262680053711,,,,,7.0,8.0,9.0
2025-08-18 07:04:27,1880.4363636363637,962.5600000000001,1457.8036363636365,15.357581874035532,100.0,959.3698702638955,10.0,8.320863723754883,,,,,7.0,8.0,9.0
2025-08-18 07:04:33,1880.4363636363637,960.6981818181819,1457.8036363636365,15.378177084872732,100.0,959.3746948399743,10.0,8.325681686401367,,,,,6.0,7.0,8.0
2025-08-18 07:04:39,1880.4363636363637,960.6981818181819,1461.5272727272727,15.424516326282173,100.0,959.3923067823023,10.0,8.324110984802246,,,,,6.0,8.0,9.0
2025-08-18 07:04:42,1878.5745454545456,956.9745454545455,1457.8036363636365,15.434813938685693,100.0,959.3541474973777,10.0,8.324451446533203,,,,,7.0,8.0,8.0
2025-08-18 07:04:45,1880.4363636363637,955.1127272727273,1459.6654545454546,15.414218715042807,100.0,959.3222821277683,10.0,8.340941429138184,,,,,6.0,8.0,8.0
2025-08-18 07:04:48,1880.4363636363637,955.1127272727273,1459.6654545454546,15.46570678288117,100.0,959.374898614986,10.0,8.339226722717285,,,,,6.0,8.0,8.0
2025-08-18 07:04:51,1876.7127272727273,953.2509090909092,1457.8036363636365,15.445111552253366,100.0,959.4241741811317,10.0,8.324917793273926,,,,,6.0,8.0,8.0
2025-08-18 07:04:54,1880.4363636363637,956.9745454545455,1459.6654545454546,15.46570678288117,100.0,959.374898614986,10.0,8.333711624145508,,,,,6.0,7.0,7.0
2025-08-18 07:04:57,1876.7127272727273,956.9745454545455,1459.6654545454546,15.460557974787662,100.0,959.4480750282561,10.0,8.313373565673828,,,,,7.0,8.0,8.0
2025-08-18 07:05:00,1876.7127272727273,953.2509090909092,1457.8036363636365,15.470855591265718,100.0,959.4099129868778,10.0,8.324015617370605,,,,,5.0,7.0,7.0
2025-08-18 07:05:03,1876.7127272727273,953.2509090909092,1454.0800000000002,15.45026035947376,100.0,959.4050939531645,10.0,8.32472038269043,,,,,6.0,7.0,7.0
2025-08-18 07:05:06,1874.8509090909092,955.1127272727273,1459.6654545454546,15.403921104967594,100.0,959.3874849770104,10.0,8.310471534729004,,,,,6.0,7.0,7.0
2025-08-18 07:05:09,1876.7127272727273,953.2509090909092,1457.8036363636365,15.383325888309628,100.0,959.3826618420521,10.0,8.326985359191895,,,,,5.0,6.0,6.0
2025-08-18 07:05:12,1874.8509090909092,958.8363636363637,1457.8036363636365,15.378177084872732,100.0,959.4017388891417,10.0,8.300344467163086,,,,,5.0,6.0,6.0
2025-08-18 07:05:15,1878.5745454545456,960.6981818181819,1461.5272727272727,15.357581874035532,100.0,959.423956614387,10.0,8.316146850585938,,,,,6.0,6.0,6.0
2025-08-18 07:05:18,1876.7127272727273,955.1127272727273,1457.8036363636365,15.336986667854944,100.0,959.4461712624933,10.0,8.323129653930664,,,,,6.0,7.0,7.0
2025-08-18 07:05:21,1876.7127272727273,955.1127272727273,1459.6654545454546,15.321540266275406,100.0,959.4493093916702,10.0,8.323668479919434,,,,,6.0,7.0,9.0
2025-08-18 07:05:24,1876.7127272727273,953.2509090909092,1455.9418181818182,15.32668906651088,100.0,959.3761518259931,10.0,8.328929901123047,,,,,7.0,8.0,9.0
2025-08-18 07:05:27,1872.989090909091,956.9745454545455,1457.8036363636365,15.347284270363161,100.0,959.380978837458,10.0,8.296601295471191,,,,,7.0,8.0,10.0
2025-08-18 07:05:30,1872.989090909091,955.1127272727273,1457.8036363636365,15.362730676308274,100.0,959.4048807690513,10.0,8.301610946655273,,,,,7.0,9.0,10.0
2025-08-18 07:05:33,1874.8509090909092,960.6981818181819,1463.389090909091,15.362730676308274,100.0,959.4589676062228,10.0,8.295422554016113,,,,,7.0,9.0,11.0
2025-08-18 07:05:36,1872.989090909091,956.9745454545455,1459.6654545454546,15.367879478872055,100.0,959.4128481364176,10.0,8.29592514038086,,,,,8.0,10.0,11.0
2025-08-18 07:05:39,1874.8509090909092,956.9745454545455,1459.6654545454546,15.373028281726874,100.0,959.420815532198,10.0,8.306057929992676,,,,,8.0,10.0,13.0
2025-08-18 07:05:42,1874.8509090909092,956.9745454545455,1457.8036363636365,15.32668906651088,100.0,959.4302355457025,10.0,8.307656288146973,,,,,7.0,10.0,12.0
2025-08-18 07:05:45,1876.7127272727273,960.6981818181819,1459.6654545454546,15.285498672776157,100.0,959.339453749147,10.0,8.308234214782715,,,,,7.0,9.0,12.0
2025-08-18 07:05:48,1872.989090909091,956.9745454545455,1457.8036363636365,15.295796269463608,100.0,959.4094696132157,10.0,8.29840087890625,,,,,6.0,8.0,9.0
2025-08-18 07:05:51,1874.8509090909092,962.5600000000001,1459.6654545454546,15.270052279927768,100.0,959.4237094184823,10.0,8.293038368225098,,,,,6.0,8.0,9.0
2025-08-18 07:05:54,1874.8509090909092,962.5600000000001,1457.8036363636365,15.239159502089024,100.0,959.4570151637128,10.0,8.294137001037598,,,,,6.0,8.0,9.0
2025-08-18 07:05:57,1876.7127272727273,960.6981818181819,1457.8036363636365,15.21856432268396,100.0,959.3981033532488,10.0,8.310592651367188,,,,,5.0,7.0,9.0
2025-08-18 07:06:00,1874.8509090909092,958.8363636363637,1454.0800000000002,15.21856432268396,100.0,959.3981033532488,10.0,8.305813789367676,,,,,5.0,7.0,9.0
2025-08-18 07:06:03,1876.7127272727273,962.5600000000001,1457.8036363636365,15.203117941186065,100.0,959.4012349767868,10.0,8.30561351776123,,,,,5.0,7.0,9.0
2025-08-18 07:06:06,1872.989090909091,960.6981818181819,1457.8036363636365,15.21341552856029,100.0,959.390135008838,10.0,8.290166854858398,,,,,5.0,6.0,7.0
2025-08-18 07:06:09,1874.8509090909092,964.4218181818183,1459.6654545454546,15.177373977843672,100.0,959.3884283038409,10.0,8.290672302246094,,,,,4.0,6.0,7.0
2025-08-18 07:06:15,1878.5745454545456,962.5600000000001,1459.6654545454546,15.2597546861507,100.0,959.434812102632,10.0,8.314000129699707,,,,,5.0,7.0,8.0
2025-08-18 07:06:22,1876.7127272727273,960.6981818181819,1457.8036363636365,15.2340107068012,100.0,959.4490464801498,10.0,8.310120582580566,,,,,6.0,8.0,9.0
2025-08-18 07:06:28,1876.7127272727273,956.9745454545455,1459.6654545454546,15.295796269463608,100.0,959.4094696132157,10.0,8.318988800048828,,,,,5.0,6.0,6.0
2025-08-18 07:06:34,1874.8509090909092,958.8363636363637,1461.5272727272727,15.306093867315212,100.0,959.3983644533275,10.0,8.302809715270996,,,,,7.0,8.0,9.0
2025-08-18 07:06:37,1874.8509090909092,956.9745454545455,1459.6654545454546,15.311242666677572,100.0,959.4333733949684,10.0,8.308188438415527,,,,,7.0,8.0,8.0
2025-08-18 07:06:40,1872.989090909091,953.2509090909092,1459.6654545454546,15.357581874035532,100.0,959.423956614387,10.0,8.307329177856445,,,,,6.0,7.0,8.0
2025-08-18 07:06:46,1871.1272727272728,951.3890909090909,1455.9418181818182,15.419367520516971,100.0,959.4384316518684,10.0,8.300445556640625,,,,,6.0,7.0,9.0
2025-08-18 07:06:49,1871.1272727272728,953.2509090909092,1457.8036363636365,15.414218715042807,100.0,959.3763732532117,10.0,8.29504108428955,,,,,6.0,7.0,9.0
2025-08-18 07:06:52,1867.4036363636365,953.2509090909092,1459.6654545454546,15.414218715042807,100.0,959.4304644509876,10.0,8.27450180053711,,,,,7.0,8.0,9.0
2025-08-18 07:06:55,1871.1272727272728,953.2509090909092,1459.6654545454546,15.429665132338414,100.0,959.4002735894314,10.0,8.294527053833008,,,,,6.0,8.0,9.0
2025-08-18 07:06:58,1871.1272727272728,951.3890909090909,1459.6654545454546,15.45026035947376,100.0,959.4321411017955,10.0,8.299381256103516,,,,,6.0,9.0,10.0
2025-08-18 07:07:01,1869.2654545454548,953.2509090909092,1455.9418181818182,15.460557974787662,100.0,959.393979848002,10.0,8.283166885375977,,,,,6.0,8.0,9.0
2025-08-18 07:07:04,1869.2654545454548,949.5272727272728,1454.0800000000002,15.429665132338414,100.0,959.4273198550758,10.0,8.295300483703613,,,,,7.0,10.0,11.0
2025-08-18 07:07:07,1869.2654545454548,951.3890909090909,1457.8036363636365,15.403921104967594,100.0,959.360439837693,10.0,8.290595054626465,,,,,7.0,10.0,11.0
2025-08-18 07:07:10,1865.5418181818181,953.2509090909092,1459.6654545454546,15.419367520516971,100.0,959.4654775031471,10.0,8.264074325561523,,,,,7.0,10.0,10.0
2025-08-18 07:07:13,1867.4036363636365,949.5272727272728,1457.8036363636365,15.45026035947376,100.0,959.4321411017955,10.0,8.284302711486816,,,,,7.0,10.0,10.0
2025-08-18 07:07:16,1865.5418181818181,951.3890909090909,1457.8036363636365,15.476004399941303,100.0,959.4178795988696,10.0,8.267589569091797,,,,,6.0,10.0,10.0
2025-08-18 07:07:19,1865.5418181818181,947.6654545454545,1455.9418181818182,15.45026035947376,100.0,959.4321411017955,10.0,8.279528617858887,,,,,6.0,8.0,8.0
2025-08-18 07:07:22,1865.5418181818181,949.5272727272728,1457.8036363636365,15.476004399941303,100.0,959.4178795988696,10.0,8.27310848236084,,,,,6.0,8.0,8.0
2025-08-18 07:07:25,1865.5418181818181,947.6654545454545,1454.0800000000002,15.491450827714289,100.0,959.3876817938743,10.0,8.278059959411621,,,,,6.0,8.0,8.0
2025-08-18 07:07:28,1865.5418181818181,951.3890909090909,1459.6654545454546,15.496599637554027,100.0,959.3956480687749,10.0,8.26685619354248,,,,,6.0,8.0,8.0
2025-08-18 07:07:31,1861.818181818182,953.2509090909092,1461.5272727272727,15.45026035947376,100.0,959.4321411017955,10.0,8.242387771606445,,,,,6.0,7.0,7.0
2025-08-18 07:07:34,1863.68,947.6654545454545,1455.9418181818182,15.501748447684804,100.0,959.4036143720327,10.0,8.26743221282959,,,,,6.0,7.0,7.0
2025-08-18 07:07:37,1859.9563636363637,947.6654545454545,1454.0800000000002,15.517194879823364,100.0,959.4545634748379,10.0,8.246368408203125,,,,,6.0,7.0,7.0
2025-08-18 07:07:40,1859.9563636363637,951.3890909090909,1457.8036363636365,15.501748447684804,100.0,959.4577130842902,10.0,8.235872268676758,,,,,6.0,7.0,7.0
2025-08-18 07:07:43,1863.68,947.6654545454545,1455.9418181818182,15.470855591265718,100.0,959.4640090682137,10.0,8.268556594848633,,,,,6.0,7.0,7.0
2025-08-18 07:07:46,1863.68,953.2509090909092,1457.8036363636365,15.46570678288117,100.0,959.4830898765749,10.0,8.252203941345215,,,,,6.0,8.0,8.0
2025-08-18 07:07:49,1863.68,955.1127272727273,1455.9418181818182,15.476004399941303,100.0,959.4719761307483,10.0,8.246319770812988,,,,,6.0,8.0,8.0
2025-08-18 07:07:52,1863.68,953.2509090909092,1455.9418181818182,15.491450827714289,100.0,959.4417796050382,10.0,8.251280784606934,,,,,6.0,8.0,9.0
2025-08-18 07:07:55,1861.818181818182,951.3890909090909,1454.0800000000002,15.481153208907926,100.0,959.4528947213963,10.0,8.246868133544922,,,,,7.0,8.0,9.0
2025-08-18 07:07:58,1863.68,955.1127272727273,1457.8036363636365,15.434813938685693,100.0,959.4623334248546,10.0,8.247722625732422,,,,,7.0,8.0,9.0
2025-08-18 07:08:01,1861.818181818182,953.2509090909092,1454.0800000000002,15.455409166985191,100.0,959.4401080508376,10.0,8.24222183227539,,,,,6.0,8.0,9.0
2025-08-18 07:08:04,1863.68,958.8363636363637,1457.8036363636365,15.46570678288117,100.0,959.4560420340488,10.0,8.23562240600586,,,,,7.0,8.0,9.0
2025-08-18 07:08:10,1865.5418181818181,956.9745454545455,1455.9418181818182,15.481153208907926,100.0,959.3717493291535,10.0,8.250815391540527,,,,,7.0,9.0,10.0
2025-08-18 07:08:16,1865.5418181818181,955.1127272727273,1454.0800000000002,15.455409166985191,100.0,959.4130606769374,10.0,8.257265090942383,,,,,7.0,8.0,10.0
2025-08-18 07:08:19,1863.68,955.1127272727273,1455.9418181818182,15.455409166985191,100.0,959.4671554428235,10.0,8.247023582458496,,,,,7.0,8.0,10.0
2025-08-18 07:08:22,1865.5418181818181,953.2509090909092,1452.2181818181818,15.43996274532401,100.0,959.4973474916394,10.0,8.263402938842773,,,,,7.0,8.0,10.0
2025-08-18 07:08:28,1863.68,955.1127272727273,1457.8036363636365,15.476004399941303,100.0,959.4178795988696,10.0,8.246258735656738,,,,,8.0,9.0,11.0
2025-08-18 07:08:31,1865.5418181818181,951.3890909090909,1457.8036363636365,15.496599637554027,100.0,959.4497463304849,10.0,8.266922950744629,,,,,8.0,10.0,11.0
2025-08-18 07:08:34,1865.5418181818181,949.5272727272728,1455.9418181818182,15.53264131458127,100.0,959.4514127869658,10.0,8.271200180053711,,,,,7.0,8.0,10.0
2025-08-18 07:08:40,1863.68,949.5272727272728,1454.0800000000002,15.558385378331877,100.0,959.4371419828625,10.0,8.260007858276367,,,,,7.0,9.0,9.0
2025-08-18 07:08:43,1863.68,953.2509090909092,1455.9418181818182,15.53264131458127,100.0,959.4514127869658,10.0,8.249869346618652,,,,,7.0,8.0,8.0
2025-08-18 07:08:46,1861.818181818182,953.2509090909092,1455.9418181818182,15.501748447684804,100.0,959.4577130842902,10.0,8.240645408630371,,,,,6.0,8.0,8.0
2025-08-18 07:08:49,1863.68,951.3890909090909,1455.9418181818182,15.481153208907926,100.0,959.4528947213963,10.0,8.25715446472168,,,,,6.0,7.0,7.0
2025-08-18 07:08:52,1865.5418181818181,953.2509090909092,1452.2181818181818,15.43996274532401,100.0,959.4432540050276,10.0,8.263341903686523,,,,,6.0,7.0,7.0
2025-08-18 07:08:55,1865.5418181818181,953.2509090909092,1454.0800000000002,15.512046068819473,100.0,959.419547063612,10.0,8.260844230651855,,,,,5.0,7.0,7.0
2025-08-18 07:08:58,1863.68,953.2509090909092,1454.0800000000002,15.53264131458127,100.0,959.4514127869658,10.0,8.249869346618652,,,,,5.0,6.0,6.0
2025-08-18 07:09:01,1865.5418181818181,955.1127272727273,1457.8036363636365,15.553236564999679,100.0,959.4291758183712,10.0,8.253923416137695,,,,,4.0,6.0,6.0
2025-08-18 07:09:04,1865.5418181818181,955.1127272727273,1454.0800000000002,15.54808775195852,100.0,959.4212096822131,10.0,8.254095077514648,,,,,5.0,7.0,7.0
2025-08-18 07:09:07,1867.4036363636365,956.9745454545455,1457.8036363636365,15.522343691118294,100.0,959.4354798685949,10.0,8.259767532348633,,,,,5.0,7.0,7.0
2025-08-18 07:09:10,1865.5418181818181,955.1127272727273,1455.9418181818182,15.542938939208398,100.0,959.4132435743905,10.0,8.25425910949707,,,,,5.0,7.0,7.0
2025-08-18 07:09:13,1867.4036363636365,955.1127272727273,1455.9418181818182,15.512046068819473,100.0,959.4465968612457,10.0,8.265650749206543,,,,,5.0,7.0,7.0
2025-08-18 07:09:16,1865.5418181818181,955.1127272727273,1457.8036363636365,15.522343691118294,100.0,959.4354798685949,10.0,8.254987716674805,,,,,7.0,9.0,9.0
2025-08-18 07:10:22,1869.2654545454548,958.8363636363637,1457.8036363636365,15.517194879823364,100.0,959.4275134519291,10.0,8.264711380004883,,,,,7.0,10.0,10.0
2025-08-18 07:10:25,1871.1272727272728,958.8363636363637,1457.8036363636365,15.522343691118294,100.0,959.4354798685949,10.0,8.27484130859375,,,,,6.0,9.0,10.0
2025-08-18 07:10:28,1869.2654545454548,953.2509090909092,1454.0800000000002,15.491450827714289,100.0,959.4958774885521,10.0,8.282221794128418,,,,,6.0,10.0,13.0
2025-08-18 07:10:31,1871.1272727272728,956.9745454545455,1457.8036363636365,15.470855591265718,100.0,959.4099129868778,10.0,8.282100677490234,,,,,6.0,9.0,12.0
2025-08-18 07:10:34,1869.2654545454548,955.1127272727273,1454.0800000000002,15.512046068819473,100.0,959.3924972840672,10.0,8.275880813598633,,,,,6.0,9.0,12.0
2025-08-18 07:10:37,1871.1272727272728,960.6981818181819,1457.8036363636365,15.517194879823364,100.0,959.3734134603786,10.0,8.269430160522461,,,,,6.0,10.0,13.0
2025-08-18 07:10:40,1869.2654545454548,956.9745454545455,1455.9418181818182,15.537790126749314,100.0,959.4593792886661,10.0,8.269559860229492,,,,,5.0,7.0,10.0
2025-08-18 07:10:43,1869.2654545454548,956.9745454545455,1455.9418181818182,15.542938939208398,100.0,959.4132435743905,10.0,8.269335746765137,,,,,6.0,9.0,12.0
2025-08-18 07:10:46,1869.2654545454548,955.1127272727273,1452.2181818181818,15.53264131458127,100.0,959.4514127869658,10.0,8.275246620178223,,,,,6.0,10.0,12.0
2025-08-18 07:10:49,1871.1272727272728,956.9745454545455,1455.9418181818182,15.527492502704263,100.0,959.443446313608,10.0,8.280193328857422,,,,,7.0,9.0,12.0
2025-08-18 07:10:52,1871.1272727272728,955.1127272727273,1454.0800000000002,15.517194879823364,100.0,959.4545634748379,10.0,8.2860689163208,,,,,7.0,9.0,11.0
2025-08-18 07:10:55,1871.1272727272728,956.9745454545455,1455.9418181818182,15.573831820074702,100.0,959.433988199615,10.0,8.278584480285645,,,,,7.0,9.0,9.0
2025-08-18 07:10:58,1869.2654545454548,956.9745454545455,1455.9418181818182,15.537790126749314,100.0,959.4593792886661,10.0,8.269559860229492,,,,,7.0,9.0,10.0
2025-08-18 07:11:01,1871.1272727272728,956.9745454545455,1454.0800000000002,15.537790126749314,100.0,959.405277494905,10.0,8.279789924621582,,,,,6.0,8.0,10.0
2025-08-18 07:11:04,1871.1272727272728,955.1127272727273,1457.8036363636365,15.568683005869389,100.0,959.4801266363462,10.0,8.284334182739258,,,,,6.0,8.0,10.0
2025-08-18 07:11:07,1871.1272727272728,958.8363636363637,1454.0800000000002,15.553236564999679,100.0,959.4021242727921,10.0,8.273748397827148,,,,,6.0,9.0,10.0
2025-08-18 07:11:10,1871.1272727272728,956.9745454545455,1455.9418181818182,15.553236564999679,100.0,959.4562273820414,10.0,8.279318809509277,,,,,6.0,8.0,10.0
2025-08-18 07:11:13,1869.2654545454548,958.8363636363637,1454.0800000000002,15.537790126749314,100.0,959.4593792886661,10.0,8.264045715332031,,,,,6.0,8.0,10.0
2025-08-18 07:11:16,1871.1272727272728,960.6981818181819,1457.8036363636365,15.599575895466842,100.0,959.4738187454244,10.0,8.266716957092285,,,,,5.0,7.0,9.0
2025-08-18 07:11:19,1871.1272727272728,956.9745454545455,1455.9418181818182,15.640766431228258,100.0,959.5104937336228,10.0,8.276372909545898,,,,,5.0,7.0,8.0
2025-08-18 07:12:34,1867.4036363636365,956.9745454545455,1455.9418181818182,15.609873527660966,100.0,959.4897511619597,10.0,8.256821632385254,,,,,6.0,8.0,8.0
2025-08-18 07:12:37,1867.4036363636365,956.9745454545455,1455.9418181818182,15.645915249508107,100.0,959.4102377794611,10.0,8.2554931640625,,,,,6.0,8.0,8.0
2025-08-18 07:12:40,1867.4036363636365,953.2509090909092,1452.2181818181818,15.697403448313707,100.0,959.4898922762503,10.0,8.26485824584961,,,,,7.0,8.0,8.0
2025-08-18 07:12:43,1869.2654545454548,956.9745454545455,1455.9418181818182,15.723147558630444,100.0,959.475602860063,10.0,8.263209342956543,,,,,6.0,8.0,8.0
2025-08-18 07:12:46,1867.4036363636365,953.2509090909092,1454.0800000000002,15.728296381566906,100.0,959.4835681560004,10.0,8.263784408569336,,,,,6.0,8.0,8.0
2025-08-18 07:12:49,1869.2654545454548,955.1127272727273,1457.8036363636365,15.692254627123475,100.0,959.4278116779635,10.0,8.269739151000977,,,,,6.0,7.0,9.0
2025-08-18 07:12:52,1867.4036363636365,955.1127272727273,1454.0800000000002,15.692254627123475,100.0,959.4548691795903,10.0,8.259474754333496,,,,,5.0,7.0,9.0
2025-08-18 07:12:55,1867.4036363636365,955.1127272727273,1455.9418181818182,15.697403448313707,100.0,959.4357768043119,10.0,8.259278297424316,,,,,6.0,8.0,10.0
2025-08-18 07:12:58,1867.4036363636365,953.2509090909092,1452.2181818181818,15.71799873598502,100.0,959.4946962204816,10.0,8.264153480529785,,,,,5.0,9.0,10.0
2025-08-18 07:13:01,1867.4036363636365,955.1127272727273,1454.0800000000002,15.71799873598502,100.0,959.467637592385,10.0,8.2586030960083,,,,,5.0,9.0,12.0
2025-08-18 07:13:04,1867.4036363636365,953.2509090909092,1454.0800000000002,15.728296381566906,100.0,959.4835681560004,10.0,8.263784408569336,,,,,5.0,9.0,12.0
2025-08-18 07:13:07,1867.4036363636365,956.9745454545455,1454.0800000000002,15.733445204794407,100.0,959.4374149265287,10.0,8.252523422241211,,,,,5.0,9.0,12.0
2025-08-18 07:13:10,1867.4036363636365,956.9745454545455,1455.9418181818182,15.738594028312946,100.0,959.4994988326464,10.0,8.252410888671875,,,,,5.0,10.0,13.0
2025-08-18 07:13:13,1867.4036363636365,956.9745454545455,1454.0800000000002,15.754040500614792,100.0,959.4692747034605,10.0,8.251851081848145,,,,,5.0,10.0,13.0
2025-08-18 07:13:16,1869.2654545454548,955.1127272727273,1454.0800000000002,15.754040500614792,100.0,959.4963348724342,10.0,8.26768970489502,,,,,5.0,10.0,14.0
2025-08-18 07:13:19,1865.5418181818181,951.3890909090909,1454.0800000000002,15.738594028312946,100.0,959.4453798283855,10.0,8.258610725402832,,,,,6.0,10.0,14.0
2025-08-18 07:13:22,1867.4036363636365,953.2509090909092,1454.0800000000002,15.748891676223138,100.0,959.4613097168539,10.0,8.263051986694336,,,,,6.0,11.0,14.0
2025-08-18 07:13:25,1867.4036363636365,949.5272727272728,1454.0800000000002,15.738594028312946,100.0,959.4183203534076,10.0,8.274388313293457,,,,,6.0,11.0,15.0
2025-08-18 07:13:28,1869.2654545454548,951.3890909090909,1457.8036363636365,15.748891676223138,100.0,959.4613097168539,10.0,8.2788667678833,,,,,6.0,12.0,14.0
2025-08-18 07:13:31,1865.5418181818181,949.5272727272728,1454.0800000000002,15.712849913630635,100.0,959.4867307557703,10.0,8.265054702758789,,,,,7.0,13.0,15.0
2025-08-18 07:13:37,1867.4036363636365,945.8036363636364,1454.0800000000002,15.728296381566906,100.0,959.4294500529265,10.0,8.285795211791992,,,,,7.0,13.0,15.0
2025-08-18 07:13:40,1867.4036363636365,947.6654545454545,1454.0800000000002,15.748891676223138,100.0,959.434249791281,10.0,8.279573440551758,,,,,8.0,13.0,14.0
2025-08-18 07:13:43,1865.5418181818181,945.8036363636364,1452.2181818181818,15.728296381566906,100.0,959.4294500529265,10.0,8.275500297546387,,,,,8.0,13.0,13.0
2025-08-18 07:13:46,1869.2654545454548,945.8036363636364,1454.0800000000002,15.676808165299008,100.0,959.4850870001105,10.0,8.297922134399414,,,,,8.0,13.0,13.0
2025-08-18 07:13:49,1867.4036363636365,945.8036363636364,1455.9418181818182,15.651064068078995,100.0,959.4723145909537,10.0,8.288491249084473,,,,,8.0,12.0,12.0
2025-08-18 07:13:52,1867.4036363636365,947.6654545454545,1450.3563636363638,15.640766431228258,100.0,959.4563830732965,10.0,8.283310890197754,,,,,7.0,11.0,11.0
2025-08-18 07:13:55,1867.4036363636365,943.9418181818181,1452.2181818181818,15.692254627123475,100.0,959.5089842371408,10.0,8.292637825012207,,,,,7.0,10.0,11.0
2025-08-18 07:13:58,1869.2654545454548,947.6654545454545,1455.9418181818182,15.707701091567287,100.0,959.4787653193234,10.0,8.291335105895996,,,,,7.0,9.0,11.0
2025-08-18 07:14:01,1867.4036363636365,945.8036363636364,1454.0800000000002,15.759189325297484,100.0,959.450179342144,10.0,8.284757614135742,,,,,7.0,10.0,11.0
2025-08-18 07:14:04,1869.2654545454548,947.6654545454545,1454.0800000000002,15.754040500614792,100.0,959.4692747034605,10.0,8.289727210998535,,,,,7.0,10.0,11.0
2025-08-18 07:14:07,1867.4036363636365,947.6654545454545,1455.9418181818182,15.769486975535983,100.0,959.49316983275,10.0,8.2789306640625,,,,,7.0,11.0,12.0
2025-08-18 07:14:10,1867.4036363636365,945.8036363636364,1454.0800000000002,15.790082279505441,100.0,959.4979686725061,10.0,8.283751487731934,,,,,6.0,9.0,10.0
2025-08-18 07:14:13,1865.5418181818181,947.6654545454545,1452.2181818181818,15.810677588131512,100.0,959.5027661796393,10.0,8.26723575592041,,,,,6.0,9.0,12.0
2025-08-18 07:14:16,1865.5418181818181,945.8036363636364,1452.2181818181818,15.836421730462462,100.0,959.4343360664794,10.0,8.271787643432617,,,,,6.0,10.0,12.0
2025-08-18 07:14:19,1867.4036363636365,947.6654545454545,1452.2181818181818,15.841570559801767,100.0,959.4964279802348,10.0,8.276456832885742,,,,,6.0,10.0,12.0
2025-08-18 07:14:22,1865.5418181818181,945.8036363636364,1452.2181818181818,15.8724635419494,100.0,959.5171507037214,10.0,8.270645141601562,,,,,6.0,10.0,11.0
2025-08-18 07:14:25,1867.4036363636365,953.2509090909092,1455.9418181818182,15.903356534574414,100.0,959.4566720826184,10.0,8.257742881774902,,,,,7.0,11.0,12.0
2025-08-18 07:14:28,1865.5418181818181,949.5272727272728,1454.0800000000002,15.939398372545838,100.0,959.5124193110167,10.0,8.257309913635254,,,,,7.0,9.0,11.0
2025-08-18 07:14:31,1867.4036363636365,949.5272727272728,1452.2181818181818,15.954844878899166,100.0,959.4821738711048,10.0,8.26703929901123,,,,,7.0,9.0,11.0
2025-08-18 07:14:34,1867.4036363636365,947.6654545454545,1452.2181818181818,15.939398372545838,100.0,959.431215068418,10.0,8.273036003112793,,,,,7.0,9.0,11.0
2025-08-18 07:15:43,1861.818181818182,930.909090909091,1452.2181818181818,15.764338150271215,100.0,959.4852047614108,10.0,8.29786491394043,,,,,20.0,31.0,33.0
2025-08-18 07:15:46,1861.818181818182,932.7709090909091,1452.2181818181818,15.748891676223138,100.0,959.4613097168539,10.0,8.292845726013184,,,,,20.0,31.0,35.0
2025-08-18 07:15:49,1859.9563636363637,929.0472727272728,1450.3563636363638,15.77463580109179,100.0,959.4740738802584,10.0,8.292717933654785,,,,,20.0,31.0,34.0
2025-08-18 07:15:52,1858.0945454545456,925.3236363636365,1448.4945454545457,15.754040500614792,100.0,959.4692747034605,10.0,8.294157028198242,,,,,20.0,32.0,36.0
2025-08-18 07:15:55,1859.9563636363637,925.3236363636365,1448.4945454545457,15.754040500614792,100.0,959.5233950595103,10.0,8.304518699645996,,,,,19.0,31.0,32.0
2025-08-18 07:15:58,1858.0945454545456,925.3236363636365,1444.770909090909,15.795231106225401,100.0,959.478871724546,10.0,8.292757987976074,,,,,18.0,29.0,29.0
2025-08-18 07:16:01,1858.0945454545456,927.1854545454546,1446.6327272727274,15.8003799332364,100.0,959.4868365146851,10.0,8.287075996398926,,,,,17.0,26.0,26.0
2025-08-18 07:16:04,1856.2327272727275,925.3236363636365,1446.6327272727274,15.779784626938635,100.0,959.4549775235057,10.0,8.282974243164062,,,,,16.0,25.0,26.0
2025-08-18 07:16:07,1854.3709090909092,923.4618181818182,1448.4945454545457,15.77463580109179,100.0,959.447012846292,10.0,8.27835750579834,,,,,17.0,27.0,29.0
2025-08-18 07:16:10,1854.3709090909092,921.6000000000001,1444.770909090909,15.748891676223138,100.0,959.4071898838105,10.0,8.284723281860352,,,,,19.0,29.0,31.0
2025-08-18 07:16:13,1854.3709090909092,923.4618181818182,1448.4945454545457,15.790082279505441,100.0,959.4438452708688,10.0,8.277827262878418,,,,,19.0,30.0,32.0
2025-08-18 07:16:16,1850.647272727273,921.6000000000001,1446.6327272727274,15.795231106225401,100.0,959.4518098074773,10.0,8.262581825256348,,,,,20.0,30.0,30.0
2025-08-18 07:16:19,1850.647272727273,917.8763636363637,1444.770909090909,15.805528760538436,100.0,959.4677389653749,10.0,8.273283958435059,,,,,20.0,29.0,30.0
2025-08-18 07:16:22,1850.647272727273,919.7381818181818,1446.6327272727274,15.810677588131512,100.0,959.4486410117862,10.0,8.267569541931152,,,,,20.0,28.0,29.0
2025-08-18 07:16:25,1848.7854545454547,917.8763636363637,1442.909090909091,15.805528760538436,100.0,959.4948013330503,10.0,8.26301383972168,,,,,20.0,26.0,27.0
2025-08-18 07:16:28,1848.7854545454547,917.8763636363637,1442.909090909091,15.790082279505441,100.0,959.416783597207,10.0,8.263458251953125,,,,,20.0,26.0,27.0
2025-08-18 07:16:31,1848.7854545454547,921.6000000000001,1444.770909090909,15.784933453076519,100.0,959.4629422289544,10.0,8.252653121948242,,,,,20.0,26.0,27.0
2025-08-18 07:16:34,1848.7854545454547,919.7381818181818,1446.6327272727274,15.779784626938635,100.0,959.4549775235057,10.0,8.258336067199707,,,,,20.0,26.0,27.0
2025-08-18 07:16:37,1846.9236363636364,919.7381818181818,1442.909090909091,15.769486975535983,100.0,959.4390481973143,10.0,8.248379707336426,,,,,21.0,27.0,28.0
2025-08-18 07:16:40,1846.9236363636364,923.4618181818182,1446.6327272727274,15.795231106225401,100.0,959.4247479085134,10.0,8.236442565917969,,,,,20.0,28.0,28.0
2025-08-18 07:16:43,1846.9236363636364,923.4618181818182,1444.770909090909,15.77463580109179,100.0,959.4199518304292,10.0,8.237147331237793,,,,,20.0,31.0,37.0
2025-08-18 07:16:46,1846.9236363636364,921.6000000000001,1442.909090909091,15.795231106225401,100.0,959.478871724546,10.0,8.242021560668945,,,,,21.0,32.0,38.0
2025-08-18 07:16:49,1845.0618181818181,923.4618181818182,1441.047272727273,15.784933453076519,100.0,959.4358807624897,10.0,8.226518630981445,,,,,20.0,31.0,37.0
2025-08-18 07:16:52,1841.338181818182,923.4618181818182,1441.047272727273,15.790082279505441,100.0,959.416783597207,10.0,8.205729484558105,,,,,21.0,31.0,37.0
2025-08-18 07:16:55,1845.0618181818181,927.1854545454546,1444.770909090909,15.795231106225401,100.0,959.4247479085134,10.0,8.215116500854492,,,,,19.0,29.0,30.0
2025-08-18 07:16:58,1845.0618181818181,925.3236363636365,1441.047272727273,15.790082279505441,100.0,959.4438452708688,10.0,8.220832824707031,,,,,20.0,28.0,30.0
2025-08-18 07:17:01,1846.9236363636364,927.1854545454546,1442.909090909091,15.759189325297484,100.0,959.450179342144,10.0,8.226678848266602,,,,,19.0,26.0,26.0
2025-08-18 07:17:04,1845.0618181818181,925.3236363636365,1441.047272727273,15.743742852122523,100.0,959.3992253760464,10.0,8.222370147705078,,,,,19.0,25.0,25.0
2025-08-18 07:17:07,1845.0618181818181,927.1854545454546,1442.909090909091,15.77463580109179,100.0,959.447012846292,10.0,8.215846061706543,,,,,19.0,25.0,25.0
2025-08-18 07:17:10,1845.0618181818181,929.0472727272728,1439.1854545454546,15.738594028312946,100.0,959.4994988326464,10.0,8.211627006530762,,,,,18.0,23.0,24.0
2025-08-18 07:17:13,1845.0618181818181,930.909090909091,1444.770909090909,15.764338150271215,100.0,959.3769624641517,10.0,8.205090522766113,,,,,18.0,22.0,23.0
2025-08-18 07:17:16,1845.0618181818181,932.7709090909091,1441.047272727273,15.754040500614792,100.0,959.4692747034605,10.0,8.200033187866211,,,,,17.0,22.0,22.0
2025-08-18 07:17:19,1846.9236363636364,930.909090909091,1441.047272727273,15.733445204794407,100.0,959.4644741943115,10.0,8.216541290283203,,,,,17.0,21.0,21.0
2025-08-18 07:17:22,1845.0618181818181,930.909090909091,1437.3236363636363,15.748891676223138,100.0,959.4613097168539,10.0,8.205711364746094,,,,,17.0,21.0,22.0
2025-08-18 07:17:25,1846.9236363636364,934.6327272727274,1441.047272727273,15.702552269794978,100.0,959.4166840248167,10.0,8.206518173217773,,,,,17.0,21.0,22.0
2025-08-18 07:17:28,1846.9236363636364,929.0472727272728,1435.4618181818184,15.676808165299008,100.0,959.4309732943125,10.0,8.22396469116211,,,,,16.0,20.0,21.0
2025-08-18 07:17:31,1848.7854545454547,930.909090909091,1441.047272727273,15.692254627123475,100.0,959.4548691795903,10.0,8.228242874145508,,,,,16.0,20.0,22.0
2025-08-18 07:17:34,1846.9236363636364,930.909090909091,1439.1854545454546,15.738594028312946,100.0,959.4453798283855,10.0,8.216344833374023,,,,,16.0,20.0,21.0
2025-08-18 07:17:37,1846.9236363636364,927.1854545454546,1439.1854545454546,15.748891676223138,100.0,959.434249791281,10.0,8.227011680603027,,,,,16.0,20.0,21.0
2025-08-18 07:17:40,1848.7854545454547,929.0472727272728,1439.1854545454546,15.779784626938635,100.0,959.4549775235057,10.0,8.230748176574707,,,,,16.0,20.0,21.0
2025-08-18 07:17:43,1846.9236363636364,927.1854545454546,1441.047272727273,15.790082279505441,100.0,959.470906962635,10.0,8.225639343261719,,,,,16.0,19.0,20.0
2025-08-18 07:17:46,1846.9236363636364,925.3236363636365,1437.3236363636363,15.769486975535983,100.0,959.4390481973143,10.0,8.231832504272461,,,,,17.0,21.0,22.0
2025-08-18 07:17:49,1848.7854545454547,927.1854545454546,1441.047272727273,15.784933453076519,100.0,959.4629422289544,10.0,8.23610782623291,,,,,16.0,20.0,20.0
2025-08-18 07:17:52,1848.7854545454547,932.7709090909091,1441.047272727273,15.748891676223138,100.0,959.434249791281,10.0,8.220760345458984,,,,,17.0,21.0,22.0
2025-08-18 07:17:55,1848.7854545454547,932.7709090909091,1439.1854545454546,15.687105806224281,100.0,959.4739611506557,10.0,8.222925186157227,,,,,16.0,20.0,20.0
2025-08-18 07:17:58,1848.7854545454547,934.6327272727274,1437.3236363636363,15.692254627123475,100.0,959.4548691795903,10.0,8.217208862304688,,,,,15.0,20.0,20.0
2025-08-18 07:18:01,1848.7854545454547,934.6327272727274,1437.3236363636363,15.687105806224281,100.0,959.5280757938183,10.0,8.217464447021484,,,,,16.0,20.0,21.0
2025-08-18 07:18:04,1848.7854545454547,932.7709090909091,1437.3236363636363,15.728296381566906,100.0,959.4565090954129,10.0,8.221490859985352,,,,,15.0,20.0,21.0
2025-08-18 07:18:07,1850.647272727273,930.909090909091,1437.3236363636363,15.784933453076519,100.0,959.4088193141295,10.0,8.23530101776123,,,,,14.0,19.0,21.0
2025-08-18 07:18:10,1850.647272727273,930.909090909091,1439.1854545454546,15.769486975535983,100.0,959.4390481973143,10.0,8.235868453979492,,,,,15.0,20.0,21.0
2025-08-18 07:18:13,1850.647272727273,930.909090909091,1439.1854545454546,15.779784626938635,100.0,959.482038782773,10.0,8.235556602478027,,,,,15.0,20.0,21.0
2025-08-18 07:18:16,1848.7854545454547,925.3236363636365,1437.3236363636363,15.779784626938635,100.0,959.482038782773,10.0,8.241820335388184,,,,,15.0,20.0,21.0
2025-08-18 07:18:19,1848.7854545454547,927.1854545454546,1437.3236363636363,15.815826416015625,100.0,959.4566054359883,10.0,8.235039710998535,,,,,16.0,21.0,23.0
2025-08-18 07:18:22,1848.7854545454547,925.3236363636365,1437.3236363636363,15.805528760538436,100.0,959.4677389653749,10.0,8.24091911315918,,,,,17.0,23.0,24.0
2025-08-18 07:18:25,1845.0618181818181,921.6000000000001,1435.4618181818184,15.8003799332364,100.0,959.4597743723134,10.0,8.231532096862793,,,,,17.0,24.0,25.0
2025-08-18 07:18:28,1846.9236363636364,923.4618181818182,1437.3236363636363,15.826124072656967,100.0,959.5266608887293,10.0,8.235499382019043,,,,,18.0,23.0,23.0
2025-08-18 07:18:31,1846.9236363636364,923.4618181818182,1437.3236363636363,15.8003799332364,100.0,959.4327122480468,10.0,8.236279487609863,,,,,17.0,22.0,22.0
2025-08-18 07:18:34,1845.0618181818181,923.4618181818182,1435.4618181818184,15.779784626938635,100.0,959.4008550592828,10.0,8.226658821105957,,,,,16.0,21.0,21.0
2025-08-18 07:18:37,1848.7854545454547,923.4618181818182,1437.3236363636363,15.77463580109179,100.0,959.447012846292,10.0,8.247472763061523,,,,,17.0,22.0,22.0
2025-08-18 07:18:40,1845.0618181818181,923.4618181818182,1433.6000000000001,15.790082279505441,100.0,959.5250304004818,10.0,8.226438522338867,,,,,17.0,21.0,21.0
2025-08-18 07:18:46,1845.0618181818181,917.8763636363637,1433.6000000000001,15.815826416015625,100.0,959.4566054359883,10.0,8.242029190063477,,,,,16.0,19.0,19.0
2025-08-18 07:18:49,1845.0618181818181,921.6000000000001,1439.1854545454546,15.8003799332364,100.0,959.4327122480468,10.0,8.231502532958984,,,,,14.0,18.0,18.0
2025-08-18 07:18:52,1846.9236363636364,917.8763636363637,1435.4618181818184,15.820975244190777,100.0,959.4916329138915,10.0,8.252189636230469,,,,,15.0,19.0,19.0
2025-08-18 07:18:55,1846.9236363636364,916.0145454545454,1433.6000000000001,15.831272901414195,100.0,959.4804988778969,10.0,8.257340431213379,,,,,13.0,18.0,18.0
2025-08-18 07:18:58,1845.0618181818181,916.0145454545454,1433.6000000000001,15.841570559801767,100.0,959.4964279802348,10.0,8.246710777282715,,,,,14.0,19.0,19.0
2025-08-18 07:19:01,1846.9236363636364,917.8763636363637,1433.6000000000001,15.815826416015625,100.0,959.4836682361664,10.0,8.25235366821289,,,,,16.0,21.0,21.0
2025-08-18 07:19:04,1845.0618181818181,917.8763636363637,1431.7381818181818,15.810677588131512,100.0,959.47570358666,10.0,8.242231369018555,,,,,14.0,19.0,19.0
2025-08-18 07:19:07,1846.9236363636364,921.6000000000001,1435.4618181818184,15.790082279505441,100.0,959.470906962635,10.0,8.24219036102295,,,,,13.0,18.0,18.0
2025-08-18 07:19:10,1843.2000000000003,919.7381818181818,1435.4618181818184,15.810677588131512,100.0,959.47570358666,10.0,8.22641658782959,,,,,13.0,17.0,17.0
2025-08-18 07:19:13,1845.0618181818181,919.7381818181818,1433.6000000000001,15.86216588006937,100.0,959.4470921482119,10.0,8.234912872314453,,,,,13.0,17.0,17.0
2025-08-18 07:19:16,1846.9236363636364,917.8763636363637,1433.6000000000001,15.841570559801767,100.0,959.4693640716334,10.0,8.251457214355469,,,,,14.0,17.0,17.0
2025-08-18 07:19:19,1846.9236363636364,919.7381818181818,1433.6000000000001,15.84671938943211,100.0,959.4502643240069,10.0,8.24574089050293,,,,,13.0,16.0,16.0
2025-08-18 07:19:22,1845.0618181818181,921.6000000000001,1429.8763636363635,15.820975244190777,100.0,959.4104438917616,10.0,8.2307710647583,,,,,11.0,15.0,15.0
2025-08-18 07:19:25,1846.9236363636364,923.4618181818182,1431.7381818181818,15.820975244190777,100.0,959.4645698884086,10.0,8.23560619354248,,,,,11.0,14.0,14.0
2025-08-18 07:19:28,1846.9236363636364,927.1854545454546,1433.6000000000001,15.8003799332364,100.0,959.4868365146851,10.0,8.225300788879395,,,,,10.0,13.0,13.0
2025-08-18 07:19:31,1846.9236363636364,925.3236363636365,1433.6000000000001,15.769486975535983,100.0,959.4119874067516,10.0,8.231801986694336,,,,,10.0,13.0,13.0
2025-08-18 07:19:34,1846.9236363636364,923.4618181818182,1429.8763636363635,15.769486975535983,100.0,959.4390481973143,10.0,8.237345695495605,,,,,10.0,12.0,12.0
2025-08-18 07:19:37,1846.9236363636364,927.1854545454546,1433.6000000000001,15.784933453076519,100.0,959.4629422289544,10.0,8.22580623626709,,,,,11.0,14.0,14.0
2025-08-18 07:19:40,1848.7854545454547,927.1854545454546,1433.6000000000001,15.810677588131512,100.0,959.47570358666,10.0,8.235236167907715,,,,,10.0,13.0,13.0
2025-08-18 07:19:43,1846.9236363636364,927.1854545454546,1435.4618181818184,15.759189325297484,100.0,959.4231189840767,10.0,8.226649284362793,,,,,9.0,13.0,13.0
2025-08-18 07:19:46,1846.9236363636364,923.4618181818182,1431.7381818181818,15.733445204794407,100.0,959.4644741943115,10.0,8.238612174987793,,,,,8.0,14.0,14.0
2025-08-18 07:19:49,1846.9236363636364,927.1854545454546,1435.4618181818184,15.733445204794407,100.0,959.4915334801957,10.0,8.227603912353516,,,,,8.0,15.0,15.0
2025-08-18 07:19:52,1846.9236363636364,927.1854545454546,1435.4618181818184,15.702552269794978,100.0,959.3896261088031,10.0,8.228554725646973,,,,,9.0,15.0,15.0
2025-08-18 07:19:55,1848.7854545454547,927.1854545454546,1433.6000000000001,15.738594028312946,100.0,959.4994988326464,10.0,8.237735748291016,,,,,8.0,14.0,14.0
2025-08-18 07:19:58,1846.9236363636364,923.4618181818182,1431.7381818181818,15.738594028312946,100.0,959.4724393214651,10.0,8.238442420959473,,,,,9.0,14.0,14.0
2025-08-18 07:20:01,1848.7854545454547,927.1854545454546,1433.6000000000001,15.769486975535983,100.0,959.4661090059806,10.0,8.23663330078125,,,,,9.0,13.0,13.0
2025-08-18 07:20:04,1848.7854545454547,925.3236363636365,1431.7381818181818,15.759189325297484,100.0,959.477239718314,10.0,8.242517471313477,,,,,9.0,13.0,13.0
2025-08-18 07:20:07,1848.7854545454547,929.0472727272728,1433.6000000000001,15.723147558630444,100.0,959.5297205849482,10.0,8.232784271240234,,,,,9.0,12.0,13.0
2025-08-18 07:20:10,1848.7854545454547,930.909090909091,1433.6000000000001,15.697403448313707,100.0,959.4357768043119,10.0,8.22804069519043,,,,,8.0,10.0,12.0
2025-08-18 07:20:13,1848.7854545454547,929.0472727272728,1433.6000000000001,15.707701091567287,100.0,959.4246489824097,10.0,8.233192443847656,,,,,7.0,9.0,10.0
2025-08-18 07:20:16,1848.7854545454547,927.1854545454546,1429.8763636363635,15.738594028312946,100.0,959.4724393214651,10.0,8.23770809173584,,,,,7.0,8.0,10.0
2025-08-18 07:20:19,1850.647272727273,930.909090909091,1433.6000000000001,15.707701091567287,100.0,959.4517071418165,10.0,8.237998962402344,,,,,7.0,8.0,10.0
2025-08-18 07:20:22,1848.7854545454547,927.1854545454546,1433.6000000000001,15.728296381566906,100.0,959.4565090954129,10.0,8.23803997039795,,,,,8.0,9.0,11.0
2025-08-18 07:20:25,1848.7854545454547,927.1854545454546,1431.7381818181818,15.748891676223138,100.0,959.4883696605289,10.0,8.237369537353516,,,,,7.0,9.0,11.0
2025-08-18 07:20:28,1848.7854545454547,929.0472727272728,1433.6000000000001,15.733445204794407,100.0,959.4374149265287,10.0,8.232325553894043,,,,,8.0,10.0,11.0
2025-08-18 07:20:31,1848.7854545454547,930.909090909091,1433.6000000000001,15.687105806224281,100.0,959.4198465798878,10.0,8.228381156921387,,,,,8.0,11.0,11.0
2025-08-18 07:20:34,1848.7854545454547,930.909090909091,1433.6000000000001,15.71799873598502,100.0,959.467637592385,10.0,8.22736930847168,,,,,8.0,11.0,11.0
2025-08-18 07:20:37,1848.7854545454547,929.0472727272728,1431.7381818181818,15.748891676223138,100.0,959.4883696605289,10.0,8.231851577758789,,,,,9.0,11.0,11.0
2025-08-18 07:20:40,1850.647272727273,930.909090909091,1431.7381818181818,15.764338150271215,100.0,959.4581441599413,10.0,8.236061096191406,,,,,9.0,13.0,13.0
2025-08-18 07:20:43,1848.7854545454547,930.909090909091,1433.6000000000001,15.779784626938635,100.0,959.5091000601445,10.0,8.225298881530762,,,,,9.0,13.0,15.0
2025-08-18 07:20:46,1850.647272727273,936.4945454545455,1435.4618181818184,15.815826416015625,100.0,959.4566054359883,10.0,8.217744827270508,,,,,9.0,13.0,15.0
2025-08-18 07:20:49,1848.7854545454547,934.6327272727274,1431.7381818181818,15.77463580109179,100.0,959.4199518304292,10.0,8.214336395263672,,,,,9.0,12.0,14.0
2025-08-18 07:20:52,1848.7854545454547,930.909090909091,1429.8763636363635,15.738594028312946,100.0,959.4994988326464,10.0,8.226700782775879,,,,,9.0,12.0,13.0
2025-08-18 07:20:55,1848.7854545454547,932.7709090909091,1433.6000000000001,15.65621288694092,100.0,959.4261684525486,10.0,8.223929405212402,,,,,8.0,12.0,13.0
2025-08-18 07:20:58,1848.7854545454547,932.7709090909091,1433.6000000000001,15.599575895466842,100.0,959.5008723185364,10.0,8.225954055786133,,,,,8.0,11.0,12.0
2025-08-18 07:21:01,1845.0618181818181,930.909090909091,1431.7381818181818,15.58927826443687,100.0,959.4308333376928,10.0,8.211153984069824,,,,,7.0,10.0,11.0
2025-08-18 07:21:04,1846.9236363636364,932.7709090909091,1431.7381818181818,15.53264131458127,100.0,959.397311443759,10.0,8.217840194702148,,,,,7.0,10.0,12.0
2025-08-18 07:21:07,1848.7854545454547,936.4945454545455,1435.4618181818184,15.53264131458127,100.0,959.4514127869658,10.0,8.217167854309082,,,,,7.0,9.0,9.0
2025-08-18 07:21:10,1845.0618181818181,934.6327272727274,1433.6000000000001,15.522343691118294,100.0,959.4354798685949,10.0,8.202430725097656,,,,,7.0,9.0,9.0
2025-08-18 07:21:13,1848.7854545454547,932.7709090909091,1433.6000000000001,15.599575895466842,100.0,959.4738187454244,10.0,8.225921630859375,,,,,7.0,9.0,9.0
2025-08-18 07:21:16,1846.9236363636364,934.6327272727274,1433.6000000000001,15.62531997813494,100.0,959.4054313818726,10.0,8.209152221679688,,,,,7.0,9.0,9.0
2025-08-18 07:21:19,1845.0618181818181,934.6327272727274,1437.3236363636363,15.666510525537888,100.0,959.5232685271804,10.0,8.197577476501465,,,,,7.0,8.0,8.0
2025-08-18 07:21:22,1845.0618181818181,932.7709090909091,1429.8763636363635,15.671659345272928,100.0,959.4500646743344,10.0,8.202840805053711,,,,,6.0,8.0,8.0
2025-08-18 07:21:25,1846.9236363636364,936.4945454545455,1435.4618181818184,15.671659345272928,100.0,959.4500646743344,10.0,8.202096939086914,,,,,8.0,10.0,12.0
2025-08-18 07:21:28,1846.9236363636364,936.4945454545455,1433.6000000000001,15.666510525537888,100.0,959.4962120796187,10.0,8.202324867248535,,,,,7.0,9.0,11.0
2025-08-18 07:21:31,1846.9236363636364,936.4945454545455,1435.4618181818184,15.666510525537888,100.0,959.4150428455191,10.0,8.202241897583008,,,,,7.0,9.0,11.0
2025-08-18 07:21:34,1846.9236363636364,936.4945454545455,1431.7381818181818,15.65621288694092,100.0,959.4261684525486,10.0,8.202607154846191,,,,,6.0,8.0,10.0
2025-08-18 07:21:37,1848.7854545454547,938.3563636363637,1435.4618181818184,15.671659345272928,100.0,959.4771213109915,10.0,8.20690631866455,,,,,7.0,9.0,11.0
2025-08-18 07:21:40,1848.7854545454547,936.4945454545455,1431.7381818181818,15.702552269794978,100.0,959.4166840248167,10.0,8.21129322052002,,,,,7.0,10.0,11.0
2025-08-18 07:21:43,1848.7854545454547,940.2181818181818,1437.3236363636363,15.723147558630444,100.0,959.475602860063,10.0,8.199620246887207,,,,,8.0,10.0,11.0
2025-08-18 07:22:49,1846.9236363636364,936.4945454545455,1435.4618181818184,15.738594028312946,100.0,959.4453798283855,10.0,8.199795722961426,,,,,8.0,10.0,10.0
2025-08-18 07:22:52,1846.9236363636364,936.4945454545455,1433.6000000000001,15.687105806224281,100.0,959.4739611506557,10.0,8.201593399047852,,,,,8.0,11.0,11.0
2025-08-18 07:22:55,1846.9236363636364,938.3563636363637,1437.3236363636363,15.738594028312946,100.0,959.4183203534076,10.0,8.194245338439941,,,,,9.0,12.0,12.0
2025-08-18 07:22:58,1850.647272727273,938.3563636363637,1429.8763636363635,15.769486975535983,100.0,959.4661090059806,10.0,8.213834762573242,,,,,8.0,11.0,11.0
2025-08-18 07:23:01,1850.647272727273,936.4945454545455,1433.6000000000001,15.738594028312946,100.0,959.4724393214651,10.0,8.220418930053711,,,,,9.0,13.0,13.0
2025-08-18 07:23:04,1848.7854545454547,938.3563636363637,1435.4618181818184,15.754040500614792,100.0,959.4692747034605,10.0,8.204068183898926,,,,,9.0,13.0,13.0
2025-08-18 07:23:07,1852.509090909091,936.4945454545455,1437.3236363636363,15.779784626938635,100.0,959.4008550592828,10.0,8.229220390319824,,,,,8.0,12.0,12.0
2025-08-18 07:23:10,1850.647272727273,936.4945454545455,1437.3236363636363,15.8003799332364,100.0,959.4327122480468,10.0,8.218246459960938,,,,,9.0,13.0,13.0
2025-08-18 07:23:13,1850.647272727273,934.6327272727274,1435.4618181818184,15.754040500614792,100.0,959.4422145525895,10.0,8.22536563873291,,,,,8.0,12.0,12.0
2025-08-18 07:23:16,1848.7854545454547,936.4945454545455,1435.4618181818184,15.748891676223138,100.0,959.434249791281,10.0,8.209722518920898,,,,,8.0,12.0,12.0
2025-08-18 07:23:19,1846.9236363636364,936.4945454545455,1435.4618181818184,15.759189325297484,100.0,959.477239718314,10.0,8.199121475219727,,,,,8.0,11.0,11.0
2025-08-18 07:23:22,1848.7854545454547,936.4945454545455,1437.3236363636363,15.784933453076519,100.0,959.4088193141295,10.0,8.208456993103027,,,,,6.0,9.0,9.0
2025-08-18 07:23:25,1848.7854545454547,936.4945454545455,1435.4618181818184,15.764338150271215,100.0,959.4040230113117,10.0,8.209158897399902,,,,,6.0,8.0,8.0
2025-08-18 07:23:28,1846.9236363636364,934.6327272727274,1437.3236363636363,15.759189325297484,100.0,959.4231189840767,10.0,8.204580307006836,,,,,7.0,9.0,12.0
2025-08-18 07:23:31,1848.7854545454547,934.6327272727274,1435.4618181818184,15.748891676223138,100.0,959.4071898838105,10.0,8.215208053588867,,,,,7.0,9.0,12.0
2025-08-18 07:23:34,1848.7854545454547,936.4945454545455,1437.3236363636363,15.733445204794407,100.0,959.4103556768474,10.0,8.210227966308594,,,,,6.0,8.0,11.0
2025-08-18 07:23:37,1848.7854545454547,938.3563636363637,1437.3236363636363,15.748891676223138,100.0,959.4613097168539,10.0,8.204236030578613,,,,,6.0,8.0,11.0
2025-08-18 07:23:40,1846.9236363636364,936.4945454545455,1437.3236363636363,15.738594028312946,100.0,959.4453798283855,10.0,8.199795722961426,,,,,6.0,8.0,11.0
2025-08-18 07:23:43,1846.9236363636364,938.3563636363637,1435.4618181818184,15.733445204794407,100.0,959.4644741943115,10.0,8.194476127624512,,,,,6.0,7.0,10.0
2025-08-18 07:23:46,1848.7854545454547,940.2181818181818,1437.3236363636363,15.769486975535983,100.0,959.4390481973143,10.0,8.19798755645752,,,,,6.0,7.0,11.0
2025-08-18 07:23:49,1848.7854545454547,938.3563636363637,1435.4618181818184,15.795231106225401,100.0,959.4247479085134,10.0,8.202610969543457,,,,,6.0,7.0,11.0
2025-08-18 07:23:52,1848.7854545454547,938.3563636363637,1437.3236363636363,15.841570559801767,100.0,959.4423001811397,10.0,8.20103931427002,,,,,6.0,8.0,11.0
2025-08-18 07:23:55,1850.647272727273,938.3563636363637,1437.3236363636363,15.810677588131512,100.0,959.4215784550184,10.0,8.212363243103027,,,,,6.0,8.0,8.0
2025-08-18 07:23:58,1850.647272727273,938.3563636363637,1435.4618181818184,15.810677588131512,100.0,959.4486410117862,10.0,8.212395668029785,,,,,5.0,7.0,7.0
2025-08-18 07:24:01,1848.7854545454547,938.3563636363637,1439.1854545454546,15.820975244190777,100.0,959.4645698884086,10.0,8.201764106750488,,,,,6.0,8.0,8.0
2025-08-18 07:24:04,1848.7854545454547,940.2181818181818,1435.4618181818184,15.815826416015625,100.0,959.4295426539163,10.0,8.196385383605957,,,,,6.0,8.0,8.0
2025-08-18 07:24:07,1850.647272727273,938.3563636363637,1435.4618181818184,15.810677588131512,100.0,959.3403908933494,10.0,8.212274551391602,,,,,6.0,8.0,8.0
2025-08-18 07:24:10,1848.7854545454547,938.3563636363637,1435.4618181818184,15.805528760538436,100.0,959.4136142843408,10.0,8.202247619628906,,,,,7.0,9.0,9.0
2025-08-18 07:24:13,1848.7854545454547,938.3563636363637,1437.3236363636363,15.831272901414195,100.0,959.4263719800282,10.0,8.201372146606445,,,,,7.0,9.0,10.0
2025-08-18 07:24:16,1850.647272727273,940.2181818181818,1435.4618181818184,15.84671938943211,100.0,959.4502643240069,10.0,8.205648422241211,,,,,7.0,9.0,10.0
2025-08-18 07:24:19,1852.509090909091,942.08,1439.1854545454546,15.84671938943211,100.0,959.396136146728,10.0,8.210367202758789,,,,,7.0,9.0,11.0
2025-08-18 07:24:22,1846.9236363636364,940.2181818181818,1437.3236363636363,15.84671938943211,100.0,959.4773284398077,10.0,8.185083389282227,,,,,7.0,9.0,10.0
2025-08-18 07:24:25,1852.509090909091,940.2181818181818,1437.3236363636363,15.805528760538436,100.0,959.3594896757286,10.0,8.217256546020508,,,,,7.0,9.0,10.0
2025-08-18 07:24:28,1850.647272727273,940.2181818181818,1437.3236363636363,15.820975244190777,100.0,959.4104438917616,10.0,8.2064847946167,,,,,7.0,9.0,10.0
2025-08-18 07:24:31,1852.509090909091,940.2181818181818,1437.3236363636363,15.831272901414195,100.0,959.4263719800282,10.0,8.216443061828613,,,,,8.0,9.0,10.0
2025-08-18 07:24:34,1852.509090909091,940.2181818181818,1437.3236363636363,15.810677588131512,100.0,959.5027661796393,10.0,8.217235565185547,,,,,7.0,9.0,10.0
2025-08-18 07:24:37,1852.509090909091,940.2181818181818,1437.3236363636363,15.810677588131512,100.0,959.4486410117862,10.0,8.217174530029297,,,,,7.0,8.0,9.0
2025-08-18 07:24:40,1852.509090909091,943.9418181818181,1439.1854545454546,15.831272901414195,100.0,959.453435419909,10.0,8.20544147491455,,,,,6.0,7.0,7.0
2025-08-18 07:24:43,1852.509090909091,942.08,1439.1854545454546,15.882761204993585,100.0,959.4518827820909,10.0,8.209188461303711,,,,,6.0,8.0,8.0
2025-08-18 07:24:46,1852.509090909091,942.08,1439.1854545454546,15.908505367697217,100.0,959.4105024118002,10.0,8.208257675170898,,,,,7.0,8.0,8.0
2025-08-18 07:24:52,1854.3709090909092,938.3563636363637,1435.4618181818184,15.826124072656967,100.0,959.4184079217881,10.0,8.23242473602295,,,,,7.0,8.0,8.0
2025-08-18 07:24:55,1852.509090909091,942.08,1435.4618181818184,15.810677588131512,100.0,959.4215784550184,10.0,8.211629867553711,,,,,7.0,8.0,8.0
2025-08-18 07:24:58,1854.3709090909092,943.9418181818181,1437.3236363636363,15.769486975535983,100.0,959.3849266342924,10.0,8.21778392791748,,,,,6.0,7.0,7.0
2025-08-18 07:25:01,1852.509090909091,942.08,1439.1854545454546,15.784933453076519,100.0,959.3546964717217,10.0,8.212437629699707,,,,,6.0,8.0,8.0
2025-08-18 07:25:04,1854.3709090909092,942.08,1439.1854545454546,15.743742852122523,100.0,959.4262850582195,10.0,8.224223136901855,,,,,6.0,7.0,7.0
2025-08-18 07:25:07,1852.509090909091,938.3563636363637,1437.3236363636363,15.764338150271215,100.0,959.4310835765749,10.0,8.224264144897461,,,,,5.0,6.0,6.0
2025-08-18 07:25:10,1854.3709090909092,940.2181818181818,1439.1854545454546,15.790082279505441,100.0,959.3897219416497,10.0,8.22811222076416,,,,,6.0,7.0,7.0
2025-08-18 07:25:13,1852.509090909091,940.2181818181818,1439.1854545454546,15.784933453076519,100.0,959.4088193141295,10.0,8.218013763427734,,,,,5.0,5.0,5.0
2025-08-18 07:25:16,1850.647272727273,942.08,1441.047272727273,15.795231106225401,100.0,959.3976860276545,10.0,8.201834678649902,,,,,6.0,6.0,6.0
2025-08-18 07:25:19,1852.509090909091,942.08,1439.1854545454546,15.8003799332364,100.0,959.4327122480468,10.0,8.211997032165527,,,,,6.0,7.0,7.0
2025-08-18 07:25:22,1852.509090909091,942.08,1437.3236363636363,15.779784626938635,100.0,959.5091000601445,10.0,8.212783813476562,,,,,5.0,6.0,7.0
2025-08-18 07:25:25,1854.3709090909092,943.9418181818181,1439.1854545454546,15.779784626938635,100.0,959.4008550592828,10.0,8.217445373535156,,,,,6.0,6.0,8.0
2025-08-18 07:25:28,1854.3709090909092,945.8036363636364,1441.047272727273,15.748891676223138,100.0,959.4613097168539,10.0,8.213052749633789,,,,,6.0,7.0,8.0
2025-08-18 07:25:31,1854.3709090909092,943.9418181818181,1439.1854545454546,15.779784626938635,100.0,959.3196714987286,10.0,8.217354774475098,,,,,7.0,8.0,9.0
2025-08-18 07:25:34,1854.3709090909092,942.08,1439.1854545454546,15.784933453076519,100.0,959.4358807624897,10.0,8.222818374633789,,,,,6.0,7.0,8.0
2025-08-18 07:25:37,1854.3709090909092,943.9418181818181,1441.047272727273,15.779784626938635,100.0,959.4279162823424,10.0,8.217475891113281,,,,,7.0,8.0,9.0
2025-08-18 07:25:40,1854.3709090909092,940.2181818181818,1435.4618181818184,15.769486975535983,100.0,959.4119874067516,10.0,8.228842735290527,,,,,7.0,9.0,10.0
2025-08-18 07:25:43,1856.2327272727275,942.08,1439.1854545454546,15.784933453076519,100.0,959.4088193141295,10.0,8.233087539672852,,,,,6.0,8.0,10.0
2025-08-18 07:25:46,1856.2327272727275,943.9418181818181,1441.047272727273,15.790082279505441,100.0,959.416783597207,10.0,8.22740650177002,,,,,8.0,10.0,11.0
2025-08-18 07:25:49,1854.3709090909092,942.08,1439.1854545454546,15.779784626938635,100.0,959.3737938543276,10.0,8.222933769226074,,,,,7.0,10.0,10.0
2025-08-18 07:25:52,1854.3709090909092,943.9418181818181,1439.1854545454546,15.795231106225401,100.0,959.3976860276545,10.0,8.216907501220703,,,,,7.0,11.0,11.0
2025-08-18 07:25:55,1854.3709090909092,947.6654545454545,1442.909090909091,15.810677588131512,100.0,959.3945159163562,10.0,8.205340385437012,,,,,7.0,11.0,11.0
2025-08-18 07:25:58,1854.3709090909092,942.08,1437.3236363636363,15.84671938943211,100.0,959.4773284398077,10.0,8.220746994018555,,,,,7.0,11.0,11.0
2025-08-18 07:26:01,1856.2327272727275,943.9418181818181,1439.1854545454546,15.882761204993585,100.0,959.4248171434523,10.0,8.224230766296387,,,,,7.0,10.0,10.0
2025-08-18 07:26:04,1856.2327272727275,942.08,1437.3236363636363,15.887910036952235,100.0,959.3786491623972,10.0,8.229521751403809,,,,,7.0,10.0,10.0
2025-08-18 07:26:07,1858.0945454545456,943.9418181818181,1441.047272727273,15.8724635419494,100.0,959.3818246730827,10.0,8.234837532043457,,,,,7.0,10.0,10.0
2025-08-18 07:26:10,1858.0945454545456,945.8036363636364,1441.047272727273,15.8724635419494,100.0,959.4359550310104,10.0,8.229379653930664,,,,,7.0,10.0,10.0
2025-08-18 07:26:13,1858.0945454545456,949.5272727272728,1444.770909090909,15.882761204993585,100.0,959.4248171434523,10.0,8.217978477478027,,,,,7.0,9.0,9.0
2025-08-18 07:26:16,1856.2327272727275,945.8036363636364,1439.1854545454546,15.898207701742649,100.0,959.3945757307363,10.0,8.21815013885498,,,,,8.0,9.0,10.0
2025-08-18 07:26:19,1858.0945454545456,943.9418181818181,1437.3236363636363,15.893058869201923,100.0,959.4136784855157,10.0,8.234158515930176,,,,,8.0,9.0,10.0
2025-08-18 07:26:22,1856.2327272727275,942.08,1439.1854545454546,15.903356534574414,100.0,959.483738622505,10.0,8.229104995727539,,,,,7.0,8.0,10.0
2025-08-18 07:26:25,1858.0945454545456,945.8036363636364,1442.909090909091,15.913654201111058,100.0,959.4455327488889,10.0,8.227973937988281,,,,,7.0,9.0,10.0
2025-08-18 07:26:28,1856.2327272727275,943.9418181818181,1439.1854545454546,15.893058869201923,100.0,959.3866124324751,10.0,8.22383975982666,,,,,7.0,9.0,10.0
2025-08-18 07:26:31,1858.0945454545456,943.9418181818181,1441.047272727273,15.934249537676806,100.0,959.4503196075196,10.0,8.232787132263184,,,,,7.0,9.0,11.0
2025-08-18 07:26:34,1858.0945454545456,943.9418181818181,1441.047272727273,15.939398372545838,100.0,959.4582831311712,10.0,8.232617378234863,,,,,7.0,9.0,10.0
2025-08-18 07:26:37,1856.2327272727275,945.8036363636364,1441.047272727273,15.929100703098811,100.0,959.4152884999125,10.0,8.217116355895996,,,,,7.0,10.0,11.0
2025-08-18 07:26:40,1856.2327272727275,942.08,1439.1854545454546,15.954844878899166,100.0,959.3468303587224,10.0,8.227190971374512,,,,,7.0,10.0,11.0
2025-08-18 07:26:43,1858.0945454545456,945.8036363636364,1441.047272727273,15.898207701742649,100.0,959.3945757307363,10.0,8.228443145751953,,,,,8.0,10.0,10.0
2025-08-18 07:26:46,1856.2327272727275,943.9418181818181,1437.3236363636363,15.908505367697217,100.0,959.4375691407773,10.0,8.22336483001709,,,,,7.0,10.0,10.0
2025-08-18 07:26:49,1859.9563636363637,947.6654545454545,1441.047272727273,15.893058869201923,100.0,959.4136784855157,10.0,8.233421325683594,,,,,8.0,11.0,11.0
2025-08-18 07:27:52,1867.4036363636365,953.2509090909092,1442.909090909091,15.84671938943211,100.0,959.4232002263135,10.0,8.25965404510498,,,,,6.0,9.0,9.0
2025-08-18 07:27:55,1867.4036363636365,953.2509090909092,1442.909090909091,15.815826416015625,100.0,959.3754171440906,10.0,8.260662078857422,,,,,7.0,9.0,9.0
2025-08-18 07:27:58,1865.5418181818181,951.3890909090909,1441.047272727273,15.867314710863866,100.0,959.4821211775043,10.0,8.254232406616211,,,,,7.0,10.0,10.0
2025-08-18 07:28:01,1867.4036363636365,953.2509090909092,1444.770909090909,15.867314710863866,100.0,959.455056178577,10.0,8.258981704711914,,,,,7.0,11.0,11.0
2025-08-18 07:28:04,1865.5418181818181,953.2509090909092,1444.770909090909,15.893058869201923,100.0,959.4136784855157,10.0,8.247757911682129,,,,,7.0,10.0,10.0
2025-08-18 07:28:07,1869.2654545454548,955.1127272727273,1446.6327272727274,15.893058869201923,100.0,959.4136784855157,10.0,8.262831687927246,,,,,7.0,10.0,10.0
2025-08-18 07:28:10,1869.2654545454548,955.1127272727273,1446.6327272727274,15.903356534574414,100.0,959.4296055608429,10.0,8.262499809265137,,,,,8.0,9.0,9.0
2025-08-18 07:28:13,1867.4036363636365,951.3890909090909,1441.047272727273,15.903356534574414,100.0,959.4566720826184,10.0,8.263262748718262,,,,,7.0,9.0,9.0
2025-08-18 07:28:16,1867.4036363636365,951.3890909090909,1442.909090909091,15.8724635419494,100.0,959.4088898429919,10.0,8.264270782470703,,,,,7.0,9.0,9.0
2025-08-18 07:28:19,1869.2654545454548,953.2509090909092,1444.770909090909,15.877612373325974,100.0,959.4439188924549,10.0,8.26891040802002,,,,,7.0,9.0,9.0
2025-08-18 07:28:22,1867.4036363636365,951.3890909090909,1442.909090909091,15.851868219353491,100.0,959.377035580401,10.0,8.264941215515137,,,,,7.0,9.0,9.0
2025-08-18 07:28:25,1869.2654545454548,953.2509090909092,1444.770909090909,15.841570559801767,100.0,959.3881724544747,10.0,8.270088195800781,,,,,8.0,9.0,9.0
2025-08-18 07:28:28,1867.4036363636365,955.1127272727273,1444.770909090909,15.8724635419494,100.0,959.4359550310104,10.0,8.253265380859375,,,,,8.0,10.0,10.0
2025-08-18 07:28:31,1869.2654545454548,953.2509090909092,1444.770909090909,15.836421730462462,100.0,959.4072724193996,10.0,8.270284652709961,,,,,8.0,11.0,11.0
2025-08-18 07:28:34,1865.5418181818181,951.3890909090909,1444.770909090909,15.887910036952235,100.0,959.4057149901266,10.0,8.253443717956543,,,,,7.0,9.0,11.0
2025-08-18 07:28:37,1869.2654545454548,953.2509090909092,1444.770909090909,15.934249537676806,100.0,959.4232517700825,10.0,8.266947746276855,,,,,8.0,10.0,11.0
2025-08-18 07:28:40,1867.4036363636365,951.3890909090909,1444.770909090909,15.959993714932352,100.0,959.4901375074012,10.0,8.261358261108398,,,,,8.0,11.0,15.0
2025-08-18 07:28:43,1869.2654545454548,953.2509090909092,1446.6327272727274,15.970291387871839,100.0,959.4248566748224,10.0,8.265707015991211,,,,,8.0,11.0,16.0
2025-08-18 07:28:46,1869.2654545454548,953.2509090909092,1444.770909090909,15.97544022477814,100.0,959.4869589452385,10.0,8.265599250793457,,,,,7.0,10.0,15.0
2025-08-18 07:28:49,1867.4036363636365,953.2509090909092,1444.770909090909,15.965142551256577,100.0,959.4439628112856,10.0,8.255606651306152,,,,,7.0,11.0,15.0
2025-08-18 07:29:52,1874.8509090909092,956.9745454545455,1446.6327272727274,15.877612373325974,100.0,959.4168534791265,10.0,8.288732528686523,,,,,8.0,11.0,11.0
2025-08-18 07:29:55,1872.989090909091,955.1127272727273,1446.6327272727274,15.939398372545838,100.0,959.5394874281092,10.0,8.281966209411621,,,,,7.0,9.0,9.0
2025-08-18 07:29:58,1872.989090909091,953.2509090909092,1444.770909090909,15.954844878899166,100.0,959.4551051324,10.0,8.28686237335205,,,,,6.0,9.0,9.0
2025-08-18 07:30:01,1871.1272727272728,958.8363636363637,1448.4945454545457,15.949696043157019,100.0,959.5012787944662,10.0,8.26024055480957,,,,,8.0,10.0,10.0
2025-08-18 07:30:04,1872.989090909091,955.1127272727273,1446.6327272727274,15.98058906197548,100.0,959.4678526216401,10.0,8.28048038482666,,,,,6.0,9.0,10.0
2025-08-18 07:30:07,1874.8509090909092,955.1127272727273,1448.4945454545457,15.996035575313726,100.0,959.4376016933611,10.0,8.290206909179688,,,,,6.0,9.0,10.0
2025-08-18 07:30:10,1871.1272727272728,953.2509090909092,1446.6327272727274,15.985737899463857,100.0,959.4216758573872,10.0,8.275472640991211,,,,,7.0,10.0,11.0
2025-08-18 07:30:13,1871.1272727272728,956.9745454545455,1448.4945454545457,15.954844878899166,100.0,959.4009677093331,10.0,8.265473365783691,,,,,6.0,9.0,10.0
2025-08-18 07:30:16,1872.989090909091,953.2509090909092,1444.770909090909,15.913654201111058,100.0,959.4184657945984,10.0,8.288239479064941,,,,,7.0,10.0,11.0
2025-08-18 07:30:19,1874.8509090909092,953.2509090909092,1448.4945454545457,15.949696043157019,100.0,959.447141749579,10.0,8.297327041625977,,,,,6.0,9.0,12.0
2025-08-18 07:30:22,1874.8509090909092,956.9745454545455,1448.4945454545457,15.954844878899166,100.0,959.4280364118098,10.0,8.28609561920166,,,,,6.0,9.0,11.0
2025-08-18 07:30:25,1874.8509090909092,953.2509090909092,1446.6327272727274,15.913654201111058,100.0,959.4184657945984,10.0,8.298534393310547,,,,,7.0,10.0,12.0
2025-08-18 07:30:28,1871.1272727272728,953.2509090909092,1448.4945454545457,15.923951868811855,100.0,959.4343926447176,10.0,8.277605056762695,,,,,6.0,9.0,11.0
2025-08-18 07:30:31,1874.8509090909092,955.1127272727273,1446.6327272727274,15.867314710863866,100.0,959.455056178577,10.0,8.294644355773926,,,,,7.0,9.0,11.0
2025-08-18 07:30:34,1872.989090909091,953.2509090909092,1444.770909090909,15.851868219353491,100.0,959.4040998671856,10.0,8.29034423828125,,,,,6.0,9.0,10.0
2025-08-18 07:30:37,1874.8509090909092,956.9745454545455,1448.4945454545457,15.831272901414195,100.0,959.453435419909,10.0,8.290361404418945,,,,,7.0,10.0,11.0
2025-08-18 07:30:40,1872.989090909091,956.9745454545455,1448.4945454545457,15.8003799332364,100.0,959.4056501418854,10.0,8.281076431274414,,,,,8.0,10.0,11.0
2025-08-18 07:30:43,1872.989090909091,955.1127272727273,1446.6327272727274,15.831272901414195,100.0,959.453435419909,10.0,8.285591125488281,,,,,8.0,9.0,9.0
2025-08-18 07:30:46,1871.1272727272728,955.1127272727273,1444.770909090909,15.795231106225401,100.0,959.4518098074773,10.0,8.27652359008789,,,,,8.0,10.0,10.0
2025-08-18 07:30:49,1871.1272727272728,953.2509090909092,1446.6327272727274,15.779784626938635,100.0,959.4008550592828,10.0,8.282516479492188,,,,,8.0,10.0,10.0
2025-08-18 07:30:52,1872.989090909091,956.9745454545455,1446.6327272727274,15.779784626938635,100.0,959.4549775235057,10.0,8.281839370727539,,,,,8.0,9.0,9.0
2025-08-18 07:30:55,1874.8509090909092,955.1127272727273,1446.6327272727274,15.810677588131512,100.0,959.4486410117862,10.0,8.296584129333496,,,,,8.0,9.0,9.0
2025-08-18 07:30:58,1874.8509090909092,958.8363636363637,1452.2181818181818,15.805528760538436,100.0,959.4136142843408,10.0,8.285683631896973,,,,,8.0,10.0,10.0
2025-08-18 07:31:01,1874.8509090909092,958.8363636363637,1448.4945454545457,15.795231106225401,100.0,959.3976860276545,10.0,8.286028861999512,,,,,8.0,10.0,11.0
2025-08-18 07:31:04,1874.8509090909092,955.1127272727273,1446.6327272727274,15.790082279505441,100.0,959.470906962635,10.0,8.29731559753418,,,,,8.0,10.0,10.0
2025-08-18 07:31:07,1872.989090909091,953.2509090909092,1446.6327272727274,15.779784626938635,100.0,959.482038782773,10.0,8.292902946472168,,,,,8.0,10.0,11.0
2025-08-18 07:31:10,1872.989090909091,956.9745454545455,1448.4945454545457,15.769486975535983,100.0,959.4390481973143,10.0,8.2821683883667,,,,,8.0,10.0,10.0
2025-08-18 07:31:13,1872.989090909091,953.2509090909092,1448.4945454545457,15.743742852122523,100.0,959.4804044768716,10.0,8.294143676757812,,,,,8.0,10.0,11.0
2025-08-18 07:31:16,1874.8509090909092,955.1127272727273,1450.3563636363638,15.795231106225401,100.0,959.4247479085134,10.0,8.297089576721191,,,,,8.0,10.0,11.0
2025-08-18 07:31:19,1872.989090909091,956.9745454545455,1448.4945454545457,15.790082279505441,100.0,959.470906962635,10.0,8.281501770019531,,,,,9.0,11.0,12.0
2025-08-18 07:31:22,1872.989090909091,953.2509090909092,1446.6327272727274,15.820975244190777,100.0,959.4375068810318,10.0,8.291440963745117,,,,,8.0,10.0,10.0
2025-08-18 07:31:25,1874.8509090909092,955.1127272727273,1448.4945454545457,15.831272901414195,100.0,959.4263719800282,10.0,8.29585075378418,,,,,7.0,9.0,9.0
2025-08-18 07:31:28,1874.8509090909092,953.2509090909092,1448.4945454545457,15.84671938943211,100.0,959.3690720852505,10.0,8.300771713256836,,,,,7.0,9.0,9.0
2025-08-18 07:31:31,1874.8509090909092,955.1127272727273,1448.4945454545457,15.86216588006937,100.0,959.4741569218297,10.0,8.294838905334473,,,,,7.0,9.0,9.0
2025-08-18 07:31:34,1874.8509090909092,955.1127272727273,1448.4945454545457,15.805528760538436,100.0,959.3865519709819,10.0,8.296693801879883,,,,,7.0,9.0,9.0
2025-08-18 07:31:37,1872.989090909091,955.1127272727273,1450.3563636363638,15.836421730462462,100.0,959.4343360664794,10.0,8.285387992858887,,,,,8.0,10.0,10.0
2025-08-18 07:31:40,1874.8509090909092,953.2509090909092,1448.4945454545457,15.841570559801767,100.0,959.4423001811397,10.0,8.30103588104248,,,,,7.0,9.0,9.0
2025-08-18 07:31:43,1872.989090909091,951.3890909090909,1446.6327272727274,15.8724635419494,100.0,959.4359550310104,10.0,8.295184135437012,,,,,7.0,9.0,9.0
2025-08-18 07:31:46,1874.8509090909092,951.3890909090909,1446.6327272727274,15.841570559801767,100.0,959.4423001811397,10.0,8.306554794311523,,,,,7.0,10.0,10.0
2025-08-18 07:31:49,1872.989090909091,951.3890909090909,1446.6327272727274,15.84671938943211,100.0,959.4773284398077,10.0,8.296113967895508,,,,,7.0,10.0,10.0
2025-08-18 07:34:52,1871.1272727272728,947.6654545454545,1448.4945454545457,16.222584738541627,100.0,959.3276344779136,10.0,8.283785820007324,,,,,6.0,8.0,12.0
2025-08-18 07:34:55,1869.2654545454548,949.5272727272728,1446.6327272727274,16.227733589708805,100.0,959.4439162271894,10.0,8.267929077148438,,,,,6.0,9.0,13.0
2025-08-18 07:34:58,1871.1272727272728,949.5272727272728,1448.4945454545457,16.23288244116702,100.0,959.3706357808384,10.0,8.277966499328613,,,,,7.0,10.0,12.0
2025-08-18 07:35:01,1869.2654545454548,949.5272727272728,1448.4945454545457,16.258626702823676,100.0,959.3833576242668,10.0,8.266806602478027,,,,,7.0,10.0,12.0
2025-08-18 07:35:04,1869.2654545454548,949.5272727272728,1448.4945454545457,16.268924409523606,100.0,959.3721966720524,10.0,8.266435623168945,,,,,8.0,10.0,13.0
2025-08-18 07:35:07,1871.1272727272728,951.3890909090909,1448.4945454545457,16.2483289972879,100.0,959.3674365851641,10.0,8.271913528442383,,,,,8.0,9.0,12.0
2025-08-18 07:35:10,1872.989090909091,949.5272727272728,1444.770909090909,16.181393939681584,100.0,959.3181091639183,10.0,8.289970397949219,,,,,6.0,8.0,10.0
2025-08-18 07:35:13,1867.4036363636365,949.5272727272728,1444.770909090909,16.181393939681584,100.0,959.3181091639183,10.0,8.259084701538086,,,,,7.0,8.0,9.0
2025-08-18 07:35:16,1871.1272727272728,949.5272727272728,1448.4945454545457,16.15050085276016,100.0,959.4057312589435,10.0,8.280835151672363,,,,,7.0,8.0,9.0
2025-08-18 07:35:19,1869.2654545454548,947.6654545454545,1444.770909090909,16.16079854723648,100.0,959.394576888924,10.0,8.275690078735352,,,,,6.0,8.0,8.0
2025-08-18 07:35:22,1872.989090909091,949.5272727272728,1444.770909090909,16.109310086496407,100.0,959.3691151324135,10.0,8.29250431060791,,,,,8.0,9.0,11.0
2025-08-18 07:35:25,1871.1272727272728,951.3890909090909,1446.6327272727274,16.10416124202311,100.0,959.4423788312398,10.0,8.276947021484375,,,,,7.0,9.0,10.0
2025-08-18 07:35:28,1872.989090909091,947.6654545454545,1446.6327272727274,16.083565867040306,100.0,959.3022336638761,10.0,8.298830032348633,,,,,7.0,9.0,11.0
2025-08-18 07:35:31,1871.1272727272728,947.6654545454545,1444.770909090909,16.08871471034945,100.0,959.3914179879398,10.0,8.288458824157715,,,,,6.0,8.0,10.0
2025-08-18 07:35:34,1871.1272727272728,949.5272727272728,1446.6327272727274,16.145352005958557,100.0,959.3706929148767,10.0,8.280966758728027,,,,,7.0,9.0,10.0
2025-08-18 07:35:37,1871.1272727272728,947.6654545454545,1444.770909090909,16.17624509113375,100.0,959.3643048216632,10.0,8.285420417785645,,,,,8.0,10.0,11.0
2025-08-18 07:35:40,1871.1272727272728,947.6654545454545,1442.909090909091,16.16079854723648,100.0,959.3674994089232,10.0,8.285958290100098,,,,,7.0,9.0,10.0
2025-08-18 07:35:43,1871.1272727272728,949.5272727272728,1448.4945454545457,16.15050085276016,100.0,959.3245001709582,10.0,8.280744552612305,,,,,8.0,9.0,11.0
2025-08-18 07:35:46,1867.4036363636365,945.8036363636364,1446.6327272727274,16.129905467299977,100.0,959.3468091934781,10.0,8.271918296813965,,,,,8.0,10.0,10.0
2025-08-18 07:35:49,1871.1272727272728,947.6654545454545,1446.6327272727274,16.109310086496407,100.0,959.3149646247201,10.0,8.287664413452148,,,,,7.0,9.0,9.0
2025-08-18 07:38:52,1863.68,938.3563636363637,1442.909090909091,16.23288244116702,100.0,959.3977163430899,10.0,8.269916534423828,,,,,7.0,9.0,10.0
2025-08-18 07:38:55,1861.818181818182,942.08,1442.909090909091,16.1659473949112,100.0,959.3754605644032,10.0,8.250860214233398,,,,,8.0,10.0,10.0
2025-08-18 07:38:58,1863.68,947.6654545454545,1441.047272727273,16.057821654860163,100.0,959.3165741980539,10.0,8.248252868652344,,,,,8.0,10.0,10.0
2025-08-18 07:39:01,1865.5418181818181,949.5272727272728,1441.047272727273,16.016630930505926,100.0,959.3882396470378,10.0,8.254522323608398,,,,,8.0,9.0,9.0
2025-08-18 07:39:04,1865.5418181818181,951.3890909090909,1442.909090909091,16.0784170240222,100.0,959.402568259479,10.0,8.246898651123047,,,,,7.0,10.0,10.0
2025-08-18 07:39:07,1865.5418181818181,945.8036363636364,1441.047272727273,16.099012397840852,100.0,959.3531921152235,10.0,8.262686729431152,,,,,7.0,9.0,9.0
2025-08-18 07:39:10,1867.4036363636365,949.5272727272728,1442.909090909091,16.145352005958557,100.0,959.3165393250154,10.0,8.260321617126465,,,,,7.0,9.0,9.0
2025-08-18 07:39:13,1865.5418181818181,949.5272727272728,1444.770909090909,16.17624509113375,100.0,959.337226701903,10.0,8.24898910522461,,,,,7.0,8.0,8.0
2025-08-18 07:39:16,1865.5418181818181,945.8036363636364,1442.909090909091,16.155649699852802,100.0,959.2783066262688,10.0,8.260668754577637,,,,,6.0,8.0,8.0
2025-08-18 07:39:19,1865.5418181818181,942.08,1439.1854545454546,16.145352005958557,100.0,959.3706929148767,10.0,8.272153854370117,,,,,6.0,8.0,8.0
2025-08-18 07:39:22,1869.2654545454548,943.9418181818181,1442.909090909091,16.129905467299977,100.0,959.3468091934781,10.0,8.287731170654297,,,,,7.0,8.0,8.0
2025-08-18 07:39:25,1865.5418181818181,940.2181818181818,1441.047272727273,16.155649699852802,100.0,959.3866155361729,10.0,8.277335166931152,,,,,7.0,9.0,10.0
2025-08-18 07:39:28,1867.4036363636365,940.2181818181818,1442.909090909091,16.140203159447992,100.0,959.3356550676773,10.0,8.288105010986328,,,,,7.0,9.0,10.0
2025-08-18 07:39:31,1867.4036363636365,940.2181818181818,1442.909090909091,16.191691637650365,100.0,959.3881879488036,10.0,8.286399841308594,,,,,7.0,9.0,10.0
2025-08-18 07:39:34,1867.4036363636365,936.4945454545455,1442.909090909091,16.212287037080387,100.0,959.3929528139041,10.0,8.296723365783691,,,,,8.0,9.0,11.0
2025-08-18 07:39:37,1865.5418181818181,934.6327272727274,1441.047272727273,16.181393939681584,100.0,959.3722658359878,10.0,8.292981147766113,,,,,8.0,9.0,11.0
2025-08-18 07:39:40,1865.5418181818181,938.3563636363637,1442.909090909091,16.191691637650365,100.0,959.3881879488036,10.0,8.281620025634766,,,,,8.0,9.0,11.0
2025-08-18 07:39:43,1865.5418181818181,936.4945454545455,1439.1854545454546,16.23288244116702,100.0,959.3706357808384,10.0,8.285700798034668,,,,,7.0,8.0,10.0
2025-08-18 07:39:46,1863.68,936.4945454545455,1439.1854545454546,16.212287037080387,100.0,959.4200325110432,10.0,8.27617073059082,,,,,7.0,9.0,10.0
2025-08-18 07:39:49,1863.68,940.2181818181818,1446.6327272727274,16.227733589708805,100.0,959.3897554989843,10.0,8.264569282531738,,,,,6.0,8.0,9.0
2025-08-18 07:39:52,1865.5418181818181,940.2181818181818,1444.770909090909,16.191691637650365,100.0,959.4152667627073,10.0,8.276127815246582,,,,,7.0,9.0,9.0
2025-08-18 07:39:55,1865.5418181818181,938.3563636363637,1442.909090909091,16.191691637650365,100.0,959.3881879488036,10.0,8.281620025634766,,,,,7.0,9.0,9.0
2025-08-18 07:39:58,1863.68,936.4945454545455,1439.1854545454546,16.217435887665488,100.0,959.3196741405665,10.0,8.275875091552734,,,,,7.0,8.0,8.0
2025-08-18 07:40:01,1863.68,936.4945454545455,1442.909090909091,16.17624509113375,100.0,959.3643048216632,10.0,8.277348518371582,,,,,6.0,8.0,8.0
2025-08-18 07:40:04,1865.5418181818181,934.6327272727274,1441.047272727273,16.207138186786324,100.0,959.4391508183384,10.0,8.292170524597168,,,,,6.0,7.0,7.0
2025-08-18 07:40:07,1865.5418181818181,940.2181818181818,1444.770909090909,16.15050085276016,100.0,959.3786542114899,10.0,8.277501106262207,,,,,6.0,7.0,7.0
2025-08-18 07:40:10,1863.68,940.2181818181818,1444.770909090909,16.135054313228466,100.0,959.3547704058687,10.0,8.267708778381348,,,,,6.0,8.0,8.0
2025-08-18 07:40:13,1865.5418181818181,936.4945454545455,1442.909090909091,16.135054313228466,100.0,959.4630760004094,10.0,8.28915786743164,,,,,6.0,8.0,8.0
2025-08-18 07:40:16,1865.5418181818181,934.6327272727274,1442.909090909091,16.1659473949112,100.0,959.321305208106,10.0,8.293455123901367,,,,,6.0,8.0,8.0
2025-08-18 07:40:19,1861.818181818182,934.6327272727274,1442.909090909091,16.17624509113375,100.0,959.4184611155634,10.0,8.272624969482422,,,,,7.0,9.0,9.0
2025-08-18 07:40:22,1863.68,932.7709090909091,1439.1854545454546,16.2019893367833,100.0,959.3499516990425,10.0,8.2874755859375,,,,,7.0,9.0,10.0
2025-08-18 07:40:25,1865.5418181818181,932.7709090909091,1442.909090909091,16.23288244116702,100.0,959.3977163430899,10.0,8.296764373779297,,,,,7.0,10.0,11.0
2025-08-18 07:40:28,1861.818181818182,932.7709090909091,1442.909090909091,16.25347784991027,100.0,959.3483156633348,10.0,8.275416374206543,,,,,7.0,10.0,11.0
2025-08-18 07:40:31,1861.818181818182,934.6327272727274,1442.909090909091,16.222584738541627,100.0,959.4088748126101,10.0,8.271023750305176,,,,,8.0,11.0,12.0
2025-08-18 07:40:34,1861.818181818182,932.7709090909091,1441.047272727273,16.23288244116702,100.0,959.3977163430899,10.0,8.276177406311035,,,,,8.0,11.0,13.0
2025-08-18 07:40:37,1863.68,934.6327272727274,1441.047272727273,16.23288244116702,100.0,959.3435552367168,10.0,8.280895233154297,,,,,8.0,11.0,12.0
2025-08-18 07:40:40,1861.818181818182,932.7709090909091,1441.047272727273,16.191691637650365,100.0,959.3881879488036,10.0,8.277573585510254,,,,,8.0,11.0,12.0
2025-08-18 07:40:43,1863.68,932.7709090909091,1441.047272727273,16.186542788520455,100.0,959.3531483079319,10.0,8.288008689880371,,,,,7.0,9.0,11.0
2025-08-18 07:40:46,1863.68,938.3563636363637,1441.047272727273,16.181393939681584,100.0,959.4264225805653,10.0,8.271718978881836,,,,,7.0,9.0,11.0
2025-08-18 07:40:49,1861.818181818182,940.2181818181818,1444.770909090909,16.16079854723648,100.0,959.3404219470483,10.0,8.256515502929688,,,,,6.0,8.0,8.0
2025-08-18 07:40:52,1863.68,942.08,1442.909090909091,16.155649699852802,100.0,959.3866155361729,10.0,8.261523246765137,,,,,7.0,8.0,8.0
2025-08-18 07:40:55,1863.68,940.2181818181818,1441.047272727273,16.15050085276016,100.0,959.3786542114899,10.0,8.267207145690918,,,,,7.0,9.0,9.0
2025-08-18 07:40:58,1863.68,942.08,1442.909090909091,16.109310086496407,100.0,959.3691151324135,10.0,8.263090133666992,,,,,6.0,10.0,10.0
2025-08-18 07:41:01,1865.5418181818181,947.6654545454545,1442.909090909091,16.037226290354738,100.0,959.4471616379884,10.0,8.2593994140625,,,,,6.0,10.0,10.0
2025-08-18 07:41:04,1865.5418181818181,951.3890909090909,1444.770909090909,16.026928609848255,100.0,959.4583080558134,10.0,8.248729705810547,,,,,6.0,10.0,10.0
2025-08-18 07:41:07,1867.4036363636365,949.5272727272728,1444.770909090909,16.032077449955977,100.0,959.4391989315284,10.0,8.264342308044434,,,,,6.0,10.0,10.0
2025-08-18 07:41:10,1867.4036363636365,949.5272727272728,1444.770909090909,16.00118441367522,100.0,959.3643526255374,10.0,8.265320777893066,,,,,6.0,10.0,11.0
2025-08-18 07:41:13,1865.5418181818181,951.3890909090909,1441.047272727273,15.94454720770591,100.0,959.3850418731192,10.0,8.25147533416748,,,,,6.0,10.0,11.0
2025-08-18 07:41:16,1869.2654545454548,953.2509090909092,1442.909090909091,15.94454720770591,100.0,959.4391783949181,10.0,8.266606330871582,,,,,6.0,9.0,10.0
2025-08-18 07:41:19,1865.5418181818181,953.2509090909092,1442.909090909091,15.934249537676806,100.0,959.4232517700825,10.0,8.246359825134277,,,,,7.0,10.0,11.0
2025-08-18 07:41:22,1869.2654545454548,955.1127272727273,1444.770909090909,15.86216588006937,100.0,959.4200273927029,10.0,8.263899803161621,,,,,6.0,10.0,10.0
2025-08-18 07:41:25,1871.1272727272728,955.1127272727273,1442.909090909091,15.841570559801767,100.0,959.4152363087534,10.0,8.274898529052734,,,,,6.0,9.0,9.0
2025-08-18 07:41:28,1871.1272727272728,953.2509090909092,1444.770909090909,15.913654201111058,100.0,959.4184657945984,10.0,8.277941703796387,,,,,7.0,8.0,9.0
2025-08-18 07:41:31,1871.1272727272728,949.5272727272728,1442.909090909091,15.949696043157019,100.0,959.4200732543061,10.0,8.287742614746094,,,,,7.0,9.0,10.0
2025-08-18 07:41:34,1871.1272727272728,947.6654545454545,1444.770909090909,15.949696043157019,100.0,959.447141749579,10.0,8.293289184570312,,,,,7.0,9.0,10.0
2025-08-18 07:41:37,1869.2654545454548,943.9418181818181,1442.909090909091,16.016630930505926,100.0,959.3882396470378,10.0,8.291668891906738,,,,,7.0,9.0,10.0
2025-08-18 07:41:40,1871.1272727272728,943.9418181818181,1444.770909090909,16.016630930505926,100.0,959.415310980895,10.0,8.301989555358887,,,,,7.0,9.0,10.0
2025-08-18 07:41:43,1871.1272727272728,942.08,1444.770909090909,16.02177977003157,100.0,959.3962020437984,10.0,8.307310104370117,,,,,7.0,9.0,12.0
2025-08-18 07:41:46,1867.4036363636365,940.2181818181818,1444.770909090909,16.0784170240222,100.0,959.4296422428928,10.0,8.290324211120605,,,,,5.0,8.0,10.0
2025-08-18 07:41:49,1867.4036363636365,936.4945454545455,1442.909090909091,16.099012397840852,100.0,959.461491545431,10.0,8.30069351196289,,,,,6.0,8.0,11.0
2025-08-18 07:42:52,1856.2327272727275,940.2181818181818,1442.909090909091,16.05267281329725,100.0,959.4439770149553,10.0,8.229459762573242,,,,,6.0,11.0,12.0
2025-08-18 07:42:55,1856.2327272727275,942.08,1437.3236363636363,16.02177977003157,100.0,959.3420589797909,10.0,8.224889755249023,,,,,6.0,10.0,12.0
2025-08-18 07:42:58,1856.2327272727275,942.08,1441.047272727273,16.05267281329725,100.0,959.3898312470471,10.0,8.22387981414795,,,,,7.0,10.0,12.0
2025-08-18 07:43:01,1856.2327272727275,942.08,1439.1854545454546,16.047523972025374,100.0,959.3547965007606,10.0,8.224011421203613,,,,,7.0,10.0,12.0
2025-08-18 07:43:04,1858.0945454545456,943.9418181818181,1439.1854545454546,16.068119338859105,100.0,959.3595707128395,10.0,8.228090286254883,,,,,7.0,10.0,11.0
2025-08-18 07:43:07,1856.2327272727275,943.9418181818181,1441.047272727273,16.0784170240222,100.0,959.3213464179644,10.0,8.217406272888184,,,,,7.0,9.0,11.0
2025-08-18 07:43:10,1856.2327272727275,942.08,1442.909090909091,16.09386355394963,100.0,959.3452306487653,10.0,8.222410202026367,,,,,8.0,9.0,10.0
2025-08-18 07:43:13,1854.3709090909092,940.2181818181818,1441.047272727273,16.129905467299977,100.0,959.3197330654874,10.0,8.216373443603516,,,,,7.0,9.0,12.0
2025-08-18 07:43:16,1854.3709090909092,938.3563636363637,1441.047272727273,16.16079854723648,100.0,959.3404219470483,10.0,8.220850944519043,,,,,7.0,9.0,11.0
2025-08-18 07:43:19,1854.3709090909092,938.3563636363637,1441.047272727273,16.1659473949112,100.0,959.321305208106,10.0,8.220654487609863,,,,,7.0,10.0,12.0
2025-08-18 07:43:22,1852.509090909091,938.3563636363637,1439.1854545454546,16.119607776316116,100.0,959.3308868529342,10.0,8.211956977844238,,,,,7.0,10.0,12.0
2025-08-18 07:43:25,1854.3709090909092,945.8036363636364,1442.909090909091,16.140203159447992,100.0,959.3627316463359,10.0,8.199517250061035,,,,,7.0,10.0,13.0
2025-08-18 07:43:28,1854.3709090909092,942.08,1441.047272727273,16.145352005958557,100.0,959.3706929148767,10.0,8.210386276245117,,,,,7.0,10.0,12.0
2025-08-18 07:43:31,1854.3709090909092,942.08,1441.047272727273,16.135054313228466,100.0,959.4089231668903,10.0,8.210775375366211,,,,,7.0,10.0,12.0
2025-08-18 07:43:34,1856.2327272727275,945.8036363636364,1441.047272727273,16.171096242876956,100.0,959.3563438353972,10.0,8.208744049072266,,,,,6.0,10.0,12.0
2025-08-18 07:43:37,1854.3709090909092,943.9418181818181,1441.047272727273,16.25347784991027,100.0,959.3483156633348,10.0,8.201128959655762,,,,,8.0,11.0,12.0
2025-08-18 07:43:40,1856.2327272727275,942.08,1441.047272727273,16.263775556028122,100.0,959.3913181858525,10.0,8.216634750366211,,,,,8.0,10.0,10.0
2025-08-18 07:43:43,1856.2327272727275,943.9418181818181,1441.047272727273,16.2483289972879,100.0,959.3674365851641,10.0,8.211623191833496,,,,,8.0,10.0,10.0
2025-08-18 07:43:46,1854.3709090909092,943.9418181818181,1442.909090909091,16.222584738541627,100.0,959.3276344779136,10.0,8.202170372009277,,,,,8.0,10.0,10.0
2025-08-18 07:43:49,1856.2327272727275,940.2181818181818,1439.1854545454546,16.25347784991027,100.0,959.3212342540977,10.0,8.222424507141113,,,,,7.0,10.0,10.0
2025-08-18 07:43:52,1852.509090909091,940.2181818181818,1441.047272727273,16.222584738541627,100.0,959.3547145713499,10.0,8.202937126159668,,,,,7.0,10.0,10.0
2025-08-18 07:43:55,1856.2327272727275,942.08,1442.909090909091,16.217435887665488,100.0,959.4009137992365,10.0,8.21823501586914,,,,,7.0,10.0,10.0
2025-08-18 07:43:58,1854.3709090909092,940.2181818181818,1439.1854545454546,16.171096242876956,100.0,959.3563438353972,10.0,8.215006828308105,,,,,7.0,10.0,10.0
2025-08-18 07:44:01,1854.3709090909092,940.2181818181818,1441.047272727273,16.191691637650365,100.0,959.3340303753787,10.0,8.214269638061523,,,,,7.0,10.0,10.0
2025-08-18 07:44:04,1854.3709090909092,940.2181818181818,1442.909090909091,16.155649699852802,100.0,959.2783066262688,10.0,8.215442657470703,,,,,6.0,9.0,9.0
2025-08-18 07:44:07,1854.3709090909092,940.2181818181818,1441.047272727273,16.171096242876956,100.0,959.3563438353972,10.0,8.215006828308105,,,,,7.0,10.0,10.0
2025-08-18 07:44:10,1852.509090909091,942.08,1441.047272727273,16.207138186786324,100.0,959.3579124029458,10.0,8.197952270507812,,,,,6.0,9.0,9.0
2025-08-18 07:44:13,1852.509090909091,940.2181818181818,1439.1854545454546,16.207138186786324,100.0,959.2495947695535,10.0,8.203348159790039,,,,,7.0,9.0,9.0
2025-08-18 07:44:16,1854.3709090909092,942.08,1441.047272727273,16.222584738541627,100.0,959.3276344779136,10.0,8.207684516906738,,,,,7.0,9.0,9.0
2025-08-18 07:44:19,1850.647272727273,940.2181818181818,1439.1854545454546,16.24318014495657,100.0,959.3053141724253,10.0,8.191874504089355,,,,,7.0,10.0,10.0
2025-08-18 07:44:22,1854.3709090909092,945.8036363636364,1442.909090909091,16.196840487071313,100.0,959.3419910231861,10.0,8.197548866271973,,,,,7.0,9.0,9.0
2025-08-18 07:44:25,1850.647272727273,942.08,1442.909090909091,16.186542788520455,100.0,959.2989912214397,10.0,8.188300132751465,,,,,7.0,9.0,9.0
2025-08-18 07:44:28,1852.509090909091,940.2181818181818,1441.047272727273,16.2019893367833,100.0,959.377030927371,10.0,8.203666687011719,,,,,7.0,9.0,10.0
2025-08-18 07:44:31,1852.509090909091,945.8036363636364,1441.047272727273,16.129905467299977,100.0,959.3468091934781,10.0,8.189554214477539,,,,,7.0,9.0,10.0
2025-08-18 07:44:34,1854.3709090909092,949.5272727272728,1442.909090909091,16.10416124202311,100.0,959.3611536097736,10.0,8.189715385437012,,,,,6.0,8.0,9.0
2025-08-18 07:44:37,1856.2327272727275,949.5272727272728,1439.1854545454546,16.073268181295134,100.0,959.3133850638956,10.0,8.201022148132324,,,,,7.0,9.0,12.0
2025-08-18 07:44:40,1858.0945454545456,953.2509090909092,1441.047272727273,16.047523972025374,100.0,959.3818691322091,10.0,8.20124626159668,,,,,7.0,8.0,11.0
2025-08-18 07:44:43,1858.0945454545456,955.1127272727273,1442.909090909091,16.083565867040306,100.0,959.4105303176351,10.0,8.194513320922852,,,,,7.0,8.0,11.0
2025-08-18 07:44:46,1858.0945454545456,949.5272727272728,1441.047272727273,16.109310086496407,100.0,959.3420398695054,10.0,8.21010684967041,,,,,6.0,8.0,11.0
2025-08-18 07:44:49,1858.0945454545456,949.5272727272728,1441.047272727273,16.124756621662527,100.0,959.338848009166,10.0,8.209574699401855,,,,,7.0,8.0,11.0
2025-08-18 07:44:52,1858.0945454545456,949.5272727272728,1442.909090909091,16.119607776316116,100.0,959.3308868529342,10.0,8.209741592407227,,,,,6.0,8.0,11.0
2025-08-18 07:44:55,1858.0945454545456,945.8036363636364,1441.047272727273,16.135054313228466,100.0,959.3006177173443,10.0,8.22021484375,,,,,6.0,8.0,11.0
2025-08-18 07:44:58,1858.0945454545456,947.6654545454545,1441.047272727273,16.15050085276016,100.0,959.3245001709582,10.0,8.214192390441895,,,,,6.0,8.0,11.0
2025-08-18 07:45:01,1854.3709090909092,947.6654545454545,1442.909090909091,16.140203159447992,100.0,959.2815019647342,10.0,8.193907737731934,,,,,5.0,7.0,9.0
2025-08-18 07:45:04,1858.0945454545456,947.6654545454545,1442.909090909091,16.17624509113375,100.0,959.3101486002696,10.0,8.213292121887207,,,,,6.0,8.0,10.0
2025-08-18 07:45:07,1858.0945454545456,951.3890909090909,1442.909090909091,16.124756621662527,100.0,959.311772106508,10.0,8.204026222229004,,,,,7.0,9.0,10.0
2025-08-18 07:45:10,1858.0945454545456,949.5272727272728,1441.047272727273,16.0784170240222,100.0,959.2942725070351,10.0,8.2111177444458,,,,,6.0,8.0,10.0
2025-08-18 07:45:13,1859.9563636363637,953.2509090909092,1442.909090909091,16.057821654860163,100.0,959.3436472439154,10.0,8.211139678955078,,,,,7.0,9.0,10.0
2025-08-18 07:45:16,1859.9563636363637,949.5272727272728,1441.047272727273,16.08871471034945,100.0,959.3643435901099,10.0,8.221139907836914,,,,,7.0,9.0,10.0
2025-08-18 07:45:19,1861.818181818182,955.1127272727273,1446.6327272727274,16.099012397840852,100.0,959.380266945592,10.0,8.214545249938965,,,,,7.0,8.0,8.0
2025-08-18 07:45:22,1861.818181818182,953.2509090909092,1444.770909090909,16.08871471034945,100.0,959.3101948488151,10.0,8.22033977508545,,,,,7.0,10.0,10.0
2025-08-18 07:45:25,1859.9563636363637,949.5272727272728,1441.047272727273,16.10416124202311,100.0,959.3070035527423,10.0,8.220541000366211,,,,,8.0,10.0,10.0
2025-08-18 07:45:28,1859.9563636363637,949.5272727272728,1442.909090909091,16.129905467299977,100.0,959.4009615038319,10.0,8.21976375579834,,,,,8.0,10.0,10.0
2025-08-18 07:45:31,1861.818181818182,951.3890909090909,1442.909090909091,16.099012397840852,100.0,959.3531921152235,10.0,8.225547790527344,,,,,8.0,10.0,10.0
2025-08-18 07:45:34,1861.818181818182,953.2509090909092,1444.770909090909,16.073268181295134,100.0,959.394606229425,10.0,8.220963478088379,,,,,7.0,10.0,10.0
2025-08-18 07:45:37,1863.68,953.2509090909092,1442.909090909091,16.068119338859105,100.0,959.3324972163241,10.0,8.231366157531738,,,,,8.0,10.0,10.0
2025-08-18 07:45:40,1863.68,955.1127272727273,1444.770909090909,16.057821654860163,100.0,959.3977933899981,10.0,8.226273536682129,,,,,7.0,9.0,9.0
2025-08-18 07:45:43,1865.5418181818181,955.1127272727273,1442.909090909091,16.05267281329725,100.0,959.2815399286661,10.0,8.236618995666504,,,,,7.0,9.0,9.0
2025-08-18 07:45:46,1863.68,953.2509090909092,1441.047272727273,16.062970496714115,100.0,959.378682253632,10.0,8.23159408569336,,,,,6.0,8.0,8.0
2025-08-18 07:45:49,1865.5418181818181,958.8363636363637,1444.770909090909,16.02177977003157,100.0,959.3420589797909,10.0,8.226713180541992,,,,,7.0,9.0,9.0
2025-08-18 07:45:52,1867.4036363636365,956.9745454545455,1442.909090909091,16.01148209127132,100.0,959.40734838694,10.0,8.24294662475586,,,,,7.0,8.0,8.0
2025-08-18 07:45:55,1867.4036363636365,958.8363636363637,1444.770909090909,16.073268181295134,100.0,959.3675324894612,10.0,8.235269546508789,,,,,5.0,7.0,7.0
2025-08-18 07:45:58,1867.4036363636365,956.9745454545455,1444.770909090909,16.057821654860163,100.0,959.3707203078968,10.0,8.241312026977539,,,,,7.0,9.0,9.0
2025-08-18 07:46:01,1865.5418181818181,955.1127272727273,1444.770909090909,16.099012397840852,100.0,959.3531921152235,10.0,8.235099792480469,,,,,7.0,10.0,10.0
2025-08-18 07:46:04,1867.4036363636365,953.2509090909092,1442.909090909091,16.099012397840852,100.0,959.3531921152235,10.0,8.250921249389648,,,,,8.0,10.0,10.0
2025-08-18 07:46:07,1867.4036363636365,953.2509090909092,1441.047272727273,16.109310086496407,100.0,959.2878893980577,10.0,8.250494003295898,,,,,8.0,11.0,11.0
2025-08-18 07:46:10,1867.4036363636365,953.2509090909092,1442.909090909091,16.083565867040306,100.0,959.3563819545129,10.0,8.25145435333252,,,,,8.0,11.0,11.0
2025-08-18 07:46:13,1867.4036363636365,951.3890909090909,1441.047272727273,16.099012397840852,100.0,959.2990425088532,10.0,8.256377220153809,,,,,8.0,11.0,11.0
2025-08-18 07:46:16,1869.2654545454548,955.1127272727273,1448.4945454545457,16.124756621662527,100.0,959.338848009166,10.0,8.254799842834473,,,,,8.0,11.0,11.0
2025-08-18 07:46:19,1867.4036363636365,951.3890909090909,1442.909090909091,16.140203159447992,100.0,959.3627316463359,10.0,8.255029678344727,,,,,8.0,11.0,11.0
2025-08-18 07:46:22,1867.4036363636365,951.3890909090909,1444.770909090909,16.140203159447992,100.0,959.3898082431191,10.0,8.255058288574219,,,,,7.0,10.0,10.0
2025-08-18 07:46:25,1863.68,949.5272727272728,1442.909090909091,16.15050085276016,100.0,959.3515771821616,10.0,8.239593505859375,,,,,7.0,10.0,10.0
2025-08-18 07:46:28,1865.5418181818181,949.5272727272728,1444.770909090909,16.145352005958557,100.0,959.2894625572719,10.0,8.25,,,,,7.0,9.0,9.0
2025-08-18 07:46:31,1865.5418181818181,949.5272727272728,1442.909090909091,16.129905467299977,100.0,959.373885339593,10.0,8.250619888305664,,,,,7.0,9.0,9.0
2025-08-18 07:46:34,1865.5418181818181,951.3890909090909,1442.909090909091,16.15050085276016,100.0,959.3786542114899,10.0,8.244406700134277,,,,,7.0,9.0,9.0
2025-08-18 07:46:37,1865.5418181818181,955.1127272727273,1444.770909090909,16.140203159447992,100.0,959.3627316463359,10.0,8.233697891235352,,,,,7.0,9.0,9.0
2025-08-18 07:46:40,1867.4036363636365,953.2509090909092,1446.6327272727274,16.099012397840852,100.0,959.380266945592,10.0,8.250947952270508,,,,,7.0,9.0,9.0
2025-08-18 07:46:43,1865.5418181818181,951.3890909090909,1442.909090909091,16.10416124202311,100.0,959.3611536097736,10.0,8.245969772338867,,,,,7.0,9.0,9.0
2025-08-18 07:46:46,1865.5418181818181,953.2509090909092,1446.6327272727274,16.083565867040306,100.0,959.4105303176351,10.0,8.241216659545898,,,,,8.0,9.0,9.0
2025-08-18 07:46:49,1865.5418181818181,953.2509090909092,1444.770909090909,16.08871471034945,100.0,959.28312050535,10.0,8.240900039672852,,,,,8.0,10.0,10.0
2025-08-18 07:47:52,1869.2654545454548,951.3890909090909,1442.909090909091,16.09386355394963,100.0,959.318156061849,10.0,8.266865730285645,,,,,5.0,7.0,7.0
2025-08-18 07:47:55,1871.1272727272728,955.1127272727273,1446.6327272727274,16.083565867040306,100.0,959.3293078001338,10.0,8.26649284362793,,,,,6.0,8.0,8.0
2025-08-18 07:47:58,1869.2654545454548,955.1127272727273,1448.4945454545457,16.0784170240222,100.0,959.402568259479,10.0,8.256460189819336,,,,,5.0,7.0,7.0
2025-08-18 07:48:01,1871.1272727272728,951.3890909090909,1446.6327272727274,16.032077449955977,100.0,959.3850549299884,10.0,8.279356956481934,,,,,6.0,7.0,7.0
2025-08-18 07:48:04,1869.2654545454548,949.5272727272728,1442.909090909091,16.09386355394963,100.0,959.3452306487653,10.0,8.272421836853027,,,,,6.0,8.0,8.0
2025-08-18 07:48:07,1871.1272727272728,953.2509090909092,1448.4945454545457,16.083565867040306,100.0,959.3293078001338,10.0,8.272011756896973,,,,,5.0,7.0,7.0
2025-08-18 07:48:10,1869.2654545454548,949.5272727272728,1444.770909090909,16.129905467299977,100.0,959.3468091934781,10.0,8.271183013916016,,,,,6.0,8.0,8.0
2025-08-18 07:48:13,1871.1272727272728,953.2509090909092,1446.6327272727274,16.145352005958557,100.0,959.3706929148767,10.0,8.26993465423584,,,,,6.0,8.0,8.0
2025-08-18 07:48:16,1871.1272727272728,955.1127272727273,1448.4945454545457,16.181393939681584,100.0,959.4264225805653,10.0,8.2632417678833,,,,,6.0,8.0,8.0
2025-08-18 07:48:19,1871.1272727272728,951.3890909090909,1446.6327272727274,16.17624509113375,100.0,959.3643048216632,10.0,8.274391174316406,,,,,7.0,8.0,8.0
2025-08-18 07:48:22,1871.1272727272728,949.5272727272728,1444.770909090909,16.181393939681584,100.0,959.3451874908897,10.0,8.279701232910156,,,,,7.0,8.0,8.0
2025-08-18 07:48:25,1871.1272727272728,953.2509090909092,1448.4945454545457,16.181393939681584,100.0,959.3722658359878,10.0,8.268702507019043,,,,,6.0,8.0,8.0
2025-08-18 07:48:28,1871.1272727272728,951.3890909090909,1446.6327272727274,16.171096242876956,100.0,959.3563438353972,10.0,8.274554252624512,,,,,8.0,10.0,11.0
2025-08-18 07:48:31,1872.989090909091,953.2509090909092,1446.6327272727274,16.181393939681584,100.0,959.3181091639183,10.0,8.278939247131348,,,,,8.0,10.0,11.0
2025-08-18 07:48:34,1871.1272727272728,953.2509090909092,1446.6327272727274,16.181393939681584,100.0,959.3993441992129,10.0,8.26873779296875,,,,,8.0,10.0,11.0
2025-08-18 07:48:37,1871.1272727272728,953.2509090909092,1444.770909090909,16.191691637650365,100.0,959.3881879488036,10.0,8.268362998962402,,,,,8.0,10.0,11.0
2025-08-18 07:48:40,1871.1272727272728,955.1127272727273,1448.4945454545457,16.191691637650365,100.0,959.4152667627073,10.0,8.262877464294434,,,,,7.0,10.0,11.0
2025-08-18 07:48:43,1869.2654545454548,953.2509090909092,1446.6327272727274,16.191691637650365,100.0,959.3881879488036,10.0,8.258070945739746,,,,,7.0,9.0,10.0
2025-08-18 07:48:46,1871.1272727272728,951.3890909090909,1444.770909090909,16.186542788520455,100.0,959.407305466933,10.0,8.274080276489258,,,,,8.0,10.0,12.0
2025-08-18 07:48:49,1872.989090909091,953.2509090909092,1444.770909090909,16.2019893367833,100.0,959.4311894384123,10.0,8.27835464477539,,,,,8.0,10.0,11.0
2025-08-18 07:48:52,1871.1272727272728,955.1127272727273,1446.6327272727274,16.191691637650365,100.0,959.3340303753787,10.0,8.262786865234375,,,,,6.0,8.0,10.0
2025-08-18 07:48:55,1871.1272727272728,955.1127272727273,1448.4945454545457,16.196840487071313,100.0,959.3419910231861,10.0,8.262621879577637,,,,,6.0,9.0,9.0
2025-08-18 07:48:58,1872.989090909091,955.1127272727273,1446.6327272727274,16.212287037080387,100.0,959.3387934740119,10.0,8.272377967834473,,,,,7.0,9.0,11.0
2025-08-18 07:49:01,1869.2654545454548,955.1127272727273,1446.6327272727274,16.2019893367833,100.0,959.4311894384123,10.0,8.252250671386719,,,,,6.0,8.0,10.0
2025-08-18 07:49:04,1871.1272727272728,955.1127272727273,1448.4945454545457,16.191691637650365,100.0,959.3611091530273,10.0,8.2628173828125,,,,,6.0,8.0,10.0
2025-08-18 07:49:07,1872.989090909091,955.1127272727273,1446.6327272727274,16.207138186786324,100.0,959.3579124029458,10.0,8.27258014678955,,,,,7.0,9.0,12.0
2025-08-18 07:49:10,1872.989090909091,958.8363636363637,1448.4945454545457,16.191691637650365,100.0,959.4152667627073,10.0,8.262141227722168,,,,,8.0,10.0,12.0
2025-08-18 07:49:13,1871.1272727272728,956.9745454545455,1446.6327272727274,16.227733589708805,100.0,959.3626751620762,10.0,8.256063461303711,,,,,7.0,9.0,11.0
2025-08-18 07:49:16,1874.8509090909092,956.9745454545455,1446.6327272727274,16.212287037080387,100.0,959.3929528139041,10.0,8.27721881866455,,,,,9.0,12.0,14.0
2025-08-18 07:49:19,1872.989090909091,955.1127272727273,1444.770909090909,16.217435887665488,100.0,959.3738338948841,10.0,8.272241592407227,,,,,7.0,11.0,13.0
2025-08-18 07:49:22,1872.989090909091,955.1127272727273,1450.3563636363638,16.25347784991027,100.0,959.375397090703,10.0,8.271011352539062,,,,,8.0,11.0,12.0
2025-08-18 07:49:25,1872.989090909091,953.2509090909092,1444.770909090909,16.268924409523606,100.0,959.3992787754592,10.0,8.276021957397461,,,,,9.0,11.0,11.0
2025-08-18 07:49:28,1872.989090909091,955.1127272727273,1450.3563636363638,16.30496639214107,100.0,959.4008363435356,10.0,8.26927375793457,,,,,8.0,11.0,11.0
2025-08-18 07:49:31,1871.1272727272728,955.1127272727273,1448.4945454545457,16.28437097175629,100.0,959.3689951716125,10.0,8.259649276733398,,,,,7.0,10.0,10.0
2025-08-18 07:49:34,1872.989090909091,955.1127272727273,1448.4945454545457,16.31011524796486,100.0,959.3546289847972,10.0,8.269041061401367,,,,,6.0,8.0,8.0
2025-08-18 07:49:37,1874.8509090909092,955.1127272727273,1448.4945454545457,16.320412960485555,100.0,959.4247175165124,10.0,8.27906322479248,,,,,7.0,9.0,9.0
2025-08-18 07:49:40,1872.989090909091,955.1127272727273,1448.4945454545457,16.30496639214107,100.0,959.4008363435356,10.0,8.26927375793457,,,,,6.0,8.0,8.0
2025-08-18 07:49:43,1871.1272727272728,955.1127272727273,1446.6327272727274,16.294668681366602,100.0,959.3849157015605,10.0,8.259307861328125,,,,,5.0,6.0,7.0
2025-08-18 07:49:46,1872.989090909091,953.2509090909092,1446.6327272727274,16.30496639214107,100.0,959.4279200062518,10.0,8.274819374084473,,,,,5.0,7.0,8.0
2025-08-18 07:49:49,1872.989090909091,955.1127272727273,1446.6327272727274,16.27922211738769,100.0,959.3610349486538,10.0,8.270116806030273,,,,,5.0,7.0,8.0
2025-08-18 07:49:52,1872.989090909091,956.9745454545455,1448.4945454545457,16.299817536608316,100.0,959.3657925893136,10.0,8.263890266418457,,,,,6.0,7.0,8.0
2025-08-18 07:49:55,1872.989090909091,956.9745454545455,1446.6327272727274,16.28437097175629,100.0,959.3689951716125,10.0,8.264425277709961,,,,,6.0,9.0,10.0
2025-08-18 07:50:01,1872.989090909091,956.9745454545455,1448.4945454545457,16.268924409523606,100.0,959.4263608969978,10.0,8.265022277832031,,,,,7.0,10.0,12.0
2025-08-18 07:50:04,1874.8509090909092,955.1127272727273,1446.6327272727274,16.258626702823676,100.0,959.3833576242668,10.0,8.28113842010498,,,,,7.0,9.0,12.0
2025-08-18 07:50:07,1874.8509090909092,956.9745454545455,1450.3563636363638,16.24318014495657,100.0,959.3594761076524,10.0,8.276130676269531,,,,,7.0,9.0,12.0
2025-08-18 07:50:10,1874.8509090909092,955.1127272727273,1446.6327272727274,16.24318014495657,100.0,959.3594761076524,10.0,8.281644821166992,,,,,8.0,9.0,12.0
2025-08-18 07:50:13,1872.989090909091,953.2509090909092,1446.6327272727274,16.212287037080387,100.0,959.3929528139041,10.0,8.277958869934082,,,,,8.0,9.0,12.0
2025-08-18 07:50:16,1872.989090909091,953.2509090909092,1446.6327272727274,16.2019893367833,100.0,959.4311894384123,10.0,8.27835464477539,,,,,7.0,9.0,11.0
2025-08-18 07:50:19,1871.1272727272728,955.1127272727273,1448.4945454545457,16.217435887665488,100.0,959.4009137992365,10.0,8.261981964111328,,,,,7.0,9.0,11.0
2025-08-18 07:50:22,1872.989090909091,953.2509090909092,1446.6327272727274,16.268924409523606,100.0,959.3992787754592,10.0,8.276021957397461,,,,,7.0,8.0,10.0
2025-08-18 07:50:25,1874.8509090909092,956.9745454545455,1450.3563636363638,16.258626702823676,100.0,959.3562759715528,10.0,8.27558708190918,,,,,6.0,8.0,9.0
2025-08-18 07:50:28,1872.989090909091,956.9745454545455,1452.2181818181818,16.299817536608316,100.0,959.4199594459113,10.0,8.263954162597656,,,,,7.0,8.0,9.0
2025-08-18 07:50:31,1874.8509090909092,955.1127272727273,1446.6327272727274,16.28437097175629,100.0,959.3960779329301,10.0,8.28027057647705,,,,,7.0,8.0,10.0
2025-08-18 07:50:34,1872.989090909091,953.2509090909092,1446.6327272727274,16.25347784991027,100.0,959.375397090703,10.0,8.276524543762207,,,,,6.0,7.0,8.0
2025-08-18 07:50:37,1874.8509090909092,955.1127272727273,1448.4945454545457,16.315264104079688,100.0,959.3896730022373,10.0,8.279199600219727,,,,,6.0,8.0,8.0
2025-08-18 07:50:40,1872.989090909091,953.2509090909092,1442.909090909091,16.299817536608316,100.0,959.3928760085456,10.0,8.274959564208984,,,,,7.0,8.0,8.0
2025-08-18 07:50:43,1872.989090909091,953.2509090909092,1446.6327272727274,16.24318014495657,100.0,959.3594761076524,10.0,8.276864051818848,,,,,6.0,7.0,7.0
2025-08-18 07:50:46,1874.8509090909092,953.2509090909092,1448.4945454545457,16.25347784991027,100.0,959.4024785362026,10.0,8.286853790283203,,,,,6.0,7.0,7.0
2025-08-18 07:50:49,1872.989090909091,951.3890909090909,1446.6327272727274,16.268924409523606,100.0,959.3992787754592,10.0,8.281539916992188,,,,,6.0,7.0,7.0
2025-08-18 07:50:52,1872.989090909091,953.2509090909092,1446.6327272727274,16.217435887665488,100.0,959.4279937217178,10.0,8.27782154083252,,,,,7.0,8.0,9.0
2025-08-18 07:50:55,1871.1272727272728,953.2509090909092,1444.770909090909,16.222584738541627,100.0,959.4359549604341,10.0,8.267359733581543,,,,,6.0,8.0,9.0
2025-08-18 07:50:58,1872.989090909091,953.2509090909092,1448.4945454545457,16.27922211738769,100.0,959.4152000387252,10.0,8.275686264038086,,,,,6.0,8.0,9.0
2025-08-18 07:51:01,1871.1272727272728,949.5272727272728,1444.770909090909,16.268924409523606,100.0,959.3451145867775,10.0,8.276700019836426,,,,,6.0,8.0,9.0
2025-08-18 07:51:04,1872.989090909091,953.2509090909092,1448.4945454545457,16.315264104079688,100.0,959.4167570975214,10.0,8.274453163146973,,,,,6.0,8.0,9.0
2025-08-18 07:51:07,1872.989090909091,953.2509090909092,1448.4945454545457,16.27922211738769,100.0,959.4152000387252,10.0,8.275686264038086,,,,,6.0,8.0,9.0
2025-08-18 07:51:10,1872.989090909091,951.3890909090909,1444.770909090909,16.32556181718246,100.0,959.3785088896584,10.0,8.279571533203125,,,,,7.0,10.0,11.0
2025-08-18 07:51:13,1871.1272727272728,949.5272727272728,1442.909090909091,16.351306105032563,100.0,959.3912236544401,10.0,8.273923873901367,,,,,7.0,9.0,10.0
2025-08-18 07:51:16,1869.2654545454548,951.3890909090909,1446.6327272727274,16.351306105032563,100.0,959.4724806183091,10.0,8.25820255279541,,,,,7.0,10.0,11.0
2025-08-18 07:51:19,1871.1272727272728,949.5272727272728,1448.4945454545457,16.351306105032563,100.0,959.3641380360907,10.0,8.273894309997559,,,,,7.0,10.0,10.0
2025-08-18 07:51:22,1869.2654545454548,951.3890909090909,1446.6327272727274,16.361603822209872,100.0,959.4342296473266,10.0,8.25780963897705,,,,,7.0,9.0,9.0
2025-08-18 07:51:25,1871.1272727272728,951.3890909090909,1448.4945454545457,16.371901540551335,100.0,959.3418040728232,10.0,8.267646789550781,,,,,7.0,10.0,10.0
2025-08-18 07:51:28,1871.1272727272728,951.3890909090909,1448.4945454545457,16.39764584149816,100.0,959.4086888362378,10.0,8.266837120056152,,,,,8.0,10.0,10.0
2025-08-18 07:51:31,1871.1272727272728,949.5272727272728,1448.4945454545457,16.371901540551335,100.0,959.45015011564,10.0,8.273283004760742,,,,,7.0,9.0,9.0
2025-08-18 07:51:34,1867.4036363636365,951.3890909090909,1446.6327272727274,16.361603822209872,100.0,959.4071435601292,10.0,8.247478485107422,,,,,5.0,8.0,8.0
2025-08-18 07:51:37,1867.4036363636365,949.5272727272728,1446.6327272727274,16.31011524796486,100.0,959.3817128365957,10.0,8.254738807678223,,,,,7.0,9.0,9.0
2025-08-18 07:51:40,1871.1272727272728,953.2509090909092,1450.3563636363638,16.315264104079688,100.0,959.4167570975214,10.0,8.264155387878418,,,,,6.0,8.0,8.0
2025-08-18 07:51:43,1867.4036363636365,955.1127272727273,1446.6327272727274,16.351306105032563,100.0,959.4183092909266,10.0,8.236812591552734,,,,,6.0,8.0,9.0
2025-08-18 07:51:46,1869.2654545454548,949.5272727272728,1446.6327272727274,16.335859531449387,100.0,959.3944289662011,10.0,8.264165878295898,,,,,5.0,8.0,9.0
2025-08-18 07:51:49,1867.4036363636365,951.3890909090909,1448.4945454545457,16.335859531449387,100.0,959.3944289662011,10.0,8.248351097106934,,,,,5.0,7.0,9.0
2025-08-18 07:51:52,1869.2654545454548,949.5272727272728,1444.770909090909,16.341008389019407,100.0,959.3753038606797,10.0,8.263961791992188,,,,,6.0,9.0,10.0
2025-08-18 07:51:55,1871.1272727272728,953.2509090909092,1446.6327272727274,16.341008389019407,100.0,959.402389046457,10.0,8.263256072998047,,,,,7.0,9.0,11.0
2025-08-18 07:51:58,1867.4036363636365,951.3890909090909,1446.6327272727274,16.315264104079688,100.0,959.3625889250877,10.0,8.249025344848633,,,,,7.0,9.0,11.0
2025-08-18 07:52:01,1869.2654545454548,956.9745454545455,1450.3563636363638,16.258626702823676,100.0,959.4375209840887,10.0,8.244795799255371,,,,,7.0,9.0,11.0
2025-08-18 07:52:04,1871.1272727272728,955.1127272727273,1446.6327272727274,16.289519826415926,100.0,959.4311214140484,10.0,8.259537696838379,,,,,7.0,10.0,13.0
2025-08-18 07:52:07,1871.1272727272728,955.1127272727273,1448.4945454545457,16.30496639214107,100.0,959.4008363435356,10.0,8.258976936340332,,,,,8.0,10.0,13.0
2025-08-18 07:52:10,1869.2654545454548,955.1127272727273,1446.6327272727274,16.335859531449387,100.0,959.3944289662011,10.0,8.247611999511719,,,,,8.0,11.0,13.0
2025-08-18 07:52:13,1872.989090909091,956.9745454545455,1450.3563636363638,16.30496639214107,100.0,959.3737526989536,10.0,8.263726234436035,,,,,8.0,10.0,12.0
2025-08-18 07:52:16,1871.1272727272728,956.9745454545455,1448.4945454545457,16.346157246880466,100.0,959.4103491546994,10.0,8.252055168151855,,,,,8.0,11.0,12.0
2025-08-18 07:52:19,1871.1272727272728,956.9745454545455,1446.6327272727274,16.330710674170405,100.0,959.386468913934,10.0,8.252559661865234,,,,,8.0,11.0,12.0
2025-08-18 07:52:22,1869.2654545454548,956.9745454545455,1450.3563636363638,16.320412960485555,100.0,959.3705488933751,10.0,8.242600440979004,,,,,7.0,10.0,12.0
2025-08-18 07:52:25,1871.1272727272728,956.9745454545455,1446.6327272727274,16.330710674170405,100.0,959.41355366714,10.0,8.252586364746094,,,,,7.0,10.0,11.0
2025-08-18 07:52:28,1871.1272727272728,955.1127272727273,1446.6327272727274,16.299817536608316,100.0,959.4199594459113,10.0,8.259178161621094,,,,,6.0,8.0,8.0
2025-08-18 07:52:31,1872.989090909091,956.9745454545455,1446.6327272727274,16.263775556028122,100.0,959.4454819963676,10.0,8.265218734741211,,,,,7.0,9.0,9.0
2025-08-18 07:52:34,1872.989090909091,955.1127272727273,1446.6327272727274,16.27922211738769,100.0,959.44228261096,10.0,8.270200729370117,,,,,6.0,8.0,8.0
2025-08-18 07:52:37,1874.8509090909092,956.9745454545455,1448.4945454545457,16.268924409523606,100.0,959.3721966720524,10.0,8.27525520324707,,,,,7.0,9.0,9.0
2025-08-18 07:52:40,1872.989090909091,956.9745454545455,1448.4945454545457,16.268924409523606,100.0,959.3992787754592,10.0,8.264986991882324,,,,,7.0,9.0,9.0
2025-08-18 07:52:43,1872.989090909091,955.1127272727273,1446.6327272727274,16.268924409523606,100.0,959.3992787754592,10.0,8.270505905151367,,,,,6.0,8.0,9.0
2025-08-18 07:52:46,1872.989090909091,955.1127272727273,1446.6327272727274,16.30496639214107,100.0,959.4008363435356,10.0,8.26927375793457,,,,,7.0,8.0,10.0
2025-08-18 07:52:49,1871.1272727272728,953.2509090909092,1444.770909090909,16.30496639214107,100.0,959.3466690725056,10.0,8.264435768127441,,,,,7.0,8.0,10.0
2025-08-18 07:52:52,1871.1272727272728,953.2509090909092,1448.4945454545457,16.28437097175629,100.0,959.3689951716125,10.0,8.265166282653809,,,,,7.0,9.0,11.0
2025-08-18 07:52:55,1871.1272727272728,951.3890909090909,1444.770909090909,16.31011524796486,100.0,959.3817128365957,10.0,8.269807815551758,,,,,8.0,10.0,11.0
2025-08-18 07:52:58,1872.989090909091,956.9745454545455,1448.4945454545457,16.315264104079688,100.0,959.3625889250877,10.0,8.263358116149902,,,,,8.0,10.0,11.0
2025-08-18 07:53:01,1871.1272727272728,955.1127272727273,1448.4945454545457,16.346157246880466,100.0,959.4103491546994,10.0,8.257574081420898,,,,,8.0,9.0,11.0
2025-08-18 07:53:04,1872.989090909091,953.2509090909092,1448.4945454545457,16.3564549634757,100.0,959.4533553351148,10.0,8.273077964782715,,,,,8.0,10.0,11.0
2025-08-18 07:53:07,1871.1272727272728,953.2509090909092,1446.6327272727274,16.294668681366602,100.0,959.3849157015605,10.0,8.264829635620117,,,,,8.0,10.0,10.0
2025-08-18 07:53:10,1872.989090909091,956.9745454545455,1448.4945454545457,16.263775556028122,100.0,959.3913181858525,10.0,8.265156745910645,,,,,8.0,10.0,10.0
2025-08-18 07:53:13,1872.989090909091,951.3890909090909,1446.6327272727274,16.28437097175629,100.0,959.3960779329301,10.0,8.281004905700684,,,,,8.0,10.0,10.0
2025-08-18 07:53:16,1872.989090909091,953.2509090909092,1448.4945454545457,16.28437097175629,100.0,959.4231607123808,10.0,8.275517463684082,,,,,8.0,9.0,9.0
2025-08-18 07:53:19,1872.989090909091,956.9745454545455,1452.2181818181818,16.268924409523606,100.0,959.4534430366688,10.0,8.265045166015625,,,,,7.0,9.0,9.0
2025-08-18 07:53:22,1872.989090909091,955.1127272727273,1448.4945454545457,16.25347784991027,100.0,959.3483156633348,10.0,8.270977973937988,,,,,7.0,9.0,9.0
2025-08-18 07:53:25,1871.1272727272728,955.1127272727273,1448.4945454545457,16.212287037080387,100.0,959.311713831259,10.0,8.26205825805664,,,,,7.0,9.0,9.0
2025-08-18 07:53:28,1871.1272727272728,955.1127272727273,1448.4945454545457,16.191691637650365,100.0,959.3340303753787,10.0,8.262786865234375,,,,,7.0,9.0,9.0
2025-08-18 07:53:31,1874.8509090909092,953.2509090909092,1446.6327272727274,16.171096242876956,100.0,959.3292659409746,10.0,8.289594650268555,,,,,8.0,10.0,10.0
2025-08-18 07:53:34,1872.989090909091,955.1127272727273,1450.3563636363638,16.16079854723648,100.0,959.3404219470483,10.0,8.274150848388672,,,,,7.0,9.0,9.0
2025-08-18 07:53:37,1872.989090909091,955.1127272727273,1448.4945454545457,16.124756621662527,100.0,959.3659239299476,10.0,8.275422096252441,,,,,7.0,9.0,9.0
2025-08-18 07:53:40,1871.1272727272728,955.1127272727273,1446.6327272727274,16.119607776316116,100.0,959.4121139936512,10.0,8.265347480773926,,,,,7.0,10.0,10.0
2025-08-18 07:53:43,1871.1272727272728,953.2509090909092,1446.6327272727274,16.124756621662527,100.0,959.3659239299476,10.0,8.270639419555664,,,,,7.0,10.0,10.0
2025-08-18 07:53:46,1871.1272727272728,953.2509090909092,1446.6327272727274,16.135054313228466,100.0,959.4089231668903,10.0,8.270333290100098,,,,,7.0,9.0,9.0
2025-08-18 07:53:49,1871.1272727272728,953.2509090909092,1444.770909090909,16.145352005958557,100.0,959.3977697369949,10.0,8.269968032836914,,,,,7.0,9.0,9.0
2025-08-18 07:53:52,1871.1272727272728,953.2509090909092,1444.770909090909,16.155649699852802,100.0,959.3866155361729,10.0,8.269606590270996,,,,,7.0,9.0,11.0
2025-08-18 08:16:35,1865.5418181818181,951.3890909090909,1442.909090909091,16.510920852102572,100.0,959.2857923154334,10.0,8.231926918029785,,,,,6.0,8.0,8.0
2025-08-18 08:16:38,1863.68,947.6654545454545,1439.1854545454546,16.521218587324256,100.0,959.3288009318178,10.0,8.2323637008667,,,,,6.0,7.0,7.0
2025-08-18 08:16:41,1865.5418181818181,949.5272727272728,1441.047272727273,16.526367455371656,100.0,959.3638521695625,10.0,8.237001419067383,,,,,6.0,7.0,7.0
2025-08-18 08:16:44,1863.68,947.6654545454545,1439.1854545454546,16.531516323710093,100.0,959.3176239845998,10.0,8.231995582580566,,,,,7.0,8.0,8.0
2025-08-18 08:16:47,1863.68,951.3890909090909,1441.047272727273,16.552111799974227,100.0,959.3223619284903,10.0,8.220261573791504,,,,,8.0,9.0,9.0
2025-08-18 08:16:50,1865.5418181818181,951.3890909090909,1442.909090909091,16.516069719567895,100.0,959.347935433496,10.0,8.231816291809082,,,,,7.0,8.0,8.0
2025-08-18 08:16:53,1863.68,953.2509090909092,1442.909090909091,16.531516323710093,100.0,959.2905307143936,10.0,8.215415954589844,,,,,8.0,9.0,9.0
2025-08-18 08:16:56,1865.5418181818181,951.3890909090909,1442.909090909091,16.521218587324256,100.0,959.301708094206,10.0,8.23159122467041,,,,,7.0,8.0,8.0
2025-08-18 08:16:59,1865.5418181818181,953.2509090909092,1442.909090909091,16.531516323710093,100.0,959.2363442284222,10.0,8.225648880004883,,,,,7.0,9.0,9.0
2025-08-18 08:17:02,1863.68,951.3890909090909,1441.047272727273,16.50062311804504,100.0,959.2427847303084,10.0,8.221940040588379,,,,,7.0,8.0,10.0
2025-08-18 08:17:05,1865.5418181818181,953.2509090909092,1439.1854545454546,16.495474251452833,100.0,959.2890105673697,10.0,8.226943969726562,,,,,7.0,9.0,10.0
2025-08-18 08:17:08,1865.5418181818181,953.2509090909092,1442.909090909091,16.510920852102572,100.0,959.2857923154334,10.0,8.22641658782959,,,,,8.0,9.0,11.0
2025-08-18 08:17:11,1863.68,949.5272727272728,1439.1854545454546,16.490325385151664,100.0,959.3081440817668,10.0,8.227885246276855,,,,,7.0,8.0,10.0
2025-08-18 08:17:14,1867.4036363636365,949.5272727272728,1439.1854545454546,16.474878787994385,100.0,959.2842696057418,10.0,8.24897575378418,,,,,6.0,7.0,9.0
2025-08-18 08:17:17,1865.5418181818181,951.3890909090909,1439.1854545454546,16.510920852102572,100.0,959.2857923154334,10.0,8.231926918029785,,,,,7.0,8.0,9.0
2025-08-18 08:17:20,1867.4036363636365,951.3890909090909,1439.1854545454546,16.531516323710093,100.0,959.3176239845998,10.0,8.241551399230957,,,,,7.0,8.0,9.0
2025-08-18 08:17:23,1867.4036363636365,951.3890909090909,1439.1854545454546,16.531516323710093,100.0,959.2634374623344,10.0,8.241497039794922,,,,,6.0,8.0,9.0
2025-08-18 08:17:26,1869.2654545454548,955.1127272727273,1444.770909090909,16.562409539852524,100.0,959.3382777029002,10.0,8.23977279663086,,,,,6.0,8.0,9.0
2025-08-18 08:17:29,1865.5418181818181,953.2509090909092,1444.770909090909,16.588153894641437,100.0,959.2967804878646,10.0,8.223769187927246,,,,,7.0,8.0,8.0
2025-08-18 08:17:32,1867.4036363636365,949.5272727272728,1441.047272727273,16.572707280894974,100.0,959.300003496925,10.0,8.245635032653809,,,,,6.0,7.0,9.0
2025-08-18 08:37:08,1865.5418181818181,949.5272727272728,1441.047272727273,17.587040478363633,100.0,959.3212549609572,10.0,8.200557708740234,,,,,9.0,12.0,12.0
2025-08-18 08:37:11,1865.5418181818181,947.6654545454545,1439.1854545454546,17.59218940665596,100.0,959.3563437290238,10.0,8.205928802490234,,,,,8.0,12.0,12.0
2025-08-18 08:37:14,1865.5418181818181,945.8036363636364,1435.4618181818184,17.587040478363633,100.0,959.3755317970376,10.0,8.21164321899414,,,,,8.0,11.0,11.0
2025-08-18 08:37:17,1867.4036363636365,947.6654545454545,1439.1854545454546,17.550997988466406,100.0,959.2927416243186,10.0,8.21756649017334,,,,,8.0,12.0,12.0
2025-08-18 08:37:20,1865.5418181818181,945.8036363636364,1431.7381818181818,17.5407001368294,100.0,959.3853870735978,10.0,8.213245391845703,,,,,8.0,11.0,11.0
2025-08-18 08:37:23,1867.4036363636365,951.3890909090909,1439.1854545454546,17.566444768104702,100.0,959.3437297330275,10.0,8.206055641174316,,,,,8.0,10.0,10.0
2025-08-18 08:37:26,1867.4036363636365,947.6654545454545,1439.1854545454546,17.59218940665596,100.0,959.3834823816377,10.0,8.216256141662598,,,,,8.0,10.0,10.0
2025-08-18 08:37:29,1865.5418181818181,945.8036363636364,1437.3236363636363,17.623082982521737,100.0,959.4311864652933,10.0,8.210468292236328,,,,,7.0,9.0,9.0
2025-08-18 08:37:32,1865.5418181818181,945.8036363636364,1435.4618181818184,17.63338084347197,100.0,959.3928071513333,10.0,8.210076332092285,,,,,7.0,9.0,9.0
2025-08-18 08:37:35,1865.5418181818181,947.6654545454545,1439.1854545454546,17.63338084347197,100.0,959.3385263295964,10.0,8.204496383666992,,,,,6.0,8.0,8.0
2025-08-18 08:37:38,1867.4036363636365,947.6654545454545,1437.3236363636363,17.61278512273566,100.0,959.3610059035741,10.0,8.215520858764648,,,,,7.0,9.0,9.0
2025-08-18 08:37:41,1867.4036363636365,945.8036363636364,1439.1854545454546,17.643678705586353,100.0,959.4087079397224,10.0,8.220032691955566,,,,,7.0,10.0,10.0
2025-08-18 08:37:44,1867.4036363636365,947.6654545454545,1441.047272727273,17.638529774383642,100.0,959.2921950592914,10.0,8.214559555053711,,,,,7.0,9.0,9.0
2025-08-18 08:37:47,1865.5418181818181,947.6654545454545,1437.3236363636363,17.61278512273566,100.0,959.3610059035741,10.0,8.205229759216309,,,,,6.0,9.0,9.0
2025-08-18 08:37:50,1865.5418181818181,945.8036363636364,1437.3236363636363,17.59733833523933,100.0,959.3371552557115,10.0,8.211246490478516,,,,,7.0,10.0,10.0
2025-08-18 08:37:53,1867.4036363636365,947.6654545454545,1439.1854545454546,17.607636193279177,100.0,959.353055660192,10.0,8.215690612792969,,,,,7.0,10.0,10.0
2025-08-18 08:37:59,1867.4036363636365,951.3890909090909,1437.3236363636363,17.59218940665596,100.0,959.3292050946175,10.0,8.205157279968262,,,,,7.0,10.0,10.0
2025-08-18 08:38:05,1869.2654545454548,949.5272727272728,1439.1854545454546,17.679721232154407,100.0,959.3557918746897,10.0,8.217998504638672,,,,,7.0,9.0,9.0
2025-08-18 08:38:08,1869.2654545454548,949.5272727272728,1439.1854545454546,17.715763772983337,100.0,959.3300087167939,10.0,8.216734886169434,,,,,7.0,9.0,9.0
2025-08-18 08:38:11,1867.4036363636365,947.6654545454545,1435.4618181818184,17.74150845373515,100.0,959.3969002387485,10.0,8.211141586303711,,,,,7.0,9.0,9.0
2025-08-18 08:48:21,1872.989090909091,953.2509090909092,1437.3236363636363,17.751806328073144,100.0,959.2499267647021,10.0,8.22496509552002,,,,,7.0,10.0,12.0
2025-08-18 08:48:24,1872.989090909091,953.2509090909092,1439.1854545454546,17.808444657741347,100.0,959.3373596203947,10.0,8.223114013671875,,,,,7.0,10.0,12.0
2025-08-18 08:48:27,1871.1272727272728,951.3890909090909,1435.4618181818184,17.79814677700051,100.0,959.2400202956882,10.0,8.21858024597168,,,,,8.0,10.0,12.0
2025-08-18 08:48:30,1871.1272727272728,953.2509090909092,1439.1854545454546,17.782699958072044,100.0,959.2976170030196,10.0,8.213659286499023,,,,,8.0,10.0,12.0
2025-08-18 08:48:33,1872.989090909091,955.1127272727273,1441.047272727273,17.808444657741347,100.0,959.2287682586232,10.0,8.217477798461914,,,,,7.0,9.0,10.0
2025-08-18 08:48:36,1871.1272727272728,949.5272727272728,1435.4618181818184,17.808444657741347,100.0,959.2830639030685,10.0,8.223795890808105,,,,,7.0,8.0,11.0
2025-08-18 08:48:39,1872.989090909091,951.3890909090909,1439.1854545454546,17.808444657741347,100.0,959.3102117526215,10.0,8.22860050201416,,,,,6.0,7.0,9.0
2025-08-18 08:48:42,1871.1272727272728,945.8036363636364,1435.4618181818184,17.808444657741347,100.0,959.2830639030685,10.0,8.234827995300293,,,,,6.0,8.0,12.0
2025-08-18 08:48:45,1871.1272727272728,947.6654545454545,1439.1854545454546,17.79814677700051,100.0,959.3214624914151,10.0,8.229708671569824,,,,,7.0,9.0,12.0
2025-08-18 08:48:48,1871.1272727272728,943.9418181818181,1435.4618181818184,17.808444657741347,100.0,959.3373596203947,10.0,8.240402221679688,,,,,7.0,10.0,13.0
2025-08-18 08:48:51,1871.1272727272728,949.5272727272728,1442.909090909091,17.777551019011298,100.0,959.316815094647,10.0,8.224888801574707,,,,,7.0,10.0,13.0
2025-08-18 08:48:54,1871.1272727272728,945.8036363636364,1439.1854545454546,17.79814677700051,100.0,959.2671676760443,10.0,8.2351713180542,,,,,7.0,10.0,13.0
2025-08-18 08:48:57,1872.989090909091,942.08,1435.4618181818184,17.82389148103539,100.0,959.2797599408253,10.0,8.255626678466797,,,,,7.0,10.0,13.0
2025-08-18 08:49:00,1872.989090909091,945.8036363636364,1437.3236363636363,17.854785135481507,100.0,959.3002985743296,10.0,8.243552207946777,,,,,7.0,10.0,13.0
2025-08-18 08:49:03,1872.989090909091,943.9418181818181,1439.1854545454546,17.859934078907827,100.0,959.2810964739958,10.0,8.248867988586426,,,,,8.0,11.0,13.0
2025-08-18 08:49:06,1871.1272727272728,942.08,1437.3236363636363,17.859934078907827,100.0,959.2810964739958,10.0,8.244095802307129,,,,,7.0,11.0,12.0
2025-08-18 08:49:09,1872.989090909091,945.8036363636364,1439.1854545454546,17.854785135481507,100.0,959.2459989439333,10.0,8.243492126464844,,,,,7.0,10.0,10.0
2025-08-18 08:49:12,1872.989090909091,945.8036363636364,1439.1854545454546,17.84448724950198,100.0,959.2844027573445,10.0,8.243885040283203,,,,,8.0,10.0,10.0
2025-08-18 08:49:15,1872.989090909091,945.8036363636364,1439.1854545454546,17.885678800405003,100.0,959.2936843444903,10.0,8.242486000061035,,,,,8.0,11.0,11.0
2025-08-18 08:49:18,1871.1272727272728,942.08,1437.3236363636363,17.911423529178137,100.0,959.2791184107341,10.0,8.24232292175293,,,,,8.0,11.0,11.0
2025-08-18 09:02:30,1869.2654545454548,945.8036363636364,1435.4618181818184,18.946367651224136,100.0,959.2180628178128,10.0,8.185404777526855,,,,,7.0,9.0,10.0
2025-08-18 09:02:36,1867.4036363636365,940.2181818181818,1433.6000000000001,18.925771633628756,100.0,959.1863069712059,10.0,8.192333221435547,,,,,7.0,10.0,12.0
2025-08-18 09:02:42,1869.2654545454548,943.9418181818181,1433.6000000000001,18.86398360878229,100.0,959.1726206481788,10.0,8.193700790405273,,,,,6.0,9.0,10.0
2025-08-18 09:02:48,1867.4036363636365,943.9418181818181,1433.6000000000001,18.874281610012986,100.0,959.1884992268963,10.0,8.183069229125977,,,,,7.0,9.0,10.0
2025-08-18 09:02:54,1871.1272727272728,945.8036363636364,1433.6000000000001,18.833089612075128,100.0,959.2065603005924,10.0,8.19958209991455,,,,,6.0,8.0,9.0
2025-08-18 09:03:00,1871.1272727272728,949.5272727272728,1435.4618181818184,18.776450645324076,100.0,959.173602660624,10.0,8.190449714660645,,,,,6.0,8.0,8.0
2025-08-18 09:03:06,1871.1272727272728,947.6654545454545,1433.6000000000001,18.71981171378866,100.0,959.1950118988351,10.0,8.197933197021484,,,,,6.0,7.0,7.0
2025-08-18 09:03:12,1871.1272727272728,945.8036363636364,1435.4618181818184,18.74555667830282,100.0,959.153151364651,10.0,8.202519416809082,,,,,7.0,9.0,9.0
2025-08-18 09:03:18,1869.2654545454548,943.9418181818181,1433.6000000000001,18.838238610798726,100.0,959.2416919353941,10.0,8.194664001464844,,,,,8.0,9.0,9.0
2025-08-18 09:03:24,1867.4036363636365,942.08,1433.6000000000001,18.961814667476574,100.0,959.1602886509821,10.0,8.18554973602295,,,,,8.0,10.0,10.0
2025-08-18 09:03:33,1865.5418181818181,938.3563636363637,1433.6000000000001,19.044198798394063,100.0,959.2329054374242,10.0,8.18354320526123,,,,,7.0,9.0,9.0
2025-08-18 09:03:36,1865.5418181818181,936.4945454545455,1433.6000000000001,19.07509286669665,100.0,959.2261323159191,10.0,8.187992095947266,,,,,7.0,10.0,10.0
2025-08-18 09:03:39,1865.5418181818181,936.4945454545455,1433.6000000000001,19.044198798394063,100.0,959.2057047898822,10.0,8.189027786254883,,,,,7.0,10.0,10.0
2025-08-18 09:03:42,1863.68,936.4945454545455,1431.7381818181818,19.085390891792485,100.0,959.1604013894882,10.0,8.177267074584961,,,,,7.0,9.0,9.0
2025-08-18 09:03:45,1863.68,936.4945454545455,1433.6000000000001,19.105986945476616,100.0,959.1649482721335,10.0,8.176566123962402,,,,,7.0,10.0,10.0
2025-08-18 09:03:48,1859.9563636363637,936.4945454545455,1433.6000000000001,19.095688918052474,100.0,959.1762764089299,10.0,8.156349182128906,,,,,8.0,10.0,10.0
2025-08-18 09:03:51,1861.818181818182,934.6327272727274,1433.6000000000001,19.105986945476616,100.0,959.1921515354276,10.0,8.171821594238281,,,,,8.0,10.0,10.0
2025-08-18 09:03:54,1858.0945454545456,930.909090909091,1429.8763636363635,19.07509286669665,100.0,959.1717284050939,10.0,8.163299560546875,,,,,8.0,10.0,10.0
2025-08-18 09:03:57,1861.818181818182,929.0472727272728,1433.6000000000001,19.105986945476616,100.0,959.2193548170163,10.0,8.188403129577637,,,,,8.0,10.0,10.0
2025-08-18 09:04:00,1858.0945454545456,925.3236363636365,1428.0145454545457,19.12658300381736,100.0,959.1966979438098,10.0,8.17811393737793,,,,,8.0,11.0,11.0
2025-08-18 09:38:46,1865.5418181818181,940.2181818181818,1420.567272727273,22.895740078907693,100.0,959.3488759937021,10.0,8.045961380004883,,,,,7.0,10.0,11.0
2025-08-18 09:38:49,1863.68,938.3563636363637,1416.8436363636363,22.92663545339019,100.0,959.3416007795194,10.0,8.040116310119629,,,,,7.0,10.0,11.0
2025-08-18 09:38:52,1867.4036363636365,940.2181818181818,1422.429090909091,22.957530838350067,100.0,959.3343211190866,10.0,8.054122924804688,,,,,7.0,9.0,9.0
2025-08-18 09:38:55,1863.68,938.3563636363637,1418.7054545454546,22.92663545339019,100.0,959.3142338627621,10.0,8.040088653564453,,,,,7.0,10.0,10.0
2025-08-18 09:38:58,1863.68,942.08,1420.567272727273,22.972978534759022,100.0,959.3580485343919,10.0,8.027511596679688,,,,,7.0,10.0,10.0
2025-08-18 09:39:04,1863.68,940.2181818181818,1418.7054545454546,22.988426233787322,100.0,959.3544065841479,10.0,8.032493591308594,,,,,7.0,10.0,10.0
2025-08-18 09:39:10,1863.68,938.3563636363637,1418.7054545454546,23.014172404655255,100.0,959.3392106372069,10.0,8.03710651397705,,,,,7.0,9.0,9.0
2025-08-18 09:39:16,1865.5418181818181,938.3563636363637,1416.8436363636363,23.081112482963363,100.0,959.3325315316584,10.0,8.045100212097168,,,,,7.0,9.0,9.0
2025-08-18 09:39:22,1863.68,934.6327272727274,1420.567272727273,22.967829302331666,100.0,959.3501393709239,10.0,8.049750328063965,,,,,7.0,8.0,8.0
2025-08-18 09:39:28,1859.9563636363637,927.1854545454546,1414.9818181818182,23.112007920310134,100.0,959.2978561037204,10.0,8.04621410369873,,,,,5.0,6.0,6.0
2025-08-18 09:39:34,1859.9563636363637,925.3236363636365,1414.9818181818182,23.220142033533193,100.0,959.354402849697,10.0,8.048089027404785,,,,,6.0,7.0,7.0
2025-08-18 09:39:40,1856.2327272727275,927.1854545454546,1418.7054545454546,23.261336015188135,100.0,959.3628987462371,10.0,8.022533416748047,,,,,6.0,8.0,8.0
2025-08-18 09:39:43,1856.2327272727275,921.6000000000001,1416.8436363636363,23.148052610456944,100.0,959.325833447081,10.0,8.043704986572266,,,,,6.0,8.0,8.0
2025-08-18 09:39:46,1854.3709090909092,923.4618181818182,1413.1200000000001,23.214992787135998,100.0,959.3464956505148,10.0,8.026755332946777,,,,,6.0,8.0,8.0
2025-08-18 09:39:49,1854.3709090909092,921.6000000000001,1411.2581818181818,23.204694295214722,100.0,959.3854390240151,10.0,8.03311824798584,,,,,6.0,8.0,8.0
2025-08-18 09:39:52,1852.509090909091,919.7381818181818,1409.3963636363637,23.225291280221427,100.0,959.389689816861,10.0,8.029516220092773,,,,,7.0,9.0,9.0
2025-08-18 09:39:55,1852.509090909091,919.7381818181818,1411.2581818181818,23.317977770377183,100.0,959.3403418944263,10.0,8.027053833007812,,,,,7.0,9.0,9.0
2025-08-18 09:39:58,1848.7854545454547,923.4618181818182,1413.1200000000001,23.359171796269948,100.0,959.3488223644481,10.0,7.995584011077881,,,,,7.0,8.0,8.0
2025-08-18 09:40:01,1848.7854545454547,919.7381818181818,1411.2581818181818,23.328276275104145,100.0,959.3287704698101,10.0,8.008519172668457,,,,,7.0,9.0,9.0
2025-08-18 09:40:04,1848.7854545454547,919.7381818181818,1411.2581818181818,23.225291280221427,100.0,959.389689816861,10.0,8.01126480102539,,,,,7.0,9.0,10.0
2025-08-18 10:11:04,1869.2654545454548,938.3563636363637,1414.9818181818182,25.413747468963265,100.0,959.5105664321096,10.0,8.059223175048828,,,,,8.0,10.0,10.0
2025-08-18 10:11:10,1869.2654545454548,940.2181818181818,1413.1200000000001,25.346805676730582,100.0,959.5453368795435,10.0,8.049816131591797,,,,,7.0,9.0,9.0
2025-08-18 10:11:13,1869.2654545454548,938.3563636363637,1413.1200000000001,25.367403146025026,100.0,959.4944900774863,10.0,8.056962013244629,,,,,8.0,9.0,9.0
2025-08-18 10:11:16,1871.1272727272728,943.9418181818181,1416.8436363636363,25.357104410795728,100.0,959.4787073114085,10.0,8.044160842895508,,,,,8.0,10.0,10.0
2025-08-18 10:11:19,1869.2654545454548,942.08,1416.8436363636363,25.388000619976083,100.0,959.4436383999252,10.0,8.04694938659668,,,,,8.0,10.0,10.0
2025-08-18 10:11:22,1871.1272727272728,942.08,1416.8436363636363,25.372552514076233,100.0,959.5298533544544,10.0,8.050307273864746,,,,,8.0,9.0,9.0
2025-08-18 10:11:25,1869.2654545454548,940.2181818181818,1414.9818181818182,25.377701882418478,100.0,959.5652171262378,10.0,8.051261901855469,,,,,7.0,9.0,9.0
2025-08-18 10:11:28,1869.2654545454548,940.2181818181818,1414.9818181818182,25.408598098583752,100.0,959.5301486773348,10.0,8.053093910217285,,,,,7.0,9.0,9.0
2025-08-18 10:11:31,1867.4036363636365,940.2181818181818,1416.8436363636363,25.44464369735215,100.0,959.5304389162311,10.0,8.050174713134766,,,,,7.0,9.0,9.0
2025-08-18 10:11:34,1869.2654545454548,942.08,1414.9818181818182,25.470390562346438,100.0,959.4874664705728,10.0,8.050856590270996,,,,,6.0,8.0,8.0
2025-08-18 10:11:37,1871.1272727272728,942.08,1414.9818181818182,25.346805676730582,100.0,959.5178661147501,10.0,8.04906940460205,,,,,7.0,9.0,9.0
2025-08-18 10:11:40,1869.2654545454548,942.08,1416.8436363636363,25.202623522054637,100.0,959.599015938245,10.0,8.036327362060547,,,,,6.0,8.0,8.0
2025-08-18 10:11:43,1869.2654545454548,940.2181818181818,1411.2581818181818,24.9915000643814,100.0,959.5224984208504,10.0,8.031781196594238,,,,,6.0,9.0,9.0
2025-08-18 10:11:46,1871.1272727272728,945.8036363636364,1416.8436363636363,24.93485726873041,100.0,959.4905651060322,10.0,8.016712188720703,,,,,6.0,8.0,8.0
2025-08-18 10:11:49,1871.1272727272728,942.08,1414.9818181818182,24.93485726873041,100.0,959.4905651060322,10.0,8.028157234191895,,,,,6.0,8.0,8.0
2025-08-18 10:11:52,1871.1272727272728,943.9418181818181,1416.8436363636363,24.893662530375877,100.0,959.5372125995926,10.0,8.01998519897461,,,,,6.0,9.0,9.0
2025-08-18 10:11:55,1871.1272727272728,942.08,1418.7054545454546,24.96060398966074,100.0,959.5300394750335,10.0,8.029186248779297,,,,,6.0,9.0,9.0
2025-08-18 10:11:58,1872.989090909091,940.2181818181818,1416.8436363636363,25.04814289524802,100.0,959.5269668125958,10.0,8.044184684753418,,,,,6.0,8.0,8.0
2025-08-18 10:12:01,1871.1272727272728,938.3563636363637,1414.9818181818182,25.10993511453853,100.0,959.4843959830006,10.0,8.048608779907227,,,,,5.0,7.0,7.0
2025-08-18 10:12:04,1869.2654545454548,940.2181818181818,1414.9818181818182,25.13568188494537,100.0,959.5513248629911,10.0,8.038952827453613,,,,,6.0,8.0,8.0
2025-08-18 10:12:07,1872.989090909091,938.3563636363637,1416.8436363636363,25.207772880792618,100.0,959.6069095290637,10.0,8.057509422302246,,,,,7.0,9.0,9.0
2025-08-18 10:12:10,1871.1272727272728,938.3563636363637,1416.8436363636363,25.207772880792618,100.0,959.5794446824631,10.0,8.052939414978027,,,,,6.0,8.0,8.0
2025-08-18 10:12:13,1869.2654545454548,943.9418181818181,1414.9818181818182,25.176876732730307,100.0,959.5046213831109,10.0,8.029967308044434,,,,,6.0,8.0,8.0
2025-08-18 10:12:16,1871.1272727272728,942.08,1416.8436363636363,25.212922239821637,100.0,959.5049429650055,10.0,8.042304992675781,,,,,6.0,7.0,7.0
2025-08-18 10:12:19,1871.1272727272728,942.08,1418.7054545454546,25.248967761173844,100.0,959.5327260297506,10.0,8.043949127197266,,,,,6.0,7.0,7.0
2025-08-18 10:12:22,1871.1272727272728,940.2181818181818,1414.9818181818182,25.264415846118936,100.0,959.474002465695,10.0,8.050885200500488,,,,,5.0,6.0,6.0
2025-08-18 10:12:25,1869.2654545454548,942.08,1418.7054545454546,25.274714570870856,100.0,959.4897866299154,10.0,8.040809631347656,,,,,5.0,7.0,7.0
2025-08-18 10:12:28,1871.1272727272728,940.2181818181818,1414.9818181818182,25.315909481520066,100.0,959.580393710266,10.0,8.052752494812012,,,,,6.0,6.0,6.0
2025-08-18 10:12:31,1872.989090909091,945.8036363636364,1420.567272727273,25.305610752111534,100.0,959.5096707049389,10.0,8.0403470993042,,,,,6.0,7.0,7.0
2025-08-18 10:12:34,1872.989090909091,943.9418181818181,1418.7054545454546,25.295312023867154,100.0,959.4938867051211,10.0,8.04565143585205,,,,,5.0,7.0,7.0
2025-08-18 10:12:37,1872.989090909091,942.08,1418.7054545454546,25.32620821209275,100.0,959.5412389922448,10.0,8.052610397338867,,,,,6.0,8.0,8.0
2025-08-18 10:12:40,1869.2654545454548,943.9418181818181,1416.8436363636363,25.305610752111534,100.0,959.5646087101414,10.0,8.036133766174316,,,,,6.0,8.0,8.0
2025-08-18 10:12:43,1872.989090909091,943.9418181818181,1418.7054545454546,25.28501329678693,100.0,959.6154434320907,10.0,8.044246673583984,,,,,6.0,8.0,8.0
2025-08-18 10:12:46,1872.989090909091,943.9418181818181,1416.8436363636363,25.13568188494537,100.0,959.5513248629911,10.0,8.037057876586914,,,,,6.0,8.0,8.0
2025-08-18 10:12:49,1871.1272727272728,943.9418181818181,1418.7054545454546,25.166578019037843,100.0,959.5162984374183,10.0,8.034127235412598,,,,,7.0,10.0,10.0
2025-08-18 10:12:52,1872.989090909091,947.6654545454545,1418.7054545454546,24.976052025711397,100.0,959.4713598087416,10.0,8.018893241882324,,,,,7.0,10.0,10.0
2025-08-18 10:12:55,1872.989090909091,945.8036363636364,1418.7054545454546,25.089337703451747,100.0,959.5352017943203,10.0,8.029080390930176,,,,,6.0,9.0,9.0
2025-08-18 10:12:58,1871.1272727272728,943.9418181818181,1418.7054545454546,25.12023382182815,100.0,959.555104874677,10.0,8.031466484069824,,,,,6.0,8.0,8.0
2025-08-18 10:13:01,1872.989090909091,942.08,1416.8436363636363,25.182026090013096,100.0,959.5399780990897,10.0,8.045235633850098,,,,,6.0,9.0,9.0
2025-08-18 10:13:04,1871.1272727272728,942.08,1416.8436363636363,25.13568188494537,100.0,959.5787866002264,10.0,8.037812232971191,,,,,6.0,8.0,8.0
2025-08-18 10:28:13,1865.5418181818181,934.6327272727274,1414.9818181818182,25.300461387843825,100.0,959.5567162460403,10.0,8.05498218536377,,,,,6.0,9.0,10.0
2025-08-18 10:28:16,1863.68,936.4945454545455,1418.7054545454546,25.16142866262817,100.0,959.5084052649333,10.0,8.0377197265625,,,,,8.0,11.0,12.0
2025-08-18 10:28:19,1863.68,934.6327272727274,1414.9818181818182,25.264415846118936,100.0,959.5289368905933,10.0,8.048568725585938,,,,,8.0,10.0,11.0
2025-08-18 10:28:22,1863.68,936.4945454545455,1418.7054545454546,24.87821450829506,100.0,959.568427504307,10.0,8.022774696350098,,,,,8.0,10.0,11.0
2025-08-18 10:28:25,1865.5418181818181,938.3563636363637,1416.8436363636363,24.631046511232853,100.0,959.573611747343,10.0,8.009116172790527,,,,,9.0,11.0,12.0
2025-08-18 10:28:28,1867.4036363636365,942.08,1418.7054545454546,24.558955971733667,100.0,959.517917375142,10.0,7.999151229858398,,,,,9.0,11.0,12.0
2025-08-18 10:28:34,1865.5418181818181,942.08,1418.7054545454546,24.450820269441465,100.0,959.5715228640452,10.0,7.988487243652344,,,,,8.0,11.0,12.0
2025-08-18 10:28:37,1869.2654545454548,943.9418181818181,1422.429090909091,24.553806649666512,100.0,959.5374561380382,10.0,7.998824119567871,,,,,8.0,11.0,12.0
2025-08-18 10:28:40,1867.4036363636365,940.2181818181818,1420.567272727273,24.682539788656868,100.0,959.5702649859409,10.0,8.01082706451416,,,,,8.0,11.0,16.0
2025-08-18 10:28:43,1863.68,940.2181818181818,1418.7054545454546,24.59500123435282,100.0,959.5732040976405,10.0,7.996791839599609,,,,,8.0,11.0,16.0
2025-08-18 10:28:46,1865.5418181818181,936.4945454545455,1416.8436363636363,24.749481092818314,100.0,959.5082629502887,10.0,8.021380424499512,,,,,7.0,10.0,16.0
2025-08-18 10:28:49,1865.5418181818181,938.3563636363637,1418.7054545454546,24.821571783075342,100.0,959.5090222470991,10.0,8.0193452835083,,,,,7.0,10.0,16.0
2025-08-18 10:28:52,1863.68,934.6327272727274,1416.8436363636363,24.661942474194802,100.0,959.5661167199488,10.0,8.017425537109375,,,,,7.0,10.0,16.0
2025-08-18 10:28:55,1867.4036363636365,940.2181818181818,1422.429090909091,24.78552643081639,100.0,959.5086451331807,10.0,8.016548156738281,,,,,7.0,9.0,14.0
2025-08-18 10:28:58,1865.5418181818181,934.6327272727274,1418.7054545454546,24.85761714959517,100.0,959.5368440809874,10.0,8.032428741455078,,,,,8.0,11.0,15.0
2025-08-18 10:29:01,1865.5418181818181,932.7709090909091,1418.7054545454546,25.017246801318834,100.0,959.5619718559134,10.0,8.046147346496582,,,,,7.0,12.0,12.0
2025-08-18 10:29:04,1865.5418181818181,934.6327272727274,1420.567272727273,25.084188351407647,100.0,959.5547673658716,10.0,8.043910026550293,,,,,7.0,14.0,14.0
2025-08-18 10:29:07,1863.68,930.909090909091,1420.567272727273,25.22322095875279,100.0,959.5756594145012,10.0,8.0575590133667,,,,,8.0,15.0,16.0
2025-08-18 10:29:10,1861.818181818182,927.1854545454546,1416.8436363636363,25.32105884666089,100.0,959.5058772315367,10.0,8.069738388061523,,,,,8.0,15.0,16.0
2025-08-18 10:29:13,1859.9563636363637,929.0472727272728,1416.8436363636363,25.38285125105176,100.0,959.5181644061892,10.0,8.06233024597168,,,,,8.0,14.0,15.0
2025-08-18 10:29:19,1859.9563636363637,925.3236363636365,1416.8436363636363,25.527033690945245,100.0,959.5742637323918,10.0,8.080750465393066,,,,,7.0,12.0,13.0
2025-08-18 10:29:22,1858.0945454545456,923.4618181818182,1416.8436363636363,25.588826235034503,100.0,959.5315490145834,10.0,8.085179328918457,,,,,6.0,10.0,11.0
2025-08-18 10:29:25,1856.2327272727275,923.4618181818182,1416.8436363636363,25.57337809508317,100.0,959.5353597513598,10.0,8.079591751098633,,,,,7.0,10.0,10.0
2025-08-18 10:29:28,1856.2327272727275,919.7381818181818,1414.9818181818182,25.660917589440942,100.0,959.5045893153433,10.0,8.095739364624023,,,,,6.0,10.0,10.0
2025-08-18 10:29:31,1858.0945454545456,927.1854545454546,1416.8436363636363,25.57852747477591,100.0,959.5982113156591,10.0,8.072737693786621,,,,,7.0,9.0,9.0
2025-08-18 10:29:34,1856.2327272727275,923.4618181818182,1414.9818181818182,25.630021287710406,100.0,959.5671864154478,10.0,8.082260131835938,,,,,6.0,9.0,9.0
2025-08-18 10:29:37,1856.2327272727275,927.1854545454546,1418.7054545454546,25.748457167908782,100.0,959.5012682573501,10.0,8.077367782592773,,,,,8.0,10.0,10.0
2025-08-18 10:29:40,1854.3709090909092,923.4618181818182,1414.9818181818182,25.825698042288423,100.0,959.592105944576,10.0,8.0873441696167,,,,,7.0,9.0,9.0
2025-08-18 10:29:43,1852.509090909091,923.4618181818182,1414.9818181818182,25.76390533754602,100.0,959.4974450039007,10.0,8.08008861541748,,,,,8.0,11.0,11.0
2025-08-18 10:29:46,1854.3709090909092,925.3236363636365,1413.1200000000001,25.666066974081332,100.0,959.539962925494,10.0,8.073819160461426,,,,,7.0,10.0,10.0
2025-08-18 10:29:49,1854.3709090909092,930.909090909091,1414.9818181818182,25.50128680994385,100.0,959.5348100732758,10.0,8.048259735107422,,,,,8.0,10.0,10.0
2025-08-18 10:29:52,1858.0945454545456,930.909090909091,1413.1200000000001,25.25411712253117,100.0,959.5955523385846,10.0,8.044690132141113,,,,,8.0,11.0,11.0
2025-08-18 10:29:55,1856.2327272727275,932.7709090909091,1413.1200000000001,25.053292245254852,100.0,959.5623192326791,10.0,8.024150848388672,,,,,7.0,9.0,9.0
2025-08-18 10:29:58,1859.9563636363637,938.3563636363637,1418.7054545454546,24.96575333471992,100.0,959.5379344212373,10.0,8.012225151062012,,,,,8.0,10.0,10.0
2025-08-18 10:30:01,1859.9563636363637,938.3563636363637,1414.9818181818182,24.80097443718114,100.0,959.5597810605511,10.0,8.003622055053711,,,,,7.0,8.0,8.0
2025-08-18 10:30:04,1858.0945454545456,936.4945454545455,1413.1200000000001,24.66709180237376,100.0,959.5191310525531,10.0,7.9979987144470215,,,,,8.0,10.0,10.0
2025-08-18 10:30:07,1861.818181818182,940.2181818181818,1414.9818181818182,24.646494491404155,100.0,959.5424240299237,10.0,7.99487829208374,,,,,7.0,9.0,9.0
2025-08-18 10:30:10,1863.68,940.2181818181818,1416.8436363636363,24.548657327890396,100.0,959.5021213875074,10.0,7.994917392730713,,,,,8.0,10.0,10.0
2025-08-18 10:30:13,1863.68,943.9418181818181,1418.7054545454546,24.31693814918981,100.0,959.5032816918251,10.0,7.976771354675293,,,,,7.0,11.0,13.0
2025-08-18 10:30:16,1865.5418181818181,943.9418181818181,1414.9818181818182,24.203653431875864,100.0,959.5214436308602,10.0,7.990232944488525,,,,,8.0,15.0,16.0
2025-08-18 10:30:22,1867.4036363636365,943.9418181818181,1414.9818181818182,24.244847858237335,100.0,959.5846512585523,10.0,7.9991865158081055,,,,,7.0,16.0,16.0
2025-08-18 10:30:25,1867.4036363636365,943.9418181818181,1416.8436363636363,24.126413932652213,100.0,959.4577703309218,10.0,8.003107070922852,,,,,7.0,15.0,15.0
2025-08-18 10:30:28,1867.4036363636365,942.08,1416.8436363636363,23.982233709306456,100.0,959.5106753478705,10.0,8.013630867004395,,,,,7.0,15.0,15.0
2025-08-18 10:30:34,1865.5418181818181,940.2181818181818,1414.9818181818182,23.62693341859267,100.0,959.5681918489229,10.0,8.021114349365234,,,,,7.0,13.0,13.0
2025-08-18 10:30:37,1867.4036363636365,942.08,1418.7054545454546,23.52394808610552,100.0,959.5470441646969,10.0,8.029401779174805,,,,,7.0,13.0,14.0
2025-08-18 10:30:40,1869.2654545454548,942.08,1418.7054545454546,23.606336342782015,100.0,959.5639650983723,10.0,8.036884307861328,,,,,7.0,12.0,14.0
2025-08-18 10:30:43,1869.2654545454548,942.08,1418.7054545454546,23.673276856192388,100.0,959.5023495626751,10.0,8.034527778625488,,,,,7.0,12.0,15.0
2025-08-18 10:30:46,1869.2654545454548,940.2181818181818,1416.8436363636363,23.70417249435559,100.0,959.4949785470141,10.0,8.038972854614258,,,,,7.0,11.0,15.0
2025-08-18 10:30:49,1867.4036363636365,940.2181818181818,1416.8436363636363,24.044025205657817,100.0,959.5506773560091,10.0,8.017067909240723,,,,,7.0,11.0,14.0
2025-08-18 10:30:52,1867.4036363636365,940.2181818181818,1420.567272727273,24.203653431875864,100.0,959.5762871904755,10.0,8.01162052154541,,,,,8.0,11.0,15.0
2025-08-18 10:30:55,1867.4036363636365,938.3563636363637,1418.7054545454546,24.399327122984687,100.0,959.4925309289775,10.0,8.011061668395996,,,,,7.0,11.0,14.0
2025-08-18 10:30:58,1867.4036363636365,938.3563636363637,1422.429090909091,24.47656685358379,100.0,959.5287192758395,10.0,8.00904655456543,,,,,8.0,11.0,15.0
2025-08-18 10:31:01,1869.2654545454548,936.4945454545455,1418.7054545454546,24.65679314630688,100.0,959.5033367572821,10.0,8.026200294494629,,,,,7.0,11.0,13.0
2025-08-18 10:31:04,1865.5418181818181,932.7709090909091,1420.567272727273,24.78037709594355,100.0,959.5281954716434,10.0,8.03425121307373,,,,,7.0,10.0,12.0
2025-08-18 10:31:07,1865.5418181818181,929.0472727272728,1416.8436363636363,24.955454644892598,100.0,959.5495985450153,10.0,8.054510116577148,,,,,7.0,10.0,13.0
2025-08-18 10:31:10,1863.68,932.7709090909091,1416.8436363636363,25.04814289524802,100.0,959.636798797709,10.0,8.042421340942383,,,,,6.0,9.0,10.0
2025-08-18 10:31:13,1861.818181818182,930.909090909091,1416.8436363636363,25.089337703451747,100.0,959.5901212924072,10.0,8.045820236206055,,,,,8.0,10.0,10.0
2025-08-18 10:31:16,1865.5418181818181,936.4945454545455,1420.567272727273,25.10993511453853,100.0,959.5667778033685,10.0,8.0394287109375,,,,,7.0,10.0,10.0
2025-08-18 10:31:19,1865.5418181818181,934.6327272727274,1418.7054545454546,25.187175447586924,100.0,959.5753353099324,10.0,8.049041748046875,,,,,7.0,9.0,9.0
2025-08-18 10:31:22,1863.68,934.6327272727274,1418.7054545454546,25.33650694382959,100.0,959.5570232796973,10.0,8.052062034606934,,,,,6.0,9.0,9.0
2025-08-18 10:31:28,1863.68,932.7709090909091,1418.7054545454546,25.39829935869784,100.0,959.5967849461006,10.0,8.06065559387207,,,,,6.0,8.0,8.0
2025-08-18 10:31:31,1863.68,932.7709090909091,1414.9818181818182,25.424046210595407,100.0,959.5263488203295,10.0,8.062484741210938,,,,,7.0,9.0,9.0
2025-08-18 10:31:34,1863.68,936.4945454545455,1414.9818181818182,25.171727375738556,100.0,959.5516548978818,10.0,8.037939071655273,,,,,6.0,7.0,7.0
2025-08-18 10:31:37,1861.818181818182,938.3563636363637,1416.8436363636363,25.32105884666089,100.0,959.5058772315367,10.0,8.035426139831543,,,,,6.0,7.0,7.0
2025-08-18 10:31:40,1863.68,936.4945454545455,1416.8436363636363,25.16142866262817,100.0,959.5907937561393,10.0,8.037123680114746,,,,,7.0,8.0,8.0
2025-08-18 10:31:43,1863.68,934.6327272727274,1414.9818181818182,25.089337703451747,100.0,959.6175810694122,10.0,8.038952827453613,,,,,5.0,6.0,6.0
2025-08-18 10:31:46,1863.68,938.3563636363637,1414.9818181818182,24.945155956229428,100.0,959.5612618796546,10.0,8.02053165435791,,,,,7.0,8.0,8.0
2025-08-18 10:31:49,1863.68,936.4945454545455,1416.8436363636363,24.945155956229428,100.0,959.5063547812206,10.0,8.026652336120605,,,,,6.0,7.0,8.0
2025-08-18 10:31:52,1861.818181818182,938.3563636363637,1418.7054545454546,25.032694846973754,100.0,959.5856562062447,10.0,8.02008056640625,,,,,5.0,6.0,7.0
2025-08-18 10:31:55,1863.68,936.4945454545455,1416.8436363636363,25.238669039332308,100.0,959.5718730247215,10.0,8.041217803955078,,,,,7.0,9.0,10.0
2025-08-18 10:31:58,1861.818181818182,930.909090909091,1414.9818181818182,25.418896839633817,100.0,959.5184576142585,10.0,8.063226699829102,,,,,6.0,7.0,8.0
2025-08-18 10:32:01,1861.818181818182,934.6327272727274,1413.1200000000001,25.50128680994385,100.0,959.5622874721067,10.0,8.055692672729492,,,,,8.0,9.0,11.0
2025-08-18 10:32:04,1861.818181818182,930.909090909091,1413.1200000000001,25.439494325226406,100.0,959.5500225820558,10.0,8.06405258178711,,,,,7.0,8.0,10.0
2025-08-18 10:32:07,1863.68,934.6327272727274,1416.8436363636363,25.279863933683373,100.0,959.6075503856089,10.0,8.04879093170166,,,,,7.0,9.0,11.0
2025-08-18 10:32:10,1861.818181818182,930.909090909091,1411.2581818181818,25.44464369735215,100.0,959.5304389162311,10.0,8.064456939697266,,,,,7.0,9.0,11.0
2025-08-18 10:32:13,1861.818181818182,934.6327272727274,1416.8436363636363,25.56822871568147,100.0,959.6099105086023,10.0,8.058784484863281,,,,,7.0,9.0,10.0
2025-08-18 10:32:16,1858.0945454545456,930.909090909091,1414.9818181818182,25.50128680994385,100.0,959.5348100732758,10.0,8.057788848876953,,,,,7.0,9.0,10.0
2025-08-18 10:32:19,1859.9563636363637,930.909090909091,1414.9818181818182,25.56307933657081,100.0,959.4920995765372,10.0,8.066041946411133,,,,,8.0,9.0,10.0
2025-08-18 10:32:22,1858.0945454545456,929.0472727272728,1413.1200000000001,25.71756083649234,100.0,959.5913714077452,10.0,8.074186325073242,,,,,7.0,9.0,10.0
2025-08-18 10:32:25,1858.0945454545456,929.0472727272728,1413.1200000000001,25.877191994921304,100.0,959.5610184298939,10.0,8.082586288452148,,,,,7.0,9.0,10.0
2025-08-18 10:32:31,1858.0945454545456,927.1854545454546,1413.1200000000001,26.011076407972723,100.0,959.5461168698349,10.0,8.095274925231934,,,,,7.0,9.0,9.0
2025-08-18 10:32:34,1856.2327272727275,925.3236363636365,1413.1200000000001,26.07286928035319,100.0,959.530751173124,10.0,8.099504470825195,,,,,6.0,8.0,8.0
2025-08-18 10:32:37,1854.3709090909092,925.3236363636365,1414.9818181818182,26.088317504996667,100.0,959.5269069350617,10.0,8.095552444458008,,,,,6.0,9.0,9.0
2025-08-18 10:32:40,1854.3709090909092,921.6000000000001,1409.3963636363637,26.170708080666373,100.0,959.5155540101789,10.0,8.111295700073242,,,,,6.0,8.0,9.0
2025-08-18 10:32:43,1856.2327272727275,925.3236363636365,1411.2581818181818,26.108915141929174,100.0,959.5584507928944,10.0,8.10114860534668,,,,,6.0,8.0,9.0
2025-08-18 10:32:46,1854.3709090909092,925.3236363636365,1407.5345454545454,26.03682343303808,100.0,959.5030495634413,10.0,8.093088150024414,,,,,6.0,8.0,9.0
2025-08-18 10:32:49,1852.509090909091,927.1854545454546,1411.2581818181818,26.067719872720772,100.0,959.5503667884198,10.0,8.083840370178223,,,,,6.0,7.0,10.0
2025-08-18 10:32:52,1854.3709090909092,930.909090909091,1411.2581818181818,26.011076407972723,100.0,959.6011154147267,10.0,8.07390308380127,,,,,6.0,7.0,9.0
2025-08-18 10:32:55,1854.3709090909092,927.1854545454546,1409.3963636363637,26.026524622138822,100.0,959.5147772296825,10.0,8.08675479888916,,,,,6.0,8.0,10.0
2025-08-18 10:32:58,1854.3709090909092,930.909090909091,1411.2581818181818,25.99562819642597,100.0,959.5774540838128,10.0,8.073281288146973,,,,,6.0,7.0,10.0
2025-08-18 10:33:01,1858.0945454545456,932.7709090909091,1411.2581818181818,25.944134176854277,100.0,959.5535772587765,10.0,8.074636459350586,,,,,6.0,8.0,11.0
2025-08-18 10:33:04,1858.0945454545456,934.6327272727274,1411.2581818181818,25.985329390183324,100.0,959.506683698122,10.0,8.071371078491211,,,,,6.0,8.0,11.0
2025-08-18 10:33:07,1856.2327272727275,934.6327272727274,1407.5345454545454,25.892640186386416,100.0,959.5296938309268,10.0,8.06168270111084,,,,,7.0,9.0,11.0
2025-08-18 10:33:10,1858.0945454545456,940.2181818181818,1413.1200000000001,25.918387177982368,100.0,959.5416363700498,10.0,8.050530433654785,,,,,7.0,9.0,12.0
2025-08-18 10:33:13,1859.9563636363637,938.3563636363637,1413.1200000000001,25.923536577174673,100.0,959.5770192920197,10.0,8.061028480529785,,,,,7.0,9.0,10.0
2025-08-18 10:33:16,1859.9563636363637,938.3563636363637,1411.2581818181818,25.73300900089089,100.0,959.5325776996484,10.0,8.051580429077148,,,,,8.0,10.0,11.0
2025-08-18 10:33:19,1859.9563636363637,940.2181818181818,1409.3963636363637,25.583676854759688,100.0,959.5511400026755,10.0,8.038076400756836,,,,,8.0,10.0,11.0
2025-08-18 10:33:22,1863.68,940.2181818181818,1411.2581818181818,25.583676854759688,100.0,959.6335828848963,10.0,8.047019958496094,,,,,8.0,10.0,11.0
2025-08-18 10:33:25,1861.818181818182,936.4945454545455,1409.3963636363637,25.681515129748732,100.0,959.5361461066427,10.0,8.059409141540527,,,,,8.0,10.0,11.0
2025-08-18 10:33:28,1863.68,940.2181818181818,1413.1200000000001,25.28501329678693,100.0,959.5605071237842,10.0,8.032243728637695,,,,,7.0,10.0,10.0
2025-08-18 10:34:37,1854.3709090909092,914.1527272727274,1407.5345454545454,26.026524622138822,100.0,959.5972769982685,10.0,8.12618637084961,,,,,6.0,9.0,9.0
2025-08-18 10:34:40,1854.3709090909092,916.0145454545454,1409.3963636363637,26.02137521712575,100.0,959.5618903041037,10.0,8.120461463928223,,,,,6.0,8.0,8.0
2025-08-18 10:34:43,1852.509090909091,916.0145454545454,1409.3963636363637,26.098616322880844,100.0,959.5426788167532,10.0,8.119790077209473,,,,,6.0,9.0,9.0
2025-08-18 10:34:46,1852.509090909091,912.2909090909092,1405.6727272727273,26.170708080666373,100.0,959.5430600971733,10.0,8.134917259216309,,,,,5.0,7.0,8.0
2025-08-18 10:34:49,1852.509090909091,917.8763636363637,1413.1200000000001,26.21705281222239,100.0,959.5315052519944,10.0,8.120219230651855,,,,,5.0,8.0,8.0
2025-08-18 10:34:52,1852.509090909091,916.0145454545454,1409.3963636363637,26.25824814895168,100.0,959.5670755202409,10.0,8.127803802490234,,,,,6.0,8.0,9.0
2025-08-18 10:34:55,1850.647272727273,914.1527272727274,1409.3963636363637,26.273696405027295,100.0,959.535709231887,10.0,8.129764556884766,,,,,6.0,8.0,10.0
2025-08-18 10:34:58,1848.7854545454547,912.2909090909092,1405.6727272727273,26.320041188970208,100.0,959.5516456746111,10.0,8.132972717285156,,,,,6.0,8.0,10.0
2025-08-18 10:35:01,1852.509090909091,919.7381818181818,1409.3963636363637,26.20160456575104,100.0,959.5903728624858,10.0,8.113289833068848,,,,,6.0,8.0,10.0
2025-08-18 10:35:04,1848.7854545454547,917.8763636363637,1405.6727272727273,26.263397567352513,100.0,959.5749604180191,10.0,8.112748146057129,,,,,7.0,9.0,11.0
2025-08-18 10:35:07,1848.7854545454547,921.6000000000001,1409.3963636363637,26.314891767367953,100.0,959.5162491527028,10.0,8.104369163513184,,,,,7.0,9.0,9.0
2025-08-18 10:35:10,1850.647272727273,923.4618181818182,1407.5345454545454,26.28399524386623,100.0,959.5789892566391,10.0,8.101390838623047,,,,,7.0,9.0,10.0
2025-08-18 10:35:13,1852.509090909091,923.4618181818182,1409.3963636363637,26.23765047825873,100.0,959.563045135576,10.0,8.103899955749512,,,,,8.0,10.0,10.0
2025-08-18 10:35:16,1850.647272727273,919.7381818181818,1405.6727272727273,26.309742346056737,100.0,959.6184134382377,10.0,8.11385726928711,,,,,8.0,9.0,10.0
2025-08-18 10:35:19,1852.509090909091,921.6000000000001,1407.5345454545454,26.4075814007374,100.0,959.5481000329283,10.0,8.118427276611328,,,,,8.0,9.0,10.0
2025-08-18 10:35:22,1848.7854545454547,919.7381818181818,1403.8109090909093,26.417880254710326,100.0,959.5363504440684,10.0,8.115224838256836,,,,,8.0,9.0,9.0
2025-08-18 10:35:25,1852.509090909091,921.6000000000001,1407.5345454545454,26.423029682133347,100.0,959.544233808655,10.0,8.119250297546387,,,,,7.0,9.0,9.0
2025-08-18 10:35:28,1850.647272727273,921.6000000000001,1407.5345454545454,26.356087148335064,100.0,959.5242939137563,10.0,8.111194610595703,,,,,7.0,9.0,9.0
2025-08-18 10:35:32,1850.647272727273,923.4618181818182,1405.6727272727273,26.227351644658484,100.0,959.5747836840784,10.0,8.098511695861816,,,,,7.0,10.0,10.0
2025-08-18 10:35:35,1850.647272727273,923.4618181818182,1407.5345454545454,26.34063887828961,100.0,959.5556695162875,10.0,8.104455947875977,,,,,7.0,10.0,10.0
2025-08-18 10:51:23,1861.818181818182,927.1854545454546,1405.6727272727273,28.189300458325306,100.0,959.5178316240057,10.0,8.216645240783691,,,,,6.0,8.0,8.0
2025-08-18 10:51:26,1861.818181818182,927.1854545454546,1405.6727272727273,28.179001404118026,100.0,959.5296861096233,10.0,8.216035842895508,,,,,6.0,8.0,8.0
2025-08-18 10:51:29,1863.68,929.0472727272728,1409.3963636363637,28.122356626787223,100.0,959.5810766399773,10.0,8.211810111999512,,,,,7.0,8.0,8.0
2025-08-18 10:51:32,1861.818181818182,921.6000000000001,1405.6727272727273,28.045113805361325,100.0,959.4906163770174,10.0,8.226608276367188,,,,,7.0,9.0,9.0
2025-08-18 10:51:35,1861.818181818182,923.4618181818182,1407.5345454545454,28.065711884672055,100.0,959.494508554731,10.0,8.221916198730469,,,,,7.0,9.0,9.0
2025-08-18 10:51:38,1863.68,925.3236363636365,1411.2581818181818,28.05026332475245,100.0,959.4984862248907,10.0,8.220149040222168,,,,,7.0,8.0,8.0
2025-08-18 10:51:41,1861.818181818182,925.3236363636365,1407.5345454545454,28.065711884672055,100.0,959.494508554731,10.0,8.21619701385498,,,,,7.0,8.0,8.0
2025-08-18 10:51:44,1863.68,925.3236363636365,1407.5345454545454,27.988469111267477,100.0,959.4868015304751,10.0,8.21706771850586,,,,,8.0,9.0,9.0
2025-08-18 10:51:47,1865.5418181818181,929.0472727272728,1409.3963636363637,27.936973965377547,100.0,959.5184272003498,10.0,8.20753002166748,,,,,6.0,8.0,8.0
2025-08-18 10:51:50,1865.5418181818181,930.909090909091,1409.3963636363637,27.942123478656868,100.0,959.5262981546331,10.0,8.202016830444336,,,,,7.0,8.0,8.0
2025-08-18 10:51:53,1865.5418181818181,930.909090909091,1407.5345454545454,27.936973965377547,100.0,959.5184272003498,10.0,8.201815605163574,,,,,7.0,8.0,8.0
2025-08-18 10:51:56,1865.5418181818181,940.2181818181818,1414.9818181818182,27.797937216848368,100.0,959.5816782341973,10.0,8.165637016296387,,,,,6.0,8.0,8.0
2025-08-18 10:51:59,1867.4036363636365,938.3563636363637,1409.3963636363637,27.82883425374166,100.0,959.5186052549728,10.0,8.1781644821167,,,,,6.0,8.0,8.0
2025-08-18 10:52:02,1865.5418181818181,930.909090909091,1407.5345454545454,27.833983760909177,100.0,959.4713222833301,10.0,8.196873664855957,,,,,7.0,8.0,8.0
2025-08-18 10:52:05,1865.5418181818181,930.909090909091,1405.6727272727273,27.900927380571375,100.0,959.4909114174645,10.0,8.200162887573242,,,,,6.0,9.0,9.0
2025-08-18 10:52:08,1865.5418181818181,930.909090909091,1411.2581818181818,27.962721534684533,100.0,959.5026163061696,10.0,8.203240394592285,,,,,6.0,9.0,9.0
2025-08-18 10:52:11,1861.818181818182,929.0472727272728,1407.5345454545454,28.019366212771274,100.0,959.478852810757,10.0,8.202503204345703,,,,,6.0,9.0,9.0
2025-08-18 10:52:14,1865.5418181818181,929.0472727272728,1409.3963636363637,28.09145949035883,100.0,959.5338573439392,10.0,8.21534252166748,,,,,5.0,8.0,8.0
2025-08-18 10:52:17,1863.68,930.909090909091,1409.3963636363637,28.0966090123693,100.0,959.4865498107131,10.0,8.205451965332031,,,,,6.0,9.0,9.0
2025-08-18 10:52:20,1863.68,927.1854545454546,1411.2581818181818,28.137805198930437,100.0,959.5495056143997,10.0,8.218547821044922,,,,,6.0,8.0,8.0
2025-08-18 11:08:38,1874.8509090909092,943.9418181818181,1420.567272727273,28.83814322031685,89.67318829971158,959.5703814591978,10.0,8.164520263671875,,,,,6.0,7.0,8.0
2025-08-18 11:08:44,1874.8509090909092,945.8036363636364,1420.567272727273,28.90508757776115,88.43706164411697,959.5068751925588,10.0,8.154685974121094,,,,,6.0,9.0,9.0
2025-08-18 11:08:50,1876.7127272727273,947.6654545454545,1422.429090909091,28.910237145755673,87.74927630068716,959.5147381642292,10.0,8.1494779586792,,,,,6.0,8.0,8.0
2025-08-18 11:08:56,1876.7127272727273,945.8036363636364,1420.567272727273,28.9874807005981,86.7618358175105,959.5221776269443,10.0,8.152708053588867,,,,,7.0,10.0,10.0
2025-08-18 11:09:02,1878.5745454545456,945.8036363636364,1420.567272727273,29.03382686493569,85.80548930398953,959.4824246008517,10.0,8.153940200805664,,,,,7.0,9.0,9.0
2025-08-18 11:09:08,1880.4363636363637,945.8036363636364,1420.567272727273,29.095621787389973,85.01231911235959,959.5215035501134,10.0,8.156458854675293,,,,,7.0,9.0,9.0
2025-08-18 11:09:14,1876.7127272727273,947.6654545454545,1420.567272727273,29.15741675175377,84.44470132475902,959.532940692667,10.0,8.140610694885254,,,,,6.0,8.0,8.0
2025-08-18 11:09:20,1880.4363636363637,949.5272727272728,1426.1527272727274,29.095621787389973,84.3519741158802,959.6043982842781,10.0,8.140142440795898,,,,,6.0,8.0,8.0
2025-08-18 11:09:23,1882.2981818181818,945.8036363636364,1424.290909090909,29.13681842564256,84.01980897460624,959.5291297483071,10.0,8.156847953796387,,,,,5.0,7.0,10.0
2025-08-18 11:09:26,1878.5745454545456,943.9418181818181,1420.567272727273,29.126519264333183,83.53211052704646,959.5686730779886,10.0,8.149053573608398,,,,,5.0,6.0,9.0
2025-08-18 11:09:29,1878.5745454545456,949.5272727272728,1429.8763636363635,29.06987389794085,83.6021999794013,959.4545658130775,10.0,8.130279541015625,,,,,5.0,6.0,9.0
2025-08-18 11:09:32,1880.4363636363637,943.9418181818181,1422.429090909091,29.064724320924142,83.2598606052299,959.4743348226432,10.0,8.149576187133789,,,,,5.0,6.0,9.0
2025-08-18 11:09:35,1880.4363636363637,947.6654545454545,1426.1527272727274,29.14711758811609,82.91966975020435,959.54485228548,10.0,8.13965129852295,,,,,5.0,6.0,9.0
2025-08-18 11:09:38,1882.2981818181818,951.3890909090909,1428.0145454545457,29.178015082521597,82.54568052972019,959.536750200321,10.0,8.132196426391602,,,,,5.0,6.0,9.0
2025-08-18 11:09:41,1880.4363636363637,945.8036363636364,1426.1527272727274,29.224361343774945,82.13818642785019,959.5245885260347,10.0,8.14440631866455,,,,,5.0,6.0,9.0
2025-08-18 11:09:44,1880.4363636363637,945.8036363636364,1424.290909090909,29.126519264333183,81.82797399051422,959.5686730779886,10.0,8.137063980102539,,,,,6.0,7.0,10.0
2025-08-18 11:09:47,1880.4363636363637,945.8036363636364,1426.1527272727274,29.05957474419847,81.70029843930354,959.4941034206252,10.0,8.133346557617188,,,,,6.0,7.0,10.0
2025-08-18 11:09:50,1880.4363636363637,943.9418181818181,1424.290909090909,28.966882412903942,81.63414010129594,959.4631021625751,10.0,8.134111404418945,,,,,6.0,7.0,7.0
2025-08-18 11:09:53,1880.4363636363637,942.08,1426.1527272727274,28.889638875523815,81.8764991481962,959.4832864114848,10.0,8.137290000915527,,,,,6.0,8.0,8.0
2025-08-18 11:09:56,1876.7127272727273,943.9418181818181,1428.0145454545457,28.935984990093857,81.8168699276155,959.4435546218024,10.0,8.124312400817871,,,,,6.0,8.0,9.0
2025-08-18 11:11:38,1889.7454545454545,958.8363636363637,1431.7381818181818,29.03897644020617,76.63388244087287,959.4626572308313,10.0,8.086193084716797,,,,,5.0,6.0,6.0
2025-08-18 11:11:44,1889.7454545454545,964.4218181818183,1433.6000000000001,28.884489308693446,76.62193263574706,959.4754235291133,10.0,8.063251495361328,,,,,5.0,7.0,7.0
2025-08-18 11:11:50,1891.6072727272729,966.2836363636363,1437.3236363636363,28.596114030689932,77.8811832175885,959.4768967740836,10.0,8.058542251586914,,,,,5.0,7.0,8.0
2025-08-18 11:11:56,1895.330909090909,962.5600000000001,1437.3236363636363,28.755750232521677,78.22457905711305,959.444559871265,10.0,8.089632034301758,,,,,5.0,7.0,9.0
2025-08-18 11:11:59,1893.4690909090912,962.5600000000001,1437.3236363636363,28.858741478907177,78.22131524118919,959.5189735165912,10.0,8.088319778442383,,,,,5.0,6.0,10.0
2025-08-18 11:12:05,1893.4690909090912,962.5600000000001,1437.3236363636363,28.82269452943001,78.415600648899,959.4639299943202,10.0,8.088112831115723,,,,,5.0,6.0,9.0
2025-08-18 11:12:11,1895.330909090909,960.6981818181819,1437.3236363636363,28.90508757776115,78.3526903529472,959.451628503186,10.0,8.102315902709961,,,,,4.0,5.0,9.0
2025-08-18 11:12:17,1893.4690909090912,960.6981818181819,1437.3236363636363,29.002929419424618,77.93123184277023,959.4628822820845,10.0,8.098410606384277,,,,,5.0,7.0,8.0
2025-08-18 11:12:23,1897.1927272727273,962.5600000000001,1437.3236363636363,28.982331128238002,77.58719783512446,959.4590618973397,10.0,8.10119915008545,,,,,5.0,7.0,7.0
2025-08-18 11:12:29,1895.330909090909,968.1454545454546,1441.047272727273,28.935984990093857,77.5370927611263,959.4711792773837,10.0,8.077219009399414,,,,,5.0,7.0,8.0
2025-08-18 11:12:32,1897.1927272727273,964.4218181818183,1441.047272727273,29.002929419424618,77.48436687994102,959.5457649631182,10.0,8.095854759216309,,,,,5.0,7.0,8.0
2025-08-18 11:12:35,1895.330909090909,962.5600000000001,1441.047272727273,29.002929419424618,77.44373982762664,959.4352547594793,10.0,8.095730781555176,,,,,5.0,7.0,8.0
2025-08-18 11:12:41,1897.1927272727273,964.4218181818183,1437.3236363636363,28.894788442645222,77.86454065718546,959.4911493161842,10.0,8.093611717224121,,,,,5.0,6.0,8.0
2025-08-18 11:12:47,1899.0545454545456,968.1454545454546,1442.909090909091,28.77634847248555,78.29584167657521,959.5036325589476,10.0,8.085912704467773,,,,,5.0,7.0,8.0
2025-08-18 11:12:53,1899.0545454545456,968.1454545454546,1444.770909090909,28.79179715551436,78.61026392985096,959.5272246179529,10.0,8.088448524475098,,,,,5.0,7.0,7.0
2025-08-18 11:12:59,1897.1927272727273,962.5600000000001,1441.047272727273,28.930835420644144,78.67384129539288,959.5185657882453,10.0,8.105436325073242,,,,,5.0,7.0,7.0
2025-08-18 11:13:05,1897.1927272727273,964.4218181818183,1442.909090909091,29.02867728995625,78.25826986688135,959.4469342694779,10.0,8.102083206176758,,,,,5.0,8.0,8.0
2025-08-18 11:13:11,1897.1927272727273,962.5600000000001,1444.770909090909,29.121369684115052,77.90009426839596,959.5331787623664,10.0,8.1090087890625,,,,,4.0,7.0,7.0
2025-08-18 11:13:17,1893.4690909090912,953.2509090909092,1442.909090909091,28.899938010057667,78.26525629115226,959.4437660065205,10.0,8.117356300354004,,,,,4.0,7.0,7.0
2025-08-18 11:13:20,1893.4690909090912,953.2509090909092,1439.1854545454546,28.92568585148547,78.30795129743272,959.510702953656,10.0,8.11853313446045,,,,,5.0,7.0,7.0
2025-08-18 11:13:26,1893.4690909090912,955.1127272727273,1444.770909090909,28.992630273249233,78.16831727331568,959.4195316571983,10.0,8.115581512451172,,,,,5.0,8.0,8.0
2025-08-18 11:13:32,1893.4690909090912,953.2509090909092,1441.047272727273,29.002929419424618,78.16914853295037,959.4352547594793,10.0,8.121333122253418,,,,,5.0,8.0,8.0
2025-08-18 11:13:38,1889.7454545454545,951.3890909090909,1442.909090909091,29.18831424965174,77.67322489853126,959.4972011277416,10.0,8.120424270629883,,,,,5.0,8.0,8.0
2025-08-18 11:13:44,1889.7454545454545,953.2509090909092,1442.909090909091,29.281006806209916,76.98367275660387,959.5004971625843,10.0,8.114899635314941,,,,,5.0,8.0,8.0
2025-08-18 11:13:50,1889.7454545454545,953.2509090909092,1441.047272727273,29.18831424965174,76.494421846032,959.4695656262811,10.0,8.107898712158203,,,,,5.0,8.0,8.0
2025-08-18 11:13:56,1891.6072727272729,956.9745454545455,1441.047272727273,28.961732841708,76.64532305658992,959.4828658456878,10.0,8.093711853027344,,,,,5.0,9.0,9.0
2025-08-18 11:14:02,1893.4690909090912,960.6981818181819,1442.909090909091,28.966882412903942,76.67474555994076,959.4907281573585,10.0,8.088988304138184,,,,,5.0,8.0,8.0
2025-08-18 11:14:08,1893.4690909090912,960.6981818181819,1444.770909090909,29.02867728995625,76.3427914923182,959.474562904956,10.0,8.089710235595703,,,,,5.0,8.0,8.0
2025-08-18 11:14:14,1895.330909090909,960.6981818181819,1442.909090909091,29.05442516776384,75.87440856387956,959.458612091439,10.0,8.093583106994629,,,,,5.0,7.0,7.0
2025-08-18 11:14:20,1895.330909090909,966.2836363636363,1446.6327272727274,29.111070524551906,75.6289390260712,959.4345594498112,10.0,8.07862377166748,,,,,4.0,5.0,5.0
2025-08-18 11:14:23,1899.0545454545456,964.4218181818183,1446.6327272727274,29.02867728995625,75.5182173595782,959.5021915593051,10.0,8.090580940246582,,,,,4.0,5.0,5.0
2025-08-18 11:14:29,1897.1927272727273,964.4218181818183,1442.909090909091,29.02867728995625,75.63436686562467,959.3916770551353,10.0,8.086087226867676,,,,,4.0,6.0,6.0
2025-08-18 11:14:35,1899.0545454545456,964.4218181818183,1444.770909090909,28.910237145755673,76.13053740714692,959.4042439555712,10.0,8.089461326599121,,,,,5.0,6.0,6.0
2025-08-18 11:14:41,1899.0545454545456,966.2836363636363,1448.4945454545457,28.858741478907177,76.67797430905686,959.4913521429527,10.0,8.084946632385254,,,,,5.0,6.0,6.0
2025-08-18 11:14:47,1899.0545454545456,968.1454545454546,1444.770909090909,28.405580865597585,77.28627530683013,959.4343145206313,10.0,8.063589096069336,,,,,4.0,5.0,5.0
2025-08-18 11:14:53,1904.64,971.869090909091,1448.4945454545457,27.797937216848368,78.75443268474335,959.4713747343294,10.0,8.05180835723877,,,,,5.0,5.0,7.0
2025-08-18 11:14:59,1900.916363636364,971.869090909091,1450.3563636363638,28.070861405227333,80.12568992404621,959.4196156509893,10.0,8.061298370361328,,,,,4.0,5.0,7.0
2025-08-18 11:15:05,1900.916363636364,968.1454545454546,1450.3563636363638,28.35923502082005,79.88974234556514,959.4463170708328,10.0,8.083137512207031,,,,,3.0,7.0,8.0
2025-08-18 11:15:11,1900.916363636364,968.1454545454546,1450.3563636363638,28.395281786943087,79.50472608271653,959.446183118952,10.0,8.08234691619873,,,,,4.0,11.0,11.0
2025-08-18 11:15:17,1902.7781818181818,968.1454545454546,1450.3563636363638,28.37468363312655,79.95475991593032,959.4975185162573,10.0,8.08962345123291,,,,,4.0,10.0,10.0
2025-08-18 11:15:23,1902.7781818181818,968.1454545454546,1450.3563636363638,28.596114030689932,79.35932150083542,959.4768967740836,10.0,8.095776557922363,,,,,5.0,11.0,11.0
2025-08-18 11:15:29,1902.7781818181818,968.1454545454546,1452.2181818181818,28.67335731923231,79.17449059657439,959.4844241042966,10.0,8.098005294799805,,,,,6.0,10.0,10.0
2025-08-18 11:15:35,1902.7781818181818,966.2836363636363,1452.2181818181818,28.766049351921538,78.57336446962768,959.4326699003323,10.0,8.103891372680664,,,,,5.0,9.0,9.0
2025-08-18 11:15:41,1902.7781818181818,968.1454545454546,1454.0800000000002,28.647609549108893,78.54049144407111,959.445101036368,10.0,8.093090057373047,,,,,4.0,6.0,6.0
2025-08-18 11:15:47,1900.916363636364,964.4218181818183,1450.3563636363638,28.699105096631683,78.60847794046889,959.4409042085514,10.0,8.100895881652832,,,,,5.0,6.0,6.0
2025-08-18 11:15:53,1900.916363636364,964.4218181818183,1450.3563636363638,28.657908656285144,78.2456448813024,959.4056047823774,10.0,8.096962928771973,,,,,4.0,5.0,5.0
2025-08-18 11:15:59,1900.916363636364,968.1454545454546,1452.2181818181818,28.57551583147142,78.72587725979514,959.50065439837,10.0,8.08530330657959,,,,,5.0,7.0,7.0
2025-08-18 11:16:02,1902.7781818181818,968.1454545454546,1452.2181818181818,28.66820776462555,78.65812654269399,959.4213331266801,10.0,8.094805717468262,,,,,4.0,6.0,6.0
2025-08-18 11:16:08,1900.916363636364,964.4218181818183,1452.2181818181818,28.899938010057667,78.2188467924763,959.4437660065205,10.0,8.107333183288574,,,,,5.0,6.0,6.0
2025-08-18 11:16:14,1900.916363636364,966.2836363636363,1446.6327272727274,28.889638875523815,78.13679745455917,959.455663736391,10.0,8.100994110107422,,,,,6.0,8.0,8.0
2025-08-18 11:16:20,1900.916363636364,968.1454545454546,1454.0800000000002,28.735151997214416,79.26078857671222,959.440721386524,10.0,8.095823287963867,,,,,6.0,8.0,8.0
2025-08-18 11:16:26,1900.916363636364,966.2836363636363,1450.3563636363638,28.755750232521677,78.62471107015737,959.4997937348235,10.0,8.097960472106934,,,,,4.0,6.0,6.0
2025-08-18 11:16:32,1902.7781818181818,964.4218181818183,1450.3563636363638,28.771198912058026,78.21423082450312,959.4957685840382,10.0,8.107040405273438,,,,,4.0,6.0,6.0
2025-08-18 11:16:38,1902.7781818181818,970.0072727272727,1455.9418181818182,28.642459995957324,78.23859441229132,959.3820124341856,10.0,8.085867881774902,,,,,3.0,5.0,5.0
2025-08-18 11:16:41,1900.916363636364,964.4218181818183,1452.2181818181818,28.590964480448747,78.43151887659623,959.3585922619947,10.0,8.095318794250488,,,,,5.0,6.0,6.0
2025-08-18 11:16:44,1899.0545454545456,962.5600000000001,1450.3563636363638,28.740301555604674,78.39729849041565,959.4762014669147,10.0,8.101058006286621,,,,,5.0,6.0,6.0
2025-08-18 11:16:50,1897.1927272727273,960.6981818181819,1450.3563636363638,28.5858149304986,78.55282998749318,959.4611663424589,10.0,8.09503173828125,,,,,5.0,6.0,6.0
2025-08-18 11:16:56,1899.0545454545456,962.5600000000001,1454.0800000000002,28.323188268957892,79.3828357801254,959.3360526006747,10.0,8.089232444763184,,,,,5.0,7.0,7.0
2025-08-18 11:16:59,1899.0545454545456,958.8363636363637,1454.0800000000002,28.513721261755563,79.42776042142091,959.4062688045491,10.0,8.108346939086914,,,,,4.0,5.0,5.0
2025-08-18 11:17:05,1897.1927272727273,956.9745454545455,1452.2181818181818,28.46737536197179,80.13061874399378,959.4735042958163,10.0,8.11018180847168,,,,,5.0,6.0,6.0
2025-08-18 11:28:29,1880.4363636363637,936.4945454545455,1439.1854545454546,29.502439406351186,80.72376171039174,959.4514030067625,10.0,8.178614616394043,,,,,5.0,6.0,6.0
2025-08-18 11:28:32,1874.8509090909092,930.909090909091,1437.3236363636363,29.48184100224171,80.89611609132305,959.4476208031745,10.0,8.181550025939941,,,,,5.0,6.0,6.0
2025-08-18 11:28:35,1876.7127272727273,930.909090909091,1442.909090909091,29.48699060283252,80.86754029941005,959.4554785634845,10.0,8.1863431930542,,,,,5.0,5.0,5.0
2025-08-18 11:28:38,1874.8509090909092,930.909090909091,1441.047272727273,29.55908504166291,80.34545889511087,959.4272324105139,10.0,8.18209457397461,,,,,4.0,5.0,5.0
2025-08-18 11:28:41,1874.8509090909092,927.1854545454546,1439.1854545454546,29.476691401941935,80.43131953586614,959.4397630649172,10.0,8.18977165222168,,,,,5.0,5.0,5.0
2025-08-18 11:28:44,1874.8509090909092,929.0472727272728,1437.3236363636363,29.461242602788843,79.95398891134666,959.416189982491,10.0,8.18033218383789,,,,,4.0,5.0,5.0
2025-08-18 11:28:47,1876.7127272727273,938.3563636363637,1439.1854545454546,29.214062172570266,79.50372904751205,959.4259578001329,10.0,8.14085865020752,,,,,4.0,5.0,6.0
2025-08-18 11:28:50,1878.5745454545456,938.3563636363637,1437.3236363636363,29.03897644020617,79.36148080511109,959.3797700795284,10.0,8.136065483093262,,,,,4.0,5.0,5.0
2025-08-18 11:28:53,1878.5745454545456,943.9418181818181,1439.1854545454546,28.972031984390924,79.84888200697588,959.3880857200102,10.0,8.118574142456055,,,,,4.0,5.0,5.0
2025-08-18 11:28:56,1878.5745454545456,949.5272727272728,1441.047272727273,28.832993656396866,79.95888811066509,959.5072768640152,10.0,8.094148635864258,,,,,5.0,5.0,6.0
2025-08-18 11:28:59,1884.16,953.2509090909092,1441.047272727273,28.616712234565057,80.32297334739324,959.3979140953804,10.0,8.089083671569824,,,,,5.0,5.0,6.0
2025-08-18 11:29:02,1884.16,953.2509090909092,1439.1854545454546,28.56006718511344,80.88580649453444,959.421840656631,10.0,8.089651107788086,,,,,5.0,6.0,6.0
2025-08-18 11:29:05,1884.16,955.1127272727273,1442.909090909091,28.462225819006562,81.18999744353988,959.3552208660586,10.0,8.081769943237305,,,,,5.0,6.0,7.0
2025-08-18 11:29:08,1886.0218181818184,953.2509090909092,1442.909090909091,28.436478108545998,81.78406817213308,959.39870394837,10.0,8.094736099243164,,,,,5.0,6.0,7.0
2025-08-18 11:29:11,1882.2981818181818,949.5272727272728,1439.1854545454546,28.544618541374803,82.29162856600415,959.4534611966913,10.0,8.104413032531738,,,,,6.0,7.0,7.0
2025-08-18 11:29:14,1887.8836363636362,955.1127272727273,1446.6327272727274,28.590964480448747,82.53318873623816,959.4138118668255,10.0,8.106192588806152,,,,,6.0,7.0,7.0
2025-08-18 11:29:17,1886.0218181818184,953.2509090909092,1442.909090909091,28.565216733608395,82.36874986248314,959.4020970309232,10.0,8.104434967041016,,,,,6.0,8.0,8.0
2025-08-18 11:29:20,1887.8836363636362,951.3890909090909,1441.047272727273,28.657908656285144,82.78244443118238,959.4056047823774,10.0,8.122332572937012,,,,,6.0,7.0,7.0
2025-08-18 11:29:23,1886.0218181818184,947.6654545454545,1439.1854545454546,28.601263581222156,82.60359894222951,959.4295414380898,10.0,8.12476634979248,,,,,5.0,7.0,7.0
2025-08-18 11:29:26,1886.0218181818184,949.5272727272728,1444.770909090909,28.807245841162512,82.87712219620217,959.4127211384199,10.0,8.131498336791992,,,,,6.0,7.0,7.0
2025-08-18 11:35:51,1889.7454545454545,953.2509090909092,1444.770909090909,29.33250271170982,80.16366280540417,959.3856047514719,10.0,8.139124870300293,,,,,6.0,7.0,7.0
2025-08-18 11:35:54,1889.7454545454545,955.1127272727273,1446.6327272727274,29.35825067537371,80.27031403085007,959.369611891987,10.0,8.135539054870605,,,,,6.0,7.0,7.0
2025-08-18 11:35:57,1889.7454545454545,951.3890909090909,1442.909090909091,29.373699457064504,80.72429076680602,959.3655429797336,10.0,8.150736808776855,,,,,6.0,8.0,8.0
2025-08-18 11:36:00,1889.7454545454545,953.2509090909092,1444.770909090909,29.270707628602395,81.25493216130101,959.401860516646,10.0,8.14291763305664,,,,,6.0,8.0,8.0
2025-08-18 11:36:03,1889.7454545454545,955.1127272727273,1444.770909090909,29.337652303860523,80.8430375370257,959.3934632295047,10.0,8.138016700744629,,,,,6.0,8.0,8.0
2025-08-18 11:36:06,1889.7454545454545,951.3890909090909,1444.770909090909,29.15226716978941,81.2271899419433,959.3592760365567,10.0,8.142690658569336,,,,,5.0,7.0,7.0
2025-08-18 11:36:09,1891.6072727272729,953.2509090909092,1441.047272727273,28.915386714041233,82.00627708401669,959.356858600365,10.0,8.134730339050293,,,,,6.0,7.0,7.0
2025-08-18 11:36:12,1889.7454545454545,953.2509090909092,1446.6327272727274,29.193463833653368,81.56715655656852,959.4497902650407,10.0,8.14063835144043,,,,,6.0,7.0,7.0
2025-08-18 11:36:15,1887.8836363636362,953.2509090909092,1444.770909090909,29.214062172570266,81.71975214618246,959.3706847035447,10.0,8.138479232788086,,,,,6.0,7.0,7.0
2025-08-18 11:36:18,1889.7454545454545,949.5272727272728,1442.909090909091,29.25010927687981,81.63014178230662,959.3427861999517,10.0,8.156156539916992,,,,,6.0,7.0,7.0
2025-08-18 11:36:21,1886.0218181818184,949.5272727272728,1442.909090909091,29.29130598498159,81.44815743151501,959.3780173846313,10.0,8.147292137145996,,,,,5.0,6.0,6.0
2025-08-18 11:36:24,1889.7454545454545,951.3890909090909,1444.770909090909,29.30675475532189,81.54812550014316,959.4015937122148,10.0,8.152377128601074,,,,,5.0,5.0,5.0
2025-08-18 11:36:27,1887.8836363636362,949.5272727272728,1441.047272727273,29.15226716978941,81.97520825619772,959.3869099157539,10.0,8.148295402526855,,,,,5.0,6.0,6.0
2025-08-18 11:36:30,1889.7454545454545,953.2509090909092,1446.6327272727274,28.910237145755673,82.3361037508608,959.4042439555712,10.0,8.13143253326416,,,,,5.0,6.0,6.0
2025-08-18 11:36:33,1887.8836363636362,951.3890909090909,1444.770909090909,29.11622010418796,82.39519047636853,959.3595230894572,10.0,8.143637657165527,,,,,5.0,6.0,6.0
2025-08-18 11:36:36,1887.8836363636362,947.6654545454545,1439.1854545454546,29.219211758027086,82.03335171441003,959.3509072840236,10.0,8.158073425292969,,,,,5.0,7.0,7.0
2025-08-18 11:36:39,1887.8836363636362,947.6654545454545,1441.047272727273,29.322203528281534,81.61329287710758,959.3146055600967,10.0,8.160890579223633,,,,,6.0,7.0,7.0
2025-08-18 11:36:42,1884.16,947.6654545454545,1441.047272727273,29.48184100224171,81.19210981726546,959.3923246931872,10.0,8.15624713897705,,,,,6.0,7.0,7.0
2025-08-18 11:36:45,1884.16,943.9418181818181,1442.909090909091,29.528187418036396,80.87690153029723,959.4077411456293,10.0,8.1679048538208,,,,,6.0,7.0,7.0
2025-08-18 11:36:48,1886.0218181818184,943.9418181818181,1442.909090909091,29.589982675766805,81.75294273827876,959.4467217703542,10.0,8.181238174438477,,,,,5.0,7.0,7.0
2025-08-18 11:36:54,1882.2981818181818,942.08,1441.047272727273,29.533337021246552,81.71892876050524,959.3879479461722,10.0,8.174718856811523,,,,,5.0,7.0,7.0
2025-08-18 11:36:57,1884.16,940.2181818181818,1439.1854545454546,29.641478755889693,81.11891685112235,959.4146716441279,10.0,8.186665534973145,,,,,5.0,7.0,7.0
2025-08-18 11:37:00,1884.16,942.08,1442.909090909091,29.703274090454215,80.32869349826079,959.4259744687026,10.0,8.178916931152344,,,,,5.0,7.0,7.0
2025-08-18 11:37:03,1882.2981818181818,942.08,1441.047272727273,29.729022158891894,80.54577993825744,959.4099361536512,10.0,8.176985740661621,,,,,5.0,6.0,7.0
2025-08-18 11:37:06,1882.2981818181818,940.2181818181818,1439.1854545454546,29.74447100344696,80.11146908316299,959.4058431538828,10.0,8.180708885192871,,,,,4.0,5.0,7.0
2025-08-18 11:37:09,1882.2981818181818,945.8036363636364,1442.909090909091,29.74447100344696,79.7629228703048,959.4058431538828,10.0,8.161296844482422,,,,,4.0,6.0,7.0
2025-08-18 11:37:12,1880.4363636363637,942.08,1439.1854545454546,29.86291223205626,79.27887749113263,959.3928684657317,10.0,8.170997619628906,,,,,5.0,6.0,8.0
2025-08-18 11:37:15,1880.4363636363637,942.08,1441.047272727273,29.924707716796547,78.94683797700104,959.4041188128618,10.0,8.171924591064453,,,,,5.0,6.0,8.0
2025-08-18 11:37:18,1880.4363636363637,938.3563636363637,1439.1854545454546,30.037999547668733,78.68281450634892,959.4385466887976,10.0,8.187209129333496,,,,,5.0,6.0,8.0
2025-08-18 11:37:21,1878.5745454545456,940.2181818181818,1441.047272727273,29.95560547488276,79.35629059346036,959.3405682221306,10.0,8.177577018737793,,,,,5.0,6.0,8.0
2025-08-18 11:37:24,1880.4363636363637,938.3563636363637,1439.1854545454546,30.022550653346116,78.88507367492366,959.3873162406978,10.0,8.188100814819336,,,,,5.0,7.0,8.0
2025-08-18 11:37:27,1882.2981818181818,942.08,1442.909090909091,30.037999547668733,78.36297062987167,959.3832028505407,10.0,8.178871154785156,,,,,6.0,8.0,8.0
2025-08-18 11:37:30,1878.5745454545456,940.2181818181818,1439.1854545454546,30.07404697794118,78.22628452276817,959.3551515372118,10.0,8.176215171813965,,,,,6.0,7.0,7.0
2025-08-18 11:37:33,1880.4363636363637,940.2181818181818,1439.1854545454546,29.981353614624823,78.48051879837988,959.3244944814687,10.0,8.178104400634766,,,,,6.0,7.0,7.0
2025-08-18 11:37:36,1878.5745454545456,936.4945454545455,1435.4618181818184,30.07404697794118,77.98198998746336,959.4104984316285,10.0,8.18567180633545,,,,,6.0,7.0,7.0
2025-08-18 11:37:39,1878.5745454545456,938.3563636363637,1439.1854545454546,30.037999547668733,78.19431333768671,959.355530959808,10.0,8.179882049560547,,,,,5.0,7.0,7.0
2025-08-18 11:37:42,1878.5745454545456,938.3563636363637,1435.4618181818184,30.068897344172,77.65582948957235,959.3196262363078,10.0,8.178228378295898,,,,,5.0,7.0,7.0
2025-08-18 11:37:45,1876.7127272727273,938.3563636363637,1439.1854545454546,30.02770028449595,77.85615514784243,959.3951690587345,10.0,8.172102928161621,,,,,5.0,7.0,7.0
2025-08-18 11:37:48,1876.7127272727273,940.2181818181818,1437.3236363636363,29.960755102249095,77.79849671970975,959.3484212093716,10.0,8.162917137145996,,,,,5.0,7.0,7.0
2025-08-18 11:37:51,1878.5745454545456,940.2181818181818,1439.1854545454546,29.91440846642945,77.70177741529865,959.3330781947149,10.0,8.164793014526367,,,,,5.0,6.0,7.0
2025-08-18 11:37:57,1882.2981818181818,947.6654545454545,1437.3236363636363,29.430345012340695,78.56368961490969,959.3690444133919,10.0,8.131978034973145,,,,,5.0,6.0,7.0
2025-08-18 11:38:00,1884.16,947.6654545454545,1435.4618181818184,29.193463833653368,79.25828335699875,959.3392476180908,10.0,8.129323959350586,,,,,5.0,7.0,8.0
2025-08-18 11:38:03,1884.16,953.2509090909092,1439.1854545454546,29.05442516776384,79.91963900712425,959.3204636327401,10.0,8.109457969665527,,,,,5.0,7.0,7.0
2025-08-18 11:38:06,1884.16,955.1127272727273,1441.047272727273,28.951433700189227,80.6821033223906,959.3566401394412,10.0,8.103147506713867,,,,,5.0,7.0,8.0
2025-08-18 11:38:09,1886.0218181818184,956.9745454545455,1439.1854545454546,28.81754496638314,81.37178272487895,959.3732080911809,10.0,8.099678993225098,,,,,5.0,7.0,7.0
2025-08-18 11:38:12,1887.8836363636362,955.1127272727273,1439.1854545454546,28.9462841298664,81.92789786967923,959.3487788000377,10.0,8.1205472946167,,,,,5.0,7.0,7.0
2025-08-18 11:38:15,1884.16,953.2509090909092,1437.3236363636363,29.002929419424618,82.10681602968037,959.324744857754,10.0,8.120962142944336,,,,,5.0,8.0,8.0
2025-08-18 11:38:18,1887.8836363636362,953.2509090909092,1437.3236363636363,29.100771366152912,82.2372909676231,959.4188381291377,10.0,8.135679244995117,,,,,5.0,8.0,8.0
2025-08-18 11:38:21,1887.8836363636362,951.3890909090909,1437.3236363636363,29.121369684115052,82.34927862896836,959.3397505863481,10.0,8.143747329711914,,,,,5.0,7.0,7.0
2025-08-18 11:38:24,1887.8836363636362,956.9745454545455,1442.909090909091,29.219211758027086,82.21310656468428,959.3785440303545,10.0,8.130446434020996,,,,,4.0,7.0,7.0
2025-08-18 11:38:27,1887.8836363636362,953.2509090909092,1441.047272727273,29.275857217260636,82.33995156697063,959.3820804359747,10.0,8.145583152770996,,,,,4.0,7.0,7.0
2025-08-18 11:38:30,1887.8836363636362,951.3890909090909,1441.047272727273,29.30675475532189,82.0121467891442,959.3739531932542,10.0,8.150822639465332,,,,,4.0,6.0,6.0
2025-08-18 11:38:33,1889.7454545454545,951.3890909090909,1439.1854545454546,29.14711758811609,82.06171711831702,959.3514163191519,10.0,8.14789867401123,,,,,4.0,6.0,6.0
2025-08-18 11:38:36,1887.8836363636362,951.3890909090909,1439.1854545454546,29.178015082521597,83.1253579355085,959.3709399645066,10.0,8.15145492553711,,,,,4.0,6.0,6.0
2025-08-18 11:38:39,1887.8836363636362,949.5272727272728,1437.3236363636363,29.363400268979603,83.31626175629279,959.4327559514173,10.0,8.167464256286621,,,,,3.0,5.0,5.0
2025-08-18 11:38:42,1887.8836363636362,951.3890909090909,1439.1854545454546,29.3119043460174,83.03323570817928,959.4370932965616,10.0,8.15723991394043,,,,,4.0,6.0,6.0
2025-08-18 11:38:45,1884.16,955.1127272727273,1441.047272727273,29.24495968967676,82.63289069391836,959.3625652595848,10.0,8.130783081054688,,,,,4.0,6.0,6.0
2025-08-18 11:38:48,1889.7454545454545,951.3890909090909,1439.1854545454546,29.363400268979603,82.70158319335354,959.3774700278568,10.0,8.162933349609375,,,,,4.0,6.0,6.0
2025-08-18 11:38:51,1886.0218181818184,949.5272727272728,1437.3236363636363,29.4715418019332,82.322686047826,959.3489625703388,10.0,8.162405967712402,,,,,4.0,6.0,6.0
2025-08-18 11:38:54,1887.8836363636362,949.5272727272728,1439.1854545454546,29.589982675766805,82.0199139409884,959.3361110637059,10.0,8.171378135681152,,,,,4.0,7.0,7.0
2025-08-18 11:40:00,1889.7454545454545,955.1127272727273,1439.1854545454546,29.131668844842352,80.17561030384304,959.3831032666184,10.0,8.123211860656738,,,,,5.0,7.0,7.0
2025-08-18 11:40:06,1887.8836363636362,955.1127272727273,1441.047272727273,29.3119043460174,80.60872668133605,959.3541710605818,10.0,8.130695343017578,,,,,6.0,8.0,8.0
2025-08-18 11:40:09,1886.0218181818184,951.3890909090909,1439.1854545454546,29.394297836726764,80.68544120850963,959.3140422539499,10.0,8.142372131347656,,,,,6.0,8.0,10.0
2025-08-18 11:40:12,1884.16,951.3890909090909,1439.1854545454546,29.538486624747748,80.47142876783724,959.4234552739988,10.0,8.142813682556152,,,,,6.0,8.0,10.0
2025-08-18 11:40:15,1886.0218181818184,949.5272727272728,1441.047272727273,29.589982675766805,80.37712160892065,959.3361110637059,10.0,8.155961036682129,,,,,6.0,8.0,10.0
2025-08-18 11:40:18,1884.16,949.5272727272728,1435.4618181818184,29.692974865116412,80.24070016932677,959.3549488259517,10.0,8.155452728271484,,,,,5.0,8.0,9.0
2025-08-18 11:40:21,1889.7454545454545,951.3890909090909,1439.1854545454546,29.677526029292494,80.13484883834003,959.331383157637,10.0,8.16273021697998,,,,,6.0,8.0,9.0
2025-08-18 11:40:24,1889.7454545454545,953.2509090909092,1439.1854545454546,29.48699060283252,80.40897915884963,959.344885513595,10.0,8.148926734924316,,,,,6.0,8.0,10.0
2025-08-18 11:40:27,1887.8836363636362,951.3890909090909,1439.1854545454546,29.59513228246942,80.54594218392548,959.343967022777,10.0,8.156317710876465,,,,,5.0,7.0,9.0
2025-08-18 11:40:30,1886.0218181818184,949.5272727272728,1435.4618181818184,29.6105811043235,80.54145777741692,959.3398814970459,10.0,8.158055305480957,,,,,5.0,8.0,10.0
2025-08-18 11:40:33,1889.7454545454545,951.3890909090909,1441.047272727273,29.636329146567732,80.59591993184955,959.296196933156,10.0,8.163862228393555,,,,,6.0,9.0,10.0
2025-08-18 11:40:36,1887.8836363636362,949.5272727272728,1435.4618181818184,29.63117953753681,80.6651561059581,959.3436504901016,10.0,8.164657592773438,,,,,5.0,8.0,8.0
2025-08-18 11:40:39,1887.8836363636362,951.3890909090909,1439.1854545454546,29.677526029292494,80.62848365611602,959.3866959811818,10.0,8.1607666015625,,,,,5.0,7.0,7.0
2025-08-18 11:40:42,1887.8836363636362,953.2509090909092,1441.047272727273,29.68267564094276,80.6579603796041,959.3392383584504,10.0,8.155845642089844,,,,,5.0,6.0,6.0
2025-08-18 11:40:45,1887.8836363636362,951.3890909090909,1439.1854545454546,29.574533857405186,80.63707195890416,959.367847275737,10.0,8.155675888061523,,,,,5.0,6.0,6.0
2025-08-18 11:40:48,1886.0218181818184,953.2509090909092,1439.1854545454546,29.523037815117277,80.74875284442955,959.399884114491,10.0,8.143044471740723,,,,,4.0,6.0,6.0
2025-08-18 11:40:51,1887.8836363636362,953.2509090909092,1439.1854545454546,29.430345012340695,81.06576358384308,959.3413986126975,10.0,8.14553451538086,,,,,3.0,5.0,5.0
2025-08-18 11:40:54,1889.7454545454545,949.5272727272728,1439.1854545454546,29.517888212489197,81.1372070587315,959.336727977305,10.0,8.16672420501709,,,,,4.0,6.0,6.0
2025-08-18 11:40:57,1886.0218181818184,943.9418181818181,1437.3236363636363,29.553935436997563,81.11712137758745,959.336422112567,10.0,8.176061630249023,,,,,4.0,5.0,5.0
2025-08-18 11:41:00,1887.8836363636362,943.9418181818181,1441.047272727273,29.687825252884068,81.07648836923653,959.3747504363167,10.0,8.18715763092041,,,,,4.0,5.0,5.0
2025-08-18 11:45:12,1872.989090909091,930.909090909091,1429.8763636363635,30.774399881862337,72.84882636960076,959.3427899194756,10.0,8.191637992858887,,,,,7.0,9.0,9.0
2025-08-18 11:45:18,1872.989090909091,929.0472727272728,1429.8763636363635,30.609610479004914,73.96894197098973,959.2855957409588,10.0,8.196581840515137,,,,,8.0,11.0,11.0
2025-08-18 11:45:21,1871.1272727272728,925.3236363636365,1428.0145454545457,30.67140647015185,73.84500960176223,959.3520637197436,10.0,8.205127716064453,,,,,7.0,10.0,10.0
2025-08-18 11:45:24,1871.1272727272728,925.3236363636365,1429.8763636363635,30.81559727914282,73.4234338168852,959.2670341913052,10.0,8.210406303405762,,,,,6.0,8.0,8.0
2025-08-18 11:45:27,1869.2654545454548,925.3236363636365,1429.8763636363635,30.78984890365973,73.87666401821413,959.2832162964868,10.0,8.20713996887207,,,,,8.0,10.0,10.0
2025-08-18 11:45:30,1869.2654545454548,923.4618181818182,1426.1527272727274,30.661107135383645,74.08920044427397,959.2809722544793,10.0,8.207647323608398,,,,,6.0,9.0,9.0
2025-08-18 11:45:33,1867.4036363636365,923.4618181818182,1428.0145454545457,30.712603820866207,73.68459994361024,959.331739111083,10.0,8.202535629272461,,,,,7.0,10.0,10.0
2025-08-18 11:45:36,1867.4036363636365,923.4618181818182,1428.0145454545457,30.68170580608421,74.2131154317478,959.3954576084607,10.0,8.203917503356934,,,,,6.0,9.0,9.0
2025-08-18 11:45:39,1867.4036363636365,923.4618181818182,1428.0145454545457,30.67140647015185,74.47476837542855,959.324364660589,10.0,8.20559024810791,,,,,6.0,9.0,9.0
2025-08-18 11:45:42,1867.4036363636365,925.3236363636365,1428.0145454545457,30.583862161729485,74.77743890537721,959.3017508960298,10.0,8.197514533996582,,,,,6.0,9.0,9.0
2025-08-18 11:45:45,1867.4036363636365,927.1854545454546,1428.0145454545457,30.59416148776654,73.9561904729289,959.317445880793,10.0,8.186883926391602,,,,,6.0,8.0,8.0
2025-08-18 11:45:48,1865.5418181818181,927.1854545454546,1428.0145454545457,30.68170580608421,73.4724787525483,959.3400585653995,10.0,8.183309555053711,,,,,6.0,8.0,8.0
2025-08-18 11:45:51,1865.5418181818181,927.1854545454546,1426.1527272727274,30.66625680262223,73.71051856620683,959.344216573141,10.0,8.184029579162598,,,,,6.0,8.0,8.0
2025-08-18 11:45:54,1869.2654545454548,925.3236363636365,1426.1527272727274,30.753801190207014,73.2616447893731,959.3391077658724,10.0,8.20090103149414,,,,,5.0,7.0,7.0
2025-08-18 11:45:57,1867.4036363636365,927.1854545454546,1426.1527272727274,30.753801190207014,73.41915169747064,959.3114051784019,10.0,8.191637992858887,,,,,5.0,7.0,7.0
2025-08-18 11:46:00,1867.4036363636365,929.0472727272728,1428.0145454545457,30.84134566190187,72.93507786326431,959.306260796405,10.0,8.187301635742188,,,,,5.0,8.0,8.0
2025-08-18 11:46:03,1867.4036363636365,932.7709090909091,1428.0145454545457,30.794998578174273,72.75103193948331,959.2633575971903,10.0,8.172611236572266,,,,,6.0,9.0,9.0
2025-08-18 11:46:06,1867.4036363636365,932.7709090909091,1428.0145454545457,30.836195984767983,72.47370166075962,959.2984154325353,10.0,8.1726713180542,,,,,6.0,8.0,8.0
2025-08-18 11:46:09,1869.2654545454548,930.909090909091,1429.8763636363635,30.887692769203568,72.1444461071531,959.2937450075401,10.0,8.183699607849121,,,,,5.0,8.0,8.0
2025-08-18 11:46:12,1867.4036363636365,930.909090909091,1428.0145454545457,30.836195984767983,72.0417979108034,959.3261215483706,10.0,8.175393104553223,,,,,5.0,9.0,9.0
2025-08-18 11:46:15,1869.2654545454548,932.7709090909091,1428.0145454545457,30.887692769203568,71.77083178237181,959.2937450075401,10.0,8.175559997558594,,,,,5.0,9.0,9.0
2025-08-18 11:46:18,1867.4036363636365,932.7709090909091,1428.0145454545457,30.918590853834758,71.49844118021944,959.368524402211,10.0,8.170069694519043,,,,,5.0,9.0,9.0
2025-08-18 11:46:21,1869.2654545454548,934.6327272727274,1429.8763636363635,30.887692769203568,71.31543300934068,959.2937450075401,10.0,8.166889190673828,,,,,6.0,9.0,9.0
2025-08-18 11:46:24,1872.989090909091,936.4945454545455,1428.0145454545457,30.877393409988144,71.12208436610385,959.305763145096,10.0,8.168838500976562,,,,,6.0,8.0,8.0
2025-08-18 11:46:27,1872.989090909091,938.3563636363637,1428.0145454545457,30.918590853834758,70.97873683681662,959.2853954125202,10.0,8.164446830749512,,,,,6.0,7.0,7.0
2025-08-18 11:46:30,1871.1272727272728,934.6327272727274,1426.1527272727274,30.959788316307822,70.79447142357363,959.2927297482977,10.0,8.171977043151855,,,,,5.0,6.0,6.0
2025-08-18 11:46:33,1872.989090909091,936.4945454545455,1429.8763636363635,31.00613548385445,70.64553514034186,959.3356157087441,10.0,8.172140121459961,,,,,5.0,7.0,7.0
2025-08-18 11:46:36,1871.1272727272728,934.6327272727274,1428.0145454545457,31.0112851705926,70.40050379047025,959.2048919332937,10.0,8.172707557678223,,,,,6.0,7.0,7.0
2025-08-18 11:46:39,1872.989090909091,938.3563636363637,1429.8763636363635,31.057632364332676,70.23980533320336,959.2477654347244,10.0,8.166703224182129,,,,,5.0,6.0,6.0
2025-08-18 11:46:42,1872.989090909091,938.3563636363637,1429.8763636363635,31.031883920455584,70.01617881133146,959.2639791231067,10.0,8.163700103759766,,,,,5.0,6.0,6.0
2025-08-18 11:46:45,1872.989090909091,940.2181818181818,1429.8763636363635,31.06278205398121,70.02392856285505,959.3110401946941,10.0,8.15929126739502,,,,,5.0,6.0,8.0
2025-08-18 11:46:48,1874.8509090909092,938.3563636363637,1428.0145454545457,30.897992129583145,71.04165560682183,959.3094348261237,10.0,8.168293952941895,,,,,5.0,6.0,8.0
2025-08-18 11:46:51,1874.8509090909092,943.9418181818181,1429.8763636363635,30.825896631373325,71.14796899949584,959.3381361138962,10.0,8.14750862121582,,,,,5.0,6.0,8.0
2025-08-18 11:46:54,1874.8509090909092,940.2181818181818,1426.1527272727274,30.810447603464127,71.10027020722451,959.2868939181373,10.0,8.158347129821777,,,,,5.0,7.0,8.0
2025-08-18 11:46:57,1878.5745454545456,940.2181818181818,1428.0145454545457,30.80529792807647,70.96565933950964,959.3621628415789,10.0,8.165645599365234,,,,,5.0,7.0,9.0
2025-08-18 11:47:00,1876.7127272727273,942.08,1429.8763636363635,30.851645017042756,70.82264311450336,959.2942448121789,10.0,8.156994819641113,,,,,5.0,7.0,9.0
2025-08-18 11:47:03,1876.7127272727273,942.08,1431.7381818181818,30.630209138063947,71.24625849151303,959.3169844156794,10.0,8.148407936096191,,,,,5.0,7.0,9.0
2025-08-18 11:47:06,1878.5745454545456,943.9418181818181,1429.8763636363635,30.506617253558943,71.34328070039516,959.3225008920947,10.0,8.14116096496582,,,,,6.0,7.0,10.0
2025-08-18 11:47:09,1878.5745454545456,943.9418181818181,1431.7381818181818,30.43452206501388,71.84019774837746,959.2956935901052,10.0,8.1410551071167,,,,,5.0,7.0,9.0
2025-08-18 11:47:12,1880.4363636363637,942.08,1429.8763636363635,30.568413174856687,71.74985836947683,959.2228194249951,10.0,8.157960891723633,,,,,6.0,7.0,7.0
2025-08-18 11:47:15,1884.16,943.9418181818181,1429.8763636363635,30.54266486922279,71.92316980699307,959.349745828409,10.0,8.160299301147461,,,,,6.0,7.0,8.0
2025-08-18 11:47:18,1878.5745454545456,945.8036363636364,1435.4618181818184,30.558113851730013,71.89502388793488,959.2902079643968,10.0,8.142006874084473,,,,,6.0,7.0,8.0
2025-08-18 11:47:21,1880.4363636363637,945.8036363636364,1433.6000000000001,30.68170580608421,71.71062159592,959.3400585653995,10.0,8.151345252990723,,,,,6.0,7.0,8.0
2025-08-18 11:47:24,1882.2981818181818,943.9418181818181,1437.3236363636363,30.650807801779592,71.83696411411914,959.348373434697,10.0,8.160911560058594,,,,,6.0,7.0,8.0
2025-08-18 11:47:27,1878.5745454545456,945.8036363636364,1431.7381818181818,30.728052832186222,71.64946420876439,959.2721747349491,10.0,8.149175643920898,,,,,5.0,7.0,8.0
2025-08-18 11:47:30,1882.2981818181818,942.08,1431.7381818181818,30.7641005354526,71.44753373215715,959.2993944846271,10.0,8.17010498046875,,,,,6.0,7.0,7.0
2025-08-18 11:47:33,1882.2981818181818,940.2181818181818,1429.8763636363635,30.728052832186222,71.64946420876439,959.2998761901738,10.0,8.175567626953125,,,,,5.0,7.0,7.0
2025-08-18 11:47:36,1884.16,942.08,1431.7381818181818,30.661107135383645,71.82597277476934,959.2809722544793,10.0,8.171932220458984,,,,,6.0,7.0,7.0
2025-08-18 11:47:39,1882.2981818181818,942.08,1431.7381818181818,30.59416148776654,72.04325351284362,959.317445880793,10.0,8.165446281433105,,,,,5.0,7.0,7.0
2025-08-18 11:47:42,1882.2981818181818,943.9418181818181,1435.4618181818184,30.645658135414124,71.9883264778639,959.2851302748444,10.0,8.16196346282959,,,,,5.0,6.0,6.0
2025-08-18 11:47:45,1882.2981818181818,940.2181818181818,1429.8763636363635,30.568413174856687,72.25737525505288,959.3335978117304,10.0,8.171466827392578,,,,,5.0,7.0,7.0
2025-08-18 11:47:48,1882.2981818181818,945.8036363636364,1433.6000000000001,30.66625680262223,72.00719512265556,959.3165177404319,10.0,8.15715503692627,,,,,5.0,8.0,8.0
2025-08-18 11:47:51,1884.16,943.9418181818181,1429.8763636363635,30.6559574684361,71.9540003527663,959.2454272618866,10.0,8.166816711425781,,,,,4.0,7.0,7.0
2025-08-18 11:47:54,1886.0218181818184,947.6654545454545,1433.6000000000001,30.62505947286263,71.8294326112671,959.2814401745912,10.0,8.1568021774292,,,,,5.0,8.0,8.0
2025-08-18 11:47:57,1884.16,949.5272727272728,1435.4618181818184,30.733202503208304,71.60894710848562,959.2523191180022,10.0,8.150670051574707,,,,,6.0,9.0,9.0
2025-08-18 11:48:00,1884.16,953.2509090909092,1435.4618181818184,30.51691657086485,71.29727666102511,959.3381974945707,10.0,8.125065803527832,,,,,6.0,9.0,9.0
2025-08-18 11:48:03,1886.0218181818184,951.3890909090909,1433.6000000000001,30.614760143333115,71.61870785035936,959.3211394835577,10.0,8.142824172973633,,,,,5.0,8.0,8.0
2025-08-18 11:48:06,1884.16,949.5272727272728,1429.8763636363635,30.640508469339693,71.62622784868834,959.2218881181407,10.0,8.146080017089844,,,,,5.0,8.0,8.0
2025-08-18 11:48:09,1886.0218181818184,951.3890909090909,1433.6000000000001,30.712603820866207,71.4733683524596,959.3040382972616,10.0,8.146944999694824,,,,,5.0,8.0,8.0
2025-08-18 11:48:12,1886.0218181818184,947.6654545454545,1431.7381818181818,30.72290316145518,71.36314428883776,959.3474324539083,10.0,8.158312797546387,,,,,5.0,8.0,8.0
2025-08-18 11:48:15,1886.0218181818184,953.2509090909092,1437.3236363636363,30.67140647015185,71.28977314819548,959.2412675969307,10.0,8.137834548950195,,,,,6.0,8.0,9.0
2025-08-18 11:48:18,1887.8836363636362,953.2509090909092,1437.3236363636363,30.686855474486947,71.40749637759633,959.3479055500483,10.0,8.143481254577637,,,,,5.0,7.0,8.0
2025-08-18 11:48:21,1886.0218181818184,951.3890909090909,1435.4618181818184,30.72290316145518,71.38065414614324,959.2643287106667,10.0,8.14696979522705,,,,,5.0,7.0,7.0
2025-08-18 11:48:24,1887.8836363636362,951.3890909090909,1433.6000000000001,30.697154812165536,71.50154347393772,959.2250989114211,10.0,8.151054382324219,,,,,5.0,7.0,8.0
2025-08-18 11:48:27,1889.7454545454545,955.1127272727273,1435.4618181818184,30.59416148776654,71.27893983074384,959.2620544609512,10.0,8.136578559875488,,,,,5.0,7.0,7.0
2025-08-18 11:48:30,1889.7454545454545,955.1127272727273,1433.6000000000001,30.352127633668715,71.92805145330638,959.3362296210969,10.0,8.128336906433105,,,,,5.0,7.0,7.0
2025-08-18 11:48:33,1889.7454545454545,956.9745454545455,1435.4618181818184,30.202787916758098,71.90066425079581,959.3300292182956,10.0,8.114495277404785,,,,,5.0,6.0,7.0
2025-08-18 11:48:36,1891.6072727272729,958.8363636363637,1437.3236363636363,30.34182833498926,72.02649005960664,959.265160565906,10.0,8.121390342712402,,,,,5.0,6.0,7.0
2025-08-18 11:48:39,1891.6072727272729,958.8363636363637,1435.4618181818184,30.326379389152862,71.76308601518134,959.296981545831,10.0,8.118956565856934,,,,,4.0,6.0,6.0
2025-08-18 11:48:42,1891.6072727272729,958.8363636363637,1435.4618181818184,30.269733276829356,71.36288112285256,959.3213647545537,10.0,8.113917350769043,,,,,5.0,6.0,6.0
2025-08-18 11:48:45,1891.6072727272729,960.6981818181819,1435.4618181818184,30.31093044593581,71.39471793741063,959.3011165105,10.0,8.110650062561035,,,,,5.0,7.0,7.0
2025-08-18 11:48:48,1893.4690909090912,958.8363636363637,1435.4618181818184,30.403624144528294,71.24910497314173,959.2762895510764,10.0,8.124833106994629,,,,,5.0,7.0,7.0
2025-08-18 11:48:51,1895.330909090909,962.5600000000001,1437.3236363636363,30.465419995976845,71.06059410815425,959.3704761480893,10.0,8.120981216430664,,,,,5.0,7.0,7.0
2025-08-18 11:48:54,1893.4690909090912,964.4218181818183,1439.1854545454546,30.49116827978287,70.96890158757515,959.3266474546123,10.0,8.110773086547852,,,,,5.0,7.0,7.0
2025-08-18 11:48:57,1893.4690909090912,960.6981818181819,1437.3236363636363,30.537515208969126,70.84350052244756,959.3695909583624,10.0,8.122581481933594,,,,,5.0,7.0,7.0
2025-08-18 11:49:00,1893.4690909090912,962.5600000000001,1439.1854545454546,30.43967171944678,70.69724113763313,959.3589204704007,10.0,8.112064361572266,,,,,5.0,7.0,7.0
2025-08-18 11:49:03,1893.4690909090912,962.5600000000001,1437.3236363636363,30.47571930862614,70.676192066109,959.3031022276691,10.0,8.113709449768066,,,,,5.0,7.0,7.0
2025-08-18 11:49:06,1895.330909090909,964.4218181818183,1441.047272727273,30.44997102918569,70.51702799316783,959.3746187758911,10.0,8.111593246459961,,,,,4.0,6.0,6.0
2025-08-18 11:49:09,1895.330909090909,962.5600000000001,1439.1854545454546,30.444821374170715,70.54587543207951,959.3113909466537,10.0,8.117091178894043,,,,,5.0,7.0,7.0
2025-08-18 11:49:12,1897.1927272727273,968.1454545454546,1442.909090909091,30.39332484002807,70.1342294763241,959.3159662625061,10.0,8.104548454284668,,,,,5.0,7.0,7.0
2025-08-18 11:49:15,1895.330909090909,966.2836363636363,1441.047272727273,30.290331859054277,70.12780992328983,959.2974004576457,10.0,8.097074508666992,,,,,5.0,7.0,7.0
2025-08-18 11:49:18,1897.1927272727273,966.2836363636363,1441.047272727273,30.228536126349354,70.2814276224963,959.2862436260126,10.0,8.100915908813477,,,,,4.0,6.0,6.0
2025-08-18 11:49:21,1893.4690909090912,966.2836363636363,1439.1854545454546,30.269733276829356,70.27234585740126,959.3213647545537,10.0,8.091403007507324,,,,,5.0,6.0,6.0
2025-08-18 11:49:24,1899.0545454545456,966.2836363636363,1442.909090909091,30.321229741122806,70.04223110047776,959.3168159985285,10.0,8.108991622924805,,,,,4.0,5.0,5.0
2025-08-18 11:49:27,1895.330909090909,966.2836363636363,1441.047272727273,30.19763827571296,70.0753721894999,959.3221783773909,10.0,8.092588424682617,,,,,5.0,6.0,6.0
2025-08-18 11:49:30,1899.0545454545456,968.1454545454546,1442.909090909091,30.31608009338379,70.0127425055434,959.2535987099164,10.0,8.106575965881348,,,,,4.0,5.0,7.0
2025-08-18 11:49:33,1897.1927272727273,966.2836363636363,1441.047272727273,30.388175188214518,69.865512883663,959.2804302397797,10.0,8.10539722442627,,,,,3.0,6.0,7.0
2025-08-18 11:49:36,1900.916363636364,968.1454545454546,1442.909090909091,30.47571930862614,69.6783198637762,959.3031022276691,10.0,8.128496170043945,,,,,4.0,7.0,8.0
2025-08-18 11:49:39,1895.330909090909,966.2836363636363,1442.909090909091,30.41392345019267,69.48778917105301,959.2642991363381,10.0,8.098686218261719,,,,,3.0,6.0,7.0
2025-08-18 11:49:42,1899.0545454545456,966.2836363636363,1446.6327272727274,30.51691657086485,69.42400983641151,959.3381974945707,10.0,8.121561050415039,,,,,3.0,6.0,9.0
2025-08-18 11:49:45,1895.330909090909,966.2836363636363,1441.047272727273,30.43452206501388,69.41317200604985,959.2680047385554,10.0,8.099111557006836,,,,,5.0,7.0,9.0
2025-08-18 11:49:48,1900.916363636364,968.1454545454546,1444.770909090909,30.39332484002807,69.11886904967288,959.343653378422,10.0,8.117863655090332,,,,,4.0,7.0,9.0
2025-08-18 11:49:51,1899.0545454545456,970.0072727272727,1444.770909090909,30.218236841639737,69.28919364285284,959.2151840259991,10.0,8.094146728515625,,,,,5.0,8.0,10.0
2025-08-18 11:49:54,1899.0545454545456,964.4218181818183,1439.1854545454546,30.19763827571296,69.89457221777762,959.2668209937933,10.0,8.108149528503418,,,,,4.0,6.0,7.0
2025-08-18 11:49:57,1899.0545454545456,964.4218181818183,1444.770909090909,29.888660345604876,70.30670889419112,959.3214776344851,10.0,8.096906661987305,,,,,5.0,7.0,8.0
2025-08-18 11:50:00,1900.916363636364,966.2836363636363,1442.909090909091,29.708423703559674,71.40782272894162,959.350856950117,10.0,8.095901489257812,,,,,4.0,6.0,7.0
2025-08-18 11:50:03,1899.0545454545456,964.4218181818183,1444.770909090909,29.703274090454215,72.34492333548091,959.3153443694819,10.0,8.10132884979248,,,,,6.0,8.0,9.0
2025-08-18 11:50:06,1899.0545454545456,962.5600000000001,1441.047272727273,29.8114160267869,72.77146576945862,959.2313415842486,10.0,8.114335060119629,,,,,4.0,7.0,7.0
2025-08-18 11:50:09,1899.0545454545456,966.2836363636363,1448.4945454545457,29.79596717088134,73.4049724651351,959.2631046951318,10.0,8.106773376464844,,,,,4.0,7.0,7.0
2025-08-18 11:50:12,1897.1927272727273,964.4218181818183,1444.770909090909,29.646628365502693,74.26731300285334,959.3119074580219,10.0,8.105121612548828,,,,,6.0,8.0,8.0
2025-08-18 11:50:15,1899.0545454545456,964.4218181818183,1444.770909090909,29.79596717088134,74.44679314773293,959.2354432749569,10.0,8.118627548217773,,,,,4.0,7.0,7.0
2025-08-18 11:50:18,1895.330909090909,958.8363636363637,1442.909090909091,29.667226806865074,75.54268496923406,959.3433287714398,10.0,8.124238014221191,,,,,5.0,7.0,7.0
2025-08-18 11:50:21,1897.1927272727273,960.6981818181819,1444.770909090909,29.394297836726764,76.46377450027146,959.3140422539499,10.0,8.118228912353516,,,,,4.0,6.0,6.0
2025-08-18 11:50:24,1895.330909090909,958.8363636363637,1444.770909090909,29.456093003653223,77.08447078153499,959.2700978586158,10.0,8.124685287475586,,,,,4.0,7.0,7.0
2025-08-18 11:50:27,1897.1927272727273,958.8363636363637,1444.770909090909,29.579683463234687,77.12317579581763,959.3757036215585,10.0,8.13559341430664,,,,,4.0,6.0,6.0
2025-08-18 11:50:30,1897.1927272727273,960.6981818181819,1444.770909090909,29.44064420799259,77.0832646632695,959.3018208111741,10.0,8.124126434326172,,,,,5.0,7.0,7.0
2025-08-18 11:50:33,1897.1927272727273,960.6981818181819,1444.770909090909,29.281006806209916,77.6515580770518,959.3070211882208,10.0,8.120584487915039,,,,,4.0,6.0,6.0
2025-08-18 11:50:36,1895.330909090909,958.8363636363637,1444.770909090909,29.404597028304124,77.9866405594964,959.3021123773854,10.0,8.127874374389648,,,,,5.0,6.0,6.0
2025-08-18 11:50:39,1895.330909090909,958.8363636363637,1444.770909090909,29.49214020371437,77.88327174155081,959.3250939488457,10.0,8.131011962890625,,,,,4.0,5.0,5.0
2025-08-18 11:50:42,1895.330909090909,956.9745454545455,1442.909090909091,29.71357331695617,77.92999307830955,959.35871205626,10.0,8.146279335021973,,,,,4.0,5.0,5.0
2025-08-18 11:50:45,1895.330909090909,956.9745454545455,1444.770909090909,29.8371641257836,77.39330972122916,959.2982714188413,10.0,8.148613929748535,,,,,5.0,6.0,6.0
2025-08-18 11:50:48,1895.330909090909,958.8363636363637,1448.4945454545457,29.759919850621372,76.61392565608162,959.2634493620586,10.0,8.135180473327637,,,,,6.0,6.0,8.0
2025-08-18 11:50:51,1893.4690909090912,958.8363636363637,1444.770909090909,29.729022158891894,75.79157815639634,959.3546188779613,10.0,8.122880935668945,,,,,5.0,6.0,7.0
2025-08-18 11:50:54,1895.330909090909,956.9745454545455,1442.909090909091,29.8371641257836,75.68334296357305,959.2429450129245,10.0,8.138256072998047,,,,,5.0,6.0,7.0
2025-08-18 11:50:57,1893.4690909090912,958.8363636363637,1444.770909090909,29.94015659452998,75.1789301465825,959.2616741187328,10.0,8.128698348999023,,,,,5.0,6.0,7.0
2025-08-18 11:51:00,1895.330909090909,958.8363636363637,1444.770909090909,29.86291223205626,74.36431475245804,959.3098753757574,10.0,8.125696182250977,,,,,5.0,7.0,8.0
2025-08-18 11:51:03,1895.330909090909,958.8363636363637,1444.770909090909,30.012251391919563,74.38086619129811,959.3439398924125,10.0,8.132257461547852,,,,,5.0,6.0,7.0
2025-08-18 11:51:06,1895.330909090909,964.4218181818183,1450.3563636363638,30.032849915936822,74.12614647256021,959.2646636716016,10.0,8.115828514099121,,,,,5.0,6.0,7.0
2025-08-18 11:51:09,1893.4690909090912,962.5600000000001,1446.6327272727274,30.171890074852854,73.77489899350631,959.2552469295239,10.0,8.119587898254395,,,,,5.0,6.0,7.0
2025-08-18 11:51:12,1895.330909090909,960.6981818181819,1444.770909090909,30.1770397144428,73.4723270898292,959.2630974353909,10.0,8.128837585449219,,,,,5.0,6.0,7.0
2025-08-18 11:53:18,1897.1927272727273,962.5600000000001,1454.0800000000002,30.07404697794118,73.13894764348024,959.3551515372118,10.0,8.122185707092285,,,,,3.0,4.0,4.0
2025-08-18 11:53:24,1895.330909090909,958.8363636363637,1450.3563636363638,30.321229741122806,72.46819423081045,959.2891319957475,10.0,8.134256362915039,,,,,5.0,7.0,7.0
2025-08-18 11:53:27,1893.4690909090912,955.1127272727273,1444.770909090909,30.34182833498926,72.33549583117549,959.3205303260299,10.0,8.139586448669434,,,,,5.0,7.0,7.0
2025-08-18 11:53:30,1895.330909090909,956.9745454545455,1448.4945454545457,30.33667868608609,72.77819785526644,959.2573114037026,10.0,8.142289161682129,,,,,5.0,7.0,7.0
2025-08-18 11:53:33,1893.4690909090912,958.8363636363637,1446.6327272727274,30.146141881268704,72.28738005932136,959.299024094331,10.0,8.119829177856445,,,,,5.0,7.0,7.0
2025-08-18 11:53:36,1895.330909090909,960.6981818181819,1446.6327272727274,30.166740435553947,72.30041914793561,959.2750737881553,10.0,8.121122360229492,,,,,5.0,7.0,7.0
2025-08-18 11:53:39,1895.330909090909,962.5600000000001,1450.3563636363638,30.223386483849026,72.11187619239709,959.3060731512828,10.0,8.117012023925781,,,,,5.0,8.0,8.0
2025-08-18 11:53:42,1895.330909090909,962.5600000000001,1450.3563636363638,30.30578079877887,71.8025418388515,959.2932667989847,10.0,8.118768692016602,,,,,5.0,7.0,7.0
2025-08-18 11:53:45,1895.330909090909,958.8363636363637,1448.4945454545457,30.346977984183468,71.62449465718267,959.2176396125786,10.0,8.130420684814453,,,,,5.0,8.0,8.0
2025-08-18 11:53:48,1895.330909090909,962.5600000000001,1448.4945454545457,30.444821374170715,71.3159370923068,959.2837016422403,10.0,8.121926307678223,,,,,5.0,7.0,7.0
2025-08-18 11:53:51,1895.330909090909,956.9745454545455,1446.6327272727274,30.511766912066378,70.96438697592708,959.191888416182,10.0,8.139033317565918,,,,,5.0,8.0,8.0
2025-08-18 11:53:54,1895.330909090909,962.5600000000001,1450.3563636363638,30.609610479004914,70.62048366005713,959.2025067154548,10.0,8.125157356262207,,,,,6.0,8.0,8.0
2025-08-18 11:53:57,1895.330909090909,962.5600000000001,1448.4945454545457,30.650807801779592,70.28452670000229,959.1821846851432,10.0,8.124963760375977,,,,,5.0,8.0,8.0
2025-08-18 11:54:00,1895.330909090909,956.9745454545455,1446.6327272727274,30.614760143333115,70.3639921810947,959.238049721837,10.0,8.139715194702148,,,,,5.0,7.0,7.0
2025-08-18 11:54:03,1893.4690909090912,958.8363636363637,1444.770909090909,30.619909807952354,70.10163773598418,959.1905028943318,10.0,8.127559661865234,,,,,5.0,7.0,7.0
2025-08-18 11:54:06,1893.4690909090912,956.9745454545455,1446.6327272727274,30.702304481441388,69.93159309106237,959.3160458541795,10.0,8.13530445098877,,,,,5.0,7.0,7.0
2025-08-18 11:54:09,1893.4690909090912,956.9745454545455,1448.4945454545457,30.697154812165536,70.03053339855158,959.2527990079631,10.0,8.135987281799316,,,,,5.0,7.0,7.0
2025-08-18 11:54:12,1895.330909090909,956.9745454545455,1452.2181818181818,30.650807801779592,70.68729567055065,959.3206752623556,10.0,8.143019676208496,,,,,6.0,7.0,7.0
2025-08-18 11:54:15,1895.330909090909,960.6981818181819,1450.3563636363638,30.49116827978287,70.82304011274154,959.2989561502079,10.0,8.126215934753418,,,,,6.0,7.0,7.0
2025-08-18 11:54:18,1891.6072727272729,955.1127272727273,1448.4945454545457,30.68170580608421,70.3331611019385,959.284659598211,10.0,8.138707160949707,,,,,5.0,6.0,6.0
2025-08-18 11:54:21,1891.6072727272729,953.2509090909092,1448.4945454545457,30.619909807952354,70.45186954843753,959.2458964268731,10.0,8.142374992370605,,,,,5.0,6.0,6.0
2025-08-18 11:54:24,1893.4690909090912,949.5272727272728,1446.6327272727274,30.72290316145518,69.99709365411081,959.2920299394433,10.0,8.160513877868652,,,,,5.0,6.0,6.0
2025-08-18 11:54:27,1891.6072727272729,949.5272727272728,1448.4945454545457,30.825896631373325,69.64133967621825,959.2273135001425,10.0,8.159171104431152,,,,,6.0,6.0,7.0
2025-08-18 11:54:30,1891.6072727272729,945.8036363636364,1446.6327272727274,30.68170580608421,70.29813354406927,959.2292607068953,10.0,8.16813850402832,,,,,6.0,7.0,8.0
2025-08-18 11:54:33,1889.7454545454545,943.9418181818181,1446.6327272727274,30.784699229436228,69.93667532401618,959.2199629724535,10.0,8.17243766784668,,,,,5.0,7.0,8.0
2025-08-18 11:54:36,1887.8836363636362,945.8036363636364,1446.6327272727274,30.820746955112554,69.86881270011293,959.1640579133424,10.0,8.163741111755371,,,,,5.0,7.0,8.0
2025-08-18 11:54:39,1886.0218181818184,942.08,1446.6327272727274,30.825896631373325,70.03850144931695,959.255019125116,10.0,8.17225170135498,,,,,5.0,6.0,7.0
2025-08-18 11:54:42,1887.8836363636362,942.08,1446.6327272727274,30.738352174521424,70.27248046082926,959.177059405156,10.0,8.174073219299316,,,,,5.0,7.0,8.0
2025-08-18 11:54:45,1886.0218181818184,942.08,1444.770909090909,30.851645017042756,69.74805164537501,959.2111245973789,10.0,8.171684265136719,,,,,5.0,7.0,8.0
2025-08-18 11:54:48,1884.16,940.2181818181818,1442.909090909091,30.712603820866207,70.09571631634687,959.2209359696167,10.0,8.168371200561523,,,,,5.0,7.0,8.0
2025-08-18 11:54:51,1886.0218181818184,943.9418181818181,1450.3563636363638,30.702304481441388,70.2001699179142,959.232944828307,10.0,8.161157608032227,,,,,5.0,7.0,7.0
2025-08-18 11:54:54,1884.16,942.08,1446.6327272727274,30.743501846125582,69.86406116951494,959.1572025483431,10.0,8.162676811218262,,,,,5.0,6.0,6.0
2025-08-18 11:54:57,1884.16,940.2181818181818,1442.909090909091,30.856794695049757,69.63738277182392,959.2189691196811,10.0,8.172612190246582,,,,,5.0,7.0,7.0
2025-08-18 11:55:00,1884.16,938.3563636363637,1444.770909090909,30.918590853834758,69.28475928819643,959.1745570253486,10.0,8.179373741149902,,,,,5.0,8.0,8.0
2025-08-18 11:55:03,1884.16,938.3563636363637,1442.909090909091,31.01643485762179,68.98674086654874,959.2681626893743,10.0,8.181984901428223,,,,,5.0,7.0,7.0
2025-08-18 11:55:06,1880.4363636363637,940.2181818181818,1444.770909090909,31.047332985908724,68.71385381829431,959.1766490611678,10.0,8.167281150817871,,,,,5.0,7.0,7.0
2025-08-18 11:55:09,1884.16,938.3563636363637,1442.909090909091,31.11427896647365,68.47808598964782,959.2231687159109,10.0,8.183612823486328,,,,,5.0,6.0,6.0
2025-08-18 11:55:12,1882.2981818181818,943.9418181818181,1446.6327272727274,31.093680197984213,68.5295026980917,959.1363650283718,10.0,8.161152839660645,,,,,5.0,7.0,8.0
2025-08-18 11:55:15,1880.4363636363637,938.3563636363637,1442.909090909091,31.140027433633804,68.24569724878324,959.1515047809985,10.0,8.174752235412598,,,,,6.0,8.0,9.0
2025-08-18 11:55:18,1882.2981818181818,940.2181818181818,1444.770909090909,31.170925603830256,68.07789046724575,959.1708345487542,10.0,8.173604011535645,,,,,6.0,7.0,9.0
2025-08-18 11:55:21,1882.2981818181818,940.2181818181818,1441.047272727273,31.1863746928575,67.87992782877873,959.2498014162943,10.0,8.17269229888916,,,,,6.0,8.0,9.0
2025-08-18 11:55:24,1878.5745454545456,942.08,1446.6327272727274,31.232721975655295,67.64858763761974,959.2094882843317,10.0,8.158896446228027,,,,,5.0,7.0,8.0
2025-08-18 11:55:27,1880.4363636363637,936.4945454545455,1441.047272727273,31.284218984190375,67.49352939910777,959.2047267676098,10.0,8.182579040527344,,,,,5.0,7.0,8.0
2025-08-18 11:55:30,1880.4363636363637,940.2181818181818,1444.770909090909,31.26876987857395,67.3112956826436,959.2643781417834,10.0,8.168455123901367,,,,,5.0,7.0,8.0
2025-08-18 11:55:33,1882.2981818181818,940.2181818181818,1442.909090909091,31.284218984190375,67.20098597513756,959.2324520543224,10.0,8.173001289367676,,,,,5.0,7.0,8.0
2025-08-18 11:55:36,1880.4363636363637,938.3563636363637,1442.909090909091,31.299668092426145,67.0789619212247,959.2005235160435,10.0,8.174543380737305,,,,,5.0,7.0,8.0
2025-08-18 11:55:39,1876.7127272727273,936.4945454545455,1439.1854545454546,31.346015432849526,66.93521026831425,959.1879068669123,10.0,8.173056602478027,,,,,5.0,6.0,8.0
2025-08-18 11:55:42,1880.4363636363637,938.3563636363637,1441.047272727273,31.37691367289517,66.83155137118142,959.2349485391194,10.0,8.176664352416992,,,,,4.0,5.0,6.0
2025-08-18 11:55:45,1882.2981818181818,936.4945454545455,1439.1854545454546,31.402662214270094,66.60466960769821,959.2186897322822,10.0,8.186753273010254,,,,,4.0,5.0,7.0
2025-08-18 11:55:48,1880.4363636363637,936.4945454545455,1441.047272727273,31.423261052608723,66.44772216182054,959.2500498818023,10.0,8.18217658996582,,,,,4.0,5.0,7.0
2025-08-18 11:55:51,1878.5745454545456,936.4945454545455,1442.909090909091,31.36661425838247,66.60857458487503,959.2469967314005,10.0,8.175975799560547,,,,,3.0,4.0,6.0
2025-08-18 11:55:54,1878.5745454545456,934.6327272727274,1439.1854545454546,31.3717639654933,66.5034922334265,959.2548372683506,10.0,8.181356430053711,,,,,5.0,5.0,7.0
2025-08-18 11:55:57,1878.5745454545456,930.909090909091,1439.1854545454546,31.351165138796205,66.59018015653518,959.3066598264635,10.0,8.192488670349121,,,,,5.0,5.0,7.0
2025-08-18 11:56:00,1880.4363636363637,932.7709090909091,1439.1854545454546,31.284218984190375,66.7679749715496,959.2047267676098,10.0,8.189184188842773,,,,,4.0,5.0,6.0
2025-08-18 11:56:03,1880.4363636363637,930.909090909091,1433.6000000000001,31.32026690748171,66.67044658223828,959.2596133541614,10.0,8.196048736572266,,,,,4.0,4.0,6.0
2025-08-18 11:56:06,1874.8509090909092,932.7709090909091,1437.3236363636363,31.129728045896627,66.9701465165019,959.2466961021051,10.0,8.169198989868164,,,,,4.0,5.0,6.0
2025-08-18 11:56:09,1878.5745454545456,932.7709090909091,1441.047272727273,31.19152438978199,67.09054785116626,959.2853648186349,10.0,8.181940078735352,,,,,5.0,6.0,6.0
2025-08-18 11:56:12,1880.4363636363637,934.6327272727274,1441.047272727273,31.150326822535135,67.21696137580646,959.222627128636,10.0,8.17945671081543,,,,,4.0,5.0,5.0
2025-08-18 11:56:15,1878.5745454545456,927.1854545454546,1439.1854545454546,31.109129273914732,67.30240550631927,959.1598908002414,10.0,8.19732666015625,,,,,4.0,6.0,6.0
2025-08-18 11:56:18,1876.7127272727273,923.4618181818182,1437.3236363636363,31.093680197984213,67.5705643052989,959.164082087564,10.0,8.205801963806152,,,,,4.0,6.0,6.0
2025-08-18 11:57:24,1886.0218181818184,955.1127272727273,1439.1854545454546,30.84134566190187,67.84856745905624,959.1954356170197,10.0,8.116378784179688,,,,,5.0,7.0,7.0
2025-08-18 11:57:30,1887.8836363636362,951.3890909090909,1437.3236363636363,30.846495339326793,67.65599237655927,959.258693101137,10.0,8.13122844696045,,,,,5.0,7.0,7.0
2025-08-18 11:57:33,1887.8836363636362,951.3890909090909,1437.3236363636363,30.81559727914282,67.50813200435358,959.2116238281941,10.0,8.128743171691895,,,,,7.0,9.0,9.0
2025-08-18 11:57:36,1887.8836363636362,949.5272727272728,1439.1854545454546,30.810447603464127,67.58381922057906,959.2037790243647,10.0,8.134936332702637,,,,,5.0,7.0,8.0
2025-08-18 11:57:39,1886.0218181818184,943.9418181818181,1435.4618181818184,30.81559727914282,67.59579893962366,959.2116238281941,10.0,8.148538589477539,,,,,5.0,6.0,9.0
2025-08-18 11:57:42,1884.16,942.08,1439.1854545454546,30.846495339326793,67.58585548118707,959.258693101137,10.0,8.151381492614746,,,,,5.0,6.0,9.0
2025-08-18 11:57:45,1880.4363636363637,936.4945454545455,1435.4618181818184,30.84134566190187,67.77843538136378,959.2231418833996,10.0,8.161486625671387,,,,,6.0,7.0,10.0
2025-08-18 11:57:48,1878.5745454545456,932.7709090909091,1439.1854545454546,30.712603820866207,67.80031955156039,959.2209359696167,10.0,8.162322044372559,,,,,5.0,6.0,9.0
2025-08-18 11:57:51,1878.5745454545456,932.7709090909091,1433.6000000000001,30.614760143333115,67.63701563361131,959.2934428773531,10.0,8.155780792236328,,,,,6.0,6.0,9.0
2025-08-18 11:57:54,1880.4363636363637,932.7709090909091,1437.3236363636363,30.609610479004914,67.80028594460697,959.2302030383256,10.0,8.161330223083496,,,,,6.0,7.0,10.0
2025-08-18 11:57:57,1878.5745454545456,927.1854545454546,1435.4618181818184,30.692005143180722,67.67060882481198,959.2726527751823,10.0,8.177802085876465,,,,,5.0,6.0,9.0
2025-08-18 11:58:00,1878.5745454545456,927.1854545454546,1435.4618181818184,30.692005143180722,67.7640900926197,959.2726527751823,10.0,8.178476333618164,,,,,6.0,6.0,7.0
2025-08-18 11:58:03,1876.7127272727273,929.0472727272728,1437.3236363636363,30.661107135383645,67.90253769128124,959.2809722544793,10.0,8.16751766204834,,,,,6.0,6.0,7.0
2025-08-18 11:58:06,1876.7127272727273,927.1854545454546,1433.6000000000001,30.661107135383645,67.72727736922545,959.2532736861492,10.0,8.172266960144043,,,,,4.0,4.0,4.0
2025-08-18 11:58:09,1878.5745454545456,932.7709090909091,1437.3236363636363,30.506617253558943,67.78272523461308,959.2671169815465,10.0,8.15129566192627,,,,,4.0,4.0,4.0
2025-08-18 11:58:12,1874.8509090909092,934.6327272727274,1433.6000000000001,30.568413174856687,67.96147386735089,959.2505139932367,10.0,8.14113998413086,,,,,4.0,4.0,4.0
2025-08-18 11:58:15,1878.5745454545456,938.3563636363637,1437.3236363636363,30.62505947286263,67.87126576337035,959.3091372147156,10.0,8.140250205993652,,,,,4.0,5.0,5.0
2025-08-18 11:58:18,1876.7127272727273,940.2181818181818,1435.4618181818184,30.578712499147514,67.76931721359645,959.2385133747554,10.0,8.127080917358398,,,,,4.0,5.0,5.0
2025-08-18 11:58:21,1878.5745454545456,943.9418181818181,1441.047272727273,30.614760143333115,67.7421649798854,959.2103531725254,10.0,8.121496200561523,,,,,5.0,7.0,7.0
2025-08-18 11:58:24,1878.5745454545456,943.9418181818181,1439.1854545454546,30.630209138063947,67.7138358760752,959.2061954632022,10.0,8.122110366821289,,,,,4.0,6.0,6.0
2025-08-18 12:06:54,1884.16,942.08,1448.4945454545457,30.78984890365973,68.16701224290685,959.2001040632114,10.0,8.152803421020508,,,,,7.0,9.0,10.0
2025-08-18 12:07:00,1882.2981818181818,940.2181818181818,1442.909090909091,30.697154812165536,68.3485889676859,959.2250989114211,10.0,8.150664329528809,,,,,8.0,10.0,11.0
2025-08-18 12:07:03,1884.16,940.2181818181818,1446.6327272727274,30.59416148776654,67.95127120869145,959.2066631169617,10.0,8.146940231323242,,,,,9.0,11.0,12.0
2025-08-18 12:07:09,1880.4363636363637,934.6327272727274,1444.770909090909,30.630209138063947,68.0526424739056,959.2615899015104,10.0,8.158190727233887,,,,,7.0,9.0,9.0
2025-08-18 12:07:15,1882.2981818181818,934.6327272727274,1442.909090909091,30.697154812165536,68.00391995762159,959.1973988338483,10.0,8.165987968444824,,,,,8.0,10.0,10.0
2025-08-18 12:07:21,1876.7127272727273,934.6327272727274,1441.047272727273,30.702304481441388,68.0684796668276,959.2606451512952,10.0,8.15324592590332,,,,,7.0,9.0,9.0
2025-08-18 12:07:27,1880.4363636363637,936.4945454545455,1442.909090909091,30.72290316145518,68.29751089314354,959.2643287106667,10.0,8.158870697021484,,,,,5.0,8.0,8.0
2025-08-18 12:07:33,1880.4363636363637,938.3563636363637,1444.770909090909,30.908291491126874,67.6711823119556,959.2697063286403,10.0,8.158132553100586,,,,,5.0,8.0,8.0
2025-08-18 12:07:39,1880.4363636363637,938.3563636363637,1441.047272727273,30.949488948943326,67.56828590931076,959.249330282173,10.0,8.159619331359863,,,,,6.0,8.0,10.0
2025-08-18 12:07:45,1882.2981818181818,942.08,1439.1854545454546,30.810447603464127,68.40192726595112,959.2314839699799,10.0,8.151030540466309,,,,,6.0,9.0,10.0
2025-08-18 12:07:51,1882.2981818181818,945.8036363636364,1442.909090909091,30.959788316307822,68.05991948780252,959.2373069693219,10.0,8.144548416137695,,,,,5.0,8.0,10.0
2025-08-18 12:07:54,1882.2981818181818,943.9418181818181,1442.909090909091,31.031883920455584,67.65479065593794,959.2085501930327,10.0,8.151412963867188,,,,,5.0,7.0,10.0
2025-08-18 12:08:00,1884.16,949.5272727272728,1444.770909090909,30.882543089450337,67.7164845665228,959.1473599300301,10.0,8.131037712097168,,,,,6.0,7.0,11.0
2025-08-18 12:08:06,1884.16,945.8036363636364,1442.909090909091,31.031883920455584,67.2103835250578,959.2085501930327,10.0,8.146757125854492,,,,,6.0,7.0,9.0
2025-08-18 12:08:09,1884.16,947.6654545454545,1442.909090909091,31.093680197984213,66.88042709518054,959.2472333790945,10.0,8.141570091247559,,,,,4.0,6.0,8.0
2025-08-18 12:08:15,1886.0218181818184,945.8036363636364,1442.909090909091,31.17607529988163,66.33497032829848,959.2618380253969,10.0,8.152214050292969,,,,,6.0,7.0,9.0
2025-08-18 12:08:18,1886.0218181818184,947.6654545454545,1441.047272727273,31.1863746928575,66.19508628740927,959.1666381802775,10.0,8.146215438842773,,,,,5.0,6.0,7.0
2025-08-18 12:08:24,1887.8836363636362,951.3890909090909,1442.909090909091,30.882543089450337,66.4888018680439,959.202775953216,10.0,8.124979019165039,,,,,6.0,7.0,7.0
2025-08-18 12:08:30,1887.8836363636362,951.3890909090909,1442.909090909091,31.0112851705926,66.589337808586,959.177178383607,10.0,8.132503509521484,,,,,5.0,6.0,6.0
2025-08-18 12:08:36,1886.0218181818184,947.6654545454545,1441.047272727273,31.140027433633804,66.4383513623279,959.2346620162548,10.0,8.145283699035645,,,,,4.0,6.0,6.0
2025-08-18 12:08:42,1887.8836363636362,945.8036363636364,1441.047272727273,31.227572276402498,66.39039492668844,959.1739241275824,10.0,8.160036087036133,,,,,4.0,6.0,6.0
2025-08-18 12:08:48,1886.0218181818184,949.5272727272728,1444.770909090909,31.263620177283883,66.48011184862757,959.2288122510913,10.0,8.146143913269043,,,,,5.0,7.0,7.0
2025-08-18 12:08:54,1887.8836363636362,945.8036363636364,1441.047272727273,31.325416611973196,66.17321986933763,959.267454379901,10.0,8.16321849822998,,,,,6.0,8.0,8.0
2025-08-18 12:09:00,1887.8836363636362,945.8036363636364,1441.047272727273,31.33056631675572,66.48371522264644,959.2475681208047,10.0,8.165782928466797,,,,,5.0,7.0,7.0
2025-08-18 12:09:06,1886.0218181818184,949.5272727272728,1441.047272727273,31.031883920455584,67.83019834473116,959.2085501930327,10.0,8.14380168914795,,,,,5.0,8.0,8.0
2025-08-18 12:09:12,1886.0218181818184,949.5272727272728,1442.909090909091,31.06793174392078,67.5866571303826,959.2080196560102,10.0,8.143940925598145,,,,,5.0,7.0,7.0
2025-08-18 12:09:18,1884.16,947.6654545454545,1435.4618181818184,31.00613548385445,67.7702677460304,959.1693354845931,10.0,8.143669128417969,,,,,5.0,7.0,7.0
2025-08-18 12:09:24,1887.8836363636362,947.6654545454545,1442.909090909091,31.134877739619697,67.32723608427693,959.2268197168052,10.0,8.155805587768555,,,,,5.0,7.0,7.0
2025-08-18 12:09:27,1887.8836363636362,949.5272727272728,1441.047272727273,31.06278205398121,67.34660697191708,959.2278927516808,10.0,8.146293640136719,,,,,5.0,6.0,6.0
2025-08-18 12:09:33,1887.8836363636362,951.3890909090909,1441.047272727273,30.954638632480055,67.34056563883395,959.2571743050619,10.0,8.134608268737793,,,,,5.0,6.0,6.0
2025-08-18 12:09:39,1886.0218181818184,951.3890909090909,1439.1854545454546,31.06278205398121,66.82609370776206,959.2278927516808,10.0,8.1322660446167,,,,,5.0,7.0,7.0
2025-08-18 12:09:45,1887.8836363636362,953.2509090909092,1442.909090909091,31.201823784504086,66.27783329229827,959.2456058805639,10.0,8.134040832519531,,,,,5.0,7.0,7.0
2025-08-18 12:09:48,1886.0218181818184,951.3890909090909,1442.909090909091,31.299668092426145,66.00210702155337,959.2837014144945,10.0,8.138504981994629,,,,,5.0,7.0,7.0
2025-08-18 12:09:54,1889.7454545454545,949.5272727272728,1442.909090909091,31.258470476284856,66.07601917062082,959.2486952192322,10.0,8.151739120483398,,,,,5.0,7.0,7.0
2025-08-18 12:10:00,1889.7454545454545,951.3890909090909,1441.047272727273,31.1863746928575,65.9785697300199,959.1943592399521,10.0,8.141596794128418,,,,,6.0,8.0,10.0
2025-08-18 12:10:06,1887.8836363636362,951.3890909090909,1442.909090909091,31.30481779575348,65.65700599026293,959.1806380758833,10.0,8.141117095947266,,,,,4.0,6.0,8.0
2025-08-18 12:10:12,1889.7454545454545,951.3890909090909,1442.909090909091,31.402662214270094,65.25805116953853,959.2186897322822,10.0,8.147622108459473,,,,,5.0,6.0,8.0
2025-08-18 12:10:18,1887.8836363636362,951.3890909090909,1442.909090909091,31.562303333193995,64.7389331595235,959.2398411950272,10.0,8.147732734680176,,,,,6.0,7.0,9.0
2025-08-18 12:10:21,1889.7454545454545,955.1127272727273,1444.770909090909,31.54170446342323,64.40980057878836,959.1530133795528,10.0,8.145023345947266,,,,,6.0,8.0,9.0
2025-08-18 12:10:27,1887.8836363636362,953.2509090909092,1441.047272727273,31.54170446342323,64.31605035143794,959.2084860121962,10.0,8.137862205505371,,,,,5.0,7.0,8.0
2025-08-18 12:31:04,1895.330909090909,958.8363636363637,1448.4945454545457,32.16997208632529,55.56333239936663,959.1377163619247,10.0,8.186863899230957,,,,,5.0,7.0,8.0
2025-08-18 12:31:07,1897.1927272727273,958.8363636363637,1452.2181818181818,32.20602036002674,55.55851075231917,959.1092529005604,10.0,8.1996431350708,,,,,5.0,7.0,8.0
2025-08-18 12:31:10,1895.330909090909,958.8363636363637,1452.2181818181818,32.30386574624572,55.5496193077563,959.0914578902415,10.0,8.199390411376953,,,,,6.0,8.0,9.0
2025-08-18 12:31:13,1899.0545454545456,962.5600000000001,1452.2181818181818,32.298715986456955,55.37881280021006,959.1113952378021,10.0,8.216323852539062,,,,,5.0,7.0,7.0
2025-08-18 12:31:16,1897.1927272727273,960.6981818181819,1450.3563636363638,32.32446478831116,55.40898479783059,959.1227837726444,10.0,8.209556579589844,,,,,4.0,6.0,6.0
2025-08-18 12:31:19,1899.0545454545456,964.4218181818183,1452.2181818181818,32.16482233410352,55.574946187861386,959.1021204152848,10.0,8.204996109008789,,,,,4.0,5.0,5.0
2025-08-18 12:31:22,1899.0545454545456,966.2836363636363,1454.0800000000002,32.12877407670021,55.66211594276976,959.1028150662459,10.0,8.202021598815918,,,,,4.0,6.0,6.0
2025-08-18 12:31:25,1897.1927272727273,970.0072727272727,1454.0800000000002,32.12362432680675,55.86782859429141,959.1227433435795,10.0,8.192955017089844,,,,,4.0,6.0,6.0
2025-08-18 12:31:28,1899.0545454545456,964.4218181818183,1450.3563636363638,32.18027159164194,55.869535732671764,959.0700911907406,10.0,8.208106994628906,,,,,4.0,6.0,6.0
2025-08-18 12:31:31,1900.916363636364,968.1454545454546,1454.0800000000002,32.20602036002674,55.92325568027492,959.1092529005604,10.0,8.219561576843262,,,,,4.0,6.0,6.0
2025-08-18 12:31:34,1899.0545454545456,964.4218181818183,1450.3563636363638,32.11332482789294,56.08512885175487,959.0793161957864,10.0,8.202983856201172,,,,,4.0,7.0,7.0
2025-08-18 12:31:37,1900.916363636364,971.869090909091,1454.0800000000002,32.06182735078619,56.18351833194921,959.0287465181881,10.0,8.208001136779785,,,,,5.0,7.0,7.0
2025-08-18 12:31:40,1900.916363636364,970.0072727272727,1452.2181818181818,32.195720851799706,56.175883752649966,959.0935881542749,10.0,8.219894409179688,,,,,5.0,7.0,7.0
2025-08-18 12:31:43,1899.0545454545456,966.2836363636363,1452.2181818181818,32.22146962455008,56.23550014748075,959.132750175837,10.0,8.213190078735352,,,,,5.0,7.0,7.0
2025-08-18 12:31:46,1900.916363636364,960.6981818181819,1454.0800000000002,32.247218404576415,56.206882452908275,959.171912716739,10.0,8.22472858428955,,,,,5.0,7.0,7.0
2025-08-18 12:31:49,1897.1927272727273,956.9745454545455,1450.3563636363638,32.190571098122746,56.311009094722955,959.0579917077902,10.0,8.202446937561035,,,,,5.0,7.0,7.0
2025-08-18 12:31:52,1897.1927272727273,956.9745454545455,1452.2181818181818,32.16482233410352,56.28080105474554,959.1021204152848,10.0,8.199630737304688,,,,,5.0,6.0,6.0
2025-08-18 12:31:55,1899.0545454545456,955.1127272727273,1450.3563636363638,32.26781743383617,56.28399526710364,959.11994067302,10.0,8.21835708618164,,,,,5.0,6.0,6.0
2025-08-18 12:31:58,1897.1927272727273,960.6981818181819,1455.9418181818182,32.23691889169277,56.29480231429501,959.1007153705979,10.0,8.206127166748047,,,,,4.0,6.0,6.0
2025-08-18 12:32:01,1900.916363636364,962.5600000000001,1452.2181818181818,32.118474577204324,56.355813256861175,959.0871491317858,10.0,8.214153289794922,,,,,4.0,5.0,5.0
2025-08-18 12:32:04,1899.0545454545456,962.5600000000001,1452.2181818181818,32.195720851799706,56.43468594302065,959.0658238232302,10.0,8.212486267089844,,,,,5.0,6.0,6.0
2025-08-18 12:32:07,1899.0545454545456,960.6981818181819,1450.3563636363638,32.21117011457682,56.34105955169975,959.0893202942491,10.0,8.213366508483887,,,,,5.0,6.0,6.0
2025-08-18 12:32:10,1900.916363636364,966.2836363636363,1454.0800000000002,32.01547964627389,56.42314822659235,959.0970336449993,10.0,8.204780578613281,,,,,5.0,7.0,7.0
2025-08-18 12:32:13,1900.916363636364,968.1454545454546,1452.2181818181818,31.95368274359498,56.72687579879939,959.0862902244188,10.0,8.200608253479004,,,,,5.0,6.0,6.0
2025-08-18 12:32:16,1899.0545454545456,970.0072727272727,1452.2181818181818,32.03092887849198,56.92335648527157,959.1205354047702,10.0,8.199051856994629,,,,,5.0,6.0,6.0
2025-08-18 12:32:19,1900.916363636364,970.0072727272727,1454.0800000000002,32.06182735078619,56.936118801038,959.0565050739594,10.0,8.211682319641113,,,,,5.0,6.0,6.0
2025-08-18 12:32:22,1902.7781818181818,966.2836363636363,1452.2181818181818,31.979431447951356,57.02748417967298,959.097707008589,10.0,8.213788986206055,,,,,5.0,6.0,6.0
2025-08-18 12:32:25,1900.916363636364,968.1454545454546,1454.0800000000002,31.660148028197,57.08748745156699,959.1113684211831,10.0,8.175332069396973,,,,,4.0,7.0,7.0
2025-08-18 12:32:28,1902.7781818181818,973.7309090909091,1455.9418181818182,31.38206338058808,58.16405599519676,959.0764122080946,10.0,8.164472579956055,,,,,4.0,6.0,6.0
2025-08-18 12:32:31,1902.7781818181818,968.1454545454546,1452.2181818181818,31.552003897726536,58.5340284238589,959.0854798575447,10.0,8.182133674621582,,,,,4.0,6.0,6.0
2025-08-18 12:32:34,1904.64,971.869090909091,1455.9418181818182,31.665297751897015,58.54400618815429,959.0914638332466,10.0,8.201632499694824,,,,,4.0,7.0,7.0
2025-08-18 12:32:37,1902.7781818181818,970.0072727272727,1455.9418181818182,31.763142557494575,58.453590722841895,959.1571287002321,10.0,8.2004976272583,,,,,4.0,6.0,6.0
2025-08-18 12:32:40,1902.7781818181818,970.0072727272727,1455.9418181818182,31.794040938984836,58.395972816425456,959.1209065849014,10.0,8.20329761505127,,,,,3.0,6.0,6.0
2025-08-18 12:32:43,1900.916363636364,971.869090909091,1455.9418181818182,31.778591746930033,58.595089319174946,959.041906054723,10.0,8.1940279006958,,,,,4.0,6.0,6.0
2025-08-18 12:32:46,1902.7781818181818,971.869090909091,1455.9418181818182,31.824939330952475,58.62026331466309,959.0846772417118,10.0,8.20740032196045,,,,,4.0,7.0,7.0
2025-08-18 12:32:49,1902.7781818181818,968.1454545454546,1455.9418181818182,31.89188588282559,58.587450810156994,959.1310362751633,10.0,8.2132568359375,,,,,4.0,7.0,11.0
2025-08-18 12:32:52,1902.7781818181818,968.1454545454546,1454.0800000000002,31.984581189695746,58.38516995750814,959.1055412145416,10.0,8.22092056274414,,,,,5.0,8.0,11.0
2025-08-18 12:32:55,1900.916363636364,971.869090909091,1459.6654545454546,31.989730931731174,58.20908187550021,959.057864462802,10.0,8.211337089538574,,,,,5.0,8.0,11.0
2025-08-18 12:32:58,1902.7781818181818,970.0072727272727,1457.8036363636365,32.02062939005555,58.16316319629862,959.1048675440566,10.0,8.22301959991455,,,,,6.0,7.0,10.0
2025-08-18 12:33:01,1902.7781818181818,970.0072727272727,1455.9418181818182,32.06182735078619,58.03531999760156,959.2230568086251,10.0,8.225340843200684,,,,,6.0,8.0,11.0
2025-08-18 12:36:10,1880.4363636363637,938.3563636363637,1441.047272727273,32.000030416675145,58.74999674579648,958.9902643889368,10.0,8.15231704711914,,,,,4.0,6.0,9.0
2025-08-18 12:36:16,1884.16,943.9418181818181,1441.047272727273,32.000030416675145,58.59136579143332,959.1012880058512,10.0,8.14189338684082,,,,,4.0,6.0,10.0
2025-08-18 12:36:19,1884.16,945.8036363636364,1441.047272727273,31.979431447951356,58.72574488524265,959.0421969360742,10.0,8.136116981506348,,,,,4.0,6.0,9.0
2025-08-18 12:36:22,1886.0218181818184,949.5272727272728,1441.047272727273,31.95368274359498,58.55443976879576,959.0307823789586,10.0,8.135721206665039,,,,,4.0,6.0,8.0
2025-08-18 12:36:25,1884.16,951.3890909090909,1441.047272727273,32.00518015958369,58.53279734196511,959.1091220688097,10.0,8.13023853302002,,,,,4.0,6.0,10.0
2025-08-18 12:36:28,1887.8836363636362,947.6654545454545,1442.909090909091,32.08242633813643,58.4298016965541,959.0045595934155,10.0,8.156418800354004,,,,,3.0,6.0,10.0
2025-08-18 12:36:31,1886.0218181818184,947.6654545454545,1441.047272727273,32.175121838838095,58.039274838717716,959.062258911144,10.0,8.153019905090332,,,,,4.0,8.0,11.0
2025-08-18 12:36:34,1886.0218181818184,951.3890909090909,1442.909090909091,32.12362432680675,58.11388994712159,959.1227433435795,10.0,8.148308753967285,,,,,4.0,8.0,10.0
2025-08-18 12:36:37,1887.8836363636362,949.5272727272728,1441.047272727273,32.190571098122746,57.7870165459382,959.0579917077902,10.0,8.162711143493652,,,,,4.0,7.0,9.0
2025-08-18 12:36:40,1889.7454545454545,953.2509090909092,1442.909090909091,32.18027159164194,57.716113166588016,959.0700911907406,10.0,8.1708402633667,,,,,4.0,7.0,8.0
2025-08-18 12:36:43,1889.7454545454545,953.2509090909092,1444.770909090909,32.12877407670021,57.84955672002115,959.0472921604133,10.0,8.166991233825684,,,,,3.0,7.0,8.0
2025-08-18 12:36:46,1889.7454545454545,951.3890909090909,1441.047272727273,32.195720851799706,57.67548493477157,959.0658238232302,10.0,8.172070503234863,,,,,4.0,8.0,9.0
2025-08-18 12:36:49,1887.8836363636362,949.5272727272728,1442.909090909091,32.00518015958369,57.815906996656246,959.081365909496,10.0,8.145949363708496,,,,,3.0,7.0,8.0
2025-08-18 12:36:52,1887.8836363636362,949.5272727272728,1441.047272727273,32.02577913412824,58.2808713003437,959.0571873903567,10.0,8.150224685668945,,,,,4.0,7.0,7.0
2025-08-18 12:36:55,1891.6072727272729,953.2509090909092,1444.770909090909,31.794040938984836,58.31374937015274,959.1486537047746,10.0,8.147811889648438,,,,,4.0,7.0,7.0
2025-08-18 12:36:58,1891.6072727272729,955.1127272727273,1441.047272727273,31.521105598309077,58.84396403052517,959.0661896014942,10.0,8.125909805297852,,,,,5.0,7.0,7.0
2025-08-18 12:37:01,1893.4690909090912,960.6981818181819,1448.4945454545457,31.46445874325582,59.27607279149925,959.063174154953,10.0,8.131898880004883,,,,,5.0,7.0,7.0
2025-08-18 12:37:04,1891.6072727272729,956.9745454545455,1446.6327272727274,31.536554746708134,59.75996240676965,959.061966962705,10.0,8.131845474243164,,,,,5.0,6.0,7.0
2025-08-18 12:37:07,1891.6072727272729,951.3890909090909,1444.770909090909,31.69619610020891,59.8190022148395,959.1384848172544,10.0,8.146332740783691,,,,,5.0,6.0,7.0
2025-08-18 12:37:10,1887.8836363636362,955.1127272727273,1441.047272727273,31.78374147732393,59.6756529806149,959.0774881117209,10.0,8.134970664978027,,,,,5.0,6.0,7.0
2025-08-18 13:24:59,1900.916363636364,970.0072727272727,1455.9418181818182,31.752843099326128,62.08041332849475,958.7807677553648,10.0,8.211014747619629,,,,,4.0,6.0,6.0
2025-08-18 13:25:05,1902.7781818181818,970.0072727272727,1454.0800000000002,31.768292287015356,62.36852817012392,958.8320141491656,10.0,8.22282600402832,,,,,5.0,6.0,6.0
2025-08-18 13:25:08,1900.916363636364,968.1454545454546,1454.0800000000002,31.711645278293872,62.37186769684616,958.7458437264884,10.0,8.209035873413086,,,,,5.0,7.0,7.0
2025-08-18 13:25:11,1902.7781818181818,970.0072727272727,1455.9418181818182,31.711645278293872,62.55367936893502,958.6903571344362,10.0,8.219524383544922,,,,,5.0,8.0,8.0
2025-08-18 13:25:14,1904.64,968.1454545454546,1454.0800000000002,31.588051926955814,62.747454871679,958.807486042083,10.0,8.217757225036621,,,,,5.0,8.0,10.0
2025-08-18 13:25:17,1902.7781818181818,968.1454545454546,1455.9418181818182,31.67559720017016,62.774891653476956,958.7742346005797,10.0,8.216848373413086,,,,,5.0,8.0,10.0
2025-08-18 13:25:20,1900.916363636364,970.0072727272727,1455.9418181818182,31.665297751897015,62.75683161307818,958.7585664592751,10.0,8.206521987915039,,,,,6.0,9.0,10.0
2025-08-18 13:25:23,1900.916363636364,964.4218181818183,1454.0800000000002,31.768292287015356,62.7967035717908,958.6932853543466,10.0,8.216914176940918,,,,,5.0,7.0,9.0
2025-08-18 13:25:26,1902.7781818181818,968.1454545454546,1455.9418181818182,31.788891208008863,62.785910310301084,958.7801094259252,10.0,8.227255821228027,,,,,5.0,7.0,9.0
2025-08-18 13:25:29,1899.0545454545456,966.2836363636363,1452.2181818181818,31.866137203207472,62.69555950748323,958.758859676323,10.0,8.215534210205078,,,,,5.0,7.0,9.0
2025-08-18 13:25:32,1902.7781818181818,968.1454545454546,1454.0800000000002,31.773442016827175,62.76761225413937,958.728863969968,10.0,8.22609806060791,,,,,5.0,7.0,9.0
2025-08-18 13:25:35,1899.0545454545456,970.0072727272727,1454.0800000000002,31.649848581670085,62.791310332326965,958.7628050687445,10.0,8.195960998535156,,,,,4.0,6.0,7.0
2025-08-18 13:25:38,1900.916363636364,973.7309090909091,1457.8036363636365,31.747693370678462,62.78403644555364,958.7729342650803,10.0,8.213926315307617,,,,,4.0,6.0,6.0
2025-08-18 13:25:41,1900.916363636364,971.869090909091,1454.0800000000002,31.721944731805706,62.853237822119226,958.7615108870939,10.0,8.21208381652832,,,,,4.0,5.0,5.0
2025-08-18 13:25:44,1902.7781818181818,973.7309090909091,1454.0800000000002,31.721944731805706,62.929473461458436,958.7892546646582,10.0,8.221471786499023,,,,,4.0,5.0,5.0
2025-08-18 13:25:47,1904.64,971.869090909091,1454.0800000000002,31.819789598230273,62.8225094306464,958.7716129802737,10.0,8.239422798156738,,,,,4.0,6.0,6.0
2025-08-18 13:25:50,1902.7781818181818,971.869090909091,1454.0800000000002,31.88673614631989,62.6906245501251,958.7624384951009,10.0,8.235668182373047,,,,,5.0,7.0,7.0
2025-08-18 13:25:53,1900.916363636364,971.869090909091,1454.0800000000002,31.95883248388418,62.51784838126835,958.7888298533948,10.0,8.231940269470215,,,,,5.0,7.0,7.0
2025-08-18 13:25:56,1902.7781818181818,971.869090909091,1455.9418181818182,32.04637811332941,62.28112676455935,958.6999123995676,10.0,8.248685836791992,,,,,5.0,10.0,10.0
2025-08-18 13:25:59,1904.64,973.7309090909091,1455.9418181818182,31.95368274359498,62.14791800514713,958.7254905905049,10.0,8.248538970947266,,,,,4.0,10.0,10.0
2025-08-18 14:05:47,1910.2254545454546,977.4545454545455,1457.8036363636365,32.41716053523123,58.64758699058965,958.6805052401963,10.0,8.301502227783203,,,,,3.0,5.0,5.0
2025-08-18 14:05:50,1908.3636363636365,977.4545454545455,1459.6654545454546,32.51500614816905,58.49818396486,958.6347797626898,10.0,8.300738334655762,,,,,3.0,4.0,4.0
2025-08-18 14:05:53,1906.5018181818184,977.4545454545455,1461.5272727272727,32.42231030171388,58.312554867071725,958.6883323779941,10.0,8.281645774841309,,,,,3.0,5.0,5.0
2025-08-18 14:05:56,1908.3636363636365,981.1781818181819,1463.389090909091,32.484107522206614,58.20297765293858,958.6433773237809,10.0,8.296164512634277,,,,,4.0,6.0,6.0
2025-08-18 14:05:59,1908.3636363636365,983.0400000000001,1463.389090909091,32.53560523796477,58.17536945814874,958.6383050302139,10.0,8.300688743591309,,,,,4.0,6.0,7.0
2025-08-18 14:06:02,1908.3636363636365,979.3163636363637,1459.6654545454546,32.53560523796477,58.12830500804277,958.5827478195561,10.0,8.301029205322266,,,,,4.0,6.0,7.0
2025-08-18 14:06:05,1910.2254545454546,981.1781818181819,1461.5272727272727,32.525305692484835,57.85731826361671,958.5948753295182,10.0,8.307841300964355,,,,,4.0,6.0,9.0
2025-08-18 14:06:08,1906.5018181818184,979.3163636363637,1459.6654545454546,32.50470660501742,57.891910102637155,958.6191279357248,10.0,8.287464141845703,,,,,4.0,7.0,9.0
2025-08-18 14:06:11,1910.2254545454546,984.9018181818182,1463.389090909091,32.375962413847446,57.81689938852789,958.6456606462815,10.0,8.293400764465332,,,,,4.0,7.0,9.0
2025-08-18 14:06:14,1912.0872727272729,983.0400000000001,1459.6654545454546,32.08242633813643,58.08893555058504,958.6714479943727,10.0,8.27706527709961,,,,,4.0,7.0,9.0
2025-08-18 14:06:17,1910.2254545454546,986.7636363636365,1463.389090909091,31.78374147732393,58.548295479708074,958.6335443349403,10.0,8.242748260498047,,,,,4.0,6.0,8.0
2025-08-18 14:06:20,1910.2254545454546,988.6254545454545,1461.5272727272727,31.227572276402498,59.425402877267516,958.647193901722,10.0,8.195959091186523,,,,,4.0,6.0,8.0
2025-08-18 14:06:23,1913.949090909091,990.4872727272729,1463.389090909091,30.81559727914282,60.85632077537903,958.602114843646,10.0,8.18415355682373,,,,,4.0,6.0,8.0
2025-08-18 14:06:26,1912.0872727272729,984.9018181818182,1461.5272727272727,30.728052832186222,62.02930980007614,958.6073455008243,10.0,8.17296028137207,,,,,4.0,5.0,7.0
2025-08-18 14:06:29,1910.2254545454546,986.7636363636365,1463.389090909091,30.975237369537354,62.67851525767495,958.6234664251108,10.0,8.189377784729004,,,,,3.0,5.0,6.0
2025-08-18 14:06:32,1912.0872727272729,986.7636363636365,1463.389090909091,31.19152438978199,62.83482077686115,958.5646160713425,10.0,8.21969223022461,,,,,4.0,5.0,5.0
2025-08-18 14:06:35,1912.0872727272729,984.9018181818182,1465.2509090909093,31.33056631675572,62.81190013040639,958.5821184779869,10.0,8.232298851013184,,,,,4.0,5.0,5.0
2025-08-18 14:06:38,1912.0872727272729,983.0400000000001,1463.389090909091,31.41811134258751,62.874509352984575,958.6321312758404,10.0,8.240399360656738,,,,,4.0,5.0,5.0
2025-08-18 14:06:41,1912.0872727272729,981.1781818181819,1465.2509090909093,31.41811134258751,62.72213599028701,958.6044006518881,10.0,8.239924430847168,,,,,4.0,6.0,6.0
2025-08-18 14:06:44,1910.2254545454546,973.7309090909091,1461.5272727272727,31.567453051364282,62.61167667965267,958.6651974134288,10.0,8.24375057220459,,,,,4.0,6.0,6.0
2025-08-18 14:17:21,1912.0872727272729,988.6254545454545,1465.2509090909093,31.721944731805706,60.987859651680964,958.5118177453372,10.0,8.259336471557617,,,,,3.0,7.0,7.0
2025-08-18 14:17:24,1915.8109090909093,990.4872727272729,1468.9745454545455,31.737393914256245,61.05304689699245,958.5908011189443,10.0,8.279031753540039,,,,,2.0,6.0,6.0
2025-08-18 14:17:27,1912.0872727272729,988.6254545454545,1467.1127272727272,31.711645278293872,60.89355083033881,958.5516409873093,10.0,8.25764274597168,,,,,2.0,5.0,5.0
2025-08-18 14:17:30,1913.949090909091,992.3490909090909,1470.8363636363638,31.752843099326128,60.93633157029626,958.5588075002717,10.0,8.27068042755127,,,,,2.0,5.0,6.0
2025-08-18 14:17:33,1912.0872727272729,990.4872727272729,1467.1127272727272,31.81463986579911,60.88020245907946,958.569546340435,10.0,8.266796112060547,,,,,2.0,5.0,6.0
2025-08-18 14:17:36,1913.949090909091,988.6254545454545,1468.9745454545455,31.670447475888068,60.77450232642508,958.5444686469017,10.0,8.262613296508789,,,,,2.0,4.0,5.0
2025-08-18 14:17:39,1913.949090909091,988.6254545454545,1467.1127272727272,31.67559720017016,60.903793633726615,958.524559291177,10.0,8.263871192932129,,,,,3.0,4.0,5.0
2025-08-18 14:17:42,1915.8109090909093,988.6254545454545,1468.9745454545455,31.763142557494575,60.907417174903934,958.546725520581,10.0,8.281057357788086,,,,,3.0,5.0,6.0
2025-08-18 14:17:45,1913.949090909091,986.7636363636365,1468.9745454545455,31.81463986579911,60.862595478595594,958.5140511452049,10.0,8.27658748626709,,,,,3.0,6.0,8.0
2025-08-18 14:17:48,1913.949090909091,988.6254545454545,1468.9745454545455,31.721944731805706,60.85877016020557,958.4840741580668,10.0,8.26817798614502,,,,,4.0,6.0,8.0
2025-08-18 14:17:51,1915.8109090909093,990.4872727272729,1468.9745454545455,31.824939330952475,60.75150477181897,958.5019647809381,10.0,8.286153793334961,,,,,4.0,7.0,8.0
2025-08-18 14:17:54,1913.949090909091,988.6254545454545,1468.9745454545455,31.78374147732393,60.63830615623696,958.4670666748273,10.0,8.272850036621094,,,,,4.0,7.0,9.0
2025-08-18 14:17:57,1915.8109090909093,988.6254545454545,1467.1127272727272,31.763142557494575,60.707890274475474,958.435744113935,10.0,8.280823707580566,,,,,4.0,7.0,8.0
2025-08-18 14:18:00,1915.8109090909093,988.6254545454545,1468.9745454545455,31.855837733397493,60.576674845966664,958.5211995360346,10.0,8.288082122802734,,,,,4.0,7.0,8.0
2025-08-18 14:18:03,1915.8109090909093,986.7636363636365,1467.1127272727272,31.95883248388418,60.39883728406059,958.566798792299,10.0,8.296412467956543,,,,,4.0,7.0,8.0
2025-08-18 14:18:06,1915.8109090909093,988.6254545454545,1470.8363636363638,31.95883248388418,60.42819556131608,958.566798792299,10.0,8.296462059020996,,,,,4.0,6.0,7.0
2025-08-18 14:18:09,1913.949090909091,988.6254545454545,1470.8363636363638,31.933083785348572,60.362574764394054,958.5831542656656,10.0,8.2843656539917,,,,,4.0,6.0,6.0
2025-08-18 14:18:12,1915.8109090909093,986.7636363636365,1468.9745454545455,32.02062939005555,60.148792438446655,958.5497347666183,10.0,8.300946235656738,,,,,4.0,6.0,6.0
2025-08-18 14:18:15,1915.8109090909093,988.6254545454545,1468.9745454545455,31.95883248388418,60.02890110593897,958.483537458603,10.0,8.295037269592285,,,,,4.0,6.0,6.0
2025-08-18 14:18:18,1913.949090909091,986.7636363636365,1468.9745454545455,31.87128693854902,60.2015859216646,958.5446911977715,10.0,8.278255462646484,,,,,4.0,6.0,6.0
2025-08-18 14:24:36,1906.5018181818184,966.2836363636363,1463.389090909091,32.09787558170501,63.1814252731042,958.5561385680325,10.0,8.277788162231445,,,,,4.0,7.0,7.0
2025-08-18 14:24:42,1904.64,964.4218181818183,1463.389090909091,32.262667676084675,62.384641957593864,958.6123016989752,10.0,8.279325485229492,,,,,4.0,7.0,7.0
2025-08-18 14:24:45,1902.7781818181818,964.4218181818183,1465.2509090909093,32.195720851799706,63.074412661299235,958.6215971183071,10.0,8.267289161682129,,,,,5.0,8.0,8.0
2025-08-18 14:24:48,1904.64,962.5600000000001,1463.389090909091,32.21631986941793,62.61156852567615,958.6529112903095,10.0,8.276039123535156,,,,,5.0,9.0,9.0
2025-08-18 14:24:51,1904.64,958.8363636363637,1459.6654545454546,32.28841646775254,62.17436796897167,958.51260143398,10.0,8.281612396240234,,,,,6.0,10.0,10.0
2025-08-18 14:24:57,1904.64,958.8363636363637,1463.389090909091,32.08242633813643,62.14770861068153,958.5881705232512,10.0,8.262076377868652,,,,,6.0,8.0,8.0
2025-08-18 14:25:03,1902.7781818181818,955.1127272727273,1463.389090909091,32.20602036002674,62.945738141432685,958.5539608395904,10.0,8.268436431884766,,,,,5.0,8.0,8.0
2025-08-18 14:25:06,1900.916363636364,955.1127272727273,1459.6654545454546,32.11332482789294,64.46130141497571,958.5796250190577,10.0,8.257742881774902,,,,,6.0,9.0,9.0
2025-08-18 14:25:09,1900.916363636364,951.3890909090909,1459.6654545454546,31.974281706498004,65.45135891283866,958.5347800566356,10.0,8.250288963317871,,,,,6.0,9.0,9.0
2025-08-18 14:25:15,1899.0545454545456,953.2509090909092,1459.6654545454546,31.963982224464417,64.27803698548408,958.5468748140389,10.0,8.234092712402344,,,,,5.0,7.0,7.0
2025-08-18 14:25:18,1900.916363636364,958.8363636363637,1459.6654545454546,31.629249692108715,63.88076118994453,958.5372904803372,10.0,8.210966110229492,,,,,5.0,6.0,6.0
2025-08-18 14:25:21,1899.0545454545456,960.6981818181819,1457.8036363636365,31.6343994140625,63.775500823731974,958.5451230342791,10.0,8.20146369934082,,,,,6.0,7.0,7.0
2025-08-18 14:25:24,1900.916363636364,968.1454545454546,1463.389090909091,31.454159318847815,63.55009187773827,958.5760486018437,10.0,8.192490577697754,,,,,6.0,7.0,8.0
2025-08-18 14:25:27,1900.916363636364,968.1454545454546,1459.6654545454546,31.41811134258751,64.05809845525582,958.6321312758404,10.0,8.191347122192383,,,,,6.0,7.0,7.0
2025-08-18 14:25:30,1904.64,968.1454545454546,1459.6654545454546,31.41811134258751,64.3041390119212,958.5766700469477,10.0,8.211554527282715,,,,,5.0,6.0,7.0
2025-08-18 14:25:33,1900.916363636364,964.4218181818183,1459.6654545454546,31.562303333193995,64.56315854342277,958.5741528812293,10.0,8.207695007324219,,,,,5.0,5.0,6.0
2025-08-18 14:25:36,1902.7781818181818,962.5600000000001,1461.5272727272727,31.737393914256245,64.2494157209601,958.5630568141271,10.0,8.231647491455078,,,,,5.0,5.0,6.0
2025-08-18 14:25:39,1904.64,960.6981818181819,1457.8036363636365,31.819789598230273,64.20065868870743,958.5218819636265,10.0,8.248635292053223,,,,,5.0,6.0,7.0
2025-08-18 14:25:42,1904.64,962.5600000000001,1459.6654545454546,31.9433832638897,63.64945014996679,958.5433087820714,10.0,8.256958961486816,,,,,5.0,7.0,7.0
2025-08-18 14:25:45,1902.7781818181818,964.4218181818183,1459.6654545454546,31.917634569719667,63.724482911531396,958.5041591829763,10.0,8.245849609375,,,,,4.0,6.0,7.0
2025-08-18 14:26:57,1904.64,968.1454545454546,1457.8036363636365,32.47380798254744,61.17180519492503,958.5443970346364,10.0,8.292876243591309,,,,,4.0,5.0,6.0
2025-08-18 14:27:00,1906.5018181818184,971.869090909091,1461.5272727272727,32.60255231196061,60.424606106255034,958.5455715240877,10.0,8.310029029846191,,,,,4.0,5.0,5.0
2025-08-18 14:27:03,1904.64,968.1454545454546,1459.6654545454546,32.64890031507821,60.020671939160444,958.5326422684312,10.0,8.303244590759277,,,,,4.0,5.0,5.0
2025-08-18 14:27:09,1902.7781818181818,964.4218181818183,1459.6654545454546,32.6849487782456,59.58091867315489,958.5596256222786,10.0,8.29506778717041,,,,,4.0,5.0,5.0
2025-08-18 14:27:15,1904.64,968.1454545454546,1455.9418181818182,32.77764489187393,59.084289706545775,958.5615139879945,10.0,8.31015682220459,,,,,4.0,5.0,5.0
2025-08-18 14:27:18,1904.64,968.1454545454546,1459.6654545454546,32.75189596196287,58.895039176655104,958.4668229556161,10.0,8.307499885559082,,,,,4.0,5.0,5.0
2025-08-18 14:27:21,1902.7781818181818,970.0072727272727,1455.9418181818182,32.772495105309645,58.6780449445374,958.4703247319362,10.0,8.298885345458984,,,,,3.0,4.0,4.0
2025-08-18 14:27:24,1902.7781818181818,970.0072727272727,1457.8036363636365,32.81369340597303,58.47940657349992,958.5051143554659,10.0,8.301430702209473,,,,,3.0,4.0,4.0
2025-08-18 14:27:27,1906.5018181818184,970.0072727272727,1455.9418181818182,32.72614703932777,58.35270717291606,958.5110704062959,10.0,8.311312675476074,,,,,3.0,4.0,4.0
2025-08-18 14:27:30,1906.5018181818184,975.5927272727274,1457.8036363636365,32.64375053578988,58.720475413910364,958.5526015015322,10.0,8.30501937866211,,,,,3.0,5.0,5.0
2025-08-18 14:27:33,1906.5018181818184,971.869090909091,1454.0800000000002,32.55105455836747,58.65829941739084,958.5228862115646,10.0,8.296615600585938,,,,,4.0,5.0,5.0
2025-08-18 14:27:36,1906.5018181818184,975.5927272727274,1459.6654545454546,32.71069768923917,58.65816646323132,958.543173158588,10.0,8.310918807983398,,,,,4.0,6.0,6.0
2025-08-18 14:27:39,1906.5018181818184,973.7309090909091,1455.9418181818182,32.71069768923917,58.66993532469075,958.543173158588,10.0,8.311066627502441,,,,,5.0,6.0,6.0
2025-08-18 14:27:42,1906.5018181818184,971.869090909091,1457.8036363636365,32.839442353346385,58.38613758985582,958.5720180754328,10.0,8.321354866027832,,,,,5.0,7.0,7.0
2025-08-18 14:27:45,1902.7781818181818,970.0072727272727,1454.0800000000002,32.839442353346385,58.31549787444424,958.5442264569386,10.0,8.302700996398926,,,,,5.0,6.0,6.0
2025-08-18 14:27:48,1906.5018181818184,970.0072727272727,1455.9418181818182,32.88064068427775,58.1285496836523,958.5234267057282,10.0,8.324278831481934,,,,,5.0,7.0,7.0
2025-08-18 14:27:51,1906.5018181818184,970.0072727272727,1454.0800000000002,32.79309425331303,58.231460881525635,958.5294042211934,10.0,8.316720008850098,,,,,5.0,7.0,7.0
2025-08-18 14:27:54,1906.5018181818184,971.869090909091,1457.8036363636365,32.69524834176991,58.35161607678669,958.4641318567973,10.0,8.308706283569336,,,,,5.0,7.0,11.0
2025-08-18 14:27:57,1906.5018181818184,973.7309090909091,1457.8036363636365,32.79309425331303,58.07841489164489,958.5016146225817,10.0,8.315942764282227,,,,,5.0,7.0,11.0
2025-08-18 14:28:00,1906.5018181818184,975.5927272727274,1455.9418181818182,32.72614703932777,58.05843570533693,958.4554970039089,10.0,8.309921264648438,,,,,5.0,7.0,12.0
2025-08-18 14:34:00,1913.949090909091,990.4872727272729,1467.1127272727272,32.08242633813643,61.607603709406796,958.3938570907391,10.0,8.305499076843262,,,,,6.0,8.0,9.0
2025-08-18 14:34:06,1912.0872727272729,986.7636363636365,1465.2509090909093,32.01032990278327,61.62213136504513,958.3952963111198,10.0,8.2898530960083,,,,,5.0,7.0,7.0
2025-08-18 14:34:12,1915.8109090909093,988.6254545454545,1465.2509090909093,31.979431447951356,61.97297907663776,958.3483274571762,10.0,8.30759048461914,,,,,6.0,7.0,7.0
2025-08-18 14:34:18,1913.949090909091,984.9018181818182,1465.2509090909093,32.056677604676224,62.052657534220934,958.4379930708969,10.0,8.3053617477417,,,,,6.0,7.0,7.0
2025-08-18 14:34:24,1913.949090909091,981.1781818181819,1465.2509090909093,32.000030416675145,62.29081371607499,958.4073953996492,10.0,8.30177116394043,,,,,6.0,7.0,7.0
2025-08-18 14:34:30,1912.0872727272729,981.1781818181819,1465.2509090909093,31.845538264751667,62.48930357780099,958.4222919200125,10.0,8.279202461242676,,,,,5.0,7.0,7.0
2025-08-18 14:34:36,1912.0872727272729,981.1781818181819,1465.2509090909093,31.90733509408892,62.4803364120434,958.4329964449594,10.0,8.284749031066895,,,,,4.0,7.0,7.0
2025-08-18 14:34:42,1910.2254545454546,975.5927272727274,1463.389090909091,32.04637811332941,62.33982162126104,958.3945793232632,10.0,8.288055419921875,,,,,4.0,6.0,6.0
2025-08-18 14:34:48,1910.2254545454546,975.5927272727274,1463.389090909091,31.90733509408892,62.28083917404016,958.460747957797,10.0,8.274558067321777,,,,,5.0,7.0,7.0
2025-08-18 14:34:51,1912.0872727272729,979.3163636363637,1465.2509090909093,31.88673614631989,62.43834443782581,958.429429728173,10.0,8.282769203186035,,,,,5.0,8.0,9.0
2025-08-18 14:34:57,1910.2254545454546,975.5927272727274,1465.2509090909093,31.660148028197,62.70382357156952,958.4455813922399,10.0,8.254118919372559,,,,,5.0,8.0,9.0
2025-08-18 14:35:03,1908.3636363636365,973.7309090909091,1463.389090909091,31.629249692108715,63.45285474413468,958.4263320962181,10.0,8.245972633361816,,,,,6.0,8.0,11.0
2025-08-18 14:35:09,1906.5018181818184,970.0072727272727,1465.2509090909093,31.835238797269994,63.321774433096124,958.4898776135082,10.0,8.254670143127441,,,,,6.0,8.0,11.0
2025-08-18 14:35:12,1906.5018181818184,970.0072727272727,1465.2509090909093,31.835238797269994,63.175146361664254,958.4066323596369,10.0,8.254502296447754,,,,,5.0,8.0,14.0
2025-08-18 14:35:15,1906.5018181818184,968.1454545454546,1463.389090909091,31.979431447951356,62.92952418476104,958.3760820077973,10.0,8.266801834106445,,,,,5.0,8.0,14.0
2025-08-18 14:35:21,1906.5018181818184,968.1454545454546,1461.5272727272727,31.927934046514565,62.65141582669217,958.436561703335,10.0,8.260274887084961,,,,,4.0,6.0,10.0
2025-08-18 14:35:27,1908.3636363636365,973.7309090909091,1461.5272727272727,31.588051926955814,63.05816891463869,958.4191552002361,10.0,8.24027156829834,,,,,5.0,7.0,10.0
2025-08-18 14:35:33,1906.5018181818184,975.5927272727274,1463.389090909091,31.19667408699752,64.26400526982721,958.4338473017383,10.0,8.200931549072266,,,,,5.0,7.0,10.0
2025-08-18 14:35:39,1906.5018181818184,973.7309090909091,1463.389090909091,31.299668092426145,64.71411039648868,958.4519301268131,10.0,8.21259880065918,,,,,5.0,7.0,7.0
2025-08-18 14:35:45,1908.3636363636365,973.7309090909091,1461.5272727272727,31.19667408699752,65.04264388389198,958.4615683014008,10.0,8.214035034179688,,,,,6.0,8.0,8.0
2025-08-18 14:35:51,1908.3636363636365,970.0072727272727,1463.389090909091,31.567453051364282,64.96768582422196,958.4433014750124,10.0,8.247978210449219,,,,,5.0,7.0,7.0
2025-08-18 14:35:54,1908.3636363636365,964.4218181818183,1461.5272727272727,31.644698858843185,64.80164089663154,958.505307616231,10.0,8.25409984588623,,,,,5.0,7.0,7.0
2025-08-18 14:36:00,1906.5018181818184,970.0072727272727,1463.389090909091,31.67559720017016,64.3636293688333,958.4135929816908,10.0,8.24577522277832,,,,,5.0,7.0,7.0
2025-08-18 14:36:06,1908.3636363636365,971.869090909091,1461.5272727272727,31.747693370678462,64.09749547215378,958.4122524135352,10.0,8.260252952575684,,,,,6.0,7.0,7.0
2025-08-18 14:36:12,1908.3636363636365,973.7309090909091,1459.6654545454546,31.639549136307323,63.992621590591234,958.4697354336952,10.0,8.249322891235352,,,,,6.0,7.0,8.0
2025-08-18 14:36:18,1908.3636363636365,975.5927272727274,1463.389090909091,31.933083785348572,63.5727082400292,958.4721435699605,10.0,8.274012565612793,,,,,6.0,7.0,8.0
2025-08-18 14:36:24,1908.3636363636365,977.4545454545455,1459.6654545454546,31.88158641010523,63.27114429729366,958.504851478258,10.0,8.267463684082031,,,,,6.0,7.0,8.0
2025-08-18 14:36:30,1910.2254545454546,983.0400000000001,1463.389090909091,31.979431447951356,62.91192151236174,958.5426097114608,10.0,8.283377647399902,,,,,6.0,8.0,10.0
2025-08-18 14:36:36,1912.0872727272729,981.1781818181819,1459.6654545454546,32.09787558170501,62.271664117686605,958.4450996408098,10.0,8.301092147827148,,,,,5.0,7.0,10.0
2025-08-18 14:36:42,1910.2254545454546,983.0400000000001,1459.6654545454546,32.07727659086231,61.812866131891525,958.4693059019481,10.0,8.287341117858887,,,,,6.0,7.0,10.0
2025-08-18 14:36:48,1913.949090909091,988.6254545454545,1463.389090909091,32.01032990278327,61.97432605111598,958.423052220791,10.0,8.30062198638916,,,,,5.0,7.0,9.0
2025-08-18 14:36:54,1910.2254545454546,983.0400000000001,1461.5272727272727,32.08242633813643,61.848313320438415,958.4493751190607,10.0,8.288130760192871,,,,,6.0,7.0,10.0
2025-08-18 14:37:00,1912.0872727272729,984.9018181818182,1461.5272727272727,32.087576085701585,61.854406989788835,958.4572031732266,10.0,8.297778129577637,,,,,6.0,7.0,7.0
2025-08-18 14:37:06,1912.0872727272729,986.7636363636365,1463.389090909091,32.185421344736824,61.64136678598901,958.4671225773952,10.0,8.30551528930664,,,,,5.0,6.0,6.0
2025-08-18 14:37:09,1913.949090909091,984.9018181818182,1463.389090909091,32.26781743383617,61.42168885771731,958.4257602598052,10.0,8.321638107299805,,,,,5.0,6.0,6.0
2025-08-18 14:37:15,1913.949090909091,984.9018181818182,1463.389090909091,32.38626194244716,61.05064230411207,958.522454170416,10.0,8.329977989196777,,,,,5.0,6.0,6.0
2025-08-18 14:37:21,1912.0872727272729,984.9018181818182,1463.389090909091,32.46350844405242,60.54249363934643,958.4454197181705,10.0,8.325749397277832,,,,,3.0,4.0,4.0
2025-08-18 14:37:27,1910.2254545454546,983.0400000000001,1463.389090909091,32.53560523796477,60.110327136466566,958.3882981831891,10.0,8.321391105651855,,,,,3.0,4.0,4.0
2025-08-18 14:37:33,1910.2254545454546,979.3163636363637,1459.6654545454546,32.42231030171388,60.523203669727856,958.4105953996573,10.0,8.313117980957031,,,,,3.0,5.0,5.0
2025-08-18 14:37:39,1910.2254545454546,981.1781818181819,1461.5272727272727,32.432609835552284,60.488352003305934,958.3984711606031,10.0,8.313870429992676,,,,,4.0,5.0,5.0
2025-08-18 14:37:45,1912.0872727272729,983.0400000000001,1463.389090909091,32.432609835552284,60.50598492028794,958.45401927169,10.0,8.322772979736328,,,,,4.0,5.0,5.0
2025-08-18 14:37:51,1910.2254545454546,979.3163636363637,1461.5272727272727,32.5407550111413,60.251639368003225,958.4794580683199,10.0,8.322149276733398,,,,,4.0,6.0,6.0
2025-08-18 14:37:54,1910.2254545454546,983.0400000000001,1463.389090909091,32.545904784608865,60.128370617658746,958.4595035766076,10.0,8.321940422058105,,,,,4.0,6.0,6.0
2025-08-18 14:38:00,1912.0872727272729,983.0400000000001,1463.389090909091,32.432609835552284,60.282627830053386,958.4262452066108,10.0,8.32184886932373,,,,,4.0,5.0,5.0
2025-08-18 14:38:06,1913.949090909091,986.7636363636365,1463.389090909091,32.12877407670021,59.982711555724165,958.4920672938263,10.0,8.301128387451172,,,,,4.0,5.0,5.0
2025-08-18 14:38:12,1910.2254545454546,986.7636363636365,1463.389090909091,32.1545228305331,60.43605959737045,958.420158987839,10.0,8.287665367126465,,,,,4.0,5.0,5.0
2025-08-18 14:38:18,1912.0872727272729,986.7636363636365,1463.389090909091,32.14422332812683,60.688219292603925,958.460027974697,10.0,8.29700756072998,,,,,4.0,5.0,5.0
2025-08-18 14:38:21,1912.0872727272729,986.7636363636365,1459.6654545454546,32.07727659086231,60.63263854720544,958.413788288552,10.0,8.290907859802246,,,,,4.0,5.0,5.0
2025-08-18 14:38:27,1910.2254545454546,981.1781818181819,1461.5272727272727,32.07212684387923,61.0493681670488,958.4614776629305,10.0,8.283196449279785,,,,,4.0,5.0,5.0
2025-08-18 14:38:30,1912.0872727272729,981.1781818181819,1461.5272727272727,32.07212684387923,61.3253415511606,958.4059605025608,10.0,8.294256210327148,,,,,3.0,4.0,4.0
2025-08-18 14:38:36,1910.2254545454546,981.1781818181819,1461.5272727272727,32.16482233410352,61.0943283284364,958.4080508818614,10.0,8.292289733886719,,,,,3.0,4.0,4.0
2025-08-18 14:38:42,1910.2254545454546,984.9018181818182,1463.389090909091,32.20602036002674,60.91395260227404,958.4706676879429,10.0,8.294540405273438,,,,,4.0,5.0,5.0
2025-08-18 14:38:48,1912.0872727272729,981.1781818181819,1461.5272727272727,32.247218404576415,60.65715986169563,958.44998740681,10.0,8.306661605834961,,,,,4.0,6.0,7.0
2025-08-18 14:38:54,1910.2254545454546,983.0400000000001,1463.389090909091,32.07212684387923,61.08460006914109,958.4337190732207,10.0,8.283468246459961,,,,,5.0,7.0,8.0
2025-08-18 14:39:00,1912.0872727272729,986.7636363636365,1465.2509090909093,32.01547964627389,61.4462387252389,958.375368409343,10.0,8.28957748413086,,,,,5.0,7.0,10.0
2025-08-18 14:39:06,1913.949090909091,984.9018181818182,1465.2509090909093,32.06182735078619,61.307293308837934,958.4458212474029,10.0,8.302042007446289,,,,,5.0,6.0,10.0
2025-08-18 14:39:12,1910.2254545454546,984.9018181818182,1461.5272727272727,32.06697709718719,60.9669460140454,958.4536494447482,10.0,8.2821683883667,,,,,5.0,7.0,11.0
2025-08-18 14:39:15,1913.949090909091,986.7636363636365,1465.2509090909093,31.974281706498004,61.26251362932622,958.451516798629,10.0,8.293654441833496,,,,,5.0,7.0,12.0
2025-08-18 14:39:21,1913.949090909091,988.6254545454545,1465.2509090909093,32.04122836809256,60.91303484733218,958.4145086664382,10.0,8.298197746276855,,,,,5.0,7.0,12.0
2025-08-18 14:39:27,1912.0872727272729,986.7636363636365,1461.5272727272727,32.01547964627389,61.005915672002565,958.4031245264769,10.0,8.287187576293945,,,,,5.0,7.0,11.0
2025-08-18 14:55:33,1913.949090909091,986.7636363636365,1463.389090909091,31.124578352464596,64.59414191515016,958.3241552267818,10.0,8.23331356048584,,,,,4.0,6.0,6.0
2025-08-18 14:55:39,1913.949090909091,988.6254545454545,1467.1127272727272,31.07823112467304,65.38774863225295,958.2813568855007,10.0,8.233230590820312,,,,,4.0,5.0,5.0
2025-08-18 14:55:45,1915.8109090909093,984.9018181818182,1465.2509090909093,31.11427896647365,66.28485550027493,958.3362026468752,10.0,8.25014591217041,,,,,4.0,5.0,5.0
2025-08-18 14:55:51,1913.949090909091,986.7636363636365,1463.389090909091,30.707454151008278,66.18707167376046,958.3543832007588,10.0,8.202836990356445,,,,,5.0,6.0,6.0
2025-08-18 14:55:57,1912.0872727272729,983.0400000000001,1461.5272727272727,31.031883920455584,66.85949427510171,958.2939838128192,10.0,8.227267265319824,,,,,4.0,4.0,4.0
2025-08-18 14:56:03,1912.0872727272729,983.0400000000001,1465.2509090909093,31.38206338058808,66.78500771752452,958.3554544860494,10.0,8.25857925415039,,,,,5.0,6.0,6.0
2025-08-18 14:56:09,1910.2254545454546,977.4545454545455,1465.2509090909093,31.763142557494575,66.34291248549091,958.3247630117979,10.0,8.28251838684082,,,,,5.0,6.0,8.0
2025-08-18 14:56:15,1912.0872727272729,981.1781818181819,1465.2509090909093,31.649848581670085,65.39956740139986,958.2912163731785,10.0,8.27673625946045,,,,,5.0,6.0,8.0
2025-08-18 14:56:21,1912.0872727272729,988.6254545454545,1467.1127272727272,31.485057595564285,65.11582881584245,958.2625209746923,10.0,8.260004997253418,,,,,4.0,6.0,7.0
2025-08-18 14:56:27,1913.949090909091,988.6254545454545,1465.2509090909093,30.975237369537354,65.71588848203014,958.3186398282782,10.0,8.225180625915527,,,,,4.0,6.0,8.0
2025-08-18 14:56:33,1913.949090909091,988.6254545454545,1465.2509090909093,30.743501846125582,66.65663907168003,958.3538516494228,10.0,8.208399772644043,,,,,5.0,7.0,8.0
2025-08-18 14:56:39,1913.949090909091,992.3490909090909,1465.2509090909093,30.640508469339693,67.45152496955454,958.3355729302523,10.0,8.202868461608887,,,,,4.0,6.0,7.0
2025-08-18 14:56:45,1913.949090909091,988.6254545454545,1465.2509090909093,30.810447603464127,67.83511646284192,958.2895264644524,10.0,8.22088623046875,,,,,4.0,5.0,7.0
2025-08-18 14:56:48,1913.949090909091,988.6254545454545,1467.1127272727272,30.949488948943326,67.90150064493162,958.3071694116165,10.0,8.233845710754395,,,,,4.0,6.0,8.0
2025-08-18 14:56:51,1913.949090909091,986.7636363636365,1465.2509090909093,30.97008768483647,68.13065739325519,958.3108036459234,10.0,8.236954689025879,,,,,5.0,7.0,8.0
2025-08-18 14:56:54,1915.8109090909093,979.3163636363637,1465.2509090909093,31.17607529988163,67.95537154447322,958.319346116333,10.0,8.264596939086914,,,,,5.0,7.0,9.0
2025-08-18 14:56:57,1915.8109090909093,984.9018181818182,1470.8363636363638,31.258470476284856,67.91328017045429,958.3338069055311,10.0,8.271541595458984,,,,,4.0,6.0,8.0
2025-08-18 14:57:00,1912.0872727272729,981.1781818181819,1467.1127272727272,31.428410762920976,67.62450620345824,958.3150298017873,10.0,8.267411231994629,,,,,5.0,6.0,7.0
2025-08-18 14:57:03,1913.949090909091,977.4545454545455,1465.2509090909093,31.35631484503392,67.33372208629564,958.371744735658,10.0,8.268450736999512,,,,,5.0,7.0,7.0
2025-08-18 14:57:06,1912.0872727272729,975.5927272727274,1463.389090909091,31.454159318847815,66.94113334454933,958.2709961816903,10.0,8.266950607299805,,,,,6.0,8.0,8.0
2025-08-18 14:57:12,1912.0872727272729,981.1781818181819,1463.389090909091,31.181224996224046,66.54588637767793,958.2717401900064,10.0,8.239643096923828,,,,,6.0,8.0,8.0
2025-08-18 14:57:15,1913.949090909091,984.9018181818182,1467.1127272727272,31.289368686644593,66.84432980795071,958.3808110860045,10.0,8.25940227508545,,,,,5.0,7.0,7.0
2025-08-18 14:57:22,1912.0872727272729,984.9018181818182,1465.2509090909093,31.129728045896627,66.44949800749268,958.3319902367801,10.0,8.233831405639648,,,,,5.0,7.0,7.0
2025-08-18 14:57:25,1913.949090909091,986.7636363636365,1465.2509090909093,31.06278205398121,66.59212890632818,958.3132821589361,10.0,8.237730979919434,,,,,4.0,6.0,6.0
2025-08-18 14:57:28,1912.0872727272729,986.7636363636365,1467.1127272727272,31.07823112467304,66.68655706989458,958.2813568855007,10.0,8.230541229248047,,,,,4.0,6.0,6.0
2025-08-18 14:57:31,1913.949090909091,984.9018181818182,1463.389090909091,31.057632364332676,66.84335851150824,958.22230203366,10.0,8.239239692687988,,,,,4.0,6.0,6.0
2025-08-18 14:57:34,1910.2254545454546,981.1781818181819,1463.389090909091,31.124578352464596,66.93476640095943,958.3518730559646,10.0,8.226552963256836,,,,,4.0,5.0,6.0
2025-08-18 14:57:37,1913.949090909091,983.0400000000001,1467.1127272727272,31.17607529988163,66.75623278924579,958.319346116333,10.0,8.249095916748047,,,,,4.0,5.0,6.0
2025-08-18 14:57:40,1912.0872727272729,979.3163636363637,1465.2509090909093,31.38206338058808,66.98400759171142,958.2445390539891,10.0,8.260541915893555,,,,,3.0,5.0,5.0
2025-08-18 14:57:46,1910.2254545454546,979.3163636363637,1467.1127272727272,31.505656452529365,66.4345782158068,958.2938471449909,10.0,8.259488105773926,,,,,4.0,5.0,7.0
2025-08-18 14:57:52,1910.2254545454546,975.5927272727274,1463.389090909091,31.654998304788023,65.88609724542252,958.3822685608155,10.0,8.27001953125,,,,,4.0,6.0,10.0
2025-08-18 14:57:58,1912.0872727272729,979.3163636363637,1467.1127272727272,31.685896649607457,65.52446144734398,958.2628037069339,10.0,8.280961036682129,,,,,5.0,7.0,13.0
2025-08-18 14:58:04,1908.3636363636365,977.4545454545455,1463.389090909091,31.794040938984836,65.28973746044943,958.260755309512,10.0,8.271221160888672,,,,,5.0,7.0,13.0
2025-08-18 14:58:10,1910.2254545454546,979.3163636363637,1463.389090909091,31.963982224464417,64.74133960509278,958.2970894599497,10.0,8.293007850646973,,,,,5.0,7.0,13.0
2025-08-18 14:58:16,1910.2254545454546,979.3163636363637,1467.1127272727272,31.99488067405764,64.4261717118443,958.2330359251932,10.0,8.294697761535645,,,,,5.0,7.0,12.0
2025-08-18 14:58:22,1910.2254545454546,973.7309090909091,1461.5272727272727,32.1545228305331,63.98217964005672,958.3091107036228,10.0,8.306886672973633,,,,,5.0,8.0,9.0
2025-08-18 14:58:28,1910.2254545454546,975.5927272727274,1461.5272727272727,32.09272583355778,63.71518481235269,958.3262340551623,10.0,8.299670219421387,,,,,5.0,7.0,7.0
2025-08-18 14:58:34,1908.3636363636365,973.7309090909091,1461.5272727272727,32.04122836809256,64.00021509359303,958.3034798581767,10.0,8.287333488464355,,,,,4.0,6.0,6.0
2025-08-18 14:58:40,1906.5018181818184,966.2836363636363,1459.6654545454546,32.185421344736824,63.50828841781847,958.2450154410222,10.0,8.289587020874023,,,,,5.0,6.0,6.0
2025-08-18 14:58:43,1906.5018181818184,971.869090909091,1461.5272727272727,32.12877407670021,63.52910722466219,958.325501320012,10.0,8.283650398254395,,,,,5.0,6.0,6.0
2025-08-18 15:10:10,1904.64,970.0072727272727,1455.9418181818182,32.80339382906095,58.714470408384074,958.1837805595803,10.0,8.313159942626953,,,,,7.0,8.0,10.0
2025-08-18 15:10:13,1908.3636363636365,975.5927272727274,1459.6654545454546,32.720997255673865,58.60557546188551,958.1698107129216,10.0,8.323451042175293,,,,,7.0,8.0,9.0
2025-08-18 15:10:19,1908.3636363636365,975.5927272727274,1457.8036363636365,32.79309425331303,58.643473322095616,958.2237196865531,10.0,8.329877853393555,,,,,5.0,6.0,8.0
2025-08-18 15:10:22,1906.5018181818184,971.869090909091,1455.9418181818182,32.90123985672835,58.4766292814563,958.2211848228477,10.0,8.329876899719238,,,,,4.0,6.0,7.0
2025-08-18 15:10:25,1908.3636363636365,971.869090909091,1457.8036363636365,32.916689239122206,58.32998879740279,958.1890534675566,10.0,8.340075492858887,,,,,4.0,6.0,7.0
2025-08-18 15:10:28,1906.5018181818184,968.1454545454546,1454.0800000000002,32.98878639159375,58.17352682599388,958.1873291813582,10.0,8.336820602416992,,,,,4.0,6.0,8.0
2025-08-18 15:10:31,1904.64,968.1454545454546,1455.9418181818182,33.004235788830556,58.13284037691085,958.1551873157509,10.0,8.328959465026855,,,,,4.0,6.0,7.0
2025-08-18 15:10:34,1906.5018181818184,971.869090909091,1457.8036363636365,33.035134591162205,57.83942154058446,958.2298949589734,10.0,8.338903427124023,,,,,4.0,6.0,6.0
2025-08-18 15:10:37,1906.5018181818184,970.0072727272727,1457.8036363636365,32.890940269920975,57.95227197297725,958.1777526478403,10.0,8.326708793640137,,,,,4.0,6.0,6.0
2025-08-18 15:10:43,1906.5018181818184,973.7309090909091,1457.8036363636365,32.87034109979868,58.098754564520576,958.1742692786682,10.0,8.325377464294434,,,,,5.0,7.0,7.0
2025-08-18 15:10:49,1908.3636363636365,973.7309090909091,1457.8036363636365,32.8651913079957,58.65783417195754,958.2220350416258,10.0,8.336670875549316,,,,,5.0,7.0,7.0
2025-08-18 15:10:55,1906.5018181818184,975.5927272727274,1455.9418181818182,32.80339382906095,58.91457293313375,958.1837805595803,10.0,8.323161125183105,,,,,5.0,8.0,8.0
2025-08-18 15:11:01,1906.5018181818184,971.869090909091,1454.0800000000002,32.896090063179145,58.67660391613134,958.2689531817274,10.0,8.33008098602295,,,,,5.0,8.0,8.0
2025-08-18 15:11:07,1904.64,975.5927272727274,1455.9418181818182,32.92698882883997,58.7424726474552,958.2602816718859,10.0,8.323811531066895,,,,,4.0,6.0,7.0
2025-08-18 15:11:13,1906.5018181818184,975.5927272727274,1457.8036363636365,32.9063896505686,58.85357760453785,958.1734156545924,10.0,8.332378387451172,,,,,4.0,6.0,7.0
2025-08-18 15:11:19,1908.3636363636365,973.7309090909091,1454.0800000000002,32.81884319486562,59.0034165008118,958.2350306621709,10.0,8.334065437316895,,,,,3.0,5.0,6.0
2025-08-18 15:11:25,1906.5018181818184,975.5927272727274,1455.9418181818182,32.916689239122206,58.20045737201028,958.2446428709582,10.0,8.329557418823242,,,,,3.0,5.0,6.0
2025-08-18 15:11:28,1906.5018181818184,979.3163636363637,1457.8036363636365,32.8651913079957,57.96905033247448,958.2220350416258,10.0,8.323633193969727,,,,,3.0,5.0,5.0
2025-08-18 15:11:31,1908.3636363636365,981.1781818181819,1457.8036363636365,32.9063896505686,57.96457899655588,958.2845927253591,10.0,8.336153984069824,,,,,3.0,5.0,5.0
2025-08-18 15:11:34,1908.3636363636365,981.1781818181819,1457.8036363636365,32.731296823272714,57.787858761256146,958.2410250558873,10.0,8.319512367248535,,,,,4.0,5.0,5.0
2025-08-18 15:14:37,1912.0872727272729,977.4545454545455,1461.5272727272727,32.80854361737147,59.39731775772879,958.1638103758232,10.0,8.353981018066406,,,,,5.0,6.0,6.0
2025-08-18 15:14:43,1908.3636363636365,977.4545454545455,1459.6654545454546,32.78279467872926,58.87262626225377,958.1247124819956,10.0,8.330663681030273,,,,,5.0,6.0,6.0
2025-08-18 15:14:49,1910.2254545454546,979.3163636363637,1461.5272727272727,32.849741934333,58.83386204351364,958.1429926583353,10.0,8.345682144165039,,,,,6.0,7.0,7.0
2025-08-18 15:14:55,1912.0872727272729,981.1781818181819,1461.5272727272727,32.87034109979868,58.69333793857769,958.1742692786682,10.0,8.35584831237793,,,,,5.0,7.0,7.0
2025-08-18 15:15:01,1912.0872727272729,981.1781818181819,1459.6654545454546,32.95273780822754,58.4666807436439,958.1881939577698,10.0,8.36217212677002,,,,,5.0,6.0,6.0
2025-08-18 15:15:07,1908.3636363636365,981.1781818181819,1457.8036363636365,33.035134591162205,58.23403302348923,958.1464956512372,10.0,8.350253105163574,,,,,4.0,6.0,6.0
2025-08-18 15:15:13,1910.2254545454546,979.3163636363637,1457.8036363636365,33.08148281430476,58.170859646088594,958.1890529608886,10.0,8.363287925720215,,,,,4.0,5.0,9.0
2025-08-18 15:15:19,1910.2254545454546,983.0400000000001,1461.5272727272727,33.04543419426773,58.08715141059518,958.1621308596889,10.0,8.359553337097168,,,,,5.0,5.0,9.0
2025-08-18 15:15:25,1910.2254545454546,979.3163636363637,1457.8036363636365,33.08148281430476,58.04127518462668,958.2168547309709,10.0,8.362458229064941,,,,,4.0,5.0,8.0
2025-08-18 15:15:31,1910.2254545454546,981.1781818181819,1459.6654545454546,33.01968518868671,58.10981877625229,958.123042991415,10.0,8.357670783996582,,,,,4.0,5.0,9.0
2025-08-18 15:15:34,1912.0872727272729,981.1781818181819,1457.8036363636365,33.04028439256945,58.09875275669599,958.1543132452742,10.0,8.368584632873535,,,,,5.0,6.0,6.0
2025-08-18 15:15:37,1912.0872727272729,983.0400000000001,1461.5272727272727,32.99908598946058,58.03254571254311,958.1751676137438,10.0,8.364234924316406,,,,,4.0,5.0,5.0
2025-08-18 15:15:43,1912.0872727272729,983.0400000000001,1457.8036363636365,32.545904784608865,58.7051718506145,958.2372726355779,10.0,8.325624465942383,,,,,4.0,5.0,5.0
2025-08-18 15:15:49,1912.0872727272729,983.0400000000001,1459.6654545454546,32.16997208632529,59.89032132117259,958.11048859648,10.0,8.297964096069336,,,,,4.0,4.0,4.0
2025-08-18 15:15:52,1910.2254545454546,983.0400000000001,1461.5272727272727,32.20602036002674,60.44987610765142,958.165260932694,10.0,8.29440689086914,,,,,4.0,4.0,4.0
2025-08-18 15:15:58,1910.2254545454546,977.4545454545455,1461.5272727272727,32.442909370554844,60.647461754252944,958.1363766553894,10.0,8.317610740661621,,,,,3.0,4.0,4.0
2025-08-18 15:16:04,1908.3636363636365,970.0072727272727,1455.9418181818182,32.50470660501742,61.13782582391801,958.119139909443,10.0,8.316949844360352,,,,,3.0,4.0,4.0
2025-08-18 15:16:10,1910.2254545454546,971.869090909091,1457.8036363636365,32.31931502735824,61.05962168948461,958.1985637749194,10.0,8.308207511901855,,,,,3.0,4.0,6.0
2025-08-18 15:16:16,1910.2254545454546,975.5927272727274,1461.5272727272727,32.49955683387816,61.06708264410383,958.2224251145775,10.0,8.324411392211914,,,,,3.0,4.0,6.0
2025-08-18 15:16:22,1908.3636363636365,970.0072727272727,1457.8036363636365,32.659199874527985,60.7385280684675,958.1871015596752,10.0,8.328645706176758,,,,,3.0,5.0,6.0
2025-08-18 15:38:46,1910.2254545454546,979.3163636363637,1455.9418181818182,33.987852804973954,52.12380019707087,958.0618326506218,10.0,8.41721248626709,,,,,4.0,5.0,5.0
2025-08-18 15:38:49,1908.3636363636365,983.0400000000001,1457.8036363636365,33.99815251576365,52.189054340793206,957.9939273002951,10.0,8.409392356872559,,,,,4.0,6.0,6.0
2025-08-18 15:38:52,1910.2254545454546,981.1781818181819,1457.8036363636365,34.03420151269529,52.27259826698973,958.048585262928,10.0,8.422147750854492,,,,,4.0,6.0,6.0
2025-08-18 15:38:55,1910.2254545454546,983.0400000000001,1457.8036363636365,34.05995080494904,52.17853880978626,957.9205652810618,10.0,8.424643516540527,,,,,4.0,6.0,6.0
2025-08-18 15:38:58,1910.2254545454546,986.7636363636365,1459.6654545454546,34.05995080494904,52.14305933023784,957.9762525314181,10.0,8.423806190490723,,,,,4.0,6.0,6.0
2025-08-18 15:39:01,1912.0872727272729,983.0400000000001,1457.8036363636365,34.0187519408355,52.10671319047168,958.080844156927,10.0,8.428723335266113,,,,,4.0,6.0,6.0
2025-08-18 15:39:04,1912.0872727272729,981.1781818181819,1454.0800000000002,33.99300266022328,52.336750041819776,958.0418006881721,10.0,8.427906036376953,,,,,4.0,6.0,6.0
2025-08-18 15:39:07,1910.2254545454546,983.0400000000001,1457.8036363636365,34.02390179783106,52.26646533274033,957.9772843714094,10.0,8.421429634094238,,,,,4.0,6.0,6.0
2025-08-18 15:39:10,1912.0872727272729,981.1781818181819,1457.8036363636365,34.0187519408355,52.14810258413511,957.9694765243253,10.0,8.429756164550781,,,,,4.0,5.0,5.0
2025-08-18 15:39:13,1912.0872727272729,983.0400000000001,1459.6654545454546,34.08570010447875,52.096293195445384,957.9317562499708,10.0,8.43570613861084,,,,,4.0,5.0,6.0
2025-08-18 15:39:16,1910.2254545454546,983.0400000000001,1459.6654545454546,34.08055024399073,51.98382437047878,957.9239492971267,10.0,8.42552661895752,,,,,4.0,5.0,7.0
2025-08-18 15:39:19,1910.2254545454546,981.1781818181819,1457.8036363636365,34.03935137056396,51.9652296993548,957.9728652654682,10.0,8.421516418457031,,,,,4.0,5.0,6.0
2025-08-18 15:39:22,1912.0872727272729,981.1781818181819,1459.6654545454546,34.11144941128441,51.907579228946794,957.9429454690555,10.0,8.437204360961914,,,,,4.0,5.0,7.0
2025-08-18 15:39:25,1910.2254545454546,977.4545454545455,1454.0800000000002,34.14749845303595,51.7781914766838,957.9975938047463,10.0,8.4306640625,,,,,5.0,5.0,7.0
2025-08-18 15:39:28,1910.2254545454546,983.0400000000001,1457.8036363636365,34.14234858905547,51.61246358297422,957.9897868400623,10.0,8.428934097290039,,,,,4.0,5.0,7.0
2025-08-18 15:39:31,1910.2254545454546,979.3163636363637,1455.9418181818182,34.0959998263279,51.63519946822097,957.9473702153083,10.0,8.425357818603516,,,,,4.0,5.0,6.0
2025-08-18 15:39:34,1912.0872727272729,986.7636363636365,1463.389090909091,34.003302371595055,51.71613365174236,957.973894302163,10.0,8.425654411315918,,,,,4.0,5.0,7.0
2025-08-18 15:39:37,1912.0872727272729,984.9018181818182,1459.6654545454546,33.99300266022328,51.95244361226651,957.9582783340645,10.0,8.426155090332031,,,,,4.0,6.0,7.0
2025-08-18 15:39:40,1910.2254545454546,983.0400000000001,1459.6654545454546,34.01360208413098,51.89965264099126,957.9616686971572,10.0,8.418724060058594,,,,,4.0,6.0,6.0
2025-08-18 15:39:43,1910.2254545454546,977.4545454545455,1455.9418181818182,33.97755309534841,51.89299767663214,957.9905347219949,10.0,8.415684700012207,,,,,5.0,6.0,6.0
2025-08-18 15:39:49,1912.0872727272729,981.1781818181819,1457.8036363636365,34.029051655117655,51.75213488022347,957.9294076306709,10.0,8.428940773010254,,,,,5.0,6.0,6.0
2025-08-18 15:39:52,1912.0872727272729,981.1781818181819,1459.6654545454546,33.9724032409722,51.691858033689705,957.9548864961417,10.0,8.423285484313965,,,,,5.0,6.0,6.0
2025-08-18 15:39:55,1910.2254545454546,984.9018181818182,1459.6654545454546,34.003302371595055,51.692480420390375,957.9460531025775,10.0,8.416669845581055,,,,,5.0,5.0,5.0
2025-08-18 15:39:58,1913.949090909091,984.9018181818182,1461.5272727272727,33.90545516056591,51.6313870589092,958.0204046208896,10.0,8.425315856933594,,,,,5.0,6.0,6.0
2025-08-18 15:40:01,1913.949090909091,981.1781818181819,1457.8036363636365,34.0187519408355,51.76375306595624,958.0251603022963,10.0,8.43666934967041,,,,,4.0,5.0,5.0
2025-08-18 15:40:04,1912.0872727272729,984.9018181818182,1459.6654545454546,33.95695367958979,51.69154669525589,957.93146225288,10.0,8.421682357788086,,,,,5.0,6.0,6.0
2025-08-18 15:40:07,1912.0872727272729,983.0400000000001,1457.8036363636365,33.99815251576365,51.680550171839826,957.9382453351707,10.0,8.425530433654785,,,,,5.0,5.0,5.0
2025-08-18 15:40:10,1913.949090909091,984.9018181818182,1459.6654545454546,34.003302371595055,51.64517346284472,958.0017355209126,10.0,8.434476852416992,,,,,4.0,6.0,6.0
2025-08-18 15:40:13,1913.949090909091,986.7636363636365,1461.5272727272727,34.003302371595055,51.550557568386786,957.9182119221557,10.0,8.43433666229248,,,,,5.0,6.0,6.0
2025-08-18 15:40:16,1913.949090909091,981.1781818181819,1459.6654545454546,34.03935137056396,51.574928091842224,957.889337080471,10.0,8.438416481018066,,,,,5.0,6.0,7.0
2025-08-18 15:40:19,1913.949090909091,983.0400000000001,1461.5272727272727,33.9724032409722,51.650467279774446,958.0105662718722,10.0,8.431767463684082,,,,,5.0,7.0,7.0
2025-08-18 15:40:22,1913.949090909091,984.9018181818182,1459.6654545454546,34.0084522277175,51.73397762681048,958.0095437614536,10.0,8.435354232788086,,,,,5.0,7.0,7.0
2025-08-18 15:40:25,1913.949090909091,984.9018181818182,1459.6654545454546,34.03420151269529,51.598481450113056,957.9372150643662,10.0,8.437463760375977,,,,,6.0,8.0,8.0
2025-08-18 15:40:28,1912.0872727272729,986.7636363636365,1459.6654545454546,33.99815251576365,51.43809692631196,957.9382453351707,10.0,8.423983573913574,,,,,5.0,8.0,9.0
2025-08-18 15:40:31,1912.0872727272729,988.6254545454545,1465.2509090909093,34.0084522277175,51.36141782471047,957.9538608899071,10.0,8.42428970336914,,,,,5.0,8.0,9.0
2025-08-18 15:40:34,1913.949090909091,986.7636363636365,1461.5272727272727,33.89000561053399,51.41823984766194,957.9134680892371,10.0,8.42329216003418,,,,,5.0,8.0,8.0
2025-08-18 15:40:37,1912.0872727272729,986.7636363636365,1463.389090909091,33.926054564683,51.50172391614848,957.9402900018031,10.0,8.417673110961914,,,,,5.0,8.0,8.0
2025-08-18 15:40:40,1913.949090909091,984.9018181818182,1461.5272727272727,33.90545516056591,51.625474887931176,957.9090566228292,10.0,8.425943374633789,,,,,5.0,7.0,7.0
2025-08-18 15:40:43,1912.0872727272729,984.9018181818182,1459.6654545454546,33.823057590663666,51.90754421326551,957.9789601221034,10.0,8.410199165344238,,,,,4.0,7.0,7.0
2025-08-18 15:40:46,1913.949090909091,984.9018181818182,1459.6654545454546,33.92090471321717,51.76176627223066,957.9881569474342,10.0,8.427582740783691,,,,,5.0,7.0,7.0
2025-08-18 15:40:52,1913.949090909091,986.7636363636365,1463.389090909091,33.99815251576365,51.88159581687959,957.966086308151,10.0,8.43525218963623,,,,,4.0,5.0,5.0
2025-08-18 15:40:55,1912.0872727272729,983.0400000000001,1461.5272727272727,33.946653973456705,51.57899790402466,957.9715237001219,10.0,8.420085906982422,,,,,4.0,5.0,5.0
2025-08-18 15:40:58,1913.949090909091,984.9018181818182,1459.6654545454546,33.83335728282691,52.031880728891785,957.9389114969907,10.0,8.4212007522583,,,,,5.0,6.0,6.0
2025-08-18 15:41:01,1913.949090909091,986.7636363636365,1463.389090909091,33.82820743659977,51.901740059910324,957.8754350712838,10.0,8.420286178588867,,,,,5.0,6.0,6.0
2025-08-18 15:41:04,1910.2254545454546,983.0400000000001,1459.6654545454546,33.92090471321717,51.962773040159824,957.9324816271152,10.0,8.410712242126465,,,,,5.0,6.0,7.0
2025-08-18 15:41:07,1913.949090909091,986.7636363636365,1461.5272727272727,33.95695367958979,51.79206159758096,957.9871406689891,10.0,8.430889129638672,,,,,5.0,6.0,7.0
2025-08-18 15:41:10,1913.949090909091,988.6254545454545,1463.389090909091,33.96725338688702,51.59714715114147,957.9192387625953,10.0,8.431099891662598,,,,,5.0,6.0,9.0
2025-08-18 15:41:13,1913.949090909091,983.0400000000001,1459.6654545454546,33.987852804973954,51.538424447215895,957.9504703799059,10.0,8.43298053741455,,,,,5.0,6.0,9.0
2025-08-18 15:41:16,1913.949090909091,984.9018181818182,1461.5272727272727,34.044501228723675,51.40943244311803,957.897144100767,10.0,8.437688827514648,,,,,5.0,6.0,9.0
2025-08-18 15:41:19,1912.0872727272729,984.9018181818182,1463.389090909091,34.01360208413098,51.32603335692982,957.933827063525,10.0,8.425026893615723,,,,,5.0,8.0,10.0
2025-08-18 15:41:22,1913.949090909091,986.7636363636365,1463.389090909091,33.99300266022328,51.28423799055289,957.930437587689,10.0,8.431974411010742,,,,,5.0,8.0,10.0
2025-08-18 15:41:25,1912.0872727272729,984.9018181818182,1459.6654545454546,33.936354268487776,51.5255784378442,957.9280684998288,10.0,8.41896915435791,,,,,5.0,7.0,9.0
2025-08-18 15:41:28,1912.0872727272729,990.4872727272729,1467.1127272727272,33.86425636630156,51.642384064891615,957.9579315703943,10.0,8.412293434143066,,,,,5.0,7.0,8.0
2025-08-18 15:41:31,1912.0872727272729,986.7636363636365,1465.2509090909093,33.83850712934509,51.842844188512686,957.9467206649999,10.0,8.411324501037598,,,,,5.0,7.0,9.0
2025-08-18 15:41:34,1912.0872727272729,984.9018181818182,1463.389090909091,33.95695367958979,51.892573521152634,957.959301451354,10.0,8.42253589630127,,,,,5.0,7.0,9.0
2025-08-18 15:41:37,1913.949090909091,986.7636363636365,1461.5272727272727,33.86940621456597,51.70160378950231,957.9657406317712,10.0,8.422521591186523,,,,,5.0,7.0,7.0
2025-08-18 15:41:40,1913.949090909091,984.9018181818182,1463.389090909091,33.84880682325456,51.87852190389024,957.9623390610167,10.0,8.421699523925781,,,,,5.0,8.0,8.0
2025-08-18 15:41:43,1912.0872727272729,983.0400000000001,1461.5272727272727,33.97755309534841,51.83978345497376,957.9070144648177,10.0,8.424630165100098,,,,,5.0,6.0,6.0
2025-08-18 15:41:46,1913.949090909091,986.7636363636365,1463.389090909091,33.86425636630156,51.67785355315446,957.93009635494,10.0,8.422143936157227,,,,,4.0,6.0,7.0
2025-08-18 15:41:49,1915.8109090909093,990.4872727272729,1465.2509090909093,33.86940621456597,51.70160378950231,957.9379051897184,10.0,8.431559562683105,,,,,4.0,6.0,7.0
2025-08-18 15:41:55,1913.949090909091,984.9018181818182,1461.5272727272727,33.637663330795476,52.583078836789035,957.9482571297277,10.0,8.405965805053711,,,,,4.0,6.0,7.0
2025-08-18 15:41:58,1915.8109090909093,990.4872727272729,1463.389090909091,33.18447895013378,52.81489336595344,957.956121629225,10.0,8.374192237854004,,,,,4.0,6.0,7.0
2025-08-18 15:42:01,1913.949090909091,986.7636363636365,1461.5272727272727,33.230827249237336,53.50634530238099,957.9430313258592,10.0,8.373147010803223,,,,,4.0,6.0,7.0
2025-08-18 15:42:04,1913.949090909091,988.6254545454545,1465.2509090909093,32.91153944469988,53.69897474245887,957.9310852199638,10.0,8.344714164733887,,,,,4.0,6.0,6.0
2025-08-18 15:42:07,1913.949090909091,988.6254545454545,1467.1127272727272,32.545904784608865,54.537988454896926,957.876149960545,10.0,8.315711975097656,,,,,4.0,6.0,6.0
2025-08-18 15:42:10,1912.0872727272729,988.6254545454545,1463.389090909091,32.30386574624572,55.57904209427823,957.8974092313589,10.0,8.289451599121094,,,,,4.0,5.0,6.0
2025-08-18 15:42:13,1913.949090909091,984.9018181818182,1465.2509090909093,32.638600756792584,56.118825624666876,957.8779912197504,10.0,8.332622528076172,,,,,4.0,6.0,6.0
2025-08-18 15:42:16,1912.0872727272729,983.0400000000001,1463.389090909091,32.80854361737147,56.053313225421995,957.9137009645514,10.0,8.338642120361328,,,,,4.0,5.0,5.0
2025-08-18 15:42:22,1913.949090909091,981.1781818181819,1463.389090909091,33.15872990526259,55.4920348098922,957.944852907185,10.0,8.37703800201416,,,,,4.0,4.0,4.0
2025-08-18 15:42:25,1912.0872727272729,986.7636363636365,1467.1127272727272,33.230827249237336,55.12260111120333,957.9430313258592,10.0,8.372122764587402,,,,,4.0,4.0,4.0
2025-08-18 15:42:28,1912.0872727272729,986.7636363636365,1465.2509090909093,33.16387971365475,54.80230149201758,957.9526678177205,10.0,8.364299774169922,,,,,3.0,4.0,4.0
2025-08-18 15:42:31,1912.0872727272729,984.9018181818182,1465.2509090909093,33.235977061704034,54.95761397461491,958.0064621176722,10.0,8.371541023254395,,,,,3.0,4.0,4.0
2025-08-18 15:42:34,1912.0872727272729,981.1781818181819,1463.389090909091,33.344123190734535,54.90160853906734,957.8924470422643,10.0,8.382194519042969,,,,,3.0,4.0,4.0
2025-08-18 15:42:37,1912.0872727272729,984.9018181818182,1465.2509090909093,33.2617261284031,54.810871561316866,957.9342986684896,10.0,8.373598098754883,,,,,3.0,4.0,4.0
2025-08-18 15:42:40,1908.3636363636365,983.0400000000001,1463.389090909091,33.45226944811293,54.53871971582012,957.9452524114815,10.0,8.371418952941895,,,,,3.0,4.0,4.0
2025-08-18 15:42:43,1912.0872727272729,981.1781818181819,1463.389090909091,33.5192171955714,54.29260386071814,957.9077136157288,10.0,8.395096778869629,,,,,3.0,4.0,4.0
2025-08-18 15:42:49,1912.0872727272729,977.4545454545455,1465.2509090909093,33.62736366075114,53.61639975818592,957.904810370594,10.0,8.401935577392578,,,,,3.0,4.0,4.0
2025-08-18 15:42:52,1908.3636363636365,977.4545454545455,1461.5272727272727,33.64796300200396,53.33934110539406,957.9082271097417,10.0,8.384001731872559,,,,,3.0,4.0,4.0
2025-08-18 15:42:55,1910.2254545454546,977.4545454545455,1465.2509090909093,33.6428131662542,53.20928829015752,957.9004166441051,10.0,8.39213752746582,,,,,4.0,5.0,5.0
2025-08-18 15:42:58,1908.3636363636365,973.7309090909091,1463.389090909091,33.61191415786743,53.15540740658157,957.8535542722929,10.0,8.380304336547852,,,,,3.0,4.0,4.0
2025-08-18 15:43:04,1910.2254545454546,970.0072727272727,1465.2509090909093,33.75095977811725,52.8042045125272,957.8974583942326,10.0,8.400517463684082,,,,,3.0,5.0,5.0
2025-08-18 15:43:07,1912.0872727272729,968.1454545454546,1465.2509090909093,33.76640930457506,52.59184878477574,957.9208870367391,10.0,8.410123825073242,,,,,3.0,5.0,5.0
2025-08-18 15:43:10,1912.0872727272729,968.1454545454546,1465.2509090909093,33.756109619978815,52.668430347985655,957.905267921697,10.0,8.409655570983887,,,,,3.0,5.0,5.0
2025-08-18 15:43:13,1910.2254545454546,966.2836363636363,1461.5272727272727,33.74066009526723,52.620818387674184,957.8540095456476,10.0,8.399112701416016,,,,,4.0,5.0,5.0
2025-08-18 15:43:16,1910.2254545454546,968.1454545454546,1463.389090909091,33.704611214459874,52.72635415905463,957.910658466994,10.0,8.395869255065918,,,,,4.0,5.0,5.0
2025-08-18 15:43:19,1910.2254545454546,968.1454545454546,1463.389090909091,33.69946137550869,52.70260768385863,957.8471922824256,10.0,8.39570426940918,,,,,4.0,5.0,5.0
2025-08-18 15:43:22,1908.3636363636365,977.4545454545455,1465.2509090909093,33.68916169847944,52.477883873907835,957.9150561714948,10.0,8.383424758911133,,,,,4.0,5.0,5.0
2025-08-18 15:43:25,1912.0872727272729,977.4545454545455,1463.389090909091,33.68916169847944,52.22974360457356,957.9150561714948,10.0,8.400543212890625,,,,,4.0,5.0,5.0
2025-08-18 15:43:28,1908.3636363636365,977.4545454545455,1465.2509090909093,33.74066009526723,52.18357568677876,957.9374991644372,10.0,8.386533737182617,,,,,4.0,5.0,5.0
2025-08-18 15:43:32,1908.3636363636365,977.4545454545455,1465.2509090909093,33.812757899664575,52.07873077656425,957.9076750250033,10.0,8.392807006835938,,,,,4.0,5.0,5.0
2025-08-18 15:43:35,1912.0872727272729,979.3163636363637,1463.389090909091,33.85395667064586,51.890450164644705,957.914478745349,10.0,8.41380786895752,,,,,4.0,5.0,5.0
2025-08-18 15:43:38,1908.3636363636365,979.3163636363637,1461.5272727272727,33.90030531026423,51.75543562785805,957.8734116029814,10.0,8.399258613586426,,,,,4.0,5.0,5.0
2025-08-18 15:43:41,1910.2254545454546,983.0400000000001,1463.389090909091,33.92090471321717,51.60804717613189,957.876806383433,10.0,8.40925121307373,,,,,4.0,5.0,5.0
2025-08-18 15:43:44,1912.0872727272729,983.0400000000001,1467.1127272727272,33.88485576110543,51.57776651375595,957.8778235633494,10.0,8.414969444274902,,,,,4.0,5.0,5.0
2025-08-18 15:43:47,1910.2254545454546,981.1781818181819,1465.2509090909093,33.84880682325456,51.52975495230818,957.8788354540359,10.0,8.402379035949707,,,,,4.0,4.0,4.0
2025-08-18 15:43:50,1908.3636363636365,979.3163636363637,1463.389090909091,33.84880682325456,51.559312864427774,957.9066699705414,10.0,8.39333438873291,,,,,4.0,4.0,4.0
2025-08-18 15:43:53,1912.0872727272729,983.0400000000001,1465.2509090909093,33.709761053702096,51.78110331126969,957.8906399420995,10.0,8.39984130859375,,,,,4.0,4.0,4.0
2025-08-18 15:43:56,1910.2254545454546,981.1781818181819,1461.5272727272727,33.72521057317499,51.94097393798501,957.914069463029,10.0,8.39289665222168,,,,,4.0,5.0,5.0
2025-08-18 15:43:59,1912.0872727272729,983.0400000000001,1465.2509090909093,33.68916169847944,52.05248943644999,957.8594008617131,10.0,8.399511337280273,,,,,4.0,5.0,5.0
2025-08-18 15:44:02,1912.0872727272729,984.9018181818182,1465.2509090909093,33.565565664932365,52.26252907663373,957.8945513219999,10.0,8.388855934143066,,,,,4.0,5.0,5.0
2025-08-18 15:44:05,1912.0872727272729,983.0400000000001,1465.2509090909093,33.66341251099948,52.34144091545852,957.8203524628104,10.0,8.39884090423584,,,,,4.0,4.0,4.0
2025-08-18 15:44:08,1910.2254545454546,983.0400000000001,1467.1127272727272,33.704611214459874,52.484131741368735,957.8828301419069,10.0,8.393773078918457,,,,,4.0,4.0,4.0
2025-08-18 15:44:11,1910.2254545454546,983.0400000000001,1465.2509090909093,33.67886202261434,52.60171782341133,957.8994358453527,10.0,8.391913414001465,,,,,3.0,4.0,4.0
2025-08-18 15:44:14,1912.0872727272729,983.0400000000001,1465.2509090909093,33.76125946213142,52.609460216450195,957.8852467090493,10.0,8.408792495727539,,,,,3.0,4.0,4.0
2025-08-18 15:44:17,1912.0872727272729,983.0400000000001,1465.2509090909093,33.78185883365222,52.35582811403979,957.8886525456506,10.0,8.40937614440918,,,,,4.0,4.0,4.0
2025-08-18 15:44:20,1910.2254545454546,986.7636363636365,1467.1127272727272,33.84365697615431,52.24487383728477,957.9266955247917,10.0,8.404763221740723,,,,,4.0,4.0,4.0
2025-08-18 15:44:23,1910.2254545454546,983.0400000000001,1467.1127272727272,33.84880682325456,52.25680482727319,957.8510009566857,10.0,8.4060640335083,,,,,3.0,4.0,4.0
2025-08-18 15:44:26,1910.2254545454546,983.0400000000001,1465.2509090909093,33.90030531026423,52.37021571348,957.8455748971195,10.0,8.411394119262695,,,,,3.0,4.0,4.0
2025-08-18 15:44:29,1910.2254545454546,981.1781818181819,1463.389090909091,33.85910651832819,52.45206567463531,957.9501225290051,10.0,8.407562255859375,,,,,3.0,4.0,4.0
2025-08-18 15:44:32,1912.0872727272729,983.0400000000001,1463.389090909091,33.87455606312142,52.215981798667,957.8622071534661,10.0,8.417346954345703,,,,,3.0,4.0,4.0
2025-08-18 15:44:35,1910.2254545454546,981.1781818181819,1461.5272727272727,33.83850712934509,52.0556309550212,957.8910524809135,10.0,8.404013633728027,,,,,3.0,4.0,4.0
2025-08-18 15:44:38,1912.0872727272729,986.7636363636365,1467.1127272727272,33.83335728282691,51.96095359491582,957.9389114969907,10.0,8.411493301391602,,,,,3.0,4.0,4.0
2025-08-18 15:44:41,1912.0872727272729,986.7636363636365,1463.389090909091,33.83335728282691,51.854560112542295,957.9110776219674,10.0,8.411125183105469,,,,,3.0,4.0,4.0
2025-08-18 15:44:44,1912.0872727272729,986.7636363636365,1465.2509090909093,33.80760805460159,51.765371595824824,957.8720332149869,10.0,8.40854263305664,,,,,3.0,4.0,4.0
2025-08-18 15:44:47,1912.0872727272729,986.7636363636365,1461.5272727272727,33.80760805460159,51.82447771282101,957.8442004920955,10.0,8.409008979797363,,,,,3.0,4.0,5.0
2025-08-18 15:44:50,1913.949090909091,988.6254545454545,1467.1127272727272,33.80245820982964,51.83028255656454,957.8642243936233,10.0,8.41746997833252,,,,,3.0,4.0,5.0
2025-08-18 15:44:53,1912.0872727272729,983.0400000000001,1461.5272727272727,33.80760805460159,51.86585138184733,957.8720332149869,10.0,8.4093599319458,,,,,3.0,4.0,5.0
2025-08-18 15:44:56,1913.949090909091,986.7636363636365,1465.2509090909093,33.776708990335464,52.03069299443275,957.853011969575,10.0,8.416340827941895,,,,,3.0,4.0,5.0
2025-08-18 15:44:59,1910.2254545454546,988.6254545454545,1465.2509090909093,33.771559147309745,52.184234543648856,957.9008654109745,10.0,8.397828102111816,,,,,3.0,4.0,7.0
2025-08-18 15:45:02,1913.949090909091,984.9018181818182,1461.5272727272727,33.79730836534873,52.13159469021303,957.8285833225735,10.0,8.419053077697754,,,,,3.0,4.0,7.0
2025-08-18 15:45:08,1913.949090909091,986.7636363636365,1465.2509090909093,33.62736366075114,52.476523757287474,957.904810370594,10.0,8.404580116271973,,,,,4.0,5.0,8.0
2025-08-18 15:45:11,1913.949090909091,990.4872727272729,1465.2509090909093,33.57586532799178,52.65257713377646,957.9101734828224,10.0,8.400390625,,,,,4.0,5.0,8.0
2025-08-18 15:45:14,1912.0872727272729,988.6254545454545,1465.2509090909093,33.64796300200396,52.55967923182467,957.8247494970379,10.0,8.39802074432373,,,,,4.0,5.0,6.0
2025-08-18 15:45:17,1915.8109090909093,992.3490909090909,1467.1127272727272,33.74580993654672,52.414133868790884,957.8339887452113,10.0,8.424274444580078,,,,,4.0,5.0,6.0
2025-08-18 15:45:20,1913.949090909091,990.4872727272729,1467.1127272727272,33.74066009526723,52.325390308708414,957.9096692723589,10.0,8.413870811462402,,,,,4.0,5.0,6.0
2025-08-18 15:45:23,1913.949090909091,988.6254545454545,1467.1127272727272,33.72521057317499,52.301421381263225,957.8584110575705,10.0,8.412797927856445,,,,,4.0,5.0,6.0
2025-08-18 15:45:26,1913.949090909091,986.7636363636365,1463.389090909091,33.704611214459874,52.54321197566181,957.8828301419069,10.0,8.412135124206543,,,,,4.0,5.0,5.0
2025-08-18 15:45:29,1913.949090909091,988.6254545454545,1467.1127272727272,33.6428131662542,52.58910051168603,957.8447653363339,10.0,8.406767845153809,,,,,4.0,5.0,5.0
2025-08-18 15:45:32,1913.949090909091,986.7636363636365,1465.2509090909093,33.67371218511835,52.69021400459583,957.891625712393,10.0,8.409992218017578,,,,,4.0,5.0,5.0
2025-08-18 15:45:35,1915.8109090909093,990.4872727272729,1467.1127272727272,33.69946137550869,52.87983187269749,957.8471922824256,10.0,8.42244815826416,,,,,4.0,5.0,5.0
2025-08-18 15:45:38,1913.949090909091,988.6254545454545,1465.2509090909093,33.74580993654672,52.78636349496916,957.889648886809,10.0,8.416953086853027,,,,,4.0,5.0,5.0
2025-08-18 15:45:41,1913.949090909091,986.7636363636365,1465.2509090909093,33.79730836534873,52.722532329395754,957.8842478811302,10.0,8.421549797058105,,,,,4.0,5.0,6.0
2025-08-18 15:45:44,1915.8109090909093,984.9018181818182,1465.2509090909093,33.80245820982964,52.374003429040904,957.8363918973265,10.0,8.429890632629395,,,,,4.0,5.0,6.0
2025-08-18 15:45:47,1912.0872727272729,988.6254545454545,1467.1127272727272,33.714910893235356,52.620244408081284,957.8427922632566,10.0,8.404362678527832,,,,,4.0,6.0,6.0
2025-08-18 15:45:50,1912.0872727272729,984.9018181818182,1461.5272727272727,33.771559147309745,52.562419257605136,957.8730342167877,10.0,8.409411430358887,,,,,6.0,7.0,8.0
2025-08-18 15:45:53,1913.949090909091,988.6254545454545,1467.1127272727272,33.62736366075114,52.618290868335876,957.8769853677549,10.0,8.405303001403809,,,,,6.0,7.0,8.0
2025-08-18 15:45:56,1913.949090909091,990.4872727272729,1467.1127272727272,33.668562347913394,52.631025291489756,957.8838155995102,10.0,8.408949851989746,,,,,6.0,7.0,8.0
2025-08-18 15:45:59,1913.949090909091,988.6254545454545,1465.2509090909093,33.6428131662542,52.61863583626796,957.7891141051335,10.0,8.407246589660645,,,,,6.0,7.0,8.0
2025-08-18 15:46:02,1913.949090909091,990.4872727272729,1465.2509090909093,33.5037677110231,52.76906044900626,957.884279030068,10.0,8.394515991210938,,,,,5.0,7.0,7.0
2025-08-18 15:46:05,1913.949090909091,988.6254545454545,1465.2509090909093,33.28747520237812,53.118249412883685,957.8899373623204,10.0,8.376542091369629,,,,,6.0,7.0,8.0
2025-08-18 15:46:11,1915.8109090909093,986.7636363636365,1465.2509090909093,33.441969799023354,53.60594495962819,957.8183594820324,10.0,8.40296745300293,,,,,6.0,7.0,7.0
2025-08-18 15:46:14,1915.8109090909093,990.4872727272729,1468.9745454545455,33.5037677110231,53.44216066140052,957.8564593503978,10.0,8.407269477844238,,,,,5.0,7.0,7.0
2025-08-18 15:46:17,1912.0872727272729,990.4872727272729,1468.9745454545455,33.60676432415494,53.22024768646742,957.9013921594799,10.0,8.39695930480957,,,,,5.0,6.0,6.0
2025-08-18 15:46:20,1915.8109090909093,988.6254545454545,1467.1127272727272,33.39047157103778,53.33317352372479,957.8515047109332,10.0,8.396500587463379,,,,,5.0,6.0,6.0
2025-08-18 15:46:23,1913.949090909091,984.9018181818182,1463.389090909091,33.5192171955714,53.318548066202666,957.7964322928935,10.0,8.399707794189453,,,,,4.0,6.0,6.0
2025-08-18 15:46:26,1913.949090909091,990.4872727272729,1467.1127272727272,33.5037677110231,53.22961714200943,957.884279030068,10.0,8.396833419799805,,,,,4.0,6.0,6.0
2025-08-18 15:46:29,1915.8109090909093,986.7636363636365,1465.2509090909093,33.61191415786743,53.2439917967347,957.7979056835527,10.0,8.41685962677002,,,,,4.0,6.0,6.0
2025-08-18 15:46:32,1915.8109090909093,992.3490909090909,1470.8363636363638,33.64796300200396,53.014503787125086,957.8247494970379,10.0,8.418378829956055,,,,,4.0,5.0,5.0
2025-08-18 15:46:35,1915.8109090909093,988.6254545454545,1468.9745454545455,33.46771892393008,53.13430096552124,957.8017809421732,10.0,8.402888298034668,,,,,4.0,6.0,6.0
2025-08-18 15:46:38,1915.8109090909093,986.7636363636365,1467.1127272727272,33.48831822909415,53.34732792166331,957.8330256258877,10.0,8.405832290649414,,,,,3.0,6.0,6.0
2025-08-18 15:46:41,1912.0872727272729,984.9018181818182,1463.389090909091,33.565565664932365,53.33737040103384,957.8389066586556,10.0,8.394620895385742,,,,,3.0,6.0,6.0
2025-08-18 15:46:44,1913.949090909091,986.7636363636365,1467.1127272727272,33.57586532799178,53.32580703224018,957.7988824200215,10.0,8.404766082763672,,,,,3.0,6.0,6.0
2025-08-18 15:46:47,1910.2254545454546,984.9018181818182,1465.2509090909093,33.73551025427878,53.1760324521723,957.8462003049043,10.0,8.400176048278809,,,,,3.0,5.0,5.0
2025-08-18 15:46:50,1913.949090909091,986.7636363636365,1467.1127272727272,33.76125946213142,52.94032516765397,957.8017545434955,10.0,8.419832229614258,,,,,3.0,5.0,5.0
2025-08-18 15:46:53,1915.8109090909093,986.7636363636365,1467.1127272727272,33.776708990335464,52.810696880755636,957.8251805870957,10.0,8.429645538330078,,,,,3.0,5.0,5.0
2025-08-18 15:46:56,1913.949090909091,984.9018181818182,1467.1127272727272,33.88485576110543,52.671308726434276,957.7664794974016,10.0,8.430194854736328,,,,,3.0,5.0,5.0
2025-08-18 15:46:59,1913.949090909091,983.0400000000001,1465.2509090909093,33.8797059119679,52.52935028943808,957.8700153484175,10.0,8.428542137145996,,,,,3.0,5.0,5.0
2025-08-18 15:47:02,1913.949090909091,984.9018181818182,1468.9745454545455,33.85395667064586,52.49332329908021,957.8309745735065,10.0,8.426070213317871,,,,,3.0,4.0,4.0
2025-08-18 15:47:05,1913.949090909091,984.9018181818182,1465.2509090909093,33.85395667064586,52.43422282894799,957.8031398878695,10.0,8.425939559936523,,,,,4.0,4.0,4.0
2025-08-18 15:47:08,1913.949090909091,984.9018181818182,1467.1127272727272,33.84880682325456,52.570038431181025,957.8231664784898,10.0,8.426027297973633,,,,,4.0,5.0,6.0
2025-08-18 15:47:14,1913.949090909091,984.9018181818182,1467.1127272727272,33.84365697615431,52.433998003278035,957.8710269258204,10.0,8.42458438873291,,,,,4.0,6.0,7.0
2025-08-18 15:47:17,1913.949090909091,986.7636363636365,1468.9745454545455,33.89000561053399,52.245866036788506,957.8299592737734,10.0,8.427976608276367,,,,,5.0,6.0,7.0
2025-08-18 15:47:20,1910.2254545454546,983.0400000000001,1463.389090909091,33.85395667064586,52.19781064597092,957.7753052213875,10.0,8.406686782836914,,,,,5.0,7.0,7.0
2025-08-18 15:47:23,1912.0872727272729,986.7636363636365,1467.1127272727272,33.80760805460159,52.179092784057055,957.8163677883567,10.0,8.41096305847168,,,,,5.0,6.0,7.0
2025-08-18 15:47:26,1913.949090909091,984.9018181818182,1465.2509090909093,33.86425636630156,52.2098513685094,957.8744259814993,10.0,8.425321578979492,,,,,5.0,6.0,7.0
2025-08-18 15:47:29,1912.0872727272729,988.6254545454545,1468.9745454545455,33.823057590663666,52.126229947149675,957.7284596703894,10.0,8.412483215332031,,,,,4.0,6.0,7.0
2025-08-18 15:47:32,1913.949090909091,988.6254545454545,1468.9745454545455,33.86425636630156,52.19211945252782,957.6795802778643,10.0,8.426074028015137,,,,,4.0,5.0,5.0
2025-08-18 15:47:35,1913.949090909091,986.7636363636365,1465.2509090909093,33.85910651832819,52.09743907766585,957.8109477762808,10.0,8.4245023727417,,,,,4.0,6.0,6.0
2025-08-18 15:47:38,1910.2254545454546,984.9018181818182,1465.2509090909093,33.85910651832819,52.23338365696157,957.7552780092797,10.0,8.407302856445312,,,,,4.0,6.0,6.0
2025-08-18 15:47:41,1913.949090909091,986.7636363636365,1467.1127272727272,33.83850712934509,52.24476353916953,957.8075503484412,10.0,8.423375129699707,,,,,4.0,5.0,5.0
2025-08-18 15:47:44,1910.2254545454546,984.9018181818182,1463.389090909091,33.85395667064586,52.26873603167533,957.8866440022463,10.0,8.406219482421875,,,,,4.0,5.0,5.0
2025-08-18 15:47:47,1912.0872727272729,986.7636363636365,1465.2509090909093,33.709761053702096,52.242002594105344,957.7793259268561,10.0,8.40251636505127,,,,,4.0,5.0,5.0
2025-08-18 15:47:50,1912.0872727272729,990.4872727272729,1467.1127272727272,33.64796300200396,52.43562557964989,957.8247494970379,10.0,8.39724063873291,,,,,4.0,5.0,5.0
2025-08-18 15:47:53,1912.0872727272729,988.6254545454545,1467.1127272727272,33.704611214459874,52.47231557096176,957.8550018359659,10.0,8.402600288391113,,,,,4.0,5.0,5.0
2025-08-18 15:47:56,1913.949090909091,988.6254545454545,1465.2509090909093,33.60161449073348,52.653154561086524,957.7822859601073,10.0,8.40368366241455,,,,,4.0,5.0,5.0
2025-08-18 15:47:59,1912.0872727272729,988.6254545454545,1467.1127272727272,33.622213826165535,52.69496303526845,957.7857007685894,10.0,8.39657211303711,,,,,4.0,6.0,7.0
2025-08-18 15:48:02,1913.949090909091,988.6254545454545,1468.9745454545455,33.58101515995804,52.853496762837345,957.7510467545513,10.0,8.402994155883789,,,,,5.0,6.0,8.0
2025-08-18 15:48:05,1913.949090909091,990.4872727272729,1468.9745454545455,33.539816512377,52.97065816385288,957.8833174996886,10.0,8.398846626281738,,,,,4.0,6.0,8.0
2025-08-18 15:48:08,1912.0872727272729,990.4872727272729,1468.9745454545455,33.514067367097596,53.076346087664405,957.7608015942186,10.0,8.388562202453613,,,,,4.0,6.0,8.0
2025-08-18 15:48:11,1913.949090909091,986.7636363636365,1465.2509090909093,33.52436702433624,53.1238242490093,957.8320634840128,10.0,8.398823738098145,,,,,4.0,6.0,8.0
2025-08-18 15:48:17,1913.949090909091,984.9018181818182,1465.2509090909093,33.67886202261434,53.02112693953766,957.7881271150811,10.0,8.41291618347168,,,,,4.0,6.0,8.0
2025-08-18 15:48:20,1913.949090909091,986.7636363636365,1467.1127272727272,33.67886202261434,53.19832646280914,957.8437814419271,10.0,8.413317680358887,,,,,4.0,6.0,8.0
2025-08-18 15:48:23,1913.949090909091,984.9018181818182,1465.2509090909093,33.617063991870964,53.37403493251072,957.9170137358193,10.0,8.408251762390137,,,,,4.0,6.0,7.0
2025-08-18 15:48:26,1913.949090909091,988.6254545454545,1470.8363636363638,33.65311283804476,53.386711186095795,957.8325593030023,10.0,8.41181468963623,,,,,4.0,5.0,6.0
2025-08-18 15:48:29,1912.0872727272729,986.7636363636365,1467.1127272727272,33.730360413581366,53.32949520970227,957.8940499045539,10.0,8.409222602844238,,,,,4.0,5.0,7.0
2025-08-18 15:48:32,1913.949090909091,984.9018181818182,1465.2509090909093,33.812757899664575,53.10103844494272,957.8241761765447,10.0,8.425395011901855,,,,,4.0,6.0,7.0
2025-08-18 15:48:35,1912.0872727272729,984.9018181818182,1465.2509090909093,33.86425636630156,52.930870725375634,957.93009635494,10.0,8.41944408416748,,,,,4.0,6.0,8.0
2025-08-18 15:48:38,1913.949090909091,986.7636363636365,1467.1127272727272,33.84880682325456,52.97778976103663,957.9066699705414,10.0,8.427427291870117,,,,,4.0,6.0,8.0
2025-08-18 15:48:41,1913.949090909091,984.9018181818182,1465.2509090909093,33.90545516056591,52.74860235149146,957.8533827387485,10.0,8.431951522827148,,,,,4.0,7.0,9.0
2025-08-18 15:48:44,1912.0872727272729,986.7636363636365,1467.1127272727272,33.78700867726002,52.79911333955715,957.7851344357609,10.0,8.412394523620605,,,,,4.0,7.0,8.0
2025-08-18 15:48:47,1910.2254545454546,988.6254545454545,1468.9745454545455,33.83335728282691,52.78243530379861,957.8832437660981,10.0,8.406625747680664,,,,,4.0,7.0,8.0
2025-08-18 15:48:50,1912.0872727272729,986.7636363636365,1468.9745454545455,33.68916169847944,52.785079998772346,957.8315732355405,10.0,8.40306282043457,,,,,4.0,7.0,8.0
2025-08-18 15:48:53,1913.949090909091,986.7636363636365,1465.2509090909093,33.555266003037104,52.68754988722424,957.8789292416889,10.0,8.399176597595215,,,,,4.0,7.0,8.0
2025-08-18 15:48:56,1913.949090909091,992.3490909090909,1465.2509090909093,33.21022800228093,52.9158015270597,957.8283531616742,10.0,8.368478775024414,,,,,3.0,6.0,6.0
2025-08-18 15:48:59,1913.949090909091,992.3490909090909,1465.2509090909093,32.839442353346385,53.720748303853014,957.9050245018707,10.0,8.338045120239258,,,,,4.0,6.0,6.0
2025-08-18 15:49:02,1915.8109090909093,994.2109090909092,1468.9745454545455,32.690098559862236,54.27086985290283,957.8450404980235,10.0,8.33649730682373,,,,,4.0,6.0,6.0
2025-08-18 15:49:05,1913.949090909091,997.9345454545455,1470.8363636363638,32.437759602908045,55.04139969690646,957.850814422785,10.0,8.307686805725098,,,,,4.0,6.0,6.0
2025-08-18 15:49:08,1915.8109090909093,996.0727272727273,1467.1127272727272,32.01032990278327,56.01729302211041,957.8401821174346,10.0,8.28278923034668,,,,,4.0,5.0,5.0
2025-08-18 15:49:11,1917.6727272727273,996.0727272727273,1468.9745454545455,32.370812649984146,56.75200246848849,957.8324666250795,10.0,8.32890796661377,,,,,4.0,5.0,5.0
2025-08-18 15:49:14,1915.8109090909093,994.2109090909092,1467.1127272727272,32.50470660501742,56.691542807913585,957.7858179921823,10.0,8.332162857055664,,,,,4.0,5.0,5.0
2025-08-18 15:49:20,1917.6727272727273,992.3490909090909,1467.1127272727272,32.51500614816905,57.34507866873384,957.8570105953738,10.0,8.345427513122559,,,,,4.0,5.0,5.0
2025-08-18 15:49:23,1917.6727272727273,996.0727272727273,1470.8363636363638,32.72614703932777,57.13425671501409,957.7886221309043,10.0,8.363765716552734,,,,,4.0,5.0,5.0
2025-08-18 15:49:26,1915.8109090909093,994.2109090909092,1470.8363636363638,32.75704574736301,57.05872411060679,957.8077385047427,10.0,8.357086181640625,,,,,4.0,4.0,4.0
2025-08-18 15:49:29,1915.8109090909093,992.3490909090909,1470.8363636363638,32.772495105309645,56.93557470851068,957.8589783290502,10.0,8.357725143432617,,,,,4.0,5.0,5.0
2025-08-18 15:49:32,1913.949090909091,990.4872727272729,1467.1127272727272,32.75189596196287,56.85836717511478,957.8554960687864,10.0,8.34645938873291,,,,,4.0,5.0,5.0
2025-08-18 15:49:35,1913.949090909091,994.2109090909092,1468.9745454545455,32.787944465875626,56.83596686261694,957.8268529173855,10.0,8.349464416503906,,,,,4.0,4.0,4.0
2025-08-18 15:49:38,1913.949090909091,992.3490909090909,1470.8363636363638,32.67464921588544,56.950084902770264,957.7660184822674,10.0,8.34022331237793,,,,,4.0,4.0,5.0
2025-08-18 15:49:41,1913.949090909091,994.2109090909092,1468.9745454545455,32.525305692484835,57.12769349531979,957.8170945445647,10.0,8.326945304870605,,,,,4.0,4.0,5.0
2025-08-18 15:49:44,1915.8109090909093,996.0727272727273,1470.8363636363638,32.350213597441325,57.42783187421088,957.8567246103355,10.0,8.321189880371094,,,,,4.0,5.0,5.0
2025-08-18 15:49:47,1913.949090909091,990.4872727272729,1468.9745454545455,32.60770208892063,57.595331775768074,957.8310792330907,10.0,8.337207794189453,,,,,4.0,5.0,5.0
2025-08-18 15:49:50,1917.6727272727273,990.4872727272729,1467.1127272727272,32.715847472311,57.54011033545496,957.8007734263119,10.0,8.365396499633789,,,,,4.0,4.0,5.0
2025-08-18 15:49:53,1915.8109090909093,992.3490909090909,1470.8363636363638,32.875490891892696,57.20979638558957,957.8485749594364,10.0,8.368661880493164,,,,,4.0,5.0,5.0
2025-08-18 15:49:56,1915.8109090909093,992.3490909090909,1470.8363636363638,33.01453538844362,56.93156915231744,957.8928354154996,10.0,8.379701614379883,,,,,4.0,5.0,6.0
2025-08-18 15:49:59,1917.6727272727273,992.3490909090909,1472.698181818182,33.153580097161466,56.59420112658256,957.8814286872814,10.0,8.399951934814453,,,,,4.0,5.0,6.0
2025-08-18 15:50:02,1915.8109090909093,994.2109090909092,1472.698181818182,33.21537781358347,56.395710435476175,957.9195885821048,10.0,8.39501667022705,,,,,4.0,5.0,5.0
2025-08-18 15:50:05,1915.8109090909093,988.6254545454545,1468.9745454545455,33.153580097161466,56.27002816473166,957.8536240511087,10.0,8.389626502990723,,,,,4.0,5.0,5.0
2025-08-18 15:50:08,1915.8109090909093,990.4872727272729,1470.8363636363638,33.22567743706168,56.08357542032935,957.851793805463,10.0,8.395116806030273,,,,,4.0,5.0,5.0
2025-08-18 15:50:11,1913.949090909091,988.6254545454545,1470.8363636363638,33.28747520237812,55.879054812151416,957.8621269692542,10.0,8.390658378601074,,,,,3.0,4.0,4.0
2025-08-18 15:50:14,1915.8109090909093,988.6254545454545,1470.8363636363638,33.33897337215603,55.62698147889784,957.8568215394932,10.0,8.403332710266113,,,,,3.0,5.0,5.0
2025-08-18 15:50:17,1915.8109090909093,986.7636363636365,1468.9745454545455,33.42652032757178,55.39945471148849,957.8783741395189,10.0,8.410253524780273,,,,,3.0,5.0,5.0
2025-08-18 15:50:23,1913.949090909091,988.6254545454545,1468.9745454545455,33.555266003037104,55.12576115589625,957.8789292416889,10.0,8.411341667175293,,,,,4.0,5.0,5.0
2025-08-18 15:50:26,1913.949090909091,986.7636363636365,1468.9745454545455,33.52436702433624,54.96556596959023,957.8598840317345,10.0,8.407970428466797,,,,,4.0,5.0,5.0
2025-08-18 15:50:29,1912.0872727272729,984.9018181818182,1465.2509090909093,33.637663330795476,54.77978344941615,957.8369553439625,10.0,8.408539772033691,,,,,3.0,5.0,5.0
2025-08-18 15:50:32,1913.949090909091,986.7636363636365,1468.9745454545455,33.6428131662542,54.42570793340276,957.9004166441051,10.0,8.415868759155273,,,,,3.0,5.0,5.0
2025-08-18 15:50:35,1912.0872727272729,988.6254545454545,1467.1127272727272,33.622213826165535,54.354322284899574,957.8969997587518,10.0,8.404298782348633,,,,,4.0,5.0,5.0
2025-08-18 15:50:38,1913.949090909091,986.7636363636365,1468.9745454545455,33.66341251099948,54.13693320560964,957.8203524628104,10.0,8.416786193847656,,,,,4.0,4.0,4.0
2025-08-18 15:50:41,1913.949090909091,988.6254545454545,1470.8363636363638,33.62736366075114,54.0356359217191,957.8491603840574,10.0,8.41263198852539,,,,,3.0,4.0,4.0
2025-08-18 15:50:44,1913.949090909091,990.4872727272729,1468.9745454545455,33.586164992215345,54.01097232998453,957.842326038826,10.0,8.408608436584473,,,,,3.0,4.0,4.0
2025-08-18 15:50:47,1912.0872727272729,983.0400000000001,1468.9745454545455,33.596464657603065,53.96990557078519,957.8857706635755,10.0,8.400529861450195,,,,,3.0,4.0,4.0
2025-08-18 15:50:50,1913.949090909091,988.6254545454545,1468.9745454545455,33.534666682739044,53.89159750360243,957.8198643409289,10.0,8.403565406799316,,,,,3.0,4.0,4.0
2025-08-18 15:50:53,1912.0872727272729,984.9018181818182,1465.2509090909093,33.38017192893312,54.06474351986826,957.8915091093457,10.0,8.38095760345459,,,,,4.0,4.0,4.0
2025-08-18 15:50:56,1910.2254545454546,986.7636363636365,1468.9745454545455,33.47286874978454,54.3445131354845,957.8652287423724,10.0,8.381694793701172,,,,,4.0,4.0,4.0
2025-08-18 15:50:59,1913.949090909091,986.7636363636365,1470.8363636363638,33.52436702433624,54.27503017963139,957.8598840317345,10.0,8.404478073120117,,,,,4.0,4.0,4.0
2025-08-18 15:51:02,1912.0872727272729,983.0400000000001,1467.1127272727272,33.5037677110231,54.22137284110043,957.884279030068,10.0,8.39329719543457,,,,,4.0,4.0,4.0
2025-08-18 15:51:05,1912.0872727272729,986.7636363636365,1468.9745454545455,33.560415833839215,54.16380692162422,957.8867402717796,10.0,8.397878646850586,,,,,3.0,4.0,4.0
2025-08-18 15:51:08,1912.0872727272729,979.3163636363637,1467.1127272727272,33.622213826165535,54.20672539273597,957.869174982499,10.0,8.404511451721191,,,,,3.0,4.0,4.0
2025-08-18 15:51:11,1912.0872727272729,979.3163636363637,1468.9745454545455,33.694311536848545,54.120009985436326,957.8393827489499,10.0,8.410865783691406,,,,,3.0,4.0,4.0
2025-08-18 15:51:14,1910.2254545454546,977.4545454545455,1465.2509090909093,33.694311536848545,53.92513641087378,957.8393827489499,10.0,8.40085220336914,,,,,3.0,4.0,4.0
2025-08-18 15:51:17,1912.0872727272729,983.0400000000001,1468.9745454545455,33.67371218511835,53.83013409529438,957.8359717621446,10.0,8.407211303710938,,,,,3.0,4.0,4.0
2025-08-18 15:51:20,1912.0872727272729,981.1781818181819,1467.1127272727272,33.66341251099948,53.8771182022478,957.8760055067069,10.0,8.406428337097168,,,,,3.0,4.0,4.0
2025-08-18 15:51:26,1910.2254545454546,975.5927272727274,1465.2509090909093,33.823057590663666,53.5798359869236,957.8397930129508,10.0,8.411077499389648,,,,,4.0,5.0,5.0
2025-08-18 15:51:29,1908.3636363636365,977.4545454545455,1465.2509090909093,33.88485576110543,53.33317371947598,957.8778235633494,10.0,8.405914306640625,,,,,4.0,5.0,5.0
2025-08-18 15:51:32,1908.3636363636365,973.7309090909091,1465.2509090909093,33.936354268487776,53.092095587381806,957.8445536811145,10.0,8.409834861755371,,,,,4.0,6.0,6.0
2025-08-18 15:51:35,1908.3636363636365,977.4545454545455,1467.1127272727272,33.90545516056591,52.890444621064496,957.8812196712097,10.0,8.405569076538086,,,,,5.0,6.0,7.0
2025-08-18 15:51:38,1908.3636363636365,977.4545454545455,1467.1127272727272,33.87455606312142,52.75381703176059,957.9178783949876,10.0,8.40182113647461,,,,,5.0,6.0,7.0
2025-08-18 15:51:41,1908.3636363636365,977.4545454545455,1465.2509090909093,33.89515546025359,52.78383100833038,957.8377670754602,10.0,8.404346466064453,,,,,4.0,6.0,7.0
2025-08-18 15:51:44,1908.3636363636365,973.7309090909091,1463.389090909091,33.94150412082672,52.61937530430639,957.8523612092663,10.0,8.407958030700684,,,,,4.0,6.0,7.0
2025-08-18 15:51:47,1908.3636363636365,975.5927272727274,1465.2509090909093,33.95695367958979,52.45420296613595,957.8757839134163,10.0,8.40828800201416,,,,,4.0,6.0,7.0
2025-08-18 15:51:50,1906.5018181818184,975.5927272727274,1465.2509090909093,33.93120441643987,52.400440882215925,957.8924222463634,10.0,8.3963041305542,,,,,4.0,6.0,7.0
2025-08-18 15:51:53,1910.2254545454546,981.1781818181819,1465.2509090909093,33.776708990335464,52.39708080492521,957.8808433712048,10.0,8.400131225585938,,,,,5.0,5.0,7.0
2025-08-18 15:51:56,1908.3636363636365,984.9018181818182,1467.1127272727272,33.694311536848545,52.63750809954462,957.811554915334,10.0,8.384693145751953,,,,,4.0,5.0,8.0
2025-08-18 15:51:59,1908.3636363636365,984.9018181818182,1467.1127272727272,33.60676432415494,52.90133441618933,957.8179198699912,10.0,8.37794303894043,,,,,4.0,5.0,7.0
2025-08-18 15:52:02,1912.0872727272729,983.0400000000001,1467.1127272727272,33.65311283804476,52.99690370996143,957.8603853813476,10.0,8.40096664428711,,,,,3.0,5.0,6.0
2025-08-18 15:52:05,1910.2254545454546,983.0400000000001,1463.389090909091,33.565565664932365,53.14841200562341,957.8110843556907,10.0,8.384795188903809,,,,,4.0,6.0,7.0
2025-08-18 15:52:08,1912.0872727272729,984.9018181818182,1467.1127272727272,33.46256909836666,53.199120985067665,957.8496055748833,10.0,8.3843994140625,,,,,4.0,6.0,7.0
2025-08-18 15:52:11,1910.2254545454546,979.3163636363637,1463.389090909091,33.395621392526664,53.38642002444975,957.9149470000057,10.0,8.370091438293457,,,,,3.0,5.0,7.0
2025-08-18 15:52:14,1908.3636363636365,983.0400000000001,1468.9745454545455,33.18447895013378,53.9771426547634,957.8727036425595,10.0,8.344446182250977,,,,,3.0,5.0,7.0
2025-08-18 15:52:17,1908.3636363636365,977.4545454545455,1465.2509090909093,33.14843028935138,54.259327705655835,957.8736142705133,10.0,8.342860221862793,,,,,3.0,6.0,7.0
2025-08-18 15:52:20,1910.2254545454546,979.3163636363637,1465.2509090909093,32.92698882883997,54.896012886338696,957.8711511089749,10.0,8.3348970413208,,,,,3.0,5.0,6.0
2025-08-18 15:52:23,1910.2254545454546,975.5927272727274,1463.389090909091,32.95788760497817,55.338902363964145,957.9180489714812,10.0,8.339823722839355,,,,,4.0,6.0,6.0
2025-08-18 15:52:29,1908.3636363636365,975.5927272727274,1465.2509090909093,33.029984790046,55.617986340509724,957.8606838926498,10.0,8.338932991027832,,,,,4.0,5.0,5.0
2025-08-18 15:52:32,1908.3636363636365,975.5927272727274,1465.2509090909093,33.04028439256945,55.712589551944326,957.8763145291794,10.0,8.34024429321289,,,,,3.0,4.0,4.0
2025-08-18 15:52:35,1910.2254545454546,973.7309090909091,1467.1127272727272,33.21022800228093,55.59965333057119,957.9117743747687,10.0,8.364413261413574,,,,,4.0,5.0,5.0
2025-08-18 15:52:38,1910.2254545454546,973.7309090909091,1465.2509090909093,33.04543419426773,55.50055355190398,957.8841298780063,10.0,8.348994255065918,,,,,4.0,5.0,5.0
2025-08-18 15:52:41,1910.2254545454546,975.5927272727274,1465.2509090909093,32.75704574736301,55.66302121439265,957.8633136711942,10.0,8.323404312133789,,,,,4.0,5.0,5.0
2025-08-18 15:52:44,1910.2254545454546,981.1781818181819,1465.2509090909093,32.669499435141915,56.33762756302697,957.8693362153438,10.0,8.318422317504883,,,,,4.0,5.0,5.0
2025-08-18 15:52:47,1906.5018181818184,979.3163636363637,1463.389090909091,32.53560523796477,57.18687834091964,957.7771768402806,10.0,8.292542457580566,,,,,4.0,4.0,4.0
2025-08-18 15:52:50,1910.2254545454546,979.3163636363637,1467.1127272727272,32.48925729247276,57.66782058535684,957.8734650766386,10.0,8.30863094329834,,,,,4.0,4.0,4.0
2025-08-18 15:52:53,1910.2254545454546,979.3163636363637,1465.2509090909093,32.530455465079285,58.469323806382185,957.9082473539476,10.0,8.316189765930176,,,,,3.0,4.0,4.0
2025-08-18 15:52:56,1908.3636363636365,973.7309090909091,1465.2509090909093,32.715847472311,58.64069818885906,957.8563450444625,10.0,8.325401306152344,,,,,4.0,4.0,4.0
2025-08-18 15:53:02,1904.64,968.1454545454546,1463.389090909091,33.01453538844362,57.52654645919905,957.8372380907027,10.0,8.329046249389648,,,,,4.0,4.0,4.0
2025-08-18 15:53:08,1904.64,966.2836363636363,1463.389090909091,33.194778570119524,56.9196594609568,957.8605254640872,10.0,8.3424711227417,,,,,4.0,6.0,7.0
2025-08-18 15:53:14,1904.64,966.2836363636363,1465.2509090909093,33.3132242836291,55.98006643413277,957.8455699376193,10.0,8.34871768951416,,,,,4.0,6.0,7.0
2025-08-18 15:53:17,1906.5018181818184,968.1454545454546,1465.2509090909093,33.30292465025559,55.53747198132059,957.8299443980127,10.0,8.354867935180664,,,,,5.0,6.0,9.0
2025-08-18 15:53:20,1902.7781818181818,970.0072727272727,1463.389090909091,33.32352391816676,55.39651611602456,957.8890074990225,10.0,8.336955070495605,,,,,5.0,7.0,9.0
2025-08-18 15:53:23,1906.5018181818184,971.869090909091,1463.389090909091,33.27202575711999,54.911424240210835,957.8943070804737,10.0,8.348257064819336,,,,,5.0,7.0,9.0
2025-08-18 15:53:26,1906.5018181818184,975.5927272727274,1461.5272727272727,33.0557337985374,54.79344832179206,957.8997606367737,10.0,8.327596664428711,,,,,5.0,7.0,10.0
2025-08-18 15:53:29,1908.3636363636365,979.3163636363637,1463.389090909091,32.9063896505686,54.93669785857269,957.8120922850648,10.0,8.324326515197754,,,,,4.0,7.0,9.0
2025-08-18 15:53:32,1908.3636363636365,981.1781818181819,1463.389090909091,33.050583996257046,55.18828786606453,957.8363448270436,10.0,8.338540077209473,,,,,4.0,6.0,8.0
2025-08-18 15:53:35,1910.2254545454546,981.1781818181819,1467.1127272727272,33.18962875998113,55.145034521518404,957.9083239514016,10.0,8.359884262084961,,,,,4.0,6.0,7.0
2025-08-18 15:53:41,1912.0872727272729,983.0400000000001,1467.1127272727272,32.9063896505686,55.20778598287214,957.8954743146212,10.0,8.343366622924805,,,,,4.0,6.0,7.0
2025-08-18 15:53:44,1910.2254545454546,981.1781818181819,1463.389090909091,33.050583996257046,55.4122861369176,957.8363448270436,10.0,8.348958969116211,,,,,4.0,5.0,5.0
2025-08-18 15:53:47,1910.2254545454546,983.0400000000001,1465.2509090909093,32.932138624135405,55.40888224165195,957.8789673683382,10.0,8.337682723999023,,,,,3.0,5.0,5.0
2025-08-18 15:53:50,1910.2254545454546,983.0400000000001,1465.2509090909093,32.99908598946058,55.43438212472862,957.8971864490841,10.0,8.343828201293945,,,,,3.0,5.0,5.0
2025-08-18 15:53:53,1910.2254545454546,983.0400000000001,1467.1127272727272,33.143280481832335,55.36188444379078,957.9214082975044,10.0,8.356531143188477,,,,,4.0,5.0,5.0
2025-08-18 15:53:59,1912.0872727272729,981.1781818181819,1463.389090909091,33.33897337215603,54.97225585773992,957.884634140897,10.0,8.382120132446289,,,,,4.0,6.0,7.0
2025-08-18 15:54:05,1912.0872727272729,981.1781818181819,1463.389090909091,33.436819974915124,54.668128513180314,957.8105480092765,10.0,8.390010833740234,,,,,4.0,5.0,6.0
2025-08-18 15:54:11,1910.2254545454546,983.0400000000001,1467.1127272727272,33.436819974915124,54.35537180579935,957.9218152137339,10.0,8.378413200378418,,,,,4.0,5.0,6.0
2025-08-18 15:54:17,1912.0872727272729,981.1781818181819,1465.2509090909093,33.529516853392124,54.17481698501889,957.8398743932728,10.0,8.39585018157959,,,,,5.0,5.0,6.0
2025-08-18 15:54:20,1912.0872727272729,981.1781818181819,1465.2509090909093,33.529516853392124,53.9032746084385,957.8955159610142,10.0,8.394146919250488,,,,,4.0,5.0,6.0
2025-08-18 15:54:23,1912.0872727272729,979.3163636363637,1461.5272727272727,33.622213826165535,53.846561980009604,957.8969997587518,10.0,8.402515411376953,,,,,4.0,5.0,5.0
2025-08-18 15:54:26,1910.2254545454546,984.9018181818182,1467.1127272727272,33.68916169847944,53.56476052403566,957.8872285070311,10.0,8.397640228271484,,,,,4.0,5.0,5.0
2025-08-18 15:54:29,1908.3636363636365,983.0400000000001,1467.1127272727272,33.68916169847944,53.3934824508848,957.8594008617131,10.0,8.387910842895508,,,,,4.0,5.0,6.0
2025-08-18 15:54:32,1910.2254545454546,981.1781818181819,1463.389090909091,33.709761053702096,53.06910060124992,957.8628114095686,10.0,8.397489547729492,,,,,4.0,5.0,6.0
2025-08-18 15:54:35,1908.3636363636365,981.1781818181819,1463.389090909091,33.73551025427878,52.96336407253588,957.8183706968625,10.0,8.39039421081543,,,,,4.0,6.0,8.0
2025-08-18 15:54:38,1910.2254545454546,983.0400000000001,1465.2509090909093,33.6582626743766,52.92614321410921,957.8681954339851,10.0,8.391843795776367,,,,,4.0,6.0,8.0
2025-08-18 15:54:41,1908.3636363636365,975.5927272727274,1459.6654545454546,33.730360413581366,53.105024231361426,957.8940499045539,10.0,8.390595436096191,,,,,4.0,6.0,9.0
2025-08-18 15:54:44,1910.2254545454546,979.3163636363637,1465.2509090909093,33.79215852115885,53.08874202452794,957.8486068109472,10.0,8.405397415161133,,,,,4.0,6.0,8.0
2025-08-18 15:54:47,1908.3636363636365,977.4545454545455,1465.2509090909093,33.730360413581366,53.05776528866722,957.8940499045539,10.0,8.390264511108398,,,,,4.0,6.0,8.0
2025-08-18 15:54:50,1908.3636363636365,975.5927272727274,1463.389090909091,33.79730836534873,53.06522896603828,957.8564155922759,10.0,8.39680004119873,,,,,4.0,6.0,8.0
2025-08-18 15:54:56,1910.2254545454546,979.3163636363637,1461.5272727272727,33.74066009526723,53.12889446472889,957.8261797110146,10.0,8.401007652282715,,,,,4.0,5.0,7.0
2025-08-18 15:55:02,1906.5018181818184,979.3163636363637,1461.5272727272727,33.90545516056591,52.64812715266261,957.8533827387485,10.0,8.395166397094727,,,,,5.0,6.0,6.0
2025-08-18 15:55:08,1910.2254545454546,981.1781818181819,1465.2509090909093,33.96725338688702,52.282988942404856,957.8913991492389,10.0,8.416986465454102,,,,,4.0,6.0,6.0
2025-08-18 15:55:14,1912.0872727272729,979.3163636363637,1463.389090909091,33.97755309534841,51.90482294583448,957.9626946171068,10.0,8.424939155578613,,,,,5.0,7.0,7.0
2025-08-18 15:55:20,1910.2254545454546,981.1781818181819,1463.389090909091,33.86940621456597,51.94988088869322,957.7987282667964,10.0,8.40687370300293,,,,,5.0,7.0,7.0
2025-08-18 15:55:23,1912.0872727272729,984.9018181818182,1465.2509090909093,34.02390179783106,51.88212488843934,957.8380741288408,10.0,8.429352760314941,,,,,5.0,7.0,7.0
2025-08-18 15:55:26,1912.0872727272729,983.0400000000001,1465.2509090909093,33.982702950015664,51.90492909105181,957.8313013879861,10.0,8.425887107849121,,,,,4.0,6.0,6.0
2025-08-18 15:55:29,1908.3636363636365,981.1781818181819,1465.2509090909093,34.03420151269529,51.72267093204779,957.8258451724581,10.0,8.411500930786133,,,,,4.0,6.0,6.0
2025-08-18 15:55:32,1910.2254545454546,979.3163636363637,1463.389090909091,34.05480094591621,51.56340649508854,957.8849148312448,10.0,8.421581268310547,,,,,5.0,6.0,6.0
2025-08-18 15:55:35,1910.2254545454546,979.3163636363637,1465.2509090909093,33.99300266022328,51.42025511407112,957.8190747938205,10.0,8.415581703186035,,,,,5.0,6.0,6.0
2025-08-18 15:55:38,1910.2254545454546,975.5927272727274,1461.5272727272727,34.0959998263279,51.374945735800196,957.8081445894153,10.0,8.425191879272461,,,,,5.0,7.0,7.0
2025-08-18 15:55:41,1910.2254545454546,977.4545454545455,1463.389090909091,34.0959998263279,51.22115005418136,957.9195250517907,10.0,8.423587799072266,,,,,5.0,6.0,6.0
2025-08-18 15:55:44,1910.2254545454546,979.3163636363637,1465.2509090909093,34.044501228723675,51.11370173894917,957.8414582867209,10.0,8.418623924255371,,,,,6.0,6.0,6.0
2025-08-18 15:55:47,1910.2254545454546,979.3163636363637,1465.2509090909093,33.95695367958979,51.08839472748411,957.9036230735675,10.0,8.410088539123535,,,,,5.0,7.0,7.0
2025-08-18 15:55:53,1910.2254545454546,983.0400000000001,1465.2509090909093,33.8797059119679,51.353003220811445,957.925687043136,10.0,8.403884887695312,,,,,5.0,7.0,7.0
2025-08-18 15:55:59,1912.0872727272729,986.7636363636365,1465.2509090909093,33.5037677110231,52.013139487814435,957.9120987288725,10.0,8.3816556930542,,,,,5.0,6.0,7.0
2025-08-18 15:56:05,1910.2254545454546,984.9018181818182,1465.2509090909093,33.534666682739044,52.474480681361094,957.8476853226767,10.0,8.378181457519531,,,,,5.0,6.0,7.0
2025-08-18 15:56:11,1910.2254545454546,986.7636363636365,1463.389090909091,33.09693222725764,53.52666058873571,957.9066799881241,10.0,8.342795372009277,,,,,4.0,6.0,7.0
2025-08-18 15:56:17,1912.0872727272729,986.7636363636365,1463.389090909091,32.72614703932777,54.81386673155428,957.8441946170391,10.0,8.324816703796387,,,,,4.0,5.0,6.0
2025-08-18 15:56:20,1912.0872727272729,986.7636363636365,1467.1127272727272,32.80339382906095,55.26378161605735,957.822514603286,10.0,8.334310531616211,,,,,4.0,5.0,5.0
2025-08-18 15:56:23,1912.0872727272729,984.9018181818182,1468.9745454545455,32.81369340597303,55.54686424844488,957.7547784582811,10.0,8.337307929992676,,,,,4.0,5.0,5.0
2025-08-18 15:56:26,1910.2254545454546,979.3163636363637,1465.2509090909093,33.0557337985374,55.40653943565703,957.8719601905811,10.0,8.349252700805664,,,,,4.0,5.0,5.0
2025-08-18 15:56:29,1910.2254545454546,975.5927272727274,1461.5272727272727,33.21537781358347,55.139859908984,957.8639739677927,10.0,8.36280632019043,,,,,3.0,4.0,4.0
2025-08-18 15:56:32,1910.2254545454546,977.4545454545455,1465.2509090909093,33.31837410075241,54.8006193008368,957.9090061854,10.0,8.37016487121582,,,,,3.0,3.0,3.0
2025-08-18 15:56:35,1910.2254545454546,975.5927272727274,1465.2509090909093,33.5192171955714,54.51689218368532,957.8520729160404,10.0,8.387665748596191,,,,,3.0,4.0,5.0
2025-08-18 15:56:38,1910.2254545454546,977.4545454545455,1463.389090909091,33.544966342306,54.08666824106323,957.8354858069974,10.0,8.387972831726074,,,,,4.0,4.0,6.0
2025-08-18 15:56:41,1910.2254545454546,979.3163636363637,1465.2509090909093,33.596464657603065,53.92267257429285,957.8579470011085,10.0,8.391587257385254,,,,,4.0,5.0,6.0
2025-08-18 15:56:44,1910.2254545454546,977.4545454545455,1465.2509090909093,33.62736366075114,53.669545241990384,957.904810370594,10.0,8.393021583557129,,,,,4.0,5.0,7.0
2025-08-18 15:56:50,1910.2254545454546,981.1781818181819,1467.1127272727272,33.72521057317499,53.506573857311786,957.886240250726,10.0,8.40097713470459,,,,,4.0,5.0,8.0
2025-08-18 15:56:56,1908.3636363636365,981.1781818181819,1463.389090909091,33.756109619978815,52.95202271634345,957.8496068737306,10.0,8.392041206359863,,,,,5.0,6.0,9.0
2025-08-18 15:57:02,1910.2254545454546,981.1781818181819,1465.2509090909093,33.771559147309745,52.52105735911147,957.8173718858648,10.0,8.400665283203125,,,,,5.0,6.0,7.0
2025-08-18 15:57:08,1910.2254545454546,983.0400000000001,1463.389090909091,33.83850712934509,52.238853305592016,957.8910524809135,10.0,8.404788970947266,,,,,5.0,6.0,8.0
2025-08-18 15:57:14,1910.2254545454546,983.0400000000001,1463.389090909091,33.89515546025359,51.956326770884914,957.8377670754602,10.0,8.40887451171875,,,,,5.0,7.0,7.0
2025-08-18 15:57:17,1912.0872727272729,988.6254545454545,1467.1127272727272,33.946653973456705,51.892361378935085,957.8880074643159,10.0,8.421697616577148,,,,,5.0,7.0,7.0
2025-08-18 15:57:20,1912.0872727272729,986.7636363636365,1461.5272727272727,34.0084522277175,51.57431415058116,957.9260194828805,10.0,8.425695419311523,,,,,5.0,7.0,7.0
2025-08-18 15:57:23,1912.0872727272729,986.7636363636365,1465.2509090909093,33.962103533092886,51.484696328395266,957.8279128053339,10.0,8.421566009521484,,,,,4.0,7.0,7.0
2025-08-18 15:57:26,1912.0872727272729,984.9018181818182,1463.389090909091,33.85910651832819,51.47084144669906,957.8666176199041,10.0,8.411978721618652,,,,,4.0,6.0,6.0
2025-08-18 15:57:29,1912.0872727272729,986.7636363636365,1465.2509090909093,33.90030531026423,51.50121514033094,957.9290850721787,10.0,8.415374755859375,,,,,4.0,6.0,6.0
2025-08-18 15:57:32,1913.949090909091,984.9018181818182,1463.389090909091,33.90030531026423,51.4420913660159,957.8455748971195,10.0,8.424925804138184,,,,,4.0,5.0,5.0
2025-08-18 15:57:35,1913.949090909091,986.7636363636365,1465.2509090909093,33.86425636630156,51.51232610129706,957.8465908235125,10.0,8.421797752380371,,,,,3.0,5.0,5.0
2025-08-18 15:57:41,1913.949090909091,988.6254545454545,1467.1127272727272,33.926054564683,51.12329263286784,957.884614304919,10.0,8.42512321472168,,,,,3.0,5.0,5.0
2025-08-18 15:57:47,1913.949090909091,990.4872727272729,1467.1127272727272,33.87455606312142,50.97449793014231,957.8622071534661,10.0,8.419625282287598,,,,,4.0,5.0,5.0
2025-08-18 15:57:53,1913.949090909091,992.3490909090909,1467.1127272727272,33.88485576110543,50.903732460753496,957.8221514920615,10.0,8.420289039611816,,,,,5.0,6.0,6.0
2025-08-18 15:57:59,1913.949090909091,990.4872727272729,1465.2509090909093,33.91060501115862,50.67357341243634,957.8611906003455,10.0,8.421420097351074,,,,,4.0,5.0,5.0
2025-08-18 15:58:05,1913.949090909091,990.4872727272729,1465.2509090909093,33.95695367958979,50.556112761355536,957.8201056505974,10.0,8.42531967163086,,,,,4.0,6.0,6.0
2025-08-18 15:58:11,1913.949090909091,992.3490909090909,1465.2509090909093,33.91060501115862,50.555293314355,957.833353460443,10.0,8.420827865600586,,,,,4.0,5.0,5.0
2025-08-18 15:58:17,1913.949090909091,992.3490909090909,1467.1127272727272,33.982702950015664,50.66303670481131,957.8313013879861,10.0,8.42800235748291,,,,,4.0,4.0,4.0
2025-08-18 15:58:20,1913.949090909091,992.3490909090909,1467.1127272727272,33.97755309534841,50.66294455206647,957.879174417417,10.0,8.427247047424316,,,,,3.0,4.0,4.0
2025-08-18 15:58:23,1913.949090909091,990.4872727272729,1467.1127272727272,33.91575486204238,50.76237420653121,957.8689984819077,10.0,8.422296524047852,,,,,3.0,4.0,4.0
2025-08-18 15:58:26,1913.949090909091,990.4872727272729,1467.1127272727272,33.89000561053399,50.88608779315894,957.8299592737734,10.0,8.420784950256348,,,,,4.0,5.0,6.0
2025-08-18 15:58:29,1913.949090909091,990.4872727272729,1467.1127272727272,33.90545516056591,50.97507316968858,957.7977089313006,10.0,8.422849655151367,,,,,4.0,4.0,6.0
2025-08-18 15:58:32,1917.6727272727273,992.3490909090909,1467.1127272727272,33.936354268487776,50.81597410883748,957.8445536811145,10.0,8.442818641662598,,,,,4.0,5.0,6.0
2025-08-18 15:58:35,1915.8109090909093,990.4872727272729,1465.2509090909093,34.0084522277175,50.769969037584595,957.8703367263199,10.0,8.440021514892578,,,,,4.0,6.0,7.0
2025-08-18 15:58:38,1915.8109090909093,992.3490909090909,1467.1127272727272,34.029051655117655,50.55147007958167,957.8737230995972,10.0,8.440633773803711,,,,,4.0,5.0,6.0
2025-08-18 15:58:41,1912.0872727272729,990.4872727272729,1463.389090909091,34.0187519408355,50.56311950543911,957.8581091983626,10.0,8.421615600585938,,,,,4.0,5.0,6.0
2025-08-18 15:58:44,1913.949090909091,990.4872727272729,1465.2509090909093,34.0187519408355,50.43889178477692,957.8302674147844,10.0,8.430343627929688,,,,,4.0,5.0,6.0
2025-08-18 15:58:50,1917.6727272727273,992.3490909090909,1467.1127272727272,33.97755309534841,50.290292389974375,957.8234943801032,10.0,8.444073677062988,,,,,4.0,5.0,5.0
2025-08-18 15:58:53,1913.949090909091,994.2109090909092,1467.1127272727272,33.87455606312142,50.59013702724003,957.8622071534661,10.0,8.417362213134766,,,,,4.0,5.0,5.0
2025-08-18 15:58:56,1915.8109090909093,990.4872727272729,1467.1127272727272,33.84365697615431,50.589587394246905,957.8431926550667,10.0,8.424139022827148,,,,,4.0,5.0,5.0
2025-08-18 15:59:02,1915.8109090909093,988.6254545454545,1467.1127272727272,33.962103533092886,50.53845938724507,957.8279128053339,10.0,8.435005187988281,,,,,5.0,6.0,6.0
2025-08-18 15:59:08,1915.8109090909093,990.4872727272729,1465.2509090909093,34.0187519408355,50.25549969687723,957.7745839051227,10.0,8.438933372497559,,,,,4.0,6.0,6.0
2025-08-18 15:59:14,1912.0872727272729,990.4872727272729,1468.9745454545455,34.01360208413098,50.65175886377108,957.7946191828335,10.0,8.42197322845459,,,,,4.0,6.0,6.0
2025-08-18 15:59:20,1915.8109090909093,988.6254545454545,1465.2509090909093,34.0187519408355,50.462554558296794,957.8302674147844,10.0,8.439815521240234,,,,,4.0,5.0,5.0
2025-08-18 15:59:23,1917.6727272727273,992.3490909090909,1468.9745454545455,34.0084522277175,50.35589354546368,957.8146540464169,10.0,8.447294235229492,,,,,4.0,5.0,5.0
2025-08-18 15:59:26,1913.949090909091,990.4872727272729,1467.1127272727272,34.029051655117655,50.55738572585788,957.8458808628088,10.0,8.431796073913574,,,,,4.0,5.0,5.0
2025-08-18 15:59:29,1912.0872727272729,990.4872727272729,1468.9745454545455,34.03420151269529,50.71719692313007,957.7980027473957,10.0,8.424174308776855,,,,,4.0,5.0,5.0
2025-08-18 15:59:32,1913.949090909091,990.4872727272729,1468.9745454545455,34.11144941128441,50.470086186804686,957.7758708115502,10.0,8.43934154510498,,,,,4.0,5.0,5.0
2025-08-18 15:59:35,1915.8109090909093,990.4872727272729,1468.9745454545455,34.1062995493412,50.31023925858381,957.7959108472918,10.0,8.447123527526855,,,,,4.0,5.0,5.0
2025-08-18 15:59:41,1915.8109090909093,990.4872727272729,1468.9745454545455,34.08570010447875,50.32172120858257,957.9039115396714,10.0,8.444650650024414,,,,,4.0,5.0,5.0
2025-08-18 15:59:47,1913.949090909091,992.3490909090909,1468.9745454545455,33.99815251576365,50.432618090094195,957.9104043813538,10.0,8.427783966064453,,,,,4.0,6.0,6.0
2025-08-18 15:59:53,1913.949090909091,990.4872727272729,1468.9745454545455,34.13204886196763,50.38168672010472,957.7792462585344,10.0,8.440764427185059,,,,,4.0,5.0,5.0
2025-08-18 15:59:59,1913.949090909091,988.6254545454545,1467.1127272727272,34.137198725366034,50.4942031469658,957.8427453007974,10.0,8.4415864944458,,,,,4.0,5.0,5.0
2025-08-18 16:00:05,1913.949090909091,988.6254545454545,1468.9745454545455,34.137198725366034,50.316683871731634,957.8705921813412,10.0,8.440524101257324,,,,,4.0,5.0,6.0
2025-08-18 16:00:11,1913.949090909091,992.3490909090909,1468.9745454545455,34.20929684350267,50.16403148586337,957.8684784273237,10.0,8.446066856384277,,,,,3.0,5.0,5.0
2025-08-18 16:00:17,1915.8109090909093,988.6254545454545,1470.8363636363638,34.296844635071466,49.828046748994154,957.8897578859907,10.0,8.461784362792969,,,,,3.0,4.0,5.0
2025-08-18 16:00:23,1912.0872727272729,984.9018181818182,1467.1127272727272,34.17839764303062,50.08065851767189,957.8216463855272,10.0,8.434534072875977,,,,,4.0,5.0,5.0
2025-08-18 16:00:29,1915.8109090909093,988.6254545454545,1468.9745454545455,34.25564566385583,49.969463734297584,957.8273198792872,10.0,8.459084510803223,,,,,4.0,5.0,5.0
2025-08-18 16:00:32,1913.949090909091,988.6254545454545,1467.1127272727272,34.121749136043945,49.78974281062856,957.9028666443041,10.0,8.436245918273926,,,,,4.0,5.0,5.0
2025-08-18 16:00:38,1913.949090909091,988.6254545454545,1468.9745454545455,34.0959998263279,49.966863540836044,957.863834782264,10.0,8.435011863708496,,,,,4.0,5.0,5.0
2025-08-18 16:00:41,1915.8109090909093,988.6254545454545,1467.1127272727272,34.02390179783106,50.03076790935587,957.8659161390239,10.0,8.437886238098145,,,,,4.0,6.0,6.0
2025-08-18 16:00:44,1913.949090909091,990.4872727272729,1467.1127272727272,33.90030531026423,50.32445824936529,957.8177382104157,10.0,8.418966293334961,,,,,4.0,6.0,6.0
2025-08-18 16:00:50,1913.949090909091,988.6254545454545,1467.1127272727272,33.8797059119679,50.6907590912591,957.7865079500153,10.0,8.419272422790527,,,,,4.0,6.0,6.0
2025-08-18 16:00:56,1915.8109090909093,988.6254545454545,1467.1127272727272,33.90545516056591,50.779928340095545,957.8812196712097,10.0,8.430712699890137,,,,,4.0,5.0,5.0
2025-08-18 16:01:02,1913.949090909091,988.6254545454545,1465.2509090909093,33.97755309534841,50.76940908381974,957.8234943801032,10.0,8.428433418273926,,,,,4.0,5.0,5.0
2025-08-18 16:01:08,1913.949090909091,990.4872727272729,1470.8363636363638,33.78185883365222,51.05553282368957,957.8886525456506,10.0,8.411355972290039,,,,,4.0,5.0,5.0
2025-08-18 16:01:14,1915.8109090909093,986.7636363636365,1465.2509090909093,33.78185883365222,51.291987226287794,957.8329893083549,10.0,8.422390937805176,,,,,4.0,5.0,5.0
2025-08-18 16:01:20,1913.949090909091,984.9018181818182,1465.2509090909093,33.946653973456705,51.23603866006923,957.8044914009558,10.0,8.428377151489258,,,,,4.0,5.0,5.0
2025-08-18 16:01:23,1915.8109090909093,988.6254545454545,1470.8363636363638,33.946653973456705,51.14142311193028,957.8601687573686,10.0,8.436442375183105,,,,,4.0,5.0,5.0
2025-08-18 16:01:26,1915.8109090909093,988.6254545454545,1468.9745454545455,33.87455606312142,50.80301921336539,957.8343715614402,10.0,8.428266525268555,,,,,3.0,4.0,4.0
2025-08-18 16:01:29,1912.0872727272729,986.7636363636365,1468.9745454545455,33.97755309534841,51.0178133364511,957.8234943801032,10.0,8.420660972595215,,,,,3.0,4.0,4.0
2025-08-18 16:01:32,1913.949090909091,981.1781818181819,1467.1127272727272,33.95695367958979,51.02334252117225,957.764427464424,10.0,8.428811073303223,,,,,3.0,4.0,4.0
2025-08-18 16:01:35,1913.949090909091,984.9018181818182,1467.1127272727272,34.0908499652578,51.03175744214432,957.8560284694815,10.0,8.440281867980957,,,,,3.0,4.0,4.0
2025-08-18 16:01:41,1913.949090909091,986.7636363636365,1468.9745454545455,33.823057590663666,50.74295301203258,957.8119596485803,10.0,8.414340019226074,,,,,2.0,4.0,4.0
2025-08-18 16:01:47,1912.0872727272729,983.0400000000001,1467.1127272727272,33.85395667064586,51.11601469254715,957.8309745735065,10.0,8.410080909729004,,,,,2.0,3.0,3.0
2025-08-18 16:01:53,1912.0872727272729,986.7636363636365,1468.9745454545455,33.78185883365222,51.17967343974182,957.7773261476627,10.0,8.40378189086914,,,,,3.0,4.0,4.0
2025-08-18 16:01:59,1913.949090909091,984.9018181818182,1467.1127272727272,33.69946137550869,51.48541799167751,957.8193642222207,10.0,8.406854629516602,,,,,3.0,5.0,5.0
2025-08-18 16:02:05,1913.949090909091,986.7636363636365,1470.8363636363638,33.82820743659977,51.68894844688673,957.8754350712838,10.0,8.419215202331543,,,,,4.0,5.0,5.0
2025-08-18 16:02:11,1908.3636363636365,983.0400000000001,1465.2509090909093,33.91060501115862,51.76746891094804,957.8611906003455,10.0,8.400012016296387,,,,,4.0,6.0,6.0
2025-08-18 16:02:17,1910.2254545454546,983.0400000000001,1468.9745454545455,33.84365697615431,51.80157273653316,957.8431926550667,10.0,8.403338432312012,,,,,4.0,5.0,5.0
2025-08-18 16:02:23,1912.0872727272729,983.0400000000001,1468.9745454545455,33.89515546025359,51.99770677941388,957.8099306153549,10.0,8.418439865112305,,,,,4.0,5.0,5.0
2025-08-18 16:02:29,1912.0872727272729,979.3163636363637,1465.2509090909093,34.0908499652578,51.29203456235674,957.8560284694815,10.0,8.432881355285645,,,,,4.0,6.0,6.0
2025-08-18 16:02:35,1912.0872727272729,973.7309090909091,1463.389090909091,34.17839764303062,50.97422079911051,957.8773436765327,10.0,8.439659118652344,,,,,4.0,6.0,6.0
2025-08-18 16:02:38,1910.2254545454546,973.7309090909091,1468.9745454545455,34.198997108847834,50.643226709435105,957.8528676674005,10.0,8.430839538574219,,,,,4.0,6.0,6.0
2025-08-18 16:02:44,1904.64,966.2836363636363,1467.1127272727272,34.26079553423915,50.662078528794225,957.8351245608405,10.0,8.409347534179688,,,,,4.0,6.0,6.0
2025-08-18 16:02:50,1902.7781818181818,964.4218181818183,1467.1127272727272,34.13204886196763,50.45861053747536,957.8906328359251,10.0,8.386857986450195,,,,,5.0,6.0,7.0
2025-08-18 16:02:56,1902.7781818181818,966.2836363636363,1465.2509090909093,33.91575486204238,50.67957980159883,957.8411611154054,10.0,8.368598937988281,,,,,5.0,6.0,7.0
2025-08-18 16:03:02,1902.7781818181818,964.4218181818183,1465.2509090909093,33.94150412082672,51.39559592310611,957.8523612092663,10.0,8.374283790588379,,,,,5.0,6.0,7.0
2025-08-18 16:03:08,1902.7781818181818,973.7309090909091,1461.5272727272727,33.441969799023354,52.437005802042414,957.8183594820324,10.0,8.333531379699707,,,,,5.0,6.0,7.0
2025-08-18 16:03:14,1906.5018181818184,977.4545454545455,1463.389090909091,33.349273009604076,53.3912036067799,957.7890078604231,10.0,8.348328590393066,,,,,4.0,6.0,6.0
2025-08-18 16:03:20,1904.64,975.5927272727274,1465.2509090909093,33.46771892393008,54.9345030886499,957.857417148541,10.0,8.357074737548828,,,,,4.0,5.0,7.0
2025-08-18 16:03:23,1904.64,973.7309090909091,1463.389090909091,33.436819974915124,55.25225706449611,957.838364781695,10.0,8.356066703796387,,,,,4.0,6.0,7.0
2025-08-18 16:03:26,1906.5018181818184,973.7309090909091,1463.389090909091,33.308074466796825,55.9976032742826,957.8933796990168,10.0,8.356910705566406,,,,,4.0,6.0,8.0
2025-08-18 16:03:32,1906.5018181818184,971.869090909091,1465.2509090909093,33.266875942616025,56.609529775132465,957.8864935563236,10.0,8.35634708404541,,,,,4.0,6.0,8.0
2025-08-18 16:03:38,1900.916363636364,962.5600000000001,1463.389090909091,33.67886202261434,55.1587159012291,957.8437814419271,10.0,8.359040260314941,,,,,5.0,6.0,8.0
2025-08-18 16:03:41,1899.0545454545456,953.2509090909092,1463.389090909091,33.90545516056591,54.45031783998275,957.8255458254455,10.0,8.366728782653809,,,,,5.0,6.0,8.0
2025-08-18 16:03:47,1895.330909090909,942.08,1461.5272727272727,34.0959998263279,53.119446886907525,957.7524544732448,10.0,8.359021186828613,,,,,5.0,6.0,6.0
2025-08-18 16:03:53,1889.7454545454545,934.6327272727274,1461.5272727272727,34.17839764303062,52.186958682948394,957.8494950214425,10.0,8.33283519744873,,,,,4.0,5.0,5.0
2025-08-18 16:03:59,1886.0218181818184,932.7709090909091,1457.8036363636365,34.30199450778309,51.46178093475052,957.8697087470848,10.0,8.321366310119629,,,,,4.0,5.0,5.0
2025-08-18 16:04:05,1886.0218181818184,936.4945454545455,1455.9418181818182,34.32259400153998,50.85258695949158,957.8452176849635,10.0,8.3204345703125,,,,,4.0,5.0,5.0
2025-08-18 16:04:11,1886.0218181818184,943.9418181818181,1455.9418181818182,34.3277438757068,50.66326712303365,957.769456838398,10.0,8.320483207702637,,,,,5.0,6.0,6.0
2025-08-18 16:04:14,1889.7454545454545,949.5272727272728,1459.6654545454546,34.32259400153998,50.432316561339135,957.817362857239,10.0,8.3377046585083,,,,,5.0,6.0,6.0
2025-08-18 16:04:17,1889.7454545454545,951.3890909090909,1461.5272727272727,34.32259400153998,50.43823622404918,957.8452176849635,10.0,8.337571144104004,,,,,5.0,6.0,6.0
2025-08-18 16:04:23,1889.7454545454545,951.3890909090909,1455.9418181818182,34.30714438078576,50.12422391264116,957.8496591939048,10.0,8.334675788879395,,,,,4.0,6.0,6.0
2025-08-18 16:04:29,1891.6072727272729,955.1127272727273,1455.9418181818182,34.42559154017363,50.061046267642155,957.8620100077576,10.0,8.35456371307373,,,,,4.0,6.0,6.0
2025-08-18 16:04:35,1893.4690909090912,958.8363636363637,1459.6654545454546,34.502839770546416,49.70693267453831,957.8397517620788,10.0,8.36958122253418,,,,,4.0,6.0,6.0
2025-08-18 16:04:41,1893.4690909090912,956.9745454545455,1455.9418181818182,34.34834337528446,49.75781305641348,957.8285272747452,10.0,8.355905532836914,,,,,4.0,5.0,5.0
2025-08-18 16:04:44,1893.4690909090912,960.6981818181819,1455.9418181818182,34.32259400153998,50.1363202631882,957.7895080486975,10.0,8.355657577514648,,,,,4.0,6.0,6.0
2025-08-18 16:04:50,1895.330909090909,960.6981818181819,1455.9418181818182,34.358643126819516,50.21980616382139,957.8719914983736,10.0,8.368270874023438,,,,,5.0,5.0,5.0
2025-08-18 16:04:53,1897.1927272727273,964.4218181818183,1455.9418181818182,34.271095275878906,50.35448042176614,957.8228813642553,10.0,8.37086296081543,,,,,4.0,5.0,5.0
2025-08-18 16:04:56,1895.330909090909,960.6981818181819,1454.0800000000002,34.37409275630489,50.17269902295069,957.8675469947669,10.0,8.369477272033691,,,,,4.0,5.0,5.0
2025-08-18 16:05:02,1897.1927272727273,960.6981818181819,1452.2181818181818,34.49254000271321,49.78377219520918,957.7962843404443,10.0,8.388335227966309,,,,,4.0,5.0,5.0
2025-08-18 16:05:08,1900.916363636364,964.4218181818183,1454.0800000000002,34.51828942447901,49.707173206280814,957.8352966230352,10.0,8.409101486206055,,,,,4.0,5.0,5.0
2025-08-18 16:05:14,1899.0545454545456,966.2836363636363,1455.9418181818182,34.636736858316,49.389048666658994,957.8475490978572,10.0,8.408758163452148,,,,,4.0,5.0,5.0
2025-08-18 16:05:20,1899.0545454545456,966.2836363636363,1452.2181818181818,34.67793600182631,49.0518544350077,957.8263521503109,10.0,8.411038398742676,,,,,4.0,5.0,5.0
2025-08-18 16:05:26,1899.0545454545456,968.1454545454546,1454.0800000000002,34.67793600182631,48.91553789089446,957.8820923701849,10.0,8.41005802154541,,,,,4.0,5.0,5.0
2025-08-18 16:05:32,1904.64,975.5927272727274,1459.6654545454546,34.641886750236154,48.731316240368876,957.8274821532867,10.0,8.434280395507812,,,,,5.0,5.0,5.0
2025-08-18 16:05:35,1904.64,973.7309090909091,1454.0800000000002,34.662486320827156,48.78493472536539,957.8308184342092,10.0,8.436531066894531,,,,,5.0,6.0,6.0
2025-08-18 16:05:38,1904.64,973.7309090909091,1455.9418181818182,34.63158696668688,48.81415044698066,957.8954837654175,10.0,8.433491706848145,,,,,5.0,6.0,6.0
2025-08-18 16:05:44,1906.5018181818184,975.5927272727274,1454.0800000000002,34.63158696668688,48.7785912586874,957.8118794107235,10.0,8.442849159240723,,,,,5.0,6.0,6.0
2025-08-18 16:05:47,1904.64,977.4545454545455,1457.8036363636365,34.662486320827156,48.77900776774564,957.8029490137794,10.0,8.43639087677002,,,,,5.0,5.0,5.0
2025-08-18 16:05:53,1906.5018181818184,975.5927272727274,1455.9418181818182,34.641886750236154,48.8379965797586,957.855350705584,10.0,8.44383716583252,,,,,4.0,6.0,6.0
2025-08-18 16:05:59,1906.5018181818184,981.1781818181819,1457.8036363636365,34.56463840199285,48.68880090817164,957.8497894544599,10.0,8.435550689697266,,,,,3.0,5.0,5.0
2025-08-18 16:06:05,1906.5018181818184,975.5927272727274,1455.9418181818182,34.55433862717473,48.8842067231958,957.8899146451146,10.0,8.435826301574707,,,,,3.0,5.0,5.0
2025-08-18 16:06:11,1906.5018181818184,979.3163636363637,1455.9418181818182,34.502839770546416,48.87164861916969,957.867614348926,10.0,8.4308500289917,,,,,3.0,5.0,5.0
2025-08-18 16:06:17,1906.5018181818184,973.7309090909091,1454.0800000000002,34.59553773343214,49.21660759200149,957.8130034744808,10.0,8.44190502166748,,,,,4.0,5.0,5.0
2025-08-18 16:06:23,1904.64,971.869090909091,1454.0800000000002,34.739734752016375,49.129779207951515,957.8363481154196,10.0,8.445240020751953,,,,,4.0,6.0,6.0
2025-08-18 16:06:29,1908.3636363636365,975.5927272727274,1457.8036363636365,34.70883537168265,48.87447149571339,957.8452875116593,10.0,8.459415435791016,,,,,4.0,6.0,6.0
2025-08-18 16:06:35,1904.64,973.7309090909091,1454.0800000000002,34.73458485456649,49.07636004068286,957.8285474951293,10.0,8.444493293762207,,,,,4.0,5.0,5.0
2025-08-18 16:06:41,1906.5018181818184,973.7309090909091,1457.8036363636365,34.68308589607477,49.277136042321445,957.8341532350315,10.0,8.450119018554688,,,,,4.0,5.0,5.0
2025-08-18 16:06:47,1902.7781818181818,973.7309090909091,1457.8036363636365,34.73458485456649,48.92817231046226,957.8285474951293,10.0,8.434383392333984,,,,,4.0,5.0,5.0
2025-08-18 16:06:53,1906.5018181818184,971.869090909091,1459.6654545454546,34.9199813461164,48.474074052676194,957.830576248786,10.0,8.467757225036621,,,,,4.0,5.0,5.0
2025-08-18 16:06:59,1904.64,970.0072727272727,1454.0800000000002,35.04357921669725,48.07814332163001,957.8504437406607,10.0,8.467564582824707,,,,,5.0,6.0,6.0
2025-08-18 16:07:02,1900.916363636364,971.869090909091,1457.8036363636365,35.02297955995891,47.87024398129221,957.8192512784268,10.0,8.446033477783203,,,,,4.0,5.0,5.0
2025-08-18 16:07:08,1904.64,973.7309090909091,1459.6654545454546,35.06932879416854,47.68088086868182,957.8057739902599,10.0,8.468090057373047,,,,,4.0,5.0,5.0
2025-08-18 16:07:14,1904.64,971.869090909091,1455.9418181818182,35.16202733331011,47.36136455794929,957.8624605907819,10.0,8.474641799926758,,,,,4.0,5.0,5.0
2025-08-18 16:07:20,1906.5018181818184,970.0072727272727,1455.9418181818182,35.079628627194325,47.918356590218735,957.8492565281563,10.0,8.479437828063965,,,,,4.0,5.0,5.0
2025-08-18 16:07:26,1906.5018181818184,970.0072727272727,1454.0800000000002,35.06932879416854,48.03097835238359,957.8336608928262,10.0,8.479146003723145,,,,,4.0,5.0,5.0
2025-08-18 16:07:32,1904.64,968.1454545454546,1452.2181818181818,35.09507837891579,47.7701775930609,957.8168740743096,10.0,8.470979690551758,,,,,4.0,7.0,8.0
2025-08-18 16:07:38,1904.64,970.0072727272727,1454.0800000000002,34.904531624080846,47.65535135269142,957.8071791946769,10.0,8.45317554473877,,,,,4.0,6.0,7.0
2025-08-18 16:07:41,1904.64,970.0072727272727,1455.9418181818182,34.92513125404366,47.77422064053934,957.782613904719,10.0,8.455767631530762,,,,,4.0,6.0,7.0
2025-08-18 16:07:47,1906.5018181818184,971.869090909091,1457.8036363636365,34.98178026045207,47.59686190247103,957.868399831295,10.0,8.468839645385742,,,,,4.0,6.0,8.0
2025-08-18 16:07:53,1906.5018181818184,977.4545454545455,1457.8036363636365,34.88393199877464,47.37038822332283,957.8317412471191,10.0,8.458629608154297,,,,,4.0,6.0,8.0
2025-08-18 16:07:59,1906.5018181818184,977.4545454545455,1454.0800000000002,34.92513125404366,47.459803433826075,957.8383753058048,10.0,8.462820053100586,,,,,4.0,6.0,8.0
2025-08-18 16:08:05,1906.5018181818184,977.4545454545455,1457.8036363636365,34.97148043848574,47.31195342496628,957.797036810998,10.0,8.466574668884277,,,,,4.0,6.0,7.0
2025-08-18 16:08:11,1906.5018181818184,979.3163636363637,1455.9418181818182,34.79123374252231,47.5177059603364,957.8028554715884,10.0,8.450874328613281,,,,,5.0,7.0,8.0
2025-08-18 16:08:17,1906.5018181818184,977.4545454545455,1454.0800000000002,34.86333237812505,47.39983601200593,957.800543946877,10.0,8.457069396972656,,,,,4.0,6.0,7.0
2025-08-18 16:08:23,1910.2254545454546,979.3163636363637,1459.6654545454546,34.84273276213207,47.38775884161499,957.8251012610771,10.0,8.473185539245605,,,,,4.0,6.0,6.0
2025-08-18 16:08:29,1910.2254545454546,979.3163636363637,1457.8036363636365,34.91483143848018,47.29358031103509,957.8506574873345,10.0,8.479177474975586,,,,,5.0,6.0,6.0
2025-08-18 16:08:35,1908.3636363636365,977.4545454545455,1455.9418181818182,34.976630349323386,47.28827111570673,957.8327180751553,10.0,8.47590446472168,,,,,5.0,6.0,6.0
2025-08-18 16:08:41,1912.0872727272729,981.1781818181819,1459.6654545454546,34.70883537168265,47.86666441930674,957.8731589526079,10.0,8.47205924987793,,,,,4.0,5.0,5.0
2025-08-18 16:08:47,1910.2254545454546,977.4545454545455,1457.8036363636365,34.79638364317361,47.926968418841874,957.8385305790673,10.0,8.471735954284668,,,,,5.0,6.0,6.0
2025-08-18 16:08:53,1906.5018181818184,977.4545454545455,1455.9418181818182,34.75518444611225,47.78417745984386,957.8040032667949,10.0,8.449063301086426,,,,,4.0,5.0,5.0
2025-08-18 16:08:56,1908.3636363636365,979.3163636363637,1459.6654545454546,34.85818247369025,47.536213781378336,957.8485003326476,10.0,8.466023445129395,,,,,5.0,6.0,6.0
2025-08-18 16:09:02,1908.3636363636365,975.5927272727274,1459.6654545454546,34.9354310707713,47.25225669209658,957.7982111706275,10.0,8.47230339050293,,,,,5.0,6.0,6.0
2025-08-18 16:09:08,1906.5018181818184,975.5927272727274,1457.8036363636365,35.01782964650192,46.90887748831105,957.8114532114643,10.0,8.468864440917969,,,,,4.0,6.0,6.0
2025-08-18 16:09:14,1908.3636363636365,979.3163636363637,1457.8036363636365,34.95603070771904,46.45728940484336,957.7736418922339,10.0,8.47000789642334,,,,,4.0,6.0,6.0
2025-08-18 16:09:20,1910.2254545454546,981.1781818181819,1459.6654545454546,34.889081904664636,46.421130834269476,957.8395406209519,10.0,8.472308158874512,,,,,4.0,7.0,7.0
2025-08-18 16:09:26,1908.3636363636365,979.3163636363637,1457.8036363636365,34.87363218786777,46.26672102812217,957.8161425579758,10.0,8.46122932434082,,,,,4.0,6.0,6.0
2025-08-18 16:09:32,1908.3636363636365,979.3163636363637,1459.6654545454546,34.88393199877464,46.2846048789861,957.8038623116977,10.0,8.46233081817627,,,,,4.0,6.0,8.0
2025-08-18 16:09:38,1910.2254545454546,981.1781818181819,1461.5272727272727,34.79638364317361,46.58054931251098,957.8385305790673,10.0,8.464620590209961,,,,,4.0,5.0,7.0
2025-08-18 16:21:44,1908.3636363636365,979.3163636363637,1461.5272727272727,34.605837512906874,47.66985837078259,957.5778046743169,10.0,8.445152282714844,,,,,5.0,7.0,9.0
2025-08-18 16:21:50,1910.2254545454546,983.0400000000001,1463.389090909091,34.621287184301764,47.930867306835786,957.6012037639293,10.0,8.456625938415527,,,,,4.0,7.0,8.0
2025-08-18 16:21:56,1912.0872727272729,984.9018181818182,1463.389090909091,34.59038784413133,47.989782100735404,957.5822719129997,10.0,8.463223457336426,,,,,4.0,5.0,7.0
2025-08-18 16:22:02,1910.2254545454546,986.7636363636365,1463.389090909091,34.56978828983847,47.793938258410414,957.578937995219,10.0,8.451014518737793,,,,,4.0,5.0,5.0
2025-08-18 16:22:08,1912.0872727272729,981.1781818181819,1461.5272727272727,34.57493817797513,47.86512653524464,957.5867379878878,10.0,8.461463928222656,,,,,4.0,4.0,5.0
2025-08-18 16:22:14,1910.2254545454546,983.0400000000001,1463.389090909091,34.61613729354576,48.01379612689566,957.5655367822314,10.0,8.456779479980469,,,,,4.0,5.0,8.0
2025-08-18 16:22:20,1912.0872727272729,984.9018181818182,1465.2509090909093,34.626437075348804,48.031701291053906,957.6090034997251,10.0,8.46658992767334,,,,,4.0,5.0,8.0
2025-08-18 16:22:26,1910.2254545454546,981.1781818181819,1463.389090909091,34.621287184301764,48.037567960835766,957.5733362717698,10.0,8.457488059997559,,,,,4.0,5.0,8.0
2025-08-18 16:22:32,1910.2254545454546,979.3163636363637,1461.5272727272727,34.739734752016375,47.96188986331003,957.5854941185006,10.0,8.468061447143555,,,,,4.0,6.0,7.0
2025-08-18 16:22:38,1912.0872727272729,979.3163636363637,1465.2509090909093,34.636736858316,48.38748066546856,957.6246030301908,10.0,8.469709396362305,,,,,4.0,7.0,7.0
2025-08-18 16:22:44,1910.2254545454546,973.7309090909091,1459.6654545454546,34.68308589607477,48.364353812064735,957.6111913106189,10.0,8.465214729309082,,,,,4.0,6.0,6.0
2025-08-18 16:22:50,1910.2254545454546,973.7309090909091,1461.5272727272727,34.84273276213207,48.247750920720954,957.6020845134526,10.0,8.479339599609375,,,,,4.0,6.0,6.0
2025-08-18 16:22:56,1910.2254545454546,977.4545454545455,1465.2509090909093,34.82213315079571,48.19412874160711,957.654521693819,10.0,8.47654914855957,,,,,3.0,5.0,5.0
2025-08-18 16:23:02,1910.2254545454546,979.3163636363637,1463.389090909091,34.86333237812505,47.78539262300478,957.6611539948017,10.0,8.478062629699707,,,,,4.0,5.0,5.0
2025-08-18 16:23:08,1908.3636363636365,979.3163636363637,1465.2509090909093,34.63158696668688,47.889490601029145,957.6168032551465,10.0,8.448396682739258,,,,,4.0,5.0,5.0
2025-08-18 16:23:14,1910.2254545454546,983.0400000000001,1465.2509090909093,34.63158696668688,48.1325345469006,957.6168032551465,10.0,8.458490371704102,,,,,4.0,6.0,6.0
2025-08-18 16:23:20,1908.3636363636365,977.4545454545455,1461.5272727272727,34.703685475979,48.09783201692688,957.614517532498,10.0,8.456236839294434,,,,,4.0,5.0,5.0
2025-08-18 16:23:23,1908.3636363636365,975.5927272727274,1461.5272727272727,34.78608384216204,48.14032464945296,957.6835568532016,10.0,8.463765144348145,,,,,4.0,5.0,6.0
2025-08-18 16:23:29,1908.3636363636365,968.1454545454546,1461.5272727272727,34.67793600182631,48.29908175564949,957.5755221114738,10.0,8.455912590026855,,,,,4.0,5.0,6.0
2025-08-18 16:23:35,1906.5018181818184,970.0072727272727,1461.5272727272727,34.79123374252231,48.19968352958207,957.6077313460395,10.0,8.456145286560059,,,,,4.0,5.0,5.0
2025-08-18 17:12:05,1725.9054545454546,860.16,1247.4181818181817,30.104944786668057,80.83363504928349,956.8009183426045,10.0,8.062969207763672,,,,,4.0,7.0,7.0
2025-08-18 17:12:14,1731.490909090909,869.4690909090909,1256.7272727272727,30.068897344172,80.37719345672475,956.8291164475916,10.0,8.045031547546387,,,,,4.0,6.0,7.0
2025-08-18 17:12:23,1733.3527272727274,865.7454545454545,1251.1418181818183,30.104944786668057,80.48488617715836,956.8285913590003,10.0,8.063752174377441,,,,,6.0,7.0,9.0
2025-08-18 17:12:32,1735.2145454545455,862.0218181818183,1258.589090909091,30.094645515928278,80.23405581554258,956.7852564490946,10.0,8.078243255615234,,,,,5.0,7.0,8.0
2025-08-18 17:12:38,1731.490909090909,860.16,1249.28,30.125543331640074,79.41686755167159,956.8875902531512,10.0,8.069550514221191,,,,,5.0,7.0,7.0
2025-08-18 17:12:44,1737.0763636363638,871.3309090909091,1249.28,30.04829881200567,78.26493077614067,956.8254612226086,10.0,8.040301322937012,,,,,6.0,8.0,9.0
2025-08-18 17:12:50,1740.8000000000002,875.0545454545454,1256.7272727272727,30.01740102248732,79.21606010186176,956.7784718050436,10.0,8.043789863586426,,,,,5.0,6.0,7.0
2025-08-18 17:12:56,1738.9381818181819,862.0218181818183,1253.0036363636366,30.125543331640074,80.4633874973236,956.7492207381304,10.0,8.091508865356445,,,,,4.0,5.0,7.0
2025-08-18 17:13:02,1737.0763636363638,834.0945454545456,1249.28,30.084346246352652,82.63888124951734,956.7972667533705,10.0,8.181815147399902,,,,,4.0,5.0,6.0
2025-08-18 17:13:08,1733.3527272727274,841.5418181818183,1251.1418181818183,30.11524405857199,82.53709098611974,956.7612334414957,10.0,8.150544166564941,,,,,4.0,6.0,7.0
2025-08-18 17:13:14,1729.629090909091,819.2,1245.5563636363638,30.079196612001397,84.06124560777029,956.7894356562994,10.0,8.215365409851074,,,,,4.0,5.0,5.0
2025-08-18 17:13:20,1733.3527272727274,839.6800000000001,1247.4181818181817,30.001952131657163,82.19586883702489,956.7549773900944,10.0,8.148387908935547,,,,,4.0,5.0,5.0
2025-08-18 17:13:26,1733.3527272727274,850.8509090909091,1251.1418181818183,29.94015659452998,81.27843946242835,956.7716651960245,10.0,8.10576057434082,,,,,4.0,6.0,6.0
2025-08-18 17:13:32,1735.2145454545455,862.0218181818183,1249.28,29.857762610219652,80.4405911091603,956.812328753953,10.0,8.067398071289062,,,,,4.0,5.0,5.0
2025-08-18 17:13:38,1738.9381818181819,871.3309090909091,1253.0036363636366,29.780518317595124,80.45724458237268,956.805471023206,10.0,8.045594215393066,,,,,3.0,5.0,6.0
2025-08-18 17:13:41,1740.8000000000002,869.4690909090909,1253.0036363636366,29.759919850621372,80.73427964625996,956.7464783485307,10.0,8.057354927062988,,,,,3.0,5.0,6.0
2025-08-18 17:13:44,1740.8000000000002,871.3309090909091,1254.8654545454544,29.749620618880726,80.73339507143609,956.8137848922752,10.0,8.050687789916992,,,,,4.0,5.0,6.0
2025-08-18 17:13:50,1744.5236363636363,875.0545454545454,1258.589090909091,29.708423703559674,80.71824180567903,956.7787696283027,10.0,8.047569274902344,,,,,4.0,5.0,6.0
2025-08-18 17:13:56,1744.5236363636363,875.0545454545454,1254.8654545454544,29.66207719608792,81.07425647151624,956.8188800322354,10.0,8.047136306762695,,,,,4.0,5.0,6.0
2025-08-18 17:14:02,1746.3854545454546,873.1927272727273,1258.589090909091,29.687825252884068,81.0300369205221,956.8027438086522,10.0,8.058903694152832,,,,,4.0,6.0,6.0
2025-08-18 17:30:11,1778.0363636363638,938.3563636363637,1264.1745454545455,29.335435883054743,31.458092380960693,957.208402530469,10.0,7.657293319702148,,,,,6.0,7.0,8.0
2025-08-18 17:30:17,1783.6218181818183,943.9418181818181,1267.898181818182,29.280218709656037,31.483190576939148,957.2039615196134,10.0,7.655764102935791,,,,,6.0,7.0,8.0
2025-08-18 17:30:23,1783.6218181818183,943.9418181818181,1267.898181818182,29.225001571472966,31.59155978730161,957.2275424300277,10.0,7.652797222137451,,,,,6.0,6.0,7.0
2025-08-18 17:30:29,1787.3454545454547,940.2181818181818,1273.4836363636364,29.225001571472966,31.871122090430237,957.2275424300277,10.0,7.671867847442627,,,,,5.0,6.0,6.0
2025-08-18 17:30:35,1787.3454545454547,943.9418181818181,1277.2072727272728,29.179823939152993,31.72345772710116,957.2111478264515,10.0,7.660236835479736,,,,,6.0,7.0,7.0
2025-08-18 17:30:41,1792.9309090909092,947.6654545454545,1280.9309090909092,29.149705530703066,31.73604231593957,957.246931366516,10.0,7.6648759841918945,,,,,5.0,7.0,8.0
2025-08-18 17:30:47,1794.7927272727272,949.5272727272728,1284.6545454545453,29.10954766906798,31.689387927514066,957.2666038118031,10.0,7.663292407989502,,,,,5.0,7.0,8.0
2025-08-18 17:30:53,1794.7927272727272,938.3563636363637,1286.5163636363636,29.074409555416786,33.342846018061906,957.1541871874865,10.0,7.687445640563965,,,,,6.0,7.0,8.0
2025-08-18 17:30:59,1796.6545454545455,942.08,1288.378181818182,29.07942928506527,32.04089270258435,957.190265313913,10.0,7.684157371520996,,,,,5.0,6.0,8.0
2025-08-18 17:31:05,1796.6545454545455,936.4945454545455,1286.5163636363636,29.084449015004793,32.48668322019374,957.1983169689681,10.0,7.697958946228027,,,,,4.0,5.0,5.0
2025-08-18 17:49:07,1839.4763636363637,979.3163636363637,1381.469090909091,34.37540618419298,23.12947574090929,957.7303137155236,10.0,7.998288154602051,,,,,5.0,8.0,11.0
2025-08-18 17:49:13,1837.6145454545454,979.3163636363637,1381.469090909091,34.30512569696293,23.42198285088158,957.8158796952987,10.0,7.99171257019043,,,,,5.0,7.0,13.0
2025-08-18 17:49:19,1837.6145454545454,977.4545454545455,1379.6072727272726,34.300105664343576,23.21718661152886,957.7230871345347,10.0,7.995269298553467,,,,,4.0,6.0,11.0
2025-08-18 17:49:25,1837.6145454545454,979.3163636363637,1385.1927272727276,34.5059272403887,22.98500861464974,957.7409058348238,10.0,8.00150203704834,,,,,4.0,6.0,10.0
2025-08-18 17:49:28,1837.6145454545454,983.0400000000001,1385.1927272727276,34.53102746605873,22.9899356405076,957.8092570523436,10.0,7.99326753616333,,,,,4.0,6.0,9.0
2025-08-18 17:49:34,1837.6145454545454,977.4545454545455,1383.3309090909092,34.5209873749176,23.14723954103059,957.7366878106953,10.0,8.007774353027344,,,,,4.0,6.0,9.0
2025-08-18 17:49:40,1837.6145454545454,973.7309090909091,1381.469090909091,34.490867108479144,23.076164331308558,957.7733891713616,10.0,8.016877174377441,,,,,4.0,6.0,6.0
2025-08-18 17:49:43,1833.8909090909092,975.5927272727274,1383.3309090909092,34.53102746605873,23.207131322599437,957.7527206344771,10.0,8.0057373046875,,,,,5.0,7.0,9.0
2025-08-18 17:49:49,1835.7527272727275,979.3163636363637,1385.1927272727276,34.51094728494063,23.358822186590338,957.777189685408,10.0,7.99870491027832,,,,,5.0,7.0,9.0
2025-08-18 17:49:55,1835.7527272727275,973.7309090909091,1385.1927272727276,34.581227939226665,23.108402064443382,957.7198046919897,10.0,8.017322540283203,,,,,4.0,7.0,8.0
2025-08-18 17:49:58,1833.8909090909092,975.5927272727274,1385.1927272727276,34.59126803735271,23.083825975618126,957.6792947152409,10.0,8.008087158203125,,,,,5.0,7.0,8.0
2025-08-18 17:50:01,1837.6145454545454,975.5927272727274,1383.3309090909092,34.54106755836401,23.013627210769666,957.768753567819,10.0,8.014331817626953,,,,,4.0,5.0,7.0
2025-08-18 17:50:04,1837.6145454545454,977.4545454545455,1387.0545454545454,34.566167794220384,22.86770721115177,957.7240271251254,10.0,8.009758949279785,,,,,5.0,6.0,7.0
2025-08-18 17:50:10,1837.6145454545454,977.4545454545455,1381.469090909091,34.53604751206585,22.953513388825243,957.7607370874539,10.0,8.008628845214844,,,,,4.0,5.0,5.0
2025-08-18 17:50:13,1835.7527272727275,981.1781818181819,1385.1927272727276,34.5762078906002,22.879330311704127,957.711788907086,10.0,7.995674133300781,,,,,4.0,6.0,6.0
2025-08-18 17:50:16,1835.7527272727275,975.5927272727274,1381.469090909091,34.676608918426794,22.850735398092464,957.7024618729256,10.0,8.016891479492188,,,,,4.0,6.0,6.0
2025-08-18 17:50:19,1837.6145454545454,981.1781818181819,1387.0545454545454,34.60130813664291,22.86614844815278,957.7518681052563,10.0,8.00160026550293,,,,,4.0,5.0,5.0
2025-08-18 17:50:22,1837.6145454545454,979.3163636363637,1387.0545454545454,34.5762078906002,22.84915920948357,957.7683292560531,10.0,8.005594253540039,,,,,4.0,5.0,5.0
2025-08-18 17:50:28,1841.338181818182,983.0400000000001,1390.778181818182,34.62640838996158,23.021938113454198,957.6788584206697,10.0,8.005249977111816,,,,,3.0,5.0,5.0
2025-08-18 17:50:34,1839.4763636363637,981.1781818181819,1388.9163636363637,34.68664902761229,22.934788195097386,957.8033170534195,10.0,8.011175155639648,,,,,4.0,5.0,5.0
2025-08-18 17:55:01,1830.1672727272728,960.6981818181819,1398.2254545454548,35.504921839968304,21.97321938284779,957.7229563217343,10.0,8.092246055603027,,,,,4.0,8.0,10.0
2025-08-18 17:55:07,1828.3054545454547,958.8363636363637,1394.5018181818182,35.494881635904314,22.530051642389214,957.7918710560765,10.0,8.093490600585938,,,,,4.0,8.0,10.0
2025-08-18 17:55:13,1832.0290909090909,975.5927272727274,1396.3636363636365,35.20371622445528,22.059769073974778,957.8650218474303,10.0,8.039262771606445,,,,,4.0,8.0,10.0
2025-08-18 17:55:19,1830.1672727272728,973.7309090909091,1396.3636363636365,35.25391708761454,22.123932601007215,957.747044632166,10.0,8.041964530944824,,,,,4.0,7.0,9.0
2025-08-18 17:55:25,1833.8909090909092,971.869090909091,1398.2254545454548,35.21375639475882,22.17413908006181,957.7395543301893,10.0,8.053024291992188,,,,,3.0,6.0,6.0
2025-08-18 17:55:31,1835.7527272727275,975.5927272727274,1400.0872727272726,35.16355555488262,22.176451904161322,957.8009241875686,10.0,8.044517517089844,,,,,4.0,5.0,5.0
2025-08-18 17:55:37,1833.8909090909092,971.869090909091,1398.2254545454548,35.26897735223756,22.02047567172274,957.7993785758158,10.0,8.056623458862305,,,,,4.0,5.0,5.0
2025-08-18 17:55:43,1832.0290909090909,977.4545454545455,1400.0872727272726,35.20873630946153,22.10788807750798,957.7315431169974,10.0,8.032796859741211,,,,,3.0,5.0,5.0
2025-08-18 17:55:46,1839.4763636363637,981.1781818181819,1400.0872727272726,35.14347522708122,22.17737674144174,957.7971713167452,10.0,8.035740852355957,,,,,3.0,5.0,5.0
2025-08-18 17:55:52,1841.338181818182,983.0400000000001,1401.949090909091,35.11837482387782,22.142276833865303,957.8136989590563,10.0,8.033292770385742,,,,,4.0,5.0,5.0
2025-08-18 17:55:58,1839.4763636363637,981.1781818181819,1401.949090909091,35.21375639475882,22.035127571119354,957.7961511422936,10.0,8.039484977722168,,,,,3.0,5.0,5.0
2025-08-18 17:56:01,1843.2000000000003,979.3163636363637,1398.2254545454548,35.24387691265438,22.076041407847164,957.7593224346447,10.0,8.054142951965332,,,,,4.0,6.0,6.0
2025-08-18 17:56:04,1843.2000000000003,981.1781818181819,1400.0872727272726,35.19367605531588,22.13880260564395,957.7075096399677,10.0,8.04555892944336,,,,,4.0,6.0,6.0
2025-08-18 17:56:07,1845.0618181818181,984.9018181818182,1405.6727272727273,35.22379656622652,22.05883866016149,957.7555768378339,10.0,8.056397438049316,,,,,4.0,6.0,6.0
2025-08-18 17:56:10,1845.0618181818181,979.3163636363637,1401.949090909091,35.25893717553117,21.97258376920849,957.7550556317344,10.0,8.059355735778809,,,,,5.0,6.0,6.0
2025-08-18 17:56:16,1845.0618181818181,977.4545454545455,1400.0872727272726,35.22379656622652,22.22807187553348,957.7272780090368,10.0,8.062138557434082,,,,,5.0,6.0,6.0
2025-08-18 17:56:22,1843.2000000000003,973.7309090909091,1400.0872727272726,35.424600240052676,22.073712700053402,957.7363555319795,10.0,8.079751014709473,,,,,4.0,5.0,5.0
2025-08-18 17:56:25,1841.338181818182,975.5927272727274,1403.8109090909093,35.54508266786579,21.886665623670115,957.7870284370197,10.0,8.077587127685547,,,,,4.0,5.0,5.0
2025-08-18 17:56:31,1839.4763636363637,975.5927272727274,1401.949090909091,35.58022340755561,21.715638157621047,957.7298343999626,10.0,8.074583053588867,,,,,3.0,4.0,4.0
2025-08-18 17:56:34,1839.4763636363637,975.5927272727274,1400.0872727272726,35.54508266786579,21.783835488107357,957.8153415320027,10.0,8.073718070983887,,,,,3.0,4.0,4.0
2025-08-18 18:47:35,1872.989090909091,992.3490909090909,1435.4618181818184,33.67260387885035,23.81640493597887,957.5679540960327,10.0,8.063307762145996,,,,,4.0,6.0,8.0
2025-08-18 18:47:41,1876.7127272727273,992.3490909090909,1433.6000000000001,33.75292385360808,23.656464984368483,957.6115977799226,10.0,8.087991714477539,,,,,4.0,7.0,8.0
2025-08-18 18:47:47,1876.7127272727273,992.3490909090909,1433.6000000000001,33.81818388795946,23.551310666021404,957.5746913717871,10.0,8.093669891357422,,,,,4.0,6.0,7.0
2025-08-18 18:47:53,1878.5745454545456,996.0727272727273,1433.6000000000001,33.81818388795946,23.47903390652729,957.4617455273531,10.0,8.102851867675781,,,,,4.0,5.0,6.0
2025-08-18 18:47:59,1880.4363636363637,1003.5200000000001,1441.047272727273,33.657543891877864,23.558149537899364,957.5156608834736,10.0,8.096735000610352,,,,,3.0,5.0,6.0
2025-08-18 18:48:05,1882.2981818181818,1005.3818181818183,1439.1854545454546,33.537064090394416,23.689673905874333,957.5207322339405,10.0,8.095331192016602,,,,,3.0,4.0,5.0
2025-08-18 18:48:11,1886.0218181818184,1001.6581818181819,1437.3236363636363,33.46678428361192,23.812999517586448,957.6906371733194,10.0,8.107186317443848,,,,,3.0,4.0,5.0
2025-08-18 18:48:17,1884.16,1001.6581818181819,1439.1854545454546,33.45172433243715,23.831683768943336,957.6101250764779,10.0,8.097187995910645,,,,,3.0,4.0,5.0
2025-08-18 18:48:23,1884.16,996.0727272727273,1437.3236363636363,33.4065444946289,23.863660213446607,957.5943530923128,10.0,8.093769073486328,,,,,3.0,4.0,4.0
2025-08-18 18:48:26,1882.2981818181818,994.2109090909092,1441.047272727273,33.421604437945646,23.857013674611363,957.6184237362743,10.0,8.08594799041748,,,,,3.0,4.0,5.0
2025-08-18 18:48:32,1884.16,996.0727272727273,1441.047272727273,33.47180426791893,23.866950363959187,957.6139972692073,10.0,8.099665641784668,,,,,4.0,5.0,5.0
2025-08-18 18:48:38,1884.16,990.4872727272729,1437.3236363636363,33.532044102303914,23.713961619176835,957.5691579497745,10.0,8.105161666870117,,,,,4.0,5.0,6.0
2025-08-18 18:48:44,1882.2981818181818,992.3490909090909,1439.1854545454546,33.56718402504921,23.664324481566144,957.5970898162107,10.0,8.098620414733887,,,,,4.0,6.0,7.0
2025-08-18 18:48:47,1886.0218181818184,994.2109090909092,1441.047272727273,33.54208407877595,23.719557422806137,957.5852027538599,10.0,8.114888191223145,,,,,4.0,6.0,6.0
2025-08-18 18:48:53,1887.8836363636362,1001.6581818181819,1442.909090909091,33.49188420805731,23.721672633683234,957.6743123675406,10.0,8.118309020996094,,,,,4.0,6.0,6.0
2025-08-18 18:48:59,1886.0218181818184,1003.5200000000001,1441.047272727273,33.537064090394416,23.67161672880317,957.6336285336126,10.0,8.113101959228516,,,,,4.0,5.0,5.0
2025-08-18 18:49:05,1887.8836363636362,1003.5200000000001,1441.047272727273,33.55714404566679,23.61057431743205,957.4399206468572,10.0,8.124984741210938,,,,,4.0,5.0,6.0
2025-08-18 18:49:11,1889.7454545454545,1007.2436363636364,1444.770909090909,33.441684366442495,23.735822226698406,957.6222984139403,10.0,8.122797012329102,,,,,3.0,4.0,5.0
2025-08-18 18:49:17,1889.7454545454545,1009.1054545454546,1446.6327272727274,33.39650453387294,23.85806282060697,957.6629598164045,10.0,8.118866920471191,,,,,3.0,4.0,5.0
2025-08-18 18:49:23,1887.8836363636362,1007.2436363636364,1442.909090909091,33.34128477052436,23.854353860520394,957.6593423533272,10.0,8.10477352142334,,,,,3.0,4.0,5.0
2025-08-18 18:49:29,1887.8836363636362,1007.2436363636364,1444.770909090909,33.31116491444991,23.933816303855014,957.5829816674751,10.0,8.102862358093262,,,,,3.0,4.0,5.0
2025-08-18 18:49:35,1889.7454545454545,1009.1054545454546,1444.770909090909,33.25092523373314,23.990454514234237,957.6277512729455,10.0,8.106379508972168,,,,,4.0,4.0,4.0
2025-08-18 18:49:41,1889.7454545454545,1007.2436363636364,1446.6327272727274,33.34128477052436,23.944595207185248,957.6029114335661,10.0,8.114751815795898,,,,,4.0,4.0,4.0
2025-08-18 18:49:47,1889.7454545454545,1003.5200000000001,1444.770909090909,33.29108501622104,24.09706255109189,957.6355250430831,10.0,8.111032485961914,,,,,4.0,5.0,5.0
2025-08-18 18:49:53,1889.7454545454545,1003.5200000000001,1446.6327272727274,33.31116491444991,24.04209597606352,957.6676240366545,10.0,8.112411499023438,,,,,4.0,5.0,5.0
2025-08-18 18:49:59,1889.7454545454545,997.9345454545455,1446.6327272727274,33.371404637076196,23.907243835822484,957.6228394850193,10.0,8.118000984191895,,,,,4.0,5.0,5.0
2025-08-18 18:50:05,1889.7454545454545,1001.6581818181819,1446.6327272727274,33.4065444946289,23.893745155633237,957.650789770643,10.0,8.120674133300781,,,,,4.0,5.0,5.0
2025-08-18 18:50:11,1887.8836363636362,999.7963636363637,1448.4945454545457,33.44670434929431,23.880034419154477,957.6021017904618,10.0,8.115556716918945,,,,,3.0,4.0,4.0
2025-08-18 18:50:17,1887.8836363636362,997.9345454545455,1448.4945454545457,33.39148455393151,23.85225578818463,957.6267180064029,10.0,8.110356330871582,,,,,3.0,4.0,4.0
2025-08-18 18:50:20,1887.8836363636362,990.4872727272729,1446.6327272727274,33.441684366442495,23.89227893379266,957.5940785323116,10.0,8.115992546081543,,,,,3.0,4.0,4.0
2025-08-18 18:50:26,1887.8836363636362,996.0727272727273,1444.770909090909,33.36638465858996,23.89542021183136,957.6148155024327,10.0,8.108499526977539,,,,,4.0,5.0,5.0
2025-08-18 18:50:32,1889.7454545454545,997.9345454545455,1446.6327272727274,33.44670434929431,23.807823460977424,957.6585420337324,10.0,8.124195098876953,,,,,3.0,4.0,4.0
2025-08-18 18:50:38,1887.8836363636362,997.9345454545455,1446.6327272727274,33.27100512264879,23.941501665634583,957.5752141787449,10.0,8.100050926208496,,,,,3.0,4.0,4.0
2025-08-18 18:50:44,1889.7454545454545,999.7963636363637,1446.6327272727274,33.3011249647534,23.91017185601933,957.6233607950919,10.0,8.111400604248047,,,,,4.0,5.0,5.0
2025-08-18 18:50:47,1891.6072727272729,1007.2436363636364,1452.2181818181818,33.351324724877486,23.920113015530966,957.5625278624485,10.0,8.124983787536621,,,,,4.0,5.0,5.0
2025-08-18 18:50:53,1887.8836363636362,1003.5200000000001,1446.6327272727274,33.265985149983315,23.96577033564321,957.5671898404755,10.0,8.099288940429688,,,,,3.0,5.0,5.0
2025-08-18 18:50:56,1889.7454545454545,1005.3818181818183,1450.3563636363638,33.22582537913695,24.06968124110193,957.5876269922201,10.0,8.105023384094238,,,,,3.0,5.0,5.0
2025-08-18 18:51:02,1891.6072727272729,1005.3818181818183,1450.3563636363638,33.13546596283559,24.3379735742543,957.6406293672073,10.0,8.106963157653809,,,,,4.0,5.0,5.0
2025-08-18 18:51:08,1893.4690909090912,1007.2436363636364,1448.4945454545457,33.165585757791995,24.312696931660266,957.6323697375383,10.0,8.118680953979492,,,,,3.0,5.0,5.0
2025-08-18 18:51:14,1889.7454545454545,999.7963636363637,1444.770909090909,33.31116491444991,24.078188444336103,957.6676240366545,10.0,8.11290168762207,,,,,2.0,3.0,4.0
2025-08-18 18:51:20,1886.0218181818184,997.9345454545455,1448.4945454545457,33.381444594921774,23.918858574636044,957.6106703030272,10.0,8.100679397583008,,,,,2.0,4.0,4.0
2025-08-18 18:51:26,1887.8836363636362,999.7963636363637,1450.3563636363638,33.506944166217,23.817334282432814,957.6701602314542,10.0,8.120363235473633,,,,,2.0,3.0,4.0
2025-08-18 18:51:32,1887.8836363636362,999.7963636363637,1448.4945454545457,33.537064090394416,23.74986381311754,957.6336285336126,10.0,8.123002052307129,,,,,2.0,3.0,3.0
2025-08-18 18:51:38,1887.8836363636362,1005.3818181818183,1450.3563636363638,33.48184423740604,23.76422309156679,957.5736003853112,10.0,8.117889404296875,,,,,3.0,4.0,4.0
2025-08-18 18:51:44,1889.7454545454545,1009.1054545454546,1452.2181818181818,33.43666438388173,23.826296803398783,957.6989340519525,10.0,8.122183799743652,,,,,3.0,4.0,4.0
2025-08-18 18:51:50,1887.8836363636362,1003.5200000000001,1450.3563636363638,33.49188420805731,23.866110975757792,957.6178681022026,10.0,8.119218826293945,,,,,3.0,4.0,4.0
2025-08-18 18:51:56,1891.6072727272729,1001.6581818181819,1450.3563636363638,33.416584456549025,23.88730918642267,957.6104001604068,10.0,8.13099479675293,,,,,4.0,5.0,5.0
2025-08-18 18:52:02,1891.6072727272729,1005.3818181818183,1452.2181818181818,33.32120486531058,23.933398632333187,957.5708154263473,10.0,8.12238883972168,,,,,3.0,5.0,5.0
2025-08-18 18:52:08,1887.8836363636362,1003.5200000000001,1452.2181818181818,33.34630474755541,23.956418581939854,957.6109355051573,10.0,8.106348037719727,,,,,3.0,5.0,5.0
2025-08-18 18:52:14,1889.7454545454545,1003.5200000000001,1450.3563636363638,33.31618488973472,23.939623166583274,957.6474344803567,10.0,8.11247730255127,,,,,3.0,5.0,7.0
2025-08-18 18:52:20,1891.6072727272729,1005.3818181818183,1450.3563636363638,33.24590526223183,24.02073582888781,957.6197263608866,10.0,8.115625381469727,,,,,3.0,4.0,6.0
2025-08-18 18:52:26,1891.6072727272729,1007.2436363636364,1452.2181818181818,33.1706057246367,24.10202713237975,957.6121874370724,10.0,8.109007835388184,,,,,3.0,4.0,5.0
2025-08-18 18:52:32,1891.6072727272729,1007.2436363636364,1452.2181818181818,32.98988710158155,24.253725637779954,957.6616891395973,10.0,8.092885971069336,,,,,3.0,3.0,5.0
2025-08-18 18:52:38,1893.4690909090912,1007.2436363636364,1450.3563636363638,33.02502680430189,24.306393319876378,957.6614766655688,10.0,8.105566024780273,,,,,3.0,5.0,6.0
2025-08-18 18:52:44,1891.6072727272729,1005.3818181818183,1452.2181818181818,33.00996692996123,24.337060832822424,957.609195395008,10.0,8.095626831054688,,,,,3.0,5.0,5.0
2025-08-18 18:52:50,1891.6072727272729,1003.5200000000001,1450.3563636363638,33.070206443039936,24.304554835543556,957.5927021004218,10.0,8.101241111755371,,,,,3.0,5.0,5.0
2025-08-18 18:52:56,1893.4690909090912,1010.9672727272728,1454.0800000000002,33.100326215295354,24.20713215015246,957.6408584549821,10.0,8.111785888671875,,,,,3.0,5.0,5.0
2025-08-18 18:52:59,1891.6072727272729,1012.829090909091,1455.9418181818182,33.105346178356555,24.206926692361872,957.5642695954524,10.0,8.10335636138916,,,,,3.0,5.0,6.0
2025-08-18 18:53:05,1893.4690909090912,1009.1054545454546,1454.0800000000002,33.01498688778374,24.27073516407203,957.6172219615592,10.0,8.104572296142578,,,,,3.0,4.0,5.0
2025-08-18 18:53:08,1895.330909090909,1010.9672727272728,1454.0800000000002,32.91960773892352,24.430873742785014,957.6057056664234,10.0,8.105718612670898,,,,,2.0,3.0,4.0
2025-08-18 19:06:24,1908.3636363636365,1022.1381818181819,1470.8363636363638,29.832392028346657,28.842289794446156,957.4723451636551,10.0,7.908722877502441,,,,,4.0,4.0,6.0
2025-08-18 19:06:30,1906.5018181818184,1020.2763636363636,1468.9745454545455,29.837411801941926,28.82425768782253,957.5645751995747,10.0,7.899511814117432,,,,,3.0,3.0,6.0
2025-08-18 19:06:36,1910.2254545454546,1022.1381818181819,1470.8363636363638,29.902668885164893,28.88194563659932,957.5008375637921,10.0,7.9243879318237305,,,,,3.0,4.0,5.0
2025-08-18 19:06:42,1908.3636363636365,1022.1381818181819,1470.8363636363638,29.902668885164893,28.88194563659932,957.5289009313313,10.0,7.91503381729126,,,,,4.0,5.0,6.0
2025-08-18 19:06:48,1906.5018181818184,1022.1381818181819,1470.8363636363638,29.85749089923338,28.752124236876618,957.5406496578779,10.0,7.900964736938477,,,,,3.0,5.0,5.0
2025-08-18 19:06:51,1910.2254545454546,1029.5854545454547,1474.56,29.81231293687597,28.771351870738243,957.5243292513328,10.0,7.914759159088135,,,,,3.0,5.0,5.0
2025-08-18 19:06:54,1910.2254545454546,1027.7236363636364,1472.698181818182,29.82235248202924,28.77105355381567,957.5965472674893,10.0,7.915407180786133,,,,,4.0,5.0,5.0
2025-08-18 19:07:00,1910.2254545454546,1024.0,1470.8363636363638,29.8926293306984,28.655682847337765,957.5969928502395,10.0,7.92159366607666,,,,,4.0,5.0,6.0
2025-08-18 19:07:06,1908.3636363636365,1024.0,1468.9745454545455,29.88258977739606,28.691756637190153,957.6370197611296,10.0,7.911423683166504,,,,,3.0,4.0,6.0
2025-08-18 19:07:12,1910.2254545454546,1027.7236363636364,1472.698181818182,29.957886455539846,28.629871818852074,957.5893703811257,10.0,7.927179336547852,,,,,3.0,6.0,7.0
2025-08-18 19:07:18,1910.2254545454546,1020.2763636363636,1470.8363636363638,29.817332709307085,28.759280538568376,957.5323783820837,10.0,7.915902614593506,,,,,3.0,5.0,5.0
2025-08-18 19:07:24,1910.2254545454546,1018.4145454545455,1472.698181818182,29.82235248202924,28.80682024147302,957.540427542285,10.0,7.916718006134033,,,,,3.0,4.0,4.0
2025-08-18 19:07:30,1910.2254545454546,1024.0,1474.56,29.802273392886853,28.789532738372333,957.5362900163975,10.0,7.914335250854492,,,,,3.0,5.0,5.0
2025-08-18 19:07:36,1910.2254545454546,1022.1381818181819,1470.8363636363638,29.837411801941926,28.752721918494164,957.5084541954512,10.0,7.917696952819824,,,,,3.0,4.0,4.0
2025-08-18 19:07:42,1908.3636363636365,1024.0,1470.8363636363638,29.8926293306984,28.72722938004298,957.4566781818855,10.0,7.913605213165283,,,,,3.0,4.0,4.0
2025-08-18 19:07:48,1910.2254545454546,1027.7236363636364,1474.56,29.86251067428384,28.799668128780805,957.5486985970736,10.0,7.919530868530273,,,,,3.0,4.0,4.0
2025-08-18 19:07:54,1912.0872727272729,1024.0,1470.8363636363638,29.872550225257875,28.75763770287481,957.564796563758,10.0,7.929642677307129,,,,,3.0,4.0,4.0
2025-08-18 19:08:00,1908.3636363636365,1024.0,1472.698181818182,29.742036153399386,28.821119245874925,957.5799820486823,10.0,7.8995137214660645,,,,,3.0,4.0,4.0
2025-08-18 19:08:06,1910.2254545454546,1022.1381818181819,1470.8363636363638,29.71191754937172,28.89352433627526,957.5597371067339,10.0,7.906581878662109,,,,,4.0,4.0,4.0
2025-08-18 19:08:12,1908.3636363636365,1024.0,1470.8363636363638,29.747055921755965,28.898450747852028,957.5319190778255,10.0,7.900649070739746,,,,,4.0,4.0,5.0
2025-08-18 19:08:18,1912.0872727272729,1024.0,1470.8363636363638,29.75207569040358,28.85062281485129,957.5399687385687,10.0,7.919198513031006,,,,,4.0,4.0,6.0
2025-08-18 19:08:24,1910.2254545454546,1024.0,1474.56,29.82235248202924,28.77105355381567,957.4562481245044,10.0,7.916565418243408,,,,,4.0,5.0,6.0
2025-08-18 19:08:33,1908.3636363636365,1018.4145454545455,1472.698181818182,29.61152227828279,29.045424878562002,957.538992863859,10.0,7.889386177062988,,,,,3.0,4.0,4.0
2025-08-18 19:08:39,1908.3636363636365,1018.4145454545455,1468.9745454545455,29.561324686394073,29.064753376184285,957.5706807403,10.0,7.884684085845947,,,,,3.0,5.0,5.0
2025-08-18 19:08:42,1906.5018181818184,1016.5527272727272,1468.9745454545455,29.61152227828279,29.081172019923446,957.567043400247,10.0,7.880370140075684,,,,,3.0,5.0,5.0
2025-08-18 19:08:48,1904.64,1020.2763636363636,1474.56,29.777174538007237,28.90948550218236,957.5802174844338,10.0,7.885126113891602,,,,,2.0,4.0,4.0
2025-08-18 19:08:51,1906.5018181818184,1018.4145454545455,1470.8363636363638,29.842431575828233,28.84795427266764,957.5445637358939,10.0,7.900366306304932,,,,,2.0,5.0,5.0
2025-08-18 19:09:00,1904.64,1018.4145454545455,1470.8363636363638,29.927767776424297,28.744068461647593,957.5410793124532,10.0,7.898507118225098,,,,,3.0,5.0,5.0
2025-08-18 19:09:06,1908.3636363636365,1022.1381818181819,1474.56,30.013104061130434,28.67592136930621,957.5656334229787,10.0,7.923912048339844,,,,,2.0,4.0,4.0
2025-08-18 19:09:12,1904.64,1018.4145454545455,1470.8363636363638,30.11349979788065,28.49394865350038,957.5020173866808,10.0,7.914531707763672,,,,,2.0,4.0,4.0
2025-08-18 19:09:18,1904.64,1016.5527272727272,1467.1127272727272,30.173737295810135,28.456316934356977,957.5143546088121,10.0,7.91995906829834,,,,,3.0,3.0,3.0
2025-08-18 19:09:24,1904.64,1022.1381818181819,1472.698181818182,30.19883626564988,28.372016084476055,957.4984342365216,10.0,7.921450614929199,,,,,3.0,3.0,6.0
2025-08-18 19:09:30,1904.64,1016.5527272727272,1468.9745454545455,30.2640936212847,28.250654169834245,957.4626396087739,10.0,7.927520751953125,,,,,3.0,4.0,7.0
2025-08-18 19:09:36,1906.5018181818184,1018.4145454545455,1468.9745454545455,30.259073822951176,28.149355608280185,957.5107524335607,10.0,7.93529748916626,,,,,4.0,4.0,8.0
2025-08-18 19:09:42,1906.5018181818184,1031.4472727272728,1474.56,30.13357895920053,28.218902768773106,957.5061311287317,10.0,7.923038005828857,,,,,3.0,4.0,8.0
2025-08-18 19:09:48,1906.5018181818184,1024.0,1470.8363636363638,30.063301914953627,28.3523175252807,957.5057624192159,10.0,7.917899131774902,,,,,4.0,5.0,8.0
2025-08-18 19:09:54,1908.3636363636365,1024.0,1470.8363636363638,30.063301914953627,28.376177649329943,957.4776919735747,10.0,7.927372932434082,,,,,4.0,5.0,5.0
2025-08-18 19:10:00,1910.2254545454546,1029.5854545454547,1472.698181818182,30.023143629566768,28.39530263638703,957.5536607682626,10.0,7.932044982910156,,,,,3.0,4.0,4.0
2025-08-18 19:10:06,1908.3636363636365,1022.1381818181819,1468.9745454545455,30.103460218966937,28.303358129464925,957.570140652517,10.0,7.930301666259766,,,,,3.0,5.0,5.0
2025-08-18 19:10:12,1906.5018181818184,1020.2763636363636,1470.8363636363638,30.193816471099854,28.252833485526526,957.518464346541,10.0,7.92962121963501,,,,,3.0,4.0,4.0
2025-08-18 19:10:18,1908.3636363636365,1020.2763636363636,1470.8363636363638,30.178757089196004,28.247333463853632,957.4381744481857,10.0,7.937877655029297,,,,,3.0,4.0,4.0
2025-08-18 19:10:24,1908.3636363636365,1020.2763636363636,1472.698181818182,30.143618541606703,28.266321433064263,957.4660765135726,10.0,7.934579372406006,,,,,3.0,4.0,4.0
2025-08-18 19:10:30,1908.3636363636365,1024.0,1468.9745454545455,30.083381064631975,28.250288513967096,957.4537372928932,10.0,7.928722858428955,,,,,3.0,4.0,4.0
2025-08-18 19:10:36,1908.3636363636365,1022.1381818181819,1470.8363636363638,30.09342064121738,28.27980563742759,957.4979023101562,10.0,7.929687023162842,,,,,3.0,4.0,4.0
2025-08-18 19:10:45,1910.2254545454546,1024.0,1468.9745454545455,30.03318319916725,28.365172167968744,957.5136181965524,10.0,7.933523178100586,,,,,4.0,5.0,6.0
2025-08-18 19:10:51,1910.2254545454546,1024.0,1470.8363636363638,29.988005145132774,28.45005375708152,957.5534608992338,10.0,7.929569721221924,,,,,4.0,6.0,7.0
2025-08-18 19:10:54,1910.2254545454546,1022.1381818181819,1468.9745454545455,29.982985362806357,28.46213441222061,957.5173458935886,10.0,7.92954683303833,,,,,4.0,6.0,7.0
2025-08-18 19:11:00,1908.3636363636365,1025.8618181818183,1472.698181818182,30.02816341422149,28.383219874474925,957.5336396846681,10.0,7.923691749572754,,,,,4.0,7.0,8.0
2025-08-18 19:11:03,1908.3636363636365,1024.0,1470.8363636363638,30.023143629566768,28.401267078354728,957.4694547059697,10.0,7.923859596252441,,,,,4.0,6.0,6.0
2025-08-18 19:11:06,1912.0872727272729,1024.0,1472.698181818182,30.03318319916725,28.418853436090235,957.4574799766159,10.0,7.943324089050293,,,,,4.0,6.0,6.0
2025-08-18 19:11:12,1910.2254545454546,1024.0,1470.8363636363638,30.073341489210726,28.34007859909932,957.4937858993081,10.0,7.937204837799072,,,,,4.0,6.0,6.0
2025-08-18 19:11:18,1912.0872727272729,1031.4472727272728,1476.4218181818183,29.998044710658725,28.402035159175803,957.541489526107,10.0,7.938872337341309,,,,,4.0,6.0,6.0
2025-08-18 19:11:21,1910.2254545454546,1025.8618181818183,1468.9745454545455,30.03820298440405,28.400806104963237,957.6058738384013,10.0,7.93345832824707,,,,,3.0,5.0,5.0
2025-08-18 19:11:27,1912.0872727272729,1027.7236363636364,1470.8363636363638,29.967926017573337,28.426811250415916,957.5212687698795,10.0,7.936670303344727,,,,,3.0,4.0,4.0
2025-08-18 19:11:30,1912.0872727272729,1027.7236363636364,1472.698181818182,29.932787555549293,28.392104451848734,957.4929983440711,10.0,7.933444023132324,,,,,3.0,4.0,4.0
2025-08-18 19:11:36,1910.2254545454546,1027.7236363636364,1472.698181818182,29.988005145132774,28.318845708336184,957.4973266068855,10.0,7.928924560546875,,,,,2.0,3.0,3.0
2025-08-18 19:11:42,1912.0872727272729,1025.8618181818183,1472.698181818182,30.04322276993189,28.281356299758855,957.5297131398161,10.0,7.942960739135742,,,,,2.0,3.0,3.0
2025-08-18 19:11:48,1913.949090909091,1025.8618181818183,1472.698181818182,30.123539377958515,28.2072823055124,957.4619647745193,10.0,7.9595513343811035,,,,,2.0,3.0,3.0
2025-08-18 19:11:54,1910.2254545454546,1031.4472727272728,1476.4218181818183,30.083381064631975,28.17273622123922,957.5379513011826,10.0,7.936384201049805,,,,,2.0,4.0,4.0
2025-08-18 19:12:00,1913.949090909091,1027.7236363636364,1474.56,30.128559168434002,28.147464155067567,957.4419378615842,10.0,7.959671974182129,,,,,3.0,3.0,3.0
2025-08-18 19:12:06,1912.0872727272729,1029.5854545454547,1474.56,30.063301914953627,28.244944918170084,957.5338328875446,10.0,7.944281578063965,,,,,3.0,4.0,4.0
2025-08-18 19:12:12,1910.2254545454546,1029.5854545454547,1472.698181818182,30.02816341422149,28.287786000550284,957.5055707689548,10.0,7.932244777679443,,,,,3.0,4.0,4.0
2025-08-18 19:12:18,1913.949090909091,1029.5854545454547,1474.56,30.058282128261634,28.292821408381315,957.525785512122,10.0,7.953292369842529,,,,,4.0,4.0,4.0
2025-08-18 19:12:24,1913.949090909091,1029.5854545454547,1474.56,30.193816471099854,28.145426764830496,957.4903881241964,10.0,7.9652018547058105,,,,,4.0,4.0,4.0
2025-08-18 19:12:30,1913.949090909091,1029.5854545454547,1476.4218181818183,30.153658125177024,28.0870142239184,957.5663924870073,10.0,7.960770606994629,,,,,4.0,4.0,5.0
2025-08-18 19:12:36,1912.0872727272729,1022.1381818181819,1470.8363636363638,30.223935242765585,28.084809995920537,957.5667428295022,10.0,7.958652496337891,,,,,4.0,4.0,5.0
2025-08-18 19:12:42,1912.0872727272729,1024.0,1474.56,30.223935242765585,28.037068577050526,957.4825101212176,10.0,7.958758354187012,,,,,4.0,5.0,6.0
2025-08-18 19:12:48,1910.2254545454546,1024.0,1476.4218181818183,30.178757089196004,28.03252347996688,957.4662499629501,10.0,7.945494174957275,,,,,5.0,6.0,7.0
2025-08-18 19:12:51,1912.0872727272729,1027.7236363636364,1478.2836363636366,30.153658125177024,28.033313463878564,957.5102435361588,10.0,7.9518046379089355,,,,,4.0,6.0,7.0
2025-08-18 19:12:54,1910.2254545454546,1027.7236363636364,1476.4218181818183,30.13357895920053,28.03991179002832,957.4780575778208,10.0,7.9409990310668945,,,,,4.0,6.0,8.0
2025-08-18 19:13:00,1910.2254545454546,1024.0,1474.56,30.118519587774063,28.094081806453374,957.481991282884,10.0,7.940188884735107,,,,,4.0,6.0,7.0
2025-08-18 19:13:06,1912.0872727272729,1025.8618181818183,1474.56,30.03318319916725,28.251842294197886,957.5136181965524,10.0,7.941982269287109,,,,,4.0,6.0,7.0
2025-08-18 19:13:12,1912.0872727272729,1027.7236363636364,1476.4218181818183,30.05326234186068,28.197534636732556,957.4615981652141,10.0,7.9437055587768555,,,,,4.0,6.0,8.0
2025-08-18 19:13:18,1912.0872727272729,1022.1381818181819,1474.56,30.223935242765585,28.084809995920537,957.5105876679471,10.0,7.958987236022949,,,,,4.0,6.0,8.0
2025-08-18 19:13:21,1910.2254545454546,1016.5527272727272,1472.698181818182,30.30425201843027,28.100194434462804,957.4989223639468,10.0,7.957801818847656,,,,,4.0,6.0,10.0
2025-08-18 19:13:27,1908.3636363636365,1014.6909090909091,1470.8363636363638,30.31931142216199,28.08181528015807,957.5230586105046,10.0,7.949916839599609,,,,,4.0,7.0,13.0
2025-08-18 19:13:30,1904.64,1018.4145454545455,1474.56,30.339390631212154,27.997614993852274,957.5552406818305,10.0,7.932443618774414,,,,,3.0,6.0,12.0
2025-08-18 19:13:36,1906.5018181818184,1014.6909090909091,1474.56,30.409667899558553,27.983451827352063,957.5274524373685,10.0,7.948495388031006,,,,,3.0,6.0,11.0
2025-08-18 19:13:42,1902.7781818181818,1012.829090909091,1468.9745454545455,30.44982636422501,27.84484871375886,957.5637245271865,10.0,7.933047294616699,,,,,4.0,5.0,10.0
2025-08-18 19:13:45,1906.5018181818184,1014.6909090909091,1470.8363636363638,30.41970751397894,27.887606202272707,957.5435421830755,10.0,7.948838233947754,,,,,4.0,5.0,10.0
2025-08-18 19:25:15,1906.5018181818184,1016.5527272727272,1472.698181818182,29.23504104852327,29.770599996287032,957.6361177111389,10.0,7.848870277404785,,,,,3.0,6.0,6.0
2025-08-18 19:25:21,1906.5018181818184,1018.4145454545455,1472.698181818182,29.285238451237092,29.60256040877278,957.548443663107,10.0,7.852999687194824,,,,,3.0,6.0,6.0
2025-08-18 19:25:27,1906.5018181818184,1018.4145454545455,1472.698181818182,29.2300213098526,29.66360654689701,957.6000298325866,10.0,7.84792947769165,,,,,3.0,4.0,4.0
2025-08-18 19:25:33,1906.5018181818184,1018.4145454545455,1474.56,29.31033716350794,29.536382471355985,957.532634992315,10.0,7.85506534576416,,,,,3.0,4.0,4.0
2025-08-18 19:25:39,1906.5018181818184,1014.6909090909091,1470.8363636363638,29.300297677726483,29.500944144531868,957.5165294937486,10.0,7.854373931884766,,,,,4.0,5.0,5.0
2025-08-18 19:25:46,1906.5018181818184,1016.5527272727272,1470.8363636363638,29.30531742047169,29.506757084255092,957.5245822281955,10.0,7.8546552658081055,,,,,3.0,4.0,4.0
2025-08-18 19:25:52,1906.5018181818184,1020.2763636363636,1474.56,29.330416138563304,29.482243087150227,957.564846345477,10.0,7.8562750816345215,,,,,2.0,3.0,3.0
2025-08-18 19:25:58,1906.5018181818184,1014.6909090909091,1470.8363636363638,29.37057410264388,29.3858552129621,957.5451507137273,10.0,7.8600754737854,,,,,2.0,3.0,3.0
2025-08-18 19:26:04,1906.5018181818184,1010.9672727272728,1470.8363636363638,29.345475372910734,29.4044239810756,957.5329275903036,10.0,7.858254432678223,,,,,3.0,4.0,4.0
2025-08-18 19:26:10,1906.5018181818184,1016.5527272727272,1470.8363636363638,29.315356906835223,29.48266415129857,957.5687252414523,10.0,7.855195045471191,,,,,3.0,5.0,5.0
2025-08-18 19:26:16,1906.5018181818184,1016.5527272727272,1468.9745454545455,29.240060787484982,29.538337678560374,957.6161376949775,10.0,7.848278045654297,,,,,3.0,4.0,4.0
2025-08-18 19:26:22,1910.2254545454546,1018.4145454545455,1470.8363636363638,29.295277935272317,29.548707322853147,957.5365133314276,10.0,7.872091770172119,,,,,3.0,4.0,4.0
2025-08-18 19:26:25,1908.3636363636365,1020.2763636363636,1470.8363636363638,29.320376650453547,29.506336880175166,957.5767782931357,10.0,7.864598274230957,,,,,3.0,4.0,4.0
2025-08-18 19:26:28,1910.2254545454546,1018.4145454545455,1470.8363636363638,29.360534609877504,29.4694930159484,957.5851247782932,10.0,7.877392768859863,,,,,3.0,4.0,4.0
2025-08-18 19:26:34,1910.2254545454546,1020.2763636363636,1468.9745454545455,29.380613596574403,29.433205840991338,957.5612556733431,10.0,7.8790388107299805,,,,,2.0,3.0,3.0
2025-08-18 19:26:40,1910.2254545454546,1020.2763636363636,1472.698181818182,29.355514863930875,29.41604918493624,957.5770719457894,10.0,7.876556396484375,,,,,2.0,3.0,3.0
2025-08-18 19:26:46,1910.2254545454546,1020.2763636363636,1468.9745454545455,29.330416138563304,29.529870132035352,957.564846345477,10.0,7.874894142150879,,,,,3.0,4.0,4.0
2025-08-18 19:26:52,1912.0872727272729,1024.0,1474.56,29.37057410264388,29.493027678342557,957.6012305322481,10.0,7.887053966522217,,,,,3.0,5.0,5.0
2025-08-18 19:26:55,1910.2254545454546,1020.2763636363636,1470.8363636363638,29.34045562783722,29.553404240768717,957.5809522000402,10.0,7.875845909118652,,,,,3.0,5.0,5.0
2025-08-18 19:27:01,1910.2254545454546,1020.2763636363636,1468.9745454545455,29.350495118275283,29.559078591807545,957.6250972261731,10.0,7.876529693603516,,,,,3.0,5.0,5.0
2025-08-18 19:27:07,1910.2254545454546,1020.2763636363636,1470.8363636363638,29.380613596574403,29.552287160010003,957.6173364047856,10.0,7.879306793212891,,,,,3.0,4.0,4.0
2025-08-18 19:27:13,1910.2254545454546,1020.2763636363636,1470.8363636363638,29.360534609877504,29.534984646464242,957.5570853141729,10.0,7.877732753753662,,,,,2.0,4.0,4.0
2025-08-18 19:27:19,1910.2254545454546,1018.4145454545455,1470.8363636363638,29.400692587927914,29.54577413614909,957.5373834815078,10.0,7.881749153137207,,,,,2.0,3.0,3.0
2025-08-18 19:27:25,1908.3636363636365,1018.4145454545455,1472.698181818182,29.440850584604778,29.360052673758652,957.573758776514,10.0,7.875100135803223,,,,,2.0,4.0,4.0
2025-08-18 19:27:31,1912.0872727272729,1020.2763636363636,1470.8363636363638,29.44587033549906,29.359910739884402,957.6659408000789,10.0,7.893221855163574,,,,,3.0,4.0,4.0
2025-08-18 19:27:37,1912.0872727272729,1020.2763636363636,1474.56,29.460929589928128,29.26419785014745,957.6340116727666,10.0,7.894313812255859,,,,,3.0,4.0,4.0
2025-08-18 19:27:43,1910.2254545454546,1025.8618181818183,1470.8363636363638,29.42077158393804,29.301071541998112,957.5695924046637,10.0,7.881532669067383,,,,,4.0,4.0,4.0
2025-08-18 19:27:49,1912.0872727272729,1025.8618181818183,1474.56,29.350495118275283,29.499542539489156,957.5970581732369,10.0,7.885108947753906,,,,,4.0,5.0,6.0
2025-08-18 19:27:55,1912.0872727272729,1020.2763636363636,1470.8363636363638,29.325396394362905,29.440709711794995,957.6128693089199,10.0,7.882888317108154,,,,,4.0,5.0,6.0
2025-08-18 19:28:01,1912.0872727272729,1024.0,1472.698181818182,29.315356906835223,29.47075768576334,957.6248002200492,10.0,7.881730079650879,,,,,4.0,5.0,7.0
2025-08-18 19:28:07,1913.949090909091,1025.8618181818183,1472.698181818182,29.260139746242203,29.537779255983,957.6483537761723,10.0,7.88588809967041,,,,,5.0,6.0,8.0
2025-08-18 19:28:13,1912.0872727272729,1025.8618181818183,1472.698181818182,29.214962095586817,29.69377879472951,957.6319343831013,10.0,7.873442649841309,,,,,5.0,5.0,5.0
2025-08-18 19:28:19,1912.0872727272729,1025.8618181818183,1474.56,29.219981833384374,29.747204955362758,957.6119553665744,10.0,7.87428617477417,,,,,4.0,4.0,4.0
2025-08-18 19:28:25,1913.949090909091,1027.7236363636364,1474.56,29.24508052673773,29.657240007675135,957.6241916707276,10.0,7.885097026824951,,,,,3.0,4.0,4.0
2025-08-18 19:28:31,1915.8109090909093,1027.7236363636364,1472.698181818182,29.265159486659105,29.609068461174736,957.656407870712,10.0,7.895692825317383,,,,,3.0,4.0,4.0
2025-08-18 19:28:37,1915.8109090909093,1025.8618181818183,1474.56,29.270179227367045,29.597024780774102,957.7205331370888,10.0,7.895865440368652,,,,,3.0,5.0,5.0
2025-08-18 19:28:43,1915.8109090909093,1031.4472727272728,1480.1454545454544,29.280218709656037,29.489599022208964,957.6805703324763,10.0,7.896004676818848,,,,,3.0,6.0,6.0
2025-08-18 19:28:46,1915.8109090909093,1029.5854545454547,1476.4218181818183,29.280218709656037,29.531267997461757,957.5964624196521,10.0,7.896878242492676,,,,,4.0,6.0,6.0
2025-08-18 19:28:52,1915.8109090909093,1024.0,1472.698181818182,29.2300213098526,29.639799331818217,957.6560973231939,10.0,7.892936706542969,,,,,4.0,6.0,6.0
2025-08-18 19:28:58,1913.949090909091,1020.2763636363636,1474.56,29.199902883940375,29.700143489737112,957.6638365529309,10.0,7.881559371948242,,,,,4.0,6.0,6.0
2025-08-18 20:05:49,1915.8109090909093,1020.2763636363636,1472.698181818182,25.179187089257177,37.28952475764034,957.906377881647,10.0,7.662467002868652,,,,,4.0,6.0,6.0
2025-08-18 20:05:55,1917.6727272727273,1016.5527272727272,1468.9745454545455,25.204284611181357,37.2304425632462,957.918946302066,10.0,7.678387641906738,,,,,3.0,5.0,5.0
2025-08-18 20:06:01,1917.6727272727273,1018.4145454545455,1468.9745454545455,25.199265106214444,37.18928899434616,957.9387175975843,10.0,7.6736955642700195,,,,,4.0,5.0,6.0
2025-08-18 20:06:07,1919.5345454545457,1024.0,1470.8363636363638,25.154089574608953,37.1955907563364,957.8938079911535,10.0,7.66214656829834,,,,,3.0,4.0,5.0
2025-08-18 20:06:13,1919.5345454545457,1024.0,1470.8363636363638,25.16914808252477,37.19545215132951,957.9180629427486,10.0,7.66317892074585,,,,,4.0,4.0,5.0
2025-08-18 20:06:19,1917.6727272727273,1024.0,1472.698181818182,25.184206593059933,37.16000048973103,957.9144627634607,10.0,7.658615589141846,,,,,3.0,4.0,5.0
2025-08-18 20:06:25,1917.6727272727273,1022.1381818181819,1468.9745454545455,25.093855569139123,37.2549864641755,957.90819648988,10.0,7.658905029296875,,,,,4.0,6.0,6.0
2025-08-18 20:06:31,1919.5345454545457,1024.0,1470.8363636363638,25.093855569139123,37.28440719507957,957.8803450881046,10.0,7.659114360809326,,,,,3.0,5.0,5.0
2025-08-18 20:06:37,1917.6727272727273,1025.8618181818183,1470.8363636363638,25.10891406657756,37.25485021704593,957.848896853819,10.0,7.649526596069336,,,,,3.0,5.0,5.0
2025-08-18 20:06:43,1917.6727272727273,1022.1381818181819,1468.9745454545455,25.128992067236688,37.19582155732149,957.8812366308683,10.0,7.660236358642578,,,,,2.0,4.0,4.0
2025-08-18 20:06:49,1917.6727272727273,1022.1381818181819,1468.9745454545455,25.149070072552423,37.25448643518664,957.9414307750475,10.0,7.661983489990234,,,,,4.0,5.0,5.0
2025-08-18 20:06:55,1917.6727272727273,1025.8618181818183,1470.8363636363638,25.19424560153857,37.171678471357176,957.9306326214314,10.0,7.654625415802002,,,,,4.0,5.0,5.0
2025-08-18 20:07:01,1919.5345454545457,1024.0,1472.698181818182,25.274557711277158,37.07674419133998,957.9206987685834,10.0,7.668243885040283,,,,,4.0,5.0,5.0
2025-08-18 20:07:07,1917.6727272727273,1022.1381818181819,1472.698181818182,25.264518693485297,37.02974556601151,957.9323891318132,10.0,7.667332649230957,,,,,4.0,5.0,5.0
2025-08-18 20:07:13,1919.5345454545457,1025.8618181818183,1472.698181818182,25.264518693485297,37.07095295719258,957.904530183599,10.0,7.662868976593018,,,,,4.0,4.0,6.0
2025-08-18 20:07:19,1919.5345454545457,1024.0,1468.9745454545455,25.259499185025923,37.11809377986054,957.9521634012503,10.0,7.667919158935547,,,,,3.0,4.0,5.0
2025-08-18 20:07:25,1917.6727272727273,1024.0,1470.8363636363638,25.15910907695652,37.25439538604436,957.929747240542,10.0,7.657642364501953,,,,,3.0,4.0,6.0
2025-08-18 20:07:31,1917.6727272727273,1024.0,1472.698181818182,25.048680092539872,37.46719682808505,957.9189767185424,10.0,7.652273178100586,,,,,4.0,5.0,7.0
2025-08-18 20:07:37,1917.6727272727273,1020.2763636363636,1470.8363636363638,25.0286021105072,37.48501724324599,957.9423305686969,10.0,7.660961151123047,,,,,4.0,5.0,5.0
2025-08-18 20:07:43,1915.8109090909093,1016.5527272727272,1468.9745454545455,25.068758079229156,37.41407334587506,957.8956198161204,10.0,7.666422367095947,,,,,4.0,6.0,6.0
2025-08-18 20:07:49,1917.6727272727273,1018.4145454545455,1470.8363636363638,25.13401156812906,37.348776846716554,957.9450280361431,10.0,7.67070198059082,,,,,4.0,6.0,6.0
2025-08-18 20:07:55,1912.0872727272729,1018.4145454545455,1470.8363636363638,25.063738582120276,37.44941772871289,957.9153843703224,10.0,7.651309967041016,,,,,4.0,7.0,7.0
2025-08-18 20:08:01,1915.8109090909093,1018.4145454545455,1470.8363636363638,25.08381657230202,37.43159386458844,957.919876580366,10.0,7.662777900695801,,,,,4.0,6.0,6.0
2025-08-18 20:08:07,1915.8109090909093,1022.1381818181819,1472.698181818182,25.10891406657756,37.34899884050246,957.9324530428831,10.0,7.654753684997559,,,,,4.0,6.0,6.0
2025-08-18 20:08:13,1917.6727272727273,1024.0,1467.1127272727272,25.043660596595146,37.42017425930982,957.9108908637509,10.0,7.651909828186035,,,,,4.0,5.0,5.0
2025-08-18 20:08:19,1917.6727272727273,1024.0,1468.9745454545455,24.998485146189342,37.56762745874084,957.8938139347712,10.0,7.649588584899902,,,,,4.0,5.0,5.0
2025-08-18 20:08:25,1919.5345454545457,1025.8618181818183,1470.8363636363638,24.968368192348862,37.59140530167121,957.8731442752353,10.0,7.6484270095825195,,,,,3.0,4.0,4.0
2025-08-18 20:08:28,1919.5345454545457,1029.5854545454547,1476.4218181818183,24.973387683928014,37.55607170059476,957.9090764303285,10.0,7.63974666595459,,,,,4.0,4.0,4.0
2025-08-18 20:08:34,1919.5345454545457,1025.8618181818183,1470.8363636363638,25.013543627038597,37.596915077346196,957.9180721098888,10.0,7.651174068450928,,,,,4.0,5.0,6.0
2025-08-18 20:08:37,1919.5345454545457,1025.8618181818183,1470.8363636363638,25.00852413313114,37.62048622923398,957.9378336822061,10.0,7.65118408203125,,,,,4.0,4.0,5.0
2025-08-18 20:08:43,1919.5345454545457,1022.1381818181819,1470.8363636363638,25.013543627038597,37.596915077346196,957.9180721098888,10.0,7.660530090332031,,,,,3.0,3.0,5.0
2025-08-18 20:08:46,1919.5345454545457,1022.1381818181819,1470.8363636363638,25.018563121237094,37.57922585183481,957.9261582313061,10.0,7.660866737365723,,,,,3.0,4.0,5.0
2025-08-18 20:08:52,1919.5345454545457,1022.1381818181819,1468.9745454545455,24.973387683928014,37.62665578692352,957.8533842734755,10.0,7.657803535461426,,,,,4.0,4.0,6.0
2025-08-18 20:08:58,1923.258181818182,1025.8618181818183,1472.698181818182,24.933231759443878,37.69167830795688,957.9557642572531,10.0,7.658261299133301,,,,,4.0,5.0,5.0
2025-08-18 20:09:04,1913.949090909091,1022.1381818181819,1472.698181818182,24.968368192348862,37.697278601868476,957.9288360210427,10.0,7.642863750457764,,,,,4.0,6.0,6.0
2025-08-18 20:09:10,1919.5345454545457,1016.5527272727272,1468.9745454545455,24.973387683928014,37.77370128804744,957.9647686764837,10.0,7.673295497894287,,,,,4.0,6.0,6.0
2025-08-18 20:09:16,1919.5345454545457,1020.2763636363636,1470.8363636363638,24.928212270193036,37.79757915798673,957.9476773048985,10.0,7.661558151245117,,,,,4.0,5.0,7.0
2025-08-18 20:09:22,1919.5345454545457,1016.5527272727272,1470.8363636363638,25.003504639514723,37.69111485979777,957.9575948526707,10.0,7.67461633682251,,,,,4.0,5.0,7.0
2025-08-18 20:09:28,1917.6727272727273,1022.1381818181819,1472.698181818182,24.983426667959428,37.63245587156565,957.9530956792582,10.0,7.65431022644043,,,,,3.0,4.0,6.0
2025-08-18 20:09:34,1919.5345454545457,1020.2763636363636,1470.8363636363638,24.91315380418673,37.791815165633615,957.9512601042485,10.0,7.660869598388672,,,,,4.0,4.0,7.0
2025-08-18 20:09:40,1917.6727272727273,1020.2763636363636,1468.9745454545455,24.90311482830439,37.850700029252124,957.9350860279083,10.0,7.654983997344971,,,,,2.0,3.0,3.0
2025-08-18 20:09:46,1919.5345454545457,1022.1381818181819,1472.698181818182,24.91315380418673,37.81533856337785,957.8677297700416,10.0,7.655163764953613,,,,,2.0,3.0,3.0
2025-08-18 20:09:52,1919.5345454545457,1020.2763636363636,1470.8363636363638,24.857939451240235,37.968643343093746,957.9179862358258,10.0,7.657871246337891,,,,,3.0,5.0,5.0
2025-08-18 20:09:58,1917.6727272727273,1020.2763636363636,1470.8363636363638,24.872997907642276,37.87445067555282,957.8587229122631,10.0,7.652593612670898,,,,,3.0,4.0,4.0
2025-08-18 20:10:04,1915.8109090909093,1025.8618181818183,1472.698181818182,24.80774461548426,37.974891098850655,957.8649547841106,10.0,7.630309104919434,,,,,3.0,4.0,4.0
2025-08-18 20:10:10,1919.5345454545457,1027.7236363636364,1472.698181818182,24.812764097750186,37.96897511458641,957.9843980219969,10.0,7.637801170349121,,,,,2.0,4.0,4.0
2025-08-18 20:10:16,1917.6727272727273,1018.4145454545455,1468.9745454545455,24.883036880032158,37.8861352986898,957.9305803763914,10.0,7.658658027648926,,,,,3.0,4.0,4.0
2025-08-18 20:10:22,1919.5345454545457,1016.5527272727272,1470.8363636363638,24.893075853586197,37.886059502493865,957.9467546558503,10.0,7.669252395629883,,,,,2.0,4.0,4.0
2025-08-18 20:10:28,1919.5345454545457,1012.829090909091,1468.9745454545455,24.973387683928014,37.71488384631047,957.9090764303285,10.0,7.681936264038086,,,,,3.0,5.0,5.0
2025-08-18 20:10:34,1917.6727272727273,1014.6909090909091,1470.8363636363638,24.96334870106075,37.756135199380935,957.9207495313831,10.0,7.671710968017578,,,,,4.0,6.0,6.0
2025-08-18 20:10:40,1917.6727272727273,1020.2763636363636,1472.698181818182,25.013543627038597,37.71456357762946,957.9180721098888,10.0,7.660043716430664,,,,,5.0,7.0,9.0
2025-08-18 20:10:46,1917.6727272727273,1016.5527272727272,1468.9745454545455,24.983426667959428,37.72656767515083,957.9530956792582,10.0,7.668385028839111,,,,,5.0,7.0,9.0
2025-08-18 20:10:52,1917.6727272727273,1018.4145454545455,1472.698181818182,24.96334870106075,37.856120796132515,957.9485952099266,10.0,7.66274356842041,,,,,5.0,7.0,8.0
2025-08-18 20:10:58,1919.5345454545457,1010.9672727272728,1470.8363636363638,24.948290228942643,37.826829669110815,957.8964902516664,10.0,7.685295104980469,,,,,6.0,7.0,9.0
2025-08-18 20:11:04,1917.6727272727273,1005.3818181818183,1468.9745454545455,24.92319278123323,37.84466573662433,957.9395903841023,10.0,7.693444728851318,,,,,5.0,6.0,8.0
2025-08-18 20:11:10,1913.949090909091,999.7963636363637,1467.1127272727272,24.90813431610004,37.95063217753063,957.9431730502952,10.0,7.696397304534912,,,,,4.0,5.0,7.0
2025-08-18 20:11:16,1917.6727272727273,1003.5200000000001,1467.1127272727272,24.92319278123323,37.86818929931803,957.9395903841023,10.0,7.698132514953613,,,,,5.0,7.0,8.0
2025-08-18 20:11:22,1915.8109090909093,1009.1054545454546,1467.1127272727272,24.948290228942643,37.81506710509108,957.9800253036447,10.0,7.6805572509765625,,,,,3.0,4.0,6.0
2025-08-18 20:11:28,1917.6727272727273,1010.9672727272728,1467.1127272727272,24.948290228942643,37.86799832455639,957.9800253036447,10.0,7.68112850189209,,,,,4.0,6.0,7.0
2025-08-18 20:11:34,1917.6727272727273,1016.5527272727272,1468.9745454545455,24.933231759443878,37.85046988688504,957.9836086356877,10.0,7.666402339935303,,,,,3.0,4.0,4.0
2025-08-18 20:13:40,1919.5345454545457,1018.4145454545455,1470.8363636363638,24.677238178724657,38.48126604025724,957.9330306211507,10.0,7.654257774353027,,,,,5.0,6.0,6.0
2025-08-18 20:13:46,1917.6727272727273,1018.4145454545455,1467.1127272727272,24.777627728000517,38.50415979104257,958.0112951152186,10.0,7.654864311218262,,,,,3.0,4.0,4.0
2025-08-18 20:13:52,1915.8109090909093,1020.2763636363636,1470.8363636363638,24.847900481760735,38.32736043705593,957.9574931093415,10.0,7.647599697113037,,,,,4.0,5.0,5.0
2025-08-18 20:13:58,1917.6727272727273,1016.5527272727272,1468.9745454545455,24.893075853586197,38.39174023324823,957.9189120778418,10.0,7.663910388946533,,,,,4.0,4.0,6.0
2025-08-18 20:14:04,1915.8109090909093,1014.6909090909091,1467.1127272727272,24.822803063155153,38.574423564789434,957.9448951289434,10.0,7.6603803634643555,,,,,4.0,4.0,6.0
2025-08-18 20:14:10,1917.6727272727273,1020.2763636363636,1468.9745454545455,24.74751085099415,38.78057364221538,957.9906009080083,10.0,7.648597717285156,,,,,4.0,5.0,7.0
2025-08-18 20:14:16,1915.8109090909093,1014.6909090909091,1467.1127272727272,24.702335555129686,38.85133726389184,958.0291421884772,10.0,7.655743598937988,,,,,4.0,6.0,7.0
2025-08-18 20:14:22,1915.8109090909093,1014.6909090909091,1468.9745454545455,24.84288099745754,38.486123245211424,957.9772459434495,10.0,7.661708354949951,,,,,5.0,6.0,8.0
2025-08-18 20:14:29,1915.8109090909093,1009.1054545454546,1468.9745454545455,24.78264720852021,38.42771514976001,957.935870393699,10.0,7.672304153442383,,,,,4.0,6.0,6.0
2025-08-18 20:14:35,1912.0872727272729,1003.5200000000001,1467.1127272727272,24.737471894320333,38.451508882952346,958.0300954485393,10.0,7.674892902374268,,,,,4.0,6.0,6.0
2025-08-18 20:14:41,1912.0872727272729,996.0727272727273,1467.1127272727272,24.78264720852021,38.43359320334054,957.9915458596573,10.0,7.695302963256836,,,,,3.0,5.0,5.0
2025-08-18 20:14:47,1908.3636363636365,999.7963636363637,1468.9745454545455,24.777627728000517,38.445380674349096,957.9556200602988,10.0,7.674811840057373,,,,,4.0,6.0,6.0
2025-08-18 20:14:53,1908.3636363636365,996.0727272727273,1463.389090909091,24.84288099745754,38.32151425926822,958.0050863546552,10.0,7.687872886657715,,,,,5.0,6.0,6.0
2025-08-18 20:14:59,1906.5018181818184,1001.6581818181819,1463.389090909091,24.81778358030715,38.4039795457816,957.908968254607,10.0,7.66624641418457,,,,,5.0,6.0,8.0
2025-08-18 20:15:05,1908.3636363636365,1007.2436363636364,1463.389090909091,24.812764097750186,38.36874031902324,958.0400762219521,10.0,7.65880012512207,,,,,5.0,7.0,8.0
2025-08-18 20:15:11,1908.3636363636365,1010.9672727272728,1465.2509090909093,24.757549808832117,38.480772152182155,957.9511047606323,10.0,7.645729064941406,,,,,5.0,8.0,9.0
2025-08-18 20:15:17,1908.3636363636365,1005.3818181818183,1463.389090909091,24.802725133509377,38.37468335923922,958.0517379858433,10.0,7.663147926330566,,,,,5.0,7.0,9.0
2025-08-18 20:15:23,1908.3636363636365,1010.9672727272728,1463.389090909091,24.78264720852021,38.52764068600447,958.0193836261046,10.0,7.647805690765381,,,,,5.0,7.0,9.0
2025-08-18 20:15:26,1908.3636363636365,1012.829090909091,1467.1127272727272,24.802725133509377,38.52751870753487,958.0795766859362,10.0,7.644845008850098,,,,,5.0,7.0,7.0
2025-08-18 20:15:32,1906.5018181818184,1010.9672727272728,1463.389090909091,24.752530329767616,38.615984558747805,958.0265259010398,10.0,7.641261100769043,,,,,6.0,8.0,8.0
2025-08-18 20:15:38,1910.2254545454546,1014.6909090909091,1465.2509090909093,24.662179756374098,38.869177503544925,958.0757597883451,10.0,7.6387224197387695,,,,,5.0,7.0,7.0
2025-08-18 20:15:44,1912.0872727272729,1022.1381818181819,1465.2509090909093,24.652140809595586,38.822225284866626,958.0874122825421,10.0,7.624861240386963,,,,,5.0,7.0,7.0
2025-08-18 20:15:50,1913.949090909091,1018.4145454545455,1465.2509090909093,24.531673539057373,38.86398618319691,958.0323951677902,10.0,7.632970333099365,,,,,5.0,7.0,7.0
2025-08-18 20:15:56,1913.949090909091,1020.2763636363636,1465.2509090909093,24.50155674761627,39.022726908825895,957.9838535773921,10.0,7.626306533813477,,,,,5.0,7.0,7.0
2025-08-18 20:16:02,1915.8109090909093,1018.4145454545455,1465.2509090909093,24.596926623123,38.94001725563211,958.0262539791287,10.0,7.641299247741699,,,,,6.0,7.0,7.0
2025-08-18 20:16:08,1913.949090909091,1016.5527272727272,1463.389090909091,24.60696556349867,38.83421707834493,958.0146037271505,10.0,7.641046524047852,,,,,6.0,8.0,8.0
2025-08-18 20:16:14,1915.8109090909093,1016.5527272727272,1465.2509090909093,24.60696556349867,38.85771718974452,958.0146037271505,10.0,7.6462860107421875,,,,,7.0,8.0,8.0
2025-08-18 20:16:20,1915.8109090909093,1016.5527272727272,1465.2509090909093,24.601946093165317,38.81661875605333,958.0900035435086,10.0,7.646961212158203,,,,,6.0,8.0,8.0
2025-08-18 20:16:26,1915.8109090909093,1018.4145454545455,1467.1127272727272,24.571829277276994,38.89314889327862,958.0136335344969,10.0,7.6399126052856445,,,,,6.0,7.0,7.0
2025-08-18 20:16:32,1915.8109090909093,1014.6909090909091,1463.389090909091,24.622023976244964,38.7753840408727,958.0388729604223,10.0,7.651951789855957,,,,,5.0,6.0,6.0
2025-08-18 20:16:38,1915.8109090909093,1016.5527272727272,1463.389090909091,24.60696556349867,38.80484171185478,958.0424337651307,10.0,7.646605491638184,,,,,5.0,6.0,6.0
2025-08-18 20:16:44,1917.6727272727273,1020.2763636363636,1463.389090909091,24.58186821474228,38.86959844371736,958.0298134590907,10.0,7.641137599945068,,,,,5.0,5.0,5.0
2025-08-18 20:16:50,1913.949090909091,1016.5527272727272,1465.2509090909093,24.622023976244964,38.84588748151705,958.0388729604223,10.0,7.642080307006836,,,,,4.0,5.0,5.0
2025-08-18 20:16:56,1917.6727272727273,1012.829090909091,1465.2509090909093,24.561790340975858,38.95194377191409,958.0531098235546,10.0,7.659210205078125,,,,,4.0,4.0,4.0
2025-08-18 20:17:02,1915.8109090909093,1016.5527272727272,1468.9745454545455,24.546731938706944,38.993137626777695,957.9731842779852,10.0,7.642923355102539,,,,,4.0,5.0,5.0
2025-08-18 20:17:08,1912.0872727272729,1010.9672727272728,1463.389090909091,24.58688768391148,38.98706465487063,958.037903468949,10.0,7.6492533683776855,,,,,5.0,6.0,6.0
2025-08-18 20:17:14,1908.3636363636365,1010.9672727272728,1465.2509090909093,24.622023976244964,38.89288896725865,958.0667036818521,10.0,7.640812873840332,,,,,4.0,5.0,6.0
2025-08-18 20:17:20,1912.0872727272729,1014.6909090909091,1468.9745454545455,24.742491372511722,38.73946248452198,958.0938564782714,10.0,7.647982120513916,,,,,5.0,7.0,8.0
2025-08-18 20:17:26,1912.0872727272729,1010.9672727272728,1465.2509090909093,24.76758876783424,38.662916223249574,958.0229552935838,10.0,7.6576337814331055,,,,,5.0,8.0,9.0
2025-08-18 20:17:32,1912.0872727272729,1012.829090909091,1463.389090909091,24.837861513445386,38.633118259288565,958.0248385814792,10.0,7.656363010406494,,,,,6.0,9.0,10.0
2025-08-18 20:43:14,1910.2254545454546,1014.6909090909091,1461.5272727272727,23.693426756520058,41.17744453127541,958.29353009966,10.0,7.595741271972656,,,,,4.0,6.0,6.0
2025-08-18 20:43:20,1910.2254545454546,1007.2436363636364,1455.9418181818182,23.743620946170996,41.195038586230154,958.3467218847602,10.0,7.6175537109375,,,,,4.0,6.0,6.0
2025-08-18 20:43:26,1908.3636363636365,1005.3818181818183,1454.0800000000002,23.813892860576743,41.0895690399356,958.3767155653138,10.0,7.620726585388184,,,,,4.0,6.0,6.0
2025-08-18 20:43:32,1908.3636363636365,1007.2436363636364,1459.6654545454546,23.849028839170934,41.01923588151391,958.3222154503788,10.0,7.617027282714844,,,,,5.0,7.0,7.0
2025-08-18 20:43:38,1906.5018181818184,1007.2436363636364,1455.9418181818182,23.83898998668883,41.05440391633424,958.3060206863632,10.0,7.611138820648193,,,,,5.0,7.0,9.0
2025-08-18 20:43:44,1908.3636363636365,1007.2436363636364,1457.8036363636365,23.803854012169175,41.1071501561434,958.3049296800558,10.0,7.614676475524902,,,,,6.0,8.0,9.0
2025-08-18 20:43:50,1908.3636363636365,1009.1054545454546,1459.6654545454546,23.859067692817188,41.00751184558278,958.3384103424885,10.0,7.613028526306152,,,,,5.0,8.0,9.0
2025-08-18 20:43:56,1906.5018181818184,1007.2436363636364,1454.0800000000002,23.894203689746792,40.94302480173434,958.3950934733892,10.0,7.614858627319336,,,,,5.0,7.0,8.0
2025-08-18 20:44:02,1908.3636363636365,1007.2436363636364,1455.9418181818182,23.87412597546936,41.054402791766506,958.3071069741123,10.0,7.618071556091309,,,,,5.0,7.0,9.0
2025-08-18 20:44:08,1910.2254545454546,1010.9672727272728,1459.6654545454546,23.864087120076874,41.11301728173519,958.2631153164139,10.0,7.612932205200195,,,,,5.0,7.0,7.0
2025-08-18 20:44:14,1906.5018181818184,1007.2436363636364,1457.8036363636365,23.884164832026,41.08957255222827,958.3233012753881,10.0,7.61354923248291,,,,,5.0,8.0,8.0
2025-08-18 20:44:20,1906.5018181818184,1005.3818181818183,1457.8036363636365,23.92933970093727,40.89611368859427,958.284975567862,10.0,7.619843006134033,,,,,6.0,8.0,8.0
2025-08-18 20:44:26,1908.3636363636365,1007.2436363636364,1455.9418181818182,23.919300839141943,40.96060430321286,958.296582435571,10.0,7.620072364807129,,,,,6.0,8.0,8.0
2025-08-18 20:44:32,1908.3636363636365,1009.1054545454546,1457.8036363636365,23.909261978510767,40.90198430013735,958.3359880544677,10.0,7.6153788566589355,,,,,6.0,8.0,8.0
2025-08-18 20:44:35,1910.2254545454546,1007.2436363636364,1455.9418181818182,23.894203689746792,40.925438608511826,958.2838980250059,10.0,7.623922348022461,,,,,6.0,8.0,8.0
2025-08-18 20:44:41,1910.2254545454546,1010.9672727272728,1457.8036363636365,23.8691065476276,40.984063922455434,958.3546053626769,10.0,7.614250183105469,,,,,6.0,8.0,8.0
2025-08-18 20:44:47,1910.2254545454546,1014.6909090909091,1459.6654545454546,23.823931710148464,41.036821395674615,958.3373202612764,10.0,7.602524757385254,,,,,5.0,8.0,8.0
2025-08-18 20:44:53,1912.0872727272729,1010.9672727272728,1455.9418181818182,23.833970560884335,41.07198718832834,958.3535157441017,10.0,7.617800712585449,,,,,5.0,8.0,8.0
2025-08-18 20:44:59,1912.0872727272729,1012.829090909091,1457.8036363636365,23.783776318846503,41.20677181368742,958.383715552112,10.0,7.611139297485352,,,,,5.0,8.0,8.0
2025-08-18 20:45:05,1913.949090909091,1016.5527272727272,1461.5272727272727,23.7486403667368,41.33567020082044,958.3826127048684,10.0,7.605362892150879,,,,,6.0,8.0,8.0
2025-08-18 21:21:48,1904.64,997.9345454545455,1442.909090909091,23.33202945017838,42.845360139662866,958.710403217136,10.0,7.610701084136963,,,,,3.0,4.0,6.0
2025-08-18 21:21:54,1902.7781818181818,996.0727272727273,1442.909090909091,23.447475647926332,42.652691359322894,958.5912321530254,10.0,7.6141557693481445,,,,,4.0,5.0,6.0
2025-08-18 21:22:00,1902.7781818181818,996.0727272727273,1442.909090909091,23.49265028895461,42.559196532858664,958.6641546986097,10.0,7.61720085144043,,,,,4.0,5.0,6.0
2025-08-18 21:22:06,1902.7781818181818,992.3490909090909,1442.909090909091,23.4976696949685,42.58263023673584,958.6444757264247,10.0,7.626563549041748,,,,,4.0,5.0,7.0
2025-08-18 21:22:12,1899.0545454545456,994.2109090909092,1441.047272727273,23.447475647926332,42.711223268214596,958.6190115362822,10.0,7.608759880065918,,,,,4.0,5.0,7.0
2025-08-18 21:22:18,1900.916363636364,992.3490909090909,1439.1854545454546,23.507708507869392,42.55339492093875,958.6606806995235,10.0,7.622014999389648,,,,,4.0,5.0,5.0
2025-08-18 21:22:24,1900.916363636364,996.0727272727273,1441.047272727273,23.48763088323176,42.483077051944505,958.683833269763,10.0,7.611942768096924,,,,,4.0,5.0,5.0
2025-08-18 21:22:30,1899.0545454545456,996.0727272727273,1439.1854545454546,23.447475647926332,42.506357191443286,958.6467909417569,10.0,7.604330062866211,,,,,4.0,6.0,7.0
2025-08-18 21:22:36,1900.916363636364,1001.6581818181819,1439.1854545454546,23.41735923367087,42.535520099300506,958.6537307727882,10.0,7.5941619873046875,,,,,4.0,6.0,9.0
2025-08-18 21:22:42,1904.64,1003.5200000000001,1441.047272727273,23.41735923367087,42.55893220460606,958.6537307727882,10.0,7.599944591522217,,,,,5.0,6.0,10.0
2025-08-18 21:22:48,1904.64,1001.6581818181819,1437.3236363636363,23.397281629987994,42.61153559930513,958.5935415465007,10.0,7.602923393249512,,,,,4.0,4.0,8.0
2025-08-18 21:22:54,1904.64,1003.5200000000001,1439.1854545454546,23.427398037258534,42.59993930356654,958.6421584537503,10.0,7.600303649902344,,,,,3.0,4.0,7.0
2025-08-18 21:23:00,1906.5018181818184,1005.3818181818183,1441.047272727273,23.452495051320874,42.50637423019554,958.6548937734763,10.0,7.602175235748291,,,,,3.0,4.0,6.0
2025-08-18 21:23:06,1908.3636363636365,1005.3818181818183,1439.1854545454546,23.407320431247353,42.57060251355386,958.6653023320569,10.0,7.605378150939941,,,,,4.0,5.0,5.0
2025-08-18 21:23:12,1908.3636363636365,1005.3818181818183,1439.1854545454546,23.402301030472152,42.541320589144696,958.629421684354,10.0,7.604674339294434,,,,,4.0,6.0,6.0
2025-08-18 21:23:18,1910.2254545454546,1009.1054545454546,1441.047272727273,23.407320431247353,42.558896784938675,958.6097470533899,10.0,7.600552082061768,,,,,5.0,6.0,6.0
2025-08-18 21:23:24,1908.3636363636365,1007.2436363636364,1441.047272727273,23.337048846879043,42.69323990944336,958.6629581875916,10.0,7.597337245941162,,,,,4.0,6.0,6.0
2025-08-18 21:23:30,1908.3636363636365,1003.5200000000001,1439.1854545454546,23.447475647926332,42.57659837570716,958.6190115362822,10.0,7.611422538757324,,,,,4.0,6.0,8.0
2025-08-18 21:23:36,1910.2254545454546,1009.1054545454546,1444.770909090909,23.407320431247353,42.60571945831007,958.6653023320569,10.0,7.601261615753174,,,,,4.0,5.0,7.0
2025-08-18 21:23:42,1908.3636363636365,1007.2436363636364,1441.047272727273,23.342068243870745,42.70496283809264,958.6988367056924,10.0,7.598028659820557,,,,,4.0,5.0,7.0
2025-08-18 21:31:45,1906.5018181818184,994.2109090909092,1442.909090909091,23.31697126182262,43.06178413090822,958.6027700023916,10.0,7.623323440551758,,,,,4.0,5.0,7.0
2025-08-18 21:31:51,1904.64,996.0727272727273,1441.047272727273,23.28685489296913,43.137697205948605,958.6374674093142,10.0,7.612432479858398,,,,,5.0,6.0,6.0
2025-08-18 21:31:57,1904.64,996.0727272727273,1439.1854545454546,23.29689368142281,43.19039963654305,958.6536751407823,10.0,7.613137245178223,,,,,4.0,6.0,6.0
2025-08-18 21:32:03,1906.5018181818184,997.9345454545455,1439.1854545454546,23.246699750795962,43.42997688729992,958.6281788355155,10.0,7.611056327819824,,,,,4.0,6.0,6.0
2025-08-18 21:32:09,1908.3636363636365,1003.5200000000001,1444.770909090909,23.1864670724608,43.44718704415928,958.6420042525647,10.0,7.599515914916992,,,,,4.0,6.0,8.0
2025-08-18 21:32:15,1908.3636363636365,1001.6581818181819,1442.909090909091,23.126234436035155,43.55795161785244,958.6558128195751,10.0,7.6015143394470215,,,,,3.0,6.0,7.0
2025-08-18 21:32:21,1906.5018181818184,999.7963636363637,1442.909090909091,23.13627320586238,43.61648621855489,958.6442573274438,10.0,7.601335048675537,,,,,3.0,7.0,9.0
2025-08-18 21:32:27,1908.3636363636365,1001.6581818181819,1446.6327272727274,23.1864670724608,43.54076092108315,958.6697721729972,10.0,7.604584693908691,,,,,4.0,8.0,10.0
2025-08-18 21:32:33,1904.64,999.7963636363637,1442.909090909091,23.156350749009288,43.75695035529183,958.7044438616921,10.0,7.597892761230469,,,,,5.0,7.0,7.0
2025-08-18 21:32:39,1904.64,997.9345454545455,1442.909090909091,23.166389522328974,43.66929792449925,958.692887391398,10.0,7.602870464324951,,,,,5.0,7.0,7.0
2025-08-18 21:32:45,1904.64,996.0727272727273,1444.770909090909,23.306932471040636,43.5005106193301,958.697656253151,10.0,7.6143107414245605,,,,,5.0,7.0,7.0
2025-08-18 21:32:51,1904.64,992.3490909090909,1442.909090909091,23.432417439488926,43.21448109915685,958.6502613843666,10.0,7.6290059089660645,,,,,5.0,6.0,7.0
2025-08-18 21:32:57,1902.7781818181818,992.3490909090909,1442.909090909091,23.437436842010356,43.1910974869709,958.7139223583788,10.0,7.6248064041137695,,,,,5.0,6.0,7.0
2025-08-18 21:33:03,1900.916363636364,994.2109090909092,1441.047272727273,23.52276672940352,42.94566952795011,958.6849884004795,10.0,7.61854362487793,,,,,5.0,7.0,8.0
2025-08-18 21:33:09,1900.916363636364,988.6254545454545,1441.047272727273,23.552883180329808,42.951654462908024,958.6780364513642,10.0,7.633954048156738,,,,,4.0,6.0,7.0
2025-08-18 21:33:15,1899.0545454545456,992.3490909090909,1441.047272727273,23.472572667809438,43.17371269802195,958.7428665770615,10.0,7.616408348083496,,,,,4.0,6.0,6.0
2025-08-18 21:33:24,1900.916363636364,996.0727272727273,1442.909090909091,23.41735923367087,43.17344248154642,958.6815088786476,10.0,7.608842372894287,,,,,5.0,6.0,6.0
2025-08-18 21:33:30,1902.7781818181818,996.0727272727273,1441.047272727273,23.347087641153486,43.29596614516397,958.7069406824094,10.0,7.611050605773926,,,,,4.0,5.0,5.0
2025-08-18 21:33:33,1902.7781818181818,996.0727272727273,1439.1854545454546,23.347087641153486,43.2491592822966,958.6513906465499,10.0,7.610333442687988,,,,,5.0,6.0,6.0
2025-08-18 21:33:39,1900.916363636364,990.4872727272729,1439.1854545454546,23.397281629987994,43.18504726607916,958.6768731315758,10.0,7.621859550476074,,,,,5.0,7.0,7.0
2025-08-18 21:45:51,1884.16,981.1781818181819,1433.6000000000001,23.21658340638969,43.52339014340531,958.7739400833831,10.0,7.590877056121826,,,,,4.0,5.0,6.0
2025-08-18 21:45:57,1887.8836363636362,983.0400000000001,1433.6000000000001,23.21658340638969,43.49414645521332,958.7184014436476,10.0,7.595942497253418,,,,,4.0,5.0,7.0
2025-08-18 21:46:03,1889.7454545454545,990.4872727272729,1433.6000000000001,23.126234436035155,43.69828791494874,958.7113433957944,10.0,7.578092098236084,,,,,4.0,6.0,7.0
2025-08-18 21:46:09,1889.7454545454545,983.0400000000001,1431.7381818181818,23.14631197685376,43.745192036536835,958.7437657826814,10.0,7.59820556640625,,,,,4.0,6.0,6.0
2025-08-18 21:46:15,1886.0218181818184,979.3163636363637,1431.7381818181818,23.171408909425374,43.64008919244461,958.7287598191575,10.0,7.598093032836914,,,,,4.0,6.0,6.0
2025-08-18 21:46:21,1887.8836363636362,981.1781818181819,1437.3236363636363,23.256738534593023,43.50022469618628,958.7832422798743,10.0,7.603368759155273,,,,,4.0,6.0,6.0
2025-08-18 21:46:27,1886.0218181818184,977.4545454545455,1431.7381818181818,23.29187428705045,43.412677702726135,958.7011164186215,10.0,7.608138561248779,,,,,4.0,5.0,5.0
2025-08-18 21:46:33,1882.2981818181818,981.1781818181819,1435.4618181818184,23.306932471040636,43.453710786328315,958.697656253151,10.0,7.589032173156738,,,,,4.0,5.0,5.0
2025-08-18 21:46:39,1886.0218181818184,986.7636363636365,1435.4618181818184,23.23666096816305,43.48841198461358,958.723051406096,10.0,7.582385540008545,,,,,4.0,4.0,8.0
2025-08-18 21:46:45,1887.8836363636362,983.0400000000001,1435.4618181818184,23.271796712471406,43.48861160639079,958.7242428192195,10.0,7.598673343658447,,,,,4.0,4.0,9.0
2025-08-18 21:46:54,1886.0218181818184,981.1781818181819,1433.6000000000001,23.337048846879043,43.360270759295695,958.7740566153714,10.0,7.601840972900391,,,,,3.0,4.0,9.0
2025-08-18 21:47:00,1887.8836363636362,983.0400000000001,1435.4618181818184,23.337048846879043,43.266660267503774,958.7740566153714,10.0,7.60234260559082,,,,,3.0,5.0,9.0
2025-08-18 21:47:06,1887.8836363636362,981.1781818181819,1435.4618181818184,23.347087641153486,43.301816957830376,958.7069406824094,10.0,7.606686592102051,,,,,4.0,5.0,7.0
2025-08-18 21:47:12,1886.0218181818184,986.7636363636365,1435.4618181818184,23.29187428705045,43.629116828770904,958.7011164186215,10.0,7.584842681884766,,,,,4.0,6.0,7.0
2025-08-18 21:47:18,1889.7454545454545,984.9018181818182,1433.6000000000001,23.306932471040636,43.652605638525564,958.7254295272032,10.0,7.601001739501953,,,,,4.0,5.0,6.0
2025-08-18 21:47:24,1889.7454545454545,984.9018181818182,1431.7381818181818,23.226622186694293,43.66381747722837,958.762381223097,10.0,7.597596645355225,,,,,4.0,5.0,6.0
2025-08-18 21:47:30,1891.6072727272729,986.7636363636365,1431.7381818181818,23.156350749009288,43.850509396574644,958.7322105048025,10.0,7.594465255737305,,,,,4.0,6.0,7.0
2025-08-18 21:47:36,1889.7454545454545,990.4872727272729,1433.6000000000001,23.17642829681281,43.82724995889009,958.6813301618397,10.0,7.5802130699157715,,,,,4.0,5.0,8.0
2025-08-18 21:47:42,1891.6072727272729,990.4872727272729,1433.6000000000001,23.171408909425374,43.74535010391928,958.6732252334172,10.0,7.585049629211426,,,,,4.0,5.0,7.0
2025-08-18 21:47:48,1893.4690909090912,988.6254545454545,1435.4618181818184,23.23666096816305,43.61123953535707,958.6675110780402,10.0,7.597970008850098,,,,,4.0,5.0,6.0
2025-08-18 21:47:54,1893.4690909090912,992.3490909090909,1435.4618181818184,23.26677731955424,43.634815778041016,958.6883666910355,10.0,7.590332984924316,,,,,4.0,5.0,7.0
2025-08-18 21:48:00,1895.330909090909,990.4872727272729,1435.4618181818184,23.21658340638969,43.8275096260857,958.7461707524145,10.0,7.598623752593994,,,,,4.0,7.0,7.0
2025-08-18 21:48:06,1893.4690909090912,990.4872727272729,1433.6000000000001,23.211564016673947,43.78654008479077,958.7380655655226,10.0,7.593036651611328,,,,,4.0,7.0,8.0
2025-08-18 21:48:12,1895.330909090909,990.4872727272729,1433.6000000000001,23.21658340638969,43.72224056872196,958.7184014436476,10.0,7.598224639892578,,,,,4.0,8.0,11.0
2025-08-18 21:48:18,1897.1927272727273,990.4872727272729,1435.4618181818184,23.156350749009288,43.91482974739724,958.7044438616921,10.0,7.600462913513184,,,,,3.0,7.0,10.0
2025-08-18 21:48:24,1897.1927272727273,990.4872727272729,1435.4618181818184,23.1864670724608,43.80392367630727,958.6975401156292,10.0,7.601780891418457,,,,,4.0,6.0,10.0
2025-08-18 21:48:30,1897.1927272727273,992.3490909090909,1437.3236363636363,23.17642829681281,43.739533877353416,958.6257952095216,10.0,7.595697402954102,,,,,4.0,6.0,10.0
2025-08-18 21:48:36,1897.1927272727273,994.2109090909092,1435.4618181818184,23.14631197685376,43.77442895428264,958.6882333850008,10.0,7.590353965759277,,,,,4.0,6.0,7.0
2025-08-18 21:48:42,1899.0545454545456,992.3490909090909,1433.6000000000001,23.16137013552361,43.71020108948899,958.7403160193211,10.0,7.601602077484131,,,,,4.0,6.0,6.0
2025-08-18 21:48:48,1899.0545454545456,994.2109090909092,1435.4618181818184,23.13627320586238,43.733434163426665,958.6720230376236,10.0,7.59487247467041,,,,,5.0,7.0,7.0
2025-08-18 21:48:54,1900.916363636364,999.7963636363637,1437.3236363636363,23.111176283477107,43.72742942052858,958.7425562440774,10.0,7.585720062255859,,,,,5.0,7.0,7.0
2025-08-18 21:49:00,1900.916363636364,999.7963636363637,1437.3236363636363,23.01078866669559,43.92554370110635,958.6914855578269,10.0,7.5803327560424805,,,,,4.0,7.0,7.0
2025-08-18 21:49:06,1902.7781818181818,997.9345454545455,1437.3236363636363,23.02584680179134,43.96656390658593,958.6047607827717,10.0,7.589908599853516,,,,,4.0,6.0,6.0
2025-08-18 21:49:12,1904.64,999.7963636363637,1441.047272727273,23.08607936836779,43.90266664713064,958.6742636743047,10.0,7.594191551208496,,,,,4.0,6.0,6.0
2025-08-18 21:49:18,1904.64,999.7963636363637,1437.3236363636363,23.166389522328974,43.76286148259891,958.6651203373127,10.0,7.597892761230469,,,,,3.0,5.0,5.0
2025-08-18 21:49:24,1904.64,997.9345454545455,1437.3236363636363,23.151331362786003,43.79785053507153,958.7518714602321,10.0,7.602938175201416,,,,,4.0,4.0,4.0
2025-08-18 21:49:30,1904.64,1001.6581818181819,1441.047272727273,23.13125382080325,43.809415785471394,958.7472144930999,10.0,7.592556476593018,,,,,4.0,5.0,5.0
2025-08-18 21:49:36,1906.5018181818184,997.9345454545455,1439.1854545454546,23.166389522328974,43.751166178319764,958.6651203373127,10.0,7.607789516448975,,,,,4.0,5.0,6.0
2025-08-18 21:49:43,1906.5018181818184,996.0727272727273,1439.1854545454546,23.181447684491285,43.815586974622846,958.633899714887,10.0,7.612836837768555,,,,,4.0,6.0,7.0
2025-08-18 21:49:49,1904.64,1001.6581818181819,1442.909090909091,23.1864670724608,43.7512927510017,958.7530760674915,10.0,7.595268249511719,,,,,4.0,6.0,7.0
2025-08-18 22:36:55,1889.7454545454545,981.1781818181819,1429.8763636363635,22.82005251553492,45.857668630997566,958.6332400147472,10.0,7.586747646331787,,,,,4.0,6.0,7.0
2025-08-18 22:37:01,1889.7454545454545,979.3163636363637,1428.0145454545457,22.8351106174523,45.86951640640633,958.6575610725604,10.0,7.592463970184326,,,,,4.0,7.0,7.0
2025-08-18 22:37:07,1889.7454545454545,981.1781818181819,1428.0145454545457,22.86020745980204,45.70043316583266,958.6703432525045,10.0,7.589073181152344,,,,,3.0,5.0,5.0
2025-08-18 22:37:13,1889.7454545454545,986.7636363636365,1429.8763636363635,22.789936319558183,45.76974386069006,958.6678500441063,10.0,7.5716423988342285,,,,,3.0,5.0,5.0
2025-08-18 22:37:19,1891.6072727272729,984.9018181818182,1429.8763636363635,22.72468459755182,45.92082004357695,958.673445990235,10.0,7.5785346031188965,,,,,4.0,6.0,6.0
2025-08-18 22:37:25,1893.4690909090912,981.1781818181819,1428.0145454545457,22.799975050386273,45.80489042366813,958.7118159488862,10.0,7.597179889678955,,,,,5.0,6.0,6.0
2025-08-18 22:37:31,1891.6072727272729,981.1781818181819,1428.0145454545457,22.825071882549672,45.70005288106859,958.641347001556,10.0,7.592243194580078,,,,,5.0,5.0,5.0
2025-08-18 22:37:37,1889.7454545454545,983.0400000000001,1429.8763636363635,22.784916954580694,45.95069865536098,958.6597426016504,10.0,7.580740451812744,,,,,5.0,5.0,5.0
2025-08-18 22:37:43,1891.6072727272729,979.3163636363637,1424.290909090909,22.72970395903685,45.996772914059235,958.6815539533653,10.0,7.592954635620117,,,,,5.0,5.0,5.0
2025-08-18 22:37:49,1891.6072727272729,981.1781818181819,1428.0145454545457,22.649394210200988,46.38106652223843,958.6905515760299,10.0,7.58469295501709,,,,,5.0,5.0,5.0
2025-08-18 22:37:55,1893.4690909090912,983.0400000000001,1428.0145454545457,22.594181301095524,46.444570636971406,958.7123262632552,10.0,7.58287239074707,,,,,4.0,5.0,5.0
2025-08-18 22:38:01,1889.7454545454545,981.1781818181819,1428.0145454545457,22.639355496835197,46.27005150482907,958.6743344466313,10.0,7.578731536865234,,,,,5.0,6.0,6.0
2025-08-18 22:38:08,1893.4690909090912,981.1781818181819,1426.1527272727274,22.73472332081292,46.020183302440145,958.6619139194543,10.0,7.593512058258057,,,,,5.0,6.0,6.0
2025-08-18 22:38:14,1889.7454545454545,983.0400000000001,1433.6000000000001,22.784916954580694,45.93318197693924,958.7152431027998,10.0,7.581425189971924,,,,,5.0,6.0,6.0
2025-08-18 22:38:20,1891.6072727272729,975.5927272727274,1428.0145454545457,22.79495568482671,45.79315627987127,958.7037082138262,10.0,7.605644226074219,,,,,3.0,5.0,5.0
2025-08-18 22:38:26,1891.6072727272729,981.1781818181819,1428.0145454545457,22.694568434753457,46.21235208641919,958.6802913774854,10.0,7.586666584014893,,,,,2.0,3.0,3.0
2025-08-18 22:38:32,1891.6072727272729,986.7636363636365,1429.8763636363635,22.659432924730936,46.334499093714186,958.6790241097967,10.0,7.570975303649902,,,,,4.0,5.0,5.0
2025-08-18 22:38:38,1891.6072727272729,979.3163636363637,1426.1527272727274,22.664452282432467,46.229499865436054,958.6871325607386,10.0,7.5899858474731445,,,,,4.0,6.0,6.0
2025-08-18 22:38:44,1891.6072727272729,979.3163636363637,1428.0145454545457,22.73472332081292,46.020183302440145,958.6341659120766,10.0,7.592623710632324,,,,,4.0,6.0,6.0
2025-08-18 22:38:50,1889.7454545454545,983.0400000000001,1433.6000000000001,22.739742682880024,45.973535822269376,958.6977699771359,10.0,7.579046726226807,,,,,5.0,7.0,7.0
2025-08-18 22:48:56,1893.4690909090912,988.6254545454545,1433.6000000000001,22.88028493892052,45.2392148069687,958.5362451309703,10.0,7.579890251159668,,,,,5.0,6.0,6.0
2025-08-18 22:49:02,1895.330909090909,988.6254545454545,1435.4618181818184,22.910401166329393,45.15188159863364,958.52936896169,10.0,7.586446285247803,,,,,4.0,5.0,5.0
2025-08-18 22:49:08,1891.6072727272729,984.9018181818182,1431.7381818181818,22.890323680225993,45.18673913584693,958.607966347733,10.0,7.585376739501953,,,,,4.0,4.0,4.0
2025-08-18 22:49:14,1891.6072727272729,984.9018181818182,1431.7381818181818,22.870246198779206,45.28584612103047,958.5755414608168,10.0,7.584056854248047,,,,,3.0,4.0,4.0
2025-08-18 22:49:20,1893.4690909090912,986.7636363636365,1435.4618181818184,22.930478657089406,45.14623134766996,958.5895478191773,10.0,7.587613105773926,,,,,3.0,4.0,4.0
2025-08-18 22:49:29,1893.4690909090912,986.7636363636365,1435.4618181818184,22.960594901960576,45.111462945206775,958.5271519486361,10.0,7.588273048400879,,,,,4.0,5.0,5.0
2025-08-18 22:49:35,1893.4690909090912,984.9018181818182,1433.6000000000001,22.940517404215644,45.16385396909779,958.4947316204909,10.0,7.5916032791137695,,,,,4.0,6.0,6.0
2025-08-18 22:49:41,1891.6072727272729,983.0400000000001,1429.8763636363635,23.020827423135053,45.01853549884457,958.5411343560921,10.0,7.595446586608887,,,,,3.0,5.0,5.0
2025-08-18 22:49:47,1893.4690909090912,983.0400000000001,1433.6000000000001,23.106156899873167,44.83813002716764,958.6511571378201,10.0,7.606071472167969,,,,,4.0,5.0,6.0
2025-08-18 22:49:53,1891.6072727272729,981.1781818181819,1429.8763636363635,23.106156899873167,44.744608654527426,958.5678641055263,10.0,7.60444450378418,,,,,3.0,4.0,5.0
2025-08-18 22:49:59,1889.7454545454545,984.9018181818182,1433.6000000000001,23.096118133538404,44.767902717773424,958.5516551862702,10.0,7.589190483093262,,,,,3.0,4.0,5.0
2025-08-18 22:50:05,1891.6072727272729,979.3163636363637,1431.7381818181818,23.13627320586238,44.739020821716565,958.5887259736716,10.0,7.610843181610107,,,,,3.0,5.0,6.0
2025-08-18 22:50:11,1889.7454545454545,981.1781818181819,1431.7381818181818,23.191486460721354,44.61671722095261,958.5390364520716,10.0,7.6029229164123535,,,,,4.0,6.0,7.0
2025-08-18 22:50:17,1889.7454545454545,983.0400000000001,1433.6000000000001,23.17642829681281,44.6984404281654,958.5424929475349,10.0,7.597604751586914,,,,,5.0,6.0,6.0
2025-08-18 22:50:23,1889.7454545454545,983.0400000000001,1429.8763636363635,23.196505849272945,44.681070265041306,958.5193718788131,10.0,7.598267555236816,,,,,4.0,5.0,5.0
2025-08-18 22:50:29,1893.4690909090912,986.7636363636365,1433.6000000000001,23.096118133538404,44.91402443820497,958.5238913419142,10.0,7.594682216644287,,,,,4.0,5.0,5.0
2025-08-18 22:50:35,1893.4690909090912,986.7636363636365,1431.7381818181818,22.985691780690104,45.175971875944896,958.5954371009741,10.0,7.590363502502441,,,,,4.0,5.0,5.0
2025-08-18 22:50:41,1893.4690909090912,986.7636363636365,1433.6000000000001,23.106156899873167,45.0251650680208,958.6233927715283,10.0,7.596454620361328,,,,,4.0,5.0,5.0
2025-08-18 22:50:47,1891.6072727272729,984.9018181818182,1433.6000000000001,23.21658340638969,44.809864013409104,958.5795552328368,10.0,7.600597381591797,,,,,4.0,6.0,6.0
2025-08-18 22:50:53,1891.6072727272729,983.0400000000001,1433.6000000000001,23.28183549917885,44.65254603125081,958.5738194318878,10.0,7.608275413513184,,,,,4.0,6.0,6.0
2025-08-18 22:53:02,1887.8836363636362,979.3163636363637,1433.6000000000001,23.337048846879043,44.61206394800492,958.607409106962,10.0,7.610252380371094,,,,,4.0,6.0,6.0
2025-08-18 22:53:08,1886.0218181818184,981.1781818181819,1431.7381818181818,23.256738534593023,44.81605857690208,958.6443869613737,10.0,7.597022533416748,,,,,4.0,5.0,5.0
2025-08-18 22:53:14,1886.0218181818184,977.4545454545455,1429.8763636363635,23.31697126182262,44.81657943229022,958.6305436430098,10.0,7.6091203689575195,,,,,4.0,5.0,5.0
2025-08-18 22:53:20,1886.0218181818184,983.0400000000001,1431.7381818181818,23.21658340638969,44.93848468248621,958.6073244305959,10.0,7.590004920959473,,,,,4.0,4.0,4.0
2025-08-18 22:53:26,1887.8836363636362,986.7636363636365,1435.4618181818184,23.07604060436133,45.1943681741289,958.5192377359328,10.0,7.578117370605469,,,,,3.0,4.0,4.0
2025-08-18 22:53:32,1887.8836363636362,984.9018181818182,1428.0145454545457,22.98067240436212,45.45052324342074,958.5595727952341,10.0,7.578808307647705,,,,,3.0,4.0,5.0
2025-08-18 22:53:38,1889.7454545454545,983.0400000000001,1431.7381818181818,22.955575527087785,45.497002553441106,958.6578352753681,10.0,7.588749885559082,,,,,3.0,4.0,5.0
2025-08-18 22:53:44,1889.7454545454545,986.7636363636365,1431.7381818181818,22.91542053858284,45.64846014908709,958.6484981861448,10.0,7.577402591705322,,,,,3.0,4.0,5.0
2025-08-18 22:53:50,1889.7454545454545,988.6254545454545,1431.7381818181818,22.830091249855467,45.69426733258542,958.6772062426473,10.0,7.568984031677246,,,,,3.0,4.0,6.0
2025-08-18 22:53:56,1891.6072727272729,986.7636363636365,1433.6000000000001,22.82005251553492,45.84598961349493,958.660991781264,10.0,7.578275203704834,,,,,4.0,4.0,7.0
2025-08-18 22:54:02,1889.7454545454545,988.6254545454545,1435.4618181818184,22.88028493892052,45.79993829966191,958.6472626365362,10.0,7.5710835456848145,,,,,4.0,5.0,6.0
2025-08-18 22:54:08,1889.7454545454545,986.7636363636365,1433.6000000000001,22.895343051315287,45.8117855085309,958.6160726505543,10.0,7.576107025146484,,,,,3.0,4.0,5.0
2025-08-18 22:54:17,1889.7454545454545,984.9018181818182,1433.6000000000001,22.975653028325176,45.52642030817804,958.6347432748356,10.0,7.584764003753662,,,,,3.0,5.0,5.0
2025-08-18 22:54:23,1889.7454545454545,990.4872727272729,1435.4618181818184,22.73472332081292,45.704911325705446,958.6341659120766,10.0,7.559173583984375,,,,,3.0,5.0,5.0
2025-08-18 22:54:29,1891.6072727272729,990.4872727272729,1433.6000000000001,22.508852329017827,46.198439752469774,958.6576895145209,10.0,7.554018497467041,,,,,3.0,4.0,5.0
2025-08-18 22:54:35,1895.330909090909,992.3490909090909,1431.7381818181818,22.343213976267727,46.5055486927324,958.6674077032321,10.0,7.552059650421143,,,,,3.0,4.0,5.0
2025-08-18 22:54:41,1895.330909090909,996.0727272727273,1437.3236363636363,22.29302059861366,46.93057379103258,958.6972187232585,10.0,7.540844440460205,,,,,4.0,5.0,6.0
2025-08-18 22:54:47,1895.330909090909,992.3490909090909,1433.6000000000001,22.29302059861366,46.854773331438906,958.6694901483908,10.0,7.549823760986328,,,,,5.0,6.0,9.0
2025-08-18 22:54:53,1895.330909090909,988.6254545454545,1433.6000000000001,22.34823331563384,46.942999536116766,958.620056239873,10.0,7.561274528503418,,,,,5.0,7.0,8.0
2025-08-18 22:54:59,1895.330909090909,994.2109090909092,1437.3236363636363,22.493794283852914,46.75833614748094,958.633361824975,10.0,7.5543389320373535,,,,,4.0,6.0,8.0
2025-08-18 22:55:05,1893.4690909090912,990.4872727272729,1435.4618181818184,22.559045831818366,46.44412755956117,958.6000825116328,10.0,7.561058044433594,,,,,4.0,5.0,7.0
2025-08-18 22:55:11,1895.330909090909,992.3490909090909,1437.3236363636363,22.463678201381118,46.51292743954944,958.6124433518437,10.0,7.557191371917725,,,,,4.0,5.0,5.0
2025-08-18 22:55:17,1895.330909090909,992.3490909090909,1431.7381818181818,22.448620164074235,46.676068475574056,958.6713220211731,10.0,7.557272911071777,,,,,4.0,5.0,6.0
2025-08-18 22:55:23,1893.4690909090912,988.6254545454545,1435.4618181818184,22.493794283852914,46.77583711374952,958.633361824975,10.0,7.563161849975586,,,,,4.0,4.0,6.0
2025-08-18 22:55:29,1895.330909090909,988.6254545454545,1437.3236363636363,22.538968427205692,46.74143607156587,958.5953882354598,10.0,7.570073127746582,,,,,4.0,5.0,7.0
2025-08-18 22:55:35,1893.4690909090912,990.4872727272729,1435.4618181818184,22.45865885532112,46.76369996340715,958.6320699754168,10.0,7.556760787963867,,,,,4.0,5.0,7.0
2025-08-18 22:55:41,1897.1927272727273,990.4872727272729,1433.6000000000001,22.24784658360877,47.02905978732977,958.6796736118388,10.0,7.557757377624512,,,,,3.0,5.0,5.0
2025-08-18 22:55:47,1895.330909090909,994.2109090909092,1435.4618181818184,22.09224737903569,47.1084558720018,958.6222786661721,10.0,7.534984588623047,,,,,4.0,6.0,6.0
2025-08-18 22:55:53,1897.1927272727273,990.4872727272729,1435.4618181818184,22.212711254903116,47.24425052453059,958.678345876886,10.0,7.556139945983887,,,,,4.0,6.0,6.0
2025-08-18 22:55:59,1895.330909090909,992.3490909090909,1437.3236363636363,22.373330016830003,46.82670908795812,958.6606069255464,10.0,7.553569793701172,,,,,5.0,6.0,6.0
2025-08-18 22:56:05,1895.330909090909,992.3490909090909,1435.4618181818184,22.28800126244896,46.87219714180918,958.6891076779439,10.0,7.549833297729492,,,,,5.0,6.0,6.0
2025-08-18 22:56:11,1897.1927272727273,990.4872727272729,1437.3236363636363,22.4335621293867,46.83919052630122,958.6469927742725,10.0,7.566225051879883,,,,,5.0,6.0,6.0
2025-08-18 22:56:20,1895.330909090909,992.3490909090909,1439.1854545454546,22.37834935794235,46.605152489993,958.6687171606493,10.0,7.55381965637207,,,,,5.0,5.0,5.0
2025-08-18 22:56:26,1897.1927272727273,992.3490909090909,1435.4618181818184,22.25788525157259,46.900936175978885,958.6404420926154,10.0,7.553016662597656,,,,,5.0,5.0,6.0
2025-08-18 22:56:32,1895.330909090909,988.6254545454545,1435.4618181818184,22.323136621713637,46.94848339766325,958.7458856815315,10.0,7.5616326332092285,,,,,4.0,5.0,6.0
2025-08-18 22:56:38,1893.4690909090912,988.6254545454545,1435.4618181818184,22.453639509552158,46.76946592995157,958.6239605838124,10.0,7.561102867126465,,,,,4.0,5.0,7.0
2025-08-18 22:56:44,1895.330909090909,986.7636363636365,1435.4618181818184,22.443600818887354,46.70516791740282,958.6354770579485,10.0,7.570639610290527,,,,,4.0,5.0,6.0
2025-08-18 22:56:50,1893.4690909090912,984.9018181818182,1435.4618181818184,22.45865885532112,46.81036524337605,958.6320699754168,10.0,7.570827484130859,,,,,5.0,6.0,7.0
2025-08-18 22:56:56,1891.6072727272729,984.9018181818182,1437.3236363636363,22.584142594132572,46.555314790134204,958.6128838955768,10.0,7.571300029754639,,,,,5.0,6.0,6.0
2025-08-18 22:57:02,1891.6072727272729,981.1781818181819,1431.7381818181818,22.664452282432467,46.39876337310054,958.6593876294821,10.0,7.585039138793945,,,,,4.0,6.0,6.0
2025-08-18 22:57:08,1891.6072727272729,984.9018181818182,1433.6000000000001,22.493794283852914,46.63582686253832,958.6610992163207,10.0,7.567573547363281,,,,,3.0,4.0,4.0
2025-08-18 22:57:14,1891.6072727272729,988.6254545454545,1439.1854545454546,22.473716894374228,46.71723389073825,958.711871418425,10.0,7.55791711807251,,,,,4.0,6.0,6.0
2025-08-18 22:57:20,1889.7454545454545,981.1781818181819,1433.6000000000001,22.579123241087654,46.5610853876587,958.7157401551158,10.0,7.576469421386719,,,,,3.0,5.0,5.0
2025-08-18 22:57:26,1889.7454545454545,981.1781818181819,1433.6000000000001,22.719665236357834,46.24767931816704,958.6375907129913,10.0,7.582137107849121,,,,,4.0,5.0,5.0
2025-08-18 22:57:32,1887.8836363636362,983.0400000000001,1435.4618181818184,22.784916954580694,46.13753761548912,958.6597426016504,10.0,7.57560920715332,,,,,3.0,5.0,5.0
2025-08-18 22:57:38,1887.8836363636362,981.1781818181819,1433.6000000000001,22.79495568482671,46.03255833480626,958.7314589307839,10.0,7.581611633300781,,,,,4.0,5.0,5.0
2025-08-18 22:57:44,1887.8836363636362,979.3163636363637,1433.6000000000001,22.840129985340173,46.00972357247236,958.6934208338772,10.0,7.587987422943115,,,,,4.0,6.0,6.0
2025-08-18 22:57:50,1887.8836363636362,981.1781818181819,1433.6000000000001,22.825071882549672,46.13801233172544,958.6690989957239,10.0,7.582338333129883,,,,,5.0,7.0,7.0
2025-08-18 22:57:56,1887.8836363636362,979.3163636363637,1433.6000000000001,22.79495568482671,46.25442812952075,958.6204561959846,10.0,7.585013389587402,,,,,5.0,6.0,6.0
2025-08-18 22:58:02,1886.0218181818184,979.3163636363637,1431.7381818181818,22.830091249855467,46.26653048739643,958.6772062426473,10.0,7.581886291503906,,,,,5.0,6.0,6.0
2025-08-18 22:58:08,1886.0218181818184,983.0400000000001,1433.6000000000001,22.865226829145104,46.196881985733846,958.650696500262,10.0,7.574172019958496,,,,,4.0,5.0,5.0
2025-08-18 22:58:14,1884.16,979.3163636363637,1431.7381818181818,22.935498030507006,45.975775587220674,958.6254105236101,10.0,7.580697059631348,,,,,3.0,4.0,4.0
2025-08-18 22:58:20,1886.0218181818184,983.0400000000001,1429.8763636363635,22.890323680225993,45.9402186153838,958.6357211905273,10.0,7.575078964233398,,,,,4.0,4.0,4.0
2025-08-18 22:58:26,1887.8836363636362,983.0400000000001,1431.7381818181818,22.594181301095524,46.43289956417092,958.6845844080515,10.0,7.56684684753418,,,,,4.0,4.0,4.0
2025-08-18 22:58:32,1887.8836363636362,984.9018181818182,1431.7381818181818,22.533949076780118,46.834715682806774,958.6427579575034,10.0,7.558926105499268,,,,,4.0,4.0,4.0
2025-08-18 22:58:38,1887.8836363636362,983.0400000000001,1429.8763636363635,22.654413567320443,46.68460955487513,958.6154267615783,10.0,7.5690107345581055,,,,,4.0,5.0,5.0
2025-08-18 22:58:44,1886.0218181818184,979.3163636363637,1431.7381818181818,22.739742682880024,46.510612019780126,958.6422734849273,10.0,7.577048301696777,,,,,4.0,5.0,5.0
2025-08-18 22:58:50,1884.16,979.3163636363637,1428.0145454545457,22.72468459755182,46.39951370465115,958.6179508638801,10.0,7.570068836212158,,,,,4.0,5.0,5.0
2025-08-18 22:58:56,1882.2981818181818,977.4545454545455,1429.8763636363635,22.8351106174523,46.021344599039665,958.6298086452632,10.0,7.573612213134766,,,,,4.0,5.0,5.0
2025-08-18 22:59:02,1884.16,975.5927272727274,1428.0145454545457,22.855188090750016,45.8931010029863,958.6067296568575,10.0,7.584725856781006,,,,,5.0,6.0,6.0
2025-08-18 22:59:08,1884.16,977.4545454545455,1431.7381818181818,22.935498030507006,45.707087634326804,958.6809242405355,10.0,7.585336685180664,,,,,5.0,6.0,6.0
2025-08-18 22:59:14,1880.4363636363637,971.869090909091,1428.0145454545457,22.925459283962844,45.60183704308271,958.6091983422193,10.0,7.583920478820801,,,,,5.0,6.0,7.0
2025-08-18 22:59:20,1882.2981818181818,975.5927272727274,1431.7381818181818,22.94553677821532,45.78897469823552,958.6416228346646,10.0,7.583188533782959,,,,,4.0,5.0,7.0
2025-08-18 22:59:26,1884.16,984.9018181818182,1431.7381818181818,22.784916954580694,45.79888444719132,958.6042421891855,10.0,7.559628486633301,,,,,5.0,7.0,8.0
2025-08-18 22:59:32,1886.0218181818184,984.9018181818182,1429.8763636363635,22.56406518369913,46.09990070093936,958.6359314616923,10.0,7.554729461669922,,,,,4.0,6.0,7.0
2025-08-18 22:59:38,1884.16,984.9018181818182,1431.7381818181818,22.503832980338483,46.3734174449455,958.5941046253596,10.0,7.546203136444092,,,,,3.0,5.0,6.0
2025-08-18 22:59:44,1886.0218181818184,984.9018181818182,1433.6000000000001,22.669471640425037,46.26458166358337,958.6952410442117,10.0,7.560629367828369,,,,,4.0,5.0,6.0
2025-08-18 22:59:50,1886.0218181818184,981.1781818181819,1429.8763636363635,22.669471640425037,46.194539059828664,958.6397507485897,10.0,7.569265842437744,,,,,3.0,5.0,6.0
2025-08-18 22:59:56,1884.16,984.9018181818182,1431.7381818181818,22.559045831818366,46.45579767131391,958.6555630131078,10.0,7.549674034118652,,,,,4.0,5.0,7.0
2025-08-18 23:00:02,1887.8836363636362,990.4872727272729,1435.4618181818184,22.363291335478426,46.721598208415955,958.5889233185211,10.0,7.535930156707764,,,,,4.0,6.0,6.0
2025-08-18 23:00:11,1886.0218181818184,988.6254545454545,1431.7381818181818,22.393407383025625,46.94362393103306,958.6375820957974,10.0,7.53754997253418,,,,,4.0,5.0,5.0
2025-08-18 23:00:20,1887.8836363636362,981.1781818181819,1428.0145454545457,22.694568434753457,46.38746486037623,958.6525451247331,10.0,7.575950622558594,,,,,2.0,4.0,4.0
2025-08-18 23:00:26,1887.8836363636362,979.3163636363637,1429.8763636363635,22.82005251553492,46.14963104397847,958.6332400147472,10.0,7.586336135864258,,,,,3.0,5.0,5.0
2025-08-18 23:00:35,1886.0218181818184,979.3163636363637,1429.8763636363635,22.900362422695615,45.835203419072066,958.6241789858074,10.0,7.58473539352417,,,,,3.0,4.0,4.0
2025-08-18 23:00:41,1886.0218181818184,981.1781818181819,1433.6000000000001,22.77487822549883,45.903873794482415,958.643527814181,10.0,7.574263572692871,,,,,4.0,5.0,5.0
2025-08-18 23:00:47,1886.0218181818184,977.4545454545455,1426.1527272727274,22.689549075305695,46.194780083328226,958.5611992191923,10.0,7.5784010887146,,,,,4.0,4.0,4.0
2025-08-18 23:00:53,1886.0218181818184,977.4545454545455,1429.8763636363635,22.759820134058828,46.17810793417228,958.6469549778715,10.0,7.582370758056641,,,,,3.0,4.0,4.0
2025-08-18 23:00:59,1886.0218181818184,981.1781818181819,1431.7381818181818,22.749781407887347,46.113769229571474,958.6307400599842,10.0,7.572989463806152,,,,,4.0,4.0,4.0
2025-08-18 23:01:05,1884.16,981.1781818181819,1429.8763636363635,22.699587794492253,46.32915667002633,958.6329066622116,10.0,7.565095901489258,,,,,3.0,4.0,4.0
2025-08-18 23:01:11,1884.16,981.1781818181819,1429.8763636363635,22.61927807359607,46.53825921478904,958.614157673634,10.0,7.560887336730957,,,,,4.0,6.0,6.0
2025-08-18 23:01:20,1886.0218181818184,984.9018181818182,1433.6000000000001,22.55402648022864,46.61910972123862,958.5919740614319,10.0,7.553943634033203,,,,,4.0,7.0,7.0
2025-08-18 23:01:26,1882.2981818181818,977.4545454545455,1428.0145454545457,22.624297428969292,46.427442206215844,958.6500089966027,10.0,7.563191890716553,,,,,4.0,6.0,6.0
2025-08-18 23:01:32,1882.2981818181818,975.5927272727274,1428.0145454545457,22.584142594132572,46.48529161361418,958.6128838955768,10.0,7.564908981323242,,,,,4.0,6.0,6.0
2025-08-18 23:01:38,1882.2981818181818,979.3163636363637,1431.7381818181818,22.694568434753457,46.22986376935185,958.6247988941458,10.0,7.562652111053467,,,,,4.0,6.0,6.0
2025-08-18 23:01:44,1882.2981818181818,975.5927272727274,1429.8763636363635,22.604220009222626,46.26962289441858,958.6730600290425,10.0,7.566524028778076,,,,,3.0,4.0,4.0
2025-08-18 23:01:50,1886.0218181818184,981.1781818181819,1429.8763636363635,22.4335621293867,46.50670803516285,958.6192580478648,10.0,7.557774543762207,,,,,3.0,4.0,4.0
2025-08-18 23:01:56,1886.0218181818184,981.1781818181819,1433.6000000000001,22.41850409731851,46.76899504141742,958.6226638210235,10.0,7.55720853805542,,,,,4.0,5.0,5.0
2025-08-18 23:02:02,1884.16,977.4545454545455,1428.0145454545457,22.473716894374228,46.711400408381415,958.6009253620218,10.0,7.561534404754639,,,,,4.0,5.0,5.0
2025-08-18 23:02:08,1884.16,979.3163636363637,1429.8763636363635,22.393407383025625,46.95528798094548,958.6375820957974,10.0,7.553714275360107,,,,,4.0,5.0,5.0
2025-08-18 23:02:14,1884.16,979.3163636363637,1433.6000000000001,22.543987777922304,46.72399967589431,958.6589759955901,10.0,7.561336517333984,,,,,3.0,4.0,4.0
2025-08-18 23:02:20,1882.2981818181818,973.7309090909091,1429.8763636363635,22.644374853372575,46.468547383309655,958.5992109329055,10.0,7.5716753005981445,,,,,2.0,4.0,4.0
2025-08-18 23:02:26,1882.2981818181818,973.7309090909091,1429.8763636363635,22.739742682880024,46.253760066685466,958.5867770813908,10.0,7.576388835906982,,,,,2.0,3.0,3.0
2025-08-18 23:02:32,1878.5745454545456,975.5927272727274,1428.0145454545457,22.75480077082757,46.25394238965089,958.6110986290677,10.0,7.560898303985596,,,,,3.0,4.0,4.0
2025-08-18 23:02:38,1882.2981818181818,975.5927272727274,1429.8763636363635,22.759820134058828,46.12556410547731,958.6192058766133,10.0,7.573766708374023,,,,,3.0,5.0,5.0
2025-08-18 23:02:44,1880.4363636363637,973.7309090909091,1429.8763636363635,22.81001378237852,46.266287463132656,958.617026138526,10.0,7.573738098144531,,,,,3.0,5.0,5.0
2025-08-18 23:02:53,1880.4363636363637,979.3163636363637,1429.8763636363635,22.70460715452209,46.2416596563871,958.613267799093,10.0,7.556826591491699,,,,,5.0,7.0,7.0
2025-08-18 23:02:59,1880.4363636363637,975.5927272727274,1426.1527272727274,22.70460715452209,46.46347074564318,958.6687611486578,10.0,7.5648651123046875,,,,,5.0,6.0,6.0
2025-08-18 23:03:02,1880.4363636363637,973.7309090909091,1426.1527272727274,22.764839497581125,46.45255328292701,958.6273131566483,10.0,7.571437835693359,,,,,4.0,6.0,6.0
2025-08-18 23:03:08,1878.5745454545456,977.4545454545455,1428.0145454545457,22.8150331488112,46.289703081005676,958.5973815437101,10.0,7.559696197509766,,,,,4.0,6.0,6.0
2025-08-18 23:03:14,1880.4363636363637,977.4545454545455,1429.8763636363635,22.8351106174523,46.231557068515876,958.6020562401405,10.0,7.566972732543945,,,,,2.0,4.0,6.0
2025-08-18 23:03:20,1880.4363636363637,975.5927272727274,1426.1527272727274,22.8150331488112,46.19628273398863,958.5973815437101,10.0,7.569967269897461,,,,,3.0,4.0,6.0
2025-08-18 23:03:26,1878.5745454545456,975.5927272727274,1428.0145454545457,22.900362422695615,46.01625694889078,958.5686684561249,10.0,7.567843914031982,,,,,3.0,4.0,6.0
2025-08-18 23:03:32,1876.7127272727273,973.7309090909091,1426.1527272727274,22.98067240436212,45.84777690583041,958.6150903882801,10.0,7.569943428039551,,,,,4.0,5.0,7.0
2025-08-18 23:03:38,1878.5745454545456,971.869090909091,1426.1527272727274,22.995730534219184,45.61426301361532,958.6116482387732,10.0,7.581070423126221,,,,,4.0,4.0,4.0
2025-08-18 23:03:44,1876.7127272727273,975.5927272727274,1426.1527272727274,22.955575527087785,45.724828919335195,958.6300775395262,10.0,7.565026760101318,,,,,4.0,4.0,4.0
2025-08-18 23:03:50,1878.5745454545456,975.5927272727274,1428.0145454545457,22.98067240436212,45.70757502466929,958.6150903882801,10.0,7.572356224060059,,,,,4.0,5.0,6.0
2025-08-18 23:03:56,1876.7127272727273,971.869090909091,1426.1527272727274,22.925459283962844,45.77123116035827,958.664711148498,10.0,7.57167911529541,,,,,4.0,4.0,5.0
2025-08-18 23:04:02,1874.8509090909092,971.869090909091,1424.290909090909,22.95055615250603,45.92337773583998,958.6219715306331,10.0,7.566204071044922,,,,,4.0,4.0,5.0
2025-08-18 23:04:08,1876.7127272727273,977.4545454545455,1428.0145454545457,22.925459283962844,45.92309458134276,958.5814419723516,10.0,7.559075355529785,,,,,4.0,5.0,6.0
2025-08-18 23:04:14,1878.5745454545456,973.7309090909091,1424.290909090909,22.925459283962844,45.82380003443221,958.5814419723516,10.0,7.573305606842041,,,,,5.0,6.0,7.0
2025-08-18 23:04:20,1874.8509090909092,973.7309090909091,1424.290909090909,22.940517404215644,45.672093616760705,958.5780025794082,10.0,7.561750888824463,,,,,5.0,7.0,7.0
2025-08-18 23:04:26,1874.8509090909092,973.7309090909091,1426.1527272727274,22.935498030507006,45.67788114398125,958.5698968954116,10.0,7.561447620391846,,,,,5.0,6.0,6.0
2025-08-18 23:04:32,1878.5745454545456,977.4545454545455,1428.0145454545457,22.825071882549672,45.77596989022819,958.5858430797422,10.0,7.560678958892822,,,,,3.0,5.0,5.0
2025-08-18 23:04:38,1876.7127272727273,973.7309090909091,1426.1527272727274,22.875265568704343,45.70059598997646,958.5281393807705,10.0,7.564462184906006,,,,,4.0,5.0,5.0
2025-08-18 23:04:44,1876.7127272727273,975.5927272727274,1426.1527272727274,22.900362422695615,45.642458432569974,958.5686684561249,10.0,7.56205415725708,,,,,4.0,5.0,5.0
2025-08-18 23:04:50,1878.5745454545456,973.7309090909091,1428.0145454545457,22.88028493892052,45.65976608517295,958.5917538393974,10.0,7.571396827697754,,,,,4.0,5.0,5.0
2025-08-18 23:04:56,1878.5745454545456,973.7309090909091,1426.1527272727274,22.870246198779206,45.75310516644193,958.5755414608168,10.0,7.570706367492676,,,,,4.0,5.0,5.0
2025-08-18 23:05:02,1878.5745454545456,975.5927272727274,1426.1527272727274,22.749781407887347,45.90358981842873,958.5752427902128,10.0,7.560806751251221,,,,,2.0,4.0,4.0
2025-08-18 23:05:08,1882.2981818181818,983.0400000000001,1429.8763636363635,22.579123241087654,46.14676601260089,958.5492933206095,10.0,7.548631191253662,,,,,3.0,4.0,4.0
2025-08-18 23:05:14,1880.4363636363637,975.5927272727274,1424.290909090909,22.664452282432467,46.12443552219606,958.5761529686887,10.0,7.562691688537598,,,,,3.0,4.0,4.0
2025-08-18 23:17:26,1872.989090909091,977.4545454545455,1426.1527272727274,22.77487822549883,45.44257525891807,958.504779225763,10.0,7.539446830749512,,,,,5.0,7.0,7.0
2025-08-18 23:17:32,1872.989090909091,977.4545454545455,1428.0145454545457,22.81001378237852,45.35533369074965,958.5615235826122,10.0,7.541623115539551,,,,,5.0,6.0,6.0
2025-08-18 23:17:38,1872.989090909091,977.4545454545455,1428.0145454545457,22.784916954580694,45.36676079059363,958.5487418654052,10.0,7.5403242111206055,,,,,5.0,6.0,6.0
2025-08-18 23:17:44,1874.8509090909092,977.4545454545455,1426.1527272727274,22.789936319558183,45.37265141910603,958.5290980409933,10.0,7.546629905700684,,,,,6.0,6.0,10.0
2025-08-18 23:17:50,1876.7127272727273,979.3163636363637,1429.8763636363635,22.79495568482671,45.33766197552393,958.4539527589419,10.0,7.5486555099487305,,,,,4.0,5.0,8.0
2025-08-18 23:17:56,1872.989090909091,975.5927272727274,1424.290909090909,22.804994416236877,45.3202420180402,958.5811681877229,10.0,7.54551362991333,,,,,5.0,7.0,10.0
2025-08-18 23:18:02,1876.7127272727273,975.5927272727274,1426.1527272727274,22.77487822549883,45.401697690054206,958.4770295745907,10.0,7.55568790435791,,,,,5.0,6.0,10.0
2025-08-18 23:18:08,1876.7127272727273,975.5927272727274,1428.0145454545457,22.77487822549883,45.41337704552826,958.5602785946187,10.0,7.556243419647217,,,,,5.0,7.0,10.0
2025-08-18 23:18:14,1874.8509090909092,975.5927272727274,1428.0145454545457,22.799975050386273,45.36107274210332,958.489809190229,10.0,7.550806999206543,,,,,4.0,7.0,7.0
2025-08-18 23:18:20,1876.7127272727273,975.5927272727274,1428.0145454545457,22.82005251553492,45.343753949321474,958.5777365482345,10.0,7.558608055114746,,,,,4.0,6.0,6.0
2025-08-18 23:18:26,1876.7127272727273,975.5927272727274,1428.0145454545457,22.885304309427738,45.239263850428436,958.4610873343358,10.0,7.561047554016113,,,,,4.0,6.0,6.0
2025-08-18 23:18:32,1874.8509090909092,973.7309090909091,1426.1527272727274,22.784916954580694,45.384280384057924,958.4932416303097,10.0,7.554040431976318,,,,,4.0,6.0,7.0
2025-08-18 23:18:38,1874.8509090909092,973.7309090909091,1428.0145454545457,22.86020745980204,45.26822384156672,958.5593292120049,10.0,7.558233261108398,,,,,4.0,6.0,7.0
2025-08-18 23:18:44,1876.7127272727273,973.7309090909091,1428.0145454545457,22.840129985340173,45.34979593599572,958.4714000377796,10.0,7.562786102294922,,,,,4.0,6.0,7.0
2025-08-18 23:18:50,1876.7127272727273,975.5927272727274,1429.8763636363635,22.845149353519083,45.25055297307805,958.5350110821402,10.0,7.5596208572387695,,,,,4.0,6.0,7.0
2025-08-18 23:18:56,1874.8509090909092,975.5927272727274,1428.0145454545457,22.764839497581125,45.34319938959515,958.4885668446783,10.0,7.549140453338623,,,,,3.0,5.0,5.0
2025-08-18 23:19:02,1876.7127272727273,977.4545454545455,1428.0145454545457,22.709626514842967,45.51780703668713,958.4548945219975,10.0,7.548323631286621,,,,,4.0,6.0,6.0
2025-08-18 23:19:08,1876.7127272727273,979.3163636363637,1428.0145454545457,22.71464587545488,45.45363331266263,958.4630007941311,10.0,7.544739723205566,,,,,5.0,6.0,6.0
2025-08-18 23:19:14,1878.5745454545456,975.5927272727274,1426.1527272727274,22.764839497581125,45.37239754569988,958.4885668446783,10.0,7.561529159545898,,,,,5.0,6.0,6.0
2025-08-18 23:19:20,1878.5745454545456,979.3163636363637,1428.0145454545457,22.74476204523817,45.378033598762315,958.4838907798303,10.0,7.5526275634765625,,,,,4.0,7.0,8.0
