datetime,no2,nh3,co,t,rh,p,deviceid,no2ppb,latitude,longitude,elevation,id,pm1,pm25,pm10
2025-08-12 00:02:41,1882.2981818181818,958.8363636363637,1385.1927272727276,23.05536629317794,100.0,960.9353690382206,10.0,8.079719543457031,,,,,15.0,20.0,22.0
2025-08-12 00:02:44,1884.16,953.2509090909092,1385.1927272727276,23.03476934658829,100.0,960.8763104282053,10.0,8.107213973999023,,,,,15.0,20.0,22.0
2025-08-12 00:02:47,1882.2981818181818,949.5272727272728,1383.3309090909092,23.16350033917115,100.0,960.8553234998429,10.0,8.103508949279785,,,,,17.0,23.0,25.0
2025-08-12 00:02:50,1882.2981818181818,945.8036363636364,1379.6072727272726,23.25103751802817,100.0,960.8804402215904,10.0,8.111565589904785,,,,,17.0,23.0,26.0
2025-08-12 00:02:53,1884.16,949.5272727272728,1383.3309090909092,23.25103751802817,100.0,960.9078220952371,10.0,8.110858917236328,,,,,17.0,24.0,26.0
2025-08-12 00:02:56,1882.2981818181818,945.8036363636364,1381.469090909091,23.225291280221427,100.0,960.9229850066722,10.0,8.112499237060547,,,,,17.0,23.0,26.0
2025-08-12 00:02:59,1884.16,949.5272727272728,1381.469090909091,23.25103751802817,100.0,960.8530583664782,10.0,8.110795974731445,,,,,17.0,23.0,26.0
2025-08-12 00:03:02,1882.2981818181818,949.5272727272728,1383.3309090909092,23.33857478099526,100.0,960.9055337138665,10.0,8.097551345825195,,,,,16.0,23.0,26.0
2025-08-12 00:03:05,1882.2981818181818,943.9418181818181,1381.469090909091,23.462156942492584,100.0,960.9038619229332,10.0,8.109861373901367,,,,,17.0,25.0,27.0
2025-08-12 00:03:08,1880.4363636363637,943.9418181818181,1381.469090909091,23.513649559259648,100.0,960.9282578038718,10.0,8.097826957702637,,,,,17.0,24.0,25.0
2025-08-12 00:03:11,1882.2981818181818,945.8036363636364,1383.3309090909092,23.590888538979925,100.0,960.9648394672085,10.0,8.099993705749512,,,,,18.0,24.0,24.0
2025-08-12 00:03:14,1880.4363636363637,943.9418181818181,1383.3309090909092,23.596037806622917,100.0,960.8905670260427,10.0,8.094956398010254,,,,,17.0,22.0,22.0
2025-08-12 00:03:17,1880.4363636363637,943.9418181818181,1381.469090909091,23.66812758418382,100.0,960.9740067263509,10.0,8.092573165893555,,,,,17.0,22.0,22.0
2025-08-12 00:03:20,1878.5745454545456,943.9418181818181,1383.3309090909092,23.786560914013535,100.0,960.8546516985159,10.0,8.078083992004395,,,,,18.0,25.0,25.0
2025-08-12 00:03:23,1880.4363636363637,938.3563636363637,1383.3309090909092,23.83805371413473,100.0,960.9063972641682,10.0,8.103219032287598,,,,,16.0,23.0,23.0
2025-08-12 00:03:26,1878.5745454545456,938.3563636363637,1383.3309090909092,23.925591541134054,100.0,960.9313151622358,10.0,8.089944839477539,,,,,15.0,23.0,23.0
2025-08-12 00:03:29,1878.5745454545456,936.4945454545455,1383.3309090909092,23.98738299906836,100.0,960.8892256771636,10.0,8.093295097351074,,,,,13.0,23.0,23.0
2025-08-12 00:03:32,1878.5745454545456,934.6327272727274,1379.6072727272726,23.971935130655766,100.0,960.9203097948499,10.0,8.09937858581543,,,,,13.0,23.0,23.0
2025-08-12 00:03:35,1876.7127272727273,938.3563636363637,1383.3309090909092,23.91014368319884,100.0,960.9075712537624,10.0,8.080159187316895,,,,,12.0,23.0,23.0
2025-08-12 00:03:38,1876.7127272727273,938.3563636363637,1379.6072727272726,23.82260587104247,100.0,960.9374646481926,10.0,8.083191871643066,,,,,12.0,22.0,22.0
2025-08-12 00:04:41,1880.4363636363637,945.8036363636364,1383.3309090909092,23.462156942492584,100.0,960.8764710069033,10.0,8.094017028808594,,,,,16.0,22.0,25.0
2025-08-12 00:04:44,1880.4363636363637,945.8036363636364,1383.3309090909092,23.57544073779718,100.0,960.913691021213,10.0,8.090166091918945,,,,,15.0,23.0,26.0
2025-08-12 00:04:47,1878.5745454545456,940.2181818181818,1381.469090909091,23.642381228506565,100.0,960.9070231022638,10.0,8.094127655029297,,,,,15.0,23.0,27.0
2025-08-12 00:04:50,1876.7127272727273,940.2181818181818,1381.469090909091,23.688724673964316,100.0,960.8686718667306,10.0,8.082192420959473,,,,,16.0,24.0,28.0
2025-08-12 00:04:53,1874.8509090909092,942.08,1383.3309090909092,23.699023220600793,100.0,960.8023008643431,10.0,8.065958023071289,,,,,15.0,24.0,27.0
2025-08-12 00:04:56,1874.8509090909092,940.2181818181818,1381.469090909091,23.709321768401423,100.0,960.9003361602732,10.0,8.0712308883667,,,,,15.0,25.0,26.0
2025-08-12 00:04:59,1874.8509090909092,940.2181818181818,1385.1927272727276,23.73506814299617,100.0,960.8577092377741,10.0,8.070300102233887,,,,,16.0,25.0,27.0
2025-08-12 00:05:02,1872.989090909091,940.2181818181818,1385.1927272727276,23.760814524866873,100.0,960.8698836806341,10.0,8.059126853942871,,,,,15.0,23.0,25.0
2025-08-12 00:05:05,1874.8509090909092,942.08,1383.3309090909092,23.740217418788234,100.0,960.8930276412261,10.0,8.064640045166016,,,,,15.0,24.0,26.0
2025-08-12 00:05:08,1872.989090909091,943.9418181818181,1379.6072727272726,23.709321768401423,100.0,960.9003361602732,10.0,8.049899101257324,,,,,14.0,23.0,25.0
2025-08-12 00:05:11,1876.7127272727273,945.8036363636364,1381.469090909091,23.61148561129812,100.0,960.9143179404911,10.0,8.068344116210938,,,,,15.0,23.0,25.0
2025-08-12 00:05:14,1876.7127272727273,943.9418181818181,1381.469090909091,23.657829041039804,100.0,960.7937769246126,10.0,8.072138786315918,,,,,13.0,21.0,22.0
2025-08-12 00:05:17,1876.7127272727273,949.5272727272728,1387.0545454545454,23.688724673964316,100.0,960.8686718667306,10.0,8.054606437683105,,,,,15.0,22.0,23.0
2025-08-12 00:05:20,1876.7127272727273,945.8036363636364,1381.469090909091,23.688724673964316,100.0,960.9234731220068,10.0,8.065702438354492,,,,,13.0,20.0,20.0
2025-08-12 00:05:23,1878.5745454545456,943.9418181818181,1383.3309090909092,23.729918867495144,100.0,960.9320008493955,10.0,8.080110549926758,,,,,13.0,19.0,19.0
2025-08-12 00:05:26,1876.7127272727273,943.9418181818181,1381.469090909091,23.760814524866873,100.0,960.8972873887507,10.0,8.068724632263184,,,,,15.0,21.0,21.0
2025-08-12 00:05:29,1876.7127272727273,942.08,1383.3309090909092,23.84320299574756,100.0,960.886905184721,10.0,8.071390151977539,,,,,16.0,21.0,21.0
2025-08-12 00:05:32,1874.8509090909092,942.08,1383.3309090909092,23.853501559846336,100.0,960.8479197994609,10.0,8.060700416564941,,,,,14.0,18.0,18.0
2025-08-12 00:05:35,1874.8509090909092,943.9418181818181,1383.3309090909092,23.915292968886206,100.0,960.8880755254489,10.0,8.053110122680664,,,,,14.0,19.0,19.0
2025-08-12 00:05:38,1872.989090909091,942.08,1381.469090909091,23.915292968886206,100.0,960.8880755254489,10.0,8.048334121704102,,,,,13.0,19.0,19.0
2025-08-12 00:32:41,1874.8509090909092,940.2181818181818,1377.7454545454548,23.570291471318342,100.0,960.9605649028964,10.0,8.07606029510498,,,,,17.0,26.0,29.0
2025-08-12 00:32:44,1871.1272727272728,938.3563636363637,1379.6072727272726,23.616634880105266,100.0,960.9222349615137,10.0,8.059361457824707,,,,,16.0,26.0,28.0
2025-08-12 00:32:47,1871.1272727272728,936.4945454545455,1379.6072727272726,23.683575401082635,100.0,960.9703575359704,10.0,8.062628746032715,,,,,15.0,26.0,26.0
2025-08-12 00:32:50,1872.989090909091,938.3563636363637,1377.7454545454548,23.57544073779718,100.0,960.9684826296672,10.0,8.07111930847168,,,,,15.0,27.0,27.0
2025-08-12 00:32:53,1872.989090909091,940.2181818181818,1379.6072727272726,23.601187074556947,100.0,960.8984839727536,10.0,8.064644813537598,,,,,15.0,27.0,27.0
2025-08-12 00:32:56,1871.1272727272728,940.2181818181818,1381.469090909091,23.63723195824423,100.0,960.9813017629888,10.0,8.053204536437988,,,,,15.0,26.0,26.0
2025-08-12 00:32:59,1872.989090909091,940.2181818181818,1379.6072727272726,23.652679769904353,100.0,960.9776548020002,10.0,8.062958717346191,,,,,16.0,25.0,25.0
2025-08-12 00:33:02,1872.989090909091,938.3563636363637,1375.8836363636365,23.616634880105266,100.0,960.8948374142982,10.0,8.069626808166504,,,,,16.0,25.0,25.0
2025-08-12 00:33:05,1872.989090909091,942.08,1379.6072727272726,23.657829041039804,100.0,960.9581726659203,10.0,8.057250022888184,,,,,16.0,25.0,25.0
2025-08-12 00:33:08,1871.1272727272728,938.3563636363637,1377.7454545454548,23.714471042738296,100.0,960.9630558107399,10.0,8.056045532226562,,,,,17.0,26.0,26.0
2025-08-12 00:33:11,1872.989090909091,942.08,1381.469090909091,23.688724673964316,100.0,960.9234731220068,10.0,8.056147575378418,,,,,17.0,25.0,25.0
2025-08-12 00:33:14,1871.1272727272728,942.08,1381.469090909091,23.678426128491992,100.0,960.9898408857557,10.0,8.046278953552246,,,,,16.0,23.0,26.0
2025-08-12 00:33:17,1871.1272727272728,942.08,1379.6072727272726,23.61148561129812,100.0,960.9691126386031,10.0,8.048550605773926,,,,,17.0,23.0,26.0
2025-08-12 00:33:20,1874.8509090909092,942.08,1377.7454545454548,23.652679769904353,100.0,960.9502556728258,10.0,8.067712783813477,,,,,17.0,24.0,26.0
2025-08-12 00:33:23,1874.8509090909092,942.08,1379.6072727272726,23.642381228506565,100.0,960.9070231022638,10.0,8.068016052246094,,,,,16.0,23.0,26.0
2025-08-12 00:33:26,1874.8509090909092,938.3563636363637,1377.7454545454548,23.64753049905994,100.0,960.8875409537961,10.0,8.078849792480469,,,,,17.0,24.0,27.0
2025-08-12 00:33:29,1874.8509090909092,942.08,1377.7454545454548,23.63208268827293,100.0,960.9185879479741,10.0,8.068385124206543,,,,,17.0,24.0,27.0
2025-08-12 00:33:32,1874.8509090909092,940.2181818181818,1381.469090909091,23.662978312466294,100.0,960.8838910516108,10.0,8.072798728942871,,,,,17.0,23.0,26.0
2025-08-12 00:33:35,1872.989090909091,940.2181818181818,1377.7454545454548,23.585739271627972,100.0,960.9843181575628,10.0,8.065266609191895,,,,,18.0,25.0,28.0
2025-08-12 00:33:38,1872.989090909091,942.08,1379.6072727272726,23.467306202859618,100.0,960.9117800326183,10.0,8.06373405456543,,,,,18.0,25.0,25.0
2025-08-12 00:33:41,1874.8509090909092,942.08,1379.6072727272726,23.43641064502299,100.0,960.8916615517674,10.0,8.075068473815918,,,,,17.0,24.0,26.0
2025-08-12 00:33:44,1872.989090909091,938.3563636363637,1377.7454545454548,23.55999293923378,100.0,960.8899392712009,10.0,8.071563720703125,,,,,16.0,23.0,25.0
2025-08-12 00:33:47,1872.989090909091,942.08,1379.6072727272726,23.63208268827293,100.0,960.9185879479741,10.0,8.058090209960938,,,,,16.0,22.0,24.0
2025-08-12 00:33:50,1872.989090909091,940.2181818181818,1381.469090909091,23.678426128491992,100.0,960.9076402196323,10.0,8.061999320983887,,,,,15.0,21.0,23.0
2025-08-12 00:33:54,1869.2654545454548,940.2181818181818,1381.469090909091,23.642381228506565,100.0,960.9070231022638,10.0,8.042648315429688,,,,,15.0,21.0,23.0
2025-08-12 00:33:57,1872.989090909091,938.3563636363637,1379.6072727272726,23.606336342782015,100.0,960.9064009442368,10.0,8.069993019104004,,,,,15.0,22.0,25.0
2025-08-12 00:34:00,1871.1272727272728,936.4945454545455,1379.6072727272726,23.642381228506565,100.0,960.9344217608906,10.0,8.064006805419922,,,,,15.0,21.0,24.0
2025-08-12 00:34:03,1871.1272727272728,938.3563636363637,1379.6072727272726,23.61148561129812,100.0,960.9691126386031,10.0,8.059586524963379,,,,,14.0,20.0,23.0
2025-08-12 00:34:06,1871.1272727272728,936.4945454545455,1377.7454545454548,23.64753049905994,100.0,960.9697376076606,10.0,8.063868522644043,,,,,14.0,20.0,23.0
2025-08-12 00:34:09,1871.1272727272728,942.08,1383.3309090909092,23.699023220600793,100.0,960.9667072307898,10.0,8.045550346374512,,,,,15.0,21.0,22.0
2025-08-12 00:34:12,1871.1272727272728,938.3563636363637,1381.469090909091,23.70417249435559,100.0,960.9198213461499,10.0,8.056357383728027,,,,,16.0,21.0,23.0
2025-08-12 00:34:15,1869.2654545454548,936.4945454545455,1379.6072727272726,23.66812758418382,100.0,960.9466069377455,10.0,8.052839279174805,,,,,16.0,21.0,22.0
2025-08-12 00:34:18,1869.2654545454548,940.2181818181818,1379.6072727272726,23.616634880105266,100.0,960.8948374142982,10.0,8.0435209274292,,,,,15.0,22.0,23.0
2025-08-12 00:34:21,1871.1272727272728,938.3563636363637,1379.6072727272726,23.662978312466294,100.0,960.938690121154,10.0,8.057782173156738,,,,,16.0,23.0,25.0
2025-08-12 00:34:24,1871.1272727272728,940.2181818181818,1383.3309090909092,23.66812758418382,100.0,960.9192071676985,10.0,8.052068710327148,,,,,15.0,23.0,23.0
2025-08-12 00:34:27,1871.1272727272728,942.08,1379.6072727272726,23.596037806622917,100.0,960.9179636878465,10.0,8.04903507232666,,,,,16.0,24.0,24.0
2025-08-12 00:34:30,1872.989090909091,943.9418181818181,1379.6072727272726,23.534246614115546,100.0,960.8777475040854,10.0,8.055883407592773,,,,,16.0,25.0,25.0
2025-08-12 00:34:33,1872.989090909091,943.9418181818181,1379.6072727272726,23.513649559259648,100.0,960.8734715449026,10.0,8.056584358215332,,,,,15.0,23.0,24.0
2025-08-12 00:34:36,1871.1272727272728,943.9418181818181,1377.7454545454548,23.487903247238137,100.0,960.8612766375044,10.0,8.047157287597656,,,,,16.0,24.0,26.0
2025-08-12 00:34:39,1872.989090909091,945.8036363636364,1381.469090909091,23.534246614115546,100.0,960.9051415096859,10.0,8.050399780273438,,,,,16.0,25.0,26.0
2025-08-12 01:06:58,1887.8836363636362,956.9745454545455,1400.0872727272726,22.875143168406794,100.0,960.8223240897471,10.0,8.122183799743652,,,,,13.0,28.0,30.0
2025-08-12 01:07:01,1886.0218181818184,953.2509090909092,1400.0872727272726,22.869993941509165,100.0,960.7870365858347,10.0,8.123062133789062,,,,,14.0,28.0,31.0
2025-08-12 01:07:04,1886.0218181818184,953.2509090909092,1398.2254545454548,22.859695488587022,100.0,960.8806533298027,10.0,8.123517990112305,,,,,13.0,25.0,28.0
2025-08-12 01:07:07,1886.0218181818184,955.1127272727273,1400.0872727272726,22.854546262562508,100.0,960.8453658456704,10.0,8.118141174316406,,,,,15.0,25.0,26.0
2025-08-12 01:07:10,1887.8836363636362,955.1127272727273,1403.8109090909093,22.828800136805512,100.0,960.8604817425512,10.0,8.129334449768066,,,,,15.0,24.0,26.0
2025-08-12 01:07:13,1886.0218181818184,953.2509090909092,1398.2254545454548,22.823650912527228,100.0,960.8525590477537,10.0,8.12472152709961,,,,,15.0,24.0,25.0
2025-08-12 01:07:16,1887.8836363636362,956.9745454545455,1405.6727272727273,22.900889307260513,100.0,960.8619345515905,10.0,8.121346473693848,,,,,17.0,24.0,24.0
2025-08-12 01:07:19,1884.16,955.1127272727273,1403.8109090909093,22.906038535904372,100.0,960.8972238061339,10.0,8.106135368347168,,,,,17.0,24.0,24.0
2025-08-12 01:07:22,1884.16,953.2509090909092,1400.0872727272726,22.875143168406794,100.0,960.8770555708235,10.0,8.112690925598145,,,,,17.0,24.0,24.0
2025-08-12 01:07:25,1882.2981818181818,953.2509090909092,1398.2254545454548,22.967829302331666,100.0,960.8554456796014,10.0,8.099190711975098,,,,,17.0,22.0,22.0
2025-08-12 01:07:28,1884.16,953.2509090909092,1401.949090909091,22.952381606795825,100.0,960.8590501067417,10.0,8.110018730163574,,,,,16.0,21.0,21.0
2025-08-12 01:07:31,1884.16,951.3890909090909,1398.2254545454548,22.978127767477417,100.0,960.8165485878943,10.0,8.114606857299805,,,,,17.0,21.0,21.0
2025-08-12 01:07:34,1886.0218181818184,953.2509090909092,1401.949090909091,22.988426233787322,100.0,960.8323909890697,10.0,8.119040489196777,,,,,17.0,21.0,21.0
2025-08-12 01:07:37,1884.16,955.1127272727273,1401.949090909091,22.972978534759022,100.0,960.8907372194908,10.0,8.103829383850098,,,,,16.0,21.0,21.0
2025-08-12 01:07:40,1884.16,951.3890909090909,1398.2254545454548,22.972978534759022,100.0,960.8633672694378,10.0,8.11483383178711,,,,,15.0,22.0,22.0
2025-08-12 01:07:43,1884.16,955.1127272727273,1400.0872727272726,23.009023169899592,100.0,960.8640760919923,10.0,8.102560997009277,,,,,16.0,23.0,23.0
2025-08-12 01:07:46,1882.2981818181818,953.2509090909092,1401.949090909091,22.93693391387933,100.0,960.9173902518618,10.0,8.100318908691406,,,,,15.0,25.0,25.0
2025-08-12 01:07:49,1882.2981818181818,951.3890909090909,1400.0872727272726,22.972978534759022,100.0,960.8359973379028,10.0,8.104512214660645,,,,,14.0,25.0,25.0
2025-08-12 01:07:52,1884.16,951.3890909090909,1400.0872727272726,22.916336994065205,100.0,960.8857011297862,10.0,8.116804122924805,,,,,14.0,24.0,24.0
2025-08-12 01:07:55,1884.16,955.1127272727273,1394.5018181818182,22.900889307260513,100.0,960.889301412551,10.0,8.106303215026855,,,,,13.0,23.0,23.0
2025-08-12 01:40:58,1882.2981818181818,951.3890909090909,1401.949090909091,22.159403420984745,100.0,960.978803779851,10.0,8.132589340209961,,,,,16.0,22.0,25.0
2025-08-12 01:41:01,1884.16,949.5272727272728,1400.0872727272726,22.17485098206089,100.0,960.9479189620279,10.0,8.147841453552246,,,,,16.0,23.0,26.0
2025-08-12 01:41:04,1884.16,953.2509090909092,1405.6727272727273,22.23664125255891,100.0,960.9883861938059,10.0,8.134723663330078,,,,,16.0,23.0,26.0
2025-08-12 01:41:07,1882.2981818181818,951.3890909090909,1405.6727272727273,22.22634287123219,100.0,960.9451914449927,10.0,8.130255699157715,,,,,16.0,23.0,26.0
2025-08-12 01:41:10,1882.2981818181818,949.5272727272728,1401.949090909091,22.26753640352399,100.0,960.9812773293545,10.0,8.134398460388184,,,,,15.0,24.0,27.0
2025-08-12 01:41:13,1882.2981818181818,949.5272727272728,1401.949090909091,22.23664125255891,100.0,960.9883861938059,10.0,8.135467529296875,,,,,15.0,23.0,27.0
2025-08-12 01:41:16,1884.16,951.3890909090909,1405.6727272727273,22.246939635049785,100.0,960.9769040908382,10.0,8.13987922668457,,,,,15.0,23.0,25.0
2025-08-12 01:41:19,1884.16,951.3890909090909,1405.6727272727273,22.17485098206089,100.0,960.9752547835238,10.0,8.142350196838379,,,,,14.0,23.0,25.0
2025-08-12 01:41:22,1882.2981818181818,949.5272727272728,1403.8109090909093,22.190298545756377,100.0,960.917031736297,10.0,8.13697624206543,,,,,15.0,23.0,25.0
2025-08-12 01:41:25,1884.16,953.2509090909092,1407.5345454545454,22.19544773423695,100.0,960.9249599077372,10.0,8.136075019836426,,,,,15.0,23.0,23.0
2025-08-12 01:41:28,1882.2981818181818,949.5272727272728,1401.949090909091,22.216044491069624,100.0,960.9293352744346,10.0,8.136112213134766,,,,,15.0,22.0,22.0
2025-08-12 01:41:31,1882.2981818181818,947.6654545454545,1400.0872727272726,22.20574611207121,100.0,960.9134792054757,10.0,8.14196491241455,,,,,15.0,22.0,23.0
2025-08-12 01:41:34,1884.16,949.5272727272728,1403.8109090909093,22.25208882673178,100.0,960.9574931799166,10.0,8.145196914672852,,,,,16.0,22.0,23.0
2025-08-12 01:41:37,1882.2981818181818,947.6654545454545,1400.0872727272726,22.216044491069624,100.0,960.9293352744346,10.0,8.14162826538086,,,,,16.0,22.0,23.0
2025-08-12 01:41:40,1880.4363636363637,949.5272727272728,1401.949090909091,22.16970179474447,100.0,960.9673260361016,10.0,8.127443313598633,,,,,17.0,22.0,22.0
2025-08-12 01:41:43,1884.16,951.3890909090909,1403.8109090909093,22.107911569648422,100.0,960.8995159540897,10.0,8.14456558227539,,,,,17.0,23.0,23.0
2025-08-12 01:41:46,1880.4363636363637,949.5272727272728,1400.0872727272726,22.143955862527946,100.0,960.9550171650471,10.0,8.128310203552246,,,,,17.0,23.0,23.0
2025-08-12 01:41:49,1882.2981818181818,949.5272727272728,1401.949090909091,22.133657491678605,100.0,960.8571575056033,10.0,8.1388521194458,,,,,17.0,23.0,23.0
2025-08-12 01:41:53,1880.4363636363637,947.6654545454545,1398.2254545454548,22.133657491678605,100.0,960.9118255160685,10.0,8.134136199951172,,,,,17.0,23.0,23.0
2025-08-12 01:41:56,1882.2981818181818,951.3890909090909,1403.8109090909093,22.082165654894197,100.0,960.8872047880365,10.0,8.135139465332031,,,,,16.0,22.0,22.0
2025-08-12 01:41:59,1882.2981818181818,949.5272727272728,1400.0872727272726,22.015226310584694,100.0,960.9207776972223,10.0,8.142993927001953,,,,,15.0,22.0,22.0
2025-08-12 01:42:02,1884.16,955.1127272727273,1405.6727272727273,21.984331245184876,100.0,960.8732008432141,10.0,8.137740135192871,,,,,15.0,21.0,21.0
2025-08-12 01:42:05,1882.2981818181818,955.1127272727273,1403.8109090909093,22.04097220642143,100.0,960.8784355979033,10.0,8.125507354736328,,,,,16.0,21.0,21.0
2025-08-12 01:42:08,1884.16,951.3890909090909,1401.949090909091,22.087314837262966,100.0,960.8951335547422,10.0,8.145265579223633,,,,,15.0,21.0,21.0
2025-08-12 01:42:11,1882.2981818181818,949.5272727272728,1400.0872727272726,22.123359121993417,100.0,960.9233020347122,10.0,8.1392822265625,,,,,15.0,22.0,22.0
2025-08-12 01:42:14,1882.2981818181818,949.5272727272728,1401.949090909091,22.1027623861155,100.0,960.8915873114423,10.0,8.139954566955566,,,,,15.0,21.0,21.0
2025-08-12 01:42:17,1882.2981818181818,947.6654545454545,1400.0872727272726,22.143955862527946,100.0,960.9003482141342,10.0,8.14406681060791,,,,,16.0,22.0,22.0
2025-08-12 01:42:20,1882.2981818181818,949.5272727272728,1401.949090909091,22.20059692300856,100.0,960.9328881045866,10.0,8.136643409729004,,,,,16.0,22.0,22.0
2025-08-12 01:42:23,1882.2981818181818,949.5272727272728,1403.8109090909093,22.20059692300856,100.0,960.8782143320899,10.0,8.136580467224121,,,,,16.0,22.0,22.0
2025-08-12 01:42:26,1884.16,949.5272727272728,1403.8109090909093,22.210895301424898,100.0,960.9487445745045,10.0,8.146604537963867,,,,,16.0,21.0,21.0
2025-08-12 01:42:29,1880.4363636363637,951.3890909090909,1401.949090909091,22.123359121993417,100.0,960.9779692524867,10.0,8.123529434204102,,,,,16.0,22.0,22.0
2025-08-12 01:42:32,1882.2981818181818,953.2509090909092,1401.949090909091,22.138806676957756,100.0,960.865085623276,10.0,8.127644538879395,,,,,17.0,23.0,23.0
2025-08-12 01:42:35,1882.2981818181818,955.1127272727273,1401.949090909091,22.138806676957756,100.0,960.865085623276,10.0,8.122138023376465,,,,,16.0,22.0,22.0
2025-08-12 01:42:38,1882.2981818181818,955.1127272727273,1401.949090909091,22.071867291029776,100.0,960.8986786903876,10.0,8.124470710754395,,,,,15.0,22.0,22.0
2025-08-12 01:42:41,1884.16,951.3890909090909,1400.0872727272726,22.12850830669049,100.0,960.8765631834877,10.0,8.143829345703125,,,,,15.0,25.0,28.0
2025-08-12 01:42:44,1882.2981818181818,955.1127272727273,1403.8109090909093,22.138806676957756,100.0,960.8924198451502,10.0,8.122164726257324,,,,,15.0,26.0,29.0
2025-08-12 01:42:47,1884.16,951.3890909090909,1401.949090909091,22.12850830669049,100.0,960.9312307791389,10.0,8.14389419555664,,,,,15.0,26.0,29.0
2025-08-12 01:42:50,1882.2981818181818,949.5272727272728,1401.949090909091,22.11820993758738,100.0,960.9427066895037,10.0,8.139480590820312,,,,,15.0,25.0,28.0
2025-08-12 01:42:53,1880.4363636363637,947.6654545454545,1401.949090909091,22.16970179474447,100.0,960.9126548633419,10.0,8.13290023803711,,,,,14.0,24.0,26.0
2025-08-12 01:42:56,1882.2981818181818,949.5272727272728,1403.8109090909093,22.20574611207121,100.0,960.9134792054757,10.0,8.136442184448242,,,,,14.0,22.0,25.0
2025-08-12 01:50:59,1882.2981818181818,947.6654545454545,1400.0872727272726,22.1027623861155,100.0,960.7822567115109,10.0,8.145350456237793,,,,,16.0,23.0,24.0
2025-08-12 01:51:02,1882.2981818181818,951.3890909090909,1400.0872727272726,22.04612138646189,100.0,960.8590343641149,10.0,8.136344909667969,,,,,16.0,23.0,23.0
2025-08-12 01:51:05,1882.2981818181818,955.1127272727273,1401.949090909091,22.025524668046273,100.0,960.827319361638,10.0,8.125981330871582,,,,,16.0,25.0,25.0
2025-08-12 01:51:08,1882.2981818181818,955.1127272727273,1405.6727272727273,21.953436190262437,100.0,960.7436462477865,10.0,8.12836742401123,,,,,16.0,26.0,26.0
2025-08-12 01:51:11,1884.16,951.3890909090909,1401.949090909091,21.948287015460664,100.0,960.7903696615281,10.0,8.149919509887695,,,,,17.0,28.0,30.0
2025-08-12 01:51:14,1882.2981818181818,955.1127272727273,1405.6727272727273,21.91224279999733,100.0,960.8988141891502,10.0,8.129945755004883,,,,,17.0,28.0,29.0
2025-08-12 01:51:17,1884.16,955.1127272727273,1403.8109090909093,21.891646111849695,100.0,960.8670937086573,10.0,8.140914916992188,,,,,18.0,30.0,31.0
2025-08-12 01:51:20,1884.16,955.1127272727273,1403.8109090909093,21.850452749524266,100.0,960.8309758058707,10.0,8.142289161682129,,,,,17.0,29.0,31.0
2025-08-12 01:51:23,1882.2981818181818,953.2509090909092,1400.0872727272726,21.891646111849695,100.0,960.8397700883729,10.0,8.136107444763184,,,,,17.0,28.0,30.0
2025-08-12 01:51:26,1884.16,953.2509090909092,1405.6727272727273,21.901944455341436,100.0,960.8283057722807,10.0,8.146038055419922,,,,,17.0,28.0,28.0
2025-08-12 01:51:29,1882.2981818181818,955.1127272727273,1403.8109090909093,21.958585365355248,100.0,960.8335541661955,10.0,8.128289222717285,,,,,17.0,26.0,26.0
2025-08-12 01:51:32,1884.16,953.2509090909092,1401.949090909091,22.004927954287268,100.0,960.8502616684788,10.0,8.142525672912598,,,,,16.0,25.0,25.0
2025-08-12 01:51:35,1882.2981818181818,953.2509090909092,1401.949090909091,22.020375489169965,100.0,960.9013780875758,10.0,8.131755828857422,,,,,16.0,26.0,26.0
2025-08-12 01:51:38,1884.16,953.2509090909092,1403.8109090909093,22.020375489169965,100.0,960.9287072621192,10.0,8.142078399658203,,,,,16.0,24.0,24.0
2025-08-12 01:51:41,1882.2981818181818,951.3890909090909,1403.8109090909093,22.071867291029776,100.0,960.871347331006,10.0,8.135472297668457,,,,,17.0,29.0,30.0
2025-08-12 01:51:44,1884.16,953.2509090909092,1405.6727272727273,22.1027623861155,100.0,960.8369219745412,10.0,8.139153480529785,,,,,15.0,28.0,30.0
2025-08-12 01:51:47,1882.2981818181818,949.5272727272728,1400.0872727272726,22.077016472816467,100.0,960.8246129316817,10.0,8.140763282775879,,,,,16.0,29.0,31.0
2025-08-12 01:51:50,1882.2981818181818,951.3890909090909,1401.949090909091,22.113060753472382,100.0,960.8527783817872,10.0,8.134040832519531,,,,,13.0,25.0,28.0
2025-08-12 01:51:53,1882.2981818181818,955.1127272727273,1409.3963636363637,22.123359121993417,100.0,960.8686348908129,10.0,8.122674942016602,,,,,13.0,25.0,28.0
2025-08-12 01:51:56,1882.2981818181818,953.2509090909092,1405.6727272727273,22.066718109534122,100.0,960.8634186406853,10.0,8.130125999450684,,,,,15.0,28.0,31.0
2025-08-12 01:51:59,1882.2981818181818,949.5272727272728,1400.0872727272726,22.025524668046273,100.0,960.8819780701447,10.0,8.142597198486328,,,,,17.0,30.0,32.0
2025-08-12 01:52:02,1882.2981818181818,951.3890909090909,1400.0872727272726,21.953436190262437,100.0,960.8256249073257,10.0,8.139492988586426,,,,,17.0,30.0,32.0
2025-08-12 01:52:05,1884.16,953.2509090909092,1398.2254545454548,21.989480422023917,100.0,960.8811302551366,10.0,8.143092155456543,,,,,17.0,30.0,32.0
2025-08-12 01:52:08,1884.16,953.2509090909092,1401.949090909091,21.876198598794872,100.0,960.8433036165026,10.0,8.146937370300293,,,,,17.0,29.0,31.0
2025-08-12 01:52:11,1882.2981818181818,951.3890909090909,1400.0872727272726,21.871049428358674,100.0,960.8626963722003,10.0,8.14236068725586,,,,,16.0,26.0,29.0
2025-08-12 01:52:14,1884.16,956.9745454545455,1405.6727272727273,21.958585365355248,100.0,960.8608806488218,10.0,8.13309383392334,,,,,17.0,26.0,29.0
2025-08-12 01:52:17,1884.16,953.2509090909092,1403.8109090909093,21.979182068636874,100.0,960.8652714567949,10.0,8.143433570861816,,,,,17.0,26.0,27.0
2025-08-12 01:52:20,1884.16,955.1127272727273,1401.949090909091,21.907093627523864,100.0,960.7815869500283,10.0,8.14029598236084,,,,,18.0,25.0,26.0
2025-08-12 01:52:23,1884.16,953.2509090909092,1400.0872727272726,21.850452749524266,100.0,960.8309758058707,10.0,8.147808074951172,,,,,16.0,22.0,23.0
2025-08-12 01:52:26,1884.16,953.2509090909092,1401.949090909091,21.83500524345436,100.0,960.8618280135693,10.0,8.1483736038208,,,,,18.0,23.0,24.0
2025-08-12 01:52:29,1884.16,955.1127272727273,1401.949090909091,21.788662740960717,100.0,960.8450932327725,10.0,8.144426345825195,,,,,17.0,22.0,23.0
2025-08-12 01:52:32,1884.16,955.1127272727273,1401.949090909091,21.75776775239501,100.0,960.8248274307023,10.0,8.145462989807129,,,,,17.0,22.0,23.0
2025-08-12 01:52:35,1886.0218181818184,955.1127272727273,1405.6727272727273,21.793811906740302,100.0,960.8530239325098,10.0,8.154555320739746,,,,,17.0,22.0,22.0
2025-08-12 01:52:38,1884.16,953.2509090909092,1401.949090909091,21.896795283450047,100.0,960.8476999443271,10.0,8.146236419677734,,,,,18.0,23.0,23.0
2025-08-12 01:52:41,1882.2981818181818,951.3890909090909,1401.949090909091,21.937988666730234,100.0,960.8018372838237,10.0,8.139999389648438,,,,,17.0,22.0,23.0
2025-08-12 01:52:44,1882.2981818181818,953.2509090909092,1403.8109090909093,21.979182068636874,100.0,960.8652714567949,10.0,8.13313102722168,,,,,17.0,22.0,24.0
2025-08-12 01:52:47,1882.2981818181818,951.3890909090909,1400.0872727272726,21.97403289237991,100.0,960.8573420958813,10.0,8.138815879821777,,,,,17.0,23.0,24.0
2025-08-12 01:52:50,1882.2981818181818,955.1127272727273,1403.8109090909093,21.97403289237991,100.0,960.8300149541271,10.0,8.127751350402832,,,,,18.0,24.0,25.0
2025-08-12 01:52:53,1880.4363636363637,953.2509090909092,1405.6727272727273,21.937988666730234,100.0,960.8291628630061,10.0,8.1242094039917,,,,,17.0,25.0,26.0
2025-08-12 01:52:56,1884.16,953.2509090909092,1403.8109090909093,21.84530358054326,100.0,960.7684025345475,10.0,8.147918701171875,,,,,18.0,26.0,27.0
2025-08-12 01:52:59,1884.16,953.2509090909092,1400.0872727272726,21.876198598794872,100.0,960.8706265776739,10.0,8.146968841552734,,,,,18.0,26.0,27.0
2025-08-12 01:53:02,1884.16,953.2509090909092,1400.0872727272726,21.876198598794872,100.0,960.8706265776739,10.0,8.146968841552734,,,,,18.0,26.0,27.0
2025-08-12 01:53:05,1884.16,953.2509090909092,1403.8109090909093,21.83500524345436,100.0,960.8071856495255,10.0,8.148311614990234,,,,,17.0,25.0,27.0
2025-08-12 01:53:08,1884.16,953.2509090909092,1401.949090909091,21.824706907529617,100.0,960.8459671337774,10.0,8.148710250854492,,,,,18.0,26.0,27.0
2025-08-12 01:53:11,1886.0218181818184,956.9745454545455,1405.6727272727273,21.876198598794872,100.0,960.8979495572996,10.0,8.146254539489746,,,,,18.0,25.0,27.0
2025-08-12 01:53:14,1884.16,955.1127272727273,1405.6727272727273,21.881347769522108,100.0,960.8239104531001,10.0,8.141218185424805,,,,,18.0,26.0,27.0
2025-08-12 01:53:17,1886.0218181818184,955.1127272727273,1405.6727272727273,21.94313784094993,100.0,960.7824406795539,10.0,8.149345397949219,,,,,19.0,25.0,26.0
2025-08-12 01:53:20,1884.16,951.3890909090909,1401.949090909091,21.91224279999733,100.0,960.7895162050295,10.0,8.151156425476074,,,,,18.0,25.0,26.0
2025-08-12 01:53:23,1882.2981818181818,956.9745454545455,1405.6727272727273,21.84015441185329,100.0,960.8424370747219,10.0,8.126846313476562,,,,,19.0,26.0,27.0
2025-08-12 01:53:26,1884.16,953.2509090909092,1400.0872727272726,21.876198598794872,100.0,960.7886577495237,10.0,8.146881103515625,,,,,18.0,26.0,27.0
2025-08-12 01:53:29,1886.0218181818184,956.9745454545455,1403.8109090909093,21.927690319163958,100.0,960.8952796163652,10.0,8.144489288330078,,,,,18.0,25.0,26.0
2025-08-12 01:53:32,1882.2981818181818,956.9745454545455,1407.5345454545454,21.968883716413984,100.0,960.9040666476378,10.0,8.122493743896484,,,,,19.0,27.0,27.0
2025-08-12 01:53:35,1886.0218181818184,953.2509090909092,1403.8109090909093,21.958585365355248,100.0,960.8335541661955,10.0,8.15439224243164,,,,,20.0,28.0,28.0
2025-08-12 01:53:38,1884.16,951.3890909090909,1400.0872727272726,21.994629599153996,100.0,960.9163877562326,10.0,8.148473739624023,,,,,19.0,27.0,27.0
2025-08-12 01:53:41,1884.16,953.2509090909092,1405.6727272727273,22.025524668046273,100.0,960.827319361638,10.0,8.141799926757812,,,,,18.0,25.0,25.0
2025-08-12 01:53:44,1886.0218181818184,955.1127272727273,1405.6727272727273,22.04097220642143,100.0,960.8511055752774,10.0,8.146071434020996,,,,,17.0,26.0,27.0
2025-08-12 01:53:47,1882.2981818181818,953.2509090909092,1405.6727272727273,22.025524668046273,100.0,960.8819780701447,10.0,8.131558418273926,,,,,16.0,27.0,27.0
2025-08-12 01:53:50,1884.16,953.2509090909092,1405.6727272727273,22.004927954287268,100.0,960.7682763438096,10.0,8.142433166503906,,,,,15.0,27.0,29.0
2025-08-12 01:53:53,1884.16,953.2509090909092,1403.8109090909093,21.994629599153996,100.0,960.807075612311,10.0,8.142837524414062,,,,,15.0,28.0,29.0
2025-08-12 01:53:56,1884.16,953.2509090909092,1405.6727272727273,21.999778776575113,100.0,960.8423326317912,10.0,8.142696380615234,,,,,17.0,29.0,31.0
2025-08-12 01:57:59,1882.2981818181818,958.8363636363637,1409.3963636363637,21.762916916428367,100.0,960.7781220517297,10.0,8.123906135559082,,,,,17.0,28.0,29.0
2025-08-12 01:58:02,1882.2981818181818,956.9745454545455,1403.8109090909093,21.824706907529617,100.0,960.8186463942326,10.0,8.127349853515625,,,,,18.0,28.0,29.0
2025-08-12 01:58:05,1886.0218181818184,955.1127272727273,1405.6727272727273,21.865900258213514,100.0,960.8274436828199,10.0,8.15205192565918,,,,,16.0,27.0,27.0
2025-08-12 01:58:08,1884.16,955.1127272727273,1403.8109090909093,21.91224279999733,100.0,960.8441651601765,10.0,8.140183448791504,,,,,17.0,27.0,27.0
2025-08-12 01:58:11,1886.0218181818184,958.8363636363637,1409.3963636363637,21.917391972761834,100.0,960.8520948924285,10.0,8.139278411865234,,,,,16.0,27.0,27.0
2025-08-12 01:58:14,1884.16,956.9745454545455,1405.6727272727273,21.917391972761834,100.0,960.8794196235456,10.0,8.134527206420898,,,,,16.0,27.0,27.0
2025-08-12 01:58:17,1886.0218181818184,955.1127272727273,1405.6727272727273,21.958585365355248,100.0,960.8335541661955,10.0,8.148880004882812,,,,,17.0,28.0,28.0
2025-08-12 01:58:20,1886.0218181818184,955.1127272727273,1403.8109090909093,21.84530358054326,100.0,960.7957241221422,10.0,8.15272045135498,,,,,18.0,28.0,29.0
2025-08-12 01:58:23,1886.0218181818184,956.9745454545455,1407.5345454545454,21.91224279999733,100.0,960.7895162050295,10.0,8.144905090332031,,,,,17.0,27.0,28.0
2025-08-12 01:58:26,1886.0218181818184,955.1127272727273,1405.6727272727273,21.94313784094993,100.0,960.8097664661381,10.0,8.149380683898926,,,,,18.0,28.0,29.0
2025-08-12 01:58:29,1884.16,956.9745454545455,1405.6727272727273,21.948287015460664,100.0,960.8450217048759,10.0,8.133431434631348,,,,,18.0,27.0,28.0
2025-08-12 01:58:32,1886.0218181818184,955.1127272727273,1407.5345454545454,21.917391972761834,100.0,960.824770179768,10.0,8.150275230407715,,,,,17.0,26.0,27.0
2025-08-12 01:58:35,1884.16,953.2509090909092,1405.6727272727273,21.922541145817377,100.0,960.8600246502134,10.0,8.145362854003906,,,,,19.0,26.0,27.0
2025-08-12 01:58:38,1884.16,955.1127272727273,1405.6727272727273,21.937988666730234,100.0,960.8018372838237,10.0,8.139250755310059,,,,,19.0,25.0,26.0
2025-08-12 01:58:41,1886.0218181818184,955.1127272727273,1407.5345454545454,21.901944455341436,100.0,960.8556298258234,10.0,8.15084171295166,,,,,18.0,24.0,25.0
2025-08-12 01:58:44,1884.16,953.2509090909092,1403.8109090909093,21.814408572769025,100.0,960.7481455481061,10.0,8.14895248413086,,,,,16.0,22.0,23.0
2025-08-12 01:58:47,1886.0218181818184,955.1127272727273,1405.6727272727273,21.793811906740302,100.0,960.7710657238174,10.0,8.154464721679688,,,,,15.0,22.0,22.0
2025-08-12 01:58:50,1886.0218181818184,960.6981818181819,1407.5345454545454,21.71142528919154,100.0,960.7807674798495,10.0,8.1407470703125,,,,,13.0,19.0,19.0
2025-08-12 01:58:53,1887.8836363636362,958.8363636363637,1405.6727272727273,21.6496353749244,100.0,960.7948529943391,10.0,8.158702850341797,,,,,15.0,20.0,20.0
2025-08-12 01:58:56,1886.0218181818184,956.9745454545455,1405.6727272727273,21.64448621729389,100.0,960.8142346579953,10.0,8.154117584228516,,,,,15.0,19.0,19.0
2025-08-12 03:10:43,1884.16,953.2509090909092,1411.2581818181818,20.815475634211907,100.0,960.6013926774464,10.0,8.183077812194824,,,,,18.0,25.0,26.0
2025-08-12 03:10:46,1882.2981818181818,955.1127272727273,1405.6727272727273,20.846370303217554,100.0,960.6490103244981,10.0,8.166257858276367,,,,,16.0,23.0,24.0
2025-08-12 03:10:49,1884.16,958.8363636363637,1413.1200000000001,20.846370303217554,100.0,960.6217316045435,10.0,8.165484428405762,,,,,16.0,23.0,24.0
2025-08-12 03:10:52,1880.4363636363637,956.9745454545455,1409.3963636363637,20.89271232637111,100.0,960.6385963501717,10.0,8.148839950561523,,,,,17.0,22.0,23.0
2025-08-12 03:10:55,1882.2981818181818,955.1127272727273,1411.2581818181818,20.908159672660986,100.0,960.6078414652096,10.0,8.164093971252441,,,,,18.0,23.0,24.0
2025-08-12 03:10:58,1882.2981818181818,956.9745454545455,1409.3963636363637,20.83607207905152,100.0,960.5785811529728,10.0,8.161017417907715,,,,,17.0,23.0,24.0
2025-08-12 03:11:01,1882.2981818181818,955.1127272727273,1411.2581818181818,20.83607207905152,100.0,960.633137671415,10.0,8.166592597961426,,,,,17.0,21.0,23.0
2025-08-12 03:11:04,1884.16,953.2509090909092,1409.3963636363637,20.841221190989017,100.0,960.6137954907636,10.0,8.182206153869629,,,,,17.0,22.0,23.0
2025-08-12 03:11:07,1884.16,955.1127272727273,1411.2581818181818,20.856668528547743,100.0,960.6648830816249,10.0,8.176215171813965,,,,,17.0,22.0,23.0
2025-08-12 03:11:10,1884.16,956.9745454545455,1409.3963636363637,20.87726498270058,100.0,960.6420687771838,10.0,8.169967651367188,,,,,17.0,22.0,22.0
2025-08-12 03:11:13,1882.2981818181818,956.9745454545455,1411.2581818181818,20.85151941573713,100.0,960.6023888170056,10.0,8.160514831542969,,,,,17.0,23.0,23.0
2025-08-12 03:11:16,1884.16,955.1127272727273,1411.2581818181818,20.872115868725814,100.0,960.57957312752,10.0,8.175596237182617,,,,,17.0,23.0,23.0
2025-08-12 03:11:19,1884.16,960.6981818181819,1411.2581818181818,20.87726498270058,100.0,960.6420687771838,10.0,8.158931732177734,,,,,16.0,24.0,24.0
2025-08-12 03:11:22,1884.16,955.1127272727273,1413.1200000000001,20.87726498270058,100.0,960.6693488333625,10.0,8.17551326751709,,,,,17.0,27.0,27.0
2025-08-12 03:11:25,1882.2981818181818,955.1127272727273,1411.2581818181818,20.77943186694756,100.0,960.6276674053644,10.0,8.168526649475098,,,,,16.0,27.0,28.0
2025-08-12 03:11:28,1880.4363636363637,955.1127272727273,1413.1200000000001,20.78458097568364,100.0,960.5810519964095,10.0,8.158007621765137,,,,,16.0,29.0,31.0
2025-08-12 03:11:31,1880.4363636363637,956.9745454545455,1414.9818181818182,20.83607207905152,100.0,960.633137671415,10.0,8.150782585144043,,,,,15.0,29.0,32.0
2025-08-12 03:11:34,1884.16,956.9745454545455,1413.1200000000001,20.76398454248556,100.0,960.6311326292833,10.0,8.173847198486328,,,,,15.0,29.0,31.0
2025-08-12 03:11:37,1884.16,955.1127272727273,1411.2581818181818,20.72279169005924,100.0,960.5949121433846,10.0,8.180730819702148,,,,,16.0,29.0,32.0
2025-08-12 03:11:40,1882.2981818181818,955.1127272727273,1409.3963636363637,20.691897062963108,100.0,960.6291077013738,10.0,8.171538352966309,,,,,16.0,28.0,32.0
2025-08-12 05:08:50,1878.5745454545456,956.9745454545455,1424.290909090909,18.941218646388734,100.0,960.433972960574,10.0,8.205296516418457,,,,,13.0,23.0,23.0
2025-08-12 05:08:53,1878.5745454545456,955.1127272727273,1424.290909090909,19.003006723622093,100.0,960.5021648204289,10.0,8.208773612976074,,,,,13.0,24.0,24.0
2025-08-12 05:08:56,1876.7127272727273,955.1127272727273,1422.429090909091,18.972112679766724,100.0,960.4544698823345,10.0,8.199481964111328,,,,,14.0,25.0,25.0
2025-08-12 05:08:59,1878.5745454545456,955.1127272727273,1424.290909090909,18.987559700384736,100.0,960.4511181685148,10.0,8.209249496459961,,,,,14.0,24.0,24.0
2025-08-12 05:09:02,1878.5745454545456,956.9745454545455,1424.290909090909,18.987559700384736,100.0,960.4511181685148,10.0,8.203728675842285,,,,,12.0,21.0,21.0
2025-08-12 05:09:05,1876.7127272727273,955.1127272727273,1424.290909090909,19.059645831235684,100.0,960.45359712834,10.0,8.196476936340332,,,,,12.0,20.0,20.0
2025-08-12 05:09:08,1876.7127272727273,953.2509090909092,1420.567272727273,18.99785771558527,100.0,960.3854176534712,10.0,8.20404052734375,,,,,10.0,19.0,19.0
2025-08-12 05:09:11,1878.5745454545456,955.1127272727273,1422.429090909091,18.972112679766724,100.0,960.4544698823345,10.0,8.209776878356934,,,,,11.0,20.0,20.0
2025-08-12 05:09:14,1876.7127272727273,951.3890909090909,1418.7054545454546,18.941218646388734,100.0,960.4883671153011,10.0,8.211616516113281,,,,,12.0,21.0,21.0
2025-08-12 05:09:17,1878.5745454545456,955.1127272727273,1422.429090909091,18.930920637591043,100.0,960.4996646395389,10.0,8.211241722106934,,,,,11.0,20.0,20.0
2025-08-12 05:09:20,1874.8509090909092,955.1127272727273,1420.567272727273,18.930920637591043,100.0,960.4996646395389,10.0,8.19064998626709,,,,,11.0,20.0,20.0
2025-08-12 05:09:23,1876.7127272727273,955.1127272727273,1420.567272727273,18.96696367347613,100.0,960.4737189978855,10.0,8.199679374694824,,,,,11.0,19.0,19.0
2025-08-12 05:09:26,1878.5745454545456,955.1127272727273,1424.290909090909,18.977261686348356,100.0,960.4896176007544,10.0,8.20964241027832,,,,,13.0,19.0,19.0
2025-08-12 05:09:29,1876.7127272727273,953.2509090909092,1422.429090909091,18.961814667476574,100.0,960.4385717843688,10.0,8.205338478088379,,,,,13.0,19.0,19.0
2025-08-12 05:09:32,1876.7127272727273,949.5272727272728,1420.567272727273,19.028751768171787,100.0,960.4603087940131,10.0,8.21409797668457,,,,,12.0,18.0,18.0
2025-08-12 05:09:35,1876.7127272727273,953.2509090909092,1422.429090909091,19.028751768171787,100.0,960.4331079819109,10.0,8.203034400939941,,,,,14.0,21.0,21.0
2025-08-12 05:09:38,1874.8509090909092,949.5272727272728,1420.567272727273,19.008155731949955,100.0,960.5101140707006,10.0,8.204561233520508,,,,,12.0,18.0,18.0
2025-08-12 05:09:41,1876.7127272727273,951.3890909090909,1422.429090909091,18.992708707839483,100.0,960.5134657063735,10.0,8.209874153137207,,,,,14.0,22.0,23.0
2025-08-12 05:09:44,1878.5745454545456,953.2509090909092,1422.429090909091,18.946367651224136,100.0,960.4691194081537,10.0,8.216194152832031,,,,,12.0,23.0,25.0
2025-08-12 05:09:47,1876.7127272727273,955.1127272727273,1426.1527272727274,18.977261686348356,100.0,960.4624189715852,10.0,8.199316024780273,,,,,12.0,23.0,25.0
2025-08-12 05:22:50,1880.4363636363637,955.1127272727273,1424.290909090909,19.234712386503816,100.0,960.3701323599711,10.0,8.210968971252441,,,,,11.0,16.0,17.0
2025-08-12 05:22:53,1882.2981818181818,960.6981818181819,1431.7381818181818,19.26045749653713,100.0,960.4098645978032,10.0,8.203872680664062,,,,,11.0,16.0,17.0
2025-08-12 05:22:56,1882.2981818181818,956.9745454545455,1428.0145454545457,19.27075554258772,100.0,960.3713354145661,10.0,8.214509010314941,,,,,11.0,18.0,18.0
2025-08-12 05:22:59,1880.4363636363637,956.9745454545455,1428.0145454545457,19.291351638181368,100.0,960.4575441647769,10.0,8.203601837158203,,,,,13.0,20.0,20.0
2025-08-12 05:23:02,1880.4363636363637,955.1127272727273,1428.0145454545457,19.2862026138464,100.0,960.367962102193,10.0,8.209196090698242,,,,,13.0,21.0,21.0
2025-08-12 05:23:05,1880.4363636363637,956.9745454545455,1429.8763636363635,19.30164968772442,100.0,960.4190125944199,10.0,8.203207015991211,,,,,13.0,20.0,20.0
2025-08-12 05:23:08,1882.2981818181818,953.2509090909092,1426.1527272727274,19.322245790302986,100.0,960.3963712101083,10.0,8.223800659179688,,,,,13.0,20.0,20.0
2025-08-12 05:23:11,1882.2981818181818,955.1127272727273,1428.0145454545457,19.291351638181368,100.0,960.3759080865569,10.0,8.219322204589844,,,,,13.0,20.0,20.0
2025-08-12 05:23:14,1880.4363636363637,956.9745454545455,1429.8763636363635,19.322245790302986,100.0,960.3691578851452,10.0,8.2024507522583,,,,,14.0,20.0,20.0
2025-08-12 05:23:17,1882.2981818181818,956.9745454545455,1426.1527272727274,19.353139952901984,100.0,960.3624033024271,10.0,8.211675643920898,,,,,14.0,21.0,21.0
2025-08-12 05:23:20,1880.4363636363637,956.9745454545455,1428.0145454545457,19.35828898102045,100.0,960.3159190504854,10.0,8.201155662536621,,,,,14.0,21.0,21.0
2025-08-12 05:23:23,1878.5745454545456,956.9745454545455,1428.0145454545457,19.3685870381305,100.0,960.4134549877718,10.0,8.190611839294434,,,,,13.0,19.0,19.0
2025-08-12 05:23:26,1880.4363636363637,955.1127272727273,1426.1527272727274,19.37373606712208,100.0,960.3941851774379,10.0,8.206222534179688,,,,,13.0,19.0,19.0
2025-08-12 05:23:29,1878.5745454545456,956.9745454545455,1428.0145454545457,19.394332185998792,100.0,960.4259674790779,10.0,8.189735412597656,,,,,15.0,19.0,19.0
2025-08-12 05:23:32,1880.4363636363637,956.9745454545455,1428.0145454545457,19.404630247183377,100.0,960.3602082039641,10.0,8.199609756469727,,,,,13.0,16.0,16.0
2025-08-12 05:23:35,1880.4363636363637,953.2509090909092,1426.1527272727274,19.30164968772442,100.0,960.4462250717615,10.0,8.214268684387207,,,,,14.0,17.0,17.0
2025-08-12 05:23:38,1880.4363636363637,956.9745454545455,1429.8763636363635,19.265606519416906,100.0,960.3633893113957,10.0,8.20438003540039,,,,,12.0,17.0,17.0
2025-08-12 05:23:41,1880.4363636363637,953.2509090909092,1426.1527272727274,19.322245790302986,100.0,960.3963712101083,10.0,8.213509559631348,,,,,13.0,18.0,18.0
2025-08-12 05:23:44,1880.4363636363637,956.9745454545455,1428.0145454545457,19.265606519416906,100.0,960.3906002093076,10.0,8.2044095993042,,,,,12.0,16.0,16.0
2025-08-12 05:23:47,1878.5745454545456,953.2509090909092,1428.0145454545457,19.22441434452776,100.0,960.408657929175,10.0,8.206587791442871,,,,,11.0,15.0,15.0
2025-08-12 05:55:00,1884.16,955.1127272727273,1431.7381818181818,18.802195625845343,100.0,960.4912665621712,10.0,8.246535301208496,,,,,14.0,19.0,19.0
2025-08-12 05:55:03,1884.16,956.9745454545455,1431.7381818181818,18.74040768481791,100.0,960.4774258709433,10.0,8.243127822875977,,,,,13.0,18.0,18.0
2025-08-12 05:55:06,1884.16,958.8363636363637,1431.7381818181818,18.771301650092937,100.0,960.4435630250782,10.0,8.23651123046875,,,,,12.0,17.0,17.0
2025-08-12 05:55:09,1884.16,956.9745454545455,1429.8763636363635,18.71981171378866,100.0,960.4184344041188,10.0,8.243762969970703,,,,,12.0,18.0,18.0
2025-08-12 05:55:12,1884.16,956.9745454545455,1429.8763636363635,18.673470795998583,100.0,960.4556216189338,10.0,8.245403289794922,,,,,12.0,18.0,18.0
2025-08-12 05:55:15,1882.2981818181818,958.8363636363637,1429.8763636363635,18.616831928491592,100.0,960.4497079011334,10.0,8.231523513793945,,,,,12.0,17.0,17.0
2025-08-12 05:55:18,1882.2981818181818,956.9745454545455,1429.8763636363635,18.58078903114074,100.0,960.4212280776995,10.0,8.23824405670166,,,,,12.0,18.0,18.0
2025-08-12 05:55:21,1884.16,958.8363636363637,1429.8763636363635,18.549895130476216,100.0,960.4550588879194,10.0,8.244125366210938,,,,,12.0,18.0,18.0
2025-08-12 05:55:24,1884.16,960.6981818181819,1431.7381818181818,18.493256339803338,100.0,960.3947632957573,10.0,8.240483283996582,,,,,12.0,17.0,17.0
2025-08-12 05:55:27,1884.16,960.6981818181819,1431.7381818181818,18.51385225960985,100.0,960.3722148366743,10.0,8.23974609375,,,,,12.0,18.0,18.0
2025-08-12 05:55:30,1886.0218181818184,960.6981818181819,1431.7381818181818,18.488107360579306,100.0,960.4411664293954,10.0,8.251007080078125,,,,,12.0,18.0,18.0
2025-08-12 05:55:33,1884.16,958.8363636363637,1429.8763636363635,18.45721349134692,100.0,960.3934511177349,10.0,8.247235298156738,,,,,12.0,17.0,19.0
2025-08-12 05:55:36,1886.0218181818184,958.8363636363637,1433.6000000000001,18.529299202520633,100.0,960.368891151614,10.0,8.25502872467041,,,,,12.0,17.0,18.0
2025-08-12 05:55:39,1882.2981818181818,955.1127272727273,1429.8763636363635,18.601384970737854,100.0,960.4530353595214,10.0,8.243087768554688,,,,,12.0,17.0,18.0
2025-08-12 05:55:42,1882.2981818181818,958.8363636363637,1435.4618181818184,18.632278888864676,100.0,960.3376440859919,10.0,8.230873107910156,,,,,12.0,17.0,18.0
2025-08-12 05:55:45,1884.16,956.9745454545455,1433.6000000000001,18.678619785699993,100.0,960.4635729825011,10.0,8.245229721069336,,,,,12.0,16.0,18.0
2025-08-12 05:55:48,1882.2981818181818,953.2509090909092,1431.7381818181818,18.75585466614575,100.0,960.4469007497065,10.0,8.243303298950195,,,,,12.0,17.0,18.0
2025-08-12 05:55:51,1884.16,953.2509090909092,1431.7381818181818,18.80734462282271,100.0,960.4720258787037,10.0,8.251855850219727,,,,,13.0,16.0,19.0
2025-08-12 05:55:54,1882.2981818181818,955.1127272727273,1433.6000000000001,18.802195625845343,100.0,960.4368842971961,10.0,8.236178398132324,,,,,13.0,15.0,18.0
2025-08-12 05:55:57,1882.2981818181818,953.2509090909092,1433.6000000000001,18.766152655152837,100.0,960.4899917096444,10.0,8.24299430847168,,,,,12.0,15.0,17.0
2025-08-12 06:09:42,1882.2981818181818,949.5272727272728,1428.0145454545457,18.889728614041815,100.0,960.4632622591033,10.0,8.249755859375,,,,,12.0,19.0,21.0
2025-08-12 06:09:45,1884.16,955.1127272727273,1433.6000000000001,18.930920637591043,100.0,960.4452713506539,10.0,8.24206829071045,,,,,12.0,21.0,23.0
2025-08-12 06:09:48,1882.2981818181818,951.3890909090909,1433.6000000000001,18.977261686348356,100.0,960.435220360703,10.0,8.241202354431152,,,,,11.0,19.0,20.0
2025-08-12 06:09:51,1882.2981818181818,951.3890909090909,1431.7381818181818,18.99785771558527,100.0,960.5214151285888,10.0,8.240585327148438,,,,,11.0,20.0,20.0
2025-08-12 06:09:54,1884.16,953.2509090909092,1433.6000000000001,18.977261686348356,100.0,960.4896176007544,10.0,8.246044158935547,,,,,12.0,20.0,22.0
2025-08-12 06:09:57,1882.2981818181818,949.5272727272728,1431.7381818181818,18.961814667476574,100.0,960.4657697367205,10.0,8.24728775024414,,,,,12.0,20.0,22.0
2025-08-12 06:10:00,1880.4363636363637,951.3890909090909,1431.7381818181818,18.93606964184437,100.0,960.4532206762941,10.0,8.232341766357422,,,,,11.0,18.0,20.0
2025-08-12 06:10:03,1882.2981818181818,949.5272727272728,1433.6000000000001,18.951516656350577,100.0,960.4770688143691,10.0,8.24765682220459,,,,,12.0,20.0,22.0
2025-08-12 06:10:06,1878.5745454545456,945.8036363636364,1431.7381818181818,19.003006723622093,100.0,960.474965081508,10.0,8.236321449279785,,,,,11.0,20.0,21.0
2025-08-12 06:10:09,1880.4363636363637,947.6654545454545,1433.6000000000001,18.982410693221027,100.0,960.4703680876778,10.0,8.241805076599121,,,,,12.0,21.0,21.0
2025-08-12 06:10:12,1882.2981818181818,947.6654545454545,1431.7381818181818,18.987559700384736,100.0,960.4511181685148,10.0,8.251904487609863,,,,,12.0,23.0,23.0
2025-08-12 06:10:15,1882.2981818181818,947.6654545454545,1431.7381818181818,19.003006723622093,100.0,960.474965081508,10.0,8.251394271850586,,,,,12.0,23.0,23.0
2025-08-12 06:10:21,1880.4363636363637,945.8036363636364,1431.7381818181818,18.961814667476574,100.0,960.4113738503038,10.0,8.247963905334473,,,,,12.0,21.0,21.0
2025-08-12 06:10:24,1880.4363636363637,951.3890909090909,1433.6000000000001,18.956665661768056,100.0,960.430622775658,10.0,8.231613159179688,,,,,11.0,19.0,21.0
2025-08-12 06:10:27,1880.4363636363637,949.5272727272728,1428.0145454545457,18.972112679766724,100.0,960.4544698823345,10.0,8.236624717712402,,,,,12.0,19.0,20.0
2025-08-12 06:10:30,1878.5745454545456,949.5272727272728,1431.7381818181818,18.987559700384736,100.0,960.4511181685148,10.0,8.225794792175293,,,,,12.0,18.0,19.0
2025-08-12 06:10:33,1880.4363636363637,947.6654545454545,1428.0145454545457,18.961814667476574,100.0,960.4657697367205,10.0,8.242509841918945,,,,,13.0,18.0,20.0
2025-08-12 06:10:36,1880.4363636363637,951.3890909090909,1433.6000000000001,18.910324623488123,100.0,960.3862786021288,10.0,8.233155250549316,,,,,12.0,17.0,19.0
2025-08-12 06:10:39,1878.5745454545456,949.5272727272728,1429.8763636363635,18.843387609813362,100.0,960.3917153817275,10.0,8.230676651000977,,,,,11.0,15.0,17.0
2025-08-12 06:10:42,1878.5745454545456,949.5272727272728,1429.8763636363635,18.797046629159013,100.0,960.4561249893063,10.0,8.232338905334473,,,,,11.0,15.0,17.0
2025-08-12 06:10:48,1882.2981818181818,951.3890909090909,1431.7381818181818,18.766152655152837,100.0,960.408422967317,10.0,8.248419761657715,,,,,12.0,15.0,17.0
2025-08-12 06:10:51,1880.4363636363637,951.3890909090909,1431.7381818181818,18.678619785699993,100.0,960.4635729825011,10.0,8.241189002990723,,,,,13.0,18.0,19.0
2025-08-12 06:10:54,1878.5745454545456,951.3890909090909,1431.7381818181818,18.673470795998583,100.0,960.4556216189338,10.0,8.23106575012207,,,,,12.0,18.0,20.0
2025-08-12 06:10:57,1880.4363636363637,953.2509090909092,1431.7381818181818,18.724960706109414,100.0,960.4535729206854,10.0,8.234071731567383,,,,,11.0,19.0,23.0
2025-08-12 06:11:00,1880.4363636363637,951.3890909090909,1431.7381818181818,18.724960706109414,100.0,960.4535729206854,10.0,8.239583015441895,,,,,10.0,21.0,25.0
2025-08-12 06:11:03,1880.4363636363637,951.3890909090909,1429.8763636363635,18.79189763276372,100.0,960.4209839128217,10.0,8.237253189086914,,,,,8.0,19.0,20.0
2025-08-12 06:11:06,1882.2981818181818,949.5272727272728,1431.7381818181818,18.73525869162404,100.0,960.4150983512353,10.0,8.25500202178955,,,,,8.0,17.0,17.0
2025-08-12 06:11:09,1880.4363636363637,947.6654545454545,1428.0145454545457,18.797046629159013,100.0,960.4561249893063,10.0,8.248150825500488,,,,,8.0,17.0,17.0
2025-08-12 06:11:12,1878.5745454545456,949.5272727272728,1431.7381818181818,18.827940613642568,100.0,960.3950590849286,10.0,8.231213569641113,,,,,9.0,17.0,17.0
2025-08-12 06:11:15,1878.5745454545456,949.5272727272728,1429.8763636363635,18.843387609813362,100.0,960.4189082367031,10.0,8.230707168579102,,,,,10.0,18.0,18.0
2025-08-12 06:11:18,1882.2981818181818,955.1127272727273,1433.6000000000001,18.781599640846252,100.0,960.3778934334301,10.0,8.23681926727295,,,,,10.0,17.0,17.0
2025-08-12 06:11:21,1880.4363636363637,951.3890909090909,1431.7381818181818,18.73525869162404,100.0,960.4422865967676,10.0,8.239224433898926,,,,,11.0,19.0,19.0
2025-08-12 06:11:24,1882.2981818181818,953.2509090909092,1431.7381818181818,18.65802382864058,100.0,960.4317676901035,10.0,8.246635437011719,,,,,11.0,19.0,19.0
2025-08-12 06:11:27,1880.4363636363637,953.2509090909092,1429.8763636363635,18.61168294228264,100.0,960.4417561847122,10.0,8.237943649291992,,,,,12.0,19.0,19.0
2025-08-12 06:11:30,1880.4363636363637,953.2509090909092,1433.6000000000001,18.544746148050763,100.0,960.4742867388665,10.0,8.240283012390137,,,,,13.0,19.0,19.0
2025-08-12 06:11:33,1882.2981818181818,953.2509090909092,1429.8763636363635,18.565342079498805,100.0,960.397372900012,10.0,8.249776840209961,,,,,13.0,18.0,18.0
2025-08-12 06:11:36,1878.5745454545456,955.1127272727273,1429.8763636363635,18.544746148050763,100.0,960.4742867388665,10.0,8.224464416503906,,,,,13.0,18.0,18.0
2025-08-12 06:11:39,1882.2981818181818,955.1127272727273,1433.6000000000001,18.62712990178261,100.0,960.4112441607654,10.0,8.242159843444824,,,,,13.0,17.0,17.0
2025-08-12 06:11:42,1882.2981818181818,955.1127272727273,1433.6000000000001,18.58593801560346,100.0,960.4835436122684,10.0,8.243653297424316,,,,,13.0,16.0,16.0
2025-08-12 06:11:45,1878.5745454545456,955.1127272727273,1431.7381818181818,18.493256339803338,100.0,960.3947632957573,10.0,8.22614860534668,,,,,12.0,16.0,16.0
2025-08-12 06:29:28,1863.68,943.9418181818181,1420.567272727273,18.642576863901922,100.0,960.5166512194712,10.0,8.171896934509277,,,,,11.0,16.0,18.0
2025-08-12 06:29:31,1863.68,945.8036363636364,1418.7054545454546,18.642576863901922,100.0,960.4622825752622,10.0,8.166315078735352,,,,,12.0,16.0,18.0
2025-08-12 06:29:34,1865.5418181818181,945.8036363636364,1422.429090909091,18.71466272175894,100.0,960.4920458663703,10.0,8.174173355102539,,,,,11.0,15.0,17.0
2025-08-12 06:29:37,1865.5418181818181,945.8036363636364,1420.567272727273,18.73525869162404,100.0,960.5238514430052,10.0,8.173494338989258,,,,,11.0,16.0,16.0
2025-08-12 06:29:40,1865.5418181818181,943.9418181818181,1420.567272727273,18.838238610798726,100.0,960.54692191364,10.0,8.175512313842773,,,,,10.0,14.0,14.0
2025-08-12 06:29:43,1863.68,945.8036363636364,1422.429090909091,18.786748636659468,100.0,960.4674146724528,10.0,8.161373138427734,,,,,11.0,15.0,15.0
2025-08-12 06:29:46,1865.5418181818181,945.8036363636364,1418.7054545454546,18.74555667830282,100.0,960.4581881932846,10.0,8.173074722290039,,,,,11.0,15.0,15.0
2025-08-12 06:29:49,1867.4036363636365,945.8036363636364,1424.290909090909,18.802195625845343,100.0,960.4912665621712,10.0,8.181465148925781,,,,,11.0,15.0,16.0
2025-08-12 06:29:52,1867.4036363636365,945.8036363636364,1422.429090909091,18.73525869162404,100.0,960.4966631426526,10.0,8.18376636505127,,,,,11.0,15.0,16.0
2025-08-12 06:29:55,1867.4036363636365,951.3890909090909,1426.1527272727274,18.70436473857262,100.0,960.5577041899767,10.0,8.168342590332031,,,,,11.0,15.0,16.0
2025-08-12 06:29:58,1869.2654545454548,947.6654545454545,1422.429090909091,18.75585466614575,100.0,960.5284682481582,10.0,8.187870025634766,,,,,12.0,15.0,16.0
2025-08-12 06:30:01,1867.4036363636365,945.8036363636364,1422.429090909091,18.730109698721208,100.0,960.5159000084143,10.0,8.183968544006348,,,,,11.0,15.0,16.0
2025-08-12 06:30:04,1867.4036363636365,942.08,1418.7054545454546,18.74555667830282,100.0,960.4853769082616,10.0,8.194435119628906,,,,,12.0,16.0,18.0
2025-08-12 06:30:07,1867.4036363636365,945.8036363636364,1422.429090909091,18.694066756550455,100.0,960.4874272350453,10.0,8.185163497924805,,,,,12.0,16.0,17.0
2025-08-12 06:30:10,1869.2654545454548,942.08,1420.567272727273,18.750705672078766,100.0,960.5205169313634,10.0,8.204595565795898,,,,,12.0,16.0,18.0
2025-08-12 06:30:13,1869.2654545454548,945.8036363636364,1422.429090909091,18.750705672078766,100.0,960.5205169313634,10.0,8.19355583190918,,,,,12.0,16.0,17.0
2025-08-12 06:30:16,1867.4036363636365,945.8036363636364,1422.429090909091,18.802195625845343,100.0,960.5456489002556,10.0,8.181525230407715,,,,,12.0,16.0,16.0
2025-08-12 06:30:19,1865.5418181818181,942.08,1424.290909090909,18.79189763276372,100.0,960.4753652754346,10.0,8.182534217834473,,,,,12.0,17.0,17.0
2025-08-12 06:30:22,1865.5418181818181,938.3563636363637,1420.567272727273,18.822791615501046,100.0,960.5230694586762,10.0,8.192564964294434,,,,,12.0,17.0,17.0
2025-08-12 06:30:25,1863.68,940.2181818181818,1422.429090909091,18.822791615501046,100.0,960.4414933815243,10.0,8.176661491394043,,,,,12.0,17.0,17.0
2025-08-12 06:30:28,1865.5418181818181,940.2181818181818,1418.7054545454546,18.833089612075128,100.0,960.4845860963218,10.0,8.186654090881348,,,,,12.0,17.0,17.0
2025-08-12 06:30:31,1865.5418181818181,940.2181818181818,1424.290909090909,18.874281610012986,100.0,960.4394130579702,10.0,8.185187339782715,,,,,11.0,16.0,16.0
2025-08-12 06:30:34,1865.5418181818181,938.3563636363637,1422.429090909091,18.894877615966834,100.0,960.5256022867501,10.0,8.190093994140625,,,,,12.0,17.0,17.0
2025-08-12 06:30:37,1863.68,938.3563636363637,1422.429090909091,18.874281610012986,100.0,960.520995738465,10.0,8.180499076843262,,,,,12.0,17.0,18.0
2025-08-12 06:30:40,1863.68,942.08,1422.429090909091,18.889728614041815,100.0,960.5176520480752,10.0,8.168932914733887,,,,,12.0,19.0,19.0
2025-08-12 06:30:43,1861.818181818182,938.3563636363637,1420.567272727273,18.85368560871575,100.0,960.4891944728984,10.0,8.170876502990723,,,,,12.0,18.0,19.0
2025-08-12 06:30:46,1863.68,940.2181818181818,1422.429090909091,18.86913260925212,100.0,960.4858513622189,10.0,8.17512321472168,,,,,12.0,18.0,19.0
2025-08-12 06:30:49,1863.68,938.3563636363637,1422.429090909091,18.961814667476574,100.0,960.5745617289919,10.0,8.177555084228516,,,,,12.0,18.0,19.0
2025-08-12 06:30:52,1861.818181818182,943.9418181818181,1424.290909090909,18.93606964184437,100.0,960.5076144163847,10.0,8.151517868041992,,,,,12.0,17.0,18.0
2025-08-12 06:30:55,1863.68,945.8036363636364,1424.290909090909,18.843387609813362,100.0,960.5004869113078,10.0,8.159468650817871,,,,,12.0,17.0,18.0
2025-08-12 06:30:58,1863.68,942.08,1422.429090909091,18.802195625845343,100.0,960.4368842971961,10.0,8.171852111816406,,,,,11.0,17.0,17.0
2025-08-12 06:31:01,1863.68,940.2181818181818,1420.567272727273,18.817642617650563,100.0,960.4607350756492,10.0,8.176857948303223,,,,,12.0,17.0,17.0
2025-08-12 06:31:04,1863.68,942.08,1422.429090909091,18.86913260925212,100.0,960.4586573609846,10.0,8.169574737548828,,,,,12.0,18.0,18.0
2025-08-12 06:31:07,1861.818181818182,942.08,1420.567272727273,18.838238610798726,100.0,960.4925364903625,10.0,8.16037654876709,,,,,13.0,17.0,17.0
2025-08-12 06:31:10,1865.5418181818181,943.9418181818181,1422.429090909091,18.776450645324076,100.0,960.4515135472726,10.0,8.177530288696289,,,,,12.0,17.0,17.0
2025-08-12 06:31:13,1863.68,943.9418181818181,1422.429090909091,18.781599640846252,100.0,960.4594640963982,10.0,8.167058944702148,,,,,13.0,18.0,19.0
2025-08-12 06:31:16,1865.5418181818181,943.9418181818181,1420.567272727273,18.75585466614575,100.0,960.4740898975823,10.0,8.178260803222656,,,,,13.0,19.0,20.0
2025-08-12 06:31:19,1865.5418181818181,942.08,1420.567272727273,18.822791615501046,100.0,960.4686853889632,10.0,8.181472778320312,,,,,13.0,19.0,20.0
2025-08-12 06:31:22,1865.5418181818181,942.08,1424.290909090909,18.900026618182892,100.0,960.4519665426739,10.0,8.178799629211426,,,,,13.0,18.0,20.0
2025-08-12 06:31:25,1863.68,938.3563636363637,1420.567272727273,18.900026618182892,100.0,960.4791618609349,10.0,8.17956829071045,,,,,13.0,18.0,19.0
2025-08-12 06:33:28,1865.5418181818181,940.2181818181818,1424.290909090909,18.884579612407833,100.0,960.5097018362824,10.0,8.184908866882324,,,,,12.0,17.0,19.0
2025-08-12 06:33:31,1863.68,938.3563636363637,1422.429090909091,18.910324623488123,100.0,960.4678658008124,10.0,8.17919921875,,,,,12.0,17.0,18.0
2025-08-12 06:33:34,1865.5418181818181,940.2181818181818,1422.429090909091,18.915473626577295,100.0,960.503011465254,10.0,8.183845520019531,,,,,12.0,17.0,18.0
2025-08-12 06:33:37,1863.68,940.2181818181818,1422.429090909091,18.920622629957506,100.0,960.4293727799632,10.0,8.17328929901123,,,,,12.0,17.0,18.0
2025-08-12 06:33:40,1863.68,938.3563636363637,1420.567272727273,18.961814667476574,100.0,960.4929677073586,10.0,8.17746353149414,,,,,11.0,16.0,17.0
2025-08-12 06:33:43,1865.5418181818181,943.9418181818181,1426.1527272727274,18.977261686348356,100.0,960.4896176007544,10.0,8.170679092407227,,,,,11.0,17.0,18.0
2025-08-12 06:33:46,1863.68,940.2181818181818,1424.290909090909,19.003006723622093,100.0,960.474965081508,10.0,8.170513153076172,,,,,13.0,18.0,20.0
2025-08-12 06:33:49,1865.5418181818181,940.2181818181818,1422.429090909091,19.008155731949955,100.0,960.4557141599292,10.0,8.180614471435547,,,,,12.0,17.0,19.0
2025-08-12 06:33:52,1865.5418181818181,938.3563636363637,1422.429090909091,19.03390077795484,100.0,960.4138554444393,10.0,8.185203552246094,,,,,13.0,18.0,19.0
2025-08-12 06:33:55,1863.68,940.2181818181818,1424.290909090909,18.972112679766724,100.0,960.4816682858975,10.0,8.17158031463623,,,,,13.0,17.0,19.0
2025-08-12 06:33:58,1863.68,940.2181818181818,1422.429090909091,19.023602758679772,100.0,960.4251595267783,10.0,8.169750213623047,,,,,13.0,18.0,20.0
2025-08-12 06:34:01,1865.5418181818181,940.2181818181818,1424.290909090909,19.03390077795484,100.0,960.4138554444393,10.0,8.179682731628418,,,,,13.0,18.0,20.0
2025-08-12 06:34:04,1861.818181818182,942.08,1424.290909090909,19.013304740568856,100.0,960.4908631576619,10.0,8.154363632202148,,,,,13.0,19.0,19.0
2025-08-12 06:34:07,1863.68,938.3563636363637,1422.429090909091,19.003006723622093,100.0,960.4477653608758,10.0,8.176000595092773,,,,,13.0,19.0,20.0
2025-08-12 06:34:10,1863.68,942.08,1422.429090909091,18.96696367347613,100.0,960.4737189978855,10.0,8.166229248046875,,,,,12.0,19.0,21.0
2025-08-12 06:34:13,1863.68,942.08,1420.567272727273,18.982410693221027,100.0,960.4703680876778,10.0,8.165696144104004,,,,,13.0,21.0,22.0
2025-08-12 06:34:16,1863.68,938.3563636363637,1422.429090909091,18.956665661768056,100.0,960.4034250671972,10.0,8.177550315856934,,,,,11.0,20.0,22.0
2025-08-12 06:34:19,1863.68,940.2181818181818,1420.567272727273,18.925771633628756,100.0,960.4373220518762,10.0,8.173126220703125,,,,,12.0,21.0,23.0
2025-08-12 06:34:22,1863.68,940.2181818181818,1420.567272727273,18.920622629957506,100.0,960.4293727799632,10.0,8.17328929901123,,,,,12.0,20.0,22.0
2025-08-12 06:34:25,1863.68,943.9418181818181,1424.290909090909,18.951516656350577,100.0,960.3954763109415,10.0,8.161161422729492,,,,,12.0,19.0,21.0
2025-08-12 06:40:28,1854.3709090909092,936.4945454545455,1420.567272727273,18.797046629159013,100.0,960.3745523508624,10.0,8.137031555175781,,,,,11.0,15.0,15.0
2025-08-12 06:40:31,1854.3709090909092,934.6327272727274,1420.567272727273,18.80734462282271,100.0,960.3632605926083,10.0,8.142180442810059,,,,,11.0,15.0,15.0
2025-08-12 06:40:34,1854.3709090909092,936.4945454545455,1424.290909090909,18.80734462282271,100.0,960.3904518867159,10.0,8.13669204711914,,,,,10.0,15.0,15.0
2025-08-12 06:40:37,1854.3709090909092,932.7709090909091,1418.7054545454546,18.80734462282271,100.0,960.4448345297636,10.0,8.147789001464844,,,,,10.0,15.0,15.0
2025-08-12 06:40:40,1852.509090909091,936.4945454545455,1418.7054545454546,18.797046629159013,100.0,960.3745523508624,10.0,8.126734733581543,,,,,11.0,16.0,16.0
2025-08-12 06:40:43,1852.509090909091,934.6327272727274,1418.7054545454546,18.827940613642568,100.0,960.3950590849286,10.0,8.13121223449707,,,,,11.0,15.0,15.0
2025-08-12 06:40:46,1852.509090909091,934.6327272727274,1420.567272727273,18.86913260925212,100.0,960.377075466969,10.0,8.12978458404541,,,,,11.0,16.0,16.0
2025-08-12 06:40:49,1854.3709090909092,934.6327272727274,1418.7054545454546,18.900026618182892,100.0,960.3975759610007,10.0,8.139034271240234,,,,,11.0,16.0,16.0
2025-08-12 06:40:52,1854.3709090909092,938.3563636363637,1422.429090909091,18.900026618182892,100.0,960.4519665426739,10.0,8.128064155578613,,,,,11.0,16.0,16.0
2025-08-12 06:40:55,1854.3709090909092,938.3563636363637,1424.290909090909,18.910324623488123,100.0,960.4406700496345,10.0,8.127699851989746,,,,,11.0,17.0,17.0
2025-08-12 06:40:58,1852.509090909091,934.6327272727274,1420.567272727273,18.889728614041815,100.0,960.4632622591033,10.0,8.12916374206543,,,,,11.0,17.0,17.0
2025-08-12 06:41:01,1852.509090909091,934.6327272727274,1418.7054545454546,18.843387609813362,100.0,960.3917153817275,10.0,8.130680084228516,,,,,11.0,17.0,17.0
2025-08-12 06:41:04,1854.3709090909092,936.4945454545455,1420.567272727273,18.8588346086035,100.0,960.4155640988257,10.0,8.134953498840332,,,,,11.0,18.0,18.0
2025-08-12 06:41:07,1854.3709090909092,938.3563636363637,1420.567272727273,18.85368560871575,100.0,960.3532279420738,10.0,8.129542350769043,,,,,10.0,18.0,20.0
2025-08-12 06:41:10,1854.3709090909092,938.3563636363637,1420.567272727273,18.843387609813362,100.0,960.3645225450316,10.0,8.129913330078125,,,,,10.0,19.0,21.0
2025-08-12 06:41:13,1856.2327272727275,936.4945454545455,1420.567272727273,18.786748636659468,100.0,960.4402242075979,10.0,8.147750854492188,,,,,10.0,21.0,24.0
2025-08-12 06:41:16,1856.2327272727275,938.3563636363637,1420.567272727273,18.73525869162404,100.0,960.3607219149911,10.0,8.143913269042969,,,,,11.0,21.0,22.0
2025-08-12 06:41:19,1856.2327272727275,938.3563636363637,1420.567272727273,18.75585466614575,100.0,960.4197116201052,10.0,8.14327335357666,,,,,10.0,20.0,21.0
2025-08-12 06:41:22,1856.2327272727275,936.4945454545455,1420.567272727273,18.750705672078766,100.0,960.3845723199173,10.0,8.14892864227295,,,,,11.0,21.0,22.0
2025-08-12 06:41:25,1856.2327272727275,936.4945454545455,1420.567272727273,18.75585466614575,100.0,960.4469007497065,10.0,8.148819923400879,,,,,12.0,20.0,20.0
2025-08-12 06:53:34,1854.3709090909092,934.6327272727274,1418.7054545454546,18.930920637591043,100.0,960.3908781349077,10.0,8.13796615600586,,,,,11.0,16.0,17.0
2025-08-12 06:53:37,1848.7854545454547,932.7709090909091,1418.7054545454546,18.910324623488123,100.0,960.3862786021288,10.0,8.113304138183594,,,,,11.0,16.0,19.0
2025-08-12 06:53:40,1848.7854545454547,932.7709090909091,1418.7054545454546,18.946367651224136,100.0,960.4691194081537,10.0,8.112153053283691,,,,,12.0,17.0,18.0
2025-08-12 06:53:43,1848.7854545454547,932.7709090909091,1414.9818181818182,18.900026618182892,100.0,960.4247712426957,10.0,8.11369800567627,,,,,11.0,16.0,17.0
2025-08-12 06:53:46,1848.7854545454547,936.4945454545455,1416.8436363636363,18.884579612407833,100.0,960.4553124985083,10.0,8.103226661682129,,,,,12.0,16.0,17.0
2025-08-12 06:53:49,1848.7854545454547,934.6327272727274,1414.9818181818182,18.920622629957506,100.0,960.4565689640596,10.0,8.107511520385742,,,,,12.0,16.0,17.0
2025-08-12 06:53:52,1850.647272727273,936.4945454545455,1416.8436363636363,18.920622629957506,100.0,960.4565689640596,10.0,8.112290382385254,,,,,11.0,15.0,16.0
2025-08-12 06:53:55,1850.647272727273,940.2181818181818,1420.567272727273,18.982410693221027,100.0,960.4975669424541,10.0,8.099176406860352,,,,,11.0,14.0,15.0
2025-08-12 06:53:58,1850.647272727273,936.4945454545455,1418.7054545454546,18.982410693221027,100.0,960.4431692511891,10.0,8.110154151916504,,,,,10.0,14.0,15.0
2025-08-12 06:54:01,1852.509090909091,936.4945454545455,1416.8436363636363,18.930920637591043,100.0,960.4452713506539,10.0,8.122215270996094,,,,,11.0,15.0,17.0
2025-08-12 06:54:04,1852.509090909091,938.3563636363637,1416.8436363636363,18.86913260925212,100.0,960.4314633780318,10.0,8.118804931640625,,,,,12.0,15.0,16.0
2025-08-12 06:54:07,1852.509090909091,934.6327272727274,1414.9818181818182,18.941218646388734,100.0,960.433972960574,10.0,8.127370834350586,,,,,11.0,14.0,16.0
2025-08-12 06:54:10,1852.509090909091,934.6327272727274,1418.7054545454546,18.956665661768056,100.0,960.4578205024046,10.0,8.126866340637207,,,,,12.0,15.0,16.0
2025-08-12 06:54:13,1850.647272727273,936.4945454545455,1418.7054545454546,18.941218646388734,100.0,960.433972960574,10.0,8.111555099487305,,,,,12.0,16.0,18.0
2025-08-12 06:54:16,1850.647272727273,936.4945454545455,1416.8436363636363,18.982410693221027,100.0,960.3343740881107,10.0,8.110032081604004,,,,,13.0,18.0,20.0
2025-08-12 06:54:19,1852.509090909091,932.7709090909091,1413.1200000000001,19.023602758679772,100.0,960.4251595267783,10.0,8.130048751831055,,,,,13.0,18.0,20.0
2025-08-12 06:54:22,1852.509090909091,936.4945454545455,1414.9818181818182,18.982410693221027,100.0,960.4431692511891,10.0,8.120445251464844,,,,,12.0,17.0,19.0
2025-08-12 06:54:25,1852.509090909091,934.6327272727274,1416.8436363636363,19.003006723622093,100.0,960.3661663087125,10.0,8.125174522399902,,,,,12.0,18.0,20.0
2025-08-12 06:54:28,1852.509090909091,934.6327272727274,1414.9818181818182,18.96696367347613,100.0,960.4193226602582,10.0,8.126465797424316,,,,,12.0,18.0,19.0
2025-08-12 06:54:31,1854.3709090909092,938.3563636363637,1416.8436363636363,18.961814667476574,100.0,960.4113738503038,10.0,8.125899314880371,,,,,11.0,17.0,21.0
2025-08-12 07:09:23,1856.2327272727275,936.4945454545455,1414.9818181818182,18.498405319318408,100.0,960.3755374300265,10.0,8.157570838928223,,,,,11.0,17.0,19.0
2025-08-12 07:09:26,1858.0945454545456,936.4945454545455,1420.567272727273,18.45721349134692,100.0,960.3662747973846,10.0,8.169271469116211,,,,,12.0,18.0,18.0
2025-08-12 07:09:29,1858.0945454545456,936.4945454545455,1418.7054545454546,18.477809403004358,100.0,960.4252612172484,10.0,8.1686372756958,,,,,12.0,22.0,25.0
2025-08-12 07:09:32,1858.0945454545456,936.4945454545455,1420.567272727273,18.58078903114074,100.0,960.3668648472661,10.0,8.165038108825684,,,,,12.0,23.0,25.0
2025-08-12 07:09:35,1859.9563636363637,934.6327272727274,1418.7054545454546,18.555044113192707,100.0,960.3814695833374,10.0,8.181745529174805,,,,,10.0,20.0,23.0
2025-08-12 07:09:38,1856.2327272727275,930.909090909091,1416.8436363636363,18.61168294228264,100.0,960.3873902839432,10.0,8.170260429382324,,,,,10.0,18.0,19.0
2025-08-12 07:09:41,1858.0945454545456,932.7709090909091,1418.7054545454546,18.652874840103323,100.0,960.4510011620458,10.0,8.173683166503906,,,,,10.0,19.0,20.0
2025-08-12 07:09:44,1858.0945454545456,929.0472727272728,1416.8436363636363,18.73525869162404,100.0,960.4150983512353,10.0,8.181856155395508,,,,,10.0,17.0,18.0
2025-08-12 07:09:47,1858.0945454545456,930.909090909091,1416.8436363636363,18.65802382864058,100.0,960.4045827552062,10.0,8.178975105285645,,,,,10.0,17.0,17.0
2025-08-12 07:09:50,1858.0945454545456,930.909090909091,1418.7054545454546,18.71466272175894,100.0,960.4104837271447,10.0,8.177041053771973,,,,,10.0,16.0,16.0
2025-08-12 07:09:53,1854.3709090909092,929.0472727272728,1414.9818181818182,18.709513730020262,100.0,960.4297202130157,10.0,8.162164688110352,,,,,10.0,16.0,16.0
2025-08-12 07:09:56,1858.0945454545456,932.7709090909091,1416.8436363636363,18.632278888864676,100.0,960.3376440859919,10.0,8.174267768859863,,,,,9.0,15.0,16.0
2025-08-12 07:09:59,1858.0945454545456,932.7709090909091,1416.8436363636363,18.709513730020262,100.0,960.4297202130157,10.0,8.171716690063477,,,,,11.0,16.0,19.0
2025-08-12 07:10:02,1856.2327272727275,929.0472727272728,1414.9818181818182,18.75585466614575,100.0,960.4469007497065,10.0,8.170881271362305,,,,,11.0,16.0,18.0
2025-08-12 07:10:05,1854.3709090909092,930.909090909091,1414.9818181818182,18.766152655152837,100.0,960.3812334230917,10.0,8.154650688171387,,,,,11.0,16.0,19.0
2025-08-12 07:10:08,1854.3709090909092,930.909090909091,1418.7054545454546,18.776450645324076,100.0,960.3971335381952,10.0,8.154313087463379,,,,,11.0,16.0,18.0
2025-08-12 07:10:11,1856.2327272727275,929.0472727272728,1416.8436363636363,18.80734462282271,100.0,960.3904518867159,10.0,8.169058799743652,,,,,10.0,15.0,20.0
2025-08-12 07:10:14,1856.2327272727275,927.1854545454546,1416.8436363636363,18.843387609813362,100.0,960.3917153817275,10.0,8.17333698272705,,,,,11.0,17.0,21.0
2025-08-12 07:10:17,1854.3709090909092,929.0472727272728,1414.9818181818182,18.766152655152837,100.0,960.3268543894666,10.0,8.160104751586914,,,,,12.0,17.0,21.0
2025-08-12 07:10:20,1856.2327272727275,930.909090909091,1416.8436363636363,18.730109698721208,100.0,960.3527718339084,10.0,8.16614818572998,,,,,11.0,18.0,23.0
2025-08-12 07:23:23,1859.9563636363637,925.3236363636365,1418.7054545454546,19.162626117118634,100.0,960.3405049703089,10.0,8.188429832458496,,,,,11.0,15.0,17.0
2025-08-12 07:23:26,1859.9563636363637,923.4618181818182,1413.1200000000001,19.147179066814715,100.0,960.3166650409657,10.0,8.194453239440918,,,,,10.0,13.0,16.0
2025-08-12 07:23:29,1856.2327272727275,923.4618181818182,1414.9818181818182,19.147179066814715,100.0,960.2894592592348,10.0,8.173831939697266,,,,,10.0,14.0,16.0
2025-08-12 07:23:32,1858.0945454545456,923.4618181818182,1413.1200000000001,19.11628497406491,100.0,960.3233948158877,10.0,8.185227394104004,,,,,11.0,14.0,16.0
2025-08-12 07:23:35,1858.0945454545456,925.3236363636365,1413.1200000000001,19.15232808329165,100.0,960.324611657319,10.0,8.178472518920898,,,,,10.0,14.0,16.0
2025-08-12 07:23:38,1858.0945454545456,927.1854545454546,1416.8436363636363,19.111135959625244,100.0,960.3698564685686,10.0,8.174419403076172,,,,,10.0,14.0,15.0
2025-08-12 07:23:41,1856.2327272727275,925.3236363636365,1416.8436363636363,19.11628497406491,100.0,960.2961903512752,10.0,8.169384002685547,,,,,10.0,14.0,15.0
2025-08-12 07:23:44,1858.0945454545456,923.4618181818182,1413.1200000000001,19.05449681999744,100.0,960.3368412333705,10.0,8.187356948852539,,,,,10.0,14.0,15.0
2025-08-12 07:23:47,1856.2327272727275,925.3236363636365,1414.9818181818182,19.064794842764968,100.0,960.3799385360002,10.0,8.171242713928223,,,,,11.0,14.0,16.0
2025-08-12 07:23:50,1856.2327272727275,925.3236363636365,1414.9818181818182,19.059645831235684,100.0,960.3175866652934,10.0,8.171354293823242,,,,,11.0,15.0,16.0
2025-08-12 07:23:53,1856.2327272727275,925.3236363636365,1414.9818181818182,19.064794842764968,100.0,960.3255339544322,10.0,8.17117691040039,,,,,11.0,16.0,17.0
2025-08-12 07:23:56,1856.2327272727275,925.3236363636365,1416.8436363636363,19.03390077795484,100.0,960.3594534604651,10.0,8.172279357910156,,,,,11.0,15.0,17.0
2025-08-12 07:23:59,1854.3709090909092,927.1854545454546,1416.8436363636363,19.064794842764968,100.0,960.3799385360002,10.0,8.155431747436523,,,,,11.0,15.0,17.0
2025-08-12 07:24:02,1854.3709090909092,923.4618181818182,1414.9818181818182,19.06994385458529,100.0,960.3334812703711,10.0,8.166238784790039,,,,,11.0,16.0,17.0
2025-08-12 07:24:05,1852.509090909091,927.1854545454546,1416.8436363636363,19.044198798394063,100.0,960.348147735374,10.0,8.145811080932617,,,,,12.0,16.0,18.0
2025-08-12 07:24:08,1854.3709090909092,925.3236363636365,1414.9818181818182,19.03390077795484,100.0,960.3594534604651,10.0,8.16198444366455,,,,,12.0,17.0,18.0
2025-08-12 07:24:11,1854.3709090909092,927.1854545454546,1416.8436363636363,19.039049788028933,100.0,960.3129989303674,10.0,8.15623950958252,,,,,12.0,17.0,19.0
2025-08-12 07:24:14,1852.509090909091,923.4618181818182,1413.1200000000001,19.05449681999744,100.0,960.3912449490718,10.0,8.156537055969238,,,,,12.0,17.0,17.0
2025-08-12 07:24:17,1854.3709090909092,929.0472727272728,1416.8436363636363,19.05449681999744,100.0,960.3096394029577,10.0,8.150186538696289,,,,,12.0,17.0,17.0
2025-08-12 07:24:20,1854.3709090909092,927.1854545454546,1416.8436363636363,19.03390077795484,100.0,960.3322524959142,10.0,8.156442642211914,,,,,12.0,17.0,17.0
2025-08-12 07:32:29,1846.9236363636364,934.6327272727274,1414.9818181818182,19.064794842764968,100.0,960.4071408542226,10.0,8.092212677001953,,,,,10.0,15.0,15.0
2025-08-12 07:32:32,1846.9236363636364,930.909090909091,1411.2581818181818,19.105986945476616,100.0,960.3891132321825,10.0,8.101812362670898,,,,,10.0,16.0,16.0
2025-08-12 07:32:35,1848.7854545454547,929.0472727272728,1411.2581818181818,19.13173201913014,100.0,960.4016459549546,10.0,8.116754531860352,,,,,10.0,15.0,15.0
2025-08-12 07:32:38,1846.9236363636364,929.0472727272728,1413.1200000000001,19.172924152109772,100.0,960.3563983903276,10.0,8.104997634887695,,,,,9.0,13.0,13.0
2025-08-12 07:32:41,1846.9236363636364,925.3236363636365,1413.1200000000001,19.13173201913014,100.0,960.2656202476225,10.0,8.11734390258789,,,,,8.0,13.0,13.0
2025-08-12 07:32:44,1846.9236363636364,925.3236363636365,1413.1200000000001,19.121433988795616,100.0,960.3857511582086,10.0,8.117829322814941,,,,,9.0,14.0,14.0
2025-08-12 07:32:47,1845.0618181818181,927.1854545454546,1414.9818181818182,19.12658300381736,100.0,960.2848788432103,10.0,8.101737022399902,,,,,9.0,14.0,15.0
2025-08-12 07:32:50,1845.0618181818181,925.3236363636365,1413.1200000000001,19.157477100059623,100.0,960.3869708212702,10.0,8.106298446655273,,,,,10.0,15.0,17.0
2025-08-12 07:32:53,1843.2000000000003,923.4618181818182,1411.2581818181818,19.15232808329165,100.0,960.3790237269131,10.0,8.101685523986816,,,,,10.0,16.0,17.0
2025-08-12 07:32:56,1843.2000000000003,923.4618181818182,1413.1200000000001,19.167775134468684,100.0,960.375658369453,10.0,8.101151466369629,,,,,10.0,16.0,17.0
2025-08-12 07:32:59,1841.338181818182,927.1854545454546,1413.1200000000001,19.183222188265063,100.0,960.3722919173587,10.0,8.079288482666016,,,,,11.0,16.0,18.0
2025-08-12 07:33:02,1843.2000000000003,925.3236363636365,1411.2581818181818,19.13688103473396,100.0,960.3551826044267,10.0,8.096673965454102,,,,,11.0,17.0,19.0
2025-08-12 07:33:05,1843.2000000000003,930.909090909091,1414.9818181818182,19.172924152109772,100.0,960.3836053184626,10.0,8.078917503356934,,,,,11.0,17.0,19.0
2025-08-12 07:33:08,1841.338181818182,929.0472727272728,1414.9818181818182,19.147179066814715,100.0,960.3710766593188,10.0,8.075011253356934,,,,,12.0,17.0,19.0
2025-08-12 07:33:11,1845.0618181818181,930.909090909091,1414.9818181818182,19.162626117118634,100.0,960.3949179423881,10.0,8.089578628540039,,,,,12.0,16.0,17.0
2025-08-12 07:33:14,1845.0618181818181,932.7709090909091,1411.2581818181818,19.162626117118634,100.0,960.3132985117161,10.0,8.083968162536621,,,,,11.0,15.0,16.0
2025-08-12 07:33:17,1845.0618181818181,934.6327272727274,1414.9818181818182,19.167775134468684,100.0,960.402865090264,10.0,8.078373908996582,,,,,11.0,14.0,15.0
2025-08-12 07:33:20,1846.9236363636364,930.909090909091,1414.9818181818182,19.12658300381736,100.0,960.3936985431941,10.0,8.101106643676758,,,,,11.0,15.0,16.0
2025-08-12 07:33:23,1846.9236363636364,936.4945454545455,1414.9818181818182,19.15232808329165,100.0,960.3790237269131,10.0,8.083659172058105,,,,,11.0,15.0,16.0
2025-08-12 07:33:26,1848.7854545454547,938.3563636363637,1416.8436363636363,19.172924152109772,100.0,960.3563983903276,10.0,8.087700843811035,,,,,9.0,13.0,13.0
2025-08-12 07:34:29,1858.0945454545456,934.6327272727274,1418.7054545454546,18.70436473857262,100.0,960.4489562929541,10.0,8.166397094726562,,,,,11.0,18.0,20.0
2025-08-12 07:34:32,1858.0945454545456,932.7709090909091,1416.8436363636363,18.74555667830282,100.0,960.4038108181526,10.0,8.170449256896973,,,,,10.0,17.0,19.0
2025-08-12 07:34:35,1856.2327272727275,932.7709090909091,1414.9818181818182,18.833089612075128,100.0,960.4302011973496,10.0,8.157183647155762,,,,,10.0,16.0,18.0
2025-08-12 07:34:38,1856.2327272727275,932.7709090909091,1418.7054545454546,18.86913260925212,100.0,960.4042694133598,10.0,8.15591812133789,,,,,11.0,17.0,19.0
2025-08-12 07:34:41,1856.2327272727275,930.909090909091,1416.8436363636363,18.85368560871575,100.0,960.4076144995628,10.0,8.161968231201172,,,,,11.0,16.0,18.0
2025-08-12 07:34:44,1856.2327272727275,936.4945454545455,1422.429090909091,18.941218646388734,100.0,960.4067759106384,10.0,8.142412185668945,,,,,12.0,16.0,18.0
2025-08-12 07:34:47,1852.509090909091,932.7709090909091,1418.7054545454546,19.044198798394063,100.0,960.4297520375661,10.0,8.12934684753418,,,,,11.0,16.0,18.0
2025-08-12 07:34:50,1852.509090909091,930.909090909091,1418.7054545454546,19.13688103473396,100.0,960.3551826044267,10.0,8.131597518920898,,,,,11.0,17.0,18.0
2025-08-12 07:34:53,1852.509090909091,929.0472727272728,1414.9818181818182,19.172924152109772,100.0,960.3291914804913,10.0,8.135849952697754,,,,,10.0,17.0,18.0
2025-08-12 07:34:56,1854.3709090909092,930.909090909091,1416.8436363636363,19.203818264068104,100.0,960.4312875742701,10.0,8.139680862426758,,,,,9.0,16.0,17.0
2025-08-12 07:34:59,1852.509090909091,929.0472727272728,1414.9818181818182,19.25015945165069,100.0,960.3667613831855,10.0,8.133241653442383,,,,,9.0,15.0,16.0
2025-08-12 07:35:02,1852.509090909091,929.0472727272728,1418.7054545454546,19.30164968772442,100.0,960.3918001353843,10.0,8.131501197814941,,,,,9.0,15.0,16.0
2025-08-12 07:35:05,1852.509090909091,930.909090909091,1416.8436363636363,19.342841897538165,100.0,960.4553693983785,10.0,8.124641418457031,,,,,10.0,16.0,17.0
2025-08-12 07:35:08,1850.647272727273,927.1854545454546,1416.8436363636363,19.37373606712208,100.0,960.3941851774379,10.0,8.124258995056152,,,,,9.0,16.0,17.0
2025-08-12 07:35:11,1848.7854545454547,925.3236363636365,1414.9818181818182,19.317096764221787,100.0,960.3612121918812,10.0,8.121382713317871,,,,,9.0,15.0,16.0
2025-08-12 07:35:14,1848.7854545454547,925.3236363636365,1413.1200000000001,19.296500662807375,100.0,960.4110663310225,10.0,8.122143745422363,,,,,10.0,16.0,17.0
2025-08-12 07:35:17,1848.7854545454547,927.1854545454546,1413.1200000000001,19.363438009429956,100.0,960.4327243918021,10.0,8.11435604095459,,,,,10.0,15.0,16.0
2025-08-12 07:35:20,1848.7854545454547,930.909090909091,1416.8436363636363,19.296500662807375,100.0,960.3838540976211,10.0,8.105563163757324,,,,,10.0,15.0,15.0
2025-08-12 07:35:23,1850.647272727273,932.7709090909091,1414.9818181818182,19.1780731700419,100.0,960.3643451404677,10.0,8.114385604858398,,,,,10.0,16.0,16.0
2025-08-12 07:35:26,1850.647272727273,934.6327272727274,1416.8436363636363,19.105986945476616,100.0,960.3619091639187,10.0,8.11134147644043,,,,,11.0,15.0,15.0
2025-08-12 07:50:03,1882.2981818181818,942.08,1428.0145454545457,19.420077341143042,100.0,960.3840433391921,10.0,8.253536224365234,,,,,13.0,15.0,15.0
2025-08-12 07:50:06,1882.2981818181818,940.2181818181818,1426.1527272727274,19.44582250356325,100.0,960.3421132608746,10.0,8.258121490478516,,,,,13.0,16.0,16.0
2025-08-12 07:50:09,1882.2981818181818,942.08,1428.0145454545457,19.44067347049713,100.0,960.3613871011147,10.0,8.252799987792969,,,,,13.0,17.0,17.0
2025-08-12 07:50:12,1882.2981818181818,945.8036363636364,1429.8763636363635,19.425226373045007,100.0,960.3375530000508,10.0,8.242273330688477,,,,,14.0,18.0,20.0
2025-08-12 07:50:15,1880.4363636363637,942.08,1426.1527272727274,19.404630247183377,100.0,960.3329913786291,10.0,8.243708610534668,,,,,12.0,17.0,20.0
2025-08-12 07:50:18,1878.5745454545456,943.9418181818181,1431.7381818181818,19.450971536920406,100.0,960.3228390142873,10.0,8.226302146911621,,,,,13.0,20.0,25.0
2025-08-12 07:50:21,1882.2981818181818,942.08,1426.1527272727274,19.471567673259415,100.0,960.4090560222985,10.0,8.251795768737793,,,,,10.0,19.0,27.0
2025-08-12 07:50:24,1882.2981818181818,940.2181818181818,1428.0145454545457,19.4561205705686,100.0,960.3852214418832,10.0,8.25781536102295,,,,,10.0,19.0,25.0
2025-08-12 07:50:27,1880.4363636363637,943.9418181818181,1429.8763636363635,19.43552443772205,100.0,960.4078787142117,10.0,8.23721694946289,,,,,8.0,17.0,20.0
2025-08-12 07:50:30,1878.5745454545456,938.3563636363637,1424.290909090909,19.466418638738105,100.0,960.3466721609414,10.0,8.242345809936523,,,,,9.0,17.0,19.0
2025-08-12 07:50:33,1880.4363636363637,940.2181818181818,1428.0145454545457,19.507610923057655,100.0,960.3557858781672,10.0,8.245725631713867,,,,,8.0,16.0,16.0
2025-08-12 07:50:36,1878.5745454545456,940.2181818181818,1426.1527272727274,19.51275995990727,100.0,960.3637300752271,10.0,8.235261917114258,,,,,9.0,16.0,16.0
2025-08-12 07:50:39,1880.4363636363637,940.2181818181818,1426.1527272727274,19.538505148520926,100.0,960.3762288772012,10.0,8.2446870803833,,,,,10.0,16.0,16.0
2025-08-12 07:50:42,1878.5745454545456,938.3563636363637,1424.290909090909,19.55395226518158,100.0,960.3728381089585,10.0,8.239375114440918,,,,,9.0,16.0,16.0
2025-08-12 07:50:45,1878.5745454545456,940.2181818181818,1426.1527272727274,19.595144589082338,100.0,960.327490732147,10.0,8.232394218444824,,,,,8.0,15.0,15.0
2025-08-12 07:50:48,1878.5745454545456,938.3563636363637,1424.290909090909,19.55910130465054,100.0,960.3807820940439,10.0,8.239205360412598,,,,,10.0,16.0,16.0
2025-08-12 07:50:51,1878.5745454545456,942.08,1429.8763636363635,19.53335611021612,100.0,960.3682847728086,10.0,8.22903823852539,,,,,10.0,16.0,16.0
2025-08-12 07:50:54,1876.7127272727273,942.08,1429.8763636363635,19.507610923057655,100.0,960.3285646497782,10.0,8.219587326049805,,,,,11.0,16.0,16.0
2025-08-12 07:50:57,1876.7127272727273,940.2181818181818,1428.0145454545457,19.487014778569574,100.0,960.3512297000921,10.0,8.225834846496582,,,,,11.0,15.0,15.0
2025-08-12 07:51:00,1876.7127272727273,938.3563636363637,1426.1527272727274,19.476716708071763,100.0,960.362561058491,10.0,8.231720924377441,,,,,12.0,17.0,17.0
2025-08-12 07:51:03,1876.7127272727273,936.4945454545455,1424.290909090909,19.502461886499077,100.0,960.3478417077115,10.0,8.236334800720215,,,,,11.0,16.0,16.0
2025-08-12 07:51:06,1874.8509090909092,938.3563636363637,1426.1527272727274,19.487014778569574,100.0,960.3784500625122,10.0,8.221085548400879,,,,,12.0,16.0,16.0
2025-08-12 07:51:09,1874.8509090909092,936.4945454545455,1424.290909090909,19.487014778569574,100.0,960.3512297000921,10.0,8.226568222045898,,,,,11.0,15.0,15.0
2025-08-12 07:51:12,1876.7127272727273,942.08,1429.8763636363635,19.476716708071763,100.0,960.33534114737,10.0,8.220648765563965,,,,,11.0,16.0,16.0
2025-08-12 07:51:15,1876.7127272727273,940.2181818181818,1428.0145454545457,19.471567673259415,100.0,960.3273969109339,10.0,8.226337432861328,,,,,10.0,15.0,15.0
2025-08-12 07:51:18,1874.8509090909092,938.3563636363637,1426.1527272727274,19.487014778569574,100.0,960.2967890302016,10.0,8.220999717712402,,,,,10.0,15.0,15.0
2025-08-12 07:51:21,1872.989090909091,938.3563636363637,1424.290909090909,19.492163814255036,100.0,960.3591740163736,10.0,8.210592269897461,,,,,10.0,14.0,14.0
2025-08-12 07:51:24,1876.7127272727273,942.08,1429.8763636363635,19.466418638738105,100.0,960.3738916390811,10.0,8.221048355102539,,,,,9.0,13.0,13.0
2025-08-12 07:51:27,1874.8509090909092,940.2181818181818,1424.290909090909,19.517908997047925,100.0,960.2900093147638,10.0,8.214410781860352,,,,,9.0,14.0,15.0
2025-08-12 07:51:30,1876.7127272727273,940.2181818181818,1428.0145454545457,19.55910130465054,100.0,960.3807820940439,10.0,8.223390579223633,,,,,9.0,13.0,14.0
2025-08-12 07:51:33,1874.8509090909092,943.9418181818181,1428.0145454545457,19.548803226003656,100.0,960.3921171657556,10.0,8.202428817749023,,,,,7.0,10.0,11.0
2025-08-12 07:51:36,1876.7127272727273,943.9418181818181,1426.1527272727274,19.53335611021612,100.0,960.341062434474,10.0,8.213194847106934,,,,,8.0,11.0,12.0
2025-08-12 07:51:39,1874.8509090909092,943.9418181818181,1426.1527272727274,19.523058034479618,100.0,960.2707310376771,10.0,8.203178405761719,,,,,7.0,10.0,11.0
2025-08-12 07:51:42,1876.7127272727273,943.9418181818181,1428.0145454545457,19.53335611021612,100.0,960.341062434474,10.0,8.213194847106934,,,,,8.0,10.0,12.0
2025-08-12 07:51:45,1876.7127272727273,943.9418181818181,1426.1527272727274,19.56425034441054,100.0,960.3070551388331,10.0,8.21209716796875,,,,,9.0,12.0,14.0
2025-08-12 07:51:48,1874.8509090909092,943.9418181818181,1426.1527272727274,19.56425034441054,100.0,960.3342787761378,10.0,8.201836585998535,,,,,9.0,13.0,14.0
2025-08-12 07:51:51,1872.989090909091,943.9418181818181,1428.0145454545457,19.523058034479618,100.0,960.325174756776,10.0,8.192943572998047,,,,,9.0,13.0,13.0
2025-08-12 07:51:54,1874.8509090909092,942.08,1426.1527272727274,19.523058034479618,100.0,960.2979528880672,10.0,8.208725929260254,,,,,9.0,13.0,13.0
2025-08-12 07:51:57,1874.8509090909092,943.9418181818181,1428.0145454545457,19.51275995990727,100.0,960.3365086211861,10.0,8.203601837158203,,,,,9.0,13.0,13.0
2025-08-12 07:52:00,1876.7127272727273,942.08,1426.1527272727274,19.52820707220235,100.0,960.3331185823279,10.0,8.218883514404297,,,,,9.0,14.0,14.0
2025-08-12 07:52:06,1874.8509090909092,943.9418181818181,1426.1527272727274,19.502461886499077,100.0,960.3478417077115,10.0,8.20396900177002,,,,,8.0,14.0,14.0
2025-08-12 07:52:09,1876.7127272727273,943.9418181818181,1429.8763636363635,19.548803226003656,100.0,960.3648941504566,10.0,8.21269416809082,,,,,8.0,15.0,15.0
2025-08-12 07:52:12,1874.8509090909092,943.9418181818181,1428.0145454545457,19.517908997047925,100.0,960.3988959969006,10.0,8.203495025634766,,,,,8.0,12.0,12.0
2025-08-12 07:52:15,1874.8509090909092,940.2181818181818,1426.1527272727274,19.523058034479618,100.0,960.3523966438037,10.0,8.214303970336914,,,,,8.0,12.0,12.0
2025-08-12 07:52:18,1874.8509090909092,942.08,1424.290909090909,19.538505148520926,100.0,960.3217837675433,10.0,8.208219528198242,,,,,8.0,13.0,13.0
2025-08-12 07:52:21,1876.7127272727273,943.9418181818181,1428.0145454545457,19.51275995990727,100.0,960.3637300752271,10.0,8.213924407958984,,,,,8.0,12.0,12.0
2025-08-12 07:52:24,1874.8509090909092,940.2181818181818,1424.290909090909,19.48186574317515,100.0,960.2888451918319,10.0,8.215649604797363,,,,,7.0,12.0,12.0
2025-08-12 07:52:27,1874.8509090909092,945.8036363636364,1429.8763636363635,19.43552443772205,100.0,960.3806605350105,10.0,8.200780868530273,,,,,7.0,12.0,12.0
2025-08-12 07:52:30,1874.8509090909092,945.8036363636364,1426.1527272727274,19.389183155843057,100.0,960.2819410300773,10.0,8.202264785766602,,,,,9.0,12.0,12.0
2025-08-12 07:52:33,1876.7127272727273,943.9418181818181,1428.0145454545457,19.404630247183377,100.0,960.387425047611,10.0,8.217662811279297,,,,,10.0,14.0,14.0
2025-08-12 07:52:36,1874.8509090909092,945.8036363636364,1429.8763636363635,19.425226373045007,100.0,960.3103353087668,10.0,8.20106315612793,,,,,10.0,17.0,19.0
2025-08-12 07:52:39,1874.8509090909092,943.9418181818181,1428.0145454545457,19.394332185998792,100.0,960.3443182470578,10.0,8.207673072814941,,,,,10.0,19.0,22.0
2025-08-12 07:52:42,1874.8509090909092,942.08,1428.0145454545457,19.425226373045007,100.0,960.3919884375582,10.0,8.212182998657227,,,,,9.0,19.0,22.0
2025-08-12 07:52:45,1874.8509090909092,940.2181818181818,1429.8763636363635,19.461269604507834,100.0,960.3387277520986,10.0,8.216405868530273,,,,,10.0,21.0,24.0
2025-08-12 07:52:48,1872.989090909091,938.3563636363637,1424.290909090909,19.4561205705686,100.0,960.358002396724,10.0,8.211830139160156,,,,,10.0,20.0,23.0
2025-08-12 07:52:51,1872.989090909091,942.08,1431.7381818181818,19.497312850231538,100.0,960.3398975638614,10.0,8.19936752319336,,,,,10.0,21.0,24.0
2025-08-12 07:52:54,1872.989090909091,938.3563636363637,1426.1527272727274,19.487014778569574,100.0,960.3784500625122,10.0,8.210789680480957,,,,,10.0,20.0,23.0
2025-08-12 07:52:57,1871.1272727272728,940.2181818181818,1429.8763636363635,19.497312850231538,100.0,960.3671183592655,10.0,8.194612503051758,,,,,10.0,19.0,25.0
2025-08-12 07:53:00,1869.2654545454548,934.6327272727274,1424.290909090909,19.517908997047925,100.0,960.3716742988887,10.0,8.200165748596191,,,,,11.0,19.0,24.0
2025-08-12 07:53:03,1871.1272727272728,934.6327272727274,1428.0145454545457,19.48186574317515,100.0,960.3432854104235,10.0,8.211664199829102,,,,,11.0,18.0,25.0
2025-08-12 07:53:06,1869.2654545454548,930.909090909091,1426.1527272727274,19.4561205705686,100.0,960.3307833698797,10.0,8.213279724121094,,,,,12.0,19.0,25.0
2025-08-12 07:53:09,1865.5418181818181,932.7709090909091,1426.1527272727274,19.4561205705686,100.0,960.4124405053573,10.0,8.187259674072266,,,,,11.0,17.0,24.0
2025-08-12 07:53:12,1865.5418181818181,929.0472727272728,1424.290909090909,19.48186574317515,100.0,960.2888451918319,10.0,8.197267532348633,,,,,11.0,16.0,21.0
2025-08-12 07:53:15,1863.68,929.0472727272728,1424.290909090909,19.51275995990727,100.0,960.3365086211861,10.0,8.1859712600708,,,,,11.0,16.0,21.0
2025-08-12 07:53:18,1861.818181818182,927.1854545454546,1422.429090909091,19.497312850231538,100.0,960.3398975638614,10.0,8.181723594665527,,,,,11.0,15.0,19.0
2025-08-12 07:53:21,1861.818181818182,927.1854545454546,1424.290909090909,19.502461886499077,100.0,960.3478417077115,10.0,8.181551933288574,,,,,11.0,15.0,18.0
2025-08-12 07:53:24,1861.818181818182,925.3236363636365,1424.290909090909,19.55395226518158,100.0,960.3456148863244,10.0,8.185300827026367,,,,,11.0,16.0,17.0
2025-08-12 07:53:27,1861.818181818182,929.0472727272728,1424.290909090909,19.58999554757611,100.0,960.3467722109443,10.0,8.173033714294434,,,,,11.0,15.0,16.0
2025-08-12 07:53:30,1856.2327272727275,929.0472727272728,1424.290909090909,19.600293630879605,100.0,960.3354340271841,10.0,8.141785621643066,,,,,10.0,15.0,15.0
2025-08-12 07:53:33,1859.9563636363637,929.0472727272728,1424.290909090909,19.55910130465054,100.0,960.3535586457537,10.0,8.163803100585938,,,,,10.0,15.0,15.0
2025-08-12 07:53:36,1858.0945454545456,925.3236363636365,1420.567272727273,19.502461886499077,100.0,960.3750627287668,10.0,8.166509628295898,,,,,9.0,13.0,13.0
2025-08-12 07:53:39,1856.2327272727275,925.3236363636365,1420.567272727273,19.450971536920406,100.0,960.3500578154848,10.0,8.157958030700684,,,,,10.0,14.0,14.0
2025-08-12 07:53:42,1856.2327272727275,927.1854545454546,1422.429090909091,19.37373606712208,100.0,960.3125386531121,10.0,8.155050277709961,,,,,10.0,12.0,14.0
2025-08-12 07:53:45,1856.2327272727275,930.909090909091,1420.567272727273,19.353139952901984,100.0,960.3351886785657,10.0,8.144746780395508,,,,,9.0,12.0,13.0
2025-08-12 07:53:48,1854.3709090909092,934.6327272727274,1428.0145454545457,19.404630247183377,100.0,960.387425047611,10.0,8.121709823608398,,,,,10.0,13.0,14.0
2025-08-12 07:53:51,1854.3709090909092,932.7709090909091,1424.290909090909,19.44067347049713,100.0,960.3613871011147,10.0,8.125959396362305,,,,,9.0,12.0,13.0
2025-08-12 07:53:54,1856.2327272727275,934.6327272727274,1424.290909090909,19.38403412597836,100.0,960.4100762749379,10.0,8.132733345031738,,,,,10.0,13.0,15.0
2025-08-12 07:53:57,1858.0945454545456,936.4945454545455,1424.290909090909,19.37373606712208,100.0,960.3397541429106,10.0,8.137792587280273,,,,,9.0,13.0,15.0
2025-08-12 07:54:00,1858.0945454545456,936.4945454545455,1422.429090909091,19.425226373045007,100.0,960.3375530000508,10.0,8.13602066040039,,,,,10.0,13.0,15.0
2025-08-12 07:54:03,1856.2327272727275,936.4945454545455,1424.290909090909,19.43552443772205,100.0,960.3262242315499,10.0,8.125354766845703,,,,,10.0,13.0,15.0
2025-08-12 07:54:06,1859.9563636363637,938.3563636363637,1424.290909090909,19.43037540523801,100.0,960.3727156090098,10.0,8.140653610229492,,,,,9.0,12.0,14.0
2025-08-12 07:54:09,1858.0945454545456,938.3563636363637,1424.290909090909,19.4561205705686,100.0,960.358002396724,10.0,8.129464149475098,,,,,8.0,12.0,13.0
2025-08-12 07:54:12,1858.0945454545456,938.3563636363637,1424.290909090909,19.409779278212227,100.0,960.3409361714149,10.0,8.131038665771484,,,,,8.0,12.0,13.0
2025-08-12 07:54:15,1858.0945454545456,936.4945454545455,1424.290909090909,19.43552443772205,100.0,960.2990061072899,10.0,8.135623931884766,,,,,9.0,12.0,15.0
2025-08-12 07:54:18,1859.9563636363637,936.4945454545455,1424.290909090909,19.399481216445565,100.0,960.3794798301888,10.0,8.147245407104492,,,,,9.0,13.0,15.0
2025-08-12 07:54:21,1859.9563636363637,932.7709090909091,1422.429090909091,19.425226373045007,100.0,960.3647707096478,10.0,8.157378196716309,,,,,9.0,12.0,15.0
2025-08-12 07:54:24,1858.0945454545456,932.7709090909091,1424.290909090909,19.466418638738105,100.0,960.4011111355363,10.0,8.145709037780762,,,,,9.0,12.0,14.0
2025-08-12 07:54:27,1858.0945454545456,934.6327272727274,1424.290909090909,19.4561205705686,100.0,960.3852214418832,10.0,8.140527725219727,,,,,8.0,11.0,13.0
2025-08-12 07:54:30,1858.0945454545456,932.7709090909091,1422.429090909091,19.43552443772205,100.0,960.2717880013439,10.0,8.146629333496094,,,,,9.0,12.0,14.0
2025-08-12 07:54:33,1859.9563636363637,934.6327272727274,1424.290909090909,19.43552443772205,100.0,960.3262242315499,10.0,8.151466369628906,,,,,9.0,13.0,15.0
2025-08-12 07:54:36,1858.0945454545456,936.4945454545455,1422.429090909091,19.414928309532115,100.0,960.3216637325392,10.0,8.136356353759766,,,,,8.0,11.0,13.0
2025-08-12 07:54:39,1858.0945454545456,934.6327272727274,1422.429090909091,19.35828898102045,100.0,960.370348731176,10.0,8.143869400024414,,,,,9.0,12.0,13.0
2025-08-12 07:54:42,1859.9563636363637,938.3563636363637,1426.1527272727274,19.281053589802468,100.0,960.360016144532,10.0,8.145771980285645,,,,,9.0,12.0,12.0
2025-08-12 07:54:45,1859.9563636363637,940.2181818181818,1426.1527272727274,19.322245790302986,100.0,960.3691578851452,10.0,8.138850212097168,,,,,9.0,12.0,12.0
2025-08-12 07:54:48,1863.68,938.3563636363637,1426.1527272727274,19.296500662807375,100.0,960.3294296857354,10.0,8.165801048278809,,,,,9.0,13.0,13.0
2025-08-12 07:54:51,1861.818181818182,936.4945454545455,1424.290909090909,19.347990925074555,100.0,960.4088867517248,10.0,8.15933895111084,,,,,10.0,14.0,14.0
2025-08-12 07:54:54,1859.9563636363637,932.7709090909091,1422.429090909091,19.35828898102045,100.0,960.3159190504854,10.0,8.159623146057129,,,,,10.0,15.0,15.0
2025-08-12 07:54:57,1858.0945454545456,930.909090909091,1424.290909090909,19.37373606712208,100.0,960.3669696510192,10.0,8.15437126159668,,,,,10.0,14.0,14.0
2025-08-12 07:55:00,1858.0945454545456,929.0472727272728,1420.567272727273,19.389183155843057,100.0,960.3363733085848,10.0,8.159319877624512,,,,,10.0,14.0,14.0
2025-08-12 07:55:03,1859.9563636363637,930.909090909091,1424.290909090909,19.389183155843057,100.0,960.363589475305,10.0,8.16413402557373,,,,,10.0,14.0,14.0
2025-08-12 07:55:06,1856.2327272727275,923.4618181818182,1424.290909090909,19.363438009429956,100.0,960.3510791114562,10.0,8.166478157043457,,,,,10.0,15.0,15.0
2025-08-12 07:55:09,1854.3709090909092,921.6000000000001,1420.567272727273,19.404630247183377,100.0,960.3329913786291,10.0,8.160266876220703,,,,,10.0,15.0,15.0
2025-08-12 07:55:12,1852.509090909091,917.8763636363637,1418.7054545454546,19.414928309532115,100.0,960.3216637325392,10.0,8.160643577575684,,,,,10.0,14.0,14.0
2025-08-12 07:55:15,1854.3709090909092,919.7381818181818,1420.567272727273,19.399481216445565,100.0,960.3522632121844,10.0,8.16598129272461,,,,,9.0,14.0,14.0
2025-08-12 07:55:18,1850.647272727273,916.0145454545454,1418.7054545454546,19.471567673259415,100.0,960.3818363001944,10.0,8.153985977172852,,,,,9.0,13.0,13.0
2025-08-12 07:55:21,1852.509090909091,917.8763636363637,1422.429090909091,19.450971536920406,100.0,960.3500578154848,10.0,8.159440994262695,,,,,10.0,14.0,14.0
2025-08-12 07:55:24,1848.7854545454547,917.8763636363637,1420.567272727273,19.497312850231538,100.0,960.421560005026,10.0,8.13733196258545,,,,,11.0,14.0,14.0
2025-08-12 07:55:27,1848.7854545454547,917.8763636363637,1420.567272727273,19.51275995990727,100.0,960.3637300752271,10.0,8.136740684509277,,,,,11.0,15.0,15.0
2025-08-12 07:55:30,1848.7854545454547,916.0145454545454,1416.8436363636363,19.52820707220235,100.0,960.3331185823279,10.0,8.14168643951416,,,,,12.0,16.0,16.0
2025-08-12 07:55:33,1848.7854545454547,919.7381818181818,1420.567272727273,19.507610923057655,100.0,960.3830071248741,10.0,8.13141918182373,,,,,12.0,16.0,16.0
2025-08-12 07:55:36,1846.9236363636364,921.6000000000001,1418.7054545454546,19.4561205705686,100.0,960.3307833698797,10.0,8.117318153381348,,,,,12.0,16.0,17.0
2025-08-12 07:55:39,1848.7854545454547,925.3236363636365,1418.7054545454546,19.404630247183377,100.0,960.3329913786291,10.0,8.1183500289917,,,,,13.0,17.0,17.0
2025-08-12 07:55:42,1848.7854545454547,927.1854545454546,1420.567272727273,19.43552443772205,100.0,960.3262242315499,10.0,8.111762046813965,,,,,13.0,17.0,17.0
2025-08-12 07:55:45,1846.9236363636364,925.3236363636365,1418.7054545454546,19.461269604507834,100.0,960.3659470045902,10.0,8.1061429977417,,,,,11.0,15.0,17.0
2025-08-12 07:55:48,1848.7854545454547,929.0472727272728,1416.8436363636363,19.48186574317515,100.0,960.3432854104235,10.0,8.104671478271484,,,,,11.0,16.0,18.0
2025-08-12 07:55:51,1848.7854545454547,929.0472727272728,1418.7054545454546,19.52820707220235,100.0,960.3331185823279,10.0,8.103070259094238,,,,,10.0,15.0,17.0
2025-08-12 07:55:54,1850.647272727273,932.7709090909091,1420.567272727273,19.52820707220235,100.0,960.3331185823279,10.0,8.102333068847656,,,,,10.0,15.0,17.0
2025-08-12 07:55:57,1852.509090909091,930.909090909091,1416.8436363636363,19.497312850231538,100.0,960.421560005026,10.0,8.119306564331055,,,,,9.0,14.0,16.0
2025-08-12 07:56:00,1852.509090909091,940.2181818181818,1422.429090909091,19.48186574317515,100.0,960.3705055471939,10.0,8.09218978881836,,,,,9.0,14.0,17.0
2025-08-12 07:56:03,1854.3709090909092,940.2181818181818,1422.429090909091,19.492163814255036,100.0,960.3319534466199,10.0,8.102091789245605,,,,,8.0,15.0,17.0
2025-08-12 07:57:09,1854.3709090909092,923.4618181818182,1418.7054545454546,19.600293630879605,100.0,960.3082088469189,10.0,8.14801025390625,,,,,8.0,14.0,14.0
2025-08-12 07:57:12,1854.3709090909092,925.3236363636365,1418.7054545454546,19.600293630879605,100.0,960.3626592257729,10.0,8.142547607421875,,,,,9.0,15.0,15.0
2025-08-12 07:57:15,1850.647272727273,923.4618181818182,1416.8436363636363,19.626038844231516,100.0,960.3751509007583,10.0,8.126607894897461,,,,,8.0,14.0,14.0
2025-08-12 07:57:18,1852.509090909091,925.3236363636365,1418.7054545454546,19.58999554757611,100.0,960.3467722109443,10.0,8.132589340209961,,,,,8.0,13.0,13.0
2025-08-12 07:57:21,1852.509090909091,923.4618181818182,1418.7054545454546,19.651784064859385,100.0,960.3604135826728,10.0,8.13599967956543,,,,,9.0,14.0,14.0
2025-08-12 07:57:24,1850.647272727273,927.1854545454546,1422.429090909091,19.610591715347255,100.0,960.3513206969423,10.0,8.116076469421387,,,,,8.0,13.0,13.0
2025-08-12 07:57:27,1848.7854545454547,925.3236363636365,1420.567272727273,19.58999554757611,100.0,960.3739969765371,10.0,8.112032890319824,,,,,8.0,11.0,11.0
2025-08-12 07:57:30,1852.509090909091,923.4618181818182,1416.8436363636363,19.615740758017637,100.0,960.3864899472294,10.0,8.1372652053833,,,,,9.0,12.0,12.0
2025-08-12 07:57:33,1850.647272727273,925.3236363636365,1416.8436363636363,19.600293630879605,100.0,960.3354340271841,10.0,8.121929168701172,,,,,8.0,11.0,11.0
2025-08-12 07:57:36,1848.7854545454547,925.3236363636365,1418.7054545454546,19.574548424803652,100.0,960.3229418879595,10.0,8.11250114440918,,,,,9.0,12.0,12.0
2025-08-12 07:57:39,1850.647272727273,925.3236363636365,1416.8436363636363,19.52820707220235,100.0,960.3875628260085,10.0,8.124462127685547,,,,,8.0,11.0,12.0
2025-08-12 07:57:42,1848.7854545454547,927.1854545454546,1420.567272727273,19.569399384461576,100.0,960.3149985001088,10.0,8.107155799865723,,,,,9.0,13.0,14.0
2025-08-12 07:57:45,1852.509090909091,930.909090909091,1422.429090909091,19.538505148520926,100.0,960.3490063132123,10.0,8.117807388305664,,,,,8.0,12.0,14.0
2025-08-12 07:57:48,1854.3709090909092,930.909090909091,1418.7054545454546,19.523058034479618,100.0,960.3523966438037,10.0,8.12863826751709,,,,,8.0,13.0,15.0
2025-08-12 07:57:51,1852.509090909091,934.6327272727274,1416.8436363636363,19.44067347049713,100.0,960.3886054876479,10.0,8.110173225402832,,,,,7.0,12.0,14.0
2025-08-12 07:57:54,1856.2327272727275,936.4945454545455,1420.567272727273,19.404630247183377,100.0,960.3602082039641,10.0,8.126453399658203,,,,,8.0,13.0,17.0
2025-08-12 07:57:57,1856.2327272727275,932.7709090909091,1418.7054545454546,19.44582250356325,100.0,960.287676128087,10.0,8.135992050170898,,,,,8.0,13.0,16.0
2025-08-12 07:58:00,1854.3709090909092,934.6327272727274,1418.7054545454546,19.487014778569574,100.0,960.3512297000921,10.0,8.118840217590332,,,,,9.0,14.0,18.0
2025-08-12 07:58:03,1856.2327272727275,934.6327272727274,1420.567272727273,19.487014778569574,100.0,960.3512297000921,10.0,8.129133224487305,,,,,8.0,13.0,15.0
2025-08-12 07:58:06,1856.2327272727275,934.6327272727274,1420.567272727273,19.507610923057655,100.0,960.3013434397068,10.0,8.12837028503418,,,,,9.0,12.0,14.0
2025-08-12 07:58:09,1858.0945454545456,936.4945454545455,1420.567272727273,19.492163814255036,100.0,960.3591740163736,10.0,8.133748054504395,,,,,10.0,13.0,15.0
2025-08-12 07:58:12,1858.0945454545456,938.3563636363637,1420.567272727273,19.507610923057655,100.0,960.3013434397068,10.0,8.127630233764648,,,,,9.0,11.0,12.0
2025-08-12 07:58:15,1859.9563636363637,940.2181818181818,1418.7054545454546,19.51275995990727,100.0,960.3637300752271,10.0,8.132303237915039,,,,,11.0,13.0,14.0
2025-08-12 07:58:18,1859.9563636363637,942.08,1418.7054545454546,19.523058034479618,100.0,960.3523966438037,10.0,8.126422882080078,,,,,10.0,13.0,15.0
2025-08-12 07:58:21,1863.68,945.8036363636364,1424.290909090909,19.51275995990727,100.0,960.3909515475863,10.0,8.136371612548828,,,,,10.0,13.0,14.0
2025-08-12 07:58:24,1863.68,943.9418181818181,1424.290909090909,19.56425034441054,100.0,960.3615024317635,10.0,8.140093803405762,,,,,9.0,14.0,15.0
2025-08-12 07:58:27,1863.68,942.08,1420.567272727273,19.56425034441054,100.0,960.3615024317635,10.0,8.145609855651855,,,,,10.0,18.0,19.0
2025-08-12 07:58:30,1863.68,943.9418181818181,1420.567272727273,19.579697465436766,100.0,960.3308853023841,10.0,8.139532089233398,,,,,10.0,19.0,21.0
2025-08-12 07:58:33,1865.5418181818181,942.08,1420.567272727273,19.55395226518158,100.0,960.3183916820107,10.0,8.156209945678711,,,,,9.0,19.0,20.0
2025-08-12 07:58:36,1865.5418181818181,942.08,1422.429090909091,19.538505148520926,100.0,960.267338731164,10.0,8.156684875488281,,,,,10.0,19.0,21.0
2025-08-12 07:58:39,1865.5418181818181,940.2181818181818,1418.7054545454546,19.548803226003656,100.0,960.4193401993747,10.0,8.162012100219727,,,,,10.0,18.0,20.0
2025-08-12 07:58:42,1867.4036363636365,943.9418181818181,1422.429090909091,19.610591715347255,100.0,960.3240950653569,10.0,8.159052848815918,,,,,9.0,16.0,18.0
2025-08-12 07:58:45,1867.4036363636365,943.9418181818181,1422.429090909091,19.60544267296791,100.0,960.3433773487831,10.0,8.159245491027832,,,,,11.0,17.0,21.0
2025-08-12 07:58:48,1865.5418181818181,942.08,1420.567272727273,19.569399384461576,100.0,960.3694462443527,10.0,8.155735969543457,,,,,10.0,16.0,19.0
2025-08-12 07:58:51,1867.4036363636365,947.6654545454545,1424.290909090909,19.55395226518158,100.0,960.3456148863244,10.0,8.149983406066895,,,,,9.0,16.0,19.0
2025-08-12 07:58:54,1867.4036363636365,943.9418181818181,1424.290909090909,19.58999554757611,100.0,960.3739969765371,10.0,8.15981388092041,,,,,10.0,18.0,19.0
2025-08-12 07:58:57,1867.4036363636365,942.08,1420.567272727273,19.595144589082338,100.0,960.354715705076,10.0,8.165128707885742,,,,,10.0,19.0,19.0
2025-08-12 07:59:00,1869.2654545454548,945.8036363636364,1422.429090909091,19.600293630879605,100.0,960.3626592257729,10.0,8.164227485656738,,,,,10.0,20.0,22.0
2025-08-12 07:59:03,1869.2654545454548,940.2181818181818,1420.567272727273,19.610591715347255,100.0,960.3240950653569,10.0,8.18038272857666,,,,,9.0,20.0,22.0
2025-08-12 07:59:06,1871.1272727272728,943.9418181818181,1424.290909090909,19.626038844231516,100.0,960.4296035728705,10.0,8.179230690002441,,,,,9.0,20.0,21.0
2025-08-12 08:00:21,1869.2654545454548,936.4945454545455,1424.290909090909,19.74446691936464,100.0,960.3400055864051,10.0,8.186840057373047,,,,,8.0,13.0,13.0
2025-08-12 08:00:27,1867.4036363636365,932.7709090909091,1422.429090909091,19.75991407094989,100.0,960.3638324431337,10.0,8.187067985534668,,,,,9.0,13.0,13.0
2025-08-12 08:00:30,1869.2654545454548,930.909090909091,1422.429090909091,19.718721672543325,100.0,960.3819854702884,10.0,8.204314231872559,,,,,8.0,12.0,12.0
2025-08-12 08:00:33,1861.818181818182,929.0472727272728,1420.567272727273,19.69812548032496,100.0,960.4591322093626,10.0,8.169445991516113,,,,,8.0,13.0,13.0
2025-08-12 08:00:36,1863.68,930.909090909091,1418.7054545454546,19.68782738596201,100.0,960.3615581488335,10.0,8.174470901489258,,,,,9.0,13.0,13.0
2025-08-12 08:00:39,1859.9563636363637,929.0472727272728,1418.7054545454546,19.703274527942995,100.0,960.38538683886,10.0,8.158889770507812,,,,,9.0,13.0,14.0
2025-08-12 08:00:42,1861.818181818182,932.7709090909091,1424.290909090909,19.703274527942995,100.0,960.38538683886,10.0,8.158158302307129,,,,,9.0,14.0,16.0
2025-08-12 08:00:45,1863.68,930.909090909091,1424.290909090909,19.68267833921709,100.0,960.3808440411028,10.0,8.17467212677002,,,,,9.0,13.0,15.0
2025-08-12 08:00:48,1859.9563636363637,929.0472727272728,1422.429090909091,19.692976432997966,100.0,960.3422718500813,10.0,8.159200668334961,,,,,10.0,14.0,16.0
2025-08-12 08:00:51,1856.2327272727275,925.3236363636365,1420.567272727273,19.703274527942995,100.0,960.3036980331166,10.0,8.149247169494629,,,,,10.0,14.0,16.0
2025-08-12 08:00:54,1858.0945454545456,927.1854545454546,1420.567272727273,19.6620821551478,100.0,960.4035277506462,10.0,8.155546188354492,,,,,9.0,14.0,15.0
2025-08-12 08:00:57,1856.2327272727275,927.1854545454546,1418.7054545454546,19.620889800979057,100.0,960.367207472932,10.0,8.146628379821777,,,,,10.0,14.0,16.0
2025-08-12 08:01:00,1858.0945454545456,930.909090909091,1420.567272727273,19.579697465436766,100.0,960.3853339492581,10.0,8.147322654724121,,,,,10.0,14.0,16.0
2025-08-12 08:01:03,1856.2327272727275,930.909090909091,1422.429090909091,19.579697465436766,100.0,960.35810961666,10.0,8.136993408203125,,,,,8.0,12.0,12.0
2025-08-12 08:01:06,1856.2327272727275,929.0472727272728,1420.567272727273,19.58999554757611,100.0,960.3739969765371,10.0,8.14217472076416,,,,,9.0,12.0,12.0
2025-08-12 08:01:09,1856.2327272727275,929.0472727272728,1418.7054545454546,19.574548424803652,100.0,960.4318383523631,10.0,8.142769813537598,,,,,9.0,13.0,13.0
2025-08-12 08:01:12,1856.2327272727275,927.1854545454546,1420.567272727273,19.569399384461576,100.0,960.3149985001088,10.0,8.148333549499512,,,,,10.0,14.0,14.0
2025-08-12 08:01:15,1854.3709090909092,925.3236363636365,1416.8436363636363,19.579697465436766,100.0,960.3853339492581,10.0,8.143280029296875,,,,,11.0,14.0,15.0
2025-08-12 08:01:18,1856.2327272727275,930.909090909091,1420.567272727273,19.600293630879605,100.0,960.3898844426845,10.0,8.136326789855957,,,,,10.0,13.0,14.0
2025-08-12 08:01:21,1854.3709090909092,927.1854545454546,1418.7054545454546,19.58484650636092,100.0,960.3388287433797,10.0,8.137537956237793,,,,,10.0,13.0,14.0
2025-08-12 08:01:24,1854.3709090909092,925.3236363636365,1416.8436363636363,19.56425034441054,100.0,960.3342787761378,10.0,8.14375114440918,,,,,11.0,14.0,15.0
2025-08-12 08:01:27,1854.3709090909092,923.4618181818182,1418.7054545454546,19.548803226003656,100.0,960.3104481748197,10.0,8.149775505065918,,,,,11.0,14.0,15.0
2025-08-12 08:01:30,1854.3709090909092,923.4618181818182,1418.7054545454546,19.631187887775013,100.0,960.3014148074167,10.0,8.146934509277344,,,,,10.0,13.0,15.0
2025-08-12 08:01:33,1852.509090909091,921.6000000000001,1418.7054545454546,19.651784064859385,100.0,960.3331861824388,10.0,8.141490936279297,,,,,10.0,14.0,15.0
2025-08-12 08:01:36,1854.3709090909092,919.7381818181818,1416.8436363636363,19.68267833921709,100.0,960.4080727953311,10.0,8.156323432922363,,,,,10.0,14.0,15.0
2025-08-12 08:01:39,1852.509090909091,923.4618181818182,1420.567272727273,19.692976432997966,100.0,960.3695010189882,10.0,8.134596824645996,,,,,10.0,14.0,15.0
2025-08-12 08:01:42,1852.509090909091,923.4618181818182,1420.567272727273,19.692976432997966,100.0,960.4239594117878,10.0,8.13465690612793,,,,,10.0,13.0,13.0
2025-08-12 08:01:45,1850.647272727273,919.7381818181818,1420.567272727273,19.68782738596201,100.0,960.3343292055941,10.0,8.135477066040039,,,,,9.0,13.0,13.0
2025-08-12 08:01:48,1848.7854545454547,917.8763636363637,1416.8436363636363,19.68267833921709,100.0,960.3808440411028,10.0,8.130925178527832,,,,,9.0,14.0,14.0
2025-08-12 08:01:51,1846.9236363636364,919.7381818181818,1418.7054545454546,19.656933109858073,100.0,960.4228120252218,10.0,8.116045951843262,,,,,9.0,13.0,13.0
2025-08-12 08:01:54,1846.9236363636364,917.8763636363637,1414.9818181818182,19.718721672543325,100.0,960.4092157675411,10.0,8.119425773620605,,,,,9.0,13.0,13.0
2025-08-12 08:01:57,1845.0618181818181,917.8763636363637,1416.8436363636363,19.734168819763,100.0,960.4330449348188,10.0,8.108622550964355,,,,,10.0,14.0,15.0
2025-08-12 08:02:00,1843.2000000000003,919.7381818181818,1418.7054545454546,19.734168819763,100.0,960.3513520670122,10.0,8.092720985412598,,,,,10.0,14.0,16.0
2025-08-12 08:02:03,1845.0618181818181,917.8763636363637,1418.7054545454546,19.74446691936464,100.0,960.367236957022,10.0,8.108195304870605,,,,,10.0,14.0,16.0
2025-08-12 08:02:06,1843.2000000000003,917.8763636363637,1416.8436363636363,19.795957434835145,100.0,960.3921957602374,10.0,8.096161842346191,,,,,10.0,14.0,16.0
2025-08-12 08:02:09,1841.338181818182,917.8763636363637,1418.7054545454546,19.81655364917242,100.0,960.3967306187219,10.0,8.08516788482666,,,,,9.0,13.0,15.0
2025-08-12 08:02:12,1841.338181818182,916.0145454545454,1413.1200000000001,19.765063122060383,100.0,960.3445425267181,10.0,8.092392921447754,,,,,11.0,14.0,16.0
2025-08-12 08:02:15,1839.4763636363637,917.8763636363637,1416.8436363636363,19.74961596960202,100.0,960.3479478454861,10.0,8.077116012573242,,,,,11.0,14.0,16.0
2025-08-12 08:02:18,1839.4763636363637,917.8763636363637,1414.9818181818182,19.734168819763,100.0,960.4330449348188,10.0,8.077737808227539,,,,,11.0,14.0,16.0
2025-08-12 08:02:21,1837.6145454545454,914.1527272727274,1414.9818181818182,19.72387072132551,100.0,960.3899282738691,10.0,8.078782081604004,,,,,11.0,14.0,14.0
2025-08-12 08:02:24,1835.7527272727275,916.0145454545454,1416.8436363636363,19.770212173461914,100.0,960.3797171467471,10.0,8.061365127563477,,,,,10.0,14.0,14.0
2025-08-12 08:02:27,1835.7527272727275,916.0145454545454,1413.1200000000001,19.78051027713809,100.0,960.3683690243072,10.0,8.061003684997559,,,,,10.0,13.0,14.0
2025-08-12 08:02:30,1833.8909090909092,914.1527272727274,1414.9818181818182,19.74961596960202,100.0,960.3751794417757,10.0,8.057291030883789,,,,,11.0,14.0,15.0
2025-08-12 08:02:33,1833.8909090909092,916.0145454545454,1411.2581818181818,19.811404595151544,100.0,960.3070857735435,10.0,8.049581527709961,,,,,10.0,14.0,15.0
2025-08-12 08:02:36,1833.8909090909092,917.8763636363637,1418.7054545454546,19.857746091816807,100.0,960.4057962446528,10.0,8.04257869720459,,,,,10.0,14.0,15.0
2025-08-12 08:02:39,1833.8909090909092,919.7381818181818,1416.8436363636363,19.898938553087646,100.0,960.4148564148053,10.0,8.035662651062012,,,,,10.0,14.0,15.0
2025-08-12 08:02:42,1833.8909090909092,921.6000000000001,1416.8436363636363,19.904087612056173,100.0,960.3955598753773,10.0,8.029948234558105,,,,,10.0,15.0,16.0
2025-08-12 08:02:45,1833.8909090909092,919.7381818181818,1418.7054545454546,19.929832911264384,100.0,960.3807889593012,10.0,8.034561157226562,,,,,8.0,17.0,19.0
2025-08-12 08:02:48,1833.8909090909092,919.7381818181818,1418.7054545454546,19.919534790707985,100.0,960.3376678174553,10.0,8.034870147705078,,,,,8.0,20.0,21.0
2025-08-12 08:02:51,1832.0290909090909,917.8763636363637,1414.9818181818182,19.898938553087646,100.0,960.2786665350152,10.0,8.030731201171875,,,,,8.0,20.0,21.0
2025-08-12 08:02:54,1830.1672727272728,916.0145454545454,1413.1200000000001,19.868044205388287,100.0,960.3944434534075,10.0,8.027139663696289,,,,,8.0,19.0,20.0
2025-08-12 08:02:57,1830.1672727272728,917.8763636363637,1414.9818181818182,19.883491377928294,100.0,960.3910314767053,10.0,8.021088600158691,,,,,9.0,19.0,19.0
2025-08-12 08:03:00,1830.1672727272728,917.8763636363637,1414.9818181818182,19.832000812981278,100.0,960.4205572335169,10.0,8.022890090942383,,,,,10.0,18.0,18.0
2025-08-12 08:03:03,1830.1672727272728,917.8763636363637,1413.1200000000001,19.868044205388287,100.0,960.3672067765365,10.0,8.021587371826172,,,,,10.0,17.0,17.0
2025-08-12 08:03:06,1830.1672727272728,914.1527272727274,1411.2581818181818,19.790808381978422,100.0,960.3297867767427,10.0,8.035243034362793,,,,,10.0,17.0,17.0
2025-08-12 08:03:09,1828.3054545454547,914.1527272727274,1411.2581818181818,19.713572624052176,100.0,960.3740426932179,10.0,8.02763843536377,,,,,10.0,16.0,16.0
2025-08-12 08:03:12,1826.4436363636364,912.2909090909092,1411.2581818181818,19.67238024660037,100.0,960.4466429457531,10.0,8.02435302734375,,,,,9.0,15.0,15.0
2025-08-12 08:03:15,1826.4436363636364,914.1527272727274,1409.3963636363637,19.641485975735122,100.0,960.3989813435373,10.0,8.01984977722168,,,,,9.0,14.0,14.0
2025-08-12 08:03:18,1828.3054545454547,917.8763636363637,1416.8436363636363,19.55910130465054,100.0,960.3535586457537,10.0,8.02188491821289,,,,,8.0,14.0,14.0
2025-08-12 08:03:21,1828.3054545454547,916.0145454545454,1413.1200000000001,19.507610923057655,100.0,960.3557858781672,10.0,8.029170036315918,,,,,10.0,14.0,14.0
2025-08-12 08:03:24,1826.4436363636364,912.2909090909092,1411.2581818181818,19.497312850231538,100.0,960.3943391729872,10.0,8.030311584472656,,,,,9.0,15.0,15.0
2025-08-12 08:03:27,1826.4436363636364,914.1527272727274,1411.2581818181818,19.517908997047925,100.0,960.3444526191951,10.0,8.024026870727539,,,,,9.0,15.0,15.0
2025-08-12 08:03:30,1824.5818181818183,916.0145454545454,1413.1200000000001,19.55395226518158,100.0,960.4000613499135,10.0,8.007040023803711,,,,,10.0,15.0,15.0
2025-08-12 08:03:33,1826.4436363636364,914.1527272727274,1411.2581818181818,19.569399384461576,100.0,960.4238940618823,10.0,8.022347450256348,,,,,10.0,16.0,16.0
2025-08-12 08:03:36,1824.5818181818183,914.1527272727274,1411.2581818181818,19.620889800979057,100.0,960.42165969372,10.0,8.010285377502441,,,,,9.0,16.0,16.0
2025-08-12 08:03:39,1824.5818181818183,916.0145454545454,1413.1200000000001,19.626038844231516,100.0,960.4023772276522,10.0,8.004571914672852,,,,,9.0,15.0,15.0
2025-08-12 08:03:42,1826.4436363636364,917.8763636363637,1413.1200000000001,19.667231200728565,100.0,960.4386992790407,10.0,8.007974624633789,,,,,8.0,14.0,14.0
2025-08-12 08:03:45,1824.5818181818183,916.0145454545454,1409.3963636363637,19.615740758017637,100.0,960.3864899472294,10.0,8.004907608032227,,,,,8.0,14.0,14.0
2025-08-12 08:03:48,1828.3054545454547,917.8763636363637,1413.1200000000001,19.60544267296791,100.0,960.3978282156037,10.0,8.020347595214844,,,,,9.0,14.0,15.0
2025-08-12 08:03:51,1824.5818181818183,916.0145454545454,1407.5345454545454,19.610591715347255,100.0,960.4602234065215,10.0,8.005168914794922,,,,,9.0,14.0,15.0
2025-08-12 08:03:54,1826.4436363636364,917.8763636363637,1413.1200000000001,19.569399384461576,100.0,960.4238940618823,10.0,8.011313438415527,,,,,9.0,13.0,14.0
2025-08-12 08:03:57,1824.5818181818183,917.8763636363637,1413.1200000000001,19.58999554757611,100.0,960.4012217604525,10.0,8.000288009643555,,,,,9.0,13.0,13.0
2025-08-12 08:04:00,1826.4436363636364,916.0145454545454,1409.3963636363637,19.615740758017637,100.0,960.3864899472294,10.0,8.01519775390625,,,,,9.0,13.0,15.0
2025-08-12 08:04:03,1822.72,914.1527272727274,1407.5345454545454,19.6620821551478,100.0,960.4579835454066,10.0,7.998617172241211,,,,,9.0,15.0,16.0
2025-08-12 08:04:06,1822.72,914.1527272727274,1409.3963636363637,19.72387072132551,100.0,960.3899282738691,10.0,7.996417045593262,,,,,10.0,15.0,16.0
2025-08-12 08:04:09,1822.72,914.1527272727274,1409.3963636363637,19.75991407094989,100.0,960.3638324431337,10.0,7.995153903961182,,,,,10.0,15.0,17.0
2025-08-12 08:04:12,1822.72,916.0145454545454,1409.3963636363637,19.806255541421706,100.0,960.3536123174724,10.0,7.988035678863525,,,,,10.0,15.0,16.0
2025-08-12 08:04:15,1824.5818181818183,917.8763636363637,1411.2581818181818,19.837149868166307,100.0,960.3740287541248,10.0,7.99177885055542,,,,,9.0,14.0,15.0
2025-08-12 08:04:18,1826.4436363636364,921.6000000000001,1411.2581818181818,19.78051027713809,100.0,960.3956019563091,10.0,7.993003845214844,,,,,10.0,14.0,18.0
2025-08-12 08:04:21,1828.3054545454547,923.4618181818182,1411.2581818181818,19.69812548032496,100.0,960.4046733285683,10.0,8.000621795654297,,,,,10.0,15.0,19.0
2025-08-12 08:04:24,1826.4436363636364,921.6000000000001,1407.5345454545454,19.631187887775013,100.0,960.4375474785742,10.0,7.998180389404297,,,,,9.0,15.0,18.0
2025-08-12 08:04:27,1830.1672727272728,925.3236363636365,1411.2581818181818,19.651784064859385,100.0,960.4420958933314,10.0,8.00702953338623,,,,,9.0,14.0,17.0
2025-08-12 08:04:30,1830.1672727272728,923.4618181818182,1411.2581818181818,19.610591715347255,100.0,960.4057720150843,10.0,8.013922691345215,,,,,9.0,14.0,17.0
2025-08-12 08:04:33,1830.1672727272728,929.0472727272728,1411.2581818181818,19.574548424803652,100.0,960.3773900835179,10.0,7.998574256896973,,,,,9.0,13.0,16.0
2025-08-12 08:04:36,1832.0290909090909,925.3236363636365,1413.1200000000001,19.548803226003656,100.0,960.3921171657556,10.0,8.020804405212402,,,,,10.0,16.0,19.0
2025-08-12 08:04:39,1833.8909090909092,925.3236363636365,1411.2581818181818,19.56425034441054,100.0,960.3887261057105,10.0,8.030566215515137,,,,,11.0,16.0,20.0
2025-08-12 08:04:42,1832.0290909090909,925.3236363636365,1409.3963636363637,19.56425034441054,100.0,960.3887261057105,10.0,8.020269393920898,,,,,11.0,16.0,17.0
2025-08-12 08:04:45,1833.8909090909092,925.3236363636365,1411.2581818181818,19.517908997047925,100.0,960.3444526191951,10.0,8.032110214233398,,,,,12.0,16.0,17.0
2025-08-12 08:04:48,1833.8909090909092,925.3236363636365,1409.3963636363637,19.610591715347255,100.0,960.4329977016409,10.0,8.029022216796875,,,,,12.0,16.0,16.0
2025-08-12 08:04:51,1835.7527272727275,923.4618181818182,1409.3963636363637,19.646635020151734,100.0,960.379697666335,10.0,8.04354476928711,,,,,12.0,16.0,17.0
2025-08-12 08:04:54,1835.7527272727275,923.4618181818182,1409.3963636363637,19.667231200728565,100.0,960.4114711651579,10.0,8.042869567871094,,,,,11.0,16.0,16.0
2025-08-12 08:04:57,1833.8909090909092,919.7381818181818,1409.3963636363637,19.6620821551478,100.0,960.4579835454066,10.0,8.043837547302246,,,,,11.0,16.0,16.0
2025-08-12 08:05:00,1833.8909090909092,921.6000000000001,1409.3963636363637,19.579697465436766,100.0,960.412558300178,10.0,8.04110050201416,,,,,11.0,16.0,16.0
2025-08-12 08:05:03,1833.8909090909092,921.6000000000001,1409.3963636363637,19.646635020151734,100.0,960.4341521071043,10.0,8.038820266723633,,,,,11.0,15.0,15.0
2025-08-12 08:05:06,1833.8909090909092,921.6000000000001,1409.3963636363637,19.631187887775013,100.0,960.4103209076928,10.0,8.039331436157227,,,,,10.0,14.0,14.0
2025-08-12 08:05:09,1835.7527272727275,921.6000000000001,1409.3963636363637,19.631187887775013,100.0,960.4103209076928,10.0,8.0496244430542,,,,,10.0,14.0,14.0
2025-08-12 08:05:12,1832.0290909090909,925.3236363636365,1413.1200000000001,19.600293630879605,100.0,960.4443349314778,10.0,8.019097328186035,,,,,9.0,14.0,14.0
2025-08-12 08:05:15,1833.8909090909092,923.4618181818182,1413.1200000000001,19.631187887775013,100.0,960.4103209076928,10.0,8.033812522888184,,,,,9.0,13.0,13.0
2025-08-12 08:05:18,1833.8909090909092,923.4618181818182,1411.2581818181818,19.620889800979057,100.0,960.4488858316005,10.0,8.034202575683594,,,,,9.0,13.0,13.0
2025-08-12 08:05:21,1833.8909090909092,919.7381818181818,1409.3963636363637,19.620889800979057,100.0,960.3944335741638,10.0,8.045180320739746,,,,,10.0,14.0,14.0
2025-08-12 08:05:24,1835.7527272727275,921.6000000000001,1411.2581818181818,19.610591715347255,100.0,960.4329977016409,10.0,8.0503568649292,,,,,10.0,14.0,14.0
2025-08-12 08:05:27,1833.8909090909092,923.4618181818182,1409.3963636363637,19.626038844231516,100.0,960.4023772276522,10.0,8.033979415893555,,,,,10.0,14.0,14.0
2025-08-12 08:05:30,1835.7527272727275,925.3236363636365,1413.1200000000001,19.63633693160955,100.0,960.418264614283,10.0,8.038420677185059,,,,,10.0,13.0,13.0
2025-08-12 08:05:33,1833.8909090909092,921.6000000000001,1411.2581818181818,19.708423575852066,100.0,960.4205596528151,10.0,8.036684036254883,,,,,9.0,12.0,12.0
2025-08-12 08:05:36,1833.8909090909092,921.6000000000001,1409.3963636363637,19.754765020130435,100.0,960.3558901310632,10.0,8.035026550292969,,,,,10.0,14.0,14.0
2025-08-12 08:05:39,1833.8909090909092,921.6000000000001,1413.1200000000001,19.729019770398736,100.0,960.3978711039579,10.0,8.035955429077148,,,,,11.0,15.0,15.0
2025-08-12 08:05:42,1835.7527272727275,923.4618181818182,1411.2581818181818,19.754765020130435,100.0,960.3831219530256,10.0,8.039834976196289,,,,,9.0,14.0,14.0
2025-08-12 08:05:45,1833.8909090909092,921.6000000000001,1409.3963636363637,19.770212173461914,100.0,960.3797171467471,10.0,8.034521102905273,,,,,9.0,15.0,15.0
2025-08-12 08:05:48,1835.7527272727275,925.3236363636365,1411.2581818181818,19.806255541421706,100.0,960.3536123174724,10.0,8.032523155212402,,,,,9.0,15.0,16.0
2025-08-12 08:05:51,1837.6145454545454,923.4618181818182,1411.2581818181818,19.790808381978422,100.0,960.3297867767427,10.0,8.048833847045898,,,,,9.0,14.0,17.0
2025-08-12 08:05:54,1835.7527272727275,921.6000000000001,1411.2581818181818,19.826851758087287,100.0,960.3853800756906,10.0,8.042877197265625,,,,,11.0,15.0,18.0
2025-08-12 08:05:57,1835.7527272727275,919.7381818181818,1409.3963636363637,19.785659329412738,100.0,960.3490781037938,10.0,8.049777030944824,,,,,11.0,16.0,19.0
2025-08-12 08:06:00,1835.7527272727275,921.6000000000001,1411.2581818181818,19.795957434835145,100.0,960.3921957602374,10.0,8.043946266174316,,,,,10.0,15.0,17.0
2025-08-12 08:06:03,1835.7527272727275,919.7381818181818,1409.3963636363637,19.785659329412738,100.0,960.3763112431376,10.0,8.049803733825684,,,,,11.0,15.0,18.0
2025-08-12 08:06:06,1835.7527272727275,923.4618181818182,1411.2581818181818,19.837149868166307,100.0,960.4012641135799,10.0,8.037029266357422,,,,,10.0,14.0,17.0
2025-08-12 08:06:09,1835.7527272727275,923.4618181818182,1411.2581818181818,19.888640436023707,100.0,960.3717355350368,10.0,8.035228729248047,,,,,11.0,15.0,19.0
2025-08-12 08:06:12,1835.7527272727275,925.3236363636365,1409.3963636363637,19.87834232012392,100.0,960.3830898835425,10.0,8.030078887939453,,,,,10.0,13.0,16.0
2025-08-12 08:06:15,1835.7527272727275,923.4618181818182,1411.2581818181818,19.893789494410157,100.0,960.4069147423388,10.0,8.035091400146484,,,,,11.0,14.0,15.0
2025-08-12 08:06:18,1835.7527272727275,921.6000000000001,1409.3963636363637,19.857746091816807,100.0,960.3513237753033,10.0,8.041781425476074,,,,,11.0,14.0,15.0
2025-08-12 08:06:21,1837.6145454545454,921.6000000000001,1411.2581818181818,19.919534790707985,100.0,960.3921455565215,10.0,8.049996376037598,,,,,10.0,14.0,16.0
2025-08-12 08:06:24,1835.7527272727275,925.3236363636365,1413.1200000000001,19.898938553087646,100.0,960.360380407868,10.0,8.029340744018555,,,,,10.0,14.0,15.0
2025-08-12 08:06:27,1837.6145454545454,923.4618181818182,1409.3963636363637,19.893789494410157,100.0,960.4069147423388,10.0,8.045384407043457,,,,,9.0,16.0,16.0
2025-08-12 08:06:30,1837.6145454545454,929.0472727272728,1414.9818181818182,19.914385730866343,100.0,960.356965576705,10.0,8.028068542480469,,,,,10.0,19.0,19.0
2025-08-12 08:06:33,1837.6145454545454,923.4618181818182,1411.2581818181818,19.90923667131574,100.0,960.4035013750155,10.0,8.044851303100586,,,,,10.0,20.0,20.0
2025-08-12 08:06:36,1839.4763636363637,923.4618181818182,1413.1200000000001,19.898938553087646,100.0,960.3876184021664,10.0,8.055485725402832,,,,,9.0,18.0,18.0
2025-08-12 08:06:39,1837.6145454545454,921.6000000000001,1409.3963636363637,19.898938553087646,100.0,960.360380407868,10.0,8.050670623779297,,,,,9.0,18.0,18.0
2025-08-12 08:06:42,1841.338181818182,925.3236363636365,1411.2581818181818,19.90923667131574,100.0,960.4307398390275,10.0,8.059950828552246,,,,,9.0,18.0,19.0
2025-08-12 08:06:45,1839.4763636363637,923.4618181818182,1407.5345454545454,19.924683850840665,100.0,960.4273260324758,10.0,8.05463981628418,,,,,10.0,18.0,19.0
2025-08-12 08:06:48,1841.338181818182,923.4618181818182,1411.2581818181818,19.87834232012392,100.0,960.3013786088632,10.0,8.066385269165039,,,,,10.0,18.0,19.0
2025-08-12 08:06:51,1839.4763636363637,925.3236363636365,1411.2581818181818,19.940131032984937,100.0,960.369431583333,10.0,8.04853343963623,,,,,10.0,17.0,18.0
2025-08-12 08:06:54,1841.338181818182,925.3236363636365,1413.1200000000001,19.965876342379488,100.0,960.3818960116893,10.0,8.057953834533691,,,,,8.0,15.0,16.0
2025-08-12 08:06:57,1841.338181818182,923.4618181818182,1411.2581818181818,20.037963247392327,100.0,960.4113392179835,10.0,8.061028480529785,,,,,9.0,14.0,15.0
2025-08-12 08:07:00,1841.338181818182,923.4618181818182,1409.3963636363637,20.00191978775547,100.0,960.41024052807,10.0,8.062261581420898,,,,,10.0,15.0,16.0
2025-08-12 08:07:03,1841.338181818182,923.4618181818182,1409.3963636363637,19.98132353150868,100.0,960.3784773004252,10.0,8.06293773651123,,,,,10.0,15.0,16.0
2025-08-12 08:07:06,1843.2000000000003,923.4618181818182,1409.3963636363637,19.940131032984937,100.0,960.4239111279068,10.0,8.074699401855469,,,,,10.0,15.0,16.0
2025-08-12 08:07:09,1843.2000000000003,925.3236363636365,1411.2581818181818,19.965876342379488,100.0,960.3818960116893,10.0,8.068254470825195,,,,,10.0,14.0,14.0
2025-08-12 08:07:12,1843.2000000000003,927.1854545454546,1413.1200000000001,20.007068852544762,100.0,960.3364535297425,10.0,8.061269760131836,,,,,10.0,13.0,13.0
2025-08-12 08:07:15,1841.338181818182,921.6000000000001,1409.3963636363637,20.032814180856803,100.0,960.4033986382416,10.0,8.066717147827148,,,,,10.0,14.0,14.0
2025-08-12 08:07:18,1843.2000000000003,923.4618181818182,1407.5345454545454,20.043112314218888,100.0,960.364791471914,10.0,8.071097373962402,,,,,10.0,13.0,13.0
2025-08-12 08:07:21,1845.0618181818181,923.4618181818182,1409.3963636363637,20.07400672129006,100.0,960.3851874510249,10.0,8.080358505249023,,,,,10.0,13.0,13.0
2025-08-12 08:07:24,1843.2000000000003,923.4618181818182,1409.3963636363637,20.104901138838613,100.0,960.3510880665382,10.0,8.068964004516602,,,,,10.0,13.0,13.0
2025-08-12 08:07:27,1845.0618181818181,923.4618181818182,1411.2581818181818,20.135795566864545,100.0,960.4259741845236,10.0,8.078285217285156,,,,,10.0,13.0,13.0
2025-08-12 08:07:30,1843.2000000000003,925.3236363636365,1409.3963636363637,20.09460299849161,100.0,960.3624553071163,10.0,8.06381607055664,,,,,10.0,13.0,13.0
2025-08-12 08:07:33,1845.0618181818181,921.6000000000001,1407.5345454545454,20.06885765271727,100.0,960.3772473638537,10.0,8.08604621887207,,,,,10.0,13.0,13.0
2025-08-12 08:07:36,1845.0618181818181,925.3236363636365,1411.2581818181818,20.06885765271727,100.0,960.404492640916,10.0,8.07503604888916,,,,,10.0,13.0,13.0
2025-08-12 08:07:39,1845.0618181818181,925.3236363636365,1409.3963636363637,20.07400672129006,100.0,960.3851874510249,10.0,8.074835777282715,,,,,9.0,12.0,12.0
2025-08-12 08:07:42,1841.338181818182,921.6000000000001,1407.5345454545454,20.053410448745126,100.0,960.3534272604716,10.0,8.065950393676758,,,,,9.0,13.0,13.0
2025-08-12 08:07:45,1846.9236363636364,925.3236363636365,1409.3963636363637,19.98132353150868,100.0,960.4057188323818,10.0,8.088336944580078,,,,,10.0,13.0,13.0
2025-08-12 08:07:48,1846.9236363636364,925.3236363636365,1411.2581818181818,20.022516048658872,100.0,960.3875175578713,10.0,8.086906433105469,,,,,10.0,13.0,13.0
2025-08-12 08:07:51,1846.9236363636364,923.4618181818182,1411.2581818181818,20.032814180856803,100.0,960.4033986382416,10.0,8.092087745666504,,,,,10.0,14.0,14.0
2025-08-12 08:07:54,1846.9236363636364,925.3236363636365,1409.3963636363637,20.017366982996464,100.0,960.3523340004682,10.0,8.087043762207031,,,,,8.0,12.0,12.0
2025-08-12 08:07:57,1845.0618181818181,919.7381818181818,1407.5345454545454,19.98132353150868,100.0,960.3512357868134,10.0,8.09453296661377,,,,,9.0,13.0,14.0
2025-08-12 08:08:00,1848.7854545454547,921.6000000000001,1413.1200000000001,20.012217917625094,100.0,960.4533651863308,10.0,8.108654975891113,,,,,8.0,12.0,13.0
2025-08-12 08:08:03,1848.7854545454547,923.4618181818182,1411.2581818181818,20.032814180856803,100.0,960.3761549043733,10.0,8.102352142333984,,,,,9.0,13.0,14.0
2025-08-12 08:08:06,1848.7854545454547,929.0472727272728,1413.1200000000001,20.022516048658872,100.0,960.4420041778633,10.0,8.086227416992188,,,,,9.0,13.0,14.0
2025-08-12 08:08:09,1850.647272727273,929.0472727272728,1413.1200000000001,19.955578217748553,100.0,960.3660142632232,10.0,8.098735809326172,,,,,8.0,12.0,13.0
2025-08-12 08:08:12,1854.3709090909092,929.0472727272728,1411.2581818181818,19.904087612056173,100.0,960.3955598753773,10.0,8.121121406555176,,,,,7.0,12.0,13.0
2025-08-12 08:08:15,1850.647272727273,925.3236363636365,1411.2581818181818,19.991621659049997,100.0,960.4488428465038,10.0,8.108624458312988,,,,,7.0,12.0,13.0
2025-08-12 08:08:18,1854.3709090909092,927.1854545454546,1413.1200000000001,20.00191978775547,100.0,960.3557557136435,10.0,8.123238563537598,,,,,7.0,11.0,12.0
2025-08-12 08:08:21,1852.509090909091,923.4618181818182,1409.3963636363637,19.971025405131513,100.0,960.3625958449514,10.0,8.125048637390137,,,,,7.0,12.0,13.0
2025-08-12 08:08:24,1854.3709090909092,925.3236363636365,1411.2581818181818,19.996770723257214,100.0,960.3750574908852,10.0,8.128959655761719,,,,,8.0,13.0,13.0
2025-08-12 08:08:27,1852.509090909091,925.3236363636365,1413.1200000000001,20.012217917625094,100.0,960.2899081447907,10.0,8.118035316467285,,,,,10.0,14.0,14.0
2025-08-12 08:08:30,1854.3709090909092,927.1854545454546,1411.2581818181818,20.012217917625094,100.0,960.3716365829995,10.0,8.12290096282959,,,,,9.0,14.0,14.0
2025-08-12 08:08:33,1852.509090909091,927.1854545454546,1409.3963636363637,19.98647259513382,100.0,960.3591763284479,10.0,8.113481521606445,,,,,10.0,14.0,14.0
2025-08-12 08:08:36,1856.2327272727275,929.0472727272728,1411.2581818181818,20.037963247392327,100.0,960.3840952584175,10.0,8.126813888549805,,,,,10.0,13.0,13.0
2025-08-12 08:08:39,1854.3709090909092,925.3236363636365,1409.3963636363637,20.07400672129006,100.0,960.3579419666124,10.0,8.1262845993042,,,,,10.0,13.0,13.0
2025-08-12 08:08:42,1856.2327272727275,927.1854545454546,1413.1200000000001,20.08430485930876,100.0,960.3465758511406,10.0,8.130699157714844,,,,,10.0,13.0,13.0
2025-08-12 08:08:45,1854.3709090909092,927.1854545454546,1411.2581818181818,20.11519928034977,100.0,960.3669672818245,10.0,8.119364738464355,,,,,10.0,11.0,11.0
2025-08-12 08:08:48,1852.509090909091,923.4618181818182,1411.2581818181818,20.14609371186816,100.0,960.3873569703927,10.0,8.119068145751953,,,,,9.0,11.0,11.0
2025-08-12 08:08:51,1854.3709090909092,925.3236363636365,1413.1200000000001,20.099752068519592,100.0,960.3976416691881,10.0,8.125443458557129,,,,,9.0,10.0,10.0
2025-08-12 08:08:54,1852.509090909091,925.3236363636365,1411.2581818181818,20.11519928034977,100.0,960.3942145351532,10.0,8.114618301391602,,,,,9.0,11.0,11.0
2025-08-12 08:08:57,1856.2327272727275,927.1854545454546,1413.1200000000001,20.104901138838613,100.0,960.405581688733,10.0,8.130057334899902,,,,,9.0,11.0,12.0
2025-08-12 08:09:00,1856.2327272727275,927.1854545454546,1409.3963636363637,20.12549742302508,100.0,960.3828466024418,10.0,8.129323959350586,,,,,9.0,11.0,12.0
2025-08-12 08:09:03,1856.2327272727275,932.7709090909091,1413.1200000000001,20.171839079470374,100.0,960.4543048482338,10.0,8.11126708984375,,,,,10.0,12.0,13.0
2025-08-12 08:09:06,1854.3709090909092,929.0472727272728,1413.1200000000001,20.171839079470374,100.0,960.4270551304828,10.0,8.111969947814941,,,,,9.0,11.0,12.0
2025-08-12 08:09:09,1856.2327272727275,929.0472727272728,1411.2581818181818,20.166690005367855,100.0,960.4463649378804,10.0,8.122464179992676,,,,,10.0,12.0,13.0
2025-08-12 08:09:12,1856.2327272727275,925.3236363636365,1409.3963636363637,20.15639185803593,100.0,960.4032361554854,10.0,8.133807182312012,,,,,9.0,13.0,14.0
2025-08-12 08:09:15,1859.9563636363637,930.909090909091,1411.2581818181818,20.161540931556374,100.0,960.4111757875056,10.0,8.137674331665039,,,,,8.0,12.0,14.0
2025-08-12 08:09:18,1858.0945454545456,930.909090909091,1409.3963636363637,20.08430485930876,100.0,960.3465758511406,10.0,8.129961013793945,,,,,9.0,15.0,16.0
2025-08-12 08:09:21,1859.9563636363637,932.7709090909091,1411.2581818181818,20.007068852544762,100.0,960.3909387588656,10.0,8.137441635131836,,,,,9.0,14.0,15.0
2025-08-12 08:09:24,1859.9563636363637,934.6327272727274,1414.9818181818182,20.007068852544762,100.0,960.3909387588656,10.0,8.131918907165527,,,,,8.0,15.0,15.0
2025-08-12 08:09:27,1858.0945454545456,932.7709090909091,1409.3963636363637,20.00191978775547,100.0,960.3829981116836,10.0,8.127307891845703,,,,,8.0,16.0,16.0
2025-08-12 08:09:30,1859.9563636363637,932.7709090909091,1413.1200000000001,19.996770723257214,100.0,960.4022996815772,10.0,8.137805938720703,,,,,8.0,17.0,17.0
2025-08-12 08:09:33,1859.9563636363637,932.7709090909091,1413.1200000000001,20.099752068519592,100.0,960.4248882821105,10.0,8.134295463562012,,,,,9.0,17.0,17.0
2025-08-12 08:09:36,1859.9563636363637,930.909090909091,1411.2581818181818,20.166690005367855,100.0,960.3646165168226,10.0,8.137444496154785,,,,,9.0,17.0,17.0
2025-08-12 08:09:39,1859.9563636363637,930.909090909091,1414.9818181818182,20.21818075948977,100.0,960.3350033664823,10.0,8.13564682006836,,,,,9.0,17.0,17.0
2025-08-12 08:09:42,1859.9563636363637,932.7709090909091,1413.1200000000001,20.171839079470374,100.0,960.318056443039,10.0,8.131699562072754,,,,,10.0,17.0,17.0
2025-08-12 08:09:45,1859.9563636363637,929.0472727272728,1409.3963636363637,20.182137228548527,100.0,960.3884342954206,10.0,8.142461776733398,,,,,10.0,17.0,17.0
2025-08-12 08:09:48,1859.9563636363637,929.0472727272728,1409.3963636363637,20.238777069287607,100.0,960.4212629996681,10.0,8.140551567077637,,,,,10.0,17.0,17.0
2025-08-12 08:09:51,1859.9563636363637,929.0472727272728,1409.3963636363637,20.279969702853123,100.0,960.457522568568,10.0,8.139179229736328,,,,,10.0,16.0,16.0
2025-08-12 08:09:54,1858.0945454545456,929.0472727272728,1413.1200000000001,20.249075225932756,100.0,960.409888314101,10.0,8.129892349243164,,,,,10.0,15.0,15.0
2025-08-12 08:09:57,1858.0945454545456,927.1854545454546,1409.3963636363637,20.18728630352416,100.0,960.3963736075629,10.0,8.137510299682617,,,,,9.0,14.0,14.0
2025-08-12 08:10:00,1859.9563636363637,932.7709090909091,1416.8436363636363,20.14609371186816,100.0,960.3873569703927,10.0,8.132659912109375,,,,,10.0,15.0,15.0
2025-08-12 08:10:03,1859.9563636363637,934.6327272727274,1413.1200000000001,20.089453928754665,100.0,960.3545155659564,10.0,8.129054069519043,,,,,9.0,15.0,16.0
2025-08-12 08:10:06,1861.818181818182,932.7709090909091,1413.1200000000001,20.08430485930876,100.0,960.401067704419,10.0,8.145090103149414,,,,,8.0,13.0,15.0
2025-08-12 08:10:09,1861.818181818182,932.7709090909091,1411.2581818181818,20.043112314218888,100.0,960.3920356388294,10.0,8.146495819091797,,,,,9.0,14.0,16.0
2025-08-12 08:10:12,1861.818181818182,936.4945454545455,1413.1200000000001,20.08430485930876,100.0,960.401067704419,10.0,8.134063720703125,,,,,9.0,14.0,18.0
2025-08-12 08:10:15,1861.818181818182,929.0472727272728,1409.3963636363637,20.12549742302508,100.0,960.41009430718,10.0,8.154726028442383,,,,,9.0,14.0,18.0
2025-08-12 08:10:18,1859.9563636363637,930.909090909091,1411.2581818181818,20.099752068519592,100.0,960.3703950746178,10.0,8.13975715637207,,,,,8.0,12.0,16.0
2025-08-12 08:10:21,1859.9563636363637,934.6327272727274,1413.1200000000001,20.037963247392327,100.0,960.3568513171999,10.0,8.130826950073242,,,,,9.0,12.0,17.0
2025-08-12 08:10:24,1863.68,932.7709090909091,1413.1200000000001,20.022516048658872,100.0,960.4147608586935,10.0,8.157527923583984,,,,,9.0,13.0,17.0
2025-08-12 08:10:27,1861.818181818182,932.7709090909091,1411.2581818181818,19.940131032984937,100.0,960.3966713464484,10.0,8.150042533874512,,,,,8.0,12.0,14.0
2025-08-12 08:10:30,1863.68,932.7709090909091,1413.1200000000001,19.9607272799185,100.0,960.3467144950663,10.0,8.159570693969727,,,,,9.0,12.0,16.0
2025-08-12 08:10:33,1861.818181818182,930.909090909091,1411.2581818181818,19.98132353150868,100.0,960.4329603826839,10.0,8.154178619384766,,,,,9.0,13.0,16.0
2025-08-12 08:10:36,1863.68,930.909090909091,1413.1200000000001,20.012217917625094,100.0,960.3988794324297,10.0,8.16337776184082,,,,,8.0,12.0,15.0
2025-08-12 08:10:39,1859.9563636363637,929.0472727272728,1413.1200000000001,20.043112314218888,100.0,960.3920356388294,10.0,8.147233963012695,,,,,9.0,14.0,17.0
2025-08-12 08:10:42,1859.9563636363637,929.0472727272728,1409.3963636363637,20.110050209448673,100.0,960.3862746886388,10.0,8.144932746887207,,,,,9.0,13.0,16.0
2025-08-12 08:10:45,1859.9563636363637,927.1854545454546,1411.2581818181818,20.11519928034977,100.0,960.3397200468485,10.0,8.15022087097168,,,,,10.0,14.0,16.0
2025-08-12 08:10:48,1861.818181818182,927.1854545454546,1411.2581818181818,20.08430485930876,100.0,960.4555596311019,10.0,8.161704063415527,,,,,9.0,13.0,16.0
2025-08-12 08:10:51,1859.9563636363637,927.1854545454546,1411.2581818181818,20.12549742302508,100.0,960.41009430718,10.0,8.149948120117188,,,,,10.0,14.0,16.0
2025-08-12 08:10:54,1859.9563636363637,927.1854545454546,1411.2581818181818,20.135795566864545,100.0,960.3714778905777,10.0,8.149551391601562,,,,,8.0,12.0,15.0
2025-08-12 08:10:57,1859.9563636363637,929.0472727272728,1413.1200000000001,20.182137228548527,100.0,960.3884342954206,10.0,8.142461776733398,,,,,10.0,13.0,15.0
2025-08-12 08:11:00,1858.0945454545456,929.0472727272728,1414.9818181818182,20.166690005367855,100.0,960.4191154458389,10.0,8.132728576660156,,,,,10.0,14.0,15.0
2025-08-12 08:11:03,1859.9563636363637,927.1854545454546,1411.2581818181818,20.20788260633708,100.0,960.4008798764637,10.0,8.14710807800293,,,,,10.0,13.0,13.0
2025-08-12 08:11:06,1859.9563636363637,927.1854545454546,1411.2581818181818,20.25937338374206,100.0,960.453019756938,10.0,8.14539623260498,,,,,9.0,11.0,11.0
2025-08-12 08:11:09,1858.0945454545456,925.3236363636365,1409.3963636363637,20.2748206226388,100.0,960.4223293386137,10.0,8.140052795410156,,,,,9.0,12.0,12.0
2025-08-12 08:11:12,1856.2327272727275,925.3236363636365,1411.2581818181818,20.22847891380661,100.0,960.4053847786962,10.0,8.131331443786621,,,,,10.0,13.0,13.0
2025-08-12 08:11:15,1858.0945454545456,925.3236363636365,1413.1200000000001,20.21818075948977,100.0,960.4167583385805,10.0,8.141997337341309,,,,,9.0,12.0,12.0
2025-08-12 08:11:18,1858.0945454545456,929.0472727272728,1411.2581818181818,20.213031682767905,100.0,960.4360705627477,10.0,8.131155014038086,,,,,10.0,13.0,13.0
2025-08-12 08:11:21,1856.2327272727275,925.3236363636365,1414.9818181818182,20.192435378790833,100.0,960.3770623804837,10.0,8.132532119750977,,,,,9.0,12.0,12.0
2025-08-12 08:11:24,1856.2327272727275,925.3236363636365,1411.2581818181818,20.182137228548527,100.0,960.3884342954206,10.0,8.132904052734375,,,,,9.0,13.0,14.0
2025-08-12 08:11:27,1856.2327272727275,929.0472727272728,1413.1200000000001,20.20788260633708,100.0,960.4008798764637,10.0,8.120999336242676,,,,,8.0,12.0,14.0
2025-08-12 08:11:30,1854.3709090909092,925.3236363636365,1409.3963636363637,20.15639185803593,100.0,960.4032361554854,10.0,8.123513221740723,,,,,9.0,13.0,15.0
2025-08-12 08:11:33,1854.3709090909092,927.1854545454546,1413.1200000000001,20.17698815386393,100.0,960.3804950095818,10.0,8.11725902557373,,,,,8.0,12.0,14.0
2025-08-12 08:11:36,1854.3709090909092,927.1854545454546,1413.1200000000001,20.197584454348544,100.0,960.4667539482886,10.0,8.116646766662598,,,,,9.0,12.0,15.0
2025-08-12 08:11:39,1854.3709090909092,927.1854545454546,1409.3963636363637,20.18728630352416,100.0,960.3963736075629,10.0,8.116927146911621,,,,,9.0,13.0,15.0
2025-08-12 08:11:42,1854.3709090909092,927.1854545454546,1409.3963636363637,20.213031682767905,100.0,960.3815676443653,10.0,8.116021156311035,,,,,8.0,11.0,14.0
2025-08-12 08:11:45,1852.509090909091,929.0472727272728,1411.2581818181818,20.192435378790833,100.0,960.4043129460063,10.0,8.100945472717285,,,,,8.0,11.0,13.0
2025-08-12 08:11:48,1856.2327272727275,927.1854545454546,1409.3963636363637,20.17698815386393,100.0,960.4349948414351,10.0,8.12761402130127,,,,,8.0,11.0,14.0
2025-08-12 08:11:51,1856.2327272727275,929.0472727272728,1411.2581818181818,20.15639185803593,100.0,960.4304851961098,10.0,8.122800827026367,,,,,8.0,12.0,14.0
2025-08-12 08:11:54,1859.9563636363637,934.6327272727274,1414.9818181818182,20.135795566864545,100.0,960.3987260283736,10.0,8.127511024475098,,,,,8.0,12.0,14.0
2025-08-12 08:11:57,1858.0945454545456,934.6327272727274,1414.9818181818182,20.182137228548527,100.0,960.4429345786941,10.0,8.115671157836914,,,,,9.0,13.0,14.0
2025-08-12 08:12:00,1859.9563636363637,932.7709090909091,1414.9818181818182,20.2748206226388,100.0,960.4768376007327,10.0,8.128347396850586,,,,,9.0,13.0,14.0
2025-08-12 08:12:03,1859.9563636363637,934.6327272727274,1413.1200000000001,20.279969702853123,100.0,960.4030138917362,10.0,8.122570991516113,,,,,10.0,14.0,14.0
2025-08-12 08:12:06,1859.9563636363637,930.909090909091,1411.2581818181818,20.341758688125992,100.0,960.4437657983577,10.0,8.131526947021484,,,,,9.0,13.0,14.0
2025-08-12 08:12:09,1858.0945454545456,936.4945454545455,1413.1200000000001,20.3005660266208,100.0,960.4347687808681,10.0,8.10608196258545,,,,,9.0,13.0,16.0
2025-08-12 08:12:12,1858.0945454545456,934.6327272727274,1411.2581818181818,20.362355025863508,100.0,960.3937465393357,10.0,8.1094388961792,,,,,10.0,14.0,17.0
2025-08-12 08:12:15,1861.818181818182,936.4945454545455,1413.1200000000001,20.42414406701573,100.0,960.3799619118705,10.0,8.122366905212402,,,,,9.0,13.0,16.0
2025-08-12 08:12:18,1859.9563636363637,934.6327272727274,1413.1200000000001,20.460187693708576,100.0,960.4082621158419,10.0,8.1163911819458,,,,,10.0,13.0,15.0
2025-08-12 08:12:21,1859.9563636363637,934.6327272727274,1409.3963636363637,20.43959133385215,100.0,960.4582964887917,10.0,8.117143630981445,,,,,10.0,13.0,16.0
2025-08-12 08:12:24,1859.9563636363637,934.6327272727274,1414.9818181818182,20.39324954120093,100.0,960.4141155924309,10.0,8.118688583374023,,,,,10.0,14.0,16.0
2025-08-12 08:12:27,1861.818181818182,934.6327272727274,1411.2581818181818,20.388100454583764,100.0,960.4334366721762,10.0,8.129180908203125,,,,,9.0,13.0,15.0
2025-08-12 08:12:30,1859.9563636363637,934.6327272727274,1413.1200000000001,20.367504111025482,100.0,960.4016845134666,10.0,8.119561195373535,,,,,9.0,14.0,16.0
2025-08-12 08:12:33,1859.9563636363637,936.4945454545455,1414.9818181818182,20.362355025863508,100.0,960.3937465393357,10.0,8.114212989807129,,,,,9.0,13.0,13.0
2025-08-12 08:12:36,1861.818181818182,934.6327272727274,1413.1200000000001,20.310864190250868,100.0,960.4506463829499,10.0,8.131856918334961,,,,,10.0,13.0,13.0
2025-08-12 08:12:39,1863.68,932.7709090909091,1413.1200000000001,20.243926147464663,100.0,960.3746965960584,10.0,8.149879455566406,,,,,10.0,13.0,14.0
2025-08-12 08:12:42,1863.68,936.4945454545455,1413.1200000000001,20.269671542715514,100.0,960.3871366047205,10.0,8.137977600097656,,,,,10.0,13.0,14.0
2025-08-12 08:12:45,1863.68,932.7709090909091,1411.2581818181818,20.3005660266208,100.0,960.3802583717319,10.0,8.147941589355469,,,,,10.0,15.0,16.0
2025-08-12 08:12:48,1863.68,934.6327272727274,1413.1200000000001,20.243926147464663,100.0,960.4019493636356,10.0,8.14439582824707,,,,,10.0,14.0,16.0
2025-08-12 08:12:51,1865.5418181818181,938.3563636363637,1414.9818181818182,20.182137228548527,100.0,960.4156844278789,10.0,8.145791053771973,,,,,10.0,14.0,15.0
2025-08-12 08:12:54,1865.5418181818181,938.3563636363637,1413.1200000000001,20.135795566864545,100.0,960.3714778905777,10.0,8.147333145141602,,,,,11.0,15.0,16.0
2025-08-12 08:12:57,1867.4036363636365,940.2181818181818,1414.9818181818182,20.09460299849161,100.0,960.3897016759838,10.0,8.153548240661621,,,,,11.0,15.0,16.0
2025-08-12 08:13:00,1867.4036363636365,940.2181818181818,1413.1200000000001,20.032814180856803,100.0,960.4033986382416,10.0,8.155680656433105,,,,,11.0,15.0,16.0
2025-08-12 08:13:03,1869.2654545454548,942.08,1414.9818181818182,20.022516048658872,100.0,960.3330310112693,10.0,8.160730361938477,,,,,11.0,16.0,17.0
2025-08-12 08:13:06,1869.2654545454548,940.2181818181818,1414.9818181818182,20.007068852544762,100.0,960.3909387588656,10.0,8.166844367980957,,,,,11.0,15.0,15.0
2025-08-12 08:13:09,1871.1272727272728,943.9418181818181,1416.8436363636363,19.996770723257214,100.0,960.3750574908852,10.0,8.16644287109375,,,,,11.0,16.0,16.0
2025-08-12 08:13:12,1869.2654545454548,943.9418181818181,1418.7054545454546,19.991621659049997,100.0,960.3671168964725,10.0,8.156314849853516,,,,,11.0,15.0,16.0
2025-08-12 08:13:15,1871.1272727272728,942.08,1416.8436363636363,19.98132353150868,100.0,960.4329603826839,10.0,8.172550201416016,,,,,10.0,14.0,16.0
2025-08-12 08:13:18,1871.1272727272728,942.08,1413.1200000000001,19.914385730866343,100.0,960.4386815907789,10.0,8.174860000610352,,,,,11.0,15.0,17.0
2025-08-12 08:13:21,1871.1272727272728,947.6654545454545,1418.7054545454546,19.81655364917242,100.0,960.3422616869117,10.0,8.1615571975708,,,,,11.0,15.0,17.0
2025-08-12 08:13:24,1872.989090909091,945.8036363636364,1414.9818181818182,19.74961596960202,100.0,960.3479478454861,10.0,8.17967414855957,,,,,11.0,14.0,16.0
2025-08-12 08:13:27,1872.989090909091,947.6654545454545,1414.9818181818182,19.78051027713809,100.0,960.3139032153042,10.0,8.17306137084961,,,,,10.0,14.0,16.0
2025-08-12 08:13:30,1876.7127272727273,949.5272727272728,1416.8436363636363,19.790808381978422,100.0,960.3842534884486,10.0,8.187858581542969,,,,,9.0,13.0,16.0
2025-08-12 08:13:33,1874.8509090909092,947.6654545454545,1416.8436363636363,19.806255541421706,100.0,960.4080803832408,10.0,8.182575225830078,,,,,10.0,14.0,17.0
2025-08-12 08:13:36,1874.8509090909092,945.8036363636364,1414.9818181818182,19.852597035467625,100.0,960.3706183141808,10.0,8.186460494995117,,,,,9.0,13.0,16.0
2025-08-12 08:13:39,1876.7127272727273,945.8036363636364,1418.7054545454546,19.893789494410157,100.0,960.3524391867727,10.0,8.195321083068848,,,,,10.0,14.0,15.0
2025-08-12 08:13:42,1874.8509090909092,942.08,1416.8436363636363,19.924683850840665,100.0,960.4000869097422,10.0,8.195049285888672,,,,,12.0,15.0,17.0
2025-08-12 08:13:45,1874.8509090909092,940.2181818181818,1416.8436363636363,19.924683850840665,100.0,960.4273260324758,10.0,8.20059871673584,,,,,11.0,15.0,16.0
2025-08-12 08:13:48,1871.1272727272728,943.9418181818181,1420.567272727273,19.868044205388287,100.0,960.3672067765365,10.0,8.170852661132812,,,,,11.0,15.0,16.0
2025-08-12 08:13:51,1872.989090909091,943.9418181818181,1420.567272727273,19.837149868166307,100.0,960.3467934130064,10.0,8.1821870803833,,,,,10.0,14.0,16.0
2025-08-12 08:13:54,1876.7127272727273,943.9418181818181,1418.7054545454546,19.84744797940948,100.0,960.3626766540028,10.0,8.202442169189453,,,,,12.0,15.0,15.0
2025-08-12 08:13:57,1874.8509090909092,940.2181818181818,1416.8436363636363,19.90923667131574,100.0,960.3490245020147,10.0,8.201045036315918,,,,,11.0,16.0,16.0
2025-08-12 08:14:00,1874.8509090909092,942.08,1418.7054545454546,19.940131032984937,100.0,960.3966713464484,10.0,8.19451904296875,,,,,11.0,16.0,17.0
2025-08-12 08:14:03,1872.989090909091,940.2181818181818,1416.8436363636363,19.90923667131574,100.0,960.4035013750155,10.0,8.190808296203613,,,,,12.0,16.0,17.0
2025-08-12 08:14:06,1874.8509090909092,945.8036363636364,1422.429090909091,19.888640436023707,100.0,960.3989730963049,10.0,8.185253143310547,,,,,11.0,15.0,18.0
2025-08-12 08:14:09,1876.7127272727273,943.9418181818181,1420.567272727273,19.924683850840665,100.0,960.3728478053505,10.0,8.199799537658691,,,,,11.0,15.0,19.0
2025-08-12 08:14:12,1872.989090909091,942.08,1418.7054545454546,19.898938553087646,100.0,960.3876184021664,10.0,8.185629844665527,,,,,11.0,14.0,18.0
2025-08-12 08:14:15,1874.8509090909092,940.2181818181818,1418.7054545454546,19.98647259513382,100.0,960.3591763284479,10.0,8.198402404785156,,,,,11.0,15.0,18.0
2025-08-12 08:14:18,1874.8509090909092,940.2181818181818,1418.7054545454546,19.971025405131513,100.0,960.3898369255232,10.0,8.198970794677734,,,,,10.0,14.0,18.0
2025-08-12 08:14:21,1872.989090909091,938.3563636363637,1414.9818181818182,20.012217917625094,100.0,960.3988794324297,10.0,8.192787170410156,,,,,9.0,13.0,17.0
2025-08-12 08:14:24,1871.1272727272728,938.3563636363637,1420.567272727273,20.02766511461232,100.0,960.3682145766986,10.0,8.181927680969238,,,,,8.0,12.0,16.0
2025-08-12 08:14:27,1871.1272727272728,938.3563636363637,1420.567272727273,19.971025405131513,100.0,960.3898369255232,10.0,8.183897018432617,,,,,9.0,13.0,15.0
2025-08-12 08:14:30,1871.1272727272728,938.3563636363637,1418.7054545454546,20.017366982996464,100.0,960.406820132373,10.0,8.18232536315918,,,,,8.0,11.0,13.0
2025-08-12 08:14:33,1871.1272727272728,934.6327272727274,1416.8436363636363,20.037963247392327,100.0,960.4385831958978,10.0,8.192686080932617,,,,,8.0,12.0,15.0
2025-08-12 08:14:36,1871.1272727272728,934.6327272727274,1416.8436363636363,20.053410448745126,100.0,960.4079164787476,10.0,8.192122459411621,,,,,8.0,12.0,14.0
2025-08-12 08:14:39,1869.2654545454548,934.6327272727274,1416.8436363636363,20.07915579015389,100.0,960.4476190398263,10.0,8.180984497070312,,,,,9.0,13.0,14.0
2025-08-12 08:14:42,1871.1272727272728,936.4945454545455,1420.567272727273,20.089453928754665,100.0,960.4090078706386,10.0,8.1853666305542,,,,,9.0,14.0,15.0
2025-08-12 08:14:45,1871.1272727272728,936.4945454545455,1418.7054545454546,20.11519928034977,100.0,960.3669672818245,10.0,8.184441566467285,,,,,9.0,13.0,15.0
2025-08-12 08:14:48,1871.1272727272728,934.6327272727274,1420.567272727273,20.07400672129006,100.0,960.4396784749011,10.0,8.191447257995605,,,,,9.0,14.0,17.0
2025-08-12 08:14:51,1869.2654545454548,936.4945454545455,1420.567272727273,20.007068852544762,100.0,960.4181814009471,10.0,8.177910804748535,,,,,9.0,14.0,17.0
2025-08-12 08:14:54,1867.4036363636365,932.7709090909091,1418.7054545454546,19.965876342379488,100.0,960.3274143202732,10.0,8.179965019226074,,,,,10.0,15.0,18.0
2025-08-12 08:14:57,1869.2654545454548,934.6327272727274,1418.7054545454546,20.00191978775547,100.0,960.3557557136435,10.0,8.1835355758667,,,,,10.0,15.0,18.0
2025-08-12 08:15:00,1867.4036363636365,932.7709090909091,1418.7054545454546,20.063708584435517,100.0,960.3420622700241,10.0,8.176620483398438,,,,,10.0,15.0,16.0
2025-08-12 08:15:03,1867.4036363636365,936.4945454545455,1420.567272727273,20.135795566864545,100.0,960.3169816700481,10.0,8.163086891174316,,,,,10.0,14.0,15.0
2025-08-12 08:15:06,1865.5418181818181,932.7709090909091,1420.567272727273,20.17698815386393,100.0,960.3804950095818,10.0,8.162481307983398,,,,,10.0,14.0,15.0
2025-08-12 08:15:09,1867.4036363636365,932.7709090909091,1420.567272727273,20.182137228548527,100.0,960.3884342954206,10.0,8.172603607177734,,,,,10.0,14.0,15.0
2025-08-12 08:15:12,1865.5418181818181,930.909090909091,1418.7054545454546,20.18728630352416,100.0,960.3963736075629,10.0,8.167665481567383,,,,,10.0,13.0,13.0
2025-08-12 08:15:15,1867.4036363636365,930.909090909091,1418.7054545454546,20.15639185803593,100.0,960.4032361554854,10.0,8.17902946472168,,,,,9.0,13.0,13.0
2025-08-12 08:15:18,1863.68,932.7709090909091,1416.8436363636363,20.166690005367855,100.0,960.4191154458389,10.0,8.152581214904785,,,,,8.0,12.0,12.0
2025-08-12 08:15:21,1865.5418181818181,930.909090909091,1418.7054545454546,20.12549742302508,100.0,960.3555989160569,10.0,8.169737815856934,,,,,9.0,12.0,12.0
2025-08-12 08:15:24,1863.68,930.909090909091,1418.7054545454546,20.135795566864545,100.0,960.3987260283736,10.0,8.159141540527344,,,,,9.0,15.0,15.0
2025-08-12 08:15:27,1863.68,929.0472727272728,1416.8436363636363,20.11519928034977,100.0,960.3669672818245,10.0,8.165326118469238,,,,,8.0,14.0,14.0
2025-08-12 08:15:30,1865.5418181818181,932.7709090909091,1418.7054545454546,20.07915579015389,100.0,960.3931275645472,10.0,8.165851593017578,,,,,9.0,17.0,18.0
2025-08-12 08:15:33,1863.68,930.909090909091,1418.7054545454546,20.08430485930876,100.0,960.3738217686042,10.0,8.160873413085938,,,,,11.0,20.0,22.0
2025-08-12 08:15:36,1865.5418181818181,929.0472727272728,1418.7054545454546,20.08430485930876,100.0,960.401067704419,10.0,8.176719665527344,,,,,10.0,19.0,21.0
2025-08-12 08:15:39,1863.68,930.909090909091,1418.7054545454546,20.043112314218888,100.0,960.364791471914,10.0,8.162280082702637,,,,,12.0,21.0,23.0
2025-08-12 08:15:42,1865.5418181818181,932.7709090909091,1418.7054545454546,20.089453928754665,100.0,960.4362540505067,10.0,8.165545463562012,,,,,11.0,19.0,19.0
2025-08-12 08:15:45,1865.5418181818181,932.7709090909091,1418.7054545454546,20.09460299849161,100.0,960.3897016759838,10.0,8.16532039642334,,,,,10.0,19.0,19.0
2025-08-12 08:15:48,1867.4036363636365,932.7709090909091,1416.8436363636363,20.135795566864545,100.0,960.3169816700481,10.0,8.174118995666504,,,,,11.0,19.0,19.0
2025-08-12 08:15:51,1865.5418181818181,932.7709090909091,1418.7054545454546,20.14609371186816,100.0,960.3873569703927,10.0,8.163544654846191,,,,,11.0,19.0,19.0
2025-08-12 08:15:54,1867.4036363636365,932.7709090909091,1418.7054545454546,20.14609371186816,100.0,960.3601083995383,10.0,8.173813819885254,,,,,10.0,17.0,17.0
2025-08-12 08:16:00,1867.4036363636365,932.7709090909091,1418.7054545454546,20.18728630352416,100.0,960.3963736075629,10.0,8.172438621520996,,,,,9.0,17.0,17.0
2025-08-12 08:16:06,1867.4036363636365,936.4945454545455,1418.7054545454546,20.140944639220834,100.0,960.4339141626835,10.0,8.16303825378418,,,,,9.0,16.0,16.0
2025-08-12 08:16:09,1869.2654545454548,940.2181818181818,1418.7054545454546,20.09460299849161,100.0,960.3352089566006,10.0,8.163782119750977,,,,,8.0,14.0,14.0
2025-08-12 08:16:12,1871.1272727272728,942.08,1420.567272727273,20.07400672129006,100.0,960.3851874510249,10.0,8.169321060180664,,,,,8.0,14.0,14.0
2025-08-12 08:16:15,1871.1272727272728,943.9418181818181,1418.7054545454546,20.032814180856803,100.0,960.3761549043733,10.0,8.165207862854004,,,,,7.0,13.0,13.0
2025-08-12 08:16:18,1871.1272727272728,943.9418181818181,1418.7054545454546,19.976174468174577,100.0,960.397777865755,10.0,8.167176246643066,,,,,7.0,13.0,14.0
2025-08-12 08:16:21,1869.2654545454548,945.8036363636364,1418.7054545454546,20.012217917625094,100.0,960.4261223002068,10.0,8.150160789489746,,,,,9.0,14.0,15.0
2025-08-12 08:16:24,1872.989090909091,943.9418181818181,1418.7054545454546,19.996770723257214,100.0,960.3750574908852,10.0,8.176739692687988,,,,,9.0,14.0,15.0
2025-08-12 08:16:27,1874.8509090909092,949.5272727272728,1422.429090909091,19.950429155869642,100.0,960.3580734285954,10.0,8.1720609664917,,,,,8.0,13.0,14.0
2025-08-12 08:16:30,1874.8509090909092,943.9418181818181,1420.567272727273,19.98132353150868,100.0,960.4057188323818,10.0,8.18759822845459,,,,,9.0,12.0,13.0
2025-08-12 08:16:33,1872.989090909091,943.9418181818181,1420.567272727273,20.007068852544762,100.0,960.3909387588656,10.0,8.176403045654297,,,,,9.0,12.0,13.0
2025-08-12 08:16:36,1872.989090909091,943.9418181818181,1418.7054545454546,20.063708584435517,100.0,960.3965523543983,10.0,8.17446517944336,,,,,10.0,13.0,14.0
2025-08-12 08:16:39,1874.8509090909092,943.9418181818181,1418.7054545454546,20.06885765271727,100.0,960.3772473638537,10.0,8.184560775756836,,,,,11.0,14.0,15.0
2025-08-12 08:16:42,1874.8509090909092,943.9418181818181,1418.7054545454546,20.037963247392327,100.0,960.3296073943308,10.0,8.185568809509277,,,,,11.0,13.0,14.0
2025-08-12 08:16:45,1874.8509090909092,943.9418181818181,1420.567272727273,19.991621659049997,100.0,960.3671168964725,10.0,8.187204360961914,,,,,11.0,14.0,14.0
2025-08-12 08:16:48,1874.8509090909092,943.9418181818181,1420.567272727273,20.007068852544762,100.0,960.3364535297425,10.0,8.186639785766602,,,,,11.0,14.0,14.0
2025-08-12 08:16:51,1876.7127272727273,943.9418181818181,1420.567272727273,20.007068852544762,100.0,960.3909387588656,10.0,8.196993827819824,,,,,11.0,14.0,14.0
2025-08-12 08:16:54,1876.7127272727273,940.2181818181818,1418.7054545454546,20.07400672129006,100.0,960.4124329537877,10.0,8.2057523727417,,,,,11.0,14.0,14.0
2025-08-12 08:16:57,1876.7127272727273,940.2181818181818,1422.429090909091,20.099752068519592,100.0,960.3703950746178,10.0,8.204822540283203,,,,,11.0,15.0,15.0
2025-08-12 08:17:00,1874.8509090909092,936.4945454545455,1418.7054545454546,20.120348351541907,100.0,960.3749069289678,10.0,8.204863548278809,,,,,11.0,15.0,15.0
2025-08-12 08:17:03,1874.8509090909092,936.4945454545455,1420.567272727273,20.15639185803593,100.0,960.3759871332161,10.0,8.203629493713379,,,,,10.0,15.0,15.0
2025-08-12 08:17:06,1874.8509090909092,936.4945454545455,1422.429090909091,20.17698815386393,100.0,960.3804950095818,10.0,8.202922821044922,,,,,11.0,15.0,15.0
2025-08-12 08:17:09,1874.8509090909092,932.7709090909091,1420.567272727273,20.110050209448673,100.0,960.3862746886388,10.0,8.216257095336914,,,,,10.0,15.0,15.0
2025-08-12 08:17:12,1874.8509090909092,938.3563636363637,1420.567272727273,20.053410448745126,100.0,960.3534272604716,10.0,8.201619148254395,,,,,10.0,14.0,14.0
2025-08-12 08:17:15,1876.7127272727273,940.2181818181818,1420.567272727273,20.00191978775547,100.0,960.41024052807,10.0,8.208226203918457,,,,,10.0,14.0,14.0
2025-08-12 08:17:18,1876.7127272727273,942.08,1420.567272727273,19.90923667131574,100.0,960.3762629293445,10.0,8.205850601196289,,,,,8.0,12.0,12.0
2025-08-12 08:17:21,1874.8509090909092,942.08,1420.567272727273,19.826851758087287,100.0,960.4398499468899,10.0,8.198454856872559,,,,,9.0,13.0,13.0
2025-08-12 08:17:24,1876.7127272727273,947.6654545454545,1424.290909090909,19.78051027713809,100.0,960.3139032153042,10.0,8.193647384643555,,,,,9.0,12.0,12.0
2025-08-12 08:17:27,1878.5745454545456,945.8036363636364,1420.567272727273,19.78051027713809,100.0,960.3139032153042,10.0,8.209467887878418,,,,,8.0,12.0,12.0
2025-08-12 08:17:30,1876.7127272727273,945.8036363636364,1418.7054545454546,19.75991407094989,100.0,960.3638324431337,10.0,8.199930191040039,,,,,8.0,12.0,12.0
2025-08-12 08:17:33,1878.5745454545456,945.8036363636364,1418.7054545454546,19.754765020130435,100.0,960.3286583274327,10.0,8.210360527038574,,,,,8.0,13.0,13.0
2025-08-12 08:17:36,1878.5745454545456,947.6654545454545,1422.429090909091,19.770212173461914,100.0,960.3797171467471,10.0,8.204365730285645,,,,,8.0,12.0,12.0
2025-08-12 08:17:39,1876.7127272727273,945.8036363636364,1422.429090909091,19.775361225154484,100.0,960.3604268319592,10.0,8.199396133422852,,,,,8.0,12.0,12.0
2025-08-12 08:17:42,1878.5745454545456,947.6654545454545,1424.290909090909,19.795957434835145,100.0,960.3921957602374,10.0,8.203507423400879,,,,,9.0,13.0,13.0
2025-08-12 08:17:45,1878.5745454545456,947.6654545454545,1422.429090909091,19.790808381978422,100.0,960.3842534884486,10.0,8.203664779663086,,,,,8.0,12.0,12.0
2025-08-12 08:17:48,1878.5745454545456,947.6654545454545,1422.429090909091,19.811404595151544,100.0,960.3343199862672,10.0,8.202908515930176,,,,,9.0,14.0,14.0
2025-08-12 08:17:51,1876.7127272727273,943.9418181818181,1418.7054545454546,19.790808381978422,100.0,960.3297867767427,10.0,8.204353332519531,,,,,10.0,14.0,14.0
2025-08-12 08:17:54,1878.5745454545456,945.8036363636364,1422.429090909091,19.862895148457028,100.0,960.3865017138851,10.0,8.206713676452637,,,,,9.0,13.0,13.0
2025-08-12 08:17:57,1878.5745454545456,943.9418181818181,1418.7054545454546,19.857746091816807,100.0,960.4057962446528,10.0,8.212424278259277,,,,,10.0,14.0,14.0
2025-08-12 08:18:00,1880.4363636363637,945.8036363636364,1424.290909090909,19.898938553087646,100.0,960.3876184021664,10.0,8.215773582458496,,,,,10.0,15.0,15.0
2025-08-12 08:18:03,1878.5745454545456,943.9418181818181,1422.429090909091,19.888640436023707,100.0,960.3989730963049,10.0,8.211356163024902,,,,,11.0,17.0,17.0
2025-08-12 08:18:06,1876.7127272727273,938.3563636363637,1422.429090909091,19.873193262610584,100.0,960.3751483168189,10.0,8.218122482299805,,,,,11.0,17.0,18.0
2025-08-12 08:18:09,1876.7127272727273,936.4945454545455,1420.567272727273,19.888640436023707,100.0,960.3717355350368,10.0,8.223102569580078,,,,,11.0,17.0,19.0
2025-08-12 08:18:12,1874.8509090909092,934.6327272727274,1420.567272727273,19.857746091816807,100.0,960.3785600008091,10.0,8.219395637512207,,,,,12.0,17.0,19.0
2025-08-12 08:18:15,1876.7127272727273,932.7709090909091,1424.290909090909,19.826851758087287,100.0,960.3581451675954,10.0,8.236244201660156,,,,,11.0,17.0,19.0
2025-08-12 08:18:18,1872.989090909091,932.7709090909091,1424.290909090909,19.734168819763,100.0,960.3513520670122,10.0,8.218829154968262,,,,,10.0,17.0,19.0
2025-08-12 08:18:21,1876.7127272727273,934.6327272727274,1420.567272727273,19.713572624052176,100.0,960.2923525884491,10.0,8.234540939331055,,,,,9.0,18.0,20.0
2025-08-12 08:18:24,1876.7127272727273,936.4945454545455,1424.290909090909,19.734168819763,100.0,960.3513520670122,10.0,8.228381156921387,,,,,9.0,19.0,19.0
2025-08-12 08:18:27,1872.989090909091,936.4945454545455,1420.567272727273,19.754765020130435,100.0,960.3014265421344,10.0,8.207033157348633,,,,,9.0,18.0,18.0
2025-08-12 08:18:30,1876.7127272727273,938.3563636363637,1422.429090909091,19.7393178694183,100.0,960.3592944987666,10.0,8.222699165344238,,,,,9.0,17.0,17.0
2025-08-12 08:18:33,1874.8509090909092,938.3563636363637,1422.429090909091,19.837149868166307,100.0,960.3740287541248,10.0,8.209059715270996,,,,,9.0,16.0,16.0
2025-08-12 08:18:36,1874.8509090909092,938.3563636363637,1422.429090909091,19.862895148457028,100.0,960.3865017138851,10.0,8.2081937789917,,,,,10.0,16.0,16.0
2025-08-12 08:18:39,1874.8509090909092,938.3563636363637,1420.567272727273,19.806255541421706,100.0,960.3536123174724,10.0,8.210100173950195,,,,,10.0,17.0,17.0
2025-08-12 08:18:42,1876.7127272727273,940.2181818181818,1422.429090909091,19.862895148457028,100.0,960.359265262697,10.0,8.212942123413086,,,,,9.0,15.0,15.0
2025-08-12 08:18:45,1874.8509090909092,943.9418181818181,1422.429090909091,19.868044205388287,100.0,960.3399701180043,10.0,8.19140911102295,,,,,11.0,16.0,16.0
2025-08-12 08:18:48,1876.7127272727273,936.4945454545455,1420.567272727273,19.950429155869642,100.0,960.439794072081,10.0,8.22105884552002,,,,,11.0,15.0,15.0
2025-08-12 08:18:51,1874.8509090909092,938.3563636363637,1420.567272727273,19.9607272799185,100.0,960.3739551242554,10.0,8.204822540283203,,,,,11.0,15.0,15.0
2025-08-12 08:18:54,1872.989090909091,938.3563636363637,1422.429090909091,19.991621659049997,100.0,960.4216008448143,10.0,8.193517684936523,,,,,11.0,15.0,15.0
2025-08-12 08:18:57,1872.989090909091,936.4945454545455,1422.429090909091,19.94528009428177,100.0,960.4046125796409,10.0,8.200606346130371,,,,,11.0,15.0,15.0
2025-08-12 08:19:00,1871.1272727272728,930.909090909091,1420.567272727273,19.950429155869642,100.0,960.3580734285954,10.0,8.206635475158691,,,,,11.0,15.0,15.0
2025-08-12 08:19:03,1872.989090909091,936.4945454545455,1424.290909090909,19.940131032984937,100.0,960.369431583333,10.0,8.200746536254883,,,,,10.0,16.0,16.0
2025-08-12 08:19:06,1872.989090909091,940.2181818181818,1422.429090909091,19.873193262610584,100.0,960.3479114326034,10.0,8.191986083984375,,,,,11.0,16.0,17.0
2025-08-12 08:19:09,1872.989090909091,942.08,1422.429090909091,19.785659329412738,100.0,960.3490781037938,10.0,8.18947696685791,,,,,10.0,15.0,16.0
2025-08-12 08:19:12,1871.1272727272728,940.2181818181818,1420.567272727273,19.806255541421706,100.0,960.3536123174724,10.0,8.183993339538574,,,,,10.0,15.0,16.0
2025-08-12 08:19:15,1872.989090909091,940.2181818181818,1420.567272727273,19.955578217748553,100.0,960.3660142632232,10.0,8.18917465209961,,,,,10.0,16.0,17.0
2025-08-12 08:19:18,1871.1272727272728,932.7709090909091,1420.567272727273,19.929832911264384,100.0,960.3807889593012,10.0,8.201848983764648,,,,,10.0,16.0,17.0
2025-08-12 08:19:21,1871.1272727272728,934.6327272727274,1420.567272727273,19.971025405131513,100.0,960.3625958449514,10.0,8.19489860534668,,,,,10.0,16.0,17.0
2025-08-12 08:19:24,1871.1272727272728,936.4945454545455,1422.429090909091,20.037963247392327,100.0,960.4113392179835,10.0,8.187135696411133,,,,,10.0,16.0,17.0
2025-08-12 08:19:27,1869.2654545454548,932.7709090909091,1420.567272727273,20.110050209448673,100.0,960.4407687989459,10.0,8.18543815612793,,,,,11.0,15.0,16.0
2025-08-12 08:19:30,1865.5418181818181,929.0472727272728,1418.7054545454546,20.166690005367855,100.0,960.4191154458389,10.0,8.173914909362793,,,,,10.0,15.0,16.0
2025-08-12 08:19:33,1867.4036363636365,930.909090909091,1420.567272727273,20.17698815386393,100.0,960.3804950095818,10.0,8.178292274475098,,,,,10.0,14.0,14.0
2025-08-12 08:19:36,1865.5418181818181,929.0472727272728,1418.7054545454546,20.21818075948977,100.0,960.3895066628555,10.0,8.172109603881836,,,,,10.0,15.0,15.0
2025-08-12 08:19:39,1863.68,930.909090909091,1420.567272727273,20.238777069287607,100.0,960.4212629996681,10.0,8.155622482299805,,,,,10.0,15.0,15.0
2025-08-12 08:19:42,1863.68,929.0472727272728,1420.567272727273,20.22332983650267,100.0,960.370193824554,10.0,8.161619186401367,,,,,10.0,14.0,14.0
2025-08-12 08:19:45,1861.818181818182,927.1854545454546,1418.7054545454546,20.20788260633708,100.0,960.4008798764637,10.0,8.157398223876953,,,,,10.0,14.0,14.0
2025-08-12 08:19:48,1863.68,925.3236363636365,1416.8436363636363,20.290267864154885,100.0,960.3643817775338,10.0,8.170345306396484,,,,,9.0,13.0,13.0
2025-08-12 08:19:51,1861.818181818182,925.3236363636365,1416.8436363636363,20.249075225932756,100.0,960.3826353208082,10.0,8.161486625671387,,,,,9.0,13.0,13.0
2025-08-12 08:19:54,1859.9563636363637,925.3236363636365,1418.7054545454546,20.22847891380661,100.0,960.4053847786962,10.0,8.1519193649292,,,,,9.0,13.0,13.0
2025-08-12 08:19:57,1859.9563636363637,923.4618181818182,1416.8436363636363,20.18728630352416,100.0,960.3963736075629,10.0,8.158843994140625,,,,,10.0,14.0,14.0
2025-08-12 08:20:00,1858.0945454545456,925.3236363636365,1420.567272727273,20.171839079470374,100.0,960.3725557500486,10.0,8.143531799316406,,,,,11.0,16.0,16.0
2025-08-12 08:20:03,1858.0945454545456,925.3236363636365,1416.8436363636363,20.22332983650267,100.0,960.370193824554,10.0,8.141766548156738,,,,,11.0,15.0,15.0
2025-08-12 08:20:06,1856.2327272727275,921.6000000000001,1416.8436363636363,20.249075225932756,100.0,960.355382345876,10.0,8.141602516174316,,,,,11.0,15.0,16.0
2025-08-12 08:20:09,1854.3709090909092,919.7381818181818,1414.9818181818182,20.2748206226388,100.0,960.3678211499432,10.0,8.135955810546875,,,,,10.0,15.0,15.0
2025-08-12 08:20:12,1854.3709090909092,919.7381818181818,1418.7054545454546,20.22332983650267,100.0,960.3429419598338,10.0,8.137691497802734,,,,,11.0,16.0,17.0
2025-08-12 08:20:15,1854.3709090909092,917.8763636363637,1414.9818181818182,20.171839079470374,100.0,960.3725557500486,10.0,8.145013809204102,,,,,11.0,16.0,17.0
2025-08-12 08:20:18,1852.509090909091,919.7381818181818,1418.7054545454546,20.20788260633708,100.0,960.4281311191214,10.0,8.128023147583008,,,,,12.0,16.0,17.0
2025-08-12 08:20:21,1852.509090909091,923.4618181818182,1420.567272727273,20.18728630352416,100.0,960.369123267751,10.0,8.117631912231445,,,,,12.0,16.0,17.0
2025-08-12 08:20:24,1852.509090909091,916.0145454545454,1414.9818181818182,20.21818075948977,100.0,960.3895066628555,10.0,8.138668060302734,,,,,11.0,16.0,17.0
2025-08-12 08:20:27,1850.647272727273,916.0145454545454,1416.8436363636363,20.285118783358485,100.0,960.3564435198153,10.0,8.126029014587402,,,,,11.0,17.0,17.0
2025-08-12 08:20:30,1850.647272727273,914.1527272727274,1416.8436363636363,20.377802282222547,100.0,960.4448190665321,10.0,8.128469467163086,,,,,11.0,17.0,18.0
2025-08-12 08:20:33,1846.9236363636364,910.429090909091,1413.1200000000001,20.413845890579978,100.0,960.3640872190342,10.0,8.117585182189941,,,,,11.0,18.0,18.0
2025-08-12 08:20:36,1846.9236363636364,910.429090909091,1416.8436363636363,20.455038603307912,100.0,960.3730629968662,10.0,8.116178512573242,,,,,12.0,17.0,17.0
2025-08-12 08:20:39,1845.0618181818181,910.429090909091,1416.8436363636363,20.50138042739127,100.0,960.3627063712066,10.0,8.104287147521973,,,,,12.0,17.0,18.0
2025-08-12 08:20:42,1845.0618181818181,906.7054545454546,1413.1200000000001,20.542573179700412,100.0,960.4262003010002,10.0,8.113971710205078,,,,,11.0,16.0,18.0
2025-08-12 08:20:45,1841.338181818182,906.7054545454546,1413.1200000000001,20.532274989876896,100.0,960.3830615472309,10.0,8.09368896484375,,,,,12.0,18.0,19.0
2025-08-12 08:20:48,1845.0618181818181,908.5672727272728,1411.2581818181818,20.4756349666568,100.0,960.2684982709563,10.0,8.110579490661621,,,,,13.0,19.0,20.0
2025-08-12 08:20:51,1841.338181818182,908.5672727272728,1413.1200000000001,20.491082242224365,100.0,960.3468331503148,10.0,8.089545249938965,,,,,13.0,18.0,19.0
2025-08-12 08:20:54,1843.2000000000003,910.429090909091,1411.2581818181818,20.521976801217534,100.0,960.3126591931925,10.0,8.093225479125977,,,,,13.0,17.0,19.0
2025-08-12 08:20:57,1845.0618181818181,914.1527272727274,1414.9818181818182,20.532274989876896,100.0,960.3830615472309,10.0,8.092211723327637,,,,,13.0,17.0,18.0
2025-08-12 08:21:00,1843.2000000000003,914.1527272727274,1413.1200000000001,20.511678613722324,100.0,960.2967871174656,10.0,8.082523345947266,,,,,11.0,15.0,17.0
2025-08-12 08:21:03,1843.2000000000003,914.1527272727274,1413.1200000000001,20.527125895401696,100.0,960.320595270282,10.0,8.082019805908203,,,,,11.0,15.0,15.0
2025-08-12 08:21:06,1843.2000000000003,910.429090909091,1411.2581818181818,20.547722275048727,100.0,960.3523398400935,10.0,8.092385292053223,,,,,11.0,16.0,17.0
2025-08-12 08:21:09,1843.2000000000003,912.2909090909092,1414.9818181818182,20.578616853250423,100.0,960.345423315395,10.0,8.085797309875488,,,,,12.0,17.0,18.0
2025-08-12 08:21:12,1839.4763636363637,912.2909090909092,1411.2581818181818,20.578616853250423,100.0,960.345423315395,10.0,8.065210342407227,,,,,12.0,16.0,18.0
2025-08-12 08:21:15,1839.4763636363637,912.2909090909092,1411.2581818181818,20.578616853250423,100.0,960.345423315395,10.0,8.065210342407227,,,,,12.0,15.0,17.0
2025-08-12 08:21:18,1839.4763636363637,914.1527272727274,1413.1200000000001,20.619809640484164,100.0,960.3816424914116,10.0,8.058316230773926,,,,,12.0,17.0,18.0
2025-08-12 08:21:21,1839.4763636363637,914.1527272727274,1411.2581818181818,20.63010784020298,100.0,960.3702450168071,10.0,8.057948112487793,,,,,12.0,17.0,18.0
2025-08-12 08:21:24,1841.338181818182,914.1527272727274,1409.3963636363637,20.578616853250423,100.0,960.3999574789383,10.0,8.070050239562988,,,,,12.0,17.0,18.0
2025-08-12 08:21:27,1841.338181818182,917.8763636363637,1411.2581818181818,20.58891504831263,100.0,960.3612951677328,10.0,8.05861759185791,,,,,12.0,17.0,19.0
2025-08-12 08:21:30,1841.338181818182,916.0145454545454,1407.5345454545454,20.578616853250423,100.0,960.3181562611929,10.0,8.064438819885254,,,,,11.0,17.0,18.0
2025-08-12 08:21:33,1843.2000000000003,917.8763636363637,1411.2581818181818,20.640406041085953,100.0,960.3588467620045,10.0,8.067144393920898,,,,,11.0,16.0,16.0
2025-08-12 08:21:36,1841.338181818182,916.0145454545454,1411.2581818181818,20.650704243133077,100.0,960.3474477269821,10.0,8.062003135681152,,,,,10.0,15.0,15.0
2025-08-12 08:21:39,1841.338181818182,912.2909090909092,1409.3963636363637,20.645555141963996,100.0,960.3667823111972,10.0,8.073229789733887,,,,,11.0,16.0,16.0
2025-08-12 08:21:42,1839.4763636363637,910.429090909091,1407.5345454545454,20.635256940498948,100.0,960.3509112389099,10.0,8.068790435791016,,,,,10.0,15.0,15.0
2025-08-12 08:21:45,1841.338181818182,910.429090909091,1407.5345454545454,20.63010784020298,100.0,960.3702450168071,10.0,8.07928466796875,,,,,10.0,14.0,14.0
2025-08-12 08:21:48,1839.4763636363637,908.5672727272728,1407.5345454545454,20.635256940498948,100.0,960.2963722927784,10.0,8.074243545532227,,,,,10.0,14.0,14.0
2025-08-12 08:21:51,1841.338181818182,908.5672727272728,1409.3963636363637,20.645555141963996,100.0,960.3395123774433,10.0,8.084233283996582,,,,,10.0,14.0,14.0
2025-08-12 08:21:54,1839.4763636363637,902.9818181818183,1411.2581818181818,20.619809640484164,100.0,960.3816424914116,10.0,8.09142017364502,,,,,11.0,15.0,15.0
2025-08-12 08:21:57,1837.6145454545454,886.2254545454546,1409.3963636363637,20.542573179700412,100.0,960.3444036584267,10.0,8.136758804321289,,,,,12.0,16.0,16.0
2025-08-12 08:22:00,1839.4763636363637,886.2254545454546,1409.3963636363637,20.563169562839903,100.0,960.3761485419194,10.0,8.145367622375488,,,,,12.0,17.0,17.0
2025-08-12 08:22:03,1837.6145454545454,884.3636363636365,1405.6727272727273,20.563169562839903,100.0,960.3488821281863,10.0,8.142288208007812,,,,,11.0,16.0,16.0
2025-08-12 08:22:06,1841.338181818182,884.3636363636365,1407.5345454545454,20.547722275048727,100.0,960.3523398400935,10.0,8.160956382751465,,,,,11.0,15.0,15.0
2025-08-12 08:22:09,1839.4763636363637,884.3636363636365,1407.5345454545454,20.578616853250423,100.0,960.3726903879767,10.0,8.151026725769043,,,,,10.0,14.0,14.0
2025-08-12 08:22:12,1839.4763636363637,889.949090909091,1409.3963636363637,20.604362343088724,100.0,960.385103142139,10.0,8.132144927978516,,,,,11.0,15.0,15.0
2025-08-12 08:22:15,1839.4763636363637,889.949090909091,1407.5345454545454,20.59406414628029,100.0,960.3964988828974,10.0,8.132424354553223,,,,,11.0,15.0,16.0
2025-08-12 08:22:18,1837.6145454545454,891.8109090909091,1407.5345454545454,20.6095114419295,100.0,960.3657707771704,10.0,8.116805076599121,,,,,11.0,16.0,16.0
2025-08-12 08:22:21,1837.6145454545454,891.8109090909091,1403.8109090909093,20.604362343088724,100.0,960.3305667946734,10.0,8.116914749145508,,,,,10.0,15.0,15.0
2025-08-12 08:22:24,1839.4763636363637,897.3963636363636,1409.3963636363637,20.58891504831263,100.0,960.3885626918021,10.0,8.109036445617676,,,,,10.0,14.0,15.0
2025-08-12 08:22:27,1835.7527272727275,895.5345454545455,1405.6727272727273,20.599213244538987,100.0,960.4317030940517,10.0,8.095841407775879,,,,,10.0,14.0,15.0
2025-08-12 08:22:30,1837.6145454545454,897.3963636363636,1405.6727272727273,20.635256940498948,100.0,960.37818073955,10.0,8.097922325134277,,,,,10.0,15.0,16.0
2025-08-12 08:22:33,1837.6145454545454,899.2581818181819,1407.5345454545454,20.68674795946572,100.0,960.3757241828561,10.0,8.090503692626953,,,,,10.0,15.0,16.0
2025-08-12 08:22:36,1835.7527272727275,899.2581818181819,1403.8109090909093,20.68159885625937,100.0,960.3405173992286,10.0,8.081480979919434,,,,,10.0,15.0,16.0
2025-08-12 08:22:39,1835.7527272727275,897.3963636363636,1401.949090909091,20.697046166751534,100.0,960.4188670467474,10.0,8.087194442749023,,,,,10.0,15.0,16.0
2025-08-12 08:22:42,1833.8909090909092,899.2581818181819,1405.6727272727273,20.702195270830998,100.0,960.3449855163727,10.0,8.071819305419922,,,,,9.0,15.0,15.0
2025-08-12 08:22:45,1833.8909090909092,897.3963636363636,1403.8109090909093,20.691897062963108,100.0,960.3291156762268,10.0,8.078145980834961,,,,,10.0,15.0,15.0
2025-08-12 08:22:48,1833.8909090909092,899.2581818181819,1401.949090909091,20.68159885625937,100.0,960.3677888764652,10.0,8.072371482849121,,,,,10.0,17.0,17.0
2025-08-12 08:22:51,1832.0290909090909,901.12,1403.8109090909093,20.655853344593197,100.0,960.3826534878659,10.0,8.057855606079102,,,,,11.0,17.0,17.0
2025-08-12 08:22:54,1833.8909090909092,899.2581818181819,1405.6727272727273,20.655853344593197,100.0,960.4099238915022,10.0,8.073068618774414,,,,,11.0,17.0,17.0
2025-08-12 08:22:57,1833.8909090909092,899.2581818181819,1403.8109090909093,20.650704243133077,100.0,960.3474477269821,10.0,8.073168754577637,,,,,12.0,19.0,19.0
2025-08-12 08:23:00,1832.0290909090909,895.5345454545455,1401.949090909091,20.671300650719786,100.0,960.4064604485475,10.0,8.075675964355469,,,,,11.0,18.0,18.0
2025-08-12 08:23:03,1833.8909090909092,901.12,1403.8109090909093,20.67644975334406,100.0,960.3325823446689,10.0,8.066417694091797,,,,,11.0,18.0,18.0
2025-08-12 08:23:06,1833.8909090909092,901.12,1400.0872727272726,20.68674795946572,100.0,960.3757241828561,10.0,8.066169738769531,,,,,13.0,18.0,19.0
2025-08-12 08:23:09,1835.7527272727275,904.8436363636364,1407.5345454545454,20.7073443752015,100.0,960.3801930631661,10.0,8.062623023986816,,,,,13.0,18.0,19.0
2025-08-12 08:23:12,1835.7527272727275,908.5672727272728,1403.8109090909093,20.655853344593197,100.0,960.3281127357452,10.0,8.052984237670898,,,,,12.0,16.0,17.0
2025-08-12 08:23:15,1839.4763636363637,914.1527272727274,1403.8109090909093,20.558020466618473,100.0,960.3682122818418,10.0,8.060423851013184,,,,,13.0,17.0,18.0
2025-08-12 08:23:18,1839.4763636363637,917.8763636363637,1403.8109090909093,20.527125895401696,100.0,960.320595270282,10.0,8.050402641296387,,,,,12.0,16.0,18.0
2025-08-12 08:23:21,1841.338181818182,919.7381818181818,1405.6727272727273,20.48593315007747,100.0,960.3661596802731,10.0,8.05664348602295,,,,,11.0,15.0,16.0
2025-08-12 08:23:24,1843.2000000000003,917.8763636363637,1401.949090909091,20.491082242224365,100.0,960.3468331503148,10.0,8.072250366210938,,,,,11.0,14.0,15.0
2025-08-12 08:23:27,1843.2000000000003,917.8763636363637,1403.8109090909093,20.527125895401696,100.0,960.320595270282,10.0,8.070989608764648,,,,,11.0,13.0,14.0
2025-08-12 08:23:30,1841.338181818182,916.0145454545454,1403.8109090909093,20.527125895401696,100.0,960.3478601222106,10.0,8.066242218017578,,,,,11.0,15.0,15.0
2025-08-12 08:23:33,1843.2000000000003,912.2909090909092,1403.8109090909093,20.48593315007747,100.0,960.4206859377141,10.0,8.089064598083496,,,,,10.0,13.0,13.0
2025-08-12 08:23:36,1843.2000000000003,910.429090909091,1401.949090909091,20.50138042739127,100.0,960.3627063712066,10.0,8.093990325927734,,,,,11.0,14.0,14.0
2025-08-12 08:23:39,1845.0618181818181,914.1527272727274,1405.6727272727273,20.47048587538302,100.0,960.3150870225192,10.0,8.094257354736328,,,,,10.0,13.0,13.0
2025-08-12 08:23:42,1845.0618181818181,914.1527272727274,1403.8109090909093,20.43444224461564,100.0,960.2867931504472,10.0,8.095466613769531,,,,,10.0,14.0,14.0
2025-08-12 08:23:45,1845.0618181818181,914.1527272727274,1403.8109090909093,20.48593315007747,100.0,960.3116334963293,10.0,8.093725204467773,,,,,12.0,17.0,17.0
2025-08-12 08:23:48,1845.0618181818181,914.1527272727274,1409.3963636363637,20.511678613722324,100.0,960.3240512921808,10.0,8.092855453491211,,,,,12.0,19.0,20.0
2025-08-12 08:23:51,1843.2000000000003,912.2909090909092,1405.6727272727273,20.480784058221616,100.0,960.3582229095035,10.0,8.08917236328125,,,,,13.0,21.0,23.0
2025-08-12 08:23:54,1843.2000000000003,906.7054545454546,1403.8109090909093,20.4756349666568,100.0,960.3775488329666,10.0,8.10592269897461,,,,,12.0,20.0,22.0
2025-08-12 08:23:57,1843.2000000000003,902.9818181818183,1401.949090909091,20.51682770732441,100.0,960.359251961534,10.0,8.115519523620605,,,,,12.0,20.0,21.0
2025-08-12 08:24:00,1843.2000000000003,899.2581818181819,1401.949090909091,20.527125895401696,100.0,960.2933304367298,10.0,8.126130104064941,,,,,11.0,19.0,20.0
2025-08-12 08:24:03,1841.338181818182,899.2581818181819,1405.6727272727273,20.55287137068808,100.0,960.3602760478996,10.0,8.115028381347656,,,,,11.0,18.0,19.0
2025-08-12 08:24:06,1841.338181818182,895.5345454545455,1401.949090909091,20.563169562839903,100.0,960.3488821281863,10.0,8.125688552856445,,,,,11.0,17.0,18.0
2025-08-12 08:24:09,1845.0618181818181,897.3963636363636,1405.6727272727273,20.527125895401696,100.0,960.3751249925159,10.0,8.142033576965332,,,,,10.0,16.0,17.0
2025-08-12 08:24:12,1841.338181818182,897.3963636363636,1401.949090909091,20.527125895401696,100.0,960.3478601222106,10.0,8.121407508850098,,,,,10.0,15.0,15.0
2025-08-12 08:24:15,1841.338181818182,895.5345454545455,1403.8109090909093,20.532274989876896,100.0,960.3285313735188,10.0,8.126728057861328,,,,,10.0,14.0,14.0
2025-08-12 08:24:18,1843.2000000000003,895.5345454545455,1400.0872727272726,20.50138042739127,100.0,960.3354426112143,10.0,8.138094902038574,,,,,10.0,14.0,14.0
2025-08-12 08:24:21,1845.0618181818181,897.3963636363636,1405.6727272727273,20.491082242224365,100.0,960.4013598224788,10.0,8.143294334411621,,,,,10.0,13.0,13.0
2025-08-12 08:24:24,1843.2000000000003,897.3963636363636,1401.949090909091,20.50138042739127,100.0,960.3627063712066,10.0,8.132606506347656,,,,,10.0,12.0,12.0
2025-08-12 08:24:27,1843.2000000000003,899.2581818181819,1403.8109090909093,20.496231334662298,100.0,960.3547697476795,10.0,8.12725830078125,,,,,10.0,14.0,15.0
2025-08-12 08:24:30,1845.0618181818181,904.8436363636364,1403.8109090909093,20.511678613722324,100.0,960.3785796967383,10.0,8.120495796203613,,,,,11.0,15.0,18.0
2025-08-12 08:24:33,1846.9236363636364,901.12,1403.8109090909093,20.56831865935237,100.0,960.356818188654,10.0,8.139856338500977,,,,,11.0,15.0,19.0
2025-08-12 08:24:36,1845.0618181818181,902.9818181818183,1401.949090909091,20.55287137068808,100.0,960.3602760478996,10.0,8.124582290649414,,,,,11.0,15.0,19.0
2025-08-12 08:24:39,1845.0618181818181,901.12,1401.949090909091,20.50138042739127,100.0,960.2809151463549,10.0,8.131779670715332,,,,,12.0,16.0,20.0
2025-08-12 08:24:42,1848.7854545454547,904.8436363636364,1403.8109090909093,20.542573179700412,100.0,960.3171381476574,10.0,8.139961242675781,,,,,12.0,16.0,20.0
2025-08-12 08:24:45,1846.9236363636364,904.8436363636364,1403.8109090909093,20.6095114419295,100.0,960.3657707771704,10.0,8.127425193786621,,,,,13.0,17.0,20.0
2025-08-12 08:24:48,1848.7854545454547,910.429090909091,1407.5345454545454,20.645555141963996,100.0,960.421322233855,10.0,8.119991302490234,,,,,13.0,17.0,21.0
2025-08-12 08:24:51,1848.7854545454547,908.5672727272728,1401.949090909091,20.655853344593197,100.0,960.4099238915022,10.0,8.125141143798828,,,,,13.0,17.0,20.0
2025-08-12 08:24:54,1848.7854545454547,910.429090909091,1401.949090909091,20.691897062963108,100.0,960.4109314624511,10.0,8.118388175964355,,,,,13.0,17.0,18.0
2025-08-12 08:24:57,1848.7854545454547,908.5672727272728,1401.949090909091,20.75368632763275,100.0,960.3970616799024,10.0,8.1217679977417,,,,,12.0,17.0,17.0
2025-08-12 08:25:00,1848.7854545454547,910.429090909091,1401.949090909091,20.71764258481562,100.0,960.4506096446444,10.0,8.117541313171387,,,,,12.0,17.0,17.0
2025-08-12 08:25:03,1850.647272727273,908.5672727272728,1403.8109090909093,20.75368632763275,100.0,960.3697870972587,10.0,8.132037162780762,,,,,12.0,17.0,17.0
2025-08-12 08:25:06,1846.9236363636364,908.5672727272728,1401.949090909091,20.71764258481562,100.0,960.3415174513709,10.0,8.11264419555664,,,,,11.0,15.0,15.0
2025-08-12 08:25:09,1848.7854545454547,910.429090909091,1403.8109090909093,20.72279169005924,100.0,960.4039987743625,10.0,8.117317199707031,,,,,11.0,16.0,18.0
2025-08-12 08:25:12,1848.7854545454547,906.7054545454546,1403.8109090909093,20.671300650719786,100.0,960.4064604485475,10.0,8.130123138427734,,,,,11.0,16.0,17.0
2025-08-12 08:25:15,1846.9236363636364,906.7054545454546,1401.949090909091,20.671300650719786,100.0,960.3519183419241,10.0,8.119760513305664,,,,,10.0,16.0,18.0
2025-08-12 08:25:18,1846.9236363636364,910.429090909091,1405.6727272727273,20.671300650719786,100.0,960.3791893860434,10.0,8.1087646484375,,,,,10.0,15.0,17.0
2025-08-12 08:25:21,1848.7854545454547,910.429090909091,1401.949090909091,20.6095114419295,100.0,960.3385023868825,10.0,8.121134757995605,,,,,10.0,15.0,17.0
2025-08-12 08:25:24,1848.7854545454547,917.8763636363637,1401.949090909091,20.547722275048727,100.0,960.4068713682462,10.0,8.101263999938965,,,,,10.0,16.0,18.0
2025-08-12 08:25:27,1850.647272727273,923.4618181818182,1403.8109090909093,20.48593315007747,100.0,960.3661596802731,10.0,8.097084045410156,,,,,10.0,16.0,18.0
2025-08-12 08:25:30,1852.509090909091,923.4618181818182,1401.949090909091,20.39324954120093,100.0,960.3323381477697,10.0,8.110523223876953,,,,,10.0,17.0,19.0
2025-08-12 08:25:33,1850.647272727273,923.4618181818182,1405.6727272727273,20.455038603307912,100.0,960.40032479874,10.0,8.098183631896973,,,,,11.0,17.0,17.0
2025-08-12 08:25:36,1850.647272727273,921.6000000000001,1401.949090909091,20.48593315007747,100.0,960.3934227998064,10.0,8.102632522583008,,,,,9.0,15.0,15.0
2025-08-12 08:25:39,1852.509090909091,921.6000000000001,1403.8109090909093,20.4756349666568,100.0,960.4048115194033,10.0,8.113296508789062,,,,,9.0,16.0,16.0
2025-08-12 08:25:42,1852.509090909091,919.7381818181818,1403.8109090909093,20.491082242224365,100.0,960.3740964772094,10.0,8.118247985839844,,,,,10.0,15.0,15.0
2025-08-12 08:25:45,1854.3709090909092,925.3236363636365,1407.5345454545454,20.558020466618473,100.0,960.3682122818418,10.0,8.109685897827148,,,,,10.0,15.0,15.0
2025-08-12 08:25:48,1852.509090909091,923.4618181818182,1405.6727272727273,20.57346775615588,100.0,960.4192880240671,10.0,8.104434967041016,,,,,10.0,15.0,15.0
2025-08-12 08:25:51,1852.509090909091,921.6000000000001,1403.8109090909093,20.59406414628029,100.0,960.3692311330836,10.0,8.109189987182617,,,,,9.0,14.0,14.0
2025-08-12 08:25:54,1852.509090909091,923.4618181818182,1401.949090909091,20.58891504831263,100.0,960.4158302342515,10.0,8.103899955749512,,,,,9.0,13.0,13.0
2025-08-12 08:25:57,1854.3709090909092,925.3236363636365,1405.6727272727273,20.532274989876896,100.0,960.301266314228,10.0,8.110496520996094,,,,,9.0,13.0,13.0
2025-08-12 08:26:00,1850.647272727273,925.3236363636365,1403.8109090909093,20.558020466618473,100.0,960.3682122818418,10.0,8.089090347290039,,,,,10.0,14.0,14.0
2025-08-12 08:26:03,1854.3709090909092,930.909090909091,1405.6727272727273,20.4756349666568,100.0,960.3502861649035,10.0,8.095946311950684,,,,,10.0,15.0,15.0
2025-08-12 08:26:06,1856.2327272727275,934.6327272727274,1407.5345454545454,20.4756349666568,100.0,960.3775488329666,10.0,8.095235824584961,,,,,11.0,15.0,15.0
2025-08-12 08:26:09,1854.3709090909092,932.7709090909091,1407.5345454545454,20.43959133385215,100.0,960.3765130045322,10.0,8.091694831848145,,,,,11.0,15.0,17.0
2025-08-12 08:26:12,1852.509090909091,927.1854545454546,1401.949090909091,20.511678613722324,100.0,960.3785796967383,10.0,8.095474243164062,,,,,11.0,16.0,19.0
2025-08-12 08:26:15,1854.3709090909092,930.909090909091,1407.5345454545454,20.542573179700412,100.0,960.4262003010002,10.0,8.093728065490723,,,,,11.0,15.0,20.0
2025-08-12 08:26:18,1852.509090909091,925.3236363636365,1401.949090909091,20.511678613722324,100.0,960.3513154852716,10.0,8.100960731506348,,,,,11.0,16.0,20.0
2025-08-12 08:26:21,1854.3709090909092,929.0472727272728,1405.6727272727273,20.496231334662298,100.0,960.3275062134236,10.0,8.100726127624512,,,,,12.0,16.0,21.0
2025-08-12 08:26:24,1852.509090909091,927.1854545454546,1407.5345454545454,20.558020466618473,100.0,960.3682122818418,10.0,8.093873977661133,,,,,11.0,14.0,19.0
2025-08-12 08:26:27,1854.3709090909092,925.3236363636365,1403.8109090909093,20.583765950636007,100.0,960.4624285320829,10.0,8.108907699584961,,,,,11.0,14.0,19.0
2025-08-12 08:26:30,1854.3709090909092,923.4618181818182,1403.8109090909093,20.6095114419295,100.0,960.3385023868825,10.0,8.113397598266602,,,,,10.0,14.0,19.0
2025-08-12 08:26:33,1852.509090909091,927.1854545454546,1403.8109090909093,20.640406041085953,100.0,960.3315770539994,10.0,8.091005325317383,,,,,10.0,14.0,19.0
2025-08-12 08:26:36,1852.509090909091,929.0472727272728,1403.8109090909093,20.619809640484164,100.0,960.3271048262332,10.0,8.086194038391113,,,,,10.0,14.0,17.0
2025-08-12 08:26:39,1852.509090909091,929.0472727272728,1405.6727272727273,20.547722275048727,100.0,960.3796055949808,10.0,8.088722229003906,,,,,10.0,14.0,15.0
2025-08-12 08:26:42,1854.3709090909092,932.7709090909091,1407.5345454545454,20.547722275048727,100.0,960.4341371598892,10.0,8.08804702758789,,,,,8.0,13.0,13.0
2025-08-12 08:26:45,1854.3709090909092,930.909090909091,1407.5345454545454,20.558020466618473,100.0,960.4227447129601,10.0,8.093198776245117,,,,,10.0,15.0,15.0
2025-08-12 08:26:48,1852.509090909091,925.3236363636365,1405.6727272727273,20.583765950636007,100.0,960.3533592285024,10.0,8.098492622375488,,,,,10.0,15.0,15.0
2025-08-12 08:26:51,1850.647272727273,925.3236363636365,1403.8109090909093,20.583765950636007,100.0,960.4078938435327,10.0,8.088255882263184,,,,,9.0,15.0,15.0
2025-08-12 08:26:54,1852.509090909091,925.3236363636365,1407.5345454545454,20.599213244538987,100.0,960.3771671245532,10.0,8.09798812866211,,,,,9.0,14.0,15.0
2025-08-12 08:26:57,1848.7854545454547,921.6000000000001,1405.6727272727273,20.59406414628029,100.0,960.4237666510919,10.0,8.088654518127441,,,,,8.0,13.0,14.0
2025-08-12 08:27:00,1850.647272727273,919.7381818181818,1405.6727272727273,20.624958740198053,100.0,960.416847473604,10.0,8.103402137756348,,,,,9.0,14.0,16.0
2025-08-12 08:27:03,1846.9236363636364,921.6000000000001,1407.5345454545454,20.661002446344355,100.0,960.3905891153381,10.0,8.076027870178223,,,,,10.0,14.0,16.0
2025-08-12 08:27:06,1846.9236363636364,917.8763636363637,1405.6727272727273,20.67644975334406,100.0,960.3871248660247,10.0,8.086533546447754,,,,,8.0,14.0,19.0
2025-08-12 08:27:09,1845.0618181818181,916.0145454545454,1401.949090909091,20.66615154838655,100.0,960.3985247688995,10.0,8.082117080688477,,,,,9.0,15.0,20.0
2025-08-12 08:27:12,1845.0618181818181,916.0145454545454,1405.6727272727273,20.661002446344355,100.0,960.417859744725,10.0,8.082314491271973,,,,,9.0,15.0,20.0
2025-08-12 08:27:15,1845.0618181818181,916.0145454545454,1405.6727272727273,20.645555141963996,100.0,960.4485922227592,10.0,8.082873344421387,,,,,9.0,15.0,21.0
2025-08-12 08:27:18,1843.2000000000003,916.0145454545454,1405.6727272727273,20.655853344593197,100.0,960.4371943135228,10.0,8.072213172912598,,,,,8.0,14.0,19.0
2025-08-12 08:27:21,1841.338181818182,917.8763636363637,1407.5345454545454,20.68159885625937,100.0,960.4223318860954,10.0,8.055500984191895,,,,,8.0,14.0,18.0
2025-08-12 08:27:24,1843.2000000000003,917.8763636363637,1400.0872727272726,20.67644975334406,100.0,960.4416674609215,10.0,8.066000938415527,,,,,8.0,14.0,20.0
2025-08-12 08:27:27,1841.338181818182,916.0145454545454,1400.0872727272726,20.697046166751534,100.0,960.4188670467474,10.0,8.060489654541016,,,,,10.0,16.0,22.0
2025-08-12 08:27:30,1841.338181818182,916.0145454545454,1401.949090909091,20.72279169005924,100.0,960.4039987743625,10.0,8.059595108032227,,,,,9.0,15.0,20.0
2025-08-12 08:27:33,1843.2000000000003,917.8763636363637,1403.8109090909093,20.712493479863042,100.0,960.4154011059233,10.0,8.064733505249023,,,,,10.0,16.0,17.0
2025-08-12 08:27:36,1839.4763636363637,916.0145454545454,1401.949090909091,20.661002446344355,100.0,960.3360479117177,10.0,8.051335334777832,,,,,9.0,14.0,15.0
2025-08-12 08:27:39,1837.6145454545454,917.8763636363637,1405.6727272727273,20.697046166751534,100.0,960.4188670467474,10.0,8.03437614440918,,,,,9.0,14.0,15.0
2025-08-12 08:27:42,1839.4763636363637,919.7381818181818,1403.8109090909093,20.702195270830998,100.0,960.4540750741389,10.0,8.039015769958496,,,,,10.0,14.0,15.0
2025-08-12 08:27:45,1839.4763636363637,917.8763636363637,1405.6727272727273,20.7073443752015,100.0,960.4347382935579,10.0,8.044340133666992,,,,,12.0,16.0,17.0
2025-08-12 08:27:48,1839.4763636363637,916.0145454545454,1401.949090909091,20.72279169005924,100.0,960.4585453592862,10.0,8.049352645874023,,,,,12.0,17.0,18.0
2025-08-12 08:27:51,1839.4763636363637,919.7381818181818,1405.6727272727273,20.712493479863042,100.0,960.4426739560676,10.0,8.038655281066895,,,,,12.0,17.0,17.0
2025-08-12 08:27:54,1839.4763636363637,917.8763636363637,1400.0872727272726,20.650704243133077,100.0,960.4019880643715,10.0,8.046249389648438,,,,,12.0,16.0,16.0
2025-08-12 08:27:57,1837.6145454545454,921.6000000000001,1403.8109090909093,20.640406041085953,100.0,960.4133862331646,10.0,8.02528190612793,,,,,10.0,14.0,14.0
2025-08-12 08:28:00,1841.338181818182,923.4618181818182,1405.6727272727273,20.604362343088724,100.0,960.439639563129,10.0,8.041624069213867,,,,,10.0,14.0,14.0
2025-08-12 08:28:03,1839.4763636363637,921.6000000000001,1401.949090909091,20.640406041085953,100.0,960.4406559963193,10.0,8.035608291625977,,,,,11.0,14.0,14.0
2025-08-12 08:28:06,1839.4763636363637,919.7381818181818,1400.0872727272726,20.68159885625937,100.0,960.4223318860954,10.0,8.039690971374512,,,,,11.0,16.0,16.0
2025-08-12 08:28:09,1839.4763636363637,923.4618181818182,1405.6727272727273,20.68674795946572,100.0,960.3484524798673,10.0,8.028404235839844,,,,,11.0,16.0,16.0
2025-08-12 08:28:12,1839.4763636363637,921.6000000000001,1400.0872727272726,20.619809640484164,100.0,960.408911351574,10.0,8.036280632019043,,,,,10.0,15.0,15.0
2025-08-12 08:28:15,1839.4763636363637,925.3236363636365,1405.6727272727273,20.6095114419295,100.0,960.3930391858395,10.0,8.02558708190918,,,,,10.0,14.0,15.0
2025-08-12 08:28:18,1841.338181818182,925.3236363636365,1403.8109090909093,20.583765950636007,100.0,960.4624285320829,10.0,8.03683853149414,,,,,9.0,14.0,14.0
2025-08-12 08:28:21,1841.338181818182,925.3236363636365,1401.949090909091,20.563169562839903,100.0,960.4306814245219,10.0,8.037510871887207,,,,,11.0,16.0,16.0
2025-08-12 08:28:24,1839.4763636363637,925.3236363636365,1403.8109090909093,20.496231334662298,100.0,960.4365604606968,10.0,8.029518127441406,,,,,12.0,16.0,17.0
2025-08-12 08:28:27,1841.338181818182,925.3236363636365,1403.8109090909093,20.537424084643135,100.0,960.4455288267926,10.0,8.038411140441895,,,,,10.0,15.0,15.0
2025-08-12 08:28:30,1843.2000000000003,925.3236363636365,1403.8109090909093,20.57346775615588,100.0,960.3647542752516,10.0,8.047382354736328,,,,,10.0,15.0,16.0
2025-08-12 08:28:33,1843.2000000000003,925.3236363636365,1401.949090909091,20.583765950636007,100.0,960.3533592285024,10.0,8.047017097473145,,,,,10.0,15.0,16.0
2025-08-12 08:28:36,1845.0618181818181,927.1854545454546,1403.8109090909093,20.614660541061312,100.0,960.4282439084487,10.0,8.050814628601074,,,,,11.0,16.0,16.0
2025-08-12 08:28:39,1843.2000000000003,927.1854545454546,1403.8109090909093,20.558020466618473,100.0,960.4227447129601,10.0,8.04245662689209,,,,,10.0,15.0,15.0
2025-08-12 08:28:42,1845.0618181818181,927.1854545454546,1403.8109090909093,20.547722275048727,100.0,960.4068713682462,10.0,8.053085327148438,,,,,12.0,16.0,16.0
2025-08-12 08:28:45,1845.0618181818181,927.1854545454546,1403.8109090909093,20.50138042739127,100.0,960.4444977614347,10.0,8.054719924926758,,,,,12.0,17.0,18.0
2025-08-12 08:28:48,1848.7854545454547,927.1854545454546,1405.6727272727273,20.506529520411277,100.0,960.3979070249984,10.0,8.075080871582031,,,,,11.0,16.0,17.0
2025-08-12 08:28:51,1848.7854545454547,925.3236363636365,1403.8109090909093,20.56831865935237,100.0,960.3840848281294,10.0,8.078462600708008,,,,,11.0,16.0,17.0
2025-08-12 08:28:54,1848.7854545454547,929.0472727272728,1405.6727272727273,20.635256940498948,100.0,960.37818073955,10.0,8.06512451171875,,,,,12.0,17.0,19.0
2025-08-12 08:28:57,1848.7854545454547,927.1854545454546,1407.5345454545454,20.697046166751534,100.0,960.3643227193719,10.0,8.068502426147461,,,,,12.0,17.0,18.0
2025-08-12 08:29:00,1848.7854545454547,927.1854545454546,1405.6727272727273,20.702195270830998,100.0,960.3995302584823,10.0,8.06836986541748,,,,,12.0,16.0,17.0
2025-08-12 08:29:03,1843.2000000000003,925.3236363636365,1405.6727272727273,20.73308990141959,100.0,960.3925956624125,10.0,8.04193115234375,,,,,12.0,17.0,18.0
2025-08-12 08:29:06,1848.7854545454547,925.3236363636365,1405.6727272727273,20.712493479863042,100.0,960.3881282741662,10.0,8.073518753051758,,,,,12.0,17.0,18.0
2025-08-12 08:29:09,1848.7854545454547,923.4618181818182,1403.8109090909093,20.73308990141959,100.0,960.4198693788047,10.0,8.07836627960205,,,,,12.0,17.0,18.0
2025-08-12 08:29:12,1848.7854545454547,923.4618181818182,1405.6727272727273,20.71764258481562,100.0,960.3960635112323,10.0,8.078873634338379,,,,,12.0,16.0,16.0
2025-08-12 08:29:15,1848.7854545454547,923.4618181818182,1405.6727272727273,20.76398454248556,100.0,960.412931693943,10.0,8.07729434967041,,,,,12.0,17.0,17.0
2025-08-12 08:29:18,1845.0618181818181,921.6000000000001,1403.8109090909093,20.76398454248556,100.0,960.4402067464945,10.0,8.062250137329102,,,,,11.0,16.0,16.0
2025-08-12 08:29:21,1846.9236363636364,921.6000000000001,1403.8109090909093,20.76398454248556,100.0,960.4674818174364,10.0,8.072574615478516,,,,,12.0,16.0,16.0
2025-08-12 08:29:24,1846.9236363636364,923.4618181818182,1403.8109090909093,20.738239007536322,100.0,960.3732568542032,10.0,8.067839622497559,,,,,11.0,15.0,15.0
2025-08-12 08:29:27,1848.7854545454547,927.1854545454546,1401.949090909091,20.671300650719786,100.0,960.3519183419241,10.0,8.069377899169922,,,,,11.0,15.0,15.0
2025-08-12 08:29:30,1850.647272727273,934.6327272727274,1405.6727272727273,20.6095114419295,100.0,960.447576058322,10.0,8.059829711914062,,,,,10.0,14.0,14.0
2025-08-12 08:29:33,1854.3709090909092,936.4945454545455,1407.5345454545454,20.527125895401696,100.0,960.3751249925159,10.0,8.077654838562012,,,,,10.0,14.0,14.0
2025-08-12 08:29:36,1854.3709090909092,934.6327272727274,1407.5345454545454,20.491082242224365,100.0,960.455886568141,10.0,8.084493637084961,,,,,10.0,14.0,14.0
2025-08-12 08:29:39,1856.2327272727275,932.7709090909091,1405.6727272727273,20.521976801217534,100.0,960.3944531268925,10.0,8.0991792678833,,,,,10.0,14.0,14.0
2025-08-12 08:29:42,1856.2327272727275,932.7709090909091,1403.8109090909093,20.57346775615588,100.0,960.4465549260439,10.0,8.09747314453125,,,,,11.0,14.0,14.0
2025-08-12 08:29:45,1858.0945454545456,932.7709090909091,1407.5345454545454,20.614660541061312,100.0,960.4009752556517,10.0,8.106302261352539,,,,,11.0,14.0,14.0
2025-08-12 08:29:48,1858.0945454545456,929.0472727272728,1403.8109090909093,20.624958740198053,100.0,960.3077712402595,10.0,8.116876602172852,,,,,11.0,14.0,14.0
2025-08-12 08:29:51,1859.9563636363637,932.7709090909091,1413.1200000000001,20.614660541061312,100.0,960.3737066212362,10.0,8.116561889648438,,,,,11.0,14.0,14.0
2025-08-12 08:29:54,1854.3709090909092,929.0472727272728,1407.5345454545454,20.640406041085953,100.0,960.386116488393,10.0,8.095842361450195,,,,,11.0,14.0,15.0
2025-08-12 08:29:57,1858.0945454545456,927.1854545454546,1407.5345454545454,20.6095114419295,100.0,960.3930391858395,10.0,8.123016357421875,,,,,11.0,14.0,15.0
2025-08-12 08:30:00,1856.2327272727275,927.1854545454546,1405.6727272727273,20.6095114419295,100.0,960.3385023868825,10.0,8.112667083740234,,,,,11.0,14.0,15.0
2025-08-12 08:30:03,1856.2327272727275,927.1854545454546,1405.6727272727273,20.68674795946572,100.0,960.4302676439914,10.0,8.110116004943848,,,,,11.0,14.0,15.0
2025-08-12 08:30:06,1856.2327272727275,925.3236363636365,1405.6727272727273,20.712493479863042,100.0,960.3881282741662,10.0,8.114702224731445,,,,,10.0,13.0,14.0
2025-08-12 08:30:09,1856.2327272727275,923.4618181818182,1407.5345454545454,20.743388113944093,100.0,960.3811917700515,10.0,8.119146347045898,,,,,9.0,13.0,14.0
2025-08-12 08:30:12,1856.2327272727275,923.4618181818182,1405.6727272727273,20.727940795593895,100.0,960.4392075725783,10.0,8.119742393493652,,,,,9.0,12.0,13.0
2025-08-12 08:30:15,1854.3709090909092,923.4618181818182,1405.6727272727273,20.73308990141959,100.0,960.4198693788047,10.0,8.109249114990234,,,,,9.0,12.0,14.0
2025-08-12 08:30:18,1852.509090909091,921.6000000000001,1403.8109090909093,20.702195270830998,100.0,960.4268026571174,10.0,8.105534553527832,,,,,9.0,13.0,15.0
2025-08-12 08:30:21,1850.647272727273,925.3236363636365,1405.6727272727273,20.738239007536322,100.0,960.4550786806509,10.0,8.083003044128418,,,,,9.0,12.0,14.0
2025-08-12 08:30:24,1852.509090909091,925.3236363636365,1401.949090909091,20.73308990141959,100.0,960.3653219644086,10.0,8.093377113342285,,,,,9.0,13.0,15.0
2025-08-12 08:30:27,1852.509090909091,927.1854545454546,1407.5345454545454,20.702195270830998,100.0,960.4268026571174,10.0,8.08899211883545,,,,,9.0,13.0,16.0
2025-08-12 08:30:30,1856.2327272727275,930.909090909091,1407.5345454545454,20.702195270830998,100.0,960.3722578782341,10.0,8.098487854003906,,,,,10.0,15.0,17.0
2025-08-12 08:30:33,1856.2327272727275,929.0472727272728,1407.5345454545454,20.691897062963108,100.0,960.3836595153236,10.0,8.1043701171875,,,,,10.0,14.0,16.0
2025-08-12 08:30:36,1856.2327272727275,929.0472727272728,1409.3963636363637,20.67644975334406,100.0,960.4143961542804,10.0,8.104928016662598,,,,,11.0,14.0,17.0
2025-08-12 08:30:39,1858.0945454545456,930.909090909091,1407.5345454545454,20.67644975334406,100.0,960.4143961542804,10.0,8.109713554382324,,,,,11.0,15.0,18.0
2025-08-12 08:30:42,1859.9563636363637,930.909090909091,1405.6727272727273,20.650704243133077,100.0,960.4019880643715,10.0,8.120878219604492,,,,,11.0,15.0,17.0
2025-08-12 08:30:45,1859.9563636363637,932.7709090909091,1403.8109090909093,20.645555141963996,100.0,960.421322233855,10.0,8.115553855895996,,,,,11.0,14.0,15.0
2025-08-12 08:30:48,1863.68,940.2181818181818,1411.2581818181818,20.6095114419295,100.0,960.4203076128899,10.0,8.115311622619629,,,,,12.0,15.0,16.0
2025-08-12 08:30:51,1863.68,936.4945454545455,1409.3963636363637,20.635256940498948,100.0,960.37818073955,10.0,8.125423431396484,,,,,12.0,15.0,15.0
2025-08-12 08:30:54,1863.68,936.4945454545455,1409.3963636363637,20.650704243133077,100.0,960.3474477269821,10.0,8.124858856201172,,,,,12.0,17.0,17.0
2025-08-12 08:30:57,1865.5418181818181,942.08,1413.1200000000001,20.661002446344355,100.0,960.3905891153381,10.0,8.118294715881348,,,,,11.0,18.0,18.0
2025-08-12 08:31:00,1865.5418181818181,938.3563636363637,1409.3963636363637,20.7073443752015,100.0,960.3801930631661,10.0,8.12771987915039,,,,,11.0,20.0,20.0
2025-08-12 08:31:03,1867.4036363636365,940.2181818181818,1409.3963636363637,20.68674795946572,100.0,960.4029959042309,10.0,8.133237838745117,,,,,11.0,20.0,21.0
2025-08-12 08:31:06,1869.2654545454548,938.3563636363637,1405.6727272727273,20.691897062963108,100.0,960.4109314624511,10.0,8.148885726928711,,,,,10.0,20.0,20.0
2025-08-12 08:31:09,1869.2654545454548,940.2181818181818,1405.6727272727273,20.68159885625937,100.0,960.3950603720874,10.0,8.143707275390625,,,,,11.0,19.0,21.0
2025-08-12 08:31:12,1871.1272727272728,940.2181818181818,1411.2581818181818,20.640406041085953,100.0,960.4133862331646,10.0,8.15542984008789,,,,,11.0,19.0,21.0
2025-08-12 08:31:15,1871.1272727272728,940.2181818181818,1409.3963636363637,20.640406041085953,100.0,960.386116488393,10.0,8.155399322509766,,,,,11.0,19.0,21.0
2025-08-12 08:31:18,1871.1272727272728,942.08,1409.3963636363637,20.655853344593197,100.0,960.3281127357452,10.0,8.149291038513184,,,,,12.0,18.0,21.0
2025-08-12 08:31:21,1871.1272727272728,940.2181818181818,1409.3963636363637,20.619809640484164,100.0,960.3816424914116,10.0,8.156096458435059,,,,,12.0,18.0,20.0
2025-08-12 08:31:24,1872.989090909091,943.9418181818181,1409.3963636363637,20.57346775615588,100.0,960.3647542752516,10.0,8.156940460205078,,,,,11.0,17.0,18.0
2025-08-12 08:31:27,1871.1272727272728,940.2181818181818,1407.5345454545454,20.521976801217534,100.0,960.3399238193829,10.0,8.159409523010254,,,,,12.0,17.0,18.0
2025-08-12 08:31:30,1874.8509090909092,947.6654545454545,1414.9818181818182,20.619809640484164,100.0,960.3543736496315,10.0,8.154592514038086,,,,,12.0,15.0,17.0
2025-08-12 08:31:33,1872.989090909091,943.9418181818181,1411.2581818181818,20.635256940498948,100.0,960.405450258573,10.0,8.154860496520996,,,,,11.0,15.0,15.0
2025-08-12 08:31:36,1874.8509090909092,942.08,1411.2581818181818,20.635256940498948,100.0,960.37818073955,10.0,8.170645713806152,,,,,11.0,15.0,15.0
2025-08-12 08:31:39,1874.8509090909092,942.08,1409.3963636363637,20.66615154838655,100.0,960.4257956240372,10.0,8.16963005065918,,,,,11.0,14.0,14.0
2025-08-12 08:31:42,1872.989090909091,942.08,1411.2581818181818,20.691897062963108,100.0,960.3836595153236,10.0,8.158411979675293,,,,,11.0,14.0,14.0
2025-08-12 08:31:45,1874.8509090909092,942.08,1411.2581818181818,20.72279169005924,100.0,960.3494522629907,10.0,8.16760540008545,,,,,11.0,13.0,13.0
2025-08-12 08:31:48,1874.8509090909092,943.9418181818181,1413.1200000000001,20.697046166751534,100.0,960.3643227193719,10.0,8.16298770904541,,,,,11.0,14.0,15.0
2025-08-12 08:31:51,1876.7127272727273,943.9418181818181,1413.1200000000001,20.691897062963108,100.0,960.3018437842577,10.0,8.17339038848877,,,,,10.0,14.0,15.0
2025-08-12 08:31:54,1872.989090909091,940.2181818181818,1409.3963636363637,20.691897062963108,100.0,960.4109314624511,10.0,8.16395378112793,,,,,9.0,13.0,15.0
2025-08-12 08:31:57,1876.7127272727273,938.3563636363637,1409.3963636363637,20.67644975334406,100.0,960.3598535961542,10.0,8.19053840637207,,,,,10.0,14.0,15.0
2025-08-12 08:32:00,1872.989090909091,942.08,1413.1200000000001,20.671300650719786,100.0,960.3246473161901,10.0,8.159053802490234,,,,,10.0,14.0,15.0
2025-08-12 08:32:03,1874.8509090909092,940.2181818181818,1409.3963636363637,20.691897062963108,100.0,960.3836595153236,10.0,8.174222946166992,,,,,11.0,14.0,15.0
2025-08-12 08:32:06,1876.7127272727273,943.9418181818181,1411.2581818181818,20.66615154838655,100.0,960.3712539321464,10.0,8.174346923828125,,,,,11.0,15.0,16.0
2025-08-12 08:32:09,1874.8509090909092,943.9418181818181,1411.2581818181818,20.63010784020298,100.0,960.3975143100819,10.0,8.165315628051758,,,,,11.0,16.0,17.0
2025-08-12 08:32:12,1876.7127272727273,943.9418181818181,1411.2581818181818,20.56831865935237,100.0,960.3840848281294,10.0,8.17772388458252,,,,,11.0,15.0,15.0
2025-08-12 08:32:15,1876.7127272727273,942.08,1409.3963636363637,20.547722275048727,100.0,960.3523398400935,10.0,8.183907508850098,,,,,11.0,15.0,15.0
2025-08-12 08:32:18,1876.7127272727273,942.08,1411.2581818181818,20.480784058221616,100.0,960.3582229095035,10.0,8.186208724975586,,,,,11.0,15.0,16.0
2025-08-12 08:32:21,1874.8509090909092,943.9418181818181,1411.2581818181818,20.47048587538302,100.0,960.3423494464744,10.0,8.17074203491211,,,,,10.0,15.0,16.0
2025-08-12 08:32:24,1876.7127272727273,943.9418181818181,1411.2581818181818,20.48593315007747,100.0,960.3661596802731,10.0,8.18053150177002,,,,,10.0,15.0,17.0
2025-08-12 08:32:27,1876.7127272727273,945.8036363636364,1414.9818181818182,20.55287137068808,100.0,960.3602760478996,10.0,8.172713279724121,,,,,11.0,15.0,17.0
2025-08-12 08:32:30,1876.7127272727273,943.9418181818181,1413.1200000000001,20.563169562839903,100.0,960.3488821281863,10.0,8.177860260009766,,,,,10.0,15.0,17.0
2025-08-12 08:32:33,1878.5745454545456,942.08,1413.1200000000001,20.661002446344355,100.0,960.417859744725,10.0,8.190393447875977,,,,,10.0,15.0,16.0
2025-08-12 08:32:36,1874.8509090909092,940.2181818181818,1411.2581818181818,20.63010784020298,100.0,960.3157064854053,10.0,8.176267623901367,,,,,10.0,15.0,17.0
2025-08-12 08:32:39,1876.7127272727273,942.08,1413.1200000000001,20.671300650719786,100.0,960.3791893860434,10.0,8.179699897766113,,,,,9.0,13.0,16.0
2025-08-12 08:32:42,1876.7127272727273,942.08,1413.1200000000001,20.7073443752015,100.0,960.3801930631661,10.0,8.178464889526367,,,,,10.0,14.0,17.0
2025-08-12 08:32:45,1876.7127272727273,942.08,1414.9818181818182,20.671300650719786,100.0,960.3791893860434,10.0,8.179699897766113,,,,,10.0,15.0,16.0
2025-08-12 08:32:48,1876.7127272727273,942.08,1416.8436363636363,20.68674795946572,100.0,960.4029959042309,10.0,8.179192543029785,,,,,10.0,15.0,16.0
2025-08-12 08:32:51,1874.8509090909092,938.3563636363637,1411.2581818181818,20.697046166751534,100.0,960.3915948738666,10.0,8.1795654296875,,,,,10.0,15.0,16.0
2025-08-12 08:32:57,1876.7127272727273,940.2181818181818,1411.2581818181818,20.71764258481562,100.0,960.4233365687446,10.0,8.183679580688477,,,,,10.0,15.0,16.0
2025-08-12 08:33:00,1874.8509090909092,940.2181818181818,1411.2581818181818,20.67644975334406,100.0,960.4416674609215,10.0,8.174814224243164,,,,,10.0,16.0,17.0
2025-08-12 08:33:03,1872.989090909091,942.08,1413.1200000000001,20.697046166751534,100.0,960.3643227193719,10.0,8.158208847045898,,,,,10.0,16.0,16.0
2025-08-12 08:33:06,1874.8509090909092,942.08,1414.9818181818182,20.712493479863042,100.0,960.4154011059233,10.0,8.168028831481934,,,,,9.0,15.0,15.0
2025-08-12 08:33:09,1874.8509090909092,938.3563636363637,1411.2581818181818,20.702195270830998,100.0,960.3449855163727,10.0,8.179341316223145,,,,,9.0,15.0,15.0
2025-08-12 08:33:12,1874.8509090909092,940.2181818181818,1414.9818181818182,20.697046166751534,100.0,960.3643227193719,10.0,8.174028396606445,,,,,10.0,16.0,16.0
2025-08-12 08:33:15,1874.8509090909092,943.9418181818181,1414.9818181818182,20.697046166751534,100.0,960.3643227193719,10.0,8.16298770904541,,,,,10.0,18.0,19.0
2025-08-12 08:33:18,1874.8509090909092,942.08,1413.1200000000001,20.650704243133077,100.0,960.3474477269821,10.0,8.170079231262207,,,,,11.0,19.0,21.0
2025-08-12 08:33:21,1876.7127272727273,943.9418181818181,1418.7054545454546,20.72279169005924,100.0,960.3494522629907,10.0,8.172382354736328,,,,,11.0,21.0,22.0
2025-08-12 08:33:24,1874.8509090909092,938.3563636363637,1411.2581818181818,20.748537220642902,100.0,960.361852355066,10.0,8.17777156829834,,,,,11.0,21.0,22.0
2025-08-12 08:33:27,1874.8509090909092,940.2181818181818,1414.9818181818182,20.76398454248556,100.0,960.3856566597821,10.0,8.171746253967285,,,,,11.0,21.0,22.0
2025-08-12 08:33:30,1872.989090909091,942.08,1413.1200000000001,20.78458097568364,100.0,960.3355683960679,10.0,8.155170440673828,,,,,10.0,18.0,18.0
2025-08-12 08:33:33,1874.8509090909092,938.3563636363637,1411.2581818181818,20.77943186694756,100.0,960.3276341749065,10.0,8.176675796508789,,,,,11.0,19.0,19.0
2025-08-12 08:33:36,1872.989090909091,936.4945454545455,1413.1200000000001,20.77943186694756,100.0,960.4094611988824,10.0,8.171985626220703,,,,,11.0,19.0,19.0
2025-08-12 08:33:39,1872.989090909091,938.3563636363637,1413.1200000000001,20.825773856049636,100.0,960.4535984969949,10.0,8.16492748260498,,,,,10.0,17.0,17.0
2025-08-12 08:33:42,1871.1272727272728,936.4945454545455,1413.1200000000001,20.8000283036381,100.0,960.3593712157376,10.0,8.160926818847656,,,,,11.0,17.0,17.0
2025-08-12 08:33:45,1872.989090909091,938.3563636363637,1414.9818181818182,20.825773856049636,100.0,960.3990431023472,10.0,8.164867401123047,,,,,11.0,17.0,17.0
2025-08-12 08:33:48,1871.1272727272728,940.2181818181818,1413.1200000000001,20.83092296740506,100.0,960.3524217851228,10.0,8.148823738098145,,,,,9.0,15.0,15.0
2025-08-12 08:33:51,1871.1272727272728,938.3563636363637,1413.1200000000001,20.80517741353833,100.0,960.3945823260889,10.0,8.15527057647705,,,,,10.0,15.0,15.0
2025-08-12 08:33:57,1871.1272727272728,936.4945454545455,1411.2581818181818,20.78458097568364,100.0,960.3628442780953,10.0,8.16146183013916,,,,,10.0,15.0,16.0
2025-08-12 08:34:03,1871.1272727272728,934.6327272727274,1413.1200000000001,20.856668528547743,100.0,960.3648132069644,10.0,8.164505004882812,,,,,11.0,16.0,17.0
2025-08-12 08:34:06,1871.1272727272728,938.3563636363637,1414.9818181818182,20.918457904976094,100.0,960.4054587935045,10.0,8.151392936706543,,,,,11.0,16.0,17.0
2025-08-12 08:34:09,1869.2654545454548,936.4945454545455,1413.1200000000001,20.856668528547743,100.0,960.4193712004327,10.0,8.148750305175781,,,,,10.0,14.0,15.0
2025-08-12 08:34:12,1871.1272727272728,934.6327272727274,1411.2581818181818,20.825773856049636,100.0,960.3990431023472,10.0,8.165599822998047,,,,,11.0,15.0,16.0
2025-08-12 08:34:15,1869.2654545454548,932.7709090909091,1411.2581818181818,20.846370303217554,100.0,960.3489454167265,10.0,8.160061836242676,,,,,12.0,15.0,16.0
2025-08-12 08:34:18,1871.1272727272728,936.4945454545455,1413.1200000000001,20.8103265237296,100.0,960.3752398923182,10.0,8.160590171813965,,,,,11.0,14.0,16.0
2025-08-12 08:34:21,1869.2654545454548,934.6327272727274,1411.2581818181818,20.8000283036381,100.0,960.3048181522929,10.0,8.15609073638916,,,,,10.0,14.0,15.0
2025-08-12 08:34:24,1867.4036363636365,940.2181818181818,1416.8436363636363,20.83092296740506,100.0,960.4069775577238,10.0,8.128296852111816,,,,,10.0,14.0,15.0
2025-08-12 08:34:27,1867.4036363636365,936.4945454545455,1414.9818181818182,20.846370303217554,100.0,960.4035025071294,10.0,8.138789176940918,,,,,11.0,15.0,16.0
2025-08-12 08:34:30,1867.4036363636365,936.4945454545455,1413.1200000000001,20.866966755042085,100.0,960.435239997743,10.0,8.138121604919434,,,,,11.0,14.0,16.0
2025-08-12 08:34:33,1869.2654545454548,934.6327272727274,1411.2581818181818,20.923607021570206,100.0,960.3315470410755,10.0,8.151880264282227,,,,,10.0,14.0,15.0
2025-08-12 08:34:36,1869.2654545454548,936.4945454545455,1414.9818181818182,20.87726498270058,100.0,960.3692692272219,10.0,8.147994041442871,,,,,10.0,13.0,15.0
2025-08-12 08:34:39,1869.2654545454548,932.7709090909091,1411.2581818181818,20.928756138455356,100.0,960.3940443151894,10.0,8.157285690307617,,,,,9.0,14.0,16.0
2025-08-12 08:34:42,1867.4036363636365,936.4945454545455,1414.9818181818182,20.95450172724668,100.0,960.4064294741704,10.0,8.135087013244629,,,,,9.0,14.0,15.0
2025-08-12 08:34:45,1869.2654545454548,936.4945454545455,1414.9818181818182,20.928756138455356,100.0,960.3667622404683,10.0,8.146212577819824,,,,,9.0,13.0,14.0
2025-08-12 08:34:48,1867.4036363636365,936.4945454545455,1414.9818181818182,20.949352608906338,100.0,960.425778953322,10.0,8.135285377502441,,,,,8.0,11.0,12.0
2025-08-12 08:34:51,1865.5418181818181,932.7709090909091,1411.2581818181818,20.985396443400532,100.0,960.3994619498989,10.0,8.134757995605469,,,,,9.0,12.0,12.0
2025-08-12 08:34:54,1865.5418181818181,936.4945454545455,1414.9818181818182,20.969949084013933,100.0,960.4029462633844,10.0,8.124258041381836,,,,,8.0,11.0,11.0
2025-08-12 08:35:00,1867.4036363636365,936.4945454545455,1414.9818181818182,20.969949084013933,100.0,960.3483785935567,10.0,8.134491920471191,,,,,9.0,12.0,12.0
2025-08-12 08:35:06,1865.5418181818181,938.3563636363637,1413.1200000000001,20.85151941573713,100.0,960.3296005554697,10.0,8.122720718383789,,,,,12.0,13.0,13.0
2025-08-12 08:35:12,1865.5418181818181,936.4945454545455,1411.2581818181818,20.8000283036381,100.0,960.4139243527518,10.0,8.130102157592773,,,,,13.0,15.0,15.0
2025-08-12 08:35:15,1867.4036363636365,934.6327272727274,1411.2581818181818,20.80517741353833,100.0,960.3673055410159,10.0,8.145684242248535,,,,,12.0,14.0,14.0
2025-08-12 08:35:18,1865.5418181818181,934.6327272727274,1409.3963636363637,20.738239007536322,100.0,960.3459829488316,10.0,8.137664794921875,,,,,12.0,16.0,17.0
2025-08-12 08:35:24,1865.5418181818181,938.3563636363637,1413.1200000000001,20.68674795946572,100.0,960.3484524798673,10.0,8.128402709960938,,,,,11.0,16.0,17.0
2025-08-12 08:35:30,1865.5418181818181,938.3563636363637,1411.2581818181818,20.866966755042085,100.0,960.353401680531,10.0,8.122218132019043,,,,,11.0,17.0,18.0
2025-08-12 08:35:33,1865.5418181818181,938.3563636363637,1413.1200000000001,20.83092296740506,100.0,960.3524217851228,10.0,8.123456001281738,,,,,9.0,15.0,16.0
2025-08-12 08:35:36,1867.4036363636365,936.4945454545455,1407.5345454545454,20.846370303217554,100.0,960.4035025071294,10.0,8.138789176940918,,,,,9.0,15.0,17.0
2025-08-12 08:35:39,1867.4036363636365,938.3563636363637,1411.2581818181818,20.908159672660986,100.0,960.4168724910259,10.0,8.131168365478516,,,,,9.0,15.0,16.0
2025-08-12 08:35:42,1865.5418181818181,938.3563636363637,1413.1200000000001,21.02658941457048,100.0,960.4356421969965,10.0,8.11683464050293,,,,,9.0,13.0,14.0
2025-08-12 08:35:45,1865.5418181818181,936.4945454545455,1411.2581818181818,21.011142048198963,100.0,960.3572715125305,10.0,8.122794151306152,,,,,8.0,13.0,14.0
2025-08-12 08:35:51,1867.4036363636365,934.6327272727274,1411.2581818181818,21.016291170031764,100.0,960.3924900145506,10.0,8.138468742370605,,,,,9.0,14.0,15.0
2025-08-12 08:35:57,1865.5418181818181,934.6327272727274,1413.1200000000001,21.021440292155603,100.0,960.4277090124656,10.0,8.128031730651855,,,,,10.0,15.0,16.0
2025-08-12 08:36:03,1865.5418181818181,934.6327272727274,1409.3963636363637,20.98024732331396,100.0,960.4188130427442,10.0,8.129436492919922,,,,,11.0,15.0,16.0
2025-08-12 08:36:06,1865.5418181818181,938.3563636363637,1411.2581818181818,20.99569468444679,100.0,960.36075854258,10.0,8.117810249328613,,,,,11.0,15.0,15.0
2025-08-12 08:36:09,1865.5418181818181,934.6327272727274,1409.3963636363637,21.011142048198963,100.0,960.384557107658,10.0,8.128338813781738,,,,,10.0,15.0,15.0
2025-08-12 08:36:15,1865.5418181818181,936.4945454545455,1409.3963636363637,20.99054556377814,100.0,960.4346799258896,10.0,8.123580932617188,,,,,10.0,13.0,14.0
2025-08-12 08:36:21,1867.4036363636365,936.4945454545455,1411.2581818181818,20.969949084013933,100.0,960.4029462633844,10.0,8.134552001953125,,,,,10.0,13.0,15.0
2025-08-12 08:36:27,1867.4036363636365,938.3563636363637,1413.1200000000001,20.975098203518428,100.0,960.3563115187097,10.0,8.128801345825195,,,,,11.0,16.0,18.0
2025-08-12 08:36:30,1865.5418181818181,938.3563636363637,1411.2581818181818,20.918457904976094,100.0,960.4327404534798,10.0,8.120537757873535,,,,,10.0,17.0,18.0
2025-08-12 08:36:36,1867.4036363636365,940.2181818181818,1413.1200000000001,20.95965084587806,100.0,960.3870795878273,10.0,8.123847007751465,,,,,10.0,20.0,21.0
2025-08-12 08:36:39,1869.2654545454548,943.9418181818181,1414.9818181818182,20.964799964800477,100.0,960.3677292942905,10.0,8.122919082641602,,,,,11.0,20.0,22.0
2025-08-12 08:36:45,1867.4036363636365,936.4945454545455,1409.3963636363637,20.949352608906338,100.0,960.425778953322,10.0,8.135285377502441,,,,,12.0,19.0,21.0
2025-08-12 08:36:51,1869.2654545454548,938.3563636363637,1411.2581818181818,20.91330878867302,100.0,960.3702436092572,10.0,8.141242027282715,,,,,12.0,18.0,20.0
2025-08-12 08:36:57,1867.4036363636365,938.3563636363637,1411.2581818181818,20.944203490857035,100.0,960.3632797691602,10.0,8.129874229431152,,,,,12.0,17.0,18.0
2025-08-12 08:37:03,1867.4036363636365,936.4945454545455,1413.1200000000001,20.985396443400532,100.0,960.372177446856,10.0,8.133986473083496,,,,,11.0,17.0,17.0
2025-08-12 08:37:06,1869.2654545454548,934.6327272727274,1411.2581818181818,21.042036783561343,100.0,960.4048679881031,10.0,8.147895812988281,,,,,11.0,17.0,17.0
2025-08-12 08:37:09,1869.2654545454548,930.909090909091,1411.2581818181818,21.06778240436688,100.0,960.3899563282819,10.0,8.1580228805542,,,,,11.0,17.0,18.0
2025-08-12 08:37:15,1869.2654545454548,929.0472727272728,1407.5345454545454,20.99054556377814,100.0,960.3528257394278,10.0,8.16615104675293,,,,,11.0,18.0,20.0
2025-08-12 08:37:21,1867.4036363636365,938.3563636363637,1413.1200000000001,20.866966755042085,100.0,960.3261222782529,10.0,8.13248348236084,,,,,9.0,15.0,19.0
2025-08-12 08:37:24,1869.2654545454548,932.7709090909091,1411.2581818181818,20.918457904976094,100.0,960.3781771519285,10.0,8.157617568969727,,,,,11.0,16.0,20.0
2025-08-12 08:37:27,1869.2654545454548,930.909090909091,1409.3963636363637,20.985396443400532,100.0,960.4267464713447,10.0,8.16089153289795,,,,,10.0,14.0,18.0
2025-08-12 08:37:30,1867.4036363636365,930.909090909091,1411.2581818181818,21.06778240436688,100.0,960.3899563282819,10.0,8.147729873657227,,,,,9.0,13.0,17.0
2025-08-12 08:37:36,1867.4036363636365,929.0472727272728,1411.2581818181818,21.078080654726364,100.0,960.4058213834775,10.0,8.152911186218262,,,,,9.0,13.0,16.0
2025-08-12 08:37:39,1865.5418181818181,929.0472727272728,1411.2581818181818,21.047185907140374,100.0,960.4400880003553,10.0,8.143714904785156,,,,,9.0,13.0,14.0
2025-08-12 08:37:42,1865.5418181818181,925.3236363636365,1409.3963636363637,21.072931529401103,100.0,960.425177110629,10.0,8.153844833374023,,,,,9.0,13.0,14.0
2025-08-12 08:37:45,1865.5418181818181,927.1854545454546,1411.2581818181818,21.052335031010443,100.0,960.4480210887106,10.0,8.149065017700195,,,,,10.0,14.0,15.0
2025-08-12 08:37:48,1865.5418181818181,925.3236363636365,1409.3963636363637,21.047185907140374,100.0,960.3582265287868,10.0,8.154657363891602,,,,,9.0,13.0,13.0
2025-08-12 08:37:51,1863.68,929.0472727272728,1411.2581818181818,21.06778240436688,100.0,960.444532430523,10.0,8.13271427154541,,,,,10.0,15.0,15.0
2025-08-12 08:37:54,1863.68,923.4618181818182,1407.5345454545454,21.062633279623697,100.0,960.3820238395426,10.0,8.149374008178711,,,,,11.0,15.0,16.0
2025-08-12 08:37:57,1865.5418181818181,927.1854545454546,1414.9818181818182,21.052335031010443,100.0,960.3388715936344,10.0,8.148941040039062,,,,,11.0,16.0,17.0
2025-08-12 08:38:00,1863.68,925.3236363636365,1411.2581818181818,21.016291170031764,100.0,960.3106326070437,10.0,8.145371437072754,,,,,11.0,15.0,16.0
2025-08-12 08:38:03,1865.5418181818181,923.4618181818182,1411.2581818181818,21.000843805406475,100.0,960.3414062281008,10.0,8.161750793457031,,,,,11.0,15.0,16.0
2025-08-12 08:38:09,1865.5418181818181,925.3236363636365,1411.2581818181818,21.011142048198963,100.0,960.3572715125305,10.0,8.15589714050293,,,,,11.0,16.0,17.0
2025-08-12 08:38:12,1865.5418181818181,923.4618181818182,1409.3963636363637,21.031738537276397,100.0,960.3617159127052,10.0,8.160706520080566,,,,,11.0,16.0,18.0
2025-08-12 08:38:15,1865.5418181818181,921.6000000000001,1409.3963636363637,21.062633279623697,100.0,960.3820238395426,10.0,8.165188789367676,,,,,11.0,15.0,17.0
2025-08-12 08:38:21,1865.5418181818181,925.3236363636365,1409.3963636363637,21.0059929266572,100.0,960.4039096144496,10.0,8.156122207641602,,,,,11.0,15.0,15.0
2025-08-12 08:38:24,1865.5418181818181,927.1854545454546,1411.2581818181818,21.011142048198963,100.0,960.3027003774894,10.0,8.150312423706055,,,,,11.0,15.0,16.0
2025-08-12 08:38:27,1865.5418181818181,925.3236363636365,1413.1200000000001,21.047185907140374,100.0,960.4128008247591,10.0,8.154717445373535,,,,,10.0,15.0,16.0
2025-08-12 08:38:30,1865.5418181818181,925.3236363636365,1409.3963636363637,21.072931529401103,100.0,960.425177110629,10.0,8.153844833374023,,,,,11.0,16.0,17.0
2025-08-12 08:38:33,1865.5418181818181,925.3236363636365,1409.3963636363637,21.05748415517155,100.0,960.4286665758174,10.0,8.154380798339844,,,,,11.0,17.0,17.0
2025-08-12 08:38:36,1867.4036363636365,927.1854545454546,1413.1200000000001,21.011142048198963,100.0,960.384557107658,10.0,8.160701751708984,,,,,11.0,15.0,15.0
2025-08-12 08:38:39,1865.5418181818181,927.1854545454546,1409.3963636363637,21.03688766027335,100.0,960.396935177366,10.0,8.149537086486816,,,,,11.0,16.0,16.0
2025-08-12 08:38:45,1865.5418181818181,925.3236363636365,1407.5345454545454,21.047185907140374,100.0,960.3855136675696,10.0,8.154685020446777,,,,,11.0,16.0,16.0
2025-08-12 08:38:51,1863.68,925.3236363636365,1407.5345454545454,21.0059929266572,100.0,960.3493388573486,10.0,8.145770072937012,,,,,11.0,16.0,18.0
2025-08-12 08:38:57,1867.4036363636365,930.909090909091,1411.2581818181818,20.969949084013933,100.0,960.3210947862462,10.0,8.15101432800293,,,,,11.0,15.0,17.0
2025-08-12 08:39:00,1865.5418181818181,927.1854545454546,1407.5345454545454,20.964799964800477,100.0,960.3950129126293,10.0,8.152007102966309,,,,,10.0,14.0,16.0
2025-08-12 08:39:03,1867.4036363636365,927.1854545454546,1407.5345454545454,21.011142048198963,100.0,960.384557107658,10.0,8.160701751708984,,,,,10.0,14.0,15.0
2025-08-12 08:39:09,1865.5418181818181,929.0472727272728,1411.2581818181818,21.021440292155603,100.0,960.400422947373,10.0,8.144556045532227,,,,,11.0,14.0,15.0
2025-08-12 08:39:15,1867.4036363636365,932.7709090909091,1413.1200000000001,21.031738537276397,100.0,960.4162888907983,10.0,8.143477439880371,,,,,10.0,13.0,14.0
2025-08-12 08:39:21,1867.4036363636365,932.7709090909091,1409.3963636363637,20.98024732331396,100.0,960.4188130427442,10.0,8.145244598388672,,,,,9.0,12.0,13.0
2025-08-12 08:39:27,1869.2654545454548,932.7709090909091,1409.3963636363637,20.964799964800477,100.0,960.3950129126293,10.0,8.156050682067871,,,,,8.0,11.0,12.0
2025-08-12 08:39:33,1869.2654545454548,936.4945454545455,1411.2581818181818,21.02658941457048,100.0,960.4356421969965,10.0,8.142935752868652,,,,,10.0,14.0,15.0
2025-08-12 08:39:36,1867.4036363636365,934.6327272727274,1411.2581818181818,21.000843805406475,100.0,960.3414062281008,10.0,8.138941764831543,,,,,10.0,14.0,15.0
2025-08-12 08:39:39,1869.2654545454548,934.6327272727274,1411.2581818181818,21.062633279623697,100.0,960.4638873431629,10.0,8.147248268127441,,,,,10.0,14.0,14.0
2025-08-12 08:39:42,1869.2654545454548,938.3563636363637,1411.2581818181818,21.083229780342663,100.0,960.41375394993,10.0,8.135457992553711,,,,,11.0,14.0,14.0
2025-08-12 08:39:45,1869.2654545454548,936.4945454545455,1411.2581818181818,21.052335031010443,100.0,960.366158939793,10.0,8.14198112487793,,,,,12.0,15.0,15.0
2025-08-12 08:39:48,1869.2654545454548,938.3563636363637,1411.2581818181818,21.042036783561343,100.0,960.4048679881031,10.0,8.136862754821777,,,,,12.0,15.0,15.0
2025-08-12 08:39:51,1869.2654545454548,940.2181818181818,1414.9818181818182,21.02658941457048,100.0,960.408355906123,10.0,8.131869316101074,,,,,12.0,16.0,16.0
2025-08-12 08:39:54,1871.1272727272728,938.3563636363637,1413.1200000000001,21.042036783561343,100.0,960.3502941436952,10.0,8.14709186553955,,,,,12.0,16.0,16.0
2025-08-12 08:39:57,1867.4036363636365,936.4945454545455,1411.2581818181818,21.06778240436688,100.0,960.3899563282819,10.0,8.13117504119873,,,,,12.0,15.0,17.0
2025-08-12 08:40:03,1871.1272727272728,938.3563636363637,1413.1200000000001,21.05748415517155,100.0,960.3740913767126,10.0,8.146585464477539,,,,,12.0,16.0,17.0
2025-08-12 08:40:06,1871.1272727272728,936.4945454545455,1411.2581818181818,21.042036783561343,100.0,960.4048679881031,10.0,8.152668952941895,,,,,12.0,15.0,16.0
2025-08-12 08:40:12,1869.2654545454548,940.2181818181818,1413.1200000000001,21.000843805406475,100.0,960.4232617140217,10.0,8.132777214050293,,,,,12.0,15.0,17.0
2025-08-12 08:40:15,1871.1272727272728,934.6327272727274,1411.2581818181818,21.021440292155603,100.0,960.3185648625263,10.0,8.158799171447754,,,,,12.0,16.0,17.0
2025-08-12 08:40:21,1871.1272727272728,938.3563636363637,1411.2581818181818,21.011142048198963,100.0,960.41184272119,10.0,8.14821720123291,,,,,12.0,17.0,17.0
2025-08-12 08:40:27,1871.1272727272728,938.3563636363637,1411.2581818181818,21.08837890625,100.0,960.4762644508093,10.0,8.14564037322998,,,,,12.0,22.0,22.0
2025-08-12 08:40:33,1871.1272727272728,940.2181818181818,1413.1200000000001,21.09867715893779,100.0,960.4102624264556,10.0,8.139701843261719,,,,,12.0,20.0,20.0
2025-08-12 08:40:36,1871.1272727272728,938.3563636363637,1411.2581818181818,21.05748415517155,100.0,960.4559542029806,10.0,8.146678924560547,,,,,11.0,19.0,19.0
2025-08-12 08:40:39,1872.989090909091,938.3563636363637,1411.2581818181818,21.078080654726364,100.0,960.3512444517291,10.0,8.15615177154541,,,,,12.0,20.0,21.0
2025-08-12 08:40:45,1872.989090909091,940.2181818181818,1414.9818181818182,21.078080654726364,100.0,960.4603983888593,10.0,8.15075397491455,,,,,11.0,20.0,21.0
2025-08-12 08:40:48,1871.1272727272728,938.3563636363637,1409.3963636363637,21.031738537276397,100.0,960.3890023925488,10.0,8.147489547729492,,,,,11.0,17.0,18.0
2025-08-12 08:40:51,1871.1272727272728,942.08,1414.9818181818182,21.078080654726364,100.0,960.4058213834775,10.0,8.134885787963867,,,,,11.0,17.0,18.0
2025-08-12 08:40:54,1872.989090909091,938.3563636363637,1413.1200000000001,21.05748415517155,100.0,960.3740913767126,10.0,8.156886100769043,,,,,12.0,18.0,19.0
2025-08-12 08:40:57,1872.989090909091,938.3563636363637,1413.1200000000001,21.052335031010443,100.0,960.420733687331,10.0,8.157114028930664,,,,,12.0,17.0,18.0
2025-08-12 08:41:00,1872.989090909091,938.3563636363637,1411.2581818181818,21.06778240436688,100.0,960.3899563282819,10.0,8.156547546386719,,,,,11.0,16.0,18.0
2025-08-12 08:41:03,1872.989090909091,938.3563636363637,1413.1200000000001,21.078080654726364,100.0,960.3785329083989,10.0,8.156182289123535,,,,,11.0,15.0,17.0
2025-08-12 08:41:06,1872.989090909091,938.3563636363637,1413.1200000000001,21.031738537276397,100.0,960.3890023925488,10.0,8.157785415649414,,,,,11.0,16.0,17.0
2025-08-12 08:41:09,1872.989090909091,938.3563636363637,1413.1200000000001,21.021440292155603,100.0,960.4277090124656,10.0,8.158180236816406,,,,,11.0,15.0,16.0
2025-08-12 08:41:12,1874.8509090909092,938.3563636363637,1414.9818181818182,20.985396443400532,100.0,960.3448929622161,10.0,8.169626235961914,,,,,10.0,14.0,15.0
2025-08-12 08:41:15,1872.989090909091,938.3563636363637,1413.1200000000001,20.985396443400532,100.0,960.3994619498989,10.0,8.159382820129395,,,,,10.0,13.0,14.0
2025-08-12 08:41:21,1871.1272727272728,938.3563636363637,1413.1200000000001,21.016291170031764,100.0,960.3652041936434,10.0,8.147993087768555,,,,,11.0,14.0,15.0
2025-08-12 08:41:24,1871.1272727272728,934.6327272727274,1411.2581818181818,20.98024732331396,100.0,960.36424446981,10.0,8.160262107849121,,,,,11.0,14.0,15.0
2025-08-12 08:41:27,1871.1272727272728,934.6327272727274,1411.2581818181818,20.969949084013933,100.0,960.4575140068208,10.0,8.160717964172363,,,,,11.0,13.0,13.0
2025-08-12 08:41:33,1871.1272727272728,934.6327272727274,1411.2581818181818,20.969949084013933,100.0,960.4029462633844,10.0,8.160656929016113,,,,,11.0,12.0,14.0
2025-08-12 08:41:39,1869.2654545454548,934.6327272727274,1411.2581818181818,20.98024732331396,100.0,960.4188130427442,10.0,8.150031089782715,,,,,12.0,13.0,15.0
2025-08-12 08:41:46,1869.2654545454548,936.4945454545455,1411.2581818181818,20.95965084587806,100.0,960.3597961952639,10.0,8.145151138305664,,,,,11.0,14.0,15.0
2025-08-12 08:41:52,1872.989090909091,943.9418181818181,1414.9818181818182,20.856668528547743,100.0,960.3648132069644,10.0,8.147214889526367,,,,,11.0,19.0,21.0
2025-08-12 08:41:58,1871.1272727272728,938.3563636363637,1409.3963636363637,20.872115868725814,100.0,960.3886150873217,10.0,8.152962684631348,,,,,10.0,18.0,19.0
2025-08-12 08:42:01,1872.989090909091,938.3563636363637,1409.3963636363637,20.91330878867302,100.0,960.3429622118518,10.0,8.161798477172852,,,,,10.0,18.0,20.0
2025-08-12 08:42:04,1872.989090909091,938.3563636363637,1413.1200000000001,20.882414096966386,100.0,960.3772030395562,10.0,8.162896156311035,,,,,12.0,19.0,20.0
2025-08-12 08:42:07,1871.1272727272728,936.4945454545455,1411.2581818181818,20.87726498270058,100.0,960.4238289900395,10.0,8.158342361450195,,,,,11.0,18.0,19.0
2025-08-12 08:42:10,1872.989090909091,938.3563636363637,1413.1200000000001,20.820624744985253,100.0,960.391108672986,10.0,8.165029525756836,,,,,9.0,15.0,15.0
2025-08-12 08:42:16,1872.989090909091,934.6327272727274,1409.3963636363637,20.90301055693999,100.0,960.3816575661051,10.0,8.173224449157715,,,,,10.0,15.0,16.0
2025-08-12 08:42:22,1871.1272727272728,934.6327272727274,1411.2581818181818,20.95965084587806,100.0,960.4143629987926,10.0,8.161027908325195,,,,,9.0,13.0,14.0
2025-08-12 08:42:28,1871.1272727272728,930.909090909091,1409.3963636363637,20.95450172724668,100.0,960.4337126777616,10.0,8.172255516052246,,,,,9.0,12.0,14.0
2025-08-12 08:42:34,1869.2654545454548,934.6327272727274,1413.1200000000001,20.969949084013933,100.0,960.4302301259016,10.0,8.150391578674316,,,,,9.0,13.0,14.0
2025-08-12 08:42:40,1869.2654545454548,934.6327272727274,1411.2581818181818,20.99569468444679,100.0,960.3880434787751,10.0,8.149468421936035,,,,,9.0,13.0,13.0
2025-08-12 08:42:46,1869.2654545454548,934.6327272727274,1411.2581818181818,21.05748415517155,100.0,960.4286665758174,10.0,8.14738941192627,,,,,9.0,13.0,13.0
2025-08-12 08:42:52,1871.1272727272728,936.4945454545455,1413.1200000000001,21.08837890625,100.0,960.4489754873414,10.0,8.151127815246582,,,,,8.0,12.0,12.0
2025-08-12 08:42:58,1865.5418181818181,932.7709090909091,1409.3963636363637,21.05748415517155,100.0,960.4286665758174,10.0,8.132312774658203,,,,,9.0,13.0,13.0
2025-08-12 08:43:01,1869.2654545454548,936.4945454545455,1413.1200000000001,21.011142048198963,100.0,960.41184272119,10.0,8.143437385559082,,,,,9.0,13.0,13.0
2025-08-12 08:43:04,1867.4036363636365,932.7709090909091,1407.5345454545454,21.03688766027335,100.0,960.424221901397,10.0,8.143314361572266,,,,,9.0,14.0,15.0
2025-08-12 08:44:16,1869.2654545454548,940.2181818181818,1407.5345454545454,20.89786144151003,100.0,960.4010046324868,10.0,8.136283874511719,,,,,11.0,15.0,15.0
2025-08-12 08:44:22,1871.1272727272728,940.2181818181818,1407.5345454545454,20.89786144151003,100.0,960.4010046324868,10.0,8.14657974243164,,,,,11.0,17.0,17.0
2025-08-12 08:44:28,1869.2654545454548,940.2181818181818,1411.2581818181818,20.928756138455356,100.0,960.4486085198313,10.0,8.135278701782227,,,,,12.0,16.0,17.0
2025-08-12 08:44:34,1867.4036363636365,934.6327272727274,1405.6727272727273,20.98024732331396,100.0,960.4460973568155,10.0,8.139761924743652,,,,,12.0,16.0,17.0
2025-08-12 08:44:40,1869.2654545454548,934.6327272727274,1407.5345454545454,21.042036783561343,100.0,960.3775810566959,10.0,8.147865295410156,,,,,12.0,16.0,17.0
2025-08-12 08:44:46,1867.4036363636365,934.6327272727274,1409.3963636363637,21.047185907140374,100.0,960.4128008247591,10.0,8.137426376342773,,,,,12.0,17.0,17.0
2025-08-12 08:44:49,1867.4036363636365,932.7709090909091,1407.5345454545454,21.072931529401103,100.0,960.3978888429275,10.0,8.142043113708496,,,,,12.0,18.0,18.0
2025-08-12 08:44:52,1865.5418181818181,932.7709090909091,1411.2581818181818,21.09867715893779,100.0,960.382973066642,10.0,8.130852699279785,,,,,12.0,18.0,19.0
2025-08-12 08:44:55,1863.68,929.0472727272728,1407.5345454545454,21.11412454015226,100.0,960.3794797809396,10.0,8.131053924560547,,,,,12.0,19.0,20.0
2025-08-12 08:44:58,1865.5418181818181,925.3236363636365,1407.5345454545454,21.108975412789732,100.0,960.3715477364838,10.0,8.152552604675293,,,,,12.0,19.0,20.0
2025-08-12 08:45:01,1861.818181818182,925.3236363636365,1409.3963636363637,21.165615829784656,100.0,960.3769249293056,10.0,8.130022048950195,,,,,12.0,18.0,19.0
2025-08-12 08:45:04,1859.9563636363637,921.6000000000001,1407.5345454545454,21.11412454015226,100.0,960.4340598368829,10.0,8.132593154907227,,,,,12.0,20.0,22.0
2025-08-12 08:45:07,1856.2327272727275,916.0145454545454,1407.5345454545454,21.108975412789732,100.0,960.4261273408508,10.0,8.128722190856934,,,,,12.0,20.0,22.0
2025-08-12 08:45:10,1858.0945454545456,916.0145454545454,1409.3963636363637,21.072931529401103,100.0,960.425177110629,10.0,8.140251159667969,,,,,12.0,19.0,21.0
2025-08-12 08:45:13,1856.2327272727275,916.0145454545454,1407.5345454545454,21.016291170031764,100.0,960.4197758538627,10.0,8.131892204284668,,,,,10.0,18.0,21.0
2025-08-12 08:45:16,1854.3709090909092,916.0145454545454,1407.5345454545454,21.042036783561343,100.0,960.4048679881031,10.0,8.120702743530273,,,,,12.0,19.0,23.0
2025-08-12 08:45:19,1850.647272727273,910.429090909091,1405.6727272727273,21.042036783561343,100.0,960.3502941436952,10.0,8.116600036621094,,,,,12.0,20.0,23.0
2025-08-12 08:45:22,1850.647272727273,916.0145454545454,1411.2581818181818,21.016291170031764,100.0,960.4470617115796,10.0,8.101038932800293,,,,,11.0,20.0,23.0
2025-08-12 08:45:25,1848.7854545454547,914.1527272727274,1405.6727272727273,21.021440292155603,100.0,960.3731369006856,10.0,8.096002578735352,,,,,12.0,20.0,23.0
2025-08-12 08:45:28,1846.9236363636364,910.429090909091,1405.6727272727273,21.10382628571824,100.0,960.4454844747186,10.0,8.093992233276367,,,,,12.0,20.0,23.0
2025-08-12 08:45:34,1843.2000000000003,910.429090909091,1403.8109090909093,21.124422795750434,100.0,960.422634417849,10.0,8.07266902923584,,,,,12.0,19.0,21.0
2025-08-12 08:45:37,1841.338181818182,908.5672727272728,1403.8109090909093,21.15531756952987,100.0,960.4702288933727,10.0,8.066883087158203,,,,,12.0,18.0,21.0
2025-08-12 08:45:40,1841.338181818182,914.1527272727274,1407.5345454545454,21.11412454015226,100.0,960.4340598368829,10.0,8.051708221435547,,,,,11.0,18.0,20.0
2025-08-12 08:45:43,1841.338181818182,912.2909090909092,1405.6727272727273,21.165615829784656,100.0,960.431509390586,10.0,8.055451393127441,,,,,10.0,15.0,19.0
2025-08-12 08:45:46,1839.4763636363637,914.1527272727274,1403.8109090909093,21.165615829784656,100.0,960.431509390586,10.0,8.039642333984375,,,,,10.0,15.0,19.0
2025-08-12 08:45:49,1837.6145454545454,912.2909090909092,1403.8109090909093,21.20680888244533,100.0,960.4403788668649,10.0,8.034383773803711,,,,,10.0,14.0,18.0
2025-08-12 08:45:52,1841.338181818182,916.0145454545454,1403.8109090909093,21.165615829784656,100.0,960.431509390586,10.0,8.044422149658203,,,,,10.0,14.0,18.0
2025-08-12 08:45:55,1839.4763636363637,912.2909090909092,1401.949090909091,21.124422795750434,100.0,960.449924906604,10.0,8.046592712402344,,,,,9.0,14.0,17.0
2025-08-12 08:45:58,1837.6145454545454,916.0145454545454,1403.8109090909093,21.15531756952987,100.0,960.3610617034965,10.0,8.024106979370117,,,,,9.0,14.0,17.0
2025-08-12 08:46:01,1839.4763636363637,921.6000000000001,1405.6727272727273,21.10382628571824,100.0,960.4454844747186,10.0,8.0197114944458,,,,,9.0,15.0,18.0
2025-08-12 08:46:04,1839.4763636363637,921.6000000000001,1401.949090909091,21.072931529401103,100.0,960.343312362749,10.0,8.020661354064941,,,,,9.0,15.0,18.0
2025-08-12 08:46:07,1843.2000000000003,923.4618181818182,1405.6727272727273,21.047185907140374,100.0,960.3582265287868,10.0,8.03663444519043,,,,,11.0,17.0,20.0
2025-08-12 08:46:10,1843.2000000000003,923.4618181818182,1400.0872727272726,20.975098203518428,100.0,960.4381637283838,10.0,8.039196968078613,,,,,11.0,18.0,18.0
2025-08-12 08:46:16,1846.9236363636364,932.7709090909091,1403.8109090909093,20.846370303217554,100.0,960.3762239527302,10.0,8.036550521850586,,,,,12.0,23.0,30.0
2025-08-12 08:46:19,1846.9236363636364,932.7709090909091,1403.8109090909093,20.8103265237296,100.0,960.3752398923182,10.0,8.037785530090332,,,,,12.0,23.0,32.0
2025-08-12 08:46:22,1848.7854545454547,934.6327272727274,1405.6727272727273,20.78458097568364,100.0,960.4446720345269,10.0,8.043523788452148,,,,,12.0,23.0,31.0
2025-08-12 08:46:25,1850.647272727273,934.6327272727274,1403.8109090909093,20.76398454248556,100.0,960.412931693943,10.0,8.05449390411377,,,,,12.0,23.0,26.0
2025-08-12 08:46:28,1848.7854545454547,932.7709090909091,1403.8109090909093,20.774282758502522,100.0,960.4015263264766,10.0,8.049346923828125,,,,,11.0,21.0,23.0
2025-08-12 08:46:31,1850.647272727273,930.909090909091,1400.0872727272726,20.80517741353833,100.0,960.4218591295546,10.0,8.064120292663574,,,,,12.0,21.0,23.0
2025-08-12 08:46:34,1850.647272727273,932.7709090909091,1403.8109090909093,20.758835434913635,100.0,960.3777218654977,10.0,8.060147285461426,,,,,12.0,20.0,22.0
2025-08-12 08:46:40,1852.509090909091,932.7709090909091,1401.949090909091,20.691897062963108,100.0,960.3291156762268,10.0,8.072681427001953,,,,,12.0,20.0,21.0
2025-08-12 08:46:43,1850.647272727273,930.909090909091,1403.8109090909093,20.748537220642902,100.0,960.389126711952,10.0,8.06602668762207,,,,,10.0,17.0,17.0
2025-08-12 08:46:46,1854.3709090909092,930.909090909091,1405.6727272727273,20.72279169005924,100.0,960.4039987743625,10.0,8.087515830993652,,,,,11.0,17.0,17.0
2025-08-12 08:46:49,1854.3709090909092,930.909090909091,1405.6727272727273,20.76398454248556,100.0,960.412931693943,10.0,8.086116790771484,,,,,12.0,18.0,18.0
2025-08-12 08:46:52,1852.509090909091,930.909090909091,1403.8109090909093,20.815475634211907,100.0,960.3558970514365,10.0,8.073994636535645,,,,,12.0,18.0,18.0
2025-08-12 08:46:55,1852.509090909091,927.1854545454546,1401.949090909091,20.815475634211907,100.0,960.3831742696422,10.0,8.085050582885742,,,,,12.0,17.0,17.0
2025-08-12 08:46:58,1848.7854545454547,923.4618181818182,1401.949090909091,20.866966755042085,100.0,960.435239997743,10.0,8.073789596557617,,,,,12.0,17.0,19.0
2025-08-12 08:47:01,1850.647272727273,927.1854545454546,1405.6727272727273,20.85151941573713,100.0,960.3841580606137,10.0,8.073522567749023,,,,,11.0,15.0,17.0
2025-08-12 08:47:04,1850.647272727273,925.3236363636365,1403.8109090909093,20.89786144151003,100.0,960.4010046324868,10.0,8.077467918395996,,,,,11.0,14.0,15.0
2025-08-12 08:47:07,1850.647272727273,921.6000000000001,1403.8109090909093,20.918457904976094,100.0,960.3508955287517,10.0,8.087740898132324,,,,,12.0,14.0,16.0
2025-08-12 08:47:10,1848.7854545454547,916.0145454545454,1400.0872727272726,20.95965084587806,100.0,960.3870795878273,10.0,8.092619895935059,,,,,12.0,14.0,16.0
2025-08-12 08:47:13,1846.9236363636364,919.7381818181818,1401.949090909091,20.99569468444679,100.0,960.4153284333739,10.0,8.070085525512695,,,,,12.0,15.0,18.0
2025-08-12 08:47:16,1846.9236363636364,917.8763636363637,1401.949090909091,21.021440292155603,100.0,960.3731369006856,10.0,8.074668884277344,,,,,11.0,15.0,18.0
2025-08-12 08:47:19,1845.0618181818181,921.6000000000001,1405.6727272727273,21.016291170031764,100.0,960.3924900145506,10.0,8.053548812866211,,,,,11.0,15.0,18.0
2025-08-12 08:47:22,1843.2000000000003,919.7381818181818,1403.8109090909093,21.02658941457048,100.0,960.408355906123,10.0,8.048425674438477,,,,,11.0,16.0,17.0
2025-08-12 08:47:25,1845.0618181818181,919.7381818181818,1401.949090909091,21.011142048198963,100.0,960.4391283531265,10.0,8.059288024902344,,,,,11.0,17.0,19.0
2025-08-12 08:47:28,1843.2000000000003,916.0145454545454,1400.0872727272726,21.042036783561343,100.0,960.4321549379164,10.0,8.058960914611816,,,,,12.0,19.0,20.0
2025-08-12 08:47:31,1843.2000000000003,921.6000000000001,1401.949090909091,21.052335031010443,100.0,960.420733687331,10.0,8.042045593261719,,,,,11.0,19.0,20.0
2025-08-12 08:47:34,1843.2000000000003,919.7381818181818,1400.0872727272726,21.09867715893779,100.0,960.382973066642,10.0,8.045924186706543,,,,,11.0,18.0,19.0
2025-08-12 08:47:37,1843.2000000000003,925.3236363636365,1403.8109090909093,21.09867715893779,100.0,960.382973066642,10.0,8.029376029968262,,,,,10.0,18.0,19.0
2025-08-12 08:47:43,1845.0618181818181,921.6000000000001,1400.0872727272726,21.13472105251276,100.0,960.4384991395196,10.0,8.049530029296875,,,,,12.0,19.0,19.0
2025-08-12 08:47:46,1845.0618181818181,923.4618181818182,1401.949090909091,21.160466699511744,100.0,960.3962852991102,10.0,8.043083190917969,,,,,12.0,19.0,19.0
2025-08-12 08:47:49,1845.0618181818181,925.3236363636365,1400.0872727272726,21.13472105251276,100.0,960.4384991395196,10.0,8.038491249084473,,,,,11.0,18.0,18.0
2025-08-12 08:47:52,1846.9236363636364,925.3236363636365,1401.949090909091,21.15531756952987,100.0,960.4429370682843,10.0,8.048086166381836,,,,,12.0,18.0,18.0
2025-08-12 08:47:55,1846.9236363636364,925.3236363636365,1400.0872727272726,21.170764960348606,100.0,960.4394414938711,10.0,8.047553062438965,,,,,11.0,17.0,17.0
2025-08-12 08:47:58,1848.7854545454547,929.0472727272728,1403.8109090909093,21.15531756952987,100.0,960.4702288933727,10.0,8.047374725341797,,,,,12.0,19.0,19.0
2025-08-12 08:48:01,1846.9236363636364,925.3236363636365,1401.949090909091,21.160466699511744,100.0,960.4235773131649,10.0,8.047884941101074,,,,,11.0,18.0,18.0
2025-08-12 08:48:04,1846.9236363636364,925.3236363636365,1401.949090909091,21.20680888244533,100.0,960.4403788668649,10.0,8.046314239501953,,,,,12.0,18.0,18.0
2025-08-12 08:48:07,1846.9236363636364,925.3236363636365,1401.949090909091,21.211958015337586,100.0,960.4210164902157,10.0,8.046117782592773,,,,,13.0,18.0,18.0
2025-08-12 08:48:10,1848.7854545454547,927.1854545454546,1401.949090909091,21.165615829784656,100.0,960.4042171507391,10.0,8.052473068237305,,,,,12.0,17.0,17.0
2025-08-12 08:48:13,1848.7854545454547,923.4618181818182,1396.3636363636365,21.13987018133048,100.0,960.4191403914585,10.0,8.064403533935547,,,,,11.0,17.0,18.0
2025-08-12 08:48:16,1848.7854545454547,929.0472727272728,1405.6727272727273,21.129571923986077,100.0,960.430566765745,10.0,8.0482177734375,,,,,12.0,18.0,19.0
2025-08-12 08:48:19,1848.7854545454547,929.0472727272728,1401.949090909091,21.11412454015226,100.0,960.4340598368829,10.0,8.048751831054688,,,,,12.0,18.0,19.0
2025-08-12 08:48:22,1848.7854545454547,927.1854545454546,1400.0872727272726,21.150168439839035,100.0,960.4622964161011,10.0,8.053058624267578,,,,,10.0,16.0,17.0
2025-08-12 08:48:25,1848.7854545454547,927.1854545454546,1401.949090909091,21.18106322234962,100.0,960.4553057780223,10.0,8.051996231079102,,,,,12.0,17.0,18.0
2025-08-12 08:48:28,1852.509090909091,927.1854545454546,1403.8109090909093,21.222256281995215,100.0,960.3822905149104,10.0,8.071088790893555,,,,,11.0,16.0,17.0
2025-08-12 08:48:31,1850.647272727273,927.1854545454546,1401.949090909091,21.170764960348606,100.0,960.412149028231,10.0,8.062594413757324,,,,,12.0,17.0,18.0
2025-08-12 08:48:34,1852.509090909091,929.0472727272728,1401.949090909091,21.170764960348606,100.0,960.4394414938711,10.0,8.067405700683594,,,,,12.0,17.0,18.0
2025-08-12 08:48:37,1852.509090909091,930.909090909091,1401.949090909091,21.09867715893779,100.0,960.4102624264556,10.0,8.064332962036133,,,,,12.0,17.0,18.0
2025-08-12 08:48:40,1852.509090909091,932.7709090909091,1400.0872727272726,21.052335031010443,100.0,960.3934463043585,10.0,8.06038761138916,,,,,12.0,17.0,18.0
2025-08-12 09:49:53,1841.338181818182,904.8436363636364,1368.4363636363637,27.35508083939203,100.0,960.2550089813452,10.0,8.184747695922852,,,,,13.0,18.0,19.0
2025-08-12 09:49:56,1841.338181818182,904.8436363636364,1370.298181818182,27.40142617339734,100.0,960.325945250676,10.0,8.186610221862793,,,,,13.0,18.0,20.0
2025-08-12 09:49:59,1837.6145454545454,902.9818181818183,1370.298181818182,27.411725139711052,100.0,960.314149265497,10.0,8.183401107788086,,,,,14.0,19.0,20.0
2025-08-12 09:50:02,1837.6145454545454,899.2581818181819,1366.5745454545456,27.514714866876602,100.0,960.3064026095356,10.0,8.200174331665039,,,,,14.0,18.0,19.0
2025-08-12 09:50:05,1835.7527272727275,902.9818181818183,1366.5745454545456,27.576508759055287,100.0,960.3458403589793,10.0,8.186850547790527,,,,,15.0,20.0,21.0
2025-08-12 09:50:08,1835.7527272727275,899.2581818181819,1364.7127272727273,27.571359266439686,100.0,960.337959713885,10.0,8.198081970214844,,,,,15.0,19.0,21.0
2025-08-12 09:50:11,1835.7527272727275,899.2581818181819,1366.5745454545456,27.571359266439686,100.0,960.365526431675,10.0,8.197880744934082,,,,,15.0,19.0,20.0
2025-08-12 09:50:14,1837.6145454545454,901.12,1368.4363636363637,27.59195723864832,100.0,960.3143472425778,10.0,8.198359489440918,,,,,15.0,19.0,20.0
2025-08-12 09:50:17,1835.7527272727275,901.12,1368.4363636363637,27.525013845996,100.0,960.3497290415914,10.0,8.189898490905762,,,,,14.0,18.0,20.0
2025-08-12 09:50:20,1837.6145454545454,899.2581818181819,1366.5745454545456,27.519864356290782,100.0,960.2867189806609,10.0,8.200578689575195,,,,,14.0,19.0,19.0
2025-08-12 09:50:23,1833.8909090909092,897.3963636363636,1364.7127272727273,27.550761298887664,100.0,960.36156900726,10.0,8.197806358337402,,,,,14.0,19.0,19.0
2025-08-12 09:50:26,1835.7527272727275,897.3963636363636,1364.7127272727273,27.576508759055287,100.0,960.290706527224,10.0,8.2044038772583,,,,,14.0,19.0,19.0
2025-08-12 09:50:29,1832.0290909090909,895.5345454545455,1362.8509090909092,27.576508759055287,100.0,960.3458403589793,10.0,8.20018482208252,,,,,13.0,18.0,18.0
2025-08-12 09:50:32,1835.7527272727275,902.9818181818183,1366.5745454545456,27.370529281441122,100.0,960.3337703412528,10.0,8.176383018493652,,,,,13.0,19.0,19.0
2025-08-12 09:50:35,1835.7527272727275,899.2581818181819,1366.5745454545456,27.478668449126417,100.0,960.3063627215994,10.0,8.193558692932129,,,,,13.0,19.0,19.0
2025-08-12 09:50:38,1833.8909090909092,897.3963636363636,1362.8509090909092,27.545611807727255,100.0,960.3536880244044,10.0,8.19759464263916,,,,,13.0,19.0,19.0
2025-08-12 09:50:41,1832.0290909090909,895.5345454545455,1360.989090909091,27.59195723864832,100.0,960.3419148278633,10.0,8.20101261138916,,,,,12.0,18.0,19.0
2025-08-12 09:50:44,1833.8909090909092,899.2581818181819,1364.7127272727273,27.6537511832139,100.0,960.3262013790862,10.0,8.197616577148438,,,,,13.0,18.0,20.0
2025-08-12 09:50:47,1830.1672727272728,893.6727272727273,1359.1272727272728,27.715545169688994,100.0,960.3380426923461,10.0,8.208317756652832,,,,,13.0,18.0,19.0
2025-08-12 09:50:50,1832.0290909090909,897.3963636363636,1364.7127272727273,27.6537511832139,100.0,960.2710609471466,10.0,8.198960304260254,,,,,13.0,18.0,19.0
2025-08-12 09:50:56,1832.0290909090909,895.5345454545455,1362.8509090909092,27.74644217864261,100.0,960.3853198947512,10.0,8.208610534667969,,,,,13.0,18.0,19.0
2025-08-12 09:50:59,1828.3054545454547,891.8109090909091,1357.2654545454545,27.797937216848368,100.0,960.3538111552485,10.0,8.21338176727295,,,,,14.0,18.0,19.0
2025-08-12 09:51:02,1828.3054545454547,893.6727272727273,1360.989090909091,27.79278771171812,100.0,960.2632036874857,10.0,8.208048820495605,,,,,14.0,19.0,21.0
2025-08-12 09:51:05,1830.1672727272728,897.3963636363636,1362.8509090909092,27.72584417150938,100.0,960.3538016683073,10.0,8.197300910949707,,,,,14.0,21.0,21.0
2025-08-12 09:51:08,1828.3054545454547,897.3963636363636,1362.8509090909092,27.73099367285613,100.0,960.334107627507,10.0,8.192933082580566,,,,,15.0,24.0,24.0
2025-08-12 09:51:11,1830.1672727272728,899.2581818181819,1359.1272727272728,27.71039566921536,100.0,960.3853086110609,10.0,8.19056224822998,,,,,13.0,23.0,25.0
2025-08-12 09:51:14,1833.8909090909092,904.8436363636364,1360.989090909091,27.519864356290782,100.0,960.4245415381326,10.0,8.172893524169922,,,,,13.0,23.0,26.0
2025-08-12 09:51:17,1832.0290909090909,904.8436363636364,1360.989090909091,27.607405720860697,100.0,960.3104199190827,10.0,8.173437118530273,,,,,11.0,20.0,23.0
2025-08-12 09:51:20,1835.7527272727275,902.9818181818183,1360.989090909091,27.612555215513567,100.0,960.3183000459517,10.0,8.188895225524902,,,,,11.0,19.0,22.0
2025-08-12 09:51:23,1835.7527272727275,899.2581818181819,1359.1272727272728,27.602256226498866,100.0,960.3301078341807,10.0,8.199721336364746,,,,,11.0,19.0,21.0
2025-08-12 09:51:26,1835.7527272727275,902.9818181818183,1360.989090909091,27.643452189542586,100.0,960.3931511178057,10.0,8.189936637878418,,,,,12.0,19.0,21.0
2025-08-12 09:51:29,1835.7527272727275,901.12,1357.2654545454545,27.628003701218404,100.0,960.2868023197349,10.0,8.195630073547363,,,,,12.0,19.0,22.0
2025-08-12 09:51:32,1835.7527272727275,902.9818181818183,1360.989090909091,27.705246169032762,100.0,960.3774287277373,10.0,8.193220138549805,,,,,12.0,18.0,19.0
2025-08-12 09:51:35,1837.6145454545454,904.8436363636364,1359.1272727272728,27.72584417150938,100.0,960.3813750239251,10.0,8.193297386169434,,,,,12.0,18.0,21.0
2025-08-12 09:51:38,1837.6145454545454,902.9818181818183,1360.989090909091,27.833983760909177,100.0,960.3262302113301,10.0,8.2049560546875,,,,,12.0,17.0,19.0
2025-08-12 09:51:41,1835.7527272727275,901.12,1359.1272727272728,27.797937216848368,100.0,960.2986583149697,10.0,8.204257011413574,,,,,12.0,18.0,21.0
2025-08-12 09:51:44,1837.6145454545454,906.7054545454546,1360.989090909091,27.761890687048435,100.0,960.326234098804,10.0,8.189823150634766,,,,,11.0,18.0,21.0
2025-08-12 09:51:47,1837.6145454545454,904.8436363636364,1357.2654545454545,27.844282776117325,100.0,960.3695654990998,10.0,8.199457168579102,,,,,12.0,20.0,23.0
2025-08-12 09:51:50,1841.338181818182,910.429090909091,1360.989090909091,27.478668449126417,100.0,960.3614881807453,10.0,8.173155784606934,,,,,12.0,19.0,22.0
2025-08-12 09:51:53,1841.338181818182,908.5672727272728,1359.1272727272728,27.53531282627955,100.0,960.3103609748605,10.0,8.182141304016113,,,,,11.0,18.0,21.0
2025-08-12 09:51:56,1839.4763636363637,906.7054545454546,1360.989090909091,27.658900680486113,100.0,960.3065108080622,10.0,8.189459800720215,,,,,12.0,19.0,21.0
2025-08-12 09:51:59,1841.338181818182,908.5672727272728,1360.989090909091,27.715545169688994,100.0,960.2553240959162,10.0,8.191777229309082,,,,,11.0,18.0,20.0
2025-08-12 09:52:02,1841.338181818182,908.5672727272728,1359.1272727272728,27.519864356290782,100.0,960.3418479473013,10.0,8.18112850189209,,,,,12.0,18.0,19.0
2025-08-12 09:52:05,1843.2000000000003,914.1527272727274,1362.8509090909092,27.427173591364408,100.0,960.310234048603,10.0,8.164217948913574,,,,,12.0,18.0,19.0
2025-08-12 09:52:08,1843.2000000000003,910.429090909091,1355.4036363636365,27.35508083939203,100.0,960.2825663652736,10.0,8.172163963317871,,,,,13.0,18.0,18.0
2025-08-12 09:52:11,1843.2000000000003,914.1527272727274,1362.8509090909092,27.39112720824778,100.0,960.310181474021,10.0,8.162373542785645,,,,,11.0,16.0,17.0
2025-08-12 09:52:14,1845.0618181818181,914.1527272727274,1362.8509090909092,27.447771530976752,100.0,960.314199128315,10.0,8.17000961303711,,,,,11.0,17.0,18.0
2025-08-12 09:52:17,1845.0618181818181,912.2909090909092,1360.989090909091,27.411725139711052,100.0,960.2590296139399,10.0,8.17427921295166,,,,,12.0,17.0,19.0
2025-08-12 09:52:20,1846.9236363636364,910.429090909091,1357.2654545454545,27.473518962040544,100.0,960.3536066145133,10.0,8.187252044677734,,,,,12.0,18.0,19.0
2025-08-12 09:52:23,1846.9236363636364,910.429090909091,1360.989090909091,27.48381793650333,100.0,960.3142438583029,10.0,8.188063621520996,,,,,12.0,17.0,18.0
2025-08-12 09:52:26,1846.9236363636364,906.7054545454546,1357.2654545454545,27.545611807727255,100.0,960.2985568326945,10.0,8.202781677246094,,,,,13.0,19.0,20.0
2025-08-12 09:52:29,1846.9236363636364,910.429090909091,1360.989090909091,27.525013845996,100.0,960.3221643226167,10.0,8.1901216506958,,,,,13.0,18.0,20.0
2025-08-12 09:52:32,1846.9236363636364,916.0145454545454,1359.1272727272728,27.525013845996,100.0,960.3221643226167,10.0,8.172961235046387,,,,,12.0,17.0,18.0
2025-08-12 09:52:35,1850.647272727273,916.0145454545454,1360.989090909091,27.59195723864832,100.0,960.3143472425778,10.0,8.185994148254395,,,,,13.0,19.0,20.0
2025-08-12 09:52:38,1848.7854545454547,910.429090909091,1359.1272727272728,27.72584417150938,100.0,960.2986550134561,10.0,8.205352783203125,,,,,14.0,19.0,19.0
2025-08-12 09:52:41,1850.647272727273,912.2909090909092,1360.989090909091,27.818535240279743,100.0,960.27501781535,10.0,8.209319114685059,,,,,13.0,18.0,18.0
2025-08-12 09:52:44,1845.0618181818181,912.2909090909092,1357.2654545454545,27.612555215513567,100.0,960.2631631591736,10.0,8.18454360961914,,,,,14.0,19.0,19.0
2025-08-12 09:52:47,1848.7854545454547,914.1527272727274,1360.989090909091,27.628003701218404,100.0,960.341940564128,10.0,8.188587188720703,,,,,12.0,17.0,17.0
2025-08-12 09:52:50,1848.7854545454547,914.1527272727274,1360.989090909091,27.597106732428074,100.0,960.3773631688049,10.0,8.186753273010254,,,,,12.0,18.0,18.0
2025-08-12 09:52:53,1846.9236363636364,912.2909090909092,1359.1272727272728,27.705246169032762,100.0,960.3222838079159,10.0,8.19363021850586,,,,,13.0,18.0,18.0
2025-08-12 09:52:56,1850.647272727273,912.2909090909092,1360.989090909091,27.658900680486113,100.0,960.3065108080622,10.0,8.200910568237305,,,,,12.0,18.0,18.0
2025-08-12 09:52:59,1848.7854545454547,910.429090909091,1359.1272727272728,27.751591681153513,100.0,960.3380505909158,10.0,8.206387519836426,,,,,13.0,18.0,18.0
2025-08-12 09:53:02,1848.7854545454547,912.2909090909092,1362.8509090909092,27.86488081002608,100.0,960.3735010630539,10.0,8.206215858459473,,,,,12.0,18.0,18.0
2025-08-12 09:53:05,1848.7854545454547,910.429090909091,1359.1272727272728,27.931824452389264,100.0,960.3380129639451,10.0,8.215620040893555,,,,,13.0,18.0,18.0
2025-08-12 09:53:08,1850.647272727273,914.1527272727274,1364.7127272727273,27.942123478656868,100.0,960.3537684268877,10.0,8.209367752075195,,,,,12.0,17.0,17.0
2025-08-12 09:53:11,1848.7854545454547,912.2909090909092,1360.989090909091,28.003917660709703,100.0,960.2827914156805,10.0,8.213997840881348,,,,,12.0,17.0,17.0
2025-08-12 09:53:14,1848.7854545454547,910.429090909091,1362.8509090909092,28.065711884672055,100.0,960.2945493454042,10.0,8.222797393798828,,,,,12.0,17.0,17.0
2025-08-12 09:53:17,1846.9236363636364,908.5672727272728,1359.1272727272728,28.0966090123693,100.0,960.3418073358622,10.0,8.22498607635498,,,,,13.0,17.0,17.0
2025-08-12 09:53:20,1846.9236363636364,910.429090909091,1360.989090909091,28.163552824989893,100.0,960.3338338586833,10.0,8.222760200500488,,,,,11.0,16.0,16.0
2025-08-12 09:53:23,1846.9236363636364,908.5672727272728,1359.1272727272728,28.179001404118026,100.0,960.3574613296944,10.0,8.229098320007324,,,,,11.0,17.0,17.0
2025-08-12 09:53:26,1846.9236363636364,912.2909090909092,1360.989090909091,28.1687023510749,100.0,960.314117332046,10.0,8.217448234558105,,,,,10.0,16.0,16.0
2025-08-12 09:53:29,1848.7854545454547,912.2909090909092,1360.989090909091,28.1687023510749,100.0,960.2865250232321,10.0,8.222415924072266,,,,,11.0,16.0,16.0
2025-08-12 09:53:32,1846.9236363636364,914.1527272727274,1360.989090909091,28.101758534670807,100.0,960.3220942861207,10.0,8.208235740661621,,,,,12.0,18.0,18.0
2025-08-12 09:53:35,1846.9236363636364,912.2909090909092,1357.2654545454545,28.09145949035883,100.0,960.306341938966,10.0,8.213547706604004,,,,,12.0,17.0,17.0
2025-08-12 09:53:38,1850.647272727273,914.1527272727274,1360.989090909091,28.065711884672055,100.0,960.3221372410965,10.0,8.215921401977539,,,,,12.0,17.0,19.0
2025-08-12 09:53:41,1848.7854545454547,914.1527272727274,1357.2654545454545,27.99361862745718,100.0,960.3497925302582,10.0,8.207267761230469,,,,,12.0,17.0,18.0
2025-08-12 09:53:44,1850.647272727273,917.8763636363637,1360.989090909091,27.973020564444596,100.0,960.3182835001545,10.0,8.199767112731934,,,,,12.0,17.0,19.0
2025-08-12 09:53:47,1850.647272727273,917.8763636363637,1362.8509090909092,28.045113805361325,100.0,960.3733925477098,10.0,8.203067779541016,,,,,13.0,18.0,21.0
2025-08-12 09:53:50,1850.647272727273,916.0145454545454,1359.1272727272728,27.967871049419045,100.0,960.3104062995326,10.0,8.205286026000977,,,,,13.0,17.0,20.0
2025-08-12 09:53:53,1852.509090909091,919.7381818181818,1360.989090909091,27.967871049419045,100.0,960.3379900084894,10.0,8.19841480255127,,,,,13.0,16.0,19.0
2025-08-12 10:14:20,1865.5418181818181,927.1854545454546,1372.16,29.281006806209916,100.0,960.3573304585694,10.0,8.276077270507812,,,,,14.0,18.0,19.0
2025-08-12 10:14:26,1865.5418181818181,923.4618181818182,1368.4363636363637,29.2552588643739,100.0,960.3179964973095,10.0,8.286476135253906,,,,,14.0,19.0,21.0
2025-08-12 10:14:29,1863.68,921.6000000000001,1364.7127272727273,29.33250271170982,100.0,960.3254308329379,10.0,8.291335105895996,,,,,14.0,19.0,20.0
2025-08-12 10:14:32,1863.68,923.4618181818182,1368.4363636363637,29.363400268979603,100.0,960.4279154967825,10.0,8.286458969116211,,,,,14.0,18.0,20.0
2025-08-12 10:14:35,1863.68,921.6000000000001,1364.7127272727273,29.461242602788843,100.0,960.3562046298069,10.0,8.297711372375488,,,,,13.0,18.0,20.0
2025-08-12 10:14:38,1861.818181818182,925.3236363636365,1370.298181818182,29.394297836726764,100.0,960.3921814178257,10.0,8.277815818786621,,,,,13.0,19.0,20.0
2025-08-12 10:14:41,1863.68,927.1854545454546,1368.4363636363637,29.342801896302262,100.0,960.2858778073692,10.0,8.274991035461426,,,,,14.0,19.0,21.0
2025-08-12 10:14:47,1861.818181818182,925.3236363636365,1364.7127272727273,29.219211758027086,100.0,960.3182046405718,10.0,8.269371032714844,,,,,14.0,19.0,20.0
2025-08-12 10:14:50,1865.5418181818181,925.3236363636365,1368.4363636363637,29.25010927687981,100.0,960.3377684992363,10.0,8.280354499816895,,,,,13.0,19.0,19.0
2025-08-12 10:14:56,1863.68,929.0472727272728,1368.4363636363637,28.730002439115196,100.0,960.3441892605293,10.0,8.237449645996094,,,,,15.0,20.0,21.0
2025-08-12 10:14:59,1865.5418181818181,929.0472727272728,1370.298181818182,28.590964480448747,100.0,960.3249462297952,10.0,8.235227584838867,,,,,15.0,20.0,21.0
2025-08-12 10:15:02,1865.5418181818181,927.1854545454546,1366.5745454545456,28.49827262587496,100.0,960.2660688909967,10.0,8.236627578735352,,,,,14.0,20.0,22.0
2025-08-12 10:15:08,1867.4036363636365,932.7709090909091,1370.298181818182,28.333487339463318,100.0,960.3453518025428,10.0,8.215221405029297,,,,,15.0,22.0,24.0
2025-08-12 10:15:14,1869.2654545454548,932.7709090909091,1370.298181818182,28.101758534670807,100.0,960.3220942861207,10.0,8.208284378051758,,,,,15.0,21.0,25.0
2025-08-12 10:15:20,1871.1272727272728,930.909090909091,1370.298181818182,28.415879945416236,100.0,960.3057288469115,10.0,8.234984397888184,,,,,15.0,21.0,25.0
2025-08-12 10:15:26,1869.2654545454548,929.0472727272728,1368.4363636363637,28.621861786261434,100.0,960.3445682342918,10.0,8.246207237243652,,,,,14.0,20.0,24.0
2025-08-12 10:15:32,1867.4036363636365,925.3236363636365,1368.4363636363637,28.76089979207609,100.0,960.3637994149359,10.0,8.25986099243164,,,,,15.0,21.0,24.0
2025-08-12 10:15:38,1869.2654545454548,925.3236363636365,1372.16,28.92053628261783,100.0,960.3591939410486,10.0,8.272847175598145,,,,,14.0,20.0,22.0
2025-08-12 10:15:44,1865.5418181818181,919.7381818181818,1370.298181818182,29.095621787389973,100.0,960.3504585361535,10.0,8.289510726928711,,,,,15.0,21.0,22.0
2025-08-12 10:15:50,1863.68,917.8763636363637,1366.5745454545456,29.260408452159027,100.0,960.381141624953,10.0,8.298675537109375,,,,,14.0,19.0,20.0
2025-08-12 10:15:56,1861.818181818182,923.4618181818182,1372.16,29.34795148903504,100.0,960.4043153488512,10.0,8.281074523925781,,,,,13.0,17.0,17.0
2025-08-12 10:16:02,1865.5418181818181,921.6000000000001,1370.298181818182,29.22951092981384,100.0,960.3615766135391,10.0,8.290565490722656,,,,,13.0,17.0,17.0
2025-08-12 10:16:08,1861.818181818182,919.7381818181818,1366.5745454545456,29.322203528281534,100.0,960.364982211584,10.0,8.291472434997559,,,,,13.0,18.0,19.0
2025-08-12 10:16:11,1863.68,919.7381818181818,1368.4363636363637,29.33250271170982,100.0,960.3254308329379,10.0,8.297054290771484,,,,,12.0,17.0,18.0
2025-08-12 10:16:17,1861.818181818182,919.7381818181818,1368.4363636363637,29.404597028304124,100.0,960.3249777071353,10.0,8.29598331451416,,,,,13.0,18.0,20.0
2025-08-12 10:16:23,1863.68,921.6000000000001,1366.5745454545456,29.44064420799259,100.0,960.3523902892634,10.0,8.296688079833984,,,,,14.0,19.0,20.0
2025-08-12 10:16:29,1863.68,925.3236363636365,1368.4363636363637,29.15741675175377,100.0,960.2790712273659,10.0,8.271260261535645,,,,,13.0,18.0,20.0
2025-08-12 10:16:35,1863.68,930.909090909091,1370.298181818182,28.802096278988756,100.0,960.2886718001682,10.0,8.235821723937988,,,,,13.0,18.0,20.0
2025-08-12 10:16:41,1865.5418181818181,930.909090909091,1370.298181818182,28.61156268315972,100.0,960.3288239983304,10.0,8.230538368225098,,,,,13.0,18.0,20.0
2025-08-12 10:16:47,1865.5418181818181,929.0472727272728,1370.298181818182,28.714553766563768,100.0,960.2929598665922,10.0,8.241792678833008,,,,,13.0,18.0,19.0
2025-08-12 10:16:53,1867.4036363636365,929.0472727272728,1374.0218181818182,28.755750232521677,100.0,960.355928264376,10.0,8.24821662902832,,,,,13.0,19.0,20.0
2025-08-12 10:16:59,1865.5418181818181,923.4618181818182,1368.4363636363637,28.982331128238002,100.0,960.3154969747343,10.0,8.27251148223877,,,,,14.0,21.0,21.0
2025-08-12 10:17:05,1863.68,921.6000000000001,1368.4363636363637,29.111070524551906,100.0,960.3464307867669,10.0,8.279837608337402,,,,,14.0,20.0,20.0
2025-08-12 10:17:11,1861.818181818182,923.4618181818182,1370.298181818182,29.208912587404484,100.0,960.3577445441327,10.0,8.27427864074707,,,,,14.0,21.0,21.0
2025-08-12 10:17:14,1861.818181818182,921.6000000000001,1368.4363636363637,29.224361343774945,100.0,960.3537093195679,10.0,8.280820846557617,,,,,14.0,19.0,19.0
2025-08-12 10:17:20,1863.68,921.6000000000001,1368.4363636363637,29.322203528281534,100.0,960.3096985499469,10.0,8.290921211242676,,,,,14.0,18.0,21.0
2025-08-12 10:17:26,1861.818181818182,921.6000000000001,1368.4363636363637,29.430345012340695,100.0,960.3643058222412,10.0,8.291299819946289,,,,,13.0,18.0,22.0
2025-08-12 10:17:32,1859.9563636363637,923.4618181818182,1372.16,29.54363622853998,100.0,960.3437962526426,10.0,8.286772727966309,,,,,13.0,18.0,22.0
2025-08-12 10:17:38,1861.818181818182,921.6000000000001,1368.4363636363637,29.63117953753681,100.0,960.2562563843509,10.0,8.302371978759766,,,,,13.0,17.0,22.0
2025-08-12 10:17:44,1861.818181818182,923.4618181818182,1368.4363636363637,29.692974865116412,100.0,960.405931216067,10.0,8.29874038696289,,,,,13.0,17.0,22.0
2025-08-12 10:19:35,1854.3709090909092,912.2909090909092,1366.5745454545456,29.729022158891894,100.0,960.2673636004345,10.0,8.316827774047852,,,,,13.0,18.0,19.0
2025-08-12 10:19:41,1852.509090909091,910.429090909091,1362.8509090909092,29.893809969187714,100.0,960.3529739224614,10.0,8.325600624084473,,,,,12.0,17.0,19.0
2025-08-12 10:19:44,1852.509090909091,910.429090909091,1366.5745454545456,29.991652872558916,100.0,960.3363277879488,10.0,8.330731391906738,,,,,13.0,18.0,20.0
2025-08-12 10:19:47,1850.647272727273,912.2909090909092,1366.5745454545456,30.079196612001397,100.0,960.3315931778639,10.0,8.324769973754883,,,,,13.0,17.0,18.0
2025-08-12 10:19:50,1852.509090909091,910.429090909091,1364.7127272727273,30.084346246352652,100.0,960.3394532545196,10.0,8.335463523864746,,,,,13.0,18.0,19.0
2025-08-12 10:19:56,1850.647272727273,914.1527272727274,1362.8509090909092,30.022550653346116,100.0,960.2728056094026,10.0,8.31657886505127,,,,,13.0,18.0,20.0
2025-08-12 10:20:02,1850.647272727273,914.1527272727274,1364.7127272727273,30.007101761642843,100.0,960.3322391348369,10.0,8.315349578857422,,,,,14.0,20.0,22.0
2025-08-12 10:20:08,1852.509090909091,916.0145454545454,1364.7127272727273,30.007101761642843,100.0,960.3599103674768,10.0,8.314204216003418,,,,,14.0,23.0,26.0
2025-08-12 10:20:14,1854.3709090909092,919.7381818181818,1368.4363636363637,29.868061854183907,100.0,960.3136653440041,10.0,8.300740242004395,,,,,14.0,25.0,26.0
2025-08-12 10:20:17,1856.2327272727275,916.0145454545454,1364.7127272727273,29.90925884168246,100.0,960.2935582559165,10.0,8.31920051574707,,,,,13.0,25.0,26.0
2025-08-12 10:20:23,1856.2327272727275,916.0145454545454,1362.8509090909092,29.79081755282823,100.0,960.2510666233746,10.0,8.313434600830078,,,,,14.0,27.0,28.0
2025-08-12 10:20:26,1858.0945454545456,917.8763636363637,1366.5745454545456,29.87321147660259,100.0,960.3215270159312,10.0,8.316205978393555,,,,,14.0,25.0,26.0
2025-08-12 10:20:29,1856.2327272727275,916.0145454545454,1364.7127272727273,29.79596717088134,100.0,960.3142526786283,10.0,8.313249588012695,,,,,14.0,24.0,25.0
2025-08-12 10:20:32,1854.3709090909092,914.1527272727274,1364.7127272727273,29.832014505402185,100.0,960.3416253114618,10.0,8.315853118896484,,,,,13.0,23.0,24.0
2025-08-12 10:20:38,1852.509090909091,910.429090909091,1364.7127272727273,29.888660345604876,100.0,960.3174460243536,10.0,8.325589179992676,,,,,15.0,22.0,23.0
2025-08-12 10:20:41,1852.509090909091,906.7054545454546,1362.8509090909092,29.924707716796547,100.0,960.3448095103105,10.0,8.338680267333984,,,,,15.0,22.0,23.0
2025-08-12 10:20:44,1852.509090909091,908.5672727272728,1364.7127272727273,29.95560547488276,100.0,960.2813025331956,10.0,8.335000038146973,,,,,16.0,20.0,20.0
2025-08-12 10:20:47,1852.509090909091,910.429090909091,1368.4363636363637,29.90925884168246,100.0,960.3765593320583,10.0,8.32622241973877,,,,,15.0,19.0,19.0
2025-08-12 10:20:50,1848.7854545454547,904.8436363636364,1362.8509090909092,29.960755102249095,100.0,960.3445016649196,10.0,8.336705207824707,,,,,15.0,19.0,21.0
2025-08-12 10:20:53,1846.9236363636364,904.8436363636364,1362.8509090909092,30.02770028449595,100.0,960.336009854655,10.0,8.33543872833252,,,,,15.0,20.0,21.0
2025-08-12 10:32:33,1867.4036363636365,930.909090909091,1366.5745454545456,29.95045584780746,100.0,960.3287794107856,10.0,8.303924560546875,,,,,13.0,17.0,17.0
2025-08-12 10:32:36,1865.5418181818181,927.1854545454546,1366.5745454545456,29.981353614624823,100.0,960.2929360768536,10.0,8.312431335449219,,,,,15.0,18.0,18.0
2025-08-12 10:32:39,1867.4036363636365,925.3236363636365,1362.8509090909092,29.95045584780746,100.0,960.3287794107856,10.0,8.321074485778809,,,,,15.0,21.0,21.0
2025-08-12 10:32:42,1867.4036363636365,921.6000000000001,1362.8509090909092,30.146141881268704,100.0,960.3784213892532,10.0,8.342191696166992,,,,,14.0,22.0,23.0
2025-08-12 10:32:45,1865.5418181818181,925.3236363636365,1370.298181818182,30.14099224342499,100.0,960.3428845170754,10.0,8.325970649719238,,,,,14.0,22.0,24.0
2025-08-12 10:32:48,1863.68,925.3236363636365,1368.4363636363637,30.223386483849026,100.0,960.3579194149956,10.0,8.325313568115234,,,,,15.0,27.0,29.0
2025-08-12 10:32:51,1865.5418181818181,921.6000000000001,1366.5745454545456,30.094645515928278,100.0,960.3274984860526,10.0,8.335142135620117,,,,,17.0,29.0,30.0
2025-08-12 10:32:54,1865.5418181818181,925.3236363636365,1370.298181818182,30.223386483849026,100.0,960.3025584034424,10.0,8.330488204956055,,,,,17.0,29.0,30.0
2025-08-12 10:32:57,1863.68,921.6000000000001,1368.4363636363637,30.33667868608609,100.0,960.3370265664086,10.0,8.3427095413208,,,,,17.0,28.0,29.0
2025-08-12 10:33:00,1865.5418181818181,921.6000000000001,1368.4363636363637,30.135842605872313,100.0,960.3627016408321,10.0,8.337003707885742,,,,,17.0,27.0,28.0
2025-08-12 10:33:03,1863.68,919.7381818181818,1364.7127272727273,30.213087199721485,100.0,960.3145212161928,10.0,8.34225845336914,,,,,16.0,26.0,27.0
2025-08-12 10:33:06,1863.68,923.4618181818182,1366.5745454545456,29.924707716796547,100.0,960.4001449384718,10.0,8.315425872802734,,,,,16.0,26.0,28.0
2025-08-12 10:33:09,1865.5418181818181,921.6000000000001,1364.7127272727273,30.032849915936822,100.0,960.3715427383805,10.0,8.331664085388184,,,,,16.0,25.0,28.0
2025-08-12 10:33:12,1865.5418181818181,923.4618181818182,1370.298181818182,30.16159079654608,100.0,960.3466454084165,10.0,8.332723617553711,,,,,15.0,22.0,25.0
2025-08-12 10:33:15,1865.5418181818181,921.6000000000001,1368.4363636363637,30.19763827571296,100.0,960.3186242369119,10.0,8.34048843383789,,,,,15.0,20.0,23.0
2025-08-12 10:33:18,1865.5418181818181,921.6000000000001,1366.5745454545456,30.04829881200567,100.0,960.3674521371911,10.0,8.332483291625977,,,,,14.0,21.0,24.0
2025-08-12 10:33:21,1863.68,917.8763636363637,1366.5745454545456,29.888660345604876,100.0,960.3174460243536,10.0,8.331331253051758,,,,,14.0,21.0,24.0
2025-08-12 10:33:24,1865.5418181818181,917.8763636363637,1368.4363636363637,29.95560547488276,100.0,960.3643095521844,10.0,8.339194297790527,,,,,14.0,22.0,25.0
2025-08-12 10:33:27,1865.5418181818181,916.0145454545454,1366.5745454545456,30.001952131657163,100.0,960.3797205109586,10.0,8.347182273864746,,,,,14.0,22.0,26.0
2025-08-12 10:33:30,1863.68,917.8763636363637,1368.4363636363637,30.1770397144428,100.0,960.3425454972248,10.0,8.345937728881836,,,,,13.0,21.0,23.0
2025-08-12 10:37:42,1850.647272727273,906.7054545454546,1366.5745454545456,31.00098579740734,100.0,960.3531729128532,10.0,8.389006614685059,,,,,15.0,18.0,19.0
2025-08-12 10:37:48,1850.647272727273,908.5672727272728,1362.8509090909092,30.97008768483647,100.0,960.3614827941378,10.0,8.381647109985352,,,,,14.0,18.0,18.0
2025-08-12 10:37:51,1850.647272727273,906.7054545454546,1359.1272727272728,30.975237369537354,100.0,960.2861973922519,10.0,8.388175010681152,,,,,13.0,17.0,18.0
2025-08-12 10:37:54,1854.3709090909092,914.1527272727274,1362.8509090909092,30.90314181020949,100.0,960.3425255138584,10.0,8.370732307434082,,,,,13.0,17.0,18.0
2025-08-12 10:37:57,1850.647272727273,914.1527272727274,1362.8509090909092,30.87224373081699,100.0,960.3508226233544,10.0,8.359551429748535,,,,,14.0,19.0,20.0
2025-08-12 10:38:00,1852.509090909091,916.0145454545454,1362.8509090909092,30.867094051936874,100.0,960.2875527196543,10.0,8.35879898071289,,,,,13.0,18.0,19.0
2025-08-12 10:38:03,1854.3709090909092,917.8763636363637,1366.5745454545456,30.90314181020949,100.0,960.3979449431166,10.0,8.358895301818848,,,,,12.0,18.0,20.0
2025-08-12 10:38:06,1856.2327272727275,916.0145454545454,1366.5745454545456,30.93403990007937,100.0,960.3342238156097,10.0,8.371431350708008,,,,,12.0,17.0,19.0
2025-08-12 10:38:09,1856.2327272727275,916.0145454545454,1360.989090909091,30.882543089450337,100.0,960.3665299776195,10.0,8.368560791015625,,,,,13.0,19.0,20.0
2025-08-12 10:38:12,1858.0945454545456,919.7381818181818,1364.7127272727273,30.882543089450337,100.0,960.3665299776195,10.0,8.36189079284668,,,,,13.0,19.0,20.0
2025-08-12 10:38:15,1854.3709090909092,919.7381818181818,1362.8509090909092,30.887692769203568,100.0,960.3189656164349,10.0,8.352956771850586,,,,,13.0,20.0,21.0
2025-08-12 10:38:18,1859.9563636363637,923.4618181818182,1364.7127272727273,30.81559727914282,100.0,960.3198455122053,10.0,8.352128028869629,,,,,13.0,20.0,21.0
2025-08-12 10:38:21,1861.818181818182,927.1854545454546,1364.7127272727273,30.614760143333115,100.0,960.3459272449724,10.0,8.334973335266113,,,,,13.0,19.0,19.0
2025-08-12 10:38:24,1863.68,929.0472727272728,1364.7127272727273,30.460270340088755,100.0,960.3040985151522,10.0,8.326408386230469,,,,,14.0,20.0,20.0
2025-08-12 10:38:27,1865.5418181818181,932.7709090909091,1366.5745454545456,30.19763827571296,100.0,960.3186242369119,10.0,8.30617904663086,,,,,14.0,20.0,20.0
2025-08-12 10:38:30,1867.4036363636365,934.6327272727274,1364.7127272727273,29.91440846642945,100.0,960.3014194236185,10.0,8.290833473205566,,,,,14.0,20.0,20.0
2025-08-12 10:38:33,1869.2654545454548,940.2181818181818,1368.4363636363637,29.734171773452545,100.0,960.3305450157162,10.0,8.269001007080078,,,,,14.0,20.0,20.0
2025-08-12 10:38:36,1871.1272727272728,938.3563636363637,1366.5745454545456,29.72387254462228,100.0,960.3148192548942,10.0,8.279077529907227,,,,,14.0,20.0,20.0
2025-08-12 10:38:39,1871.1272727272728,940.2181818181818,1368.4363636363637,29.708423703559674,100.0,960.3465475666571,10.0,8.27233600616455,,,,,15.0,21.0,21.0
2025-08-12 10:38:42,1872.989090909091,938.3563636363637,1366.5745454545456,29.564234646619298,100.0,960.2646459193945,10.0,8.276028633117676,,,,,14.0,21.0,21.0
2025-08-12 10:44:03,1852.509090909091,908.5672727272728,1368.4363636363637,30.66625680262223,100.0,960.2582886931734,10.0,8.371588706970215,,,,,11.0,17.0,19.0
2025-08-12 10:44:06,1852.509090909091,914.1527272727274,1370.298181818182,30.537515208969126,100.0,960.2280933869916,10.0,8.348050117492676,,,,,12.0,18.0,20.0
2025-08-12 10:44:09,1852.509090909091,910.429090909091,1366.5745454545456,30.650807801779592,100.0,960.2624237620887,10.0,8.365052223205566,,,,,13.0,20.0,21.0
2025-08-12 10:44:12,1850.647272727273,908.5672727272728,1366.5745454545456,30.661107135383645,100.0,960.1673364555971,10.0,8.36721134185791,,,,,13.0,19.0,20.0
2025-08-12 10:44:15,1850.647272727273,908.5672727272728,1366.5745454545456,30.6559574684361,100.0,960.1871815263066,10.0,8.366806030273438,,,,,13.0,19.0,20.0
2025-08-12 10:44:18,1852.509090909091,914.1527272727274,1368.4363636363637,30.403624144528294,100.0,960.2453644079293,10.0,8.341068267822266,,,,,13.0,18.0,19.0
2025-08-12 10:44:21,1850.647272727273,914.1527272727274,1366.5745454545456,30.568413174856687,100.0,960.219835827439,10.0,8.344928741455078,,,,,12.0,18.0,19.0
2025-08-12 10:44:24,1850.647272727273,916.0145454545454,1370.298181818182,30.640508469339693,100.0,960.2467142639077,10.0,8.342710494995117,,,,,12.0,16.0,16.0
2025-08-12 10:44:27,1852.509090909091,914.1527272727274,1370.298181818182,30.707454151008278,100.0,960.210321283849,10.0,8.356887817382812,,,,,12.0,16.0,16.0
2025-08-12 10:44:30,1852.509090909091,914.1527272727274,1368.4363636363637,30.640508469339693,100.0,960.2467142639077,10.0,8.35319709777832,,,,,12.0,15.0,15.0
2025-08-12 10:44:33,1852.509090909091,912.2909090909092,1366.5745454545456,30.72290316145518,100.0,960.2061811315708,10.0,8.363430976867676,,,,,12.0,15.0,15.0
2025-08-12 10:44:36,1854.3709090909092,916.0145454545454,1368.4363636363637,30.67655613797251,100.0,960.2185981495162,10.0,8.354292869567871,,,,,12.0,16.0,16.0
2025-08-12 10:44:39,1854.3709090909092,921.6000000000001,1370.298181818182,30.67655613797251,100.0,960.246298042088,10.0,8.336941719055176,,,,,12.0,17.0,17.0
2025-08-12 10:44:42,1856.2327272727275,923.4618181818182,1368.4363636363637,30.51691657086485,100.0,960.1966718443668,10.0,8.328171730041504,,,,,13.0,21.0,22.0
2025-08-12 10:44:45,1856.2327272727275,921.6000000000001,1370.298181818182,30.609610479004914,100.0,960.1718892994675,10.0,8.338815689086914,,,,,12.0,22.0,23.0
2025-08-12 10:44:48,1858.0945454545456,921.6000000000001,1370.298181818182,30.66625680262223,100.0,960.2028897948835,10.0,8.346263885498047,,,,,12.0,23.0,24.0
2025-08-12 10:44:51,1856.2327272727275,919.7381818181818,1366.5745454545456,30.686855474486947,100.0,960.2343065901862,10.0,8.348045349121094,,,,,12.0,22.0,22.0
2025-08-12 10:44:54,1858.0945454545456,917.8763636363637,1366.5745454545456,30.897992129583145,100.0,960.2238344684421,10.0,8.369428634643555,,,,,12.0,21.0,21.0
2025-08-12 10:44:57,1854.3709090909092,916.0145454545454,1366.5745454545456,31.06278205398121,100.0,960.3088228422417,10.0,8.373440742492676,,,,,12.0,20.0,20.0
2025-08-12 10:45:00,1858.0945454545456,917.8763636363637,1366.5745454545456,31.103979581646854,100.0,960.1776094530502,10.0,8.380315780639648,,,,,12.0,20.0,20.0
2025-08-12 10:49:12,1869.2654545454548,919.7381818181818,1368.4363636363637,31.279069282027194,100.0,960.1672743266572,10.0,8.412257194519043,,,,,13.0,21.0,21.0
2025-08-12 10:49:18,1869.2654545454548,921.6000000000001,1364.7127272727273,31.32026690748171,100.0,960.174610167591,10.0,8.408596992492676,,,,,13.0,21.0,21.0
2025-08-12 10:49:21,1867.4036363636365,923.4618181818182,1368.4363636363637,31.37691367289517,100.0,960.1500250585835,10.0,8.401188850402832,,,,,12.0,19.0,19.0
2025-08-12 10:49:24,1865.5418181818181,923.4618181818182,1366.5745454545456,31.469608455896378,100.0,960.2635552097279,10.0,8.400351524353027,,,,,14.0,22.0,22.0
2025-08-12 10:49:27,1867.4036363636365,919.7381818181818,1364.7127272727273,31.474758168827975,100.0,960.2159348499133,10.0,8.417165756225586,,,,,13.0,24.0,26.0
2025-08-12 10:49:30,1869.2654545454548,925.3236363636365,1372.16,31.469608455896378,100.0,960.1803534060324,10.0,8.40477180480957,,,,,13.0,24.0,29.0
2025-08-12 10:49:33,1867.4036363636365,919.7381818181818,1362.8509090909092,31.567453051364282,99.82595915802196,960.2462412097216,10.0,8.420564651489258,,,,,14.0,25.0,29.0
2025-08-12 10:49:36,1867.4036363636365,921.6000000000001,1368.4363636363637,31.35631484503392,99.75871577910425,960.2018210456721,10.0,8.403913497924805,,,,,13.0,24.0,28.0
2025-08-12 10:49:39,1865.5418181818181,923.4618181818182,1368.4363636363637,31.30481779575348,99.96659801052292,960.2342453118631,10.0,8.39190673828125,,,,,13.0,23.0,27.0
2025-08-12 10:49:42,1867.4036363636365,919.7381818181818,1366.5745454545456,31.39236279684701,99.83281439652525,960.2567604424212,10.0,8.411565780639648,,,,,13.0,22.0,24.0
2025-08-12 10:49:45,1865.5418181818181,916.0145454545454,1362.8509090909092,31.30996749937185,100.0,960.2420944274933,10.0,8.415202140808105,,,,,13.0,21.0,24.0
2025-08-12 10:49:48,1865.5418181818181,921.6000000000001,1368.4363636363637,31.407811923418194,100.0,960.1416498477317,10.0,8.403777122497559,,,,,12.0,20.0,26.0
2025-08-12 10:49:51,1865.5418181818181,914.1527272727274,1362.8509090909092,31.485057595564285,99.74019328204214,960.1761607988952,10.0,8.42868423461914,,,,,12.0,19.0,23.0
2025-08-12 10:49:54,1865.5418181818181,919.7381818181818,1370.298181818182,31.57775248857797,99.42718783576727,960.2064581047784,10.0,8.414031982421875,,,,,13.0,20.0,23.0
2025-08-12 10:49:57,1863.68,916.0145454545454,1366.5745454545456,31.546854180429364,99.49868636427031,960.2148533266342,10.0,8.419522285461426,,,,,13.0,20.0,23.0
2025-08-12 10:50:00,1865.5418181818181,916.0145454545454,1362.8509090909092,31.433560473524267,99.83222732633389,960.23635231956,10.0,8.420490264892578,,,,,12.0,18.0,21.0
2025-08-12 10:50:03,1863.68,912.2909090909092,1360.989090909091,31.624099970445968,99.42140302531534,960.2770783778277,10.0,8.433966636657715,,,,,10.0,16.0,19.0
2025-08-12 10:50:06,1863.68,914.1527272727274,1362.8509090909092,31.536554746708134,99.53217949070266,960.2546331367623,10.0,8.424644470214844,,,,,12.0,16.0,20.0
2025-08-12 10:50:09,1863.68,912.2909090909092,1362.8509090909092,31.54170446342323,99.27771135702503,960.2070064086143,10.0,8.429317474365234,,,,,11.0,16.0,19.0
2025-08-12 10:50:12,1863.68,914.1527272727274,1362.8509090909092,31.41811134258751,98.79267172416634,960.1850765594984,10.0,8.414276123046875,,,,,12.0,17.0,20.0
2025-08-12 10:50:15,1863.68,919.7381818181818,1368.4363636363637,31.181224996224046,99.70183680787508,960.1844803025878,10.0,8.390881538391113,,,,,12.0,17.0,17.0
2025-08-12 10:50:18,1863.68,916.0145454545454,1366.5745454545456,31.335716021829285,99.64601034169355,960.2258839093163,10.0,8.40956974029541,,,,,12.0,17.0,17.0
2025-08-12 10:50:21,1863.68,912.2909090909092,1364.7127272727273,31.474758168827975,99.42586051685214,960.2159348499133,10.0,8.426788330078125,,,,,12.0,17.0,17.0
2025-08-12 10:50:24,1861.818181818182,910.429090909091,1362.8509090909092,31.567453051364282,99.12436678957037,960.2462412097216,10.0,8.43031120300293,,,,,13.0,18.0,18.0
2025-08-12 10:50:27,1859.9563636363637,910.429090909091,1362.8509090909092,31.649848581670085,98.74602892058084,960.2053457980412,10.0,8.427608489990234,,,,,14.0,18.0,18.0
2025-08-12 10:50:30,1858.0945454545456,908.5672727272728,1362.8509090909092,31.691046374762664,98.35663260368271,960.2403709354023,10.0,8.427896499633789,,,,,14.0,18.0,18.0
2025-08-12 10:50:33,1858.0945454545456,914.1527272727274,1362.8509090909092,31.72709445899818,97.98970064443489,960.2120579435103,10.0,8.410411834716797,,,,,14.0,19.0,19.0
2025-08-12 10:50:36,1859.9563636363637,914.1527272727274,1364.7127272727273,31.732244186481694,97.77561194693142,960.2476485747588,10.0,8.413808822631836,,,,,13.0,17.0,17.0
2025-08-12 10:50:39,1861.818181818182,912.2909090909092,1362.8509090909092,31.830089063965715,97.45664378137174,960.2302228223472,10.0,8.427361488342285,,,,,14.0,18.0,18.0
2025-08-12 10:50:42,1859.9563636363637,912.2909090909092,1359.1272727272728,31.85068799892906,97.14562680941393,960.2061011292142,10.0,8.421799659729004,,,,,14.0,18.0,19.0
2025-08-12 10:50:45,1861.818181818182,917.8763636363637,1364.7127272727273,31.691046374762664,97.36437011297755,960.2126274893304,10.0,8.40261173248291,,,,,15.0,18.0,20.0
2025-08-12 10:50:48,1861.818181818182,917.8763636363637,1362.8509090909092,31.70134582594619,97.38882996137902,960.1728312031976,10.0,8.403584480285645,,,,,15.0,19.0,20.0
2025-08-12 10:50:51,1861.818181818182,919.7381818181818,1362.8509090909092,31.670447475888068,97.33866642499856,960.208987371853,10.0,8.395689010620117,,,,,14.0,19.0,20.0
2025-08-12 10:50:54,1865.5418181818181,927.1854545454546,1366.5745454545456,31.78374147732393,97.154986881139,960.2428637079917,10.0,8.386734962463379,,,,,13.0,19.0,20.0
2025-08-12 10:50:57,1863.68,919.7381818181818,1362.8509090909092,31.794040938984836,96.84272769661501,960.2585541072797,10.0,8.403228759765625,,,,,14.0,19.0,20.0
2025-08-12 10:51:00,1865.5418181818181,919.7381818181818,1360.989090909091,31.824939330952475,96.59094308731635,960.2501273471596,10.0,8.408010482788086,,,,,13.0,19.0,20.0
2025-08-12 10:51:03,1861.818181818182,919.7381818181818,1360.989090909091,31.87128693854902,96.31770489560643,960.2097273880757,10.0,8.399364471435547,,,,,13.0,19.0,21.0
2025-08-12 10:51:06,1865.5418181818181,921.6000000000001,1362.8509090909092,31.819789598230273,96.16642165367746,960.1590355940444,10.0,8.399932861328125,,,,,13.0,19.0,20.0
2025-08-12 10:51:09,1863.68,919.7381818181818,1360.989090909091,31.88158641010523,95.91235061080738,960.1699125654554,10.0,8.402323722839355,,,,,12.0,17.0,17.0
2025-08-12 10:51:12,1867.4036363636365,925.3236363636365,1366.5745454545456,31.866137203207472,95.74789497701913,960.2018832224894,10.0,8.392613410949707,,,,,11.0,16.0,16.0
2025-08-12 10:51:15,1865.5418181818181,927.1854545454546,1366.5745454545456,31.902185356710106,95.54298741265767,960.1735353068124,10.0,8.382856369018555,,,,,11.0,16.0,16.0
2025-08-12 10:51:18,1869.2654545454548,929.0472727272728,1368.4363636363637,31.948533003596822,95.33923156816887,960.1886197618719,10.0,8.387619972229004,,,,,11.0,16.0,16.0
2025-08-12 10:51:21,1869.2654545454548,925.3236363636365,1364.7127272727273,31.984581189695746,95.18071598404708,960.1880116890336,10.0,8.399879455566406,,,,,13.0,19.0,19.0
2025-08-12 10:51:24,1869.2654545454548,929.0472727272728,1364.7127272727273,32.000030416675145,94.85705484105584,960.2392976489454,10.0,8.386768341064453,,,,,13.0,22.0,22.0
2025-08-12 10:51:27,1867.4036363636365,925.3236363636365,1362.8509090909092,32.02062939005555,94.72574552562838,960.2151559553109,10.0,8.393817901611328,,,,,14.0,25.0,26.0
2025-08-12 10:51:30,1867.4036363636365,925.3236363636365,1362.8509090909092,32.056677604676224,94.5148052420487,960.214538944054,10.0,8.394299507141113,,,,,13.0,23.0,24.0
2025-08-12 10:51:33,1869.2654545454548,925.3236363636365,1364.7127272727273,32.08242633813643,94.37240964551833,960.2259922602727,10.0,8.399385452270508,,,,,12.0,22.0,23.0
2025-08-12 10:51:36,1869.2654545454548,929.0472727272728,1366.5745454545456,32.12362432680675,94.12708471523707,960.2332091660031,10.0,8.38841724395752,,,,,12.0,21.0,23.0
2025-08-12 10:51:39,1869.2654545454548,927.1854545454546,1364.7127272727273,32.15967258217279,93.90437616791588,960.2881054607726,10.0,8.39414119720459,,,,,13.0,21.0,21.0
2025-08-12 10:51:42,1869.2654545454548,925.3236363636365,1362.8509090909092,32.21117011457682,93.61355402502427,960.2554671496661,10.0,8.40085506439209,,,,,14.0,24.0,24.0
2025-08-12 10:51:45,1869.2654545454548,925.3236363636365,1364.7127272727273,32.21631986941793,93.5617804699315,960.2633088626615,10.0,8.400724411010742,,,,,13.0,22.0,22.0
2025-08-12 10:51:48,1869.2654545454548,927.1854545454546,1364.7127272727273,32.26781743383617,93.30575922147817,960.2306541141818,10.0,8.396220207214355,,,,,13.0,22.0,22.0
2025-08-12 10:51:51,1871.1272727272728,927.1854545454546,1364.7127272727273,32.29356622695923,93.0467962237869,960.2420901582944,10.0,8.400550842285156,,,,,12.0,21.0,21.0
2025-08-12 10:51:54,1871.1272727272728,925.3236363636365,1362.8509090909092,32.25751791862422,93.0136974038428,960.1872043510592,10.0,8.404605865478516,,,,,12.0,20.0,20.0
2025-08-12 10:51:57,1871.1272727272728,927.1854545454546,1364.7127272727273,32.27811695021228,92.76577037198801,960.2463362057239,10.0,8.397907257080078,,,,,13.0,20.0,20.0
2025-08-12 10:52:00,1872.989090909091,929.0472727272728,1366.5745454545456,32.32446478831116,92.63703581820305,960.2613652647074,10.0,8.398384094238281,,,,,12.0,19.0,19.0
2025-08-12 10:52:03,1869.2654545454548,929.0472727272728,1364.7127272727273,32.32446478831116,92.42750920314329,960.2335946031153,10.0,8.387696266174316,,,,,12.0,18.0,18.0
2025-08-12 10:52:06,1871.1272727272728,927.1854545454546,1364.7127272727273,32.35536336014047,92.2213469528306,960.252866416456,10.0,8.39829158782959,,,,,12.0,18.0,18.0
2025-08-12 10:52:09,1869.2654545454548,925.3236363636365,1364.7127272727273,32.39656147221103,92.03955193218013,960.2322695232783,10.0,8.400327682495117,,,,,13.0,19.0,19.0
2025-08-12 10:52:12,1869.2654545454548,927.1854545454546,1362.8509090909092,32.432609835552284,91.8687993738877,960.2871497334837,10.0,8.394950866699219,,,,,13.0,19.0,19.0
2025-08-12 10:53:18,1867.4036363636365,921.6000000000001,1362.8509090909092,32.442909370554844,90.23911288758181,960.2472784450787,10.0,8.397586822509766,,,,,14.0,18.0,19.0
2025-08-12 10:53:24,1867.4036363636365,927.1854545454546,1362.8509090909092,31.794040938984836,91.50287491408787,960.2863020075316,10.0,8.355088233947754,,,,,15.0,19.0,20.0
2025-08-12 10:53:27,1869.2654545454548,925.3236363636365,1362.8509090909092,31.78374147732393,92.5250547311892,960.2151162798082,10.0,8.372188568115234,,,,,14.0,18.0,18.0
2025-08-12 10:53:30,1867.4036363636365,925.3236363636365,1362.8509090909092,31.819789598230273,92.98828402169953,960.2422824641648,10.0,8.37207317352295,,,,,14.0,18.0,18.0
2025-08-12 10:53:33,1865.5418181818181,927.1854545454546,1366.5745454545456,31.845538264751667,93.27017392177054,960.25375698051,10.0,8.364645957946777,,,,,13.0,18.0,18.0
2025-08-12 10:53:36,1867.4036363636365,927.1854545454546,1366.5745454545456,31.855837733397493,93.69563961159834,960.2139454584529,10.0,8.372987747192383,,,,,13.0,17.0,17.0
2025-08-12 10:53:39,1869.2654545454548,925.3236363636365,1362.8509090909092,31.87128693854902,94.15652486692564,960.2652297747865,10.0,8.386883735656738,,,,,13.0,18.0,18.0
2025-08-12 10:53:42,1869.2654545454548,923.4618181818182,1362.8509090909092,31.90733509408892,94.31173546590381,960.2091316518163,10.0,8.395855903625488,,,,,13.0,18.0,18.0
2025-08-12 10:53:45,1867.4036363636365,921.6000000000001,1362.8509090909092,31.90733509408892,94.28848853526935,960.2091316518163,10.0,8.396657943725586,,,,,12.0,17.0,17.0
2025-08-12 10:53:48,1869.2654545454548,923.4618181818182,1364.7127272727273,31.938233524473617,94.12926922943566,960.2561952462644,10.0,8.395919799804688,,,,,12.0,17.0,17.0
2025-08-12 10:53:51,1869.2654545454548,927.1854545454546,1366.5745454545456,32.02062939005555,94.01655237235671,960.1873983736135,10.0,8.388472557067871,,,,,12.0,17.0,17.0
2025-08-12 10:53:54,1865.5418181818181,923.4618181818182,1366.5745454545456,32.09272583355778,93.98402583829754,960.2694380995159,10.0,8.393263816833496,,,,,12.0,17.0,17.0
2025-08-12 10:53:57,1867.4036363636365,923.4618181818182,1366.5745454545456,32.13392382688471,93.65721119175365,960.1933687962393,10.0,8.398574829101562,,,,,13.0,18.0,18.0
2025-08-12 10:54:00,1867.4036363636365,921.6000000000001,1362.8509090909092,32.190571098122746,93.44255335728306,960.2241005056364,10.0,8.405584335327148,,,,,13.0,18.0,18.0
2025-08-12 10:54:03,1867.4036363636365,923.4618181818182,1366.5745454545456,32.200870605767705,93.1528448376434,960.2397837860563,10.0,8.398404121398926,,,,,13.0,18.0,18.0
2025-08-12 10:54:06,1865.5418181818181,919.7381818181818,1360.989090909091,32.25751791862422,92.89732576700189,960.2427398794089,10.0,8.406298637390137,,,,,14.0,18.0,18.0
2025-08-12 10:54:09,1867.4036363636365,921.6000000000001,1364.7127272727273,32.30901550632552,92.65861195828491,960.237842957448,10.0,8.406476974487305,,,,,14.0,18.0,18.0
2025-08-12 10:54:12,1865.5418181818181,923.4618181818182,1364.7127272727273,32.314165266696364,92.37981633090922,960.2734539333557,10.0,8.394190788269043,,,,,13.0,18.0,18.0
2025-08-12 10:54:15,1863.68,921.6000000000001,1364.7127272727273,32.36051312313066,92.21026745010562,960.2607068983193,10.0,8.396502494812012,,,,,12.0,17.0,17.0
2025-08-12 10:54:18,1863.68,919.7381818181818,1362.8509090909092,32.39141170718358,91.92837306903186,960.2244295760534,10.0,8.402240753173828,,,,,13.0,17.0,17.0
2025-08-12 10:54:21,1865.5418181818181,921.6000000000001,1362.8509090909092,32.45320890672156,91.73710252685807,960.262957867905,10.0,8.402946472167969,,,,,12.0,16.0,16.0
2025-08-12 10:54:24,1865.5418181818181,919.7381818181818,1362.8509090909092,32.50470660501742,91.468939997728,960.2580209074753,10.0,8.409597396850586,,,,,13.0,17.0,18.0
2025-08-12 10:54:27,1863.68,921.6000000000001,1364.7127272727273,32.51500614816905,91.14386031589603,960.245920613712,10.0,8.397623062133789,,,,,13.0,18.0,19.0
2025-08-12 10:54:30,1865.5418181818181,921.6000000000001,1364.7127272727273,32.53560523796477,90.73826363904553,960.2772770743085,10.0,8.400594711303711,,,,,12.0,17.0,18.0
2025-08-12 10:54:33,1867.4036363636365,927.1854545454546,1366.5745454545456,32.02062939005555,90.71855189198168,960.2151559553109,10.0,8.362136840820312,,,,,12.0,18.0,19.0
2025-08-12 10:54:36,1867.4036363636365,929.0472727272728,1366.5745454545456,31.485057595564285,91.72513928982615,960.2316299699824,10.0,8.335371971130371,,,,,12.0,18.0,19.0
2025-08-12 10:54:39,1869.2654545454548,929.0472727272728,1364.7127272727273,31.38206338058808,93.05566544895287,960.2133331868409,10.0,8.343615531921387,,,,,12.0,17.0,19.0
2025-08-12 10:54:42,1867.4036363636365,925.3236363636365,1364.7127272727273,31.31511720328126,94.04672439953099,960.2499435643376,10.0,8.353006362915039,,,,,13.0,19.0,20.0
2025-08-12 10:54:45,1865.5418181818181,923.4618181818182,1362.8509090909092,31.3717639654933,94.90064440029387,960.2253663743151,10.0,8.362570762634277,,,,,13.0,18.0,19.0
2025-08-12 10:54:48,1867.4036363636365,925.3236363636365,1368.4363636363637,31.515955882758135,95.12632789807144,960.2232439481836,10.0,8.370488166809082,,,,,13.0,19.0,19.0
2025-08-12 10:54:51,1865.5418181818181,927.1854545454546,1366.5745454545456,31.103979581646854,95.15384127587146,960.2607641546354,10.0,8.338797569274902,,,,,13.0,18.0,21.0
2025-08-12 10:54:54,1867.4036363636365,925.3236363636365,1368.4363636363637,30.928890217706794,96.05515220117879,960.2155278113227,10.0,8.346475601196289,,,,,11.0,16.0,20.0
2025-08-12 10:54:57,1863.68,921.6000000000001,1364.7127272727273,31.124578352464596,97.08134800577483,960.2921682993682,10.0,8.364510536193848,,,,,13.0,18.0,22.0
2025-08-12 10:55:00,1867.4036363636365,921.6000000000001,1364.7127272727273,31.258470476284856,97.3816140651618,960.1913290646116,10.0,8.383576393127441,,,,,12.0,18.0,21.0
2025-08-12 10:55:03,1865.5418181818181,923.4618181818182,1364.7127272727273,31.103979581646854,97.07306598733784,960.205327667919,10.0,8.363072395324707,,,,,12.0,18.0,21.0
2025-08-12 10:55:06,1865.5418181818181,925.3236363636365,1368.4363636363637,30.80529792807647,97.6915351962682,960.2764323501267,10.0,8.345538139343262,,,,,11.0,16.0,19.0
2025-08-12 10:55:09,1865.5418181818181,929.0472727272728,1368.4363636363637,30.60446081496775,98.81882450540988,960.2748220927338,10.0,8.331124305725098,,,,,11.0,16.0,19.0
2025-08-12 10:55:12,1867.4036363636365,929.0472727272728,1368.4363636363637,30.486018622439587,99.51559895548631,960.2603069542203,10.0,8.334444999694824,,,,,11.0,16.0,20.0
2025-08-12 10:55:15,1869.2654545454548,932.7709090909091,1366.5745454545456,30.1770397144428,100.0,960.2871884856368,10.0,8.31489086151123,,,,,11.0,17.0,20.0
2025-08-12 10:55:18,1869.2654545454548,932.7709090909091,1368.4363636363637,30.300631151912967,100.0,960.1712862191869,10.0,8.322052955627441,,,,,12.0,17.0,19.0
2025-08-12 10:55:21,1869.2654545454548,927.1854545454546,1366.5745454545456,30.43967171944678,100.0,960.2172924641203,10.0,8.346003532409668,,,,,12.0,18.0,20.0
2025-08-12 10:55:24,1867.4036363636365,925.3236363636365,1370.298181818182,30.650807801779592,100.0,960.2347249638577,10.0,8.357644081115723,,,,,13.0,19.0,21.0
2025-08-12 10:55:27,1869.2654545454548,927.1854545454546,1372.16,30.702304481441388,100.0,960.2578694124715,10.0,8.359172821044922,,,,,14.0,19.0,21.0
2025-08-12 10:55:30,1865.5418181818181,919.7381818181818,1368.4363636363637,30.908291491126874,100.0,960.2672491748764,10.0,8.3829984664917,,,,,14.0,20.0,22.0
2025-08-12 10:55:33,1865.5418181818181,921.6000000000001,1368.4363636363637,31.031883920455584,100.0,960.2062825554879,10.0,8.384053230285645,,,,,14.0,20.0,22.0
2025-08-12 10:55:36,1861.818181818182,916.0145454545454,1366.5745454545456,31.248171075159917,100.0,960.2310796540063,10.0,8.402580261230469,,,,,14.0,21.0,23.0
2025-08-12 10:55:39,1863.68,919.7381818181818,1370.298181818182,31.340865727193886,100.0,960.1782759077577,10.0,8.401039123535156,,,,,14.0,20.0,22.0
2025-08-12 10:55:42,1863.68,917.8763636363637,1368.4363636363637,31.31511720328126,100.0,960.222216253556,10.0,8.405122756958008,,,,,13.0,18.0,21.0
2025-08-12 10:55:45,1863.68,921.6000000000001,1372.16,31.46445874325582,100.0,960.255707249537,10.0,8.401102066040039,,,,,12.0,18.0,20.0
2025-08-12 10:55:51,1858.0945454545456,917.8763636363637,1370.298181818182,31.639549136307323,99.14496222279809,960.2173950769479,10.0,8.40194034576416,,,,,12.0,18.0,20.0
2025-08-12 10:55:54,1859.9563636363637,916.0145454545454,1366.5745454545456,31.69619610020891,98.75177162911777,960.2204732063017,10.0,8.412759780883789,,,,,12.0,18.0,20.0
2025-08-12 10:55:57,1858.0945454545456,914.1527272727274,1366.5745454545456,31.794040938984836,98.11975933040446,960.2030583638765,10.0,8.414749145507812,,,,,13.0,18.0,20.0
2025-08-12 10:56:00,1859.9563636363637,916.0145454545454,1368.4363636363637,31.88673614631989,97.52736176512033,960.2055081661697,10.0,8.41469955444336,,,,,12.0,17.0,18.0
2025-08-12 10:56:03,1858.0945454545456,916.0145454545454,1368.4363636363637,31.835238797269994,97.53273439122596,960.1548186690811,10.0,8.407685279846191,,,,,13.0,18.0,19.0
2025-08-12 10:56:06,1859.9563636363637,917.8763636363637,1370.298181818182,31.917634569719667,97.60077729917053,960.1970662674943,10.0,8.411097526550293,,,,,12.0,18.0,19.0
2025-08-12 10:56:09,1856.2327272727275,917.8763636363637,1366.5745454545456,31.84038853086531,97.8990650799159,960.2181623773706,10.0,8.399383544921875,,,,,12.0,18.0,18.0
2025-08-12 10:56:12,1858.0945454545456,914.1527272727274,1364.7127272727273,31.938233524473617,97.30133248770049,960.2561952462644,10.0,8.416458129882812,,,,,14.0,19.0,19.0
2025-08-12 10:56:15,1858.0945454545456,916.0145454545454,1364.7127272727273,31.922784307971597,97.11365116986487,960.1494032361439,10.0,8.409499168395996,,,,,14.0,18.0,18.0
2025-08-12 10:56:18,1856.2327272727275,914.1527272727274,1362.8509090909092,32.06182735078619,96.36932777456616,960.222381617973,10.0,8.412223815917969,,,,,14.0,18.0,18.0
2025-08-12 10:56:21,1856.2327272727275,914.1527272727274,1364.7127272727273,32.10302533014328,96.23475184239415,960.2018403129944,10.0,8.413613319396973,,,,,14.0,17.0,19.0
2025-08-12 10:56:24,1856.2327272727275,916.0145454545454,1364.7127272727273,31.99488067405764,96.71573834973691,960.1759413641984,10.0,8.405658721923828,,,,,14.0,18.0,20.0
2025-08-12 10:56:27,1854.3709090909092,914.1527272727274,1364.7127272727273,32.04122836809256,96.32040809661407,960.1910110474948,10.0,8.406311988830566,,,,,14.0,17.0,19.0
2025-08-12 10:56:30,1856.2327272727275,916.0145454545454,1362.8509090909092,32.1545228305331,95.6480122010483,960.2524996941647,10.0,8.406364440917969,,,,,14.0,16.0,19.0
2025-08-12 10:56:33,1856.2327272727275,916.0145454545454,1364.7127272727273,32.2317691356875,95.12796752626136,960.1757674480339,10.0,8.40750503540039,,,,,14.0,17.0,20.0
2025-08-12 10:56:36,1856.2327272727275,916.0145454545454,1364.7127272727273,32.23691889169277,94.8145655791495,960.2669089978076,10.0,8.405085563659668,,,,,14.0,17.0,20.0
2025-08-12 10:56:39,1856.2327272727275,914.1527272727274,1364.7127272727273,32.28841646775254,94.37264849584534,960.1787110957902,10.0,8.411214828491211,,,,,14.0,17.0,20.0
2025-08-12 10:56:42,1858.0945454545456,921.6000000000001,1368.4363636363637,32.247218404576415,94.4202942786407,960.1715228787467,10.0,8.391352653503418,,,,,13.0,18.0,21.0
2025-08-12 10:56:45,1858.0945454545456,919.7381818181818,1364.7127272727273,32.24206864798907,94.08237232848109,960.2469834559907,10.0,8.394082069396973,,,,,13.0,18.0,20.0
2025-08-12 10:56:48,1856.2327272727275,919.7381818181818,1364.7127272727273,32.23691889169277,93.68625366752329,960.1836083380127,10.0,8.386937141418457,,,,,13.0,18.0,20.0
2025-08-12 10:56:51,1859.9563636363637,919.7381818181818,1364.7127272727273,32.195720851799706,93.47221497606971,960.2041770230525,10.0,8.392827987670898,,,,,12.0,17.0,19.0
2025-08-12 10:56:54,1859.9563636363637,921.6000000000001,1362.8509090909092,32.22661937997327,93.19062061668028,960.2234594268114,10.0,8.386731147766113,,,,,13.0,18.0,19.0
2025-08-12 10:56:57,1859.9563636363637,923.4618181818182,1366.5745454545456,32.13907357736025,93.01217076031102,960.2289733278178,10.0,8.375328063964844,,,,,12.0,18.0,19.0
2025-08-12 10:57:00,1859.9563636363637,925.3236363636365,1366.5745454545456,32.07727659086231,93.38333100106455,960.1903897130582,10.0,8.369122505187988,,,,,12.0,17.0,17.0
2025-08-12 10:57:03,1863.68,929.0472727272728,1368.4363636363637,31.933083785348572,93.27415578248254,960.2205974165429,10.0,8.358912467956543,,,,,13.0,19.0,19.0
2025-08-12 10:57:06,1865.5418181818181,927.1854545454546,1364.7127272727273,31.773442016827175,93.98850497571246,960.1994264175244,10.0,8.365999221801758,,,,,13.0,22.0,22.0
2025-08-12 10:57:09,1865.5418181818181,930.909090909091,1366.5745454545456,31.809490133658983,94.25408231454414,960.1710957347309,10.0,8.35833740234375,,,,,13.0,23.0,23.0
2025-08-12 10:57:12,1867.4036363636365,932.7709090909091,1368.4363636363637,31.860987468156964,94.01006456210075,960.2217898086503,10.0,8.358075141906738,,,,,13.0,24.0,24.0
2025-08-12 10:57:15,1867.4036363636365,929.0472727272728,1362.8509090909092,31.87128693854902,93.91243187825779,960.1542250775178,10.0,8.369895935058594,,,,,12.0,21.0,21.0
2025-08-12 10:57:18,1869.2654545454548,934.6327272727274,1366.5745454545456,31.588051926955814,93.73511599226399,960.1389343752597,10.0,8.341951370239258,,,,,13.0,22.0,24.0
2025-08-12 10:57:21,1869.2654545454548,934.6327272727274,1362.8509090909092,31.361464551562676,94.60925491042498,960.2096694673642,10.0,8.33549690246582,,,,,12.0,21.0,22.0
2025-08-12 11:05:45,1863.68,919.7381818181818,1368.4363636363637,32.69524834176991,90.2714124995453,960.2146474775009,10.0,8.407148361206055,,,,,14.0,20.0,21.0
2025-08-12 11:05:51,1863.68,923.4618181818182,1368.4363636363637,32.690098559862236,90.0318811430337,960.1790238574638,10.0,8.394155502319336,,,,,12.0,17.0,19.0
2025-08-12 11:05:57,1863.68,923.4618181818182,1370.298181818182,32.79309425331303,89.41869672300027,960.1968150772449,10.0,8.395330429077148,,,,,11.0,17.0,17.0
2025-08-12 11:06:03,1861.818181818182,923.4618181818182,1370.298181818182,32.87034109979868,89.0358381959611,960.1475978222082,10.0,8.392393112182617,,,,,12.0,15.0,16.0
2025-08-12 11:06:09,1863.68,919.7381818181818,1366.5745454545456,32.94758801176795,88.59444984560875,960.1817371311749,10.0,8.409452438354492,,,,,11.0,14.0,14.0
2025-08-12 11:06:15,1863.68,919.7381818181818,1368.4363636363637,32.47380798254744,90.61520650996694,960.1832086838815,10.0,8.3982515335083,,,,,11.0,13.0,13.0
2025-08-12 11:06:18,1861.818181818182,921.6000000000001,1370.298181818182,32.55620433241711,90.38502294427954,960.1419502713612,10.0,8.390800476074219,,,,,13.0,16.0,16.0
2025-08-12 11:06:21,1859.9563636363637,921.6000000000001,1368.4363636363637,32.41716053523123,91.56433720138553,960.2358548750842,10.0,8.385869979858398,,,,,13.0,16.0,16.0
2025-08-12 11:06:24,1859.9563636363637,917.8763636363637,1368.4363636363637,32.41716053523123,91.01109902426934,960.1247564892749,10.0,8.394521713256836,,,,,13.0,14.0,14.0
2025-08-12 11:06:27,1863.68,921.6000000000001,1368.4363636363637,32.01032990278327,90.83384233187813,960.0884416559265,10.0,8.370882987976074,,,,,12.0,14.0,14.0
2025-08-12 11:06:30,1863.68,927.1854545454546,1368.4363636363637,32.04122836809256,92.12881769640117,960.1354941670986,10.0,8.363367080688477,,,,,12.0,15.0,15.0
2025-08-12 11:06:33,1863.68,921.6000000000001,1366.5745454545456,32.2317691356875,92.05070211676568,960.1757674480339,10.0,8.389490127563477,,,,,13.0,16.0,16.0
2025-08-12 11:06:36,1863.68,919.7381818181818,1368.4363636363637,32.370812649984146,91.82134008193998,960.1930699942559,10.0,8.400718688964844,,,,,13.0,16.0,16.0
2025-08-12 11:06:39,1861.818181818182,921.6000000000001,1370.298181818182,32.5407550111413,91.46699300848911,960.2017763973336,10.0,8.396586418151855,,,,,13.0,17.0,17.0
2025-08-12 11:06:45,1861.818181818182,914.1527272727274,1364.7127272727273,32.79309425331303,90.20587818678422,960.1412336080093,10.0,8.424656867980957,,,,,13.0,17.0,17.0
2025-08-12 11:06:48,1861.818181818182,917.8763636363637,1368.4363636363637,32.638600756792584,90.06730703240717,960.0728702852564,10.0,8.40489673614502,,,,,13.0,18.0,18.0
2025-08-12 11:06:54,1861.818181818182,916.0145454545454,1368.4363636363637,32.81369340597303,89.63659163256379,960.1447856827577,10.0,8.416279792785645,,,,,13.0,19.0,19.0
2025-08-12 11:07:00,1863.68,921.6000000000001,1366.5745454545456,32.39656147221103,88.96995014905083,960.1489483667048,10.0,8.378168106079102,,,,,13.0,18.0,18.0
2025-08-12 11:07:06,1861.818181818182,919.7381818181818,1366.5745454545456,32.175121838838095,90.64181929451917,960.1728115347879,10.0,8.378427505493164,,,,,13.0,19.0,19.0
2025-08-12 11:07:12,1865.5418181818181,925.3236363636365,1366.5745454545456,31.96913196533569,90.92255034891114,960.1922379853863,10.0,8.361932754516602,,,,,14.0,19.0,19.0
2025-08-12 11:16:27,1863.68,925.3236363636365,1368.4363636363637,33.21537781358347,86.68839931930398,960.1442358598796,10.0,8.393942832946777,,,,,15.0,23.0,23.0
2025-08-12 11:16:33,1867.4036363636365,930.909090909091,1372.16,33.194778570119524,86.35341654131041,960.1685225842687,10.0,8.38292121887207,,,,,14.0,23.0,26.0
2025-08-12 11:16:39,1867.4036363636365,927.1854545454546,1368.4363636363637,33.127831061021425,86.53390316888803,960.2057244480726,10.0,8.39183235168457,,,,,14.0,24.0,28.0
2025-08-12 11:16:45,1867.4036363636365,927.1854545454546,1364.7127272727273,32.98878639159375,86.87665939754919,960.1888187135505,10.0,8.38704776763916,,,,,14.0,23.0,26.0
2025-08-12 11:16:51,1867.4036363636365,930.909090909091,1368.4363636363637,33.20507819126942,86.58224934057779,960.1563796250462,10.0,8.385019302368164,,,,,13.0,20.0,21.0
2025-08-12 11:16:57,1871.1272727272728,929.0472727272728,1364.7127272727273,33.08663261833135,86.69929811875086,960.1430564271596,10.0,8.395058631896973,,,,,13.0,19.0,21.0
2025-08-12 11:17:03,1871.1272727272728,929.0472727272728,1366.5745454545456,32.97848679489107,86.92820326045681,960.173149515374,10.0,8.390786170959473,,,,,13.0,19.0,20.0
2025-08-12 11:17:09,1871.1272727272728,930.909090909091,1370.298181818182,33.00938558849157,87.07718089273887,960.1367572616031,10.0,8.3878755569458,,,,,13.0,17.0,19.0
2025-08-12 11:17:15,1871.1272727272728,927.1854545454546,1366.5745454545456,33.12268125466653,86.96560978085456,960.1978908741669,10.0,8.403955459594727,,,,,13.0,17.0,19.0
2025-08-12 11:17:21,1869.2654545454548,927.1854545454546,1366.5745454545456,33.194778570119524,86.69808905452764,960.1963305813701,10.0,8.401158332824707,,,,,13.0,16.0,16.0
2025-08-12 11:17:27,1871.1272727272728,930.909090909091,1372.16,33.28747520237812,86.298041136458,960.1982666451563,10.0,8.396636009216309,,,,,12.0,16.0,16.0
2025-08-12 11:17:33,1871.1272727272728,927.1854545454546,1368.4363636363637,33.47286874978454,85.66101053298631,960.1742176031321,10.0,8.413620948791504,,,,,11.0,14.0,14.0
2025-08-12 11:17:39,1871.1272727272728,929.0472727272728,1370.298181818182,33.13298086766736,85.74575817896589,960.1301420361895,10.0,8.391347885131836,,,,,12.0,15.0,15.0
2025-08-12 11:17:45,1869.2654545454548,930.909090909091,1372.16,33.20507819126942,86.24339954850753,960.1563796250462,10.0,8.387592315673828,,,,,11.0,15.0,15.0
2025-08-12 11:17:51,1869.2654545454548,925.3236363636365,1370.298181818182,33.36987228799262,86.01370011815712,960.1566906900154,10.0,8.411701202392578,,,,,11.0,15.0,15.0
2025-08-12 11:17:54,1869.2654545454548,925.3236363636365,1366.5745454545456,33.40077121430659,85.67758871505293,960.1480442095069,10.0,8.411169052124023,,,,,12.0,16.0,16.0
2025-08-12 11:17:57,1869.2654545454548,925.3236363636365,1370.298181818182,33.421370504336664,85.59768529824075,960.1237321841072,10.0,8.411882400512695,,,,,12.0,16.0,16.0
2025-08-12 11:18:00,1869.2654545454548,925.3236363636365,1368.4363636363637,33.33382355386857,85.19192299797741,960.1575010765224,10.0,8.404523849487305,,,,,12.0,17.0,17.0
2025-08-12 11:18:03,1867.4036363636365,929.0472727272728,1368.4363636363637,33.328673735872144,85.28497596338622,960.1218559192904,10.0,8.388914108276367,,,,,10.0,15.0,16.0
2025-08-12 11:18:06,1869.2654545454548,927.1854545454546,1370.298181818182,33.40077121430659,85.33850091698409,960.0924106040187,10.0,8.403663635253906,,,,,11.0,16.0,17.0
2025-08-12 11:21:04,1876.7127272727273,938.3563636363637,1377.7454545454548,32.339914072916145,90.19335437755223,960.2571164173934,10.0,8.364326477050781,,,,,11.0,16.0,16.0
2025-08-12 11:21:10,1876.7127272727273,936.4945454545455,1374.0218181818182,32.30901550632552,89.98043805102142,960.1545330687741,10.0,8.367828369140625,,,,,10.0,14.0,14.0
2025-08-12 11:21:13,1872.989090909091,934.6327272727274,1370.298181818182,32.406861003139056,90.13047261256844,960.0813046197281,10.0,8.370512962341309,,,,,10.0,14.0,14.0
2025-08-12 11:21:16,1876.7127272727273,932.7709090909091,1374.0218181818182,32.53560523796477,90.0623736084545,960.2217176125238,10.0,8.390917778015137,,,,,11.0,15.0,15.0
2025-08-12 11:21:19,1874.8509090909092,932.7709090909091,1372.16,32.690098559862236,89.71125595826257,960.067878738895,10.0,8.392897605895996,,,,,10.0,14.0,14.0
2025-08-12 11:21:22,1874.8509090909092,934.6327272727274,1374.0218181818182,32.875490891892696,89.18219552388955,960.211021681162,10.0,8.392220497131348,,,,,11.0,14.0,15.0
2025-08-12 11:21:25,1874.8509090909092,934.6327272727274,1375.8836363636365,32.787944465875626,89.63392874677525,960.1611882360502,10.0,8.391021728515625,,,,,11.0,14.0,15.0
2025-08-12 11:21:28,1872.989090909091,932.7709090909091,1375.8836363636365,32.67979899692,89.79763272415757,960.1077780957369,10.0,8.387872695922852,,,,,11.0,15.0,16.0
2025-08-12 11:21:31,1871.1272727272728,929.0472727272728,1370.298181818182,32.53560523796477,90.95382025963276,960.1939379102474,10.0,8.394022941589355,,,,,11.0,15.0,16.0
2025-08-12 11:21:34,1872.989090909091,930.909090909091,1374.0218181818182,32.628301199671114,90.34015530459416,960.1683315520786,10.0,8.39402961730957,,,,,11.0,16.0,17.0
2025-08-12 11:21:37,1872.989090909091,929.0472727272728,1372.16,32.839442353346385,89.80254266149936,960.2117573652135,10.0,8.406769752502441,,,,,11.0,16.0,17.0
2025-08-12 11:21:40,1872.989090909091,929.0472727272728,1374.0218181818182,33.01453538844362,89.20226302978286,960.1445912932759,10.0,8.412339210510254,,,,,11.0,17.0,18.0
2025-08-12 11:21:43,1872.989090909091,930.909090909091,1374.0218181818182,32.9063896505686,89.62867760692808,960.0912629553278,10.0,8.404226303100586,,,,,11.0,17.0,18.0
2025-08-12 11:21:46,1871.1272727272728,927.1854545454546,1372.16,32.7364466075087,90.4680980182124,960.1384049177157,10.0,8.407286643981934,,,,,11.0,16.0,17.0
2025-08-12 11:21:52,1867.4036363636365,927.1854545454546,1372.16,33.08148281430476,89.64676496753994,960.1908292508465,10.0,8.409730911254883,,,,,10.0,15.0,17.0
2025-08-12 11:21:58,1867.4036363636365,925.3236363636365,1370.298181818182,33.16387971365475,88.5871114776737,960.1493332940024,10.0,8.413105964660645,,,,,11.0,15.0,16.0
2025-08-12 11:22:01,1869.2654545454548,927.1854545454546,1375.8836363636365,33.24112687446177,87.95256894809397,960.1555878535764,10.0,8.411957740783691,,,,,12.0,16.0,17.0
2025-08-12 11:22:04,1871.1272727272728,927.1854545454546,1374.0218181818182,33.230827249237336,87.74130247901839,960.1955425276012,10.0,8.414536476135254,,,,,12.0,16.0,18.0
2025-08-12 11:22:10,1867.4036363636365,923.4618181818182,1370.298181818182,33.30292465025559,87.09416960563586,960.1939506009575,10.0,8.415953636169434,,,,,13.0,16.0,17.0
2025-08-12 11:22:16,1865.5418181818181,923.4618181818182,1370.298181818182,33.31837410075241,86.8970267379128,960.1618200973267,10.0,8.410930633544922,,,,,12.0,17.0,19.0
2025-08-12 11:23:25,1871.1272727272728,929.0472727272728,1368.4363636363637,33.49346805611276,83.80885677723488,960.1498977602513,10.0,8.397130012512207,,,,,10.0,15.0,16.0
2025-08-12 11:23:28,1869.2654545454548,930.909090909091,1370.298181818182,33.50891753891483,83.63472661115885,960.0899235982382,10.0,8.386740684509277,,,,,10.0,16.0,18.0
2025-08-12 11:23:31,1869.2654545454548,930.909090909091,1368.4363636363637,33.48316840236657,83.79037488430451,960.1342377235298,10.0,8.386114120483398,,,,,11.0,16.0,19.0
2025-08-12 11:23:34,1867.4036363636365,929.0472727272728,1370.298181818182,33.49346805611276,83.68014285172178,960.1220769647614,10.0,8.38696002960205,,,,,11.0,16.0,20.0
2025-08-12 11:23:37,1871.1272727272728,930.909090909091,1372.16,33.43167015109793,83.90856563809685,960.1115749618455,10.0,8.38917350769043,,,,,12.0,16.0,20.0
2025-08-12 11:23:40,1869.2654545454548,929.0472727272728,1370.298181818182,33.43167015109793,83.90271608232501,960.0837568473232,10.0,8.390278816223145,,,,,12.0,17.0,21.0
2025-08-12 11:23:46,1869.2654545454548,927.1854545454546,1368.4363636363637,33.40077121430659,83.92331307574189,960.0645938299673,10.0,8.394683837890625,,,,,11.0,16.0,20.0
2025-08-12 11:23:49,1871.1272727272728,927.1854545454546,1372.16,33.49861788342241,83.62794901787241,960.1020857838425,10.0,8.4022855758667,,,,,11.0,17.0,20.0
2025-08-12 11:23:52,1869.2654545454548,927.1854545454546,1368.4363636363637,33.36987228799262,83.82693043532647,960.0454288408991,10.0,8.392613410949707,,,,,11.0,15.0,16.0
2025-08-12 11:23:55,1869.2654545454548,930.909090909091,1374.0218181818182,33.441969799023354,83.57020007015235,960.1272355009063,10.0,8.382623672485352,,,,,10.0,15.0,17.0
2025-08-12 11:23:58,1869.2654545454548,929.0472727272728,1370.298181818182,33.230827249237336,83.75587503982418,960.1955425276012,10.0,8.378225326538086,,,,,11.0,16.0,18.0
2025-08-12 11:24:01,1869.2654545454548,927.1854545454546,1372.16,33.33897337215603,83.8592256345584,960.1097042174333,10.0,8.390777587890625,,,,,10.0,16.0,17.0
2025-08-12 11:24:04,1869.2654545454548,925.3236363636365,1368.4363636363637,33.266875942616025,83.94625462491072,960.1391270343805,10.0,8.39315128326416,,,,,10.0,16.0,17.0
2025-08-12 11:24:07,1871.1272727272728,925.3236363636365,1370.298181818182,33.39047157103778,83.85219056229124,960.1323826344496,10.0,8.403703689575195,,,,,10.0,15.0,17.0
2025-08-12 11:24:10,1869.2654545454548,923.4618181818182,1370.298181818182,33.457419273094274,83.62424233569816,960.1229072135598,10.0,8.406673431396484,,,,,11.0,16.0,18.0
2025-08-12 11:24:16,1867.4036363636365,925.3236363636365,1370.298181818182,33.48831822909415,83.32276829056389,960.114247162909,10.0,8.395872116088867,,,,,12.0,16.0,18.0
2025-08-12 11:24:19,1867.4036363636365,925.3236363636365,1372.16,33.47801857593004,83.05268339136254,960.0707675232351,10.0,8.393906593322754,,,,,13.0,17.0,21.0
2025-08-12 11:24:22,1869.2654545454548,925.3236363636365,1368.4363636363637,33.421370504336664,83.45134631310769,960.0959145036562,10.0,8.39818000793457,,,,,13.0,17.0,20.0
2025-08-12 11:24:25,1869.2654545454548,925.3236363636365,1372.16,33.48316840236657,83.17017257887098,960.1620580849449,10.0,8.399044036865234,,,,,13.0,17.0,20.0
2025-08-12 11:24:28,1869.2654545454548,927.1854545454546,1368.4363636363637,33.22567743706168,83.57998966074658,960.1320912887481,10.0,8.383004188537598,,,,,13.0,17.0,20.0
2025-08-12 11:24:34,1871.1272727272728,927.1854545454546,1372.16,33.36987228799262,83.93220897399522,960.1288751990463,10.0,8.397470474243164,,,,,13.0,17.0,19.0
2025-08-12 11:24:37,1869.2654545454548,927.1854545454546,1372.16,33.41622068139259,83.93056302644243,960.0880843048944,10.0,8.395355224609375,,,,,13.0,18.0,21.0
2025-08-12 11:24:40,1867.4036363636365,927.1854545454546,1372.16,33.41622068139259,84.10603780385988,960.1715367238338,10.0,8.39112377166748,,,,,13.0,18.0,22.0
2025-08-12 11:24:43,1869.2654545454548,923.4618181818182,1370.298181818182,33.354422828764655,84.41035167238373,960.1331973625789,10.0,8.406407356262207,,,,,13.0,19.0,23.0
2025-08-12 11:24:46,1871.1272727272728,927.1854545454546,1372.16,33.354422828764655,84.3050918350804,960.0775677593539,10.0,8.399460792541504,,,,,13.0,18.0,21.0
2025-08-12 11:24:49,1867.4036363636365,921.6000000000001,1370.298181818182,33.48316840236657,84.04778340792834,960.1064173812478,10.0,8.411799430847168,,,,,11.0,16.0,20.0
2025-08-12 11:24:52,1869.2654545454548,925.3236363636365,1375.8836363636365,33.5037677110231,83.75713114246591,960.0820941890354,10.0,8.404481887817383,,,,,11.0,17.0,20.0
2025-08-12 11:24:55,1869.2654545454548,923.4618181818182,1374.0218181818182,33.544966342306,83.47412417855483,960.1725530508794,10.0,8.409828186035156,,,,,12.0,17.0,19.0
2025-08-12 11:24:58,1867.4036363636365,921.6000000000001,1370.298181818182,33.591314824763685,83.30855391811113,960.1038968289295,10.0,8.41257095336914,,,,,12.0,17.0,20.0
2025-08-12 11:25:01,1867.4036363636365,923.4618181818182,1368.4363636363637,33.555266003037104,83.35215483769159,960.1603891889407,10.0,8.40488052368164,,,,,11.0,17.0,19.0
2025-08-12 11:25:04,1865.5418181818181,923.4618181818182,1372.16,33.596464657603065,83.15683910367608,960.1673761192094,10.0,8.400906562805176,,,,,11.0,15.0,17.0
2025-08-12 11:25:07,1865.5418181818181,923.4618181818182,1368.4363636363637,33.62736366075114,82.97812551275685,960.1308726171743,10.0,8.401599884033203,,,,,11.0,15.0,16.0
2025-08-12 11:25:10,1869.2654545454548,929.0472727272728,1375.8836363636365,33.55011617252603,82.965436993357,960.096913155834,10.0,8.390186309814453,,,,,11.0,14.0,16.0
2025-08-12 11:25:13,1869.2654545454548,930.909090909091,1374.0218181818182,33.20507819126942,83.11032469011583,960.1285712129975,10.0,8.36749267578125,,,,,11.0,14.0,15.0
2025-08-12 11:25:16,1871.1272727272728,929.0472727272728,1372.16,33.16902952233795,83.51642129999038,960.1293592602275,10.0,8.378759384155273,,,,,11.0,15.0,15.0
2025-08-12 11:25:19,1869.2654545454548,930.909090909091,1370.298181818182,32.823992984049255,84.14550773929273,960.1604571961835,10.0,8.354440689086914,,,,,11.0,15.0,15.0
2025-08-12 11:25:22,1872.989090909091,932.7709090909091,1374.0218181818182,32.92698882883997,85.11882384679586,960.1503976580505,10.0,8.369914054870605,,,,,12.0,15.0,15.0
2025-08-12 11:25:25,1871.1272727272728,932.7709090909091,1370.298181818182,32.690098559862236,85.40604963927798,960.1234512600065,10.0,8.355063438415527,,,,,12.0,15.0,15.0
2025-08-12 11:25:28,1872.989090909091,932.7709090909091,1374.0218181818182,32.75704574736301,85.9786239006168,960.1419612430767,10.0,8.366839408874512,,,,,12.0,15.0,15.0
2025-08-12 11:25:31,1871.1272727272728,934.6327272727274,1375.8836363636365,32.75704574736301,86.25880004835861,960.1419612430767,10.0,8.358168601989746,,,,,12.0,14.0,14.0
2025-08-12 11:25:34,1872.989090909091,932.7709090909091,1370.298181818182,32.53560523796477,86.35418226284825,960.1661582270484,10.0,8.35775089263916,,,,,12.0,15.0,15.0
2025-08-12 11:25:37,1872.989090909091,934.6327272727274,1374.0218181818182,32.67464921588544,86.98026279320767,960.0721559540481,10.0,8.36388874053955,,,,,13.0,16.0,16.0
2025-08-12 11:25:40,1872.989090909091,932.7709090909091,1374.0218181818182,32.76219553305418,87.02966625192217,960.122008058761,10.0,8.374056816101074,,,,,13.0,16.0,16.0
2025-08-12 11:25:43,1872.989090909091,930.909090909091,1372.16,32.87034109979868,86.95852268335565,960.1198037940416,10.0,8.384870529174805,,,,,13.0,16.0,16.0
2025-08-12 11:25:46,1871.1272727272728,929.0472727272728,1372.16,32.942438215599395,86.8079291642627,960.1183079654788,10.0,8.388555526733398,,,,,12.0,15.0,15.0
2025-08-12 11:25:49,1872.989090909091,930.909090909091,1377.7454545454548,33.08148281430476,86.5819942106095,960.1352230162339,10.0,8.393145561218262,,,,,10.0,14.0,14.0
2025-08-12 11:25:52,1871.1272727272728,929.0472727272728,1372.16,33.21022800228093,86.09782472424253,960.1085949067556,10.0,8.397747993469238,,,,,12.0,16.0,16.0
2025-08-12 11:25:55,1872.989090909091,929.0472727272728,1374.0218181818182,33.266875942616025,85.6824695139146,960.1113159797076,10.0,8.402706146240234,,,,,11.0,15.0,15.0
2025-08-12 11:25:58,1871.1272727272728,927.1854545454546,1370.298181818182,33.18962875998113,85.4122034095034,960.105074395115,10.0,8.397991180419922,,,,,12.0,15.0,15.0
2025-08-12 11:26:01,1871.1272727272728,929.0472727272728,1374.0218181818182,33.25142650085036,85.27773988036996,960.1434419185384,10.0,8.394295692443848,,,,,11.0,15.0,15.0
2025-08-12 11:26:04,1872.989090909091,929.0472727272728,1374.0218181818182,33.266875942616025,85.08629588750682,960.2225603131222,10.0,8.398035049438477,,,,,11.0,15.0,15.0
2025-08-12 11:26:07,1872.989090909091,934.6327272727274,1379.6072727272726,33.32352391816676,84.86942000501615,960.1418382152083,10.0,8.382966995239258,,,,,12.0,14.0,14.0
2025-08-12 11:26:10,1869.2654545454548,932.7709090909091,1374.0218181818182,33.25142650085036,84.8159663575472,960.1156315245235,10.0,8.375295639038086,,,,,13.0,15.0,17.0
2025-08-12 11:26:13,1872.989090909091,930.909090909091,1374.0218181818182,33.20507819126942,84.87011998854624,960.1007628200657,10.0,8.388633728027344,,,,,13.0,16.0,17.0
2025-08-12 11:26:16,1869.2654545454548,929.0472727272728,1370.298181818182,33.21022800228093,84.9348926056811,960.1642121649162,10.0,8.385040283203125,,,,,13.0,16.0,18.0
2025-08-12 11:26:19,1871.1272727272728,932.7709090909091,1374.0218181818182,33.076333010569215,85.37817931798564,960.1273896256907,10.0,8.37464427947998,,,,,12.0,15.0,16.0
2025-08-12 11:26:22,1869.2654545454548,930.909090909091,1370.298181818182,33.179329140577465,85.28267184253319,960.1450245288349,10.0,8.380127906799316,,,,,12.0,15.0,17.0
2025-08-12 11:26:25,1871.1272727272728,932.7709090909091,1372.16,33.153580097161466,85.15754069355889,960.2170863621359,10.0,8.376530647277832,,,,,12.0,15.0,17.0
2025-08-12 11:26:28,1872.989090909091,934.6327272727274,1375.8836363636365,33.08663261833135,85.36746251679197,960.1430564271596,10.0,8.374042510986328,,,,,12.0,16.0,18.0
2025-08-12 11:26:31,1869.2654545454548,932.7709090909091,1375.8836363636365,33.12268125466653,85.33579201849298,960.1700859728444,10.0,8.371679306030273,,,,,12.0,16.0,17.0
2025-08-12 11:26:37,1872.989090909091,934.6327272727274,1372.16,33.20507819126942,84.87011998854624,960.2119965064941,10.0,8.376394271850586,,,,,11.0,15.0,17.0
2025-08-12 11:26:40,1872.989090909091,934.6327272727274,1375.8836363636365,33.21537781358347,84.69571908275891,960.1164270137674,10.0,8.376481056213379,,,,,11.0,16.0,17.0
2025-08-12 11:26:43,1872.989090909091,932.7709090909091,1372.16,33.28747520237812,84.55622259917402,960.1704546649869,10.0,8.384601593017578,,,,,11.0,15.0,18.0
2025-08-12 11:26:46,1874.8509090909092,927.1854545454546,1375.8836363636365,33.194778570119524,84.46584682739332,960.1129066474142,10.0,8.401606559753418,,,,,10.0,14.0,17.0
2025-08-12 11:26:49,1872.989090909091,917.8763636363637,1375.8836363636365,33.199928380548954,84.5364667956666,960.2319717765764,10.0,8.425288200378418,,,,,9.0,13.0,16.0
2025-08-12 11:26:52,1874.8509090909092,908.5672727272728,1372.16,33.20507819126942,84.56032321515045,960.2119965064941,10.0,8.459214210510254,,,,,10.0,14.0,17.0
2025-08-12 11:26:55,1869.2654545454548,908.5672727272728,1368.4363636363637,33.3132242836291,84.38903000699324,960.1818015656488,10.0,8.44956111907959,,,,,9.0,13.0,16.0
2025-08-12 11:26:58,1872.989090909091,910.429090909091,1374.0218181818182,33.328673735872144,84.12145668202706,960.1218559192904,10.0,8.452871322631836,,,,,10.0,13.0,17.0
2025-08-12 11:27:01,1871.1272727272728,912.2909090909092,1374.0218181818182,33.31837410075241,83.90414522845262,960.1340068149533,10.0,8.44035530090332,,,,,10.0,14.0,17.0
2025-08-12 11:27:04,1874.8509090909092,916.0145454545454,1377.7454545454548,33.328673735872144,83.82905116905357,960.1774833712975,10.0,8.438183784484863,,,,,10.0,14.0,16.0
2025-08-12 11:27:07,1872.989090909091,914.1527272727274,1374.0218181818182,33.36472246795893,83.84985977520941,960.2044901467395,10.0,8.440921783447266,,,,,10.0,15.0,15.0
2025-08-12 11:27:10,1872.989090909091,916.0145454545454,1372.16,33.33897337215603,83.76564917463674,960.1097042174333,10.0,8.4340238571167,,,,,12.0,16.0,16.0
2025-08-12 11:27:13,1871.1272727272728,914.1527272727274,1372.16,33.38532174983993,83.5007626124527,960.1801841996795,10.0,8.43511962890625,,,,,12.0,16.0,16.0
2025-08-12 11:27:16,1872.989090909091,916.0145454545454,1374.0218181818182,33.25657631448121,83.59446678035636,960.1790846011777,10.0,8.428189277648926,,,,,12.0,16.0,16.0
2025-08-12 11:27:19,1871.1272727272728,916.0145454545454,1372.16,33.179329140577465,83.8564559059289,960.1450245288349,10.0,8.421408653259277,,,,,12.0,16.0,16.0
2025-08-12 11:27:22,1872.989090909091,917.8763636363637,1372.16,33.13298086766736,84.42509430231149,960.1857526878438,10.0,8.421465873718262,,,,,11.0,16.0,17.0
2025-08-12 11:27:25,1871.1272727272728,916.0145454545454,1372.16,33.21537781358347,84.38589905208123,960.1998536094563,10.0,8.426291465759277,,,,,12.0,17.0,18.0
2025-08-12 11:27:28,1871.1272727272728,912.2909090909092,1372.16,33.277175571914995,84.30971485616783,960.2104138821841,10.0,8.440322875976562,,,,,12.0,18.0,19.0
2025-08-12 11:27:31,1867.4036363636365,912.2909090909092,1370.298181818182,33.28747520237812,84.16448001949126,960.142642703939,10.0,8.430858612060547,,,,,12.0,17.0,19.0
2025-08-12 11:27:34,1867.4036363636365,912.2909090909092,1372.16,33.25657631448121,84.1558133390954,960.1512739614504,10.0,8.429158210754395,,,,,12.0,17.0,18.0
2025-08-12 11:29:46,1880.4363636363637,940.2181818181818,1377.7454545454548,32.787944465875626,87.74407476465568,960.1611882360502,10.0,8.375924110412598,,,,,12.0,16.0,16.0
2025-08-12 11:29:49,1876.7127272727273,938.3563636363637,1377.7454545454548,32.80339382906095,87.69893096444538,960.184696588696,10.0,8.372435569763184,,,,,12.0,16.0,16.0
2025-08-12 11:29:52,1878.5745454545456,938.3563636363637,1379.6072727272726,32.81369340597303,87.69995283022389,960.2003689263678,10.0,8.377630233764648,,,,,12.0,17.0,17.0
2025-08-12 11:29:55,1878.5745454545456,938.3563636363637,1375.8836363636365,32.885790476953844,87.49700692842862,960.171103760192,10.0,8.38021469116211,,,,,12.0,17.0,17.0
2025-08-12 11:29:58,1878.5745454545456,938.3563636363637,1379.6072727272726,32.932138624135405,87.23307773258135,960.1582324956539,10.0,8.380973815917969,,,,,13.0,17.0,17.0
2025-08-12 11:30:01,1880.4363636363637,943.9418181818181,1383.3309090909092,32.75704574736301,87.32092001500179,960.1141720848922,10.0,8.360507011413574,,,,,13.0,17.0,17.0
2025-08-12 11:30:04,1880.4363636363637,940.2181818181818,1377.7454545454548,32.87034109979868,87.23868599553681,960.1475978222082,10.0,8.376965522766113,,,,,12.0,16.0,16.0
2025-08-12 11:30:07,1878.5745454545456,938.3563636363637,1377.7454545454548,32.942438215599395,87.0647987953267,960.1739022322182,10.0,8.380298614501953,,,,,12.0,16.0,16.0
2025-08-12 11:30:10,1880.4363636363637,940.2181818181818,1379.6072727272726,33.01968518868671,86.82711447409119,960.1802258105554,10.0,8.38172721862793,,,,,13.0,15.0,15.0
2025-08-12 11:30:13,1876.7127272727273,940.2181818181818,1379.6072727272726,32.92698882883997,86.66631308476796,960.205990641733,10.0,8.366204261779785,,,,,13.0,15.0,15.0
2025-08-12 11:30:16,1880.4363636363637,940.2181818181818,1379.6072727272726,32.91153944469988,86.83995217801082,960.2102807329734,10.0,8.376047134399414,,,,,12.0,15.0,15.0
2025-08-12 11:30:19,1878.5745454545456,943.9418181818181,1381.469090909091,32.93728841972188,86.7548852343516,960.1938642891552,10.0,8.360726356506348,,,,,12.0,15.0,15.0
2025-08-12 11:30:22,1880.4363636363637,942.08,1377.7454545454548,32.849741934333,86.79308055191402,960.1440499992984,10.0,8.367338180541992,,,,,13.0,16.0,16.0
2025-08-12 11:30:25,1878.5745454545456,940.2181818181818,1379.6072727272726,32.896090063179145,86.91433605423119,960.1589793268582,10.0,8.371334075927734,,,,,13.0,17.0,17.0
2025-08-12 11:30:28,1878.5745454545456,940.2181818181818,1377.7454545454548,32.78279467872926,86.72237247815939,960.2089327606835,10.0,8.36392593383789,,,,,13.0,17.0,17.0
2025-08-12 11:30:31,1880.4363636363637,940.2181818181818,1381.469090909091,32.80854361737147,87.1392455301442,960.1369499568069,10.0,8.373234748840332,,,,,13.0,16.0,16.0
2025-08-12 11:30:34,1880.4363636363637,938.3563636363637,1379.6072727272726,32.823992984049255,87.28082215286958,960.2160413460779,10.0,8.380094528198242,,,,,14.0,18.0,18.0
2025-08-12 11:30:37,1880.4363636363637,945.8036363636364,1383.3309090909092,32.896090063179145,87.10112728167954,960.21456966803,10.0,8.35976791381836,,,,,13.0,17.0,17.0
2025-08-12 11:30:40,1880.4363636363637,943.9418181818181,1379.6072727272726,32.875490891892696,87.01739509510305,960.1554331143903,10.0,8.364307403564453,,,,,13.0,16.0,16.0
2025-08-12 11:30:43,1878.5745454545456,940.2181818181818,1379.6072727272726,32.92698882883997,86.99323745633573,960.1781941403417,10.0,8.373296737670898,,,,,12.0,17.0,17.0
2025-08-12 11:44:22,1871.1272727272728,927.1854545454546,1375.8836363636365,33.8797059119679,83.10586162316469,960.1526176659282,10.0,8.418069839477539,,,,,12.0,23.0,26.0
2025-08-12 11:44:28,1871.1272727272728,932.7709090909091,1377.7454545454548,33.80760805460159,83.14046285262536,960.0708788451786,10.0,8.398029327392578,,,,,11.0,21.0,23.0
2025-08-12 11:44:31,1872.989090909091,930.909090909091,1375.8836363636365,33.74580993654672,82.88320704585462,960.0604541533987,10.0,8.403759956359863,,,,,11.0,20.0,20.0
2025-08-12 11:44:34,1871.1272727272728,927.1854545454546,1374.0218181818182,33.86425636630156,82.89950809572005,960.0177906713758,10.0,8.416913032531738,,,,,11.0,20.0,21.0
2025-08-12 11:44:37,1871.1272727272728,925.3236363636365,1374.0218181818182,33.90545516056591,82.69226674321268,960.0803978757074,10.0,8.422950744628906,,,,,11.0,19.0,20.0
2025-08-12 11:44:40,1871.1272727272728,921.6000000000001,1372.16,33.89515546025359,82.55077704533163,960.0925839664854,10.0,8.432860374450684,,,,,11.0,18.0,19.0
2025-08-12 11:44:43,1871.1272727272728,925.3236363636365,1375.8836363636365,33.89515546025359,82.19342635584775,960.1204219975168,10.0,8.418900489807129,,,,,11.0,18.0,19.0
2025-08-12 11:44:46,1871.1272727272728,929.0472727272728,1374.0218181818182,33.85910651832819,82.18444560631579,960.037801286387,10.0,8.406153678894043,,,,,11.0,18.0,19.0
2025-08-12 11:44:49,1872.989090909091,930.909090909091,1377.7454545454548,33.89515546025359,81.89462831749532,960.0090699883372,10.0,8.405381202697754,,,,,11.0,17.0,18.0
2025-08-12 11:44:52,1874.8509090909092,930.909090909091,1372.16,33.80760805460159,81.75236522592455,960.0430446092428,10.0,8.404495239257812,,,,,11.0,17.0,18.0
2025-08-12 11:44:55,1874.8509090909092,934.6327272727274,1375.8836363636365,33.8179077450186,81.90556041387008,960.0865323518981,10.0,8.394268035888672,,,,,11.0,16.0,18.0
2025-08-12 11:44:58,1874.8509090909092,934.6327272727274,1374.0218181818182,33.85395667064586,81.73290227047636,960.1134839808997,10.0,8.394800186157227,,,,,10.0,15.0,17.0
2025-08-12 11:45:01,1874.8509090909092,936.4945454545455,1374.0218181818182,33.74580993654672,81.85249895598659,960.0604541533987,10.0,8.384697914123535,,,,,11.0,16.0,16.0
2025-08-12 11:45:04,1876.7127272727273,940.2181818181818,1375.8836363636365,33.30292465025559,81.98992933278913,960.0548875880214,10.0,8.356266975402832,,,,,10.0,17.0,17.0
2025-08-12 11:45:07,1874.8509090909092,938.3563636363637,1375.8836363636365,33.35957264821627,82.58582843094432,960.0853983950531,10.0,8.363753318786621,,,,,11.0,17.0,17.0
2025-08-12 11:45:10,1878.5745454545456,938.3563636363637,1375.8836363636365,33.091782422648976,83.32240058927722,960.1230863166561,10.0,8.364070892333984,,,,,11.0,17.0,17.0
2025-08-12 11:45:13,1876.7127272727273,938.3563636363637,1375.8836363636365,32.92698882883997,83.96211629051214,960.0114155331015,10.0,8.355799674987793,,,,,11.0,16.0,16.0
2025-08-12 11:45:16,1880.4363636363637,938.3563636363637,1375.8836363636365,32.94758801176795,84.94550995281774,960.0705477677943,10.0,8.37234878540039,,,,,11.0,16.0,16.0
2025-08-12 11:45:19,1878.5745454545456,938.3563636363637,1375.8836363636365,32.839442353346385,85.22742760095647,960.0727938305906,10.0,8.363844871520996,,,,,10.0,16.0,16.0
2025-08-12 11:45:22,1880.4363636363637,940.2181818181818,1377.7454545454548,32.772495105309645,85.99761173803694,960.0821004495929,10.0,8.364387512207031,,,,,11.0,17.0,17.0
2025-08-12 11:50:40,1880.4363636363637,940.2181818181818,1377.7454545454548,33.52436702433624,84.62482592680782,960.0299457111868,10.0,8.394401550292969,,,,,11.0,16.0,18.0
2025-08-12 11:50:46,1880.4363636363637,942.08,1379.6072727272726,33.622213826165535,84.13648793718008,960.0117387620055,10.0,8.390661239624023,,,,,11.0,16.0,17.0
2025-08-12 11:50:49,1882.2981818181818,942.08,1379.6072727272726,33.694311536848545,83.62213278695278,960.0378421052222,10.0,8.39560317993164,,,,,11.0,15.0,17.0
2025-08-12 11:50:52,1878.5745454545456,938.3563636363637,1374.0218181818182,33.64796300200396,83.8520741077692,960.0508781296537,10.0,8.396524429321289,,,,,11.0,16.0,16.0
2025-08-12 11:50:55,1880.4363636363637,938.3563636363637,1377.7454545454548,33.617063991870964,83.72053460997981,959.9760849444496,10.0,8.399396896362305,,,,,11.0,16.0,16.0
2025-08-12 11:50:58,1880.4363636363637,940.2181818181818,1379.6072727272726,33.622213826165535,83.65076988519274,959.9839125309984,10.0,8.393430709838867,,,,,11.0,17.0,17.0
2025-08-12 11:51:01,1882.2981818181818,938.3563636363637,1377.7454545454548,33.49346805611276,84.02531897007566,960.0386146930948,10.0,8.399353981018066,,,,,13.0,18.0,18.0
2025-08-12 11:51:04,1880.4363636363637,938.3563636363637,1379.6072727272726,33.5192171955714,84.05105934982198,960.0221169212621,10.0,8.396194458007812,,,,,13.0,18.0,18.0
2025-08-12 11:51:07,1880.4363636363637,936.4945454545455,1379.6072727272726,33.6582626743766,84.06369022090912,960.0665340175366,10.0,8.408798217773438,,,,,12.0,17.0,17.0
2025-08-12 11:51:13,1878.5745454545456,932.7709090909091,1377.7454545454548,33.62736366075114,84.20132419132526,960.0752195679488,10.0,8.414711952209473,,,,,12.0,17.0,17.0
2025-08-12 11:51:19,1876.7127272727273,930.909090909091,1375.8836363636365,33.86425636630156,83.91259471269007,960.0456273235158,10.0,8.426149368286133,,,,,11.0,16.0,16.0
2025-08-12 11:51:22,1874.8509090909092,930.909090909091,1377.7454545454548,33.544966342306,84.23476733811306,960.0890840384599,10.0,8.406789779663086,,,,,11.0,15.0,15.0
2025-08-12 11:51:25,1871.1272727272728,930.909090909091,1377.7454545454548,33.668562347913394,84.29871007150469,960.0821899858622,10.0,8.40405559539795,,,,,11.0,15.0,15.0
2025-08-12 11:51:28,1874.8509090909092,929.0472727272728,1377.7454545454548,33.79215852115885,83.99974451338689,960.07523231064,10.0,8.423747062683105,,,,,10.0,15.0,15.0
2025-08-12 11:51:31,1874.8509090909092,929.0472727272728,1375.8836363636365,33.78700867726002,83.93488383112634,960.0117387427795,10.0,8.423526763916016,,,,,11.0,16.0,16.0
2025-08-12 11:51:34,1874.8509090909092,929.0472727272728,1374.0218181818182,33.596464657603065,84.2043593647827,960.0560753062682,10.0,8.415189743041992,,,,,12.0,16.0,16.0
2025-08-12 11:51:37,1872.989090909091,930.909090909091,1374.0218181818182,33.66341251099948,84.1168277509809,959.9908779174034,10.0,8.408029556274414,,,,,12.0,16.0,16.0
2025-08-12 11:51:40,1874.8509090909092,930.909090909091,1375.8836363636365,33.69946137550869,84.0498730247383,960.0178399674544,10.0,8.414018630981445,,,,,12.0,16.0,16.0
2025-08-12 11:51:43,1872.989090909091,930.909090909091,1375.8836363636365,33.61191415786743,83.83711253761712,960.0239089527494,10.0,8.403343200683594,,,,,12.0,17.0,17.0
2025-08-12 11:51:46,1874.8509090909092,932.7709090909091,1377.7454545454548,33.529516853392124,84.11050027688363,960.0377745212844,10.0,8.399846076965332,,,,,12.0,16.0,16.0
2025-08-12 11:55:25,1865.5418181818181,921.6000000000001,1366.5745454545456,35.1877769442508,75.6891857372331,960.0212982597723,10.0,8.440849304199219,,,,,9.0,13.0,17.0
2025-08-12 11:55:31,1865.5418181818181,919.7381818181818,1364.7127272727273,35.19292686731205,75.50706382456345,959.9733253988861,10.0,8.4459867477417,,,,,9.0,13.0,17.0
2025-08-12 11:55:34,1865.5418181818181,921.6000000000001,1366.5745454545456,35.22382641179138,75.44450742484307,960.0202105315237,10.0,8.441112518310547,,,,,10.0,14.0,18.0
2025-08-12 11:55:37,1863.68,921.6000000000001,1366.5745454545456,35.25472596674808,75.29950768511493,960.0391999525516,10.0,8.436850547790527,,,,,10.0,14.0,17.0
2025-08-12 11:55:40,1867.4036363636365,921.6000000000001,1364.7127272727273,35.36802442456246,75.113175249619,960.0716089413422,10.0,8.45075798034668,,,,,10.0,14.0,17.0
2025-08-12 11:55:46,1865.5418181818181,919.7381818181818,1362.8509090909092,35.301075318828225,75.16146051500706,960.0537311231893,10.0,8.44871711730957,,,,,10.0,14.0,17.0
2025-08-12 11:55:49,1865.5418181818181,919.7381818181818,1362.8509090909092,35.34227476269007,75.08780310229356,959.9767417665227,10.0,8.450909614562988,,,,,11.0,14.0,17.0
2025-08-12 11:55:52,1865.5418181818181,917.8763636363637,1362.8509090909092,35.42982364274212,74.8229778416069,960.0816595237598,10.0,8.458637237548828,,,,,11.0,15.0,16.0
2025-08-12 11:55:55,1865.5418181818181,921.6000000000001,1366.5745454545456,35.46072326754802,74.56589140487554,959.9890114237053,10.0,8.44778823852539,,,,,11.0,14.0,14.0
2025-08-12 11:55:58,1867.4036363636365,919.7381818181818,1364.7127272727273,35.44012351651327,74.49376329785603,959.9577637309616,10.0,8.456974029541016,,,,,10.0,13.0,13.0
2025-08-12 11:56:01,1867.4036363636365,917.8763636363637,1364.7127272727273,35.44012351651327,74.38770646367392,960.0414767475194,10.0,8.461404800415039,,,,,10.0,12.0,13.0
2025-08-12 11:56:07,1867.4036363636365,921.6000000000001,1362.8509090909092,35.34742469448247,74.2811776910045,959.9845546544591,10.0,8.444936752319336,,,,,10.0,14.0,15.0
2025-08-12 11:56:13,1865.5418181818181,921.6000000000001,1366.5745454545456,35.44012351651327,74.13433486503287,960.0414767475194,10.0,8.443556785583496,,,,,9.0,14.0,15.0
2025-08-12 11:56:16,1865.5418181818181,925.3236363636365,1366.5745454545456,35.37832429134869,74.13600695102167,959.9756290157113,10.0,8.42943286895752,,,,,9.0,13.0,15.0
2025-08-12 11:56:19,1865.5418181818181,925.3236363636365,1362.8509090909092,35.16202733331011,74.7630653502715,960.0101180654651,10.0,8.42216682434082,,,,,10.0,14.0,16.0
2025-08-12 11:56:25,1867.4036363636365,927.1854545454546,1366.5745454545456,35.14657757023815,75.0857949359007,959.9587823634869,10.0,8.42288875579834,,,,,10.0,15.0,16.0
2025-08-12 11:56:31,1865.5418181818181,923.4618181818182,1364.7127272727273,35.15687741199508,75.08063370959334,960.0023033808409,10.0,8.429734230041504,,,,,9.0,14.0,14.0
2025-08-12 11:56:37,1869.2654545454548,923.4618181818182,1362.8509090909092,35.17232717681327,75.11704711475511,959.9978546531933,10.0,8.440333366394043,,,,,11.0,16.0,16.0
2025-08-12 11:56:43,1865.5418181818181,923.4618181818182,1360.989090909091,35.110528133256594,75.25396252073111,959.9598622313872,10.0,8.428789138793945,,,,,13.0,17.0,17.0
2025-08-12 11:56:49,1867.4036363636365,923.4618181818182,1362.8509090909092,34.87878209317569,75.99051832773122,959.9985403814069,10.0,8.426173210144043,,,,,13.0,17.0,17.0
2025-08-12 11:56:55,1869.2654545454548,929.0472727272728,1364.7127272727273,34.64703664244735,76.52039684061927,959.9533654788486,10.0,8.405670166015625,,,,,13.0,16.0,16.0
2025-08-12 11:57:01,1865.5418181818181,927.1854545454546,1364.7127272727273,34.53888896713033,76.65932093657229,960.0121028321086,10.0,8.396788597106934,,,,,12.0,15.0,15.0
2025-08-12 11:57:07,1867.4036363636365,929.0472727272728,1366.5745454545456,34.57493817797513,76.22707118415764,959.9832420241383,10.0,8.395092010498047,,,,,11.0,13.0,13.0
2025-08-12 11:57:10,1869.2654545454548,932.7709090909091,1368.4363636363637,34.662486320827156,76.90948810245482,960.0604342864301,10.0,8.396778106689453,,,,,11.0,13.0,13.0
2025-08-12 11:57:13,1872.989090909091,934.6327272727274,1368.4363636363637,34.38954238840961,76.69522503128856,960.0082030969149,10.0,8.385599136352539,,,,,11.0,13.0,13.0
2025-08-12 11:57:19,1869.2654545454548,927.1854545454546,1366.5745454545456,34.33289375016466,77.56022281680696,959.9778837067694,10.0,8.401847839355469,,,,,11.0,14.0,14.0
2025-08-12 11:57:25,1871.1272727272728,927.1854545454546,1366.5745454545456,34.48224023604416,77.90055481324,960.0375363013883,10.0,8.416048049926758,,,,,12.0,15.0,15.0
2025-08-12 11:57:31,1871.1272727272728,932.7709090909091,1370.298181818182,34.40499202313367,77.97095142371845,960.003807142759,10.0,8.395639419555664,,,,,12.0,17.0,21.0
2025-08-12 11:57:37,1872.989090909091,930.909090909091,1368.4363636363637,34.42044166047708,78.095468014376,960.0272705600513,10.0,8.407554626464844,,,,,12.0,18.0,22.0
2025-08-12 11:57:43,1872.989090909091,929.0472727272728,1366.5745454545456,34.56978828983847,78.1481472458339,960.0590234013002,10.0,8.421037673950195,,,,,12.0,17.0,22.0
2025-08-12 11:57:46,1872.989090909091,930.909090909091,1368.4363636363637,34.56463840199285,78.10075403357278,959.9954697840253,10.0,8.415201187133789,,,,,12.0,16.0,21.0
2025-08-12 11:57:49,1872.989090909091,932.7709090909091,1370.298181818182,34.698535580566386,77.85255237307263,960.0036803308856,10.0,8.41468334197998,,,,,12.0,17.0,22.0
2025-08-12 11:57:52,1872.989090909091,932.7709090909091,1370.298181818182,34.76033434472629,77.55753939470542,959.9860043753266,10.0,8.41606330871582,,,,,11.0,18.0,20.0
2025-08-12 11:57:55,1872.989090909091,930.909090909091,1370.298181818182,34.780933942092815,77.3533674960534,960.0172762674274,10.0,8.421286582946777,,,,,11.0,18.0,20.0
2025-08-12 11:58:01,1871.1272727272728,930.909090909091,1366.5745454545456,34.76548424363136,77.14057614445943,960.0216976744268,10.0,8.41431713104248,,,,,10.0,17.0,18.0
2025-08-12 11:58:07,1872.989090909091,932.7709090909091,1366.5745454545456,34.72428506053984,77.17274759895572,960.0427736023086,10.0,8.411311149597168,,,,,10.0,16.0,16.0
2025-08-12 11:58:13,1871.1272727272728,936.4945454545455,1370.298181818182,34.87363218786777,77.13106211529315,959.9628433864528,10.0,8.409995079040527,,,,,11.0,16.0,17.0
2025-08-12 11:58:19,1874.8509090909092,930.909090909091,1368.4363636363637,34.801533544115955,77.07273579299596,959.9927946462361,10.0,8.425469398498535,,,,,12.0,16.0,18.0
2025-08-12 11:58:25,1872.989090909091,934.6327272727274,1370.298181818182,34.750034547789255,76.82784467789034,959.9982432222695,10.0,8.406519889831543,,,,,12.0,15.0,17.0
2025-08-12 11:58:28,1872.989090909091,936.4945454545455,1370.298181818182,34.621287184301764,77.05921220898205,959.9978799190798,10.0,8.395971298217773,,,,,12.0,16.0,18.0
2025-08-12 12:03:58,1871.1272727272728,934.6327272727274,1375.8836363636365,34.08055024399073,80.09302900971272,960.0401861449568,10.0,8.386773109436035,,,,,13.0,17.0,17.0
2025-08-12 12:04:04,1872.989090909091,936.4945454545455,1375.8836363636365,33.75095977811725,80.81604398729591,960.0126177539046,10.0,8.373815536499023,,,,,12.0,17.0,17.0
2025-08-12 12:04:07,1872.989090909091,936.4945454545455,1375.8836363636365,33.85395667064586,80.89498815614328,960.0021390703762,10.0,8.379685401916504,,,,,12.0,16.0,16.0
2025-08-12 12:04:13,1872.989090909091,934.6327272727274,1377.7454545454548,33.962103533092886,80.81026344540341,959.9994395251945,10.0,8.390416145324707,,,,,11.0,16.0,18.0
2025-08-12 12:04:19,1871.1272727272728,930.909090909091,1377.7454545454548,34.049651087174425,80.7003182872809,959.9653969265178,10.0,8.401107788085938,,,,,12.0,17.0,18.0
2025-08-12 12:04:25,1867.4036363636365,927.1854545454546,1372.16,34.15264831730747,80.31008854709513,959.9826320269934,10.0,8.405632972717285,,,,,13.0,18.0,20.0
2025-08-12 12:04:31,1867.4036363636365,929.0472727272728,1372.16,34.02390179783106,79.91832899971408,960.0654955056921,10.0,8.390180587768555,,,,,14.0,18.0,20.0
2025-08-12 12:04:34,1871.1272727272728,932.7709090909091,1379.6072727272726,33.76640930457506,80.26651883204258,960.036098062247,10.0,8.377552032470703,,,,,13.0,18.0,19.0
2025-08-12 12:04:37,1869.2654545454548,930.909090909091,1377.7454545454548,33.62736366075114,80.530379434008,960.0195665952905,10.0,8.373209953308105,,,,,13.0,17.0,19.0
2025-08-12 12:04:43,1871.1272727272728,932.7709090909091,1375.8836363636365,32.91153944469988,82.38863160678531,959.9601188536919,10.0,8.348036766052246,,,,,14.0,17.0,19.0
2025-08-12 12:04:49,1871.1272727272728,936.4945454545455,1374.0218181818182,32.23691889169277,85.21747448194773,959.9892407989151,10.0,8.320146560668945,,,,,12.0,17.0,19.0
2025-08-12 12:04:55,1871.1272727272728,938.3563636363637,1379.6072727272726,32.314165266696364,87.09074757507577,959.9957525156004,10.0,8.330476760864258,,,,,11.0,17.0,20.0
2025-08-12 12:05:01,1872.989090909091,930.909090909091,1377.7454545454548,32.772495105309645,87.56750516178573,959.998731165025,10.0,8.384672164916992,,,,,12.0,18.0,21.0
2025-08-12 12:05:04,1871.1272727272728,932.7709090909091,1379.6072727272726,32.823992984049255,87.46756316128891,959.9937052047655,10.0,8.376214027404785,,,,,12.0,17.0,20.0
2025-08-12 12:05:07,1871.1272727272728,929.0472727272728,1377.7454545454548,32.95788760497817,87.2589546437203,959.9750249440627,10.0,8.393301010131836,,,,,11.0,18.0,20.0
2025-08-12 12:05:10,1874.8509090909092,934.6327272727274,1379.6072727272726,32.942438215599395,86.87214843445098,959.951525623693,10.0,8.382555961608887,,,,,12.0,18.0,20.0
2025-08-12 12:05:16,1874.8509090909092,932.7709090909091,1377.7454545454548,33.10208203215734,86.83512140994848,960.0275369984222,10.0,8.39566707611084,,,,,11.0,16.0,17.0
2025-08-12 12:05:22,1872.989090909091,930.909090909091,1377.7454545454548,33.153580097161466,86.41371673607749,959.9390248049215,10.0,8.397163391113281,,,,,10.0,14.0,15.0
2025-08-12 12:05:28,1871.1272727272728,930.909090909091,1377.7454545454548,33.32352391816676,85.95084149324659,959.9749575629938,10.0,8.397843360900879,,,,,10.0,14.0,14.0
2025-08-12 12:05:34,1874.8509090909092,934.6327272727274,1377.7454545454548,33.246276687510544,85.6454570873186,960.0243693409542,10.0,8.389655113220215,,,,,10.0,14.0,14.0
2025-08-12 12:05:40,1874.8509090909092,930.909090909091,1377.7454545454548,33.49346805611276,84.9846034775796,959.9551525936336,10.0,8.40997314453125,,,,,11.0,15.0,15.0
2025-08-12 12:05:46,1872.989090909091,930.909090909091,1377.7454545454548,33.539816512377,84.60285012019642,959.9977867808806,10.0,8.404796600341797,,,,,12.0,15.0,15.0
2025-08-12 12:05:52,1874.8509090909092,934.6327272727274,1383.3309090909092,33.60161449073348,84.22823355554137,960.0360783367257,10.0,8.39859676361084,,,,,11.0,14.0,14.0
2025-08-12 12:05:55,1874.8509090909092,930.909090909091,1377.7454545454548,33.617063991870964,84.04824519998502,960.0317369723869,10.0,8.409683227539062,,,,,11.0,14.0,16.0
2025-08-12 12:05:58,1872.989090909091,930.909090909091,1375.8836363636365,33.69946137550869,83.58162069754799,959.9900104138561,10.0,8.406416893005371,,,,,10.0,14.0,15.0
2025-08-12 12:06:01,1874.8509090909092,930.909090909091,1377.7454545454548,33.82820743659977,83.18328206400935,959.9908454840272,10.0,8.415196418762207,,,,,10.0,13.0,15.0
2025-08-12 12:06:04,1872.989090909091,932.7709090909091,1377.7454545454548,33.756109619978815,82.9075374580006,959.9926125143753,10.0,8.399215698242188,,,,,10.0,14.0,16.0
2025-08-12 12:06:07,1876.7127272727273,932.7709090909091,1377.7454545454548,33.80760805460159,82.69539751731807,959.9873761948286,10.0,8.410050392150879,,,,,10.0,14.0,15.0
2025-08-12 12:06:10,1876.7127272727273,938.3563636363637,1379.6072727272726,33.84880682325456,82.3944327526769,959.9943132999019,10.0,8.393011093139648,,,,,10.0,14.0,15.0
2025-08-12 12:06:13,1872.989090909091,934.6327272727274,1377.7454545454548,33.962103533092886,81.99999960304297,959.9994395251945,10.0,8.398128509521484,,,,,10.0,13.0,15.0
2025-08-12 12:06:19,1876.7127272727273,938.3563636363637,1377.7454545454548,33.78185883365222,81.60956683159331,960.0317454291268,10.0,8.38422679901123,,,,,10.0,13.0,15.0
2025-08-12 12:06:22,1876.7127272727273,938.3563636363637,1379.6072727272726,33.84365697615431,81.72616148671554,960.0699948438837,10.0,8.387876510620117,,,,,10.0,14.0,14.0
2025-08-12 12:06:25,1878.5745454545456,938.3563636363637,1375.8836363636365,33.946653973456705,81.57089554552927,960.0316454387912,10.0,8.397185325622559,,,,,10.0,14.0,14.0
2025-08-12 12:06:31,1878.5745454545456,940.2181818181818,1377.7454545454548,33.936354268487776,81.44695223095601,960.015995010902,10.0,8.39025592803955,,,,,11.0,14.0,14.0
2025-08-12 12:06:37,1874.8509090909092,936.4945454545455,1377.7454545454548,34.0908499652578,81.02037182890221,960.0279881230766,10.0,8.397212028503418,,,,,10.0,14.0,14.0
2025-08-12 12:06:43,1876.7127272727273,936.4945454545455,1375.8836363636365,34.19384724195697,80.38386953734538,960.0173665294233,10.0,8.403213500976562,,,,,10.0,14.0,14.0
2025-08-12 12:06:49,1878.5745454545456,943.9418181818181,1381.469090909091,33.85395667064586,80.55507482603083,960.0021390703762,10.0,8.372016906738281,,,,,11.0,13.0,13.0
2025-08-12 12:06:52,1880.4363636363637,940.2181818181818,1379.6072727272726,33.823057590663666,80.75175769509615,959.9830195870577,10.0,8.384952545166016,,,,,12.0,14.0,14.0
2025-08-12 12:06:55,1878.5745454545456,936.4945454545455,1375.8836363636365,34.029051655117655,80.71619108685027,959.9619454805681,10.0,8.40209674835205,,,,,11.0,13.0,13.0
2025-08-12 12:06:58,1878.5745454545456,940.2181818181818,1379.6072727272726,33.982702950015664,80.71819045426045,960.0307390472273,10.0,8.387802124023438,,,,,10.0,13.0,13.0
2025-08-12 12:07:04,1876.7127272727273,938.3563636363637,1381.469090909091,34.16294804672361,80.42824050038963,960.1096762344255,10.0,8.39554214477539,,,,,11.0,16.0,16.0
2025-08-12 12:07:07,1878.5745454545456,938.3563636363637,1379.6072727272726,34.11659927351866,80.30711849654469,960.0114132716012,10.0,8.397859573364258,,,,,11.0,16.0,16.0
2025-08-12 12:07:10,1876.7127272727273,934.6327272727274,1375.8836363636365,34.168097911868244,80.25857277128999,960.0339510681,10.0,8.406686782836914,,,,,11.0,15.0,15.0
2025-08-12 12:07:13,1874.8509090909092,934.6327272727274,1379.6072727272726,34.15779818187002,80.12282076781459,960.0183043658317,10.0,8.400625228881836,,,,,10.0,15.0,15.0
2025-08-12 12:07:16,1874.8509090909092,936.4945454545455,1377.7454545454548,34.07540038379375,80.45032436722987,959.948824904764,10.0,8.393296241760254,,,,,9.0,14.0,14.0
2025-08-12 12:07:19,1876.7127272727273,936.4945454545455,1379.6072727272726,34.08570010447875,80.1931488728394,959.9923180058427,10.0,8.396620750427246,,,,,10.0,15.0,15.0
2025-08-12 12:07:22,1874.8509090909092,934.6327272727274,1375.8836363636365,33.85910651832819,81.00676446118786,960.0099648608683,10.0,8.391105651855469,,,,,10.0,15.0,15.0
2025-08-12 12:07:25,1876.7127272727273,940.2181818181818,1381.469090909091,33.99300266022328,80.871467295625,959.9907045798954,10.0,8.384847640991211,,,,,9.0,13.0,13.0
2025-08-12 12:07:28,1874.8509090909092,936.4945454545455,1379.6072727272726,33.84880682325456,81.08207792526706,959.9943132999019,10.0,8.385458946228027,,,,,9.0,13.0,13.0
2025-08-12 12:07:31,1876.7127272727273,936.4945454545455,1377.7454545454548,33.90545516056591,81.39158627117189,959.9412058374763,10.0,8.395516395568848,,,,,10.0,13.0,13.0
2025-08-12 12:07:34,1876.7127272727273,934.6327272727274,1375.8836363636365,33.88485576110543,81.58906523473985,960.0490941135121,10.0,8.400684356689453,,,,,9.0,12.0,12.0
2025-08-12 12:07:37,1874.8509090909092,932.7709090909091,1377.7454545454548,34.003302371595055,81.7808520298015,960.0620388885773,10.0,8.408848762512207,,,,,10.0,13.0,13.0
2025-08-12 12:07:40,1872.989090909091,929.0472727272728,1375.8836363636365,34.05995080494904,81.92637337936719,960.0088896401348,10.0,8.41974925994873,,,,,10.0,13.0,13.0
2025-08-12 12:07:46,1871.1272727272728,929.0472727272728,1379.6072727272726,34.18354750904837,81.31549008878444,959.9738701960587,10.0,8.417611122131348,,,,,9.0,12.0,12.0
2025-08-12 12:07:49,1872.989090909091,927.1854545454546,1375.8836363636365,34.21959657932166,81.34785855832445,959.9729261440635,10.0,8.43016529083252,,,,,10.0,12.0,12.0
2025-08-12 12:07:52,1869.2654545454548,923.4618181818182,1374.0218181818182,34.34834337528446,81.01851144200313,960.0292057715096,10.0,8.43612003326416,,,,,10.0,13.0,13.0
2025-08-12 12:07:55,1869.2654545454548,927.1854545454546,1374.0218181818182,34.42044166047708,80.2617120335418,960.0272705600513,10.0,8.423484802246094,,,,,10.0,13.0,13.0
2025-08-12 12:07:58,1867.4036363636365,923.4618181818182,1374.0218181818182,34.3174441276642,80.00094539019295,960.0101314336949,10.0,8.423311233520508,,,,,10.0,13.0,13.0
2025-08-12 12:08:01,1871.1272727272728,927.1854545454546,1377.7454545454548,34.42044166047708,79.6865323402689,959.943689014656,10.0,8.425132751464844,,,,,11.0,13.0,13.0
2025-08-12 12:08:04,1869.2654545454548,925.3236363636365,1374.0218181818182,34.49254000271321,79.38707686085917,960.0253141422178,10.0,8.427247047424316,,,,,11.0,13.0,14.0
2025-08-12 12:11:19,1874.8509090909092,932.7709090909091,1372.16,33.83850712934509,81.63198129750411,959.9229908384034,10.0,8.400444984436035,,,,,10.0,14.0,14.0
2025-08-12 12:11:22,1874.8509090909092,932.7709090909091,1372.16,33.92090471321717,81.54526075684532,959.9090024287987,10.0,8.404207229614258,,,,,11.0,15.0,16.0
2025-08-12 12:11:25,1876.7127272727273,936.4945454545455,1375.8836363636365,33.99815251576365,81.44634150802938,959.9985290969555,10.0,8.400217056274414,,,,,12.0,16.0,17.0
2025-08-12 12:11:28,1872.989090909091,930.909090909091,1370.298181818182,34.10114968768903,81.24403192982136,959.9600956952444,10.0,8.412079811096191,,,,,11.0,15.0,16.0
2025-08-12 12:11:31,1876.7127272727273,938.3563636363637,1377.7454545454548,34.18354750904837,80.95191627008613,959.9460198762539,10.0,8.401166915893555,,,,,11.0,14.0,17.0
2025-08-12 12:11:34,1874.8509090909092,936.4945454545455,1375.8836363636365,34.17839764303062,80.71103798805913,959.9660474552942,10.0,8.400153160095215,,,,,10.0,14.0,16.0
2025-08-12 12:11:37,1874.8509090909092,932.7709090909091,1372.16,34.245345923962304,80.59342924831444,959.9563325910334,10.0,8.414325714111328,,,,,10.0,14.0,17.0
2025-08-12 12:11:40,1874.8509090909092,932.7709090909091,1370.298181818182,34.30714438078576,80.31694428797071,959.9666320163228,10.0,8.415621757507324,,,,,11.0,15.0,18.0
2025-08-12 12:11:43,1874.8509090909092,936.4945454545455,1374.0218181818182,34.245345923962304,80.17106208788587,959.9284796282892,10.0,8.400352478027344,,,,,11.0,16.0,19.0
2025-08-12 12:11:46,1876.7127272727273,934.6327272727274,1374.0218181818182,34.31229425407946,80.04159902241983,959.9187419825658,10.0,8.413503646850586,,,,,10.0,15.0,17.0
2025-08-12 12:11:49,1874.8509090909092,934.6327272727274,1374.0218181818182,34.33804362491355,79.90873609923803,959.9021343901076,10.0,8.409311294555664,,,,,9.0,13.0,14.0
2025-08-12 12:11:52,1878.5745454545456,936.4945454545455,1374.0218181818182,34.3174441276642,79.77209300217015,959.9265631991938,10.0,8.411014556884766,,,,,9.0,13.0,15.0
2025-08-12 12:11:55,1876.7127272727273,936.4945454545455,1374.0218181818182,34.38954238840961,79.63707849838207,959.9803439032864,10.0,8.408677101135254,,,,,9.0,13.0,13.0
2025-08-12 12:11:58,1876.7127272727273,934.6327272727274,1372.16,34.36894287951873,79.44759733335202,959.9490598607067,10.0,8.412339210510254,,,,,10.0,14.0,14.0
2025-08-12 12:12:01,1874.8509090909092,938.3563636363637,1374.0218181818182,34.41529178107157,79.34566044403947,960.0194494012001,10.0,8.398021697998047,,,,,10.0,13.0,13.0
2025-08-12 12:12:04,1874.8509090909092,936.4945454545455,1370.298181818182,34.358643126819516,78.94784040014848,959.9612757918118,10.0,8.397998809814453,,,,,10.0,14.0,17.0
2025-08-12 12:12:07,1878.5745454545456,942.08,1374.0218181818182,34.15264831730747,79.53579948457498,959.9547830286515,10.0,8.394266128540039,,,,,9.0,12.0,15.0
2025-08-12 12:12:10,1878.5745454545456,943.9418181818181,1374.0218181818182,34.0187519408355,79.91204461043769,959.9462975868315,10.0,8.384032249450684,,,,,10.0,12.0,15.0
2025-08-12 12:12:13,1878.5745454545456,940.2181818181818,1374.0218181818182,34.11144941128441,80.34188170425941,959.9757424133044,10.0,8.394514083862305,,,,,9.0,12.0,15.0
2025-08-12 12:12:16,1878.5745454545456,940.2181818181818,1375.8836363636365,33.93120441643987,80.75492755579103,959.9246513770659,10.0,8.386165618896484,,,,,10.0,13.0,16.0
2025-08-12 12:17:41,1878.5745454545456,938.3563636363637,1375.8836363636365,33.97755309534841,84.60797411000912,959.9115482367463,10.0,8.419320106506348,,,,,10.0,14.0,15.0
2025-08-12 12:17:44,1878.5745454545456,938.3563636363637,1379.6072727272726,33.99815251576365,84.3756330449335,959.8593174289294,10.0,8.419245719909668,,,,,10.0,14.0,14.0
2025-08-12 12:17:47,1876.7127272727273,934.6327272727274,1374.0218181818182,34.121749136043945,83.90655656863572,959.935693876352,10.0,8.428656578063965,,,,,10.0,14.0,14.0
2025-08-12 12:17:50,1878.5745454545456,938.3563636363637,1377.7454545454548,34.16294804672361,83.75793610719586,959.9147299389313,10.0,8.423284530639648,,,,,11.0,14.0,14.0
2025-08-12 12:17:53,1878.5745454545456,938.3563636363637,1379.6072727272726,34.16294804672361,83.69348416987471,959.9425793521957,10.0,8.422673225402832,,,,,11.0,16.0,16.0
2025-08-12 12:17:56,1876.7127272727273,936.4945454545455,1377.7454545454548,34.26594540491351,83.22797667117055,959.9597672096222,10.0,8.42575740814209,,,,,11.0,15.0,15.0
2025-08-12 12:17:59,1880.4363636363637,936.4945454545455,1377.7454545454548,34.21959657932166,83.1418146842544,959.9450742761541,10.0,8.432469367980957,,,,,11.0,15.0,17.0
2025-08-12 12:18:02,1876.7127272727273,938.3563636363637,1375.8836363636365,34.18354750904837,82.78111117445886,959.9181695756238,10.0,8.413222312927246,,,,,11.0,15.0,18.0
2025-08-12 12:18:05,1876.7127272727273,936.4945454545455,1377.7454545454548,34.34834337528446,82.38510597531155,959.9456335149855,10.0,8.424612998962402,,,,,10.0,15.0,17.0
2025-08-12 12:18:08,1876.7127272727273,932.7709090909091,1374.0218181818182,34.20414697602973,82.48397036041187,959.9494589241872,10.0,8.429282188415527,,,,,10.0,15.0,18.0
2025-08-12 12:18:11,1878.5745454545456,936.4945454545455,1379.6072727272726,34.20929684350267,82.2733783078611,959.9294298963285,10.0,8.421663284301758,,,,,10.0,14.0,18.0
2025-08-12 12:18:14,1876.7127272727273,930.909090909091,1375.8836363636365,34.14749845303595,82.27388720986036,959.8634139803856,10.0,8.431351661682129,,,,,10.0,14.0,18.0
2025-08-12 12:18:17,1874.8509090909092,929.0472727272728,1375.8836363636365,34.21959657932166,81.73487199812426,959.9172224274214,10.0,8.432121276855469,,,,,10.0,14.0,19.0
2025-08-12 12:18:20,1872.989090909091,929.0472727272728,1374.0218181818182,34.23504618523293,81.92968816116182,959.8571309952042,10.0,8.429838180541992,,,,,9.0,15.0,19.0
2025-08-12 12:18:23,1874.8509090909092,929.0472727272728,1375.8836363636365,34.23504618523293,81.72446440826293,959.9128359566067,10.0,8.432878494262695,,,,,10.0,15.0,19.0
2025-08-12 12:18:26,1872.989090909091,929.0472727272728,1374.0218181818182,34.173247777303914,81.74263775478128,959.8746751923142,10.0,8.425332069396973,,,,,10.0,15.0,18.0
2025-08-12 12:18:29,1872.989090909091,934.6327272727274,1377.7454545454548,34.296844635071466,81.542071831379,959.8952784514935,10.0,8.41306209564209,,,,,10.0,15.0,16.0
2025-08-12 12:18:32,1872.989090909091,934.6327272727274,1377.7454545454548,34.22474644766771,81.4186643996761,959.8693403272558,10.0,8.408760070800781,,,,,9.0,14.0,16.0
2025-08-12 12:18:35,1872.989090909091,936.4945454545455,1375.8836363636365,34.271095275878906,81.23491564153954,959.8561729625549,10.0,8.404317855834961,,,,,10.0,15.0,15.0
2025-08-12 12:18:38,1874.8509090909092,934.6327272727274,1370.298181818182,34.3277438757068,80.91705895411972,959.8864927248545,10.0,8.415433883666992,,,,,9.0,14.0,14.0
2025-08-12 12:18:44,1876.7127272727273,938.3563636363637,1374.0218181818182,34.343193499953486,80.495933823694,959.9099552524174,10.0,8.40731143951416,,,,,9.0,14.0,14.0
2025-08-12 12:18:47,1878.5745454545456,940.2181818181818,1375.8836363636365,34.43074142016121,80.29777048669835,959.9314691016755,10.0,8.423460006713867,,,,,9.0,12.0,12.0
2025-08-12 12:18:50,1878.5745454545456,942.08,1375.8836363636365,34.43074142016121,80.15691766879834,959.9314691016755,10.0,8.422699928283691,,,,,9.0,13.0,13.0
2025-08-12 12:18:53,1878.5745454545456,942.08,1374.0218181818182,34.42044166047708,80.05043306010366,959.9158285379017,10.0,8.421324729919434,,,,,10.0,14.0,14.0
2025-08-12 12:18:56,1878.5745454545456,943.9418181818181,1374.0218181818182,34.394692266359925,80.04833014534793,959.9324461803617,10.0,8.41883373260498,,,,,10.0,13.0,13.0
2025-08-12 12:18:59,1880.4363636363637,943.9418181818181,1375.8836363636365,34.296844635071466,80.16941857098253,959.8674233182553,10.0,8.42035961151123,,,,,10.0,13.0,14.0
2025-08-12 12:19:02,1882.2981818181818,943.9418181818181,1375.8836363636365,34.22474644766771,80.36882121838505,959.9250444204644,10.0,8.423892974853516,,,,,9.0,12.0,14.0
2025-08-12 12:19:05,1882.2981818181818,945.8036363636364,1375.8836363636365,34.21959657932166,80.55023457715417,959.8893705978655,10.0,8.424498558044434,,,,,11.0,14.0,15.0
2025-08-12 12:19:08,1882.2981818181818,949.5272727272728,1379.6072727272726,34.21959657932166,80.4329208352473,959.8893705978655,10.0,8.423803329467773,,,,,10.0,14.0,16.0
2025-08-12 12:19:11,1880.4363636363637,947.6654545454545,1375.8836363636365,34.29169476265088,80.42127558716645,959.9153122398606,10.0,8.420782089233398,,,,,11.0,14.0,16.0
2025-08-12 12:19:14,1882.2981818181818,945.8036363636364,1377.7454545454548,34.271095275878906,80.41957518116072,959.8561729625549,10.0,8.428695678710938,,,,,11.0,14.0,20.0
2025-08-12 12:19:17,1880.4363636363637,942.08,1374.0218181818182,34.30714438078576,80.457752200014,959.9944876603881,10.0,8.422048568725586,,,,,11.0,14.0,19.0
2025-08-12 12:19:20,1880.4363636363637,945.8036363636364,1375.8836363636365,34.36894287951873,80.28095435591686,959.9490598607067,10.0,8.426918983459473,,,,,11.0,14.0,19.0
2025-08-12 12:19:23,1882.2981818181818,943.9418181818181,1374.0218181818182,34.410141901957104,80.16696816651681,959.9559081192377,10.0,8.439481735229492,,,,,11.0,16.0,21.0
2025-08-12 12:19:26,1882.2981818181818,943.9418181818181,1374.0218181818182,34.38954238840961,80.10659554708134,959.9803439032864,10.0,8.437172889709473,,,,,12.0,18.0,22.0
2025-08-12 12:19:29,1880.4363636363637,947.6654545454545,1379.6072727272726,34.31229425407946,80.06506962337012,960.002309537141,10.0,8.420339584350586,,,,,14.0,22.0,23.0
2025-08-12 12:19:32,1882.2981818181818,947.6654545454545,1377.7454545454548,34.30714438078576,80.14679346106703,959.910920785738,10.0,8.430216789245605,,,,,13.0,20.0,25.0
2025-08-12 12:19:35,1884.16,945.8036363636364,1374.0218181818182,34.34834337528446,79.9741259298278,959.9177761345131,10.0,8.442486763000488,,,,,13.0,22.0,27.0
2025-08-12 12:19:38,1882.2981818181818,947.6654545454545,1377.7454545454548,34.33289375016466,80.03154617330657,959.92217024813,10.0,8.431903839111328,,,,,12.0,21.0,26.0
2025-08-12 12:19:41,1880.4363636363637,947.6654545454545,1377.7454545454548,34.36894287951873,79.92298846864963,959.9490598607067,10.0,8.425067901611328,,,,,12.0,19.0,23.0
2025-08-12 12:19:47,1884.16,947.6654545454545,1375.8836363636365,34.45134094302193,79.57749774007476,959.9348886486915,10.0,8.449676513671875,,,,,12.0,18.0,22.0
2025-08-12 12:19:50,1886.0218181818184,951.3890909090909,1381.469090909091,34.502839770546416,79.43487256232532,959.95736306419,10.0,8.462780952453613,,,,,12.0,19.0,23.0
2025-08-12 12:19:53,1884.16,949.5272727272728,1375.8836363636365,34.502839770546416,79.2587322318701,959.95736306419,10.0,8.452549934387207,,,,,12.0,19.0,19.0
2025-08-12 12:19:56,1886.0218181818184,949.5272727272728,1375.8836363636365,34.49254000271321,79.22268086346584,959.9138597347965,10.0,8.461088180541992,,,,,12.0,18.0,18.0
2025-08-12 12:19:59,1884.16,947.6654545454545,1375.8836363636365,34.54403885352076,79.09173066754059,959.9084596346038,10.0,8.455778121948242,,,,,12.0,17.0,17.0
2025-08-12 12:20:02,1884.16,949.5272727272728,1375.8836363636365,34.59038784413133,78.93684322406455,959.8673616761921,10.0,8.459385871887207,,,,,11.0,16.0,16.0
2025-08-12 12:20:05,1884.16,947.6654545454545,1374.0218181818182,34.605837512906874,78.77948078561137,959.9744223555737,10.0,8.459421157836914,,,,,11.0,16.0,16.0
2025-08-12 12:20:08,1886.0218181818184,949.5272727272728,1377.7454545454548,34.63158696668688,78.546541672901,960.0135183930313,10.0,8.46969985961914,,,,,12.0,17.0,17.0
2025-08-12 12:20:11,1886.0218181818184,951.3890909090909,1379.6072727272726,34.57493817797513,78.58322197252292,959.9553748822265,10.0,8.465038299560547,,,,,12.0,17.0,17.0
2025-08-12 12:20:14,1886.0218181818184,947.6654545454545,1375.8836363636365,34.6109874030808,78.56255139370869,959.926504162752,10.0,8.46846866607666,,,,,11.0,16.0,16.0
2025-08-12 12:20:17,1884.16,947.6654545454545,1377.7454545454548,34.59553773343214,78.33225048004047,959.9587840782116,10.0,8.456330299377441,,,,,11.0,15.0,15.0
2025-08-12 12:20:20,1886.0218181818184,951.3890909090909,1377.7454545454548,34.3174441276642,78.6334657525471,959.9265631991938,10.0,8.442148208618164,,,,,11.0,15.0,15.0
2025-08-12 12:20:23,1884.16,947.6654545454545,1375.8836363636365,34.21959657932166,79.01309742570047,959.9172224274214,10.0,8.425954818725586,,,,,11.0,15.0,16.0
2025-08-12 12:20:26,1886.0218181818184,949.5272727272728,1379.6072727272726,34.271095275878906,79.46320247325481,959.9675891545184,10.0,8.441927909851074,,,,,12.0,16.0,17.0
2025-08-12 12:20:29,1884.16,943.9418181818181,1377.7454545454548,34.173247777303914,79.83078739869467,959.9303748678599,10.0,8.425896644592285,,,,,11.0,15.0,16.0
2025-08-12 12:20:32,1886.0218181818184,942.08,1375.8836363636365,34.05480094591621,80.13783248733755,959.8896864493248,10.0,8.426395416259766,,,,,11.0,15.0,16.0
2025-08-12 12:20:35,1884.16,940.2181818181818,1374.0218181818182,34.245345923962304,80.20039486931863,959.9284796282892,10.0,8.434393882751465,,,,,10.0,14.0,15.0
2025-08-12 12:20:38,1886.0218181818184,942.08,1375.8836363636365,34.29169476265088,80.13379303535777,959.9153122398606,10.0,8.447677612304688,,,,,10.0,14.0,15.0
2025-08-12 12:20:41,1884.16,940.2181818181818,1381.469090909091,34.35349325090647,80.10364635810708,959.9255970363919,10.0,8.443714141845703,,,,,10.0,13.0,14.0
2025-08-12 12:20:44,1884.16,940.2181818181818,1377.7454545454548,34.40499202313367,79.93179228197101,959.8923678403677,10.0,8.447709083557129,,,,,9.0,14.0,15.0
2025-08-12 12:22:56,1884.16,943.9418181818181,1377.7454545454548,33.90030531026423,82.97297343758045,959.961219142752,10.0,8.416783332824707,,,,,11.0,16.0,16.0
2025-08-12 12:22:59,1884.16,947.6654545454545,1381.469090909091,34.03935137056396,82.80361428150148,959.9775934540432,10.0,8.428321838378906,,,,,12.0,16.0,16.0
2025-08-12 12:23:02,1880.4363636363637,943.9418181818181,1379.6072727272726,34.05995080494904,82.59447294960027,959.9531995913406,10.0,8.410589218139648,,,,,12.0,17.0,18.0
2025-08-12 12:23:05,1882.2981818181818,942.08,1381.469090909091,34.065100664272904,82.5656228486677,959.9331780121342,10.0,8.420470237731934,,,,,13.0,17.0,18.0
2025-08-12 12:23:08,1882.2981818181818,942.08,1379.6072727272726,34.13204886196763,82.37219137532814,959.923491755221,10.0,8.425616264343262,,,,,12.0,16.0,17.0
2025-08-12 12:23:11,1882.2981818181818,943.9418181818181,1379.6072727272726,33.987852804973954,82.16043554959366,959.9271962645928,10.0,8.411431312561035,,,,,13.0,16.0,17.0
2025-08-12 12:23:14,1884.16,943.9418181818181,1377.7454545454548,33.76125946213142,82.7557442659989,959.9169425255175,10.0,8.403359413146973,,,,,13.0,17.0,20.0
2025-08-12 12:23:17,1882.2981818181818,942.08,1375.8836363636365,33.96725338688702,82.93201936841785,959.9237412817466,10.0,8.413509368896484,,,,,13.0,16.0,19.0
2025-08-12 12:23:20,1880.4363636363637,947.6654545454545,1381.469090909091,33.99815251576365,82.81757078301138,959.9706867250228,10.0,8.405909538269043,,,,,13.0,17.0,20.0
2025-08-12 12:23:23,1880.4363636363637,942.08,1375.8836363636365,33.982702950015664,83.02125559893193,959.9472139135812,10.0,8.4058256149292,,,,,13.0,16.0,19.0
2025-08-12 12:23:26,1882.2981818181818,943.9418181818181,1377.7454545454548,33.92090471321717,83.25593944331477,959.936841439679,10.0,8.410812377929688,,,,,12.0,16.0,19.0
2025-08-12 12:23:29,1882.2981818181818,945.8036363636364,1381.469090909091,34.044501228723675,83.0032792388313,959.9575731165855,10.0,8.420564651489258,,,,,12.0,15.0,17.0
2025-08-12 12:23:32,1882.2981818181818,942.08,1377.7454545454548,33.79730836534873,83.04585810249523,959.9995578723747,10.0,8.398256301879883,,,,,11.0,16.0,17.0
2025-08-12 12:23:35,1880.4363636363637,943.9418181818181,1379.6072727272726,33.60676432415494,83.2689619698869,959.9604298317406,10.0,8.378894805908203,,,,,14.0,22.0,25.0
2025-08-12 12:23:38,1884.16,942.08,1379.6072727272726,33.63251349562779,83.77459816112417,959.9439144534481,10.0,8.398876190185547,,,,,15.0,27.0,32.0
2025-08-12 12:23:41,1882.2981818181818,947.6654545454545,1383.3309090909092,33.297774834005395,84.22974042194006,959.9358075622868,10.0,8.36279582977295,,,,,16.0,29.0,34.0
2025-08-12 12:23:44,1884.16,949.5272727272728,1383.3309090909092,33.22567743706168,84.8369607588422,959.9374267289973,10.0,8.36504077911377,,,,,13.0,26.0,27.0
2025-08-12 12:23:47,1884.16,945.8036363636364,1379.6072727272726,33.29262501804624,85.41603977514077,959.8723536110064,10.0,8.381166458129883,,,,,13.0,23.0,23.0
2025-08-12 12:23:50,1882.2981818181818,943.9418181818181,1381.469090909091,33.40592103637755,85.50853372533194,959.9611561567315,10.0,8.387882232666016,,,,,13.0,21.0,21.0
2025-08-12 12:23:53,1880.4363636363637,940.2181818181818,1381.469090909091,33.61191415786743,85.4869650183267,959.9682573780296,10.0,8.404919624328613,,,,,12.0,20.0,20.0
2025-08-12 12:23:59,1878.5745454545456,938.3563636363637,1383.3309090909092,33.83335728282691,84.91665998684736,959.9151655812343,10.0,8.41390323638916,,,,,12.0,18.0,19.0
2025-08-12 12:24:02,1876.7127272727273,934.6327272727274,1379.6072727272726,33.85395667064586,84.64930845903952,960.0021390703762,10.0,8.419265747070312,,,,,12.0,18.0,19.0
2025-08-12 12:24:05,1878.5745454545456,934.6327272727274,1379.6072727272726,33.86940621456597,84.60975187051501,959.9699428018415,10.0,8.424803733825684,,,,,12.0,17.0,19.0
2025-08-12 12:24:08,1874.8509090909092,930.909090909091,1377.7454545454548,33.987852804973954,84.06431696780902,959.9271962645928,10.0,8.429551124572754,,,,,12.0,16.0,18.0
2025-08-12 12:24:11,1874.8509090909092,934.6327272727274,1379.6072727272726,34.05995080494904,83.72524830981764,959.9531995913406,10.0,8.419417381286621,,,,,12.0,15.0,19.0
2025-08-12 12:24:14,1876.7127272727273,934.6327272727274,1377.7454545454548,33.946653973456705,83.53936756505095,959.975965093312,10.0,8.417010307312012,,,,,12.0,15.0,18.0
2025-08-12 12:24:17,1876.7127272727273,938.3563636363637,1379.6072727272726,33.812757899664575,83.5976405621984,960.0230366825625,10.0,8.398751258850098,,,,,11.0,14.0,17.0
2025-08-12 12:24:20,1876.7127272727273,942.08,1383.3309090909092,33.83850712934509,83.64679259565303,959.9786618190157,10.0,8.3892822265625,,,,,12.0,14.0,18.0
2025-08-12 12:24:23,1878.5745454545456,943.9418181818181,1379.6072727272726,33.38532174983993,83.97455231685298,959.9576553691255,10.0,8.367374420166016,,,,,12.0,14.0,17.0
2025-08-12 12:24:26,1880.4363636363637,947.6654545454545,1379.6072727272726,33.035134591162205,84.97703406803731,959.9257181794657,10.0,8.349489212036133,,,,,11.0,14.0,16.0
2025-08-12 12:24:29,1880.4363636363637,947.6654545454545,1377.7454545454548,33.01968518868671,85.9394481843891,959.9300223116403,10.0,8.354902267456055,,,,,11.0,14.0,16.0
2025-08-12 12:24:32,1880.4363636363637,947.6654545454545,1381.469090909091,33.153580097161466,86.4253998658471,959.9390248049215,10.0,8.364845275878906,,,,,11.0,13.0,14.0
2025-08-12 12:24:35,1882.2981818181818,943.9418181818181,1379.6072727272726,33.12268125466653,86.83128227732664,959.9754521987227,10.0,8.381834030151367,,,,,11.0,13.0,16.0
2025-08-12 12:24:38,1882.2981818181818,949.5272727272728,1383.3309090909092,33.004235788830556,87.03580784271082,959.9899246096703,10.0,8.359827041625977,,,,,11.0,14.0,16.0
2025-08-12 12:24:41,1882.2981818181818,940.2181818181818,1381.469090909091,33.297774834005395,87.29813875610124,959.9358075622868,10.0,8.405556678771973,,,,,11.0,15.0,16.0
2025-08-12 12:24:44,1882.2981818181818,936.4945454545455,1379.6072727272726,33.46256909836666,86.88765376342252,959.9638209044043,10.0,8.42258071899414,,,,,12.0,15.0,16.0
2025-08-12 12:24:47,1880.4363636363637,934.6327272727274,1379.6072727272726,33.46256909836666,86.79413712359352,959.9916402637458,10.0,8.422724723815918,,,,,12.0,15.0,16.0
2025-08-12 12:24:50,1878.5745454545456,934.6327272727274,1379.6072727272726,33.49346805611276,86.55161930088573,959.8995112896621,10.0,8.418625831604004,,,,,12.0,15.0,16.0
2025-08-12 12:24:53,1876.7127272727273,932.7709090909091,1377.7454545454548,33.637663330795476,86.4310059407718,960.0073954113961,10.0,8.425405502319336,,,,,11.0,14.0,15.0
2025-08-12 12:24:56,1878.5745454545456,936.4945454545455,1381.469090909091,33.596464657603065,86.53814805178304,959.8891246610558,10.0,8.418177604675293,,,,,12.0,15.0,18.0
2025-08-12 12:25:02,1876.7127272727273,934.6327272727274,1377.7454545454548,33.9724032409722,85.26908070405146,959.9594067111989,10.0,8.429659843444824,,,,,12.0,15.0,16.0
2025-08-12 12:25:05,1876.7127272727273,934.6327272727274,1377.7454545454548,34.049651087174425,84.59116651674665,960.0210861071263,10.0,8.428783416748047,,,,,12.0,15.0,16.0
2025-08-12 12:25:08,1878.5745454545456,938.3563636363637,1381.469090909091,34.0959998263279,84.18541058737195,959.952272366064,10.0,8.422355651855469,,,,,12.0,15.0,16.0
2025-08-12 12:25:11,1880.4363636363637,940.2181818181818,1379.6072727272726,34.137198725366034,83.71461004493287,959.9591628621964,10.0,8.423279762268066,,,,,12.0,15.0,17.0
2025-08-12 12:25:14,1880.4363636363637,942.08,1379.6072727272726,34.03935137056396,83.5242304331775,959.9219052182847,10.0,8.413630485534668,,,,,12.0,15.0,17.0
2025-08-12 12:25:17,1880.4363636363637,945.8036363636364,1381.469090909091,34.05995080494904,83.26829726223669,959.9810446061542,10.0,8.413756370544434,,,,,13.0,16.0,18.0
2025-08-12 12:25:20,1880.4363636363637,943.9418181818181,1379.6072727272726,34.13204886196763,82.99342619637596,959.9791879580068,10.0,8.418964385986328,,,,,12.0,16.0,16.0
2025-08-12 12:25:23,1878.5745454545456,945.8036363636364,1379.6072727272726,34.029051655117655,82.94918545759764,960.017632886475,10.0,8.399744987487793,,,,,12.0,16.0,16.0
2025-08-12 12:25:26,1878.5745454545456,945.8036363636364,1377.7454545454548,33.8797059119679,83.07072112538283,959.9855936164261,10.0,8.387027740478516,,,,,12.0,16.0,16.0
2025-08-12 12:25:29,1882.2981818181818,947.6654545454545,1379.6072727272726,33.80760805460159,83.15217429486383,959.9317078570243,10.0,8.399962425231934,,,,,12.0,15.0,15.0
2025-08-12 12:25:32,1882.2981818181818,945.8036363636364,1377.7454545454548,33.79215852115885,83.30304305654828,959.9082311465193,10.0,8.399510383605957,,,,,12.0,15.0,15.0
2025-08-12 12:25:35,1880.4363636363637,951.3890909090909,1385.1927272727276,33.88485576110543,83.38743167668886,959.9934190537277,10.0,8.398277282714844,,,,,12.0,16.0,16.0
2025-08-12 12:25:38,1884.16,949.5272727272728,1381.469090909091,33.79730836534873,83.43817127146562,959.9717241279797,10.0,8.40956974029541,,,,,12.0,16.0,16.0
2025-08-12 12:25:41,1884.16,947.6654545454545,1381.469090909091,33.86425636630156,83.43829774889281,959.9342808298908,10.0,8.415905952453613,,,,,12.0,18.0,18.0
2025-08-12 12:25:44,1882.2981818181818,951.3890909090909,1383.3309090909092,33.946653973456705,82.95363441568146,959.975965093312,10.0,8.411195755004883,,,,,11.0,17.0,17.0
2025-08-12 12:25:47,1884.16,949.5272727272728,1381.469090909091,33.85395667064586,83.08015437700833,959.9464667300458,10.0,8.413052558898926,,,,,11.0,19.0,20.0
2025-08-12 12:25:50,1884.16,947.6654545454545,1381.469090909091,33.99300266022328,82.98115713788398,959.9071782014688,10.0,8.425423622131348,,,,,10.0,17.0,18.0
2025-08-12 12:25:53,1886.0218181818184,947.6654545454545,1381.469090909091,34.137198725366034,82.58363946619626,959.931314543756,10.0,8.445734977722168,,,,,10.0,18.0,19.0
2025-08-12 12:25:56,1882.2981818181818,947.6654545454545,1381.469090909091,34.029051655117655,82.80270939838734,959.9062581513233,10.0,8.418414115905762,,,,,10.0,18.0,19.0
2025-08-12 12:25:59,1884.16,951.3890909090909,1383.3309090909092,34.23504618523293,82.369410777247,959.9963935425433,10.0,8.443645477294922,,,,,10.0,17.0,18.0
2025-08-12 12:33:20,1880.4363636363637,936.4945454545455,1372.16,34.698535580566386,79.02176948922782,960.0036803308856,10.0,8.450373649597168,,,,,9.0,13.0,13.0
2025-08-12 12:33:26,1880.4363636363637,934.6327272727274,1372.16,34.698535580566386,78.82790753677108,960.0036803308856,10.0,8.449454307556152,,,,,9.0,13.0,13.0
2025-08-12 12:33:29,1878.5745454545456,936.4945454545455,1372.16,34.6109874030808,78.46856421789148,959.9543728336507,10.0,8.430561065673828,,,,,10.0,14.0,14.0
2025-08-12 12:33:32,1880.4363636363637,938.3563636363637,1372.16,34.29169476265088,78.82514102195519,959.9988771322849,10.0,8.412528991699219,,,,,10.0,15.0,15.0
2025-08-12 12:33:35,1880.4363636363637,938.3563636363637,1372.16,33.90545516056591,79.63896624475589,959.969044206806,10.0,8.387778282165527,,,,,10.0,15.0,17.0
2025-08-12 12:33:38,1880.4363636363637,942.08,1374.0218181818182,33.68916169847944,80.69370171149205,959.9465273892197,10.0,8.372260093688965,,,,,11.0,15.0,17.0
2025-08-12 12:33:41,1882.2981818181818,940.2181818181818,1372.16,33.586164992215345,81.55185403487525,959.9847691565874,10.0,8.3827543258667,,,,,11.0,16.0,17.0
2025-08-12 12:33:44,1884.16,943.9418181818181,1374.0218181818182,33.49861788342241,82.36391378220557,959.9073392988779,10.0,8.377663612365723,,,,,12.0,16.0,18.0
2025-08-12 12:33:47,1882.2981818181818,947.6654545454545,1374.0218181818182,33.199928380548954,83.36131977603907,959.8982741245687,10.0,8.35242748260498,,,,,12.0,16.0,17.0
2025-08-12 12:33:50,1886.0218181818184,943.9418181818181,1372.16,33.28747520237812,84.2814229330998,959.8923359149869,10.0,8.383894920349121,,,,,12.0,16.0,18.0
2025-08-12 12:33:53,1882.2981818181818,943.9418181818181,1372.16,33.2617261284031,84.99228949558706,959.9922412282646,10.0,8.376922607421875,,,,,12.0,16.0,17.0
2025-08-12 12:33:56,1884.16,942.08,1372.16,33.534666682739044,84.98843079874445,959.9621359284087,10.0,8.401588439941406,,,,,12.0,15.0,17.0
2025-08-12 12:33:59,1884.16,942.08,1375.8836363636365,33.67886202261434,84.90820687287707,959.9308739794141,10.0,8.408679962158203,,,,,12.0,15.0,17.0
2025-08-12 12:34:02,1882.2981818181818,940.2181818181818,1374.0218181818182,33.91575486204238,84.49106203991636,959.9011779846415,10.0,8.419289588928223,,,,,12.0,15.0,15.0
2025-08-12 12:34:05,1882.2981818181818,943.9418181818181,1379.6072727272726,33.89000561053399,84.20182487462179,959.8620560637123,10.0,8.413203239440918,,,,,12.0,15.0,15.0
2025-08-12 12:34:08,1880.4363636363637,927.1854545454546,1374.0218181818182,34.03935137056396,83.60038400109987,959.9219052182847,10.0,8.454957008361816,,,,,12.0,15.0,15.0
2025-08-12 12:34:11,1882.2981818181818,921.6000000000001,1374.0218181818182,34.15264831730747,83.37028896792388,959.899085089486,10.0,8.481369972229004,,,,,11.0,15.0,15.0
2025-08-12 12:34:14,1880.4363636363637,912.2909090909092,1372.16,34.19384724195697,83.03990296367344,959.905963475466,10.0,8.505108833312988,,,,,13.0,17.0,17.0
2025-08-12 12:34:17,1876.7127272727273,902.9818181818183,1374.0218181818182,34.22474644766771,82.87851091048512,959.9528964958342,10.0,8.524367332458496,,,,,13.0,17.0,17.0
2025-08-12 12:34:20,1874.8509090909092,901.12,1366.5745454545456,34.37924263338209,82.44643020710684,959.9368431213065,10.0,8.530550956726074,,,,,14.0,18.0,18.0
2025-08-12 12:35:26,1882.2981818181818,930.909090909091,1368.4363636363637,34.33804362491355,82.00890291758914,959.9299913172941,10.0,8.453234672546387,,,,,12.0,15.0,15.0
2025-08-12 12:35:29,1880.4363636363637,929.0472727272728,1364.7127272727273,34.41529178107157,81.95102018465606,959.9637288050421,10.0,8.45752239227295,,,,,12.0,15.0,15.0
2025-08-12 12:35:32,1882.2981818181818,930.909090909091,1368.4363636363637,34.56463840199285,81.50025991210896,959.9397363876197,10.0,8.46147632598877,,,,,12.0,15.0,15.0
2025-08-12 12:35:35,1880.4363636363637,932.7709090909091,1368.4363636363637,34.45134094302193,81.64906157292693,959.9348886486915,10.0,8.446184158325195,,,,,12.0,15.0,17.0
2025-08-12 12:35:38,1878.5745454545456,934.6327272727274,1366.5745454545456,34.25564566385583,82.17771921669303,959.9998302305229,10.0,8.42862319946289,,,,,12.0,15.0,17.0
2025-08-12 12:35:41,1882.2981818181818,942.08,1372.16,34.1062995493412,81.98311102174357,959.9679190443253,10.0,8.421072959899902,,,,,12.0,15.0,16.0
2025-08-12 12:35:44,1882.2981818181818,932.7709090909091,1368.4363636363637,34.15264831730747,82.64359936319475,959.9547830286515,10.0,8.441941261291504,,,,,12.0,15.0,16.0
2025-08-12 12:35:47,1878.5745454545456,932.7709090909091,1366.5745454545456,34.17839764303062,82.67515743121852,959.9660474552942,10.0,8.43385124206543,,,,,12.0,15.0,17.0
2025-08-12 12:35:50,1880.4363636363637,932.7709090909091,1368.4363636363637,34.42044166047708,82.27405983220613,959.971549510599,10.0,8.448383331298828,,,,,12.0,15.0,17.0
2025-08-12 12:35:53,1880.4363636363637,934.6327272727274,1368.4363636363637,34.441041181009496,82.02948555523135,959.947109744428,10.0,8.442546844482422,,,,,12.0,15.0,17.0
2025-08-12 12:35:56,1880.4363636363637,930.909090909091,1368.4363636363637,34.61613729354576,81.44006268708824,959.9621917948309,10.0,8.458796501159668,,,,,11.0,15.0,18.0
2025-08-12 12:35:59,1880.4363636363637,936.4945454545455,1374.0218181818182,34.70883537168265,80.89604606740954,960.0193175806143,10.0,8.460626602172852,,,,,10.0,14.0,16.0
2025-08-12 12:36:02,1878.5745454545456,934.6327272727274,1370.298181818182,34.739734752016375,80.2350571213465,959.9826070188001,10.0,8.450982093811035,,,,,10.0,13.0,15.0
2025-08-12 12:36:05,1876.7127272727273,938.3563636363637,1372.16,34.53888896713033,79.86636916167173,959.9842372191806,10.0,8.421435356140137,,,,,11.0,14.0,16.0
2025-08-12 12:36:08,1880.4363636363637,938.3563636363637,1366.5745454545456,34.41529178107157,80.03827451630714,959.9637288050421,10.0,8.430012702941895,,,,,11.0,15.0,17.0
2025-08-12 12:36:11,1882.2981818181818,942.08,1372.16,34.281395018682815,80.52015623302037,959.9832331037702,10.0,8.429490089416504,,,,,10.0,15.0,16.0
2025-08-12 12:36:14,1880.4363636363637,938.3563636363637,1368.4363636363637,34.41529178107157,80.66033064705489,959.9358685357458,10.0,8.433309555053711,,,,,11.0,15.0,17.0
2025-08-12 12:36:17,1882.2981818181818,936.4945454545455,1370.298181818182,34.55433862717473,80.51925090667605,959.9798304615315,10.0,8.454381942749023,,,,,11.0,16.0,17.0
2025-08-12 12:36:20,1878.5745454545456,940.2181818181818,1372.16,34.435891300439835,80.37448741042996,959.9950117457608,10.0,8.423934936523438,,,,,11.0,15.0,15.0
2025-08-12 12:36:23,1880.4363636363637,936.4945454545455,1368.4363636363637,34.56463840199285,80.42617915025825,959.9676030762239,10.0,8.445510864257812,,,,,11.0,15.0,15.0
2025-08-12 12:36:29,1878.5745454545456,938.3563636363637,1372.16,34.636736858316,80.21487869060986,959.9655980319225,10.0,8.441549301147461,,,,,10.0,15.0,15.0
2025-08-12 12:36:32,1880.4363636363637,936.4945454545455,1368.4363636363637,34.68823579061427,79.96070907796332,959.988043159633,10.0,8.454254150390625,,,,,11.0,15.0,15.0
2025-08-12 12:36:35,1878.5745454545456,938.3563636363637,1370.298181818182,34.713985267677344,79.9393107374804,959.9992630884465,10.0,8.446959495544434,,,,,12.0,16.0,16.0
2025-08-12 12:36:38,1882.2981818181818,938.3563636363637,1372.16,34.698535580566386,79.65027473196223,960.0036803308856,10.0,8.462875366210938,,,,,12.0,16.0,16.0
2025-08-12 12:36:41,1878.5745454545456,938.3563636363637,1370.298181818182,34.55433862717473,79.60928558904673,959.9519642070371,10.0,8.431126594543457,,,,,12.0,16.0,16.0
2025-08-12 12:36:44,1878.5745454545456,938.3563636363637,1366.5745454545456,34.69338568544481,79.63223963120882,959.9679894956354,10.0,8.443731307983398,,,,,12.0,15.0,15.0
2025-08-12 12:36:47,1880.4363636363637,938.3563636363637,1368.4363636363637,34.72943495740765,79.67626091593003,959.994844681753,10.0,8.456463813781738,,,,,12.0,15.0,17.0
2025-08-12 12:36:50,1878.5745454545456,940.2181818181818,1370.298181818182,34.739734752016375,79.48912459174792,959.954732796659,10.0,8.447240829467773,,,,,13.0,16.0,18.0
2025-08-12 12:36:53,1880.4363636363637,940.2181818181818,1368.4363636363637,34.703685475979,79.53322006001454,959.927880924158,10.0,8.453754425048828,,,,,13.0,16.0,17.0
2025-08-12 12:36:56,1880.4363636363637,945.8036363636364,1375.8836363636365,34.67793600182631,79.24922123597158,959.9445345070396,10.0,8.44973373413086,,,,,13.0,16.0,18.0
2025-08-12 12:36:59,1882.2981818181818,945.8036363636364,1372.16,34.63158696668688,79.43345958188841,959.9577792187833,10.0,8.455788612365723,,,,,13.0,16.0,18.0
2025-08-12 12:37:02,1884.16,945.8036363636364,1372.16,34.57493817797513,79.81058190359087,959.9275077595125,10.0,8.462121963500977,,,,,13.0,16.0,18.0
2025-08-12 12:37:05,1882.2981818181818,947.6654545454545,1372.16,34.67793600182631,79.5605164496621,959.9166629664079,10.0,8.4608154296875,,,,,12.0,16.0,17.0
2025-08-12 12:37:08,1884.16,947.6654545454545,1372.16,34.63158696668688,79.68011008198106,959.9577792187833,10.0,8.466373443603516,,,,,12.0,16.0,18.0
2025-08-12 12:37:11,1884.16,947.6654545454545,1370.298181818182,34.59553773343214,79.63022328345382,959.9587840782116,10.0,8.462849617004395,,,,,12.0,16.0,17.0
2025-08-12 12:37:14,1884.16,949.5272727272728,1374.0218181818182,34.64703664244735,79.49342859236124,959.9254952597579,10.0,8.466974258422852,,,,,12.0,16.0,17.0
2025-08-12 12:37:17,1886.0218181818184,953.2509090909092,1377.7454545454548,34.703685475979,79.36875520980611,959.9557535788804,10.0,8.480592727661133,,,,,12.0,16.0,17.0
2025-08-12 12:37:20,1887.8836363636362,949.5272727272728,1374.0218181818182,34.68823579061427,79.15605919686288,959.988043159633,10.0,8.48742389678955,,,,,12.0,15.0,16.0
2025-08-12 12:37:23,1886.0218181818184,949.5272727272728,1370.298181818182,34.76033434472629,79.050168538224,959.9860043753266,10.0,8.48404312133789,,,,,11.0,15.0,16.0
2025-08-12 12:37:26,1886.0218181818184,949.5272727272728,1370.298181818182,34.739734752016375,79.00741023881007,959.954732796659,10.0,8.482144355773926,,,,,11.0,15.0,16.0
2025-08-12 12:40:35,1886.0218181818184,949.5272727272728,1379.6072727272726,34.84273276213207,78.89803941989781,959.9159430727383,10.0,8.491148948669434,,,,,11.0,15.0,15.0
2025-08-12 12:40:41,1884.16,945.8036363636364,1375.8836363636365,34.9199813461164,78.68078279134646,959.8659034532991,10.0,8.488056182861328,,,,,10.0,16.0,16.0
2025-08-12 12:40:44,1884.16,949.5272727272728,1379.6072727272726,34.86333237812505,78.58818181262387,959.8635714028406,10.0,8.482368469238281,,,,,10.0,16.0,16.0
2025-08-12 12:40:47,1886.0218181818184,949.5272727272728,1379.6072727272726,34.93028116226196,78.56990621178204,959.8815346788854,10.0,8.497627258300781,,,,,10.0,15.0,15.0
2025-08-12 12:40:50,1886.0218181818184,947.6654545454545,1377.7454545454548,34.89423181084567,78.54945495813146,959.9104681054522,10.0,8.494150161743164,,,,,10.0,15.0,15.0
2025-08-12 12:40:53,1884.16,947.6654545454545,1375.8836363636365,34.86333237812505,78.53528553469498,959.8635714028406,10.0,8.482154846191406,,,,,10.0,16.0,16.0
2025-08-12 12:40:56,1884.16,947.6654545454545,1375.8836363636365,34.811833346873755,78.67230076511335,959.8969207237698,10.0,8.477987289428711,,,,,10.0,16.0,16.0
2025-08-12 12:40:59,1884.16,949.5272727272728,1377.7454545454548,34.853032569546485,78.70491759635019,959.9036973774074,10.0,8.481790542602539,,,,,10.0,15.0,15.0
2025-08-12 12:41:02,1886.0218181818184,951.3890909090909,1377.7454545454548,34.87363218786777,78.64188426705914,959.9070834822098,10.0,8.492661476135254,,,,,11.0,17.0,19.0
2025-08-12 12:41:05,1886.0218181818184,951.3890909090909,1377.7454545454548,34.84788266569376,78.47530581396718,959.8958809144344,10.0,8.489563941955566,,,,,11.0,17.0,19.0
2025-08-12 12:41:08,1884.16,949.5272727272728,1379.6072727272726,34.853032569546485,78.61088459849965,959.8479393249273,10.0,8.481640815734863,,,,,11.0,17.0,19.0
2025-08-12 12:41:11,1886.0218181818184,947.6654545454545,1374.0218181818182,34.92513125404366,78.58125995029702,959.8737190563373,10.0,8.497321128845215,,,,,11.0,17.0,18.0
2025-08-12 12:41:14,1887.8836363636362,949.5272727272728,1377.7454545454548,34.976630349323386,78.36776413465653,959.9239917795832,10.0,8.50995922088623,,,,,11.0,17.0,20.0
2025-08-12 12:41:17,1882.2981818181818,949.5272727272728,1375.8836363636365,34.84788266569376,78.49293772015524,959.8958809144344,10.0,8.470907211303711,,,,,10.0,16.0,19.0
2025-08-12 12:41:20,1887.8836363636362,951.3890909090909,1377.7454545454548,34.739734752016375,78.89578357483475,959.8711102454816,10.0,8.491425514221191,,,,,10.0,15.0,20.0
2025-08-12 12:41:23,1887.8836363636362,951.3890909090909,1379.6072727272726,34.82728305319324,78.86156198845195,959.9482490808778,10.0,8.498726844787598,,,,,11.0,17.0,22.0
2025-08-12 12:41:26,1887.8836363636362,949.5272727272728,1379.6072727272726,34.89423181084567,78.81394473334774,959.9104681054522,10.0,8.504820823669434,,,,,11.0,16.0,20.0
2025-08-12 12:41:29,1884.16,947.6654545454545,1377.7454545454548,34.68823579061427,79.09144385517989,959.9322991525302,10.0,8.468696594238281,,,,,10.0,15.0,20.0
2025-08-12 12:41:32,1884.16,949.5272727272728,1379.6072727272726,34.76033434472629,79.3497892191578,959.9860043753266,10.0,8.476150512695312,,,,,11.0,15.0,20.0
2025-08-12 12:41:35,1882.2981818181818,947.6654545454545,1377.7454545454548,34.719135163963074,79.3993617840874,959.9792081817745,10.0,8.463367462158203,,,,,10.0,14.0,18.0
2025-08-12 12:48:23,1876.7127272727273,936.4945454545455,1359.1272727272728,34.99722999558435,78.92786333000215,959.8437133060856,10.0,8.459087371826172,,,,,12.0,15.0,15.0
2025-08-12 12:48:29,1876.7127272727273,942.08,1360.989090909091,34.39984214460128,79.80812191347529,959.8009690519788,10.0,8.409523010253906,,,,,11.0,14.0,14.0
2025-08-12 12:48:32,1878.5745454545456,942.08,1362.8509090909092,34.48224023604416,80.58372202499793,959.8146312664846,10.0,8.430191993713379,,,,,11.0,14.0,14.0
2025-08-12 12:48:35,1878.5745454545456,938.3563636363637,1360.989090909091,34.63158696668688,80.73110654960533,959.9020401213405,10.0,8.444046020507812,,,,,10.0,14.0,14.0
2025-08-12 12:48:41,1876.7127272727273,936.4945454545455,1362.8509090909092,34.780933942092815,80.1268345254413,959.8221445571944,10.0,8.44565486907959,,,,,9.0,14.0,14.0
2025-08-12 12:48:47,1876.7127272727273,932.7709090909091,1360.989090909091,34.99208008358255,79.32128500348944,959.7801286552623,10.0,8.461071968078613,,,,,10.0,14.0,16.0
2025-08-12 12:48:53,1876.7127272727273,932.7709090909091,1362.8509090909092,35.244426113931695,78.86501116418485,959.884092229142,10.0,8.481033325195312,,,,,11.0,15.0,18.0
2025-08-12 12:48:59,1872.989090909091,929.0472727272728,1359.1272727272728,35.48132302323938,77.74767508859884,959.8528230299115,10.0,8.478350639343262,,,,,11.0,15.0,19.0
2025-08-12 12:49:02,1872.989090909091,929.0472727272728,1360.989090909091,35.56887203687802,77.34804571189585,959.901877845633,10.0,8.483989715576172,,,,,11.0,14.0,18.0
2025-08-12 12:49:05,1871.1272727272728,930.909090909091,1360.989090909091,35.16202733331011,77.25271851900683,959.8706563260151,10.0,8.437407493591309,,,,,11.0,14.0,18.0
2025-08-12 12:49:08,1872.989090909091,940.2181818181818,1366.5745454545456,34.853032569546485,78.20533695073928,959.8479393249273,10.0,8.42348861694336,,,,,11.0,14.0,17.0
2025-08-12 12:49:11,1876.7127272727273,936.4945454545455,1362.8509090909092,34.626437075348804,79.59160789357847,959.8384832138369,10.0,8.428885459899902,,,,,11.0,14.0,17.0
2025-08-12 12:49:14,1876.7127272727273,932.7709090909091,1360.989090909091,34.86333237812505,79.88094127031742,959.8635714028406,10.0,8.451744079589844,,,,,11.0,14.0,17.0
2025-08-12 12:49:20,1874.8509090909092,929.0472727272728,1362.8509090909092,34.585237955121556,80.52767336250562,959.8595432666424,10.0,8.443451881408691,,,,,12.0,15.0,17.0
2025-08-12 12:49:26,1876.7127272727273,925.3236363636365,1366.5745454545456,34.775784042314626,82.21084873386546,959.8422038157458,10.0,8.480460166931152,,,,,12.0,15.0,15.0
2025-08-12 12:49:29,1871.1272727272728,921.6000000000001,1364.7127272727273,34.94573088866309,82.53668081703152,959.821332661865,10.0,8.488560676574707,,,,,12.0,15.0,15.0
2025-08-12 12:49:32,1869.2654545454548,917.8763636363637,1362.8509090909092,35.12082797093899,82.35802627544267,959.7523675252759,10.0,8.503533363342285,,,,,12.0,14.0,14.0
2025-08-12 12:49:38,1867.4036363636365,914.1527272727274,1360.989090909091,34.99208008358255,80.55537012599378,959.8080135997595,10.0,8.491522789001465,,,,,12.0,14.0,14.0
2025-08-12 12:49:44,1861.818181818182,908.5672727272728,1360.989090909091,34.441041181009496,80.73288546397758,959.8356644029549,10.0,8.467079162597656,,,,,10.0,13.0,13.0
2025-08-12 12:49:50,1858.0945454545456,908.5672727272728,1362.8509090909092,34.502839770546416,81.68864753763654,959.8180431242945,10.0,8.467039108276367,,,,,10.0,13.0,14.0
2025-08-12 12:54:32,1872.989090909091,930.909090909091,1357.2654545454545,36.13536768744234,72.24546179319044,959.7834251219069,10.0,8.510293960571289,,,,,11.0,14.0,14.0
2025-08-12 12:54:38,1872.989090909091,930.909090909091,1357.2654545454545,36.28986711241305,72.20215173768354,959.738160551822,10.0,8.524327278137207,,,,,11.0,15.0,15.0
2025-08-12 12:54:44,1872.989090909091,927.1854545454546,1355.4036363636365,36.176567508489825,72.14769663538355,959.7899899096183,10.0,8.513599395751953,,,,,12.0,16.0,16.0
2025-08-12 12:54:50,1869.2654545454548,925.3236363636365,1357.2654545454545,36.08386793732643,72.59640982981014,959.7612448258141,10.0,8.488886833190918,,,,,12.0,17.0,17.0
2025-08-12 12:54:56,1871.1272727272728,927.1854545454546,1359.1272727272728,36.222917329432676,72.46365473603238,959.77641478846,10.0,8.510063171386719,,,,,13.0,18.0,18.0
2025-08-12 12:55:02,1871.1272727272728,929.0472727272728,1357.2654545454545,36.18171748743043,72.54958360421448,959.7419220049633,10.0,8.506916999816895,,,,,12.0,16.0,16.0
2025-08-12 12:55:08,1871.1272727272728,930.909090909091,1355.4036363636365,36.11476778390352,72.72238673362106,959.8080736803072,10.0,8.501280784606934,,,,,11.0,15.0,15.0
2025-08-12 12:55:14,1872.989090909091,936.4945454545455,1359.1272727272728,35.99631842892268,72.9035702417045,959.7961350353725,10.0,8.500778198242188,,,,,12.0,14.0,15.0
2025-08-12 12:55:20,1874.8509090909092,932.7709090909091,1357.2654545454545,36.15081761815236,72.70701127333085,959.7509692150333,10.0,8.523547172546387,,,,,11.0,13.0,14.0
2025-08-12 12:55:26,1874.8509090909092,936.4945454545455,1359.1272727272728,36.192017446184764,72.3908066408012,959.7575295461595,10.0,8.525551795959473,,,,,12.0,14.0,15.0
2025-08-12 12:55:32,1874.8509090909092,940.2181818181818,1360.989090909091,36.16111757341423,72.20576779048346,959.7107071495464,10.0,8.521984100341797,,,,,12.0,15.0,16.0
2025-08-12 12:55:38,1874.8509090909092,942.08,1362.8509090909092,35.949968723230995,72.77071149511966,959.7538097662878,10.0,8.505402565002441,,,,,11.0,15.0,17.0
2025-08-12 12:55:41,1878.5745454545456,938.3563636363637,1360.989090909091,35.96026865579188,72.81269291080775,959.7694214952255,10.0,8.525352478027344,,,,,11.0,15.0,16.0
2025-08-12 12:55:47,1876.7127272727273,938.3563636363637,1359.1272727272728,36.119917759351665,72.78175846985988,959.7600117423646,10.0,8.530312538146973,,,,,11.0,15.0,16.0
2025-08-12 12:55:53,1878.5745454545456,942.08,1362.8509090909092,36.22806731099263,72.46989115595392,959.7562804316575,10.0,8.547845840454102,,,,,12.0,17.0,17.0
2025-08-12 12:55:59,1876.7127272727273,938.3563636363637,1360.989090909091,36.26926717394963,72.25400074406139,959.7069495508476,10.0,8.541502952575684,,,,,13.0,18.0,18.0
2025-08-12 12:56:05,1880.4363636363637,942.08,1360.989090909091,35.32682496905909,73.46083257844596,959.785906935382,10.0,8.480456352233887,,,,,13.0,16.0,16.0
2025-08-12 12:56:11,1878.5745454545456,943.9418181818181,1364.7127272727273,35.23927618796006,75.29841232155646,959.7646969361028,10.0,8.472428321838379,,,,,13.0,17.0,18.0
2025-08-12 12:56:17,1880.4363636363637,940.2181818181818,1364.7127272727273,35.27532567587332,75.98984091191716,959.7635874500875,10.0,8.488673210144043,,,,,12.0,15.0,17.0
2025-08-12 12:56:23,1878.5745454545456,934.6327272727274,1362.8509090909092,35.733670408371836,75.65758453953737,959.7888979425888,10.0,8.519113540649414,,,,,12.0,15.0,17.0
2025-08-12 13:03:02,1872.989090909091,938.3563636363637,1366.5745454545456,35.38862415929907,77.45810264013635,959.7959398055599,10.0,8.468586921691895,,,,,11.0,14.0,16.0
2025-08-12 13:03:08,1872.989090909091,938.3563636363637,1368.4363636363637,35.40407396340743,77.40040578458293,959.791470271976,10.0,8.46971607208252,,,,,11.0,14.0,14.0
2025-08-12 13:03:14,1878.5745454545456,947.6654545454545,1368.4363636363637,35.033279387746006,78.36040519398468,959.7868700564612,10.0,8.468921661376953,,,,,10.0,13.0,13.0
2025-08-12 13:03:20,1878.5745454545456,943.9418181818181,1364.7127272727273,35.00752982046106,78.84049618545097,959.7478003901201,10.0,8.469335556030273,,,,,9.0,13.0,14.0
2025-08-12 13:03:23,1878.5745454545456,945.8036363636364,1366.5745454545456,34.96118061768357,78.89562877555828,959.7332433287967,10.0,8.46545124053955,,,,,10.0,13.0,14.0
2025-08-12 13:03:29,1878.5745454545456,943.9418181818181,1366.5745454545456,34.89938171731774,79.76047464667988,959.7788792959773,10.0,8.46398639678955,,,,,10.0,13.0,14.0
2025-08-12 13:03:35,1882.2981818181818,945.8036363636364,1366.5745454545456,35.14657757023815,79.46295162914238,959.7356494053206,10.0,8.503860473632812,,,,,11.0,16.0,18.0
2025-08-12 13:03:41,1878.5745454545456,940.2181818181818,1364.7127272727273,35.23412626227946,79.08181355287724,959.7847802366964,10.0,8.49095630645752,,,,,11.0,16.0,19.0
2025-08-12 13:03:47,1876.7127272727273,940.2181818181818,1364.7127272727273,35.38862415929907,78.74101907431736,959.7680378298556,10.0,8.493928909301758,,,,,11.0,16.0,18.0
2025-08-12 13:03:50,1880.4363636363637,942.08,1368.4363636363637,35.46072326754802,78.24642209039061,959.7657703056916,10.0,8.516731262207031,,,,,11.0,16.0,17.0
2025-08-12 13:03:56,1878.5745454545456,938.3563636363637,1364.7127272727273,35.553422204829985,77.98276966428415,959.7947196707968,10.0,8.514337539672852,,,,,10.0,16.0,18.0
2025-08-12 13:04:02,1880.4363636363637,942.08,1368.4363636363637,35.39377409371082,77.6762712773862,959.7758486246092,10.0,8.507749557495117,,,,,11.0,20.0,21.0
2025-08-12 13:04:05,1878.5745454545456,942.08,1368.4363636363637,35.471023144811625,77.55262747306918,959.7813906405288,10.0,8.504682540893555,,,,,12.0,22.0,22.0
2025-08-12 13:04:11,1880.4363636363637,938.3563636363637,1364.7127272727273,35.424673706293106,77.99645494379733,959.7669067307609,10.0,8.512309074401855,,,,,12.0,21.0,21.0
2025-08-12 13:04:17,1878.5745454545456,940.2181818181818,1366.5745454545456,35.55857214855496,77.4355972191086,959.6908922503499,10.0,8.512606620788574,,,,,13.0,21.0,23.0
2025-08-12 13:04:23,1880.4363636363637,940.2181818181818,1366.5745454545456,35.208376638242044,78.36811304401289,959.7736134662649,10.0,8.494494438171387,,,,,14.0,20.0,21.0
2025-08-12 13:04:26,1880.4363636363637,942.08,1368.4363636363637,35.203226714307675,78.35594940052577,959.7658011006318,10.0,8.493962287902832,,,,,13.0,19.0,21.0
2025-08-12 13:04:32,1880.4363636363637,943.9418181818181,1366.5745454545456,35.10022829673835,78.73018990591908,959.7490054222304,10.0,8.486562728881836,,,,,13.0,16.0,18.0
2025-08-12 13:04:38,1880.4363636363637,945.8036363636364,1368.4363636363637,34.90968153113499,79.37347790612378,959.7387466886534,10.0,8.472552299499512,,,,,12.0,16.0,16.0
2025-08-12 13:04:44,1878.5745454545456,942.08,1366.5745454545456,35.125977890216745,79.02621805701025,959.7043991765582,10.0,8.481295585632324,,,,,12.0,14.0,15.0
2025-08-12 13:07:38,1872.989090909091,927.1854545454546,1362.8509090909092,35.852119421964744,76.65628532979261,959.6892675413884,10.0,8.507454872131348,,,,,10.0,13.0,14.0
2025-08-12 13:07:44,1869.2654545454548,923.4618181818182,1360.989090909091,35.97571855681599,75.96378498863564,959.6252763010639,10.0,8.49685001373291,,,,,10.0,13.0,14.0
2025-08-12 13:07:47,1871.1272727272728,923.4618181818182,1364.7127272727273,35.939668791834265,75.98477478081851,959.6823469002311,10.0,8.502758979797363,,,,,11.0,12.0,12.0
2025-08-12 13:07:50,1865.5418181818181,923.4618181818182,1364.7127272727273,36.03751818710589,75.80900536391778,959.5792837843887,10.0,8.483144760131836,,,,,10.0,12.0,12.0
2025-08-12 13:07:53,1865.5418181818181,919.7381818181818,1360.989090909091,36.07871796391555,75.83554465527268,959.6417137885334,10.0,8.495908737182617,,,,,11.0,12.0,12.0
2025-08-12 13:07:56,1867.4036363636365,919.7381818181818,1360.989090909091,36.26411719006137,75.25284038066074,959.6432678010183,10.0,8.509992599487305,,,,,10.0,12.0,12.0
2025-08-12 13:07:59,1867.4036363636365,919.7381818181818,1364.7127272727273,36.36711692312383,74.74651147195233,959.6316524918329,10.0,8.51684284210205,,,,,10.0,13.0,13.0
2025-08-12 13:08:02,1863.68,916.0145454545454,1359.1272727272728,36.4855667600641,74.27044941791974,959.6992899760178,10.0,8.512869834899902,,,,,10.0,13.0,13.0
2025-08-12 13:08:05,1865.5418181818181,917.8763636363637,1360.989090909091,36.52161674099625,73.84762120888823,959.6700440551699,10.0,8.516751289367676,,,,,11.0,14.0,15.0
2025-08-12 13:08:08,1861.818181818182,917.8763636363637,1360.989090909091,36.5679667374352,73.50806930328027,959.7122942932402,10.0,8.501569747924805,,,,,11.0,14.0,15.0
2025-08-12 13:08:11,1861.818181818182,916.0145454545454,1360.989090909091,36.51131674498902,73.46886794879336,959.7382941214236,10.0,8.503947257995605,,,,,11.0,14.0,15.0
2025-08-12 13:08:14,1863.68,917.8763636363637,1360.989090909091,36.501016750145936,73.60405379305175,959.6947426760294,10.0,8.504125595092773,,,,,10.0,13.0,14.0
2025-08-12 13:08:17,1863.68,916.0145454545454,1357.2654545454545,36.588566743419506,73.24945140800357,959.7434951438606,10.0,8.511216163635254,,,,,11.0,13.0,15.0
2025-08-12 13:08:20,1861.818181818182,917.8763636363637,1359.1272727272728,36.66581680733361,73.03585274386445,959.7766303299612,10.0,8.506314277648926,,,,,11.0,14.0,15.0
2025-08-12 13:08:23,1861.818181818182,916.0145454545454,1357.2654545454545,36.676116820803145,72.77054374613125,959.7083582115447,10.0,8.508081436157227,,,,,11.0,14.0,15.0
2025-08-12 13:08:26,1865.5418181818181,919.7381818181818,1360.989090909091,36.470116772601614,73.0644360254693,959.7038361038243,10.0,8.507912635803223,,,,,12.0,15.0,17.0
2025-08-12 13:08:29,1859.9563636363637,917.8763636363637,1359.1272727272728,36.45466678775847,73.11659323370608,959.7083810595184,10.0,8.48849105834961,,,,,11.0,16.0,17.0
2025-08-12 13:08:32,1861.818181818182,916.0145454545454,1357.2654545454545,36.459816782415146,73.09330044156697,959.6882342361995,10.0,8.499232292175293,,,,,11.0,15.0,15.0
2025-08-12 13:08:35,1858.0945454545456,914.1527272727274,1357.2654545454545,36.50616674742196,73.00180211484239,959.702543297139,10.0,8.497099876403809,,,,,11.0,15.0,15.0
2025-08-12 13:08:38,1861.818181818182,914.1527272727274,1357.2654545454545,36.44436679931823,73.25769118216309,959.6368843194309,10.0,8.505599021911621,,,,,11.0,15.0,17.0
2025-08-12 13:08:44,1858.0945454545456,916.0145454545454,1357.2654545454545,36.31046705553308,74.01648326830234,959.6576056761277,10.0,8.488242149353027,,,,,11.0,15.0,18.0
2025-08-12 13:08:47,1858.0945454545456,914.1527272727274,1357.2654545454545,36.41861683331081,73.62219419877377,959.7655584193652,10.0,8.496172904968262,,,,,11.0,15.0,18.0
2025-08-12 13:08:50,1863.68,919.7381818181818,1357.2654545454545,36.119917759351665,73.33076025355628,959.6762116670131,10.0,8.47677230834961,,,,,11.0,15.0,17.0
2025-08-12 13:08:53,1861.818181818182,925.3236363636365,1355.4036363636365,35.70277069101576,74.11097960990931,959.6303887003977,10.0,8.438858032226562,,,,,10.0,14.0,16.0
2025-08-12 13:08:56,1863.68,927.1854545454546,1357.2654545454545,35.66672103400924,74.95737699151877,959.6315679864913,10.0,8.441534042358398,,,,,10.0,14.0,16.0
2025-08-12 13:08:59,1863.68,923.4618181818182,1357.2654545454545,35.67187098413706,75.6649568632022,959.6672893441388,10.0,8.45755672454834,,,,,10.0,13.0,16.0
2025-08-12 13:09:02,1865.5418181818181,923.4618181818182,1357.2654545454545,35.893319114955375,75.50979059452641,959.667946617798,10.0,8.472672462463379,,,,,11.0,14.0,15.0
2025-08-12 13:09:05,1865.5418181818181,923.4618181818182,1357.2654545454545,36.047818129562074,75.20224873697614,959.6786817826764,10.0,8.480450630187988,,,,,11.0,14.0,16.0
2025-08-12 13:09:08,1865.5418181818181,919.7381818181818,1357.2654545454545,36.23321729284362,74.84348761033414,959.6802692177465,10.0,8.497117042541504,,,,,11.0,15.0,16.0
2025-08-12 13:09:11,1865.5418181818181,921.6000000000001,1357.2654545454545,36.26926717394963,74.83418388319667,959.5951906276262,10.0,8.499197959899902,,,,,12.0,16.0,16.0
2025-08-12 13:09:14,1863.68,921.6000000000001,1355.4036363636365,36.372266912832856,74.64650596980675,959.6673979172228,10.0,8.49775505065918,,,,,13.0,17.0,17.0
2025-08-12 13:09:17,1865.5418181818181,921.6000000000001,1357.2654545454545,36.516466742847115,74.11898502672892,959.6622438312638,10.0,8.517592430114746,,,,,13.0,17.0,17.0
2025-08-12 13:09:20,1865.5418181818181,919.7381818181818,1355.4036363636365,36.39801686574356,73.79208649291112,959.7343509763004,10.0,8.504860877990723,,,,,13.0,17.0,18.0
2025-08-12 13:09:23,1865.5418181818181,925.3236363636365,1360.989090909091,36.41346684098244,73.76359282831521,959.6739186113049,10.0,8.506306648254395,,,,,13.0,18.0,19.0
2025-08-12 13:09:26,1863.68,923.4618181818182,1357.2654545454545,36.49071675646701,73.65062457191202,959.679141490095,10.0,8.503355026245117,,,,,13.0,18.0,19.0
2025-08-12 13:09:29,1863.68,921.6000000000001,1357.2654545454545,36.54221673650318,73.3763859298916,959.7012451382767,10.0,8.506570816040039,,,,,13.0,18.0,20.0
2025-08-12 13:09:32,1863.68,923.4618181818182,1355.4036363636365,36.45466678775847,73.50055566388707,959.6524856209029,10.0,8.499492645263672,,,,,13.0,18.0,20.0
2025-08-12 13:09:35,1865.5418181818181,927.1854545454546,1355.4036363636365,36.222917329432676,73.62095575233786,959.6367259028397,10.0,8.488511085510254,,,,,13.0,18.0,20.0
2025-08-12 13:09:38,1865.5418181818181,927.1854545454546,1355.4036363636365,36.14051766405464,74.11713314441984,959.6794925968886,10.0,8.483288764953613,,,,,14.0,17.0,19.0
2025-08-12 13:09:41,1865.5418181818181,925.3236363636365,1357.2654545454545,36.243517257418716,74.06508894057993,959.6679362242447,10.0,8.492470741271973,,,,,13.0,16.0,18.0
2025-08-12 13:33:00,1874.8509090909092,930.909090909091,1349.8181818181818,37.47952145818272,70.03823429627629,959.3856948999937,10.0,8.632637023925781,,,,,12.0,17.0,21.0
2025-08-12 13:33:06,1876.7127272727273,936.4945454545455,1349.8181818181818,37.08811831419007,70.22261392996865,959.4091768185116,10.0,8.60722827911377,,,,,13.0,18.0,21.0
2025-08-12 13:33:09,1876.7127272727273,942.08,1349.8181818181818,36.8409171946405,70.69324352602194,959.3706919040987,10.0,8.587281227111816,,,,,12.0,16.0,19.0
2025-08-12 13:33:12,1876.7127272727273,942.08,1347.956363636364,36.26411719006137,71.30258804727113,959.3079951415058,10.0,8.53847599029541,,,,,12.0,15.0,17.0
2025-08-12 13:33:15,1878.5745454545456,949.5272727272728,1355.4036363636365,35.79546987451613,73.03202855337398,959.3800468244824,10.0,8.513500213623047,,,,,12.0,16.0,16.0
2025-08-12 13:33:18,1882.2981818181818,947.6654545454545,1353.5418181818184,35.491622902831296,74.43249929672157,959.3661312389714,10.0,8.511953353881836,,,,,12.0,17.0,17.0
2025-08-12 13:33:21,1880.4363636363637,943.9418181818181,1351.68,35.37317435781006,75.95570180016348,959.3818904693373,10.0,8.499485969543457,,,,,12.0,16.0,16.0
2025-08-12 13:33:24,1882.2981818181818,943.9418181818181,1351.68,35.625521443464095,76.53358889009074,959.3458148307747,10.0,8.534845352172852,,,,,12.0,16.0,16.0
2025-08-12 13:33:27,1878.5745454545456,943.9418181818181,1357.2654545454545,35.7851699605817,76.71028926269081,959.3644385823209,10.0,8.531286239624023,,,,,12.0,16.0,16.0
2025-08-12 13:33:30,1878.5745454545456,938.3563636363637,1349.8181818181818,36.06326804542914,76.51849200111931,959.3110641574743,10.0,8.5559720993042,,,,,12.0,15.0,15.0
2025-08-12 13:33:33,1880.4363636363637,940.2181818181818,1355.4036363636365,35.82121966444538,76.83669379075181,959.3353069049937,10.0,8.544853210449219,,,,,12.0,16.0,16.0
2025-08-12 13:33:36,1882.2981818181818,942.08,1357.2654545454545,35.99631842892268,77.08541844791066,959.4330713588223,10.0,8.570731163024902,,,,,13.0,17.0,17.0
2025-08-12 13:33:39,1876.7127272727273,936.4945454545455,1353.5418181818184,36.243517257418716,76.7793946604599,959.3885508312982,10.0,8.563800811767578,,,,,13.0,18.0,18.0
2025-08-12 13:33:42,1878.5745454545456,932.7709090909091,1349.8181818181818,36.40316685719881,76.2423572186383,959.3509170215028,10.0,8.585285186767578,,,,,13.0,17.0,17.0
2025-08-12 13:33:45,1878.5745454545456,934.6327272727274,1357.2654545454545,36.59371674564318,75.61255976260027,959.3878983557015,10.0,8.59910774230957,,,,,13.0,17.0,17.0
2025-08-12 13:33:48,1874.8509090909092,932.7709090909091,1351.68,36.701866859570146,74.9822848079381,959.3559389128021,10.0,8.587174415588379,,,,,13.0,17.0,17.0
2025-08-12 13:33:51,1878.5745454545456,934.6327272727274,1355.4036363636365,36.722466895822436,74.73558572277679,959.3871235681124,10.0,8.606358528137207,,,,,13.0,17.0,17.0
2025-08-12 13:33:54,1878.5745454545456,936.4945454545455,1355.4036363636365,36.85636724496726,74.16559645949839,959.3661123375983,10.0,8.615693092346191,,,,,14.0,18.0,20.0
2025-08-12 13:33:57,1878.5745454545456,936.4945454545455,1351.68,36.73276691569481,73.76721351991974,959.3188376541763,10.0,8.602782249450684,,,,,14.0,18.0,20.0
2025-08-12 13:34:00,1878.5745454545456,932.7709090909091,1353.5418181818184,36.74821694768616,73.75051465992163,959.3981446561834,10.0,8.603734016418457,,,,,13.0,17.0,20.0
2025-08-12 13:34:03,1878.5745454545456,934.6327272727274,1353.5418181818184,36.737916926067555,73.89166408908277,959.3545928803006,10.0,8.603704452514648,,,,,13.0,17.0,20.0
2025-08-12 13:34:06,1876.7127272727273,934.6327272727274,1353.5418181818184,36.907867431640625,73.54831680096258,959.3601609622913,10.0,8.607940673828125,,,,,13.0,16.0,20.0
2025-08-12 13:34:09,1876.7127272727273,934.6327272727274,1353.5418181818184,36.928467514459044,73.01157277983599,959.3633707439674,10.0,8.607094764709473,,,,,13.0,16.0,20.0
2025-08-12 13:34:12,1876.7127272727273,940.2181818181818,1357.2654545454545,36.76881699441583,73.06030306494036,959.3734070183897,10.0,8.592674255371094,,,,,14.0,17.0,20.0
2025-08-12 13:34:15,1876.7127272727273,936.4945454545455,1355.4036363636365,36.87181729791337,73.19709984740793,959.333566178653,10.0,8.603022575378418,,,,,14.0,16.0,19.0
2025-08-12 13:34:18,1876.7127272727273,934.6327272727274,1353.5418181818184,36.804867087397724,73.23409924937718,959.3440895927365,10.0,8.597132682800293,,,,,13.0,16.0,16.0
2025-08-12 13:34:21,1874.8509090909092,932.7709090909091,1351.68,36.76881699441583,73.0189216011531,959.4013680374235,10.0,8.583115577697754,,,,,13.0,16.0,16.0
2025-08-12 13:34:24,1874.8509090909092,934.6327272727274,1355.4036363636365,36.717316886322806,73.2460887364117,959.3793273763009,10.0,8.579668998718262,,,,,14.0,16.0,16.0
2025-08-12 13:34:27,1874.8509090909092,932.7709090909091,1351.68,36.60401675096364,73.49864153457828,959.3475851803229,10.0,8.570914268493652,,,,,14.0,17.0,17.0
2025-08-12 13:34:30,1876.7127272727273,938.3563636363637,1355.4036363636365,36.44951679339283,73.71284881542866,959.3372639230421,10.0,8.567305564880371,,,,,14.0,17.0,17.0
2025-08-12 13:34:33,1876.7127272727273,936.4945454545455,1355.4036363636365,36.62461676509702,73.80725843949247,959.4346826198675,10.0,8.583113670349121,,,,,13.0,17.0,17.0
2025-08-12 13:34:36,1876.7127272727273,934.6327272727274,1355.4036363636365,36.75336695893202,73.52035318254904,959.3779803749942,10.0,8.593711853027344,,,,,13.0,16.0,16.0
2025-08-12 13:34:39,1872.989090909091,932.7709090909091,1351.68,36.737916926067555,73.3361028693535,959.326633221715,10.0,8.572945594787598,,,,,12.0,16.0,16.0
2025-08-12 13:34:42,1874.8509090909092,936.4945454545455,1355.4036363636365,36.69671685123467,73.30383929008056,959.3201849123038,10.0,8.578388214111328,,,,,12.0,16.0,16.0
2025-08-12 13:34:45,1876.7127272727273,934.6327272727274,1351.68,36.66581680733361,73.284076850276,959.3572795883166,10.0,8.584717750549316,,,,,12.0,16.0,16.0
2025-08-12 13:34:48,1876.7127272727273,936.4945454545455,1353.5418181818184,36.763666982296854,73.26095336750792,959.2817290781132,10.0,8.593850135803223,,,,,12.0,16.0,16.0
2025-08-12 13:34:51,1876.7127272727273,936.4945454545455,1359.1272727272728,36.88726735347882,73.00298021805239,959.3849157818241,10.0,8.603142738342285,,,,,12.0,15.0,15.0
2025-08-12 13:34:54,1876.7127272727273,934.6327272727274,1351.68,36.660666801035404,73.10643911928616,959.321526813562,10.0,8.583572387695312,,,,,12.0,16.0,16.0
2025-08-12 13:34:57,1876.7127272727273,932.7709090909091,1351.68,36.76881699441583,73.17853300126269,959.3734070183897,10.0,8.593476295471191,,,,,12.0,16.0,16.0
2025-08-12 13:35:00,1874.8509090909092,938.3563636363637,1355.4036363636365,36.69671685123467,73.12061677306063,959.3481427956223,10.0,8.577250480651855,,,,,12.0,17.0,17.0
2025-08-12 13:36:18,1878.5745454545456,938.3563636363637,1355.4036363636365,37.16536880156491,71.8789154179843,959.3582084516278,10.0,8.632180213928223,,,,,15.0,20.0,22.0
2025-08-12 13:36:21,1878.5745454545456,936.4945454545455,1351.68,37.129318565974245,71.7405393089626,959.3316404777298,10.0,8.628422737121582,,,,,15.0,19.0,23.0
2025-08-12 13:36:24,1878.5745454545456,938.3563636363637,1355.4036363636365,37.1550687327981,71.53497189046314,959.3706018334935,10.0,8.629449844360352,,,,,15.0,19.0,21.0
2025-08-12 13:36:27,1878.5745454545456,942.08,1357.2654545454545,37.0417680531973,71.38002841313525,959.3670113949618,10.0,8.618330001831055,,,,,14.0,17.0,20.0
2025-08-12 13:36:30,1880.4363636363637,936.4945454545455,1355.4036363636365,36.928467514459044,71.87594130344242,959.3074350536895,10.0,8.620462417602539,,,,,13.0,17.0,20.0
2025-08-12 13:36:33,1878.5745454545456,936.4945454545455,1355.4036363636365,36.933617535891244,71.82302077480503,959.3152288337909,10.0,8.611218452453613,,,,,13.0,17.0,20.0
2025-08-12 13:36:36,1880.4363636363637,938.3563636363637,1357.2654545454545,37.046918081032345,71.92477056954002,959.3748046756175,10.0,8.63098430633545,,,,,13.0,17.0,19.0
2025-08-12 13:36:39,1878.5745454545456,936.4945454545455,1353.5418181818184,37.17051883638487,71.6602318815496,959.3380223275396,10.0,8.63171672821045,,,,,13.0,16.0,19.0
2025-08-12 13:36:42,1880.4363636363637,936.4945454545455,1355.4036363636365,37.20656908827368,71.53222960189055,959.3086267848041,10.0,8.643903732299805,,,,,13.0,16.0,16.0
2025-08-12 13:36:45,1876.7127272727273,938.3563636363637,1357.2654545454545,37.18596894259099,71.28824331323892,959.3334192461294,10.0,8.621827125549316,,,,,12.0,15.0,15.0
2025-08-12 13:36:48,1878.5745454545456,934.6327272727274,1355.4036363636365,37.23746931552887,71.2262636037504,959.3273941920421,10.0,8.635708808898926,,,,,12.0,16.0,16.0
2025-08-12 13:36:54,1878.5745454545456,934.6327272727274,1353.5418181818184,37.21171912542195,71.1950897952501,959.3443981785551,10.0,8.633129119873047,,,,,13.0,16.0,16.0
2025-08-12 13:37:00,1874.8509090909092,932.7709090909091,1351.68,36.94391757962876,72.06621293677199,959.3308164496433,10.0,8.59459400177002,,,,,13.0,17.0,17.0
2025-08-12 13:37:03,1876.7127272727273,936.4945454545455,1359.1272727272728,37.00571786650107,72.2653395391921,959.3684012865456,10.0,8.61026382446289,,,,,12.0,17.0,17.0
2025-08-12 13:37:06,1878.5745454545456,934.6327272727274,1355.4036363636365,37.13961863183067,72.10811957447815,959.3752019035522,10.0,8.631003379821777,,,,,12.0,16.0,18.0
2025-08-12 13:37:09,1874.8509090909092,932.7709090909091,1355.4036363636365,37.11901850128197,72.05947981931173,959.4279603081023,10.0,8.609844207763672,,,,,12.0,17.0,18.0
2025-08-12 13:37:12,1876.7127272727273,930.909090909091,1355.4036363636365,37.20141905141645,71.86932792456444,959.3288149893993,10.0,8.626375198364258,,,,,13.0,17.0,18.0
2025-08-12 13:37:15,1878.5745454545456,932.7709090909091,1357.2654545454545,37.29411975937546,71.51394369916021,959.3851154658408,10.0,8.642005920410156,,,,,13.0,17.0,18.0
2025-08-12 13:37:18,1874.8509090909092,929.0472727272728,1353.5418181818184,37.40742075271555,71.23070190037936,959.3606072826857,10.0,8.632292747497559,,,,,11.0,15.0,16.0
2025-08-12 13:37:21,1876.7127272727273,934.6327272727274,1355.4036363636365,37.417720850004116,71.01808749895987,959.320209638416,10.0,8.641634941101074,,,,,12.0,15.0,16.0
2025-08-12 13:37:24,1876.7127272727273,934.6327272727274,1359.1272727272728,37.48982156362035,70.59585449022745,959.3732821652964,10.0,8.645730972290039,,,,,12.0,15.0,16.0
2025-08-12 13:37:27,1876.7127272727273,934.6327272727274,1355.4036363636365,37.0675181952829,70.85482998230725,959.3500302804586,10.0,8.608927726745605,,,,,12.0,15.0,17.0
2025-08-12 13:37:30,1876.7127272727273,932.7709090909091,1353.5418181818184,36.97996774187777,71.44132037371799,959.3853736892027,10.0,8.603796005249023,,,,,12.0,16.0,18.0
2025-08-12 13:37:33,1876.7127272727273,932.7709090909091,1355.4036363636365,37.046918081032345,71.67032171239786,959.3748046756175,10.0,8.611068725585938,,,,,12.0,16.0,17.0
2025-08-12 13:37:36,1872.989090909091,929.0472727272728,1351.68,37.16536880156491,71.72502311599773,959.3582084516278,10.0,8.603477478027344,,,,,11.0,16.0,18.0
2025-08-12 13:37:39,1874.8509090909092,929.0472727272728,1355.4036363636365,37.31471992950537,71.5329764680187,959.3882960273763,10.0,8.625252723693848,,,,,11.0,16.0,17.0
2025-08-12 13:37:42,1872.989090909091,927.1854545454546,1355.4036363636365,37.21171912542195,71.53846724494085,959.3443981785551,10.0,8.606868743896484,,,,,12.0,17.0,20.0
2025-08-12 13:37:45,1871.1272727272728,927.1854545454546,1353.5418181818184,37.273519593902165,71.73765918584556,959.3819334036368,10.0,8.603848457336426,,,,,12.0,18.0,20.0
2025-08-12 13:37:51,1871.1272727272728,925.3236363636365,1355.4036363636365,36.97481771782623,72.48225359591446,959.3775797422298,10.0,8.580622673034668,,,,,12.0,18.0,20.0
2025-08-12 13:37:57,1871.1272727272728,929.0472727272728,1357.2654545454545,36.78426703251898,72.75388297738122,959.3129091864499,10.0,8.565011024475098,,,,,13.0,20.0,21.0
2025-08-12 13:38:00,1869.2654545454548,925.3236363636365,1351.68,36.68641683543683,73.2204191461965,959.3884655349091,10.0,8.548755645751953,,,,,13.0,20.0,21.0
2025-08-12 13:38:03,1872.989090909091,930.909090909091,1355.4036363636365,36.33106700330973,73.93521356941861,959.3814482785178,10.0,8.53884506225586,,,,,12.0,20.0,21.0
2025-08-12 13:38:06,1871.1272727272728,930.909090909091,1355.4036363636365,36.480416763952235,74.55946850542307,959.3561045896391,10.0,8.546258926391602,,,,,12.0,20.0,20.0
2025-08-12 13:38:09,1872.989090909091,927.1854545454546,1353.5418181818184,36.20231740610325,76.25732249005459,959.2982120090553,10.0,8.539446830749512,,,,,12.0,20.0,20.0
2025-08-12 13:38:12,1871.1272727272728,927.1854545454546,1351.68,35.97571855681599,78.10344264135057,959.3739332072215,10.0,8.518364906311035,,,,,12.0,19.0,20.0
2025-08-12 13:38:15,1871.1272727272728,927.1854545454546,1353.5418181818184,36.212617367185885,77.89163470996742,959.3696861579638,10.0,8.538773536682129,,,,,12.0,19.0,19.0
2025-08-12 13:38:18,1871.1272727272728,925.3236363636365,1353.5418181818184,36.41861683331081,77.3881633322082,959.3463671605986,10.0,8.555087089538574,,,,,12.0,18.0,18.0
2025-08-12 13:38:21,1871.1272727272728,927.1854545454546,1355.4036363636365,36.54221673650318,76.84265816115044,959.337877315213,10.0,8.563535690307617,,,,,12.0,17.0,17.0
2025-08-12 13:38:24,1871.1272727272728,927.1854545454546,1357.2654545454545,36.655516795028234,76.14249559928187,959.341686727083,10.0,8.570256233215332,,,,,12.0,16.0,16.0
2025-08-12 13:38:27,1871.1272727272728,923.4618181818182,1355.4036363636365,36.85636724496726,75.54843269530082,959.3101828415423,10.0,8.58574390411377,,,,,12.0,16.0,16.0
2025-08-12 13:38:33,1869.2654545454548,921.6000000000001,1351.68,37.2220192005916,74.09562290395219,959.3040205202595,10.0,8.60224723815918,,,,,13.0,16.0,16.0
2025-08-12 13:38:39,1869.2654545454548,927.1854545454546,1351.68,36.75851697046892,74.46626556299402,959.3018946051693,10.0,8.561995506286621,,,,,13.0,16.0,17.0
2025-08-12 13:38:42,1869.2654545454548,929.0472727272728,1355.4036363636365,36.97481771782623,74.29775142841777,959.3496098853575,10.0,8.580402374267578,,,,,13.0,16.0,17.0
2025-08-12 13:38:45,1871.1272727272728,927.1854545454546,1355.4036363636365,37.03146799840033,73.7871377282402,959.3514248891522,10.0,8.592402458190918,,,,,14.0,19.0,20.0
2025-08-12 13:38:48,1871.1272727272728,927.1854545454546,1351.68,37.17051883638487,73.55385713815295,959.3380223275396,10.0,8.603899002075195,,,,,13.0,20.0,22.0
2025-08-12 13:38:51,1871.1272727272728,930.909090909091,1355.4036363636365,37.30441984385834,73.20170533489653,959.4006979567973,10.0,8.613783836364746,,,,,14.0,21.0,23.0
2025-08-12 13:38:54,1869.2654545454548,927.1854545454546,1351.68,36.94391757962876,73.16042264688838,959.3028479532668,10.0,8.572214126586914,,,,,13.0,21.0,23.0
2025-08-12 13:38:57,1872.989090909091,929.0472727272728,1353.5418181818184,37.14991869885125,73.31586205226421,959.3907869178267,10.0,8.609872817993164,,,,,14.0,21.0,23.0
2025-08-12 13:39:00,1871.1272727272728,929.0472727272728,1351.68,37.129318565974245,73.13703276146292,959.3316404777298,10.0,8.598061561584473,,,,,13.0,20.0,22.0
2025-08-12 13:39:03,1872.989090909091,927.1854545454546,1353.5418181818184,37.31471992950537,72.80582185238072,959.3603115528595,10.0,8.622466087341309,,,,,13.0,21.0,21.0
2025-08-12 13:39:06,1871.1272727272728,930.909090909091,1355.4036363636365,37.23231927692541,72.49276447876669,959.3755647778697,10.0,8.603845596313477,,,,,14.0,20.0,20.0
2025-08-12 13:39:09,1871.1272727272728,927.1854545454546,1347.956363636364,37.422870899084955,72.15554466916691,959.3839774956421,10.0,8.619462966918945,,,,,13.0,19.0,20.0
2025-08-12 13:39:12,1872.989090909091,929.0472727272728,1349.8181818181818,37.23231927692541,72.12579256719746,959.3196029497055,10.0,8.611775398254395,,,,,13.0,19.0,19.0
2025-08-12 13:39:15,1871.1272727272728,929.0472727272728,1349.8181818181818,37.43317099811975,71.81863519096304,959.3995577292076,10.0,8.618555068969727,,,,,12.0,18.0,20.0
2025-08-12 13:39:21,1869.2654545454548,930.909090909091,1353.5418181818184,37.458921250799904,71.29307545695234,959.32654591862,10.0,8.609227180480957,,,,,12.0,16.0,18.0
2025-08-12 13:39:24,1871.1272727272728,930.909090909091,1353.5418181818184,37.57222244903096,71.00964635830606,959.3579374707332,10.0,8.627277374267578,,,,,12.0,17.0,18.0
2025-08-12 13:39:27,1872.989090909091,932.7709090909091,1355.4036363636365,37.685523788124556,70.63120289860156,959.3332876387941,10.0,8.645124435424805,,,,,12.0,17.0,18.0
2025-08-12 13:39:30,1871.1272727272728,932.7709090909091,1353.5418181818184,37.644323284883285,70.4153666793967,959.3269861934704,10.0,8.630950927734375,,,,,12.0,16.0,17.0
2025-08-12 13:39:33,1871.1272727272728,930.909090909091,1351.68,37.57222244903096,70.48815471549376,959.3859330125139,10.0,8.624494552612305,,,,,13.0,17.0,18.0
2025-08-12 13:39:36,1872.989090909091,932.7709090909091,1353.5418181818184,37.72672430999228,70.1652895521338,959.3955874297487,10.0,8.646142959594727,,,,,13.0,17.0,19.0
2025-08-12 13:49:42,1882.2981818181818,943.9418181818181,1359.1272727272728,36.176567508489825,75.4767864876355,959.2592123800033,10.0,8.579934120178223,,,,,13.0,18.0,18.0
2025-08-12 13:49:48,1876.7127272727273,936.4945454545455,1359.1272727272728,35.810919747600565,77.03627498966125,959.2080207702826,10.0,8.526983261108398,,,,,14.0,18.0,18.0
2025-08-12 13:49:54,1872.989090909091,925.3236363636365,1360.989090909091,35.84181950162747,78.16976757366263,959.2548367768713,10.0,8.51671314239502,,,,,14.0,18.0,18.0
2025-08-12 13:50:00,1871.1272727272728,923.4618181818182,1355.4036363636365,36.24866724014282,77.79413315221461,959.2287195217936,10.0,8.542473793029785,,,,,13.0,17.0,18.0
2025-08-12 13:50:06,1867.4036363636365,921.6000000000001,1355.4036363636365,36.67096681392286,76.89344468120271,959.2812057401013,10.0,8.55713176727295,,,,,14.0,18.0,18.0
2025-08-12 13:50:12,1865.5418181818181,919.7381818181818,1355.4036363636365,36.92331749331788,75.65360927058997,959.2437061327076,10.0,8.564628601074219,,,,,14.0,18.0,18.0
2025-08-12 13:50:18,1863.68,910.429090909091,1353.5418181818184,37.10871843775385,74.88041052880332,959.2445206267091,10.0,8.569195747375488,,,,,13.0,17.0,18.0
2025-08-12 13:50:24,1861.818181818182,910.429090909091,1353.5418181818184,37.386820561630884,73.58589314228455,959.2174972393202,10.0,8.577836990356445,,,,,13.0,17.0,17.0
2025-08-12 13:50:30,1861.818181818182,908.5672727272728,1355.4036363636365,37.53102199701243,72.84342300072838,959.2956293530457,10.0,8.586759567260742,,,,,13.0,17.0,17.0
2025-08-12 13:50:36,1859.9563636363637,910.429090909091,1353.5418181818184,37.53102199701243,72.60654229641179,959.2676356448151,10.0,8.576287269592285,,,,,14.0,17.0,17.0
2025-08-12 13:50:42,1861.818181818182,914.1527272727274,1351.68,37.37652046783478,72.7801996464286,959.2578932119574,10.0,8.572518348693848,,,,,13.0,17.0,17.0
2025-08-12 13:50:48,1863.68,916.0145454545454,1353.5418181818184,37.597972741001286,72.03622607510134,959.256897549789,10.0,8.598183631896973,,,,,14.0,17.0,18.0
2025-08-12 13:50:51,1863.68,916.0145454545454,1351.68,37.71642417777912,71.65251981060725,959.2400038844419,10.0,8.60707950592041,,,,,14.0,16.0,18.0
2025-08-12 13:50:57,1859.9563636363637,914.1527272727274,1347.956363636364,37.95332751321257,70.63525424278933,959.2340409711364,10.0,8.604710578918457,,,,,14.0,16.0,18.0
2025-08-12 13:51:03,1861.818181818182,917.8763636363637,1349.8181818181818,37.97907791286707,70.20375571279797,959.2449495520789,10.0,8.614108085632324,,,,,15.0,17.0,18.0
2025-08-12 13:51:09,1863.68,921.6000000000001,1351.68,38.02542865058058,69.95134002645226,959.2589774790728,10.0,8.626240730285645,,,,,15.0,18.0,19.0
2025-08-12 13:51:15,1865.5418181818181,919.7381818181818,1347.956363636364,38.02027856744826,69.82050856938363,959.3072231311571,10.0,8.63429069519043,,,,,15.0,18.0,18.0
2025-08-12 13:51:21,1865.5418181818181,921.6000000000001,1349.8181818181818,38.08722967086942,69.72941026580699,959.2683318695008,10.0,8.640067100524902,,,,,15.0,18.0,18.0
2025-08-12 13:51:27,1865.5418181818181,925.3236363636365,1351.68,38.05632915548631,70.13706622541444,959.2216319748171,10.0,8.639487266540527,,,,,14.0,18.0,19.0
2025-08-12 13:51:33,1867.4036363636365,921.6000000000001,1347.956363636364,38.149030733067775,69.30558461330416,959.2496524348192,10.0,8.653039932250977,,,,,14.0,18.0,19.0
2025-08-12 13:53:39,1872.989090909091,930.909090909091,1349.8181818181818,38.16963109644712,69.10490562365199,959.2247410106907,10.0,8.681976318359375,,,,,14.0,17.0,18.0
2025-08-12 13:53:45,1874.8509090909092,932.7709090909091,1349.8181818181818,38.17993127988302,68.38705367675948,959.1842625288766,10.0,8.68887996673584,,,,,14.0,17.0,18.0
2025-08-12 13:53:51,1871.1272727272728,929.0472727272728,1346.0945454545456,38.20568174356595,68.09152125137383,959.2231721484708,10.0,8.670815467834473,,,,,14.0,17.0,18.0
2025-08-12 13:53:57,1872.989090909091,936.4945454545455,1351.68,38.05632915548631,68.47531206288404,959.2776645105062,10.0,8.668091773986816,,,,,15.0,18.0,18.0
2025-08-12 13:54:03,1874.8509090909092,934.6327272727274,1351.68,38.12328028539196,68.15240879290943,959.1827201578923,10.0,8.682538032531738,,,,,15.0,18.0,18.0
2025-08-12 13:54:09,1874.8509090909092,934.6327272727274,1347.956363636364,38.24173240494565,67.50540831239299,959.2496221214201,10.0,8.689619064331055,,,,,14.0,17.0,18.0
2025-08-12 13:54:15,1876.7127272727273,938.3563636363637,1353.5418181818184,38.3550345764088,67.1013335549064,959.196594339241,10.0,8.707446098327637,,,,,14.0,17.0,20.0
2025-08-12 13:54:21,1876.7127272727273,932.7709090909091,1347.956363636364,38.45288656512275,66.62488602879694,959.1762261125566,10.0,8.714187622070312,,,,,15.0,18.0,22.0
2025-08-12 13:54:27,1876.7127272727273,932.7709090909091,1349.8181818181818,38.308683671057224,66.72457900741107,959.2667064404895,10.0,8.701104164123535,,,,,16.0,18.0,22.0
2025-08-12 13:54:33,1872.989090909091,932.7709090909091,1351.68,38.44773645783425,66.37494255981807,959.2525458988242,10.0,8.693232536315918,,,,,16.0,18.0,20.0
2025-08-12 13:54:39,1874.8509090909092,929.0472727272728,1347.956363636364,38.5558887720108,65.87484945887051,959.1916294144164,10.0,8.71036434173584,,,,,16.0,18.0,18.0
2025-08-12 13:54:45,1872.989090909091,930.909090909091,1349.8181818181818,38.741293037775904,65.39001901471703,959.2753516021465,10.0,8.714776039123535,,,,,16.0,18.0,18.0
2025-08-12 13:54:51,1871.1272727272728,929.0472727272728,1349.8181818181818,38.61769015202299,65.6577735860026,959.2849744592888,10.0,8.695534706115723,,,,,13.0,18.0,18.0
2025-08-12 13:54:57,1874.8509090909092,932.7709090909091,1351.68,38.36533478079946,66.07956042966765,959.2682143598317,10.0,8.693588256835938,,,,,13.0,17.0,17.0
2025-08-12 13:55:03,1874.8509090909092,930.909090909091,1349.8181818181818,38.427136031590635,65.95180680323598,959.2774901081029,10.0,8.6985445022583,,,,,12.0,17.0,17.0
2025-08-12 13:55:09,1872.989090909091,929.0472727272728,1347.956363636364,38.607389919110574,65.48476836725487,959.2694167742405,10.0,8.703219413757324,,,,,12.0,17.0,17.0
2025-08-12 13:55:15,1872.989090909091,934.6327272727274,1353.5418181818184,38.75159328582231,64.854900537137,959.262860855942,10.0,8.712992668151855,,,,,12.0,16.0,16.0
2025-08-12 13:55:21,1874.8509090909092,936.4945454545455,1351.68,38.31383377048769,65.39340651914219,959.2184331978144,10.0,8.68566608428955,,,,,13.0,16.0,17.0
2025-08-12 13:55:27,1874.8509090909092,934.6327272727274,1347.956363636364,38.37563498635427,65.56878843901862,959.2557462592046,10.0,8.691981315612793,,,,,12.0,16.0,16.0
2025-08-12 13:55:33,1878.5745454545456,943.9418181818181,1353.5418181818184,37.57222244903096,68.02182377427768,959.1899646269396,10.0,8.650476455688477,,,,,12.0,15.0,17.0
2025-08-12 13:55:39,1878.5745454545456,942.08,1351.68,37.273519593902165,69.74780012477466,959.2700027232481,10.0,8.631680488586426,,,,,12.0,16.0,18.0
2025-08-12 13:55:45,1878.5745454545456,942.08,1353.5418181818184,36.928467514459044,71.3316481411549,959.2235316633033,10.0,8.608667373657227,,,,,12.0,15.0,17.0
2025-08-12 13:55:51,1878.5745454545456,943.9418181818181,1355.4036363636365,36.88211733466596,72.76611043774756,959.181360336454,10.0,8.611867904663086,,,,,13.0,18.0,19.0
2025-08-12 13:55:57,1878.5745454545456,938.3563636363637,1355.4036363636365,37.31471992950537,72.31450162906347,959.1644207733344,10.0,8.649025917053223,,,,,13.0,17.0,19.0
2025-08-12 13:56:03,1880.4363636363637,940.2181818181818,1357.2654545454545,37.02116794476751,72.804654574622,959.195979549474,10.0,8.634064674377441,,,,,13.0,18.0,20.0
2025-08-12 13:56:09,1878.5745454545456,942.08,1360.989090909091,37.08296828402672,72.06313070610172,959.2615112003887,10.0,8.62610912322998,,,,,14.0,20.0,22.0
2025-08-12 13:56:15,1878.5745454545456,934.6327272727274,1353.5418181818184,37.10871843775385,72.76888713725558,959.1605941238694,10.0,8.632783889770508,,,,,14.0,19.0,20.0
2025-08-12 13:56:21,1878.5745454545456,938.3563636363637,1355.4036363636365,36.95421762453043,73.72286068127539,959.2624973480748,10.0,8.622889518737793,,,,,15.0,20.0,21.0
2025-08-12 13:56:27,1878.5745454545456,934.6327272727274,1357.2654545454545,37.191118978575105,73.63212727575655,959.2292946029328,10.0,8.644177436828613,,,,,15.0,19.0,19.0
2025-08-12 13:56:33,1874.8509090909092,930.909090909091,1353.5418181818184,37.21171912542195,73.4441644954424,959.2324782277947,10.0,8.626385688781738,,,,,15.0,19.0,19.0
2025-08-12 13:56:39,1876.7127272727273,932.7709090909091,1357.2654545454545,37.33017006015871,73.39869243016041,959.2157736544675,10.0,8.64632511138916,,,,,16.0,20.0,21.0
2025-08-12 13:56:45,1874.8509090909092,930.909090909091,1357.2654545454545,37.510421777988086,72.63483714578324,959.1804973871674,10.0,8.649677276611328,,,,,14.0,18.0,22.0
2025-08-12 13:56:51,1872.989090909091,927.1854545454546,1355.4036363636365,37.711274112109095,71.43885087437496,959.2042161044172,10.0,8.652420043945312,,,,,14.0,18.0,21.0
2025-08-12 13:56:57,1872.989090909091,929.0472727272728,1353.5418181818184,37.79882526808069,71.10631006650432,959.2245620848075,10.0,8.658506393432617,,,,,13.0,18.0,20.0
2025-08-12 13:57:03,1872.989090909091,927.1854545454546,1355.4036363636365,37.840025841171155,70.2727266191676,959.1748191037971,10.0,8.658393859863281,,,,,13.0,18.0,19.0
2025-08-12 13:57:09,1871.1272727272728,929.0472727272728,1355.4036363636365,37.840025841171155,69.7923349166152,959.1748191037971,10.0,8.64653491973877,,,,,13.0,18.0,18.0
2025-08-12 13:57:15,1869.2654545454548,923.4618181818182,1353.5418181818184,37.850325987354154,69.35991386417007,959.1903886817418,10.0,8.635963439941406,,,,,13.0,16.0,16.0
2025-08-12 13:57:21,1872.989090909091,919.7381818181818,1355.4036363636365,38.143880642950535,68.99067325613115,959.1858297516608,10.0,8.679606437683105,,,,,13.0,16.0,16.0
2025-08-12 13:57:27,1871.1272727272728,919.7381818181818,1357.2654545454545,37.99452815615223,69.01202347527517,959.1562476681595,10.0,8.656970977783203,,,,,12.0,15.0,15.0
2025-08-12 13:57:33,1871.1272727272728,916.0145454545454,1355.4036363636365,37.97907791286707,69.14171441127112,959.21693661815,10.0,8.655975341796875,,,,,12.0,16.0,16.0
2025-08-12 13:57:39,1871.1272727272728,914.1527272727274,1351.68,38.09237975778524,68.42978673646331,959.2200796151624,10.0,8.662689208984375,,,,,13.0,17.0,17.0
2025-08-12 13:57:45,1871.1272727272728,916.0145454545454,1353.5418181818184,38.17993127988302,68.38705367675948,959.2403056400378,10.0,8.670235633850098,,,,,13.0,17.0,17.0
2025-08-12 13:57:51,1869.2654545454548,919.7381818181818,1351.68,38.02542865058058,68.52704656637519,959.1469178506289,10.0,8.647989273071289,,,,,13.0,17.0,18.0
2025-08-12 13:57:57,1871.1272727272728,925.3236363636365,1355.4036363636365,38.11813019672991,68.55586879568996,959.2309755897107,10.0,8.665279388427734,,,,,13.0,17.0,18.0
2025-08-12 13:58:03,1872.989090909091,929.0472727272728,1355.4036363636365,38.128430374345044,68.41393967818222,959.2185218648331,10.0,8.6748628616333,,,,,12.0,16.0,18.0
2025-08-12 13:58:09,1871.1272727272728,925.3236363636365,1349.8181818181818,38.3035335719178,68.00767256228207,959.2028712650914,10.0,8.679476737976074,,,,,12.0,16.0,18.0
2025-08-12 13:58:15,1871.1272727272728,927.1854545454546,1353.5418181818184,38.34473437318229,67.5226910253526,959.2090621097938,10.0,8.680678367614746,,,,,13.0,17.0,19.0
2025-08-12 13:58:21,1872.989090909091,927.1854545454546,1351.68,38.48378721496556,67.17929233475176,959.1668337713069,10.0,8.701188087463379,,,,,12.0,17.0,18.0
2025-08-12 13:58:27,1874.8509090909092,929.0472727272728,1349.8181818181818,38.13873055312433,67.22085580208093,959.2621069230488,10.0,8.678939819335938,,,,,14.0,18.0,20.0
2025-08-12 13:58:33,1874.8509090909092,930.909090909091,1351.68,38.13358046358917,67.71353263826892,959.2263044803664,10.0,8.681105613708496,,,,,13.0,18.0,19.0
2025-08-12 13:58:39,1872.989090909091,927.1854545454546,1351.68,38.08207958424464,68.3757943347019,959.2325311360202,10.0,8.670439720153809,,,,,13.0,18.0,18.0
2025-08-12 13:58:45,1871.1272727272728,923.4618181818182,1351.68,38.164481005165726,68.38027566967446,959.1609169725546,10.0,8.669051170349121,,,,,13.0,18.0,19.0
2025-08-12 13:58:51,1867.4036363636365,916.0145454545454,1349.8181818181818,38.05632915548631,68.5821638594215,959.2776645105062,10.0,8.64100456237793,,,,,13.0,18.0,19.0
2025-08-12 13:58:57,1869.2654545454548,914.1527272727274,1349.8181818181818,38.164481005165726,68.33277238013072,959.2169587229556,10.0,8.659348487854004,,,,,13.0,18.0,19.0
2025-08-12 13:59:03,1863.68,914.1527272727274,1351.68,38.164481005165726,68.46340480964584,959.2169587229556,10.0,8.631821632385254,,,,,15.0,22.0,24.0
2025-08-12 13:59:09,1861.818181818182,912.2909090909092,1347.956363636364,38.13873055312433,68.8954017423583,959.1500278028168,10.0,8.622700691223145,,,,,16.0,24.0,25.0
2025-08-12 13:59:15,1863.68,910.429090909091,1347.956363636364,38.1129801083589,69.4044553269816,959.1951741261192,10.0,8.632108688354492,,,,,14.0,21.0,21.0
2025-08-12 13:59:21,1863.68,908.5672727272728,1347.956363636364,38.25718269275967,69.05636025395735,959.2449428956808,10.0,8.643177032470703,,,,,15.0,19.0,19.0
2025-08-12 13:59:27,1859.9563636363637,912.2909090909092,1347.956363636364,38.3550345764088,68.37874761893654,959.2526525230875,10.0,8.629693984985352,,,,,15.0,19.0,19.0
2025-08-12 13:59:33,1861.818181818182,914.1527272727274,1346.0945454545456,38.52498809772078,67.65101240715391,959.2290669688425,10.0,8.650908470153809,,,,,14.0,18.0,18.0
2025-08-12 13:59:39,1865.5418181818181,916.0145454545454,1344.2327272727273,38.47863710593083,67.95760670508088,959.2431578701711,10.0,8.666913986206055,,,,,13.0,18.0,18.0
2025-08-12 13:59:45,1865.5418181818181,919.7381818181818,1346.0945454545456,38.31383377048769,68.41215015002065,959.1904058911539,10.0,8.654476165771484,,,,,13.0,17.0,17.0
2025-08-12 13:59:51,1863.68,917.8763636363637,1346.0945454545456,38.48378721496556,67.67856088452005,959.2229029844466,10.0,8.656651496887207,,,,,13.0,16.0,16.0
2025-08-12 13:59:57,1863.68,917.8763636363637,1344.2327272727273,38.586789456778206,67.24406010524058,959.2663406918525,10.0,8.663537979125977,,,,,12.0,15.0,15.0
2025-08-12 14:00:03,1863.68,923.4618181818182,1349.8181818181818,38.58163934192271,67.12488646570033,959.2305228722963,10.0,8.66252326965332,,,,,13.0,16.0,16.0
2025-08-12 14:00:09,1867.4036363636365,921.6000000000001,1347.956363636364,38.67949157394469,66.58872251320676,959.2661496248556,10.0,8.687328338623047,,,,,12.0,15.0,15.0
2025-08-12 14:00:15,1869.2654545454548,923.4618181818182,1346.0945454545456,38.787644163152436,65.969442707845,959.2612083619787,10.0,8.703390121459961,,,,,13.0,16.0,16.0
2025-08-12 14:00:21,1869.2654545454548,929.0472727272728,1351.68,38.82369505474344,65.56058411035548,959.3156490294662,10.0,8.704122543334961,,,,,13.0,17.0,17.0
2025-08-12 14:00:27,1869.2654545454548,925.3236363636365,1344.2327272727273,38.828845183277735,65.27515009116249,959.2953768172684,10.0,8.70337963104248,,,,,14.0,17.0,17.0
2025-08-12 14:00:33,1871.1272727272728,929.0472727272728,1344.2327272727273,38.74644316165359,65.6699341730297,959.283129308764,10.0,8.707263946533203,,,,,13.0,16.0,16.0
2025-08-12 14:00:39,1872.989090909091,942.08,1351.68,38.076929497910896,66.79596802216746,959.1687137864425,10.0,8.662003517150879,,,,,13.0,17.0,17.0
2025-08-12 14:00:45,1874.8509090909092,934.6327272727274,1347.956363636364,38.24173240494565,67.33313191718054,959.1935736836629,10.0,8.689077377319336,,,,,13.0,19.0,19.0
2025-08-12 14:00:51,1874.8509090909092,932.7709090909091,1346.0945454545456,38.47348699718714,66.89938190678086,959.2073439558866,10.0,8.707850456237793,,,,,13.0,20.0,20.0
2025-08-12 14:00:57,1872.989090909091,932.7709090909091,1346.0945454545456,38.49923754381598,66.40724019354168,959.2182063641507,10.0,8.698257446289062,,,,,13.0,20.0,20.0
2025-08-12 14:01:03,1876.7127272727273,938.3563636363637,1347.956363636364,38.44773645783425,66.37494255981807,959.1964797443649,10.0,8.712197303771973,,,,,13.0,18.0,18.0
2025-08-12 14:01:09,1874.8509090909092,938.3563636363637,1347.956363636364,38.18508137203753,67.22326000552692,959.1640226636398,10.0,8.683469772338867,,,,,13.0,18.0,18.0
2025-08-12 14:01:15,1876.7127272727273,936.4945454545455,1349.8181818181818,38.149030733067775,67.78561601265052,959.2496524348192,10.0,8.691976547241211,,,,,13.0,18.0,18.0
2025-08-12 14:01:21,1876.7127272727273,936.4945454545455,1355.4036363636365,38.02542865058058,67.8740434280384,959.2309625428577,10.0,8.681337356567383,,,,,11.0,17.0,17.0
2025-08-12 14:01:27,1872.989090909091,925.3236363636365,1349.8181818181818,38.17993127988302,67.98918031807797,959.2122840747512,10.0,8.677534103393555,,,,,12.0,17.0,17.0
2025-08-12 14:01:33,1869.2654545454548,919.7381818181818,1349.8181818181818,38.380785089568235,67.51269631165563,959.1514062649841,10.0,8.675050735473633,,,,,13.0,18.0,18.0
2025-08-12 14:01:39,1867.4036363636365,921.6000000000001,1349.8181818181818,38.20568174356595,67.49757760072804,959.1951494880382,10.0,8.649407386779785,,,,,14.0,17.0,17.0
2025-08-12 14:01:45,1867.4036363636365,921.6000000000001,1346.0945454545456,38.293233374512056,67.514049549375,959.18730940395,10.0,8.657464981079102,,,,,14.0,18.0,18.0
2025-08-12 14:01:51,1865.5418181818181,921.6000000000001,1349.8181818181818,38.47863710593083,67.10175300334625,959.1590547017295,10.0,8.662946701049805,,,,,13.0,21.0,21.0
2025-08-12 14:01:57,1865.5418181818181,925.3236363636365,1351.68,38.53528832131997,66.7598443150152,959.1885517746506,10.0,8.666081428527832,,,,,14.0,22.0,25.0
2025-08-12 14:02:03,1867.4036363636365,927.1854545454546,1353.5418181818184,38.53528832131997,66.31984692905588,959.2726623110814,10.0,8.67272663116455,,,,,14.0,21.0,26.0
2025-08-12 14:02:06,1867.4036363636365,925.3236363636365,1351.68,38.293233374512056,66.61088668075273,959.2153358228377,10.0,8.652657508850098,,,,,13.0,19.0,23.0
2025-08-12 14:02:09,1865.5418181818181,921.6000000000001,1349.8181818181818,38.44258635083679,66.8680848456132,959.2447658199619,10.0,8.658005714416504,,,,,14.0,18.0,23.0
2025-08-12 14:02:15,1863.68,919.7381818181818,1347.956363636364,38.59193957192474,66.50106967264297,959.2460803798033,10.0,8.660338401794434,,,,,15.0,18.0,22.0
2025-08-12 14:02:18,1863.68,914.1527272727274,1346.0945454545456,38.57133911308483,66.4108397643899,959.1869270610165,10.0,8.658519744873047,,,,,14.0,17.0,19.0
2025-08-12 14:02:21,1865.5418181818181,914.1527272727274,1349.8181818181818,38.215981931076385,66.51785936597838,959.1826899132914,10.0,8.63630199432373,,,,,14.0,18.0,18.0
2025-08-12 14:02:24,1863.68,910.429090909091,1347.956363636364,38.44258635083679,66.91563757434153,959.1606672978243,10.0,8.64965534210205,,,,,14.0,17.0,17.0
2025-08-12 14:02:27,1867.4036363636365,910.429090909091,1347.956363636364,38.23658230958972,67.00017079906917,959.1577683157306,10.0,8.65023136138916,,,,,15.0,17.0,17.0
2025-08-12 14:02:30,1865.5418181818181,917.8763636363637,1344.2327272727273,37.54132210827083,68.03794932105633,959.1432415928942,10.0,8.582978248596191,,,,,15.0,17.0,18.0
2025-08-12 14:02:33,1865.5418181818181,923.4618181818182,1347.956363636364,37.32502001631656,69.39527992834827,959.207984122057,10.0,8.569674491882324,,,,,15.0,17.0,18.0
2025-08-12 14:02:36,1869.2654545454548,923.4618181818182,1346.0945454545456,36.92331749331788,70.46147239501836,959.1877710506227,10.0,8.557576179504395,,,,,15.0,17.0,18.0
2025-08-12 14:02:39,1869.2654545454548,927.1854545454546,1347.956363636364,36.69156684319023,71.67780759421319,959.1726010474786,10.0,8.54268741607666,,,,,15.0,17.0,19.0
2025-08-12 14:02:42,1871.1272727272728,932.7709090909091,1349.8181818181818,36.42891681884066,73.044020002991,959.2222324715358,10.0,8.53471851348877,,,,,15.0,18.0,20.0
2025-08-12 14:02:46,1872.989090909091,932.7709090909091,1349.8181818181818,36.171417529840255,74.13693541066428,959.1676068493647,10.0,8.526604652404785,,,,,15.0,18.0,20.0
2025-08-12 14:02:52,1874.8509090909092,934.6327272727274,1349.8181818181818,35.620371495955624,76.63924167556176,959.2263631596288,10.0,8.498286247253418,,,,,15.0,17.0,20.0
2025-08-12 14:02:58,1872.989090909091,936.4945454545455,1351.68,35.70792064318084,78.03581377952209,959.1636333055123,10.0,8.504141807556152,,,,,14.0,18.0,21.0
2025-08-12 14:03:04,1874.8509090909092,930.909090909091,1353.5418181818184,36.24866724014282,78.55470084209037,959.172842452889,10.0,8.565204620361328,,,,,14.0,17.0,20.0
2025-08-12 14:03:10,1869.2654545454548,919.7381818181818,1349.8181818181818,36.74821694768616,77.71385451724136,959.0905842738218,10.0,8.57882022857666,,,,,14.0,17.0,20.0
2025-08-12 14:03:16,1867.4036363636365,919.7381818181818,1347.956363636364,36.68126682797447,76.99456365488386,959.1290545401301,10.0,8.559526443481445,,,,,13.0,17.0,19.0
2025-08-12 14:03:22,1867.4036363636365,921.6000000000001,1353.5418181818184,36.73276691569481,76.12442864756915,959.0951628951444,10.0,8.559957504272461,,,,,13.0,17.0,18.0
2025-08-12 14:03:28,1867.4036363636365,929.0472727272728,1347.956363636364,36.356816944578895,76.59302822453763,959.16895697716,10.0,8.527642250061035,,,,,13.0,17.0,18.0
2025-08-12 14:03:34,1865.5418181818181,916.0145454545454,1347.956363636364,36.87181729791337,76.11669351369223,959.1937393756755,10.0,8.562699317932129,,,,,13.0,17.0,20.0
2025-08-12 14:03:40,1863.68,923.4618181818182,1351.68,36.578266739845276,75.918492754637,959.1688372565203,10.0,8.525662422180176,,,,,15.0,19.0,21.0
2025-08-12 14:03:43,1865.5418181818181,925.3236363636365,1349.8181818181818,36.475266768131405,76.05279045323739,959.1806166527713,10.0,8.526288986206055,,,,,15.0,18.0,20.0
2025-08-12 14:03:46,1861.818181818182,923.4618181818182,1351.68,36.5679667374352,76.5671298274365,959.2091504258862,10.0,8.518356323242188,,,,,14.0,18.0,20.0
2025-08-12 14:03:49,1863.68,917.8763636363637,1349.8181818181818,36.69671685123467,76.34032576051894,959.1524380181909,10.0,8.538753509521484,,,,,14.0,18.0,20.0
2025-08-12 14:03:52,1863.68,916.0145454545454,1349.8181818181818,36.97996774187777,76.06536236069938,959.1056737233002,10.0,8.563345909118652,,,,,14.0,17.0,19.0
2025-08-12 14:03:55,1859.9563636363637,914.1527272727274,1349.8181818181818,37.18596894259099,75.37062899645565,959.2215037531147,10.0,8.55909538269043,,,,,12.0,16.0,17.0
2025-08-12 14:03:58,1861.818181818182,921.6000000000001,1353.5418181818184,37.22716923861299,74.74663037125845,959.0879670014083,10.0,8.569660186767578,,,,,12.0,15.0,15.0
2025-08-12 14:04:04,1861.818181818182,921.6000000000001,1351.68,37.36622037520283,74.19407020356012,959.2143277014283,10.0,8.578733444213867,,,,,12.0,14.0,14.0
2025-08-12 14:04:07,1861.818181818182,917.8763636363637,1347.956363636364,37.48982156362035,73.61045028859029,959.2333224043618,10.0,8.586983680725098,,,,,12.0,14.0,14.0
2025-08-12 14:04:10,1861.818181818182,919.7381818181818,1349.8181818181818,37.603122800268466,73.19748323960502,959.2086915510216,10.0,8.59526252746582,,,,,12.0,15.0,15.0
2025-08-12 14:04:13,1861.818181818182,919.7381818181818,1347.956363636364,37.6391732232878,72.74968262511547,959.0952120475274,10.0,8.596944808959961,,,,,13.0,14.0,14.0
2025-08-12 14:04:16,1863.68,923.4618181818182,1351.68,37.74732457791106,72.28259627107424,959.2027135271436,10.0,8.613052368164062,,,,,13.0,15.0,15.0
2025-08-12 14:04:19,1863.68,925.3236363636365,1349.8181818181818,37.742174510494806,71.86153328459484,959.1949277311963,10.0,8.61046314239502,,,,,14.0,16.0,16.0
2025-08-12 14:04:22,1863.68,925.3236363636365,1347.956363636364,37.592822682025144,72.10106762797926,959.1651210741372,10.0,8.598319053649902,,,,,15.0,17.0,17.0
2025-08-12 14:04:28,1867.4036363636365,925.3236363636365,1347.956363636364,37.484671510756016,72.47922703073226,959.1975424507265,10.0,8.609028816223145,,,,,14.0,17.0,17.0
2025-08-12 14:04:31,1865.5418181818181,919.7381818181818,1346.0945454545456,37.62372304024757,72.23926124494304,959.1838448462026,10.0,8.611251831054688,,,,,14.0,17.0,18.0
2025-08-12 14:04:34,1863.68,919.7381818181818,1349.8181818181818,37.711274112109095,71.99590641121311,959.1482133370367,10.0,8.608771324157715,,,,,14.0,17.0,18.0
2025-08-12 14:04:37,1865.5418181818181,919.7381818181818,1349.8181818181818,37.86577620881144,71.60837061155247,959.1857351428407,10.0,8.629985809326172,,,,,15.0,17.0,19.0
2025-08-12 14:04:40,1863.68,917.8763636363637,1346.0945454545456,37.90697681216989,71.18992996470433,959.1919931453705,10.0,8.622235298156738,,,,,15.0,18.0,20.0
2025-08-12 14:04:46,1865.5418181818181,923.4618181818182,1346.0945454545456,37.89152658372768,70.85100241600963,959.1686402492955,10.0,8.628510475158691,,,,,14.0,19.0,20.0
2025-08-12 14:04:52,1867.4036363636365,925.3236363636365,1346.0945454545456,37.82972569615231,70.48560339166303,959.2152625648621,10.0,8.630151748657227,,,,,15.0,19.0,19.0
2025-08-12 14:04:58,1869.2654545454548,930.909090909091,1347.956363636364,37.819425552297616,70.65695155858899,959.1716861853442,10.0,8.639582633972168,,,,,14.0,18.0,18.0
2025-08-12 14:05:04,1869.2654545454548,930.909090909091,1344.2327272727273,37.99452815615223,70.28177890820474,959.1842612242473,10.0,8.653477668762207,,,,,14.0,18.0,18.0
2025-08-12 14:05:10,1869.2654545454548,929.0472727272728,1346.0945454545456,38.097529844992096,70.01485023698127,959.171826549285,10.0,8.66158390045166,,,,,13.0,17.0,17.0
2025-08-12 14:05:16,1871.1272727272728,936.4945454545455,1349.8181818181818,37.963627672201255,70.13166797479494,959.1095483598169,10.0,8.659600257873535,,,,,13.0,16.0,16.0
2025-08-12 14:05:22,1871.1272727272728,930.909090909091,1346.0945454545456,38.128430374345044,69.69616120413713,959.1344639145238,10.0,8.672345161437988,,,,,13.0,16.0,16.0
2025-08-12 14:05:28,1867.4036363636365,921.6000000000001,1344.2327272727273,38.215981931076385,69.32123161677835,959.154666838097,10.0,8.659733772277832,,,,,13.0,16.0,16.0
2025-08-12 14:05:31,1867.4036363636365,917.8763636363637,1347.956363636364,37.958477592561394,69.39570506532554,959.2138131956906,10.0,8.636553764343262,,,,,14.0,17.0,17.0
2025-08-12 14:05:34,1863.68,914.1527272727274,1347.956363636364,37.97392783235409,69.90089977646666,959.0971020941839,10.0,8.622482299804688,,,,,15.0,17.0,17.0
2025-08-12 14:05:37,1865.5418181818181,914.1527272727274,1344.2327272727273,37.592822682025144,70.24636855419716,959.1651210741372,10.0,8.598711013793945,,,,,15.0,19.0,19.0
2025-08-12 14:05:40,1863.68,919.7381818181818,1347.956363636364,37.582522564945975,70.83841792813497,959.1775432579134,10.0,8.5911283493042,,,,,17.0,22.0,22.0
2025-08-12 14:05:43,1863.68,917.8763636363637,1346.0945454545456,37.72672430999228,70.92412410596253,959.1715704523469,10.0,8.604697227478027,,,,,17.0,22.0,22.0
2025-08-12 14:05:46,1859.9563636363637,912.2909090909092,1344.2327272727273,37.72157424374018,70.7993315102137,959.1917865566206,10.0,8.584851264953613,,,,,15.0,21.0,21.0
2025-08-12 14:05:52,1859.9563636363637,910.429090909091,1344.2327272727273,37.85547606088221,70.74804152211021,959.1981734978834,10.0,8.596736907958984,,,,,15.0,21.0,21.0
2025-08-12 14:05:58,1859.9563636363637,912.2909090909092,1344.2327272727273,37.89152658372768,70.35877803762223,959.1686402492955,10.0,8.598167419433594,,,,,15.0,20.0,20.0
2025-08-12 14:06:01,1859.9563636363637,914.1527272727274,1346.0945454545456,37.90182673573145,70.32379737863056,959.1281897060868,10.0,8.599105834960938,,,,,15.0,20.0,20.0
2025-08-12 14:06:04,1859.9563636363637,916.0145454545454,1342.370909090909,37.74732457791106,70.69416233406578,959.2027135271436,10.0,8.58648681640625,,,,,15.0,19.0,19.0
2025-08-12 14:06:07,1863.68,927.1854545454546,1346.0945454545456,37.40742075271555,71.01746478626964,959.1926769325212,10.0,8.57588005065918,,,,,16.0,20.0,20.0
2025-08-12 14:06:10,1865.5418181818181,930.909090909091,1344.2327272727273,36.897567391977645,71.88583836323437,959.1488070561827,10.0,8.543622970581055,,,,,16.0,19.0,19.0
2025-08-12 14:06:13,1865.5418181818181,938.3563636363637,1347.956363636364,36.609166754060425,73.28035112803835,959.2156116610771,10.0,8.523916244506836,,,,,15.0,18.0,20.0
2025-08-12 14:06:16,1871.1272727272728,938.3563636363637,1347.956363636364,36.20746738649905,74.61154565919762,959.2222015689645,10.0,8.522381782531738,,,,,15.0,18.0,20.0
2025-08-12 14:06:19,1871.1272727272728,940.2181818181818,1347.956363636364,36.16111757341423,75.85913925863143,959.2358128294765,10.0,8.524320602416992,,,,,14.0,18.0,19.0
2025-08-12 14:06:22,1872.989090909091,938.3563636363637,1344.2327272727273,36.27441715812893,76.63419708509682,959.1838958297664,10.0,8.548225402832031,,,,,14.0,18.0,19.0
2025-08-12 14:06:25,1871.1272727272728,938.3563636363637,1347.956363636364,36.20746738649905,77.02444205317805,959.1104546089479,10.0,8.535154342651367,,,,,14.0,17.0,18.0
2025-08-12 14:06:28,1872.989090909091,936.4945454545455,1349.8181818181818,36.38771688370616,77.17937975488397,959.1598538620144,10.0,8.561413764953613,,,,,13.0,17.0,20.0
2025-08-12 14:06:31,1872.989090909091,934.6327272727274,1346.0945454545456,36.44951679339283,77.4199722791485,959.1695807054017,10.0,8.56821346282959,,,,,12.0,17.0,21.0
2025-08-12 14:06:34,1872.989090909091,930.909090909091,1353.5418181818184,36.660666801035404,77.12291335119752,959.2097016675882,10.0,8.585705757141113,,,,,12.0,17.0,22.0
2025-08-12 14:06:37,1871.1272727272728,927.1854545454546,1351.68,36.660666801035404,77.08159186015686,959.2097016675882,10.0,8.576202392578125,,,,,12.0,18.0,23.0
2025-08-12 14:06:40,1871.1272727272728,921.6000000000001,1349.8181818181818,36.92331749331788,76.71706220917665,959.1598035385858,10.0,8.59860610961914,,,,,13.0,18.0,21.0
2025-08-12 14:06:43,1865.5418181818181,919.7381818181818,1347.956363636364,36.95421762453043,76.31167438449907,959.1785907305203,10.0,8.571120262145996,,,,,13.0,17.0,20.0
2025-08-12 14:06:46,1865.5418181818181,917.8763636363637,1347.956363636364,37.10871843775385,75.58395569099024,959.2165451064144,10.0,8.581280708312988,,,,,13.0,17.0,20.0
2025-08-12 14:06:49,1863.68,916.0145454545454,1346.0945454545456,37.17566887149587,75.63597198592313,959.2339004994799,10.0,8.57815933227539,,,,,15.0,19.0,22.0
2025-08-12 14:06:52,1867.4036363636365,925.3236363636365,1349.8181818181818,37.09841837538988,74.71414235257691,959.1729871540981,10.0,8.585424423217773,,,,,15.0,19.0,21.0
2025-08-12 14:06:55,1867.4036363636365,927.1854545454546,1347.956363636364,37.11901850128197,74.71555557323022,959.1482002798391,10.0,8.587384223937988,,,,,15.0,20.0,21.0
2025-08-12 14:11:22,1876.7127272727273,938.3563636363637,1355.4036363636365,38.13358046358917,69.16225052463957,959.1422458496821,10.0,8.698067665100098,,,,,12.0,15.0,15.0
2025-08-12 14:11:25,1876.7127272727273,934.6327272727274,1351.68,38.09237975778524,69.106519566546,959.1640440596577,10.0,8.694032669067383,,,,,13.0,15.0,15.0
2025-08-12 14:11:28,1874.8509090909092,932.7709090909091,1351.68,38.200531650247285,68.92851741020665,959.1593453407938,10.0,8.693612098693848,,,,,14.0,17.0,17.0
2025-08-12 14:11:31,1876.7127272727273,934.6327272727274,1353.5418181818184,38.19023146448308,68.9160709185598,959.1437823821802,10.0,8.702059745788574,,,,,14.0,16.0,16.0
2025-08-12 14:11:34,1872.989090909091,934.6327272727274,1351.68,38.09237975778524,68.92250922854998,959.1640440596577,10.0,8.674315452575684,,,,,14.0,17.0,17.0
2025-08-12 14:11:37,1876.7127272727273,940.2181818181818,1355.4036363636365,37.92242704323144,69.15040201730024,959.131314828147,10.0,8.678901672363281,,,,,14.0,17.0,17.0
2025-08-12 14:11:40,1874.8509090909092,940.2181818181818,1353.5418181818184,37.92757712083403,68.93708022139926,959.1951198884478,10.0,8.668527603149414,,,,,13.0,17.0,17.0
2025-08-12 14:11:43,1878.5745454545456,940.2181818181818,1353.5418181818184,37.474371405900456,69.534183201919,959.2099576002379,10.0,8.649192810058594,,,,,13.0,17.0,17.0
2025-08-12 14:11:46,1876.7127272727273,942.08,1355.4036363636365,37.443471098318696,70.5693972732145,959.1352386327644,10.0,8.642593383789062,,,,,15.0,19.0,21.0
2025-08-12 14:11:49,1876.7127272727273,940.2181818181818,1353.5418181818184,37.30441984385834,70.98162455360652,959.1768261760706,10.0,8.631875991821289,,,,,15.0,22.0,23.0
2025-08-12 14:11:52,1878.5745454545456,942.08,1355.4036363636365,37.22716923861299,71.27300092844672,959.1719086278825,10.0,8.635720252990723,,,,,14.0,23.0,25.0
2025-08-12 14:11:55,1878.5745454545456,940.2181818181818,1357.2654545454545,37.28896971757058,72.0701578262532,959.209424377943,10.0,8.645145416259766,,,,,15.0,23.0,24.0
2025-08-12 14:11:58,1878.5745454545456,938.3563636363637,1351.68,37.14991869885125,72.55852056035285,959.1389910829655,10.0,8.635478973388672,,,,,15.0,22.0,23.0
2025-08-12 14:12:01,1880.4363636363637,942.08,1359.1272727272728,36.902717411663616,73.78446617288033,959.1565998179478,10.0,8.628443717956543,,,,,16.0,22.0,22.0
2025-08-12 14:12:04,1878.5745454545456,940.2181818181818,1357.2654545454545,36.82031713161268,74.61822432530077,959.1996961279765,10.0,8.615577697753906,,,,,15.0,21.0,22.0
2025-08-12 14:12:07,1878.5745454545456,938.3563636363637,1357.2654545454545,36.99541781577864,74.41739211628708,959.1849900718469,10.0,8.630553245544434,,,,,15.0,21.0,21.0
2025-08-12 14:12:10,1876.7127272727273,936.4945454545455,1357.2654545454545,36.79971707324148,75.1190606906484,959.1125965870903,10.0,8.607440948486328,,,,,15.0,20.0,21.0
2025-08-12 14:12:13,1878.5745454545456,934.6327272727274,1357.2654545454545,36.74306693673134,75.61131965465752,959.1387101517546,10.0,8.614081382751465,,,,,15.0,20.0,20.0
2025-08-12 14:12:16,1876.7127272727273,934.6327272727274,1355.4036363636365,36.99541781577864,75.31591439566144,959.0731077513211,10.0,8.626426696777344,,,,,14.0,18.0,18.0
2025-08-12 14:12:19,1876.7127272727273,938.3563636363637,1357.2654545454545,37.09841837538988,74.87970021703255,959.1450121260058,10.0,8.633039474487305,,,,,14.0,18.0,18.0
2025-08-12 14:13:22,1878.5745454545456,940.2181818181818,1359.1272727272728,37.80912540960708,70.91128758806282,959.1281108048449,10.0,8.686902046203613,,,,,15.0,18.0,18.0
2025-08-12 14:13:28,1876.7127272727273,940.2181818181818,1359.1272727272728,38.06662932611653,70.25040040462041,959.0971152668166,10.0,8.697677612304688,,,,,14.0,17.0,17.0
2025-08-12 14:13:31,1876.7127272727273,936.4945454545455,1353.5418181818184,38.164481005165726,69.91189652057352,959.1609169725546,10.0,8.704575538635254,,,,,15.0,18.0,18.0
2025-08-12 14:13:34,1880.4363636363637,940.2181818181818,1359.1272727272728,38.24173240494565,69.49485741220313,959.1935736836629,10.0,8.727968215942383,,,,,13.0,16.0,16.0
2025-08-12 14:13:37,1878.5745454545456,942.08,1359.1272727272728,38.02027856744826,69.4466796451488,959.1111203009876,10.0,8.69870662689209,,,,,14.0,17.0,17.0
2025-08-12 14:13:40,1876.7127272727273,940.2181818181818,1359.1272727272728,38.21083183717565,69.28532028720922,959.1749083711853,10.0,8.70543384552002,,,,,13.0,17.0,17.0
2025-08-12 14:13:43,1876.7127272727273,936.4945454545455,1355.4036363636365,38.215981931076385,69.0956229811335,959.1266437823167,10.0,8.705334663391113,,,,,13.0,15.0,15.0
2025-08-12 14:13:46,1878.5745454545456,936.4945454545455,1357.2654545454545,37.95332751321257,69.17587210426154,959.1219938099381,10.0,8.691386222839355,,,,,13.0,15.0,15.0
2025-08-12 14:13:49,1876.7127272727273,934.6327272727274,1357.2654545454545,37.963627672201255,69.50873115311627,959.1375605551898,10.0,8.684550285339355,,,,,13.0,16.0,16.0
2025-08-12 14:13:52,1876.7127272727273,932.7709090909091,1353.5418181818184,37.88122643288807,69.52776936237157,959.1530717423695,10.0,8.677148818969727,,,,,13.0,16.0,17.0
2025-08-12 14:13:55,1876.7127272727273,936.4945454545455,1359.1272727272728,38.097529844992096,69.59943648331632,959.0597547639975,10.0,8.697528839111328,,,,,12.0,16.0,17.0
2025-08-12 14:13:58,1874.8509090909092,932.7709090909091,1355.4036363636365,38.21083183717565,69.46342156942774,959.062817094068,10.0,8.697796821594238,,,,,12.0,16.0,16.0
2025-08-12 14:14:01,1876.7127272727273,932.7709090909091,1357.2654545454545,37.912126888899365,69.41680931362549,959.1157474648738,10.0,8.679604530334473,,,,,12.0,16.0,16.0
2025-08-12 14:14:04,1871.1272727272728,932.7709090909091,1351.68,37.82457562407944,69.98123144114518,959.1514648727626,10.0,8.646109580993652,,,,,13.0,17.0,18.0
2025-08-12 14:14:07,1876.7127272727273,932.7709090909091,1355.4036363636365,37.803975338698365,70.4247862629823,959.0643155306151,10.0,8.675171852111816,,,,,13.0,18.0,18.0
2025-08-12 14:14:10,1872.989090909091,932.7709090909091,1355.4036363636365,37.73702444336959,70.81803988169851,959.1031345460791,10.0,8.652074813842773,,,,,14.0,18.0,19.0
2025-08-12 14:14:13,1872.989090909091,934.6327272727274,1359.1272727272728,37.87092628321261,70.83198038673666,959.1655115374798,10.0,8.663847923278809,,,,,15.0,19.0,20.0
2025-08-12 14:14:16,1874.8509090909092,936.4945454545455,1355.4036363636365,37.56707239151001,70.41080512440904,959.09819192896,10.0,8.643962860107422,,,,,16.0,20.0,20.0
2025-08-12 14:14:19,1876.7127272727273,940.2181818181818,1355.4036363636365,36.99026779085398,71.07506141870914,959.0932867941322,10.0,8.604390144348145,,,,,16.0,20.0,20.0
2025-08-12 14:14:22,1878.5745454545456,940.2181818181818,1355.4036363636365,36.815167116583325,72.33013321142447,959.1080137618455,10.0,8.604146957397461,,,,,17.0,20.0,20.0
2025-08-12 14:14:28,1878.5745454545456,936.4945454545455,1353.5418181818184,36.68641683543683,74.48497520664657,959.1088917195713,10.0,8.603411674499512,,,,,17.0,19.0,19.0
2025-08-12 14:14:31,1876.7127272727273,936.4945454545455,1357.2654545454545,36.815167116583325,74.75969502461017,959.1359765896025,10.0,8.606898307800293,,,,,15.0,19.0,20.0
2025-08-12 14:14:34,1876.7127272727273,936.4945454545455,1359.1272727272728,37.02116794476751,74.5610394519624,959.1400361217202,10.0,8.624528884887695,,,,,15.0,19.0,20.0
2025-08-12 14:14:37,1876.7127272727273,932.7709090909091,1355.4036363636365,37.000567840994336,74.36453229487796,959.1088698292675,10.0,8.621954917907715,,,,,17.0,19.0,20.0
2025-08-12 14:14:40,1876.7127272727273,932.7709090909091,1357.2654545454545,37.24261935442337,74.03784794859418,959.1113352862099,10.0,8.642224311828613,,,,,15.0,18.0,18.0
2025-08-12 14:14:43,1876.7127272727273,930.909090909091,1357.2654545454545,37.53102199701243,73.45331371275245,959.1276673942608,10.0,8.6653470993042,,,,,14.0,17.0,18.0
2025-08-12 14:14:46,1874.8509090909092,930.909090909091,1355.4036363636365,37.6391732232878,72.71414222874304,959.1512085427461,10.0,8.66190242767334,,,,,14.0,17.0,18.0
2025-08-12 14:14:49,1872.989090909091,932.7709090909091,1355.4036363636365,37.68037372420076,72.37317140481468,959.1574996433661,10.0,8.654433250427246,,,,,14.0,18.0,19.0
2025-08-12 14:14:52,1876.7127272727273,936.4945454545455,1360.989090909091,37.72672430999228,72.334625733501,959.0875644056728,10.0,8.677533149719238,,,,,14.0,18.0,19.0
2025-08-12 14:14:55,1874.8509090909092,930.909090909091,1357.2654545454545,37.81427548080683,72.04974757312807,959.1639012692576,10.0,8.674345016479492,,,,,15.0,18.0,18.0
2025-08-12 14:14:58,1872.989090909091,929.0472727272728,1357.2654545454545,37.793675197754055,71.64542761201025,959.1327617862257,10.0,8.661286354064941,,,,,15.0,18.0,18.0
2025-08-12 14:15:01,1872.989090909091,929.0472727272728,1355.4036363636365,37.742174510494806,71.48223078190559,959.1109196435315,10.0,8.655926704406738,,,,,15.0,18.0,18.0
2025-08-12 14:15:04,1874.8509090909092,929.0472727272728,1355.4036363636365,37.76792485048645,71.30598600119897,959.093837840573,10.0,8.666876792907715,,,,,15.0,19.0,19.0
2025-08-12 14:15:07,1871.1272727272728,927.1854545454546,1353.5418181818184,37.77822498852038,71.12877705821374,959.1374115895702,10.0,8.64791488647461,,,,,14.0,18.0,18.0
2025-08-12 14:15:10,1872.989090909091,932.7709090909091,1359.1272727272728,37.644323284883285,71.21549192931029,959.0749994879775,10.0,8.645829200744629,,,,,14.0,18.0,18.0
2025-08-12 14:15:13,1874.8509090909092,934.6327272727274,1355.4036363636365,37.386820561630884,71.85720502992899,959.1055475331664,10.0,8.634913444519043,,,,,14.0,18.0,18.0
2025-08-12 14:15:16,1874.8509090909092,932.7709090909091,1357.2654545454545,37.14991869885125,72.17386752383969,959.1389910829655,10.0,8.614907264709473,,,,,14.0,17.0,17.0
2025-08-12 14:15:19,1872.989090909091,930.909090909091,1355.4036363636365,36.985117766220355,72.75500902799878,959.0575252067216,10.0,8.594035148620605,,,,,14.0,18.0,18.0
2025-08-12 14:15:22,1876.7127272727273,930.909090909091,1355.4036363636365,36.75851697046892,73.46158712451484,959.1061714580696,10.0,8.595573425292969,,,,,13.0,17.0,17.0
2025-08-12 14:15:25,1874.8509090909092,930.909090909091,1353.5418181818184,36.83061716254451,74.31161472572136,959.0475028436258,10.0,8.597320556640625,,,,,14.0,17.0,17.0
2025-08-12 14:15:28,1874.8509090909092,930.909090909091,1357.2654545454545,36.96451767059625,74.34434848939739,959.0822987404379,10.0,8.609402656555176,,,,,13.0,16.0,17.0
2025-08-12 14:15:31,1874.8509090909092,929.0472727272728,1357.2654545454545,36.876967316144146,74.42706371986029,959.089670723474,10.0,8.60189437866211,,,,,13.0,15.0,16.0
2025-08-12 14:15:34,1872.989090909091,925.3236363636365,1355.4036363636365,36.87181729791337,74.98225531280218,959.0539130560505,10.0,8.595138549804688,,,,,14.0,16.0,18.0
2025-08-12 14:15:37,1871.1272727272728,921.6000000000001,1355.4036363636365,36.985117766220355,75.09059080493691,959.1134654213106,10.0,8.596298217773438,,,,,15.0,16.0,18.0
2025-08-12 14:15:40,1869.2654545454548,919.7381818181818,1357.2654545454545,36.75336695893202,75.34031998932986,959.0424575848799,10.0,8.567643165588379,,,,,15.0,16.0,18.0
2025-08-12 14:15:43,1869.2654545454548,916.0145454545454,1355.4036363636365,36.660666801035404,75.35153391996407,959.0699206698558,10.0,8.55925178527832,,,,,15.0,17.0,18.0
2025-08-12 14:15:46,1867.4036363636365,916.0145454545454,1351.68,36.717316886322806,75.7984985820758,959.0158646100588,10.0,8.55754280090332,,,,,15.0,18.0,19.0
2025-08-12 14:15:49,1867.4036363636365,921.6000000000001,1357.2654545454545,36.99026779085398,75.64061420453966,959.0932867941322,10.0,8.580857276916504,,,,,15.0,17.0,19.0
2025-08-12 14:15:52,1865.5418181818181,919.7381818181818,1355.4036363636365,37.14476866519544,75.19628258091367,959.1032236159273,10.0,8.583210945129395,,,,,14.0,17.0,18.0
2025-08-12 14:15:55,1867.4036363636365,919.7381818181818,1353.5418181818184,37.07781825415441,75.24482643001853,959.0858742502061,10.0,8.586894035339355,,,,,14.0,17.0,18.0
2025-08-12 14:15:58,1865.5418181818181,917.8763636363637,1353.5418181818184,37.38167051458731,74.64480983503546,959.0697722349043,10.0,8.602137565612793,,,,,14.0,17.0,19.0
2025-08-12 14:16:01,1865.5418181818181,921.6000000000001,1355.4036363636365,37.422870899084955,74.20380225044522,959.0481093289316,10.0,8.603678703308105,,,,,14.0,18.0,19.0
2025-08-12 14:16:04,1863.68,923.4618181818182,1355.4036363636365,37.57222244903096,73.95336670211023,959.1339738340142,10.0,8.605990409851074,,,,,13.0,18.0,18.0
2025-08-12 14:16:07,1867.4036363636365,923.4618181818182,1357.2654545454545,37.75247464561835,73.39083480564507,959.1544930229796,10.0,8.638158798217773,,,,,13.0,16.0,17.0
2025-08-12 14:16:10,1865.5418181818181,919.7381818181818,1353.5418181818184,37.95332751321257,72.60382052350894,959.1219938099381,10.0,8.643287658691406,,,,,13.0,16.0,18.0
2025-08-12 14:16:13,1863.68,919.7381818181818,1353.5418181818184,37.948177434154786,72.21817625591416,959.0861989493856,10.0,8.631702423095703,,,,,13.0,15.0,17.0
2025-08-12 14:16:16,1863.68,919.7381818181818,1351.68,38.076929497910896,71.793339930691,959.1406966987629,10.0,8.640904426574707,,,,,12.0,15.0,17.0
2025-08-12 14:16:19,1867.4036363636365,923.4618181818182,1351.68,37.963627672201255,71.29417396827056,959.1375605551898,10.0,8.646842002868652,,,,,13.0,16.0,17.0
2025-08-12 14:16:22,1865.5418181818181,921.6000000000001,1351.68,38.07177941186819,71.2888797193366,959.1329142811348,10.0,8.647294998168945,,,,,12.0,15.0,16.0
2025-08-12 14:16:25,1867.4036363636365,921.6000000000001,1349.8181818181818,38.13873055312433,71.05563822680739,959.1780475537605,10.0,8.661320686340332,,,,,13.0,17.0,19.0
2025-08-12 14:16:28,1867.4036363636365,927.1854545454546,1353.5418181818184,38.128430374345044,70.97196018546737,959.106444636572,10.0,8.660231590270996,,,,,14.0,21.0,22.0
2025-08-12 14:16:31,1867.4036363636365,925.3236363636365,1353.5418181818184,38.06662932611653,71.2826356901164,959.04108209564,10.0,8.65661907196045,,,,,16.0,24.0,26.0
2025-08-12 14:16:34,1867.4036363636365,925.3236363636365,1353.5418181818184,38.154180823476054,70.75397073108914,959.1173329656443,10.0,8.661449432373047,,,,,14.0,22.0,22.0
2025-08-12 14:16:37,1867.4036363636365,925.3236363636365,1351.68,38.24173240494565,70.48023728579575,959.1095011726444,10.0,8.668047904968262,,,,,15.0,22.0,22.0
2025-08-12 14:16:40,1867.4036363636365,929.0472727272728,1351.68,38.11813019672991,70.43735791673978,959.0908812737747,10.0,8.656648635864258,,,,,15.0,22.0,22.0
2025-08-12 14:16:43,1869.2654545454548,930.909090909091,1351.68,38.0614792406559,70.49928592455367,959.0613167434879,10.0,8.661348342895508,,,,,16.0,22.0,22.0
2025-08-12 14:16:46,1865.5418181818181,934.6327272727274,1347.956363636364,38.12328028539196,70.35458806739716,959.0426249020863,10.0,8.64742660522461,,,,,15.0,21.0,21.0
2025-08-12 14:16:49,1869.2654545454548,934.6327272727274,1351.68,38.07177941186819,70.29816802514657,959.076880617571,10.0,8.661075592041016,,,,,16.0,22.0,22.0
2025-08-12 14:16:52,1871.1272727272728,936.4945454545455,1351.68,38.149030733067775,70.27301864540274,959.0815312658818,10.0,8.677258491516113,,,,,16.0,21.0,23.0
2025-08-12 14:16:55,1871.1272727272728,932.7709090909091,1347.956363636364,38.22113202526816,70.03981428178848,959.0783783818646,10.0,8.682744026184082,,,,,16.0,20.0,22.0
2025-08-12 14:16:58,1869.2654545454548,934.6327272727274,1349.8181818181818,38.23143221452483,69.8801404690604,959.1499871554805,10.0,8.673009872436523,,,,,17.0,22.0,22.0
2025-08-12 14:17:01,1871.1272727272728,936.4945454545455,1351.68,38.149030733067775,70.00596350138301,959.0815312658818,10.0,8.675921440124512,,,,,17.0,21.0,23.0
2025-08-12 14:17:07,1874.8509090909092,936.4945454545455,1349.8181818181818,38.076929497910896,69.96618565837018,959.0846625816214,10.0,8.687967300415039,,,,,16.0,20.0,22.0
2025-08-12 14:17:10,1874.8509090909092,938.3563636363637,1355.4036363636365,38.20568174356595,69.89052943273306,959.1110816232206,10.0,8.699042320251465,,,,,16.0,20.0,22.0
2025-08-12 14:17:13,1872.989090909091,936.4945454545455,1349.8181818181818,38.16963109644712,69.6747760651253,959.1126566803613,10.0,8.685332298278809,,,,,16.0,20.0,23.0
2025-08-12 14:17:16,1874.8509090909092,934.6327272727274,1349.8181818181818,38.143880642950535,69.68517472474238,959.0737499571763,10.0,8.692727088928223,,,,,15.0,18.0,21.0
2025-08-12 14:17:19,1872.989090909091,940.2181818181818,1353.5418181818184,38.076929497910896,69.88310953740047,959.1126796304893,10.0,8.677886009216309,,,,,14.0,18.0,19.0
2025-08-12 14:17:22,1874.8509090909092,936.4945454545455,1349.8181818181818,38.128430374345044,69.96322904741024,959.1624832118848,10.0,8.692155838012695,,,,,14.0,18.0,20.0
2025-08-12 14:17:25,1878.5745454545456,938.3563636363637,1347.956363636364,38.08722967086942,70.07359284761088,959.100226563728,10.0,8.708086967468262,,,,,14.0,17.0,19.0
2025-08-12 14:17:28,1876.7127272727273,942.08,1353.5418181818184,38.164481005165726,69.94750729551677,959.0768544925354,10.0,8.70509147644043,,,,,13.0,17.0,19.0
2025-08-12 14:21:58,1872.989090909091,929.0472727272728,1349.8181818181818,38.015128484606976,70.47282226755097,959.0473088761271,10.0,8.675941467285156,,,,,15.0,17.0,18.0
2025-08-12 14:22:04,1871.1272727272728,925.3236363636365,1347.956363636364,38.035728817718336,70.73505686252813,959.106453135404,10.0,8.6694917678833,,,,,14.0,17.0,18.0
2025-08-12 14:22:07,1869.2654545454548,925.3236363636365,1346.0945454545456,38.215981931076385,70.39563305415584,959.0986207459501,10.0,8.674752235412598,,,,,14.0,17.0,18.0
2025-08-12 14:22:10,1869.2654545454548,923.4618181818182,1349.8181818181818,38.40653561000363,70.003040705302,959.1342432416579,10.0,8.689878463745117,,,,,14.0,17.0,20.0
2025-08-12 14:22:13,1871.1272727272728,921.6000000000001,1344.2327272727273,38.58163934192271,69.38340737547762,959.1464064452874,10.0,8.71199893951416,,,,,13.0,16.0,18.0
2025-08-12 14:22:16,1867.4036363636365,925.3236363636365,1349.8181818181818,38.68464169432991,69.00290150080832,959.1617547686313,10.0,8.70042896270752,,,,,13.0,16.0,19.0
2025-08-12 14:22:19,1865.5418181818181,923.4618181818182,1347.956363636364,38.710392300621606,68.7903449451527,959.1725970281531,10.0,8.692282676696777,,,,,13.0,16.0,19.0
2025-08-12 14:22:22,1867.4036363636365,921.6000000000001,1346.0945454545456,38.828845183277735,68.29143001294173,959.1551295039343,10.0,8.710053443908691,,,,,13.0,17.0,20.0
2025-08-12 14:22:25,1869.2654545454548,919.7381818181818,1346.0945454545456,38.94214808466495,67.83949523020176,959.1017702079606,10.0,8.727799415588379,,,,,13.0,17.0,21.0
2025-08-12 14:22:28,1869.2654545454548,921.6000000000001,1346.0945454545456,38.99879958818201,67.43788918088582,959.1592343651533,10.0,8.730528831481934,,,,,13.0,18.0,21.0
2025-08-12 14:22:31,1863.68,919.7381818181818,1342.370909090909,39.09150212444365,67.04987740297244,959.130813650236,10.0,8.708995819091797,,,,,14.0,19.0,23.0
2025-08-12 14:22:34,1867.4036363636365,921.6000000000001,1346.0945454545456,39.19965520259575,66.6802966945469,959.1537329574239,10.0,8.735547065734863,,,,,14.0,19.0,21.0
2025-08-12 14:22:37,1865.5418181818181,919.7381818181818,1346.0945454545456,39.23055610564188,66.50320286861698,959.2003693770388,10.0,8.727837562561035,,,,,14.0,19.0,22.0
2025-08-12 14:22:40,1865.5418181818181,919.7381818181818,1346.0945454545456,39.36446013991372,66.03925379212129,959.1498150390767,10.0,8.737923622131348,,,,,15.0,20.0,22.0
2025-08-12 14:22:43,1863.68,917.8763636363637,1344.2327272727273,39.40566142080934,65.71355227849868,959.1839109539692,10.0,8.730472564697266,,,,,15.0,20.0,22.0
2025-08-12 14:22:46,1863.68,919.7381818181818,1344.2327272727273,39.42626206824207,65.42254291813755,959.1588452984056,10.0,8.730969429016113,,,,,16.0,21.0,22.0
2025-08-12 14:22:49,1863.68,919.7381818181818,1346.0945454545456,39.45716304812231,65.16176461882684,959.1493170919266,10.0,8.732512474060059,,,,,16.0,20.0,21.0
2025-08-12 14:22:52,1861.818181818182,914.1527272727274,1340.5090909090911,39.18935490390868,66.96556501583314,959.0820578581873,10.0,8.708479881286621,,,,,16.0,19.0,20.0
2025-08-12 14:22:55,1865.5418181818181,919.7381818181818,1347.956363636364,39.2511567134934,66.26005528441785,959.0911227945119,10.0,8.729117393493652,,,,,16.0,19.0,19.0
2025-08-12 14:22:58,1863.68,916.0145454545454,1344.2327272727273,39.26660717243794,65.86175042248622,959.086369849138,10.0,8.719256401062012,,,,,15.0,19.0,19.0
2025-08-12 14:33:25,1854.3709090909092,908.5672727272728,1336.7854545454545,37.69582391684526,73.40489843406857,959.0408544206144,10.0,8.573063850402832,,,,,14.0,19.0,19.0
2025-08-12 14:33:31,1852.509090909091,916.0145454545454,1334.9236363636362,37.36622037520283,73.59045153059841,959.018422132804,10.0,8.530023574829102,,,,,15.0,19.0,19.0
2025-08-12 14:33:37,1852.509090909091,906.7054545454546,1334.9236363636362,37.773074919357896,73.59359033550935,959.0736186144068,10.0,8.578954696655273,,,,,15.0,19.0,20.0
2025-08-12 14:33:43,1846.9236363636364,901.12,1334.9236363636362,38.05632915548631,72.45621069862274,959.0535348334598,10.0,8.58910083770752,,,,,15.0,19.0,20.0
2025-08-12 14:33:49,1846.9236363636364,906.7054545454546,1336.7854545454545,38.18508137203753,71.9423855793733,959.0519358447372,10.0,8.575227737426758,,,,,15.0,20.0,23.0
2025-08-12 14:33:55,1850.647272727273,904.8436363636364,1333.0618181818184,38.46318678057287,70.81389705288153,959.0796502788803,10.0,8.605956077575684,,,,,15.0,21.0,24.0
2025-08-12 14:34:01,1852.509090909091,910.429090909091,1333.0618181818184,38.54558854608331,69.71999786254646,959.1480349148804,10.0,8.616755485534668,,,,,16.0,20.0,22.0
2025-08-12 14:34:07,1856.2327272727275,917.8763636363637,1338.6472727272728,38.5558887720108,69.56018688588586,959.0794787534137,10.0,8.63587474822998,,,,,16.0,20.0,21.0
2025-08-12 14:34:13,1856.2327272727275,919.7381818181818,1333.0618181818184,38.47863710593083,68.96770896637022,959.0749517081554,10.0,8.625887870788574,,,,,15.0,20.0,20.0
2025-08-12 14:34:19,1858.0945454545456,919.7381818181818,1334.9236363636362,38.64344073939719,68.64402094835273,959.0714957308613,10.0,8.64859676361084,,,,,16.0,20.0,20.0
2025-08-12 14:34:25,1865.5418181818181,936.4945454545455,1338.6472727272728,37.89152658372768,69.32071883625085,959.0285948563246,10.0,8.621283531188965,,,,,15.0,17.0,20.0
2025-08-12 14:34:31,1871.1272727272728,943.9418181818181,1338.6472727272728,37.39712065659114,70.9813019837357,959.0651482380161,10.0,8.612624168395996,,,,,15.0,17.0,20.0
2025-08-12 14:34:37,1874.8509090909092,945.8036363636364,1342.370909090909,37.18596894259099,72.45430164222905,958.9696950259686,10.0,8.62020206451416,,,,,13.0,18.0,22.0
2025-08-12 14:34:43,1874.8509090909092,938.3563636363637,1340.5090909090911,37.69067385233939,72.71743751646571,959.0330694867366,10.0,8.667062759399414,,,,,13.0,21.0,21.0
2025-08-12 14:34:49,1874.8509090909092,940.2181818181818,1342.370909090909,37.93787727691233,71.81439069752683,959.0426217240283,10.0,8.684802055358887,,,,,13.0,21.0,21.0
2025-08-12 14:34:55,1874.8509090909092,932.7709090909091,1338.6472727272728,38.097529844992096,71.16587102195322,959.0037189877959,10.0,8.696429252624512,,,,,14.0,21.0,21.0
2025-08-12 14:35:01,1874.8509090909092,930.909090909091,1340.5090909090911,38.47348699718714,70.11974424834033,959.0111052251691,10.0,8.72523021697998,,,,,15.0,21.0,21.0
2025-08-12 14:35:07,1872.989090909091,934.6327272727274,1344.2327272727273,38.59708968736231,69.18819634554745,959.0856223985622,10.0,8.721808433532715,,,,,15.0,19.0,19.0
2025-08-12 14:35:13,1872.989090909091,934.6327272727274,1342.370909090909,38.349884474650025,69.19812470909912,959.0206411766642,10.0,8.699846267700195,,,,,15.0,19.0,20.0
2025-08-12 14:35:19,1872.989090909091,932.7709090909091,1342.370909090909,38.57133911308483,69.03226961352028,959.0747737560755,10.0,8.718804359436035,,,,,14.0,18.0,19.0
2025-08-12 14:35:22,1872.989090909091,936.4945454545455,1344.2327272727273,38.421985925757326,68.97050602229724,959.101517987671,10.0,8.704713821411133,,,,,13.0,17.0,18.0
2025-08-12 14:35:28,1872.989090909091,936.4945454545455,1344.2327272727273,38.73614291418926,68.53613619622455,959.015165143107,10.0,8.73148250579834,,,,,14.0,17.0,18.0
2025-08-12 14:35:34,1871.1272727272728,930.909090909091,1342.370909090909,38.895796880708076,67.7537707569149,959.0037479554888,10.0,8.732831954956055,,,,,14.0,18.0,19.0
2025-08-12 14:35:40,1874.8509090909092,932.7709090909091,1342.370909090909,38.95244835541234,67.22723659785599,959.0892646103431,10.0,8.753559112548828,,,,,15.0,17.0,17.0
2025-08-12 14:35:43,1872.989090909091,936.4945454545455,1346.0945454545456,38.782494036946446,67.42665278830373,959.0570992451056,10.0,8.7298583984375,,,,,15.0,17.0,18.0
2025-08-12 14:35:49,1874.8509090909092,938.3563636363637,1344.2327272727273,38.664041214535246,67.55130131154249,958.9623922856547,10.0,8.729660034179688,,,,,14.0,16.0,18.0
2025-08-12 14:35:55,1872.989090909091,934.6327272727274,1342.370909090909,38.844295570626855,67.63805006566498,959.066257231206,10.0,8.736512184143066,,,,,13.0,15.0,19.0
2025-08-12 14:36:01,1874.8509090909092,936.4945454545455,1344.2327272727273,38.9575984912226,67.32270268672676,959.0970389572424,10.0,8.754359245300293,,,,,13.0,15.0,18.0
2025-08-12 14:36:07,1874.8509090909092,934.6327272727274,1344.2327272727273,38.95244835541234,66.92971939173805,958.9489914407052,10.0,8.75283432006836,,,,,12.0,15.0,18.0
2025-08-12 14:36:13,1874.8509090909092,934.6327272727274,1344.2327272727273,38.427136031590635,67.8419614312278,958.9971687964546,10.0,8.709566116333008,,,,,13.0,15.0,17.0
2025-08-12 14:36:19,1872.989090909091,932.7709090909091,1342.370909090909,38.664041214535246,68.03882020984814,959.018476714436,10.0,8.722535133361816,,,,,13.0,16.0,18.0
2025-08-12 14:36:25,1872.989090909091,932.7709090909091,1344.2327272727273,38.57648922735825,68.01631445363215,958.9984358763336,10.0,8.714619636535645,,,,,14.0,17.0,19.0
2025-08-12 14:36:31,1871.1272727272728,932.7709090909091,1342.370909090909,38.87004622202949,67.75241518853085,959.0490307009708,10.0,8.730179786682129,,,,,15.0,18.0,20.0
2025-08-12 14:36:37,1872.989090909091,932.7709090909091,1344.2327272727273,38.864896091166884,67.47257541656515,959.0412559728701,10.0,8.737748146057129,,,,,14.0,17.0,19.0
2025-08-12 14:36:43,1869.2654545454548,938.3563636363637,1346.0945454545456,39.01425000434392,67.22446607664662,959.0142138567342,10.0,8.731234550476074,,,,,13.0,17.0,17.0
2025-08-12 14:36:49,1871.1272727272728,934.6327272727274,1344.2327272727273,38.93184781508171,67.15477757770726,958.9459524530688,10.0,8.73332405090332,,,,,13.0,16.0,16.0
2025-08-12 14:36:55,1871.1272727272728,936.4945454545455,1340.5090909090911,38.65374097638414,67.4556306022344,959.0029241535598,10.0,8.709269523620605,,,,,12.0,15.0,15.0
2025-08-12 14:37:01,1872.989090909091,936.4945454545455,1344.2327272727273,38.767043660074705,68.02053039074903,959.0618192940251,10.0,8.731415748596191,,,,,14.0,18.0,18.0
2025-08-12 14:37:07,1872.989090909091,934.6327272727274,1344.2327272727273,38.664041214535246,68.12204807355342,959.0465189579877,10.0,8.722743034362793,,,,,14.0,18.0,18.0
2025-08-12 14:37:13,1872.989090909091,934.6327272727274,1344.2327272727273,38.658891095314175,68.3298306039501,959.0107004251362,10.0,8.723526954650879,,,,,15.0,17.0,17.0
2025-08-12 14:43:10,1869.2654545454548,925.3236363636365,1353.5418181818184,38.99879958818201,66.60474305604318,958.9347811962472,10.0,8.727548599243164,,,,,15.0,17.0,18.0
2025-08-12 14:43:16,1865.5418181818181,914.1527272727274,1347.956363636364,38.94729821989313,66.79854313285706,958.9412182454813,10.0,8.705339431762695,,,,,15.0,17.0,18.0
2025-08-12 14:43:22,1861.818181818182,908.5672727272728,1346.0945454545456,38.99879958818201,66.67021201282745,958.8786680986279,10.0,8.691092491149902,,,,,15.0,17.0,18.0
2025-08-12 14:43:28,1858.0945454545456,901.12,1346.0945454545456,39.16360416228417,66.2438338720549,958.9590059982925,10.0,8.684816360473633,,,,,15.0,21.0,23.0
2025-08-12 14:43:34,1852.509090909091,901.12,1347.956363636364,39.101802412071265,66.2348358309395,958.9499330588111,10.0,8.65103816986084,,,,,14.0,23.0,26.0
2025-08-12 14:43:40,1852.509090909091,901.12,1342.370909090909,39.10695255632163,66.19341242865549,958.9296437414057,10.0,8.651412963867188,,,,,13.0,20.0,24.0
2025-08-12 14:43:46,1854.3709090909092,914.1527272727274,1344.2327272727273,38.43228613771498,67.2420111203549,958.976914756291,10.0,8.604355812072754,,,,,14.0,20.0,22.0
2025-08-12 14:43:52,1858.0945454545456,916.0145454545454,1347.956363636364,38.416835820215056,67.84141477948347,958.925549306039,10.0,8.625001907348633,,,,,15.0,20.0,22.0
2025-08-12 14:43:58,1856.2327272727275,906.7054545454546,1344.2327272727273,38.74644316165359,67.81726201433474,958.9746249248753,10.0,8.645299911499023,,,,,14.0,20.0,21.0
2025-08-12 14:44:04,1854.3709090909092,906.7054545454546,1342.370909090909,38.9575984912226,67.13824829953218,958.9006550682269,10.0,8.652047157287598,,,,,14.0,20.0,20.0
2025-08-12 14:44:10,1854.3709090909092,908.5672727272728,1342.370909090909,39.0863519810664,66.46625586031219,958.9266174427249,10.0,8.660125732421875,,,,,12.0,18.0,18.0
2025-08-12 14:44:16,1854.3709090909092,906.7054545454546,1344.2327272727273,39.271757326001534,65.95134767079104,958.9818679047547,10.0,8.674053192138672,,,,,12.0,17.0,17.0
2025-08-12 14:44:22,1852.509090909091,904.8436363636364,1342.370909090909,39.30265825349488,65.78605185271083,958.9162135441458,10.0,8.66706371307373,,,,,12.0,17.0,17.0
2025-08-12 14:44:28,1854.3709090909092,914.1527272727274,1344.2327272727273,38.98849931219593,66.59232358739142,958.9472919923344,10.0,8.651616096496582,,,,,12.0,15.0,16.0
2025-08-12 14:44:34,1854.3709090909092,908.5672727272728,1342.370909090909,39.076051695185015,66.38239986312546,958.9110737862521,10.0,8.658863067626953,,,,,12.0,15.0,16.0
2025-08-12 14:44:40,1856.2327272727275,916.0145454545454,1344.2327272727273,39.02455028324039,66.20721811727849,958.945587131553,10.0,8.662306785583496,,,,,12.0,16.0,17.0
2025-08-12 14:44:46,1859.9563636363637,927.1854545454546,1346.0945454545456,38.92154754666262,66.33902591204243,958.9023525331779,10.0,8.672379493713379,,,,,12.0,15.0,16.0
2025-08-12 14:44:52,1863.68,927.1854545454546,1340.5090909090911,39.019400143646635,66.33196998506371,958.8536423169973,10.0,8.700278282165527,,,,,12.0,16.0,16.0
2025-08-12 14:44:58,1861.818181818182,930.909090909091,1342.370909090909,39.06575141046778,66.29854545648917,958.8955301998692,10.0,8.694562911987305,,,,,13.0,16.0,16.0
2025-08-12 14:45:04,1867.4036363636365,930.909090909091,1342.370909090909,38.92154754666262,66.98169991855953,958.8462461233281,10.0,8.713410377502441,,,,,12.0,15.0,15.0
2025-08-12 14:51:37,1871.1272727272728,936.4945454545455,1351.68,38.3035335719178,71.5996453846479,958.8104970893485,10.0,8.699498176574707,,,,,14.0,16.0,17.0
2025-08-12 14:51:40,1871.1272727272728,934.6327272727274,1351.68,38.40653561000363,71.23200679854317,958.9099939161877,10.0,8.706445693969727,,,,,13.0,15.0,16.0
2025-08-12 14:51:43,1871.1272727272728,934.6327272727274,1349.8181818181818,38.34473437318229,71.02053708120486,958.8446914527253,10.0,8.700169563293457,,,,,13.0,15.0,15.0
2025-08-12 14:51:46,1872.989090909091,934.6327272727274,1353.5418181818184,38.48378721496556,70.60135847926317,958.8864888714097,10.0,8.719804763793945,,,,,13.0,15.0,15.0
2025-08-12 14:51:49,1871.1272727272728,936.4945454545455,1351.68,38.509537764504785,70.47816883523596,958.8132311942841,10.0,8.71250057220459,,,,,14.0,16.0,16.0
2025-08-12 14:51:52,1869.2654545454548,932.7709090909091,1347.956363636364,38.59193957192474,70.10284515498108,958.9376493462009,10.0,8.708053588867188,,,,,14.0,16.0,16.0
2025-08-12 14:51:55,1871.1272727272728,934.6327272727274,1349.8181818181818,38.64344073939719,69.92758968842274,958.9593303467078,10.0,8.72105598449707,,,,,14.0,16.0,16.0
2025-08-12 14:51:58,1869.2654545454548,932.7709090909091,1347.956363636364,38.59708968736231,69.78234602507408,958.8893470610319,10.0,8.707195281982422,,,,,14.0,17.0,17.0
2025-08-12 14:52:01,1872.989090909091,932.7709090909091,1351.68,38.62284026891575,69.74222852244858,958.8721457257894,10.0,8.728219985961914,,,,,15.0,17.0,17.0
2025-08-12 14:52:04,1871.1272727272728,932.7709090909091,1347.956363636364,38.55073865890154,69.4886048781387,958.8193652132645,10.0,8.711333274841309,,,,,15.0,18.0,18.0
2025-08-12 14:52:07,1872.989090909091,938.3563636363637,1355.4036363636365,38.61254003542126,69.5099242853177,958.8846347266409,10.0,8.725896835327148,,,,,15.0,19.0,19.0
2025-08-12 14:52:10,1871.1272727272728,938.3563636363637,1349.8181818181818,38.49923754381598,69.53915337523077,958.8537492752724,10.0,8.706565856933594,,,,,15.0,18.0,18.0
2025-08-12 14:52:13,1871.1272727272728,936.4945454545455,1349.8181818181818,38.51983798635774,69.64130647486627,958.8287832143702,10.0,8.709138870239258,,,,,14.0,18.0,18.0
2025-08-12 14:52:16,1874.8509090909092,938.3563636363637,1346.0945454545456,38.47863710593083,69.65084116216816,958.8506779135323,10.0,8.72407054901123,,,,,14.0,17.0,17.0
2025-08-12 14:52:19,1874.8509090909092,940.2181818181818,1349.8181818181818,38.530138209374854,69.79039814740759,958.8723716716543,10.0,8.729256629943848,,,,,14.0,17.0,17.0
2025-08-12 14:52:22,1872.989090909091,936.4945454545455,1347.956363636364,38.53528832131997,69.87385400447731,958.8521113779065,10.0,8.720963478088379,,,,,13.0,16.0,16.0
2025-08-12 14:52:25,1872.989090909091,940.2181818181818,1351.68,38.494087433908135,70.02591204683421,958.8740076912062,10.0,8.717768669128418,,,,,13.0,16.0,16.0
2025-08-12 14:52:28,1876.7127272727273,943.9418181818181,1351.68,38.37563498635427,70.16157110738783,958.8633281749521,10.0,8.726476669311523,,,,,13.0,16.0,16.0
2025-08-12 14:52:31,1874.8509090909092,940.2181818181818,1351.68,38.3550345764088,70.67093274120113,958.8882757167835,10.0,8.717733383178711,,,,,14.0,16.0,16.0
2025-08-12 14:52:34,1874.8509090909092,936.4945454545455,1347.956363636364,38.380785089568235,70.56559660809552,958.8711057538612,10.0,8.71973705291748,,,,,15.0,17.0,17.0
2025-08-12 14:52:40,1874.8509090909092,940.2181818181818,1347.956363636364,38.3550345764088,71.05083286040943,958.8602468676398,10.0,8.71980094909668,,,,,15.0,16.0,16.0
2025-08-12 14:52:43,1876.7127272727273,942.08,1351.68,38.380785089568235,71.01676261625101,958.8991357175659,10.0,8.731081008911133,,,,,15.0,16.0,16.0
2025-08-12 14:52:46,1876.7127272727273,943.9418181818181,1353.5418181818184,38.36533478079946,70.8971184501153,958.8477730707101,10.0,8.729331970214844,,,,,15.0,17.0,17.0
2025-08-12 14:52:49,1876.7127272727273,943.9418181818181,1349.8181818181818,38.427136031590635,70.75238323861747,958.9130727817798,10.0,8.73381519317627,,,,,15.0,17.0,17.0
2025-08-12 14:52:52,1878.5745454545456,942.08,1353.5418181818184,38.401385505334474,70.66180281727206,958.8181237518879,10.0,8.741035461425781,,,,,16.0,18.0,18.0
2025-08-12 14:52:55,1876.7127272727273,940.2181818181818,1351.68,38.3035335719178,70.91716965810788,958.8945769494464,10.0,8.723664283752441,,,,,16.0,19.0,19.0
2025-08-12 14:52:58,1878.5745454545456,943.9418181818181,1353.5418181818184,38.27778308058623,71.00465207260989,958.8837104295169,10.0,8.731130599975586,,,,,16.0,19.0,19.0
2025-08-12 14:53:01,1876.7127272727273,942.08,1349.8181818181818,38.349884474650025,70.89026038431162,958.8524691512476,10.0,8.727922439575195,,,,,16.0,19.0,19.0
2025-08-12 14:53:04,1876.7127272727273,947.6654545454545,1355.4036363636365,38.401385505334474,70.78053850670456,958.8741853965548,10.0,8.7317476272583,,,,,16.0,20.0,20.0
2025-08-12 14:53:07,1874.8509090909092,943.9418181818181,1351.68,38.44258635083679,70.60486530721245,958.852307545909,10.0,8.725436210632324,,,,,17.0,21.0,21.0
2025-08-12 14:53:10,1878.5745454545456,943.9418181818181,1351.68,38.215981931076385,70.51433033882299,958.8183914500612,10.0,8.72344970703125,,,,,17.0,21.0,21.0
2025-08-12 14:53:13,1876.7127272727273,942.08,1349.8181818181818,38.28293317827047,70.70821004697143,958.8354375455073,10.0,8.721044540405273,,,,,17.0,21.0,21.0
2025-08-12 14:53:16,1878.5745454545456,942.08,1353.5418181818184,38.380785089568235,70.73775921986109,958.8150458847232,10.0,8.739572525024414,,,,,16.0,21.0,21.0
2025-08-12 14:53:19,1876.7127272727273,940.2181818181818,1353.5418181818184,38.36018467845861,70.61187371441717,958.8119665082867,10.0,8.727743148803711,,,,,15.0,20.0,21.0
2025-08-12 14:53:22,1876.7127272727273,940.2181818181818,1353.5418181818184,38.40653561000363,70.6977290459783,958.8539317790742,10.0,8.732122421264648,,,,,15.0,20.0,21.0
2025-08-12 14:53:25,1876.7127272727273,943.9418181818181,1353.5418181818184,38.23658230958972,70.29000604665922,958.849506004584,10.0,8.71461009979248,,,,,15.0,21.0,21.0
2025-08-12 14:53:28,1876.7127272727273,943.9418181818181,1351.68,38.035728817718336,70.92487689474618,958.7982861954879,10.0,8.699914932250977,,,,,15.0,20.0,21.0
2025-08-12 14:53:31,1876.7127272727273,943.9418181818181,1349.8181818181818,37.89152658372768,71.22457028627758,958.8325321207449,10.0,8.688162803649902,,,,,14.0,19.0,20.0
2025-08-12 14:53:34,1878.5745454545456,947.6654545454545,1353.5418181818184,37.77822498852038,71.83413802936397,958.8013621671255,10.0,8.690442085266113,,,,,14.0,19.0,20.0
2025-08-12 14:53:37,1876.7127272727273,945.8036363636364,1353.5418181818184,37.711274112109095,72.24477364201609,958.8682006631743,10.0,8.676702499389648,,,,,13.0,18.0,19.0
2025-08-12 14:53:43,1878.5745454545456,945.8036363636364,1355.4036363636365,38.00997840205673,71.93151649083279,958.8714422455242,10.0,8.71156120300293,,,,,13.0,18.0,18.0
2025-08-12 14:53:46,1878.5745454545456,945.8036363636364,1351.68,37.71642417777912,72.6835380636379,958.8199813266477,10.0,8.689047813415527,,,,,14.0,18.0,18.0
2025-08-12 14:53:49,1880.4363636363637,945.8036363636364,1353.5418181818184,37.71642417777912,72.75463107750758,958.8479826948103,10.0,8.698643684387207,,,,,14.0,17.0,17.0
2025-08-12 14:53:52,1876.7127272727273,942.08,1349.8181818181818,37.88637650816236,72.9788573535534,958.8527592568669,10.0,8.696439743041992,,,,,13.0,17.0,17.0
2025-08-12 14:53:55,1878.5745454545456,943.9418181818181,1355.4036363636365,38.04602898602025,72.6749302914497,958.8698773460875,10.0,8.718618392944336,,,,,14.0,17.0,17.0
2025-08-12 14:53:58,1876.7127272727273,942.08,1353.5418181818184,37.85547606088221,72.77538446850255,958.7500544155653,10.0,8.69322681427002,,,,,14.0,18.0,18.0
2025-08-12 14:54:01,1878.5745454545456,947.6654545454545,1357.2654545454545,37.644323284883285,73.34230360134347,958.8510126231599,10.0,8.685604095458984,,,,,14.0,18.0,18.0
2025-08-12 14:54:04,1878.5745454545456,943.9418181818181,1355.4036363636365,37.72157424374018,73.9574024070586,958.7997627349067,10.0,8.696093559265137,,,,,15.0,18.0,18.0
2025-08-12 14:54:07,1878.5745454545456,942.08,1355.4036363636365,37.49497161677573,75.26797622550541,958.7652472891225,10.0,8.682406425476074,,,,,15.0,18.0,18.0
2025-08-12 14:54:10,1874.8509090909092,938.3563636363637,1351.68,37.469221353909234,75.7276572343006,958.8102973133717,10.0,8.663437843322754,,,,,15.0,17.0,17.0
2025-08-12 14:54:13,1876.7127272727273,938.3563636363637,1353.5418181818184,37.55162222069339,75.8340591589511,958.7948888878865,10.0,8.680914878845215,,,,,14.0,17.0,17.0
2025-08-12 14:54:16,1876.7127272727273,932.7709090909091,1351.68,37.5619223342801,76.07145631864842,958.8104573365968,10.0,8.683104515075684,,,,,15.0,17.0,17.0
2025-08-12 14:54:19,1872.989090909091,932.7709090909091,1355.4036363636365,37.644323284883285,76.35544136281409,958.8510126231599,10.0,8.672959327697754,,,,,15.0,17.0,18.0
2025-08-12 14:54:22,1872.989090909091,930.909090909091,1353.5418181818184,37.63402316198335,76.01741969964375,958.807447134378,10.0,8.67064380645752,,,,,15.0,19.0,19.0
2025-08-12 14:54:25,1874.8509090909092,925.3236363636365,1353.5418181818184,37.54132210827083,75.95166114689218,958.8353081576385,10.0,8.67130184173584,,,,,15.0,19.0,20.0
2025-08-12 14:54:28,1872.989090909091,927.1854545454546,1351.68,37.32502001631656,75.81801196011622,958.7882142672128,10.0,8.641876220703125,,,,,16.0,21.0,22.0
2025-08-12 14:54:31,1871.1272727272728,930.909090909091,1353.5418181818184,37.453771199681796,75.50767802014683,958.814932307799,10.0,8.642314910888672,,,,,17.0,23.0,24.0
2025-08-12 14:54:34,1869.2654545454548,927.1854545454546,1351.68,37.69067385233939,75.34078084943476,958.8090669145355,10.0,8.653674125671387,,,,,18.0,24.0,25.0
2025-08-12 14:54:37,1871.1272727272728,930.909090909091,1351.68,37.742174510494806,74.92993333464815,958.83089394473,10.0,8.665433883666992,,,,,18.0,27.0,30.0
2025-08-12 14:54:40,1869.2654545454548,930.909090909091,1353.5418181818184,37.92757712083403,74.48654885888679,958.8029720569533,10.0,8.670762062072754,,,,,19.0,29.0,32.0
2025-08-12 14:54:46,1869.2654545454548,923.4618181818182,1353.5418181818184,37.87092628321261,74.4116350478362,958.717382190324,10.0,8.665963172912598,,,,,20.0,31.0,35.0
2025-08-12 14:54:49,1869.2654545454548,919.7381818181818,1351.68,37.94302735538804,74.1913706225524,958.8263151274857,10.0,8.670848846435547,,,,,20.0,31.0,35.0
2025-08-12 14:54:52,1867.4036363636365,917.8763636363637,1351.68,38.015128484606976,73.80508543583184,958.7951804531897,10.0,8.666275024414062,,,,,24.0,35.0,41.0
2025-08-12 14:54:55,1865.5418181818181,917.8763636363637,1351.68,38.02542865058058,73.45015917333244,958.7827262021875,10.0,8.65610408782959,,,,,25.0,36.0,43.0
2025-08-12 14:54:58,1865.5418181818181,917.8763636363637,1347.956363636364,38.149030733067775,73.1024962593949,958.8573707942636,10.0,8.665112495422363,,,,,26.0,36.0,44.0
2025-08-12 14:55:01,1867.4036363636365,921.6000000000001,1347.956363636364,38.11813019672991,72.67359175888664,958.8106940975212,10.0,8.669722557067871,,,,,27.0,39.0,47.0
2025-08-12 14:55:04,1867.4036363636365,925.3236363636365,1353.5418181818184,38.252032596530626,72.4567105913943,958.7887689358795,10.0,8.68078327178955,,,,,27.0,40.0,47.0
2025-08-12 14:55:07,1863.68,927.1854545454546,1349.8181818181818,38.19538155721966,71.94895651237174,958.8152991175422,10.0,8.654105186462402,,,,,26.0,39.0,47.0
2025-08-12 14:55:10,1865.5418181818181,927.1854545454546,1349.8181818181818,38.18508137203753,71.82967884617817,958.7436986942639,10.0,8.66239070892334,,,,,23.0,37.0,44.0
2025-08-12 14:55:13,1867.4036363636365,936.4945454545455,1355.4036363636365,38.22113202526816,71.84377127519222,958.7701239820074,10.0,8.674710273742676,,,,,23.0,36.0,44.0
2025-08-12 14:55:16,1869.2654545454548,934.6327272727274,1349.8181818181818,38.29838347306941,71.61713167050115,958.8027193249704,10.0,8.689821243286133,,,,,21.0,33.0,42.0
2025-08-12 14:55:19,1869.2654545454548,927.1854545454546,1344.2327272727273,38.40653561000363,71.30323740052822,958.8259007396558,10.0,8.698108673095703,,,,,21.0,31.0,37.0
2025-08-12 14:55:22,1869.2654545454548,934.6327272727274,1349.8181818181818,38.349884474650025,71.08020127534887,958.8524691512476,10.0,8.691496849060059,,,,,20.0,31.0,34.0
2025-08-12 14:55:25,1871.1272727272728,932.7709090909091,1346.0945454545456,38.293233374512056,71.27857218051578,958.794941578486,10.0,8.697148323059082,,,,,20.0,31.0,34.0
2025-08-12 14:55:28,1872.989090909091,936.4945454545455,1349.8181818181818,38.164481005165726,71.16398172188285,958.8526887332351,10.0,8.693870544433594,,,,,19.0,29.0,31.0
2025-08-12 14:55:31,1872.989090909091,938.3563636363637,1346.0945454545456,37.840025841171155,71.77276640834488,958.8387374907011,10.0,8.667581558227539,,,,,18.0,28.0,30.0
2025-08-12 14:55:34,1872.989090909091,936.4945454545455,1347.956363636364,37.81427548080683,72.41126671446332,958.8838442094656,10.0,8.668244361877441,,,,,18.0,28.0,28.0
2025-08-12 14:55:37,1871.1272727272728,934.6327272727274,1347.956363636364,38.04602898602025,72.41998457792364,958.813846260867,10.0,8.680336952209473,,,,,18.0,27.0,28.0
2025-08-12 14:55:40,1869.2654545454548,934.6327272727274,1349.8181818181818,38.097529844992096,72.2868464650126,958.8356121249593,10.0,8.67480182647705,,,,,18.0,26.0,28.0
2025-08-12 14:55:43,1871.1272727272728,934.6327272727274,1349.8181818181818,38.16963109644712,72.19054649551235,958.8324472133296,10.0,8.690271377563477,,,,,18.0,26.0,27.0
2025-08-12 14:55:49,1871.1272727272728,932.7709090909091,1349.8181818181818,38.23143221452483,71.87407075176938,958.8137038358768,10.0,8.694430351257324,,,,,18.0,24.0,25.0
2025-08-12 14:55:52,1872.989090909091,934.6327272727274,1349.8181818181818,38.34473437318229,71.56656081974691,958.8166630765953,10.0,8.712472915649414,,,,,17.0,24.0,24.0
2025-08-12 14:55:55,1871.1272727272728,932.7709090909091,1347.956363636364,38.370484883431345,71.30105458012947,958.7994916519493,10.0,8.70422649383545,,,,,18.0,25.0,25.0
2025-08-12 14:55:58,1871.1272727272728,932.7709090909091,1346.0945454545456,38.39623540095636,71.0651778350332,958.8383773677884,10.0,8.7051420211792,,,,,18.0,26.0,26.0
2025-08-12 14:56:01,1871.1272727272728,934.6327272727274,1347.956363636364,38.416835820215056,70.90019192160449,958.8694862617318,10.0,8.705953598022461,,,,,18.0,27.0,27.0
2025-08-12 14:56:04,1872.989090909091,936.4945454545455,1347.956363636364,38.40653561000363,70.66210750246287,958.8259007396558,10.0,8.713423728942871,,,,,18.0,27.0,27.0
2025-08-12 14:56:07,1871.1272727272728,936.4945454545455,1347.956363636364,38.44773645783425,70.41516106178445,958.8600844495512,10.0,8.706313133239746,,,,,20.0,30.0,32.0
2025-08-12 14:56:10,1872.989090909091,940.2181818181818,1349.8181818181818,38.36018467845861,70.0419264293849,958.868024601899,10.0,8.705764770507812,,,,,20.0,31.0,33.0
2025-08-12 14:56:13,1872.989090909091,938.3563636363637,1351.68,38.34473437318229,70.4209955755668,958.8166630765953,10.0,8.706621170043945,,,,,19.0,31.0,34.0
2025-08-12 14:56:16,1874.8509090909092,938.3563636363637,1347.956363636364,38.416835820215056,70.2649084080335,958.8134232951287,10.0,8.721776962280273,,,,,18.0,30.0,33.0
2025-08-12 14:56:19,1872.989090909091,938.3563636363637,1349.8181818181818,38.47348699718714,70.01878348480541,958.8429013565873,10.0,8.716103553771973,,,,,18.0,30.0,32.0
2025-08-12 14:56:22,1872.989090909091,936.4945454545455,1346.0945454545456,38.44258635083679,69.89822579610073,958.852307545909,10.0,8.71269416809082,,,,,18.0,28.0,30.0
2025-08-12 14:56:25,1874.8509090909092,934.6327272727274,1347.956363636364,38.380785089568235,69.9778024919173,958.8150458847232,10.0,8.717167854309082,,,,,18.0,26.0,26.0
2025-08-12 14:56:28,1874.8509090909092,934.6327272727274,1344.2327272727273,38.3550345764088,70.23755662774401,958.8041892276192,10.0,8.716202735900879,,,,,16.0,23.0,23.0
2025-08-12 14:56:31,1874.8509090909092,940.2181818181818,1351.68,38.31383377048769,70.15204317297547,958.769998621634,10.0,8.712085723876953,,,,,16.0,21.0,23.0
2025-08-12 14:56:34,1874.8509090909092,938.3563636363637,1349.8181818181818,38.37563498635427,70.11407122873139,958.8072687594077,10.0,8.717320442199707,,,,,16.0,21.0,24.0
2025-08-12 14:56:37,1872.989090909091,936.4945454545455,1347.956363636364,38.17993127988302,70.17393311262889,958.7919629248827,10.0,8.690645217895508,,,,,17.0,21.0,24.0
2025-08-12 14:56:40,1872.989090909091,936.4945454545455,1346.0945454545456,38.21083183717565,70.50809207451866,958.838635471694,10.0,8.694853782653809,,,,,16.0,20.0,24.0
2025-08-12 14:56:43,1876.7127272727273,936.4945454545455,1349.8181818181818,38.40653561000363,70.37712153428946,958.8539317790742,10.0,8.730620384216309,,,,,18.0,21.0,25.0
2025-08-12 14:56:46,1874.8509090909092,932.7709090909091,1346.0945454545456,38.416835820215056,70.14021247183042,958.7853918409663,10.0,8.721471786499023,,,,,17.0,23.0,28.0
2025-08-12 14:58:59,1869.2654545454548,930.909090909091,1346.0945454545456,38.91124727940769,67.46903830655424,958.8026481467184,10.0,8.724580764770508,,,,,14.0,17.0,17.0
2025-08-12 14:59:05,1871.1272727272728,932.7709090909091,1344.2327272727273,38.74644316165359,68.31672053714142,958.8343964372989,10.0,8.723072052001953,,,,,14.0,18.0,18.0
2025-08-12 14:59:08,1872.989090909091,934.6327272727274,1349.8181818181818,38.70524217878119,68.44528501635212,958.7722043115081,10.0,8.729701042175293,,,,,15.0,18.0,18.0
2025-08-12 14:59:11,1871.1272727272728,934.6327272727274,1347.956363636364,38.767043660074705,68.35945142025271,958.8654929245879,10.0,8.7249174118042,,,,,14.0,17.0,17.0
2025-08-12 14:59:14,1874.8509090909092,934.6327272727274,1347.956363636364,38.664041214535246,68.59759630697236,958.7941394658893,10.0,8.736002922058105,,,,,13.0,17.0,17.0
2025-08-12 14:59:17,1871.1272727272728,934.6327272727274,1346.0945454545456,38.72584266788908,68.76147208581838,958.8033002328875,10.0,8.723572731018066,,,,,14.0,17.0,17.0
2025-08-12 14:59:20,1872.989090909091,936.4945454545455,1347.956363636364,38.58163934192271,68.85457419821304,958.8379810428161,10.0,8.720123291015625,,,,,14.0,18.0,18.0
2025-08-12 14:59:23,1871.1272727272728,936.4945454545455,1346.0945454545456,38.664041214535246,68.90666655041949,958.8221815539149,10.0,8.718549728393555,,,,,14.0,18.0,18.0
2025-08-12 14:59:26,1872.989090909091,934.6327272727274,1346.0945454545456,38.767043660074705,68.71617345324036,958.8374463781703,10.0,8.736271858215332,,,,,14.0,18.0,18.0
2025-08-12 14:59:29,1874.8509090909092,940.2181818181818,1347.956363636364,38.411685714963824,68.85113184603291,958.8056464984759,10.0,8.714203834533691,,,,,15.0,18.0,18.0
2025-08-12 14:59:32,1872.989090909091,940.2181818181818,1349.8181818181818,38.29838347306941,69.48619537665425,958.7746929705697,10.0,8.69792652130127,,,,,15.0,18.0,18.0
2025-08-12 14:59:35,1874.8509090909092,940.2181818181818,1346.0945454545456,37.95332751321257,70.52256035485082,958.8138657170136,10.0,8.681050300598145,,,,,15.0,18.0,18.0
2025-08-12 14:59:38,1874.8509090909092,943.9418181818181,1349.8181818181818,37.6391732232878,71.37517937144453,958.8432287783404,10.0,8.656612396240234,,,,,15.0,18.0,18.0
2025-08-12 14:59:41,1876.7127272727273,940.2181818181818,1346.0945454545456,37.44862114885473,72.30521012614024,958.7511674605425,10.0,8.654064178466797,,,,,15.0,18.0,18.0
2025-08-12 14:59:44,1876.7127272727273,943.9418181818181,1347.956363636364,37.36622037520283,73.069595018357,958.7945312161858,10.0,8.650091171264648,,,,,15.0,18.0,18.0
2025-08-12 14:59:47,1876.7127272727273,943.9418181818181,1349.8181818181818,37.20141905141645,73.61506078758121,958.7132690696116,10.0,8.63838005065918,,,,,15.0,18.0,18.0
2025-08-12 14:59:50,1876.7127272727273,943.9418181818181,1347.956363636364,37.10871843775385,74.41918299135858,958.7409642216751,10.0,8.633864402770996,,,,,15.0,20.0,20.0
2025-08-12 14:59:53,1878.5745454545456,945.8036363636364,1353.5418181818184,37.26836955326144,74.88550008284875,958.7585321119353,10.0,8.659906387329102,,,,,15.0,20.0,20.0
2025-08-12 14:59:56,1876.7127272727273,942.08,1351.68,37.50012167022214,74.7298331637533,958.7730317569899,10.0,8.670730590820312,,,,,15.0,22.0,23.0
2025-08-12 14:59:59,1874.8509090909092,940.2181818181818,1349.8181818181818,37.644323284883285,74.58577376511643,958.767017868624,10.0,8.673754692077637,,,,,15.0,24.0,26.0
2025-08-12 15:00:05,1876.7127272727273,938.3563636363637,1351.68,37.98937807476614,73.59003868362558,958.7842928895178,10.0,8.709339141845703,,,,,14.0,22.0,22.0
2025-08-12 15:00:11,1874.8509090909092,940.2181818181818,1355.4036363636365,37.845175914117135,73.20136844014297,958.7344920583256,10.0,8.685179710388184,,,,,14.0,21.0,21.0
2025-08-12 15:00:17,1874.8509090909092,938.3563636363637,1351.68,37.793675197754055,72.90178231094865,958.7686997790288,10.0,8.678861618041992,,,,,14.0,19.0,19.0
2025-08-12 15:00:23,1871.1272727272728,934.6327272727274,1347.956363636364,37.948177434154786,73.07766824069101,958.7780735644508,10.0,8.674989700317383,,,,,14.0,18.0,18.0
2025-08-12 15:00:26,1874.8509090909092,934.6327272727274,1351.68,38.154180823476054,72.64030507108761,958.7530696294953,10.0,8.710383415222168,,,,,14.0,16.0,16.0
2025-08-12 15:00:29,1871.1272727272728,936.4945454545455,1355.4036363636365,38.28293317827047,72.1798363992296,958.8354375455073,10.0,8.700403213500977,,,,,15.0,17.0,17.0
2025-08-12 15:00:32,1872.989090909091,930.909090909091,1349.8181818181818,38.38593519307324,71.74712735941195,958.8508531795472,10.0,8.717020034790039,,,,,15.0,18.0,18.0
2025-08-12 15:00:35,1872.989090909091,934.6327272727274,1349.8181818181818,38.26233278927975,71.1046103516258,958.8043250674494,10.0,8.702766418457031,,,,,15.0,17.0,17.0
2025-08-12 15:00:38,1871.1272727272728,930.909090909091,1347.956363636364,38.26233278927975,71.4250479119506,958.8043250674494,10.0,8.695083618164062,,,,,14.0,17.0,18.0
2025-08-12 15:00:41,1871.1272727272728,934.6327272727274,1351.68,38.32413397022174,71.35759446802875,958.8696358335465,10.0,8.699851036071777,,,,,15.0,16.0,18.0
2025-08-12 15:00:44,1871.1272727272728,929.0472727272728,1346.0945454545456,38.427136031590635,71.06703272764612,958.772913145855,10.0,8.708436965942383,,,,,14.0,16.0,17.0
2025-08-12 15:00:47,1872.989090909091,938.3563636363637,1351.68,38.339584272005595,70.82435241231745,958.7808574928277,10.0,8.70838451385498,,,,,14.0,16.0,18.0
2025-08-12 15:00:53,1872.989090909091,936.4945454545455,1351.68,38.19538155721966,71.21924665339247,958.8433210720192,10.0,8.697002410888672,,,,,15.0,16.0,18.0
2025-08-12 15:00:56,1872.989090909091,932.7709090909091,1346.0945454545456,38.076929497910896,72.27962229099725,958.7484595088579,10.0,8.692261695861816,,,,,14.0,16.0,17.0
2025-08-12 15:00:59,1871.1272727272728,936.4945454545455,1349.8181818181818,38.267482886090875,72.17293828479433,958.8121031601029,10.0,8.699108123779297,,,,,14.0,16.0,18.0
2025-08-12 15:01:02,1871.1272727272728,934.6327272727274,1347.956363636364,37.958477592561394,73.0901875154434,958.7936348307942,10.0,8.675897598266602,,,,,14.0,18.0,18.0
2025-08-12 15:01:05,1872.989090909091,938.3563636363637,1349.8181818181818,37.72157424374018,74.01662482027119,958.7717611787406,10.0,8.6685152053833,,,,,15.0,18.0,18.0
2025-08-12 15:01:08,1872.989090909091,940.2181818181818,1351.68,37.608272859826684,74.63067851169987,958.7965260919066,10.0,8.661145210266113,,,,,15.0,18.0,18.0
2025-08-12 15:01:11,1872.989090909091,938.3563636363637,1349.8181818181818,37.65462340894737,74.91207610239344,958.7825842522625,10.0,8.666891098022461,,,,,15.0,18.0,18.0
2025-08-12 15:01:14,1872.989090909091,934.6327272727274,1347.956363636364,37.762774781906046,74.88990086733452,958.7780153922162,10.0,8.6766996383667,,,,,16.0,19.0,20.0
2025-08-12 15:01:17,1871.1272727272728,934.6327272727274,1349.8181818181818,37.86577620881144,74.46459697471735,958.8216323661301,10.0,8.674240112304688,,,,,16.0,20.0,22.0
2025-08-12 15:01:20,1869.2654545454548,932.7709090909091,1346.0945454545456,37.87092628321261,74.44125198746764,958.7733980872092,10.0,8.665528297424316,,,,,15.0,19.0,22.0
2025-08-12 15:01:23,1869.2654545454548,932.7709090909091,1349.8181818181818,37.99967823782936,73.97591735846144,958.85588061824,10.0,8.674360275268555,,,,,15.0,18.0,21.0
2025-08-12 15:01:26,1871.1272727272728,932.7709090909091,1349.8181818181818,38.143880642950535,73.49347138349277,958.7935518296501,10.0,8.694757461547852,,,,,15.0,17.0,20.0
2025-08-12 15:01:29,1871.1272727272728,932.7709090909091,1347.956363636364,37.91727696591988,73.12308218016636,958.787410100285,10.0,8.672408103942871,,,,,15.0,16.0,19.0
2025-08-12 15:01:32,1871.1272727272728,932.7709090909091,1349.8181818181818,38.13873055312433,72.93581003896175,958.7577533275971,10.0,8.691701889038086,,,,,15.0,17.0,19.0
2025-08-12 15:01:35,1871.1272727272728,929.0472727272728,1346.0945454545456,38.21083183717565,72.49562865854246,958.7825902602381,10.0,8.695975303649902,,,,,15.0,18.0,20.0
2025-08-12 15:01:38,1869.2654545454548,932.7709090909091,1349.8181818181818,38.149030733067775,72.52137295733559,958.8013308704598,10.0,8.680893898010254,,,,,14.0,17.0,19.0
2025-08-12 15:01:41,1869.2654545454548,929.0472727272728,1347.956363636364,38.17993127988302,72.48181347121343,958.7919629248827,10.0,8.68365478515625,,,,,13.0,16.0,16.0
2025-08-12 15:01:44,1869.2654545454548,932.7709090909091,1351.68,38.25718269275967,72.20788855624991,958.7965469927076,10.0,8.689149856567383,,,,,14.0,17.0,17.0
2025-08-12 15:01:47,1869.2654545454548,929.0472727272728,1349.8181818181818,38.3550345764088,71.79270116743449,958.8041892276192,10.0,8.695975303649902,,,,,14.0,17.0,17.0
2025-08-12 15:01:50,1865.5418181818181,927.1854545454546,1347.956363636364,38.39623540095636,71.52816237519463,958.8103467819649,10.0,8.67960262298584,,,,,15.0,18.0,18.0
2025-08-12 15:01:53,1867.4036363636365,927.1854545454546,1347.956363636364,38.514687875285745,71.11978682090206,958.821007195432,10.0,8.697603225708008,,,,,15.0,19.0,19.0
2025-08-12 15:01:56,1867.4036363636365,927.1854545454546,1347.956363636364,38.37563498635427,71.08768432429936,958.8352984574683,10.0,8.684778213500977,,,,,15.0,19.0,19.0
2025-08-12 15:01:59,1869.2654545454548,925.3236363636365,1347.956363636364,38.57648922735825,70.93346763487129,958.8302054909877,10.0,8.711669921875,,,,,14.0,18.0,18.0
2025-08-12 15:02:02,1869.2654545454548,925.3236363636365,1349.8181818181818,38.70524217878119,70.44806263701365,958.828292019262,10.0,8.720897674560547,,,,,15.0,18.0,18.0
2025-08-12 15:02:05,1867.4036363636365,927.1854545454546,1347.956363636364,38.71554242275306,70.40707610394273,958.8718851884537,10.0,8.711915969848633,,,,,15.0,18.0,18.0
2025-08-12 15:02:08,1865.5418181818181,925.3236363636365,1347.956363636364,38.51983798635774,70.95977708767208,958.8568191268103,10.0,8.687723159790039,,,,,15.0,18.0,18.0
2025-08-12 15:02:11,1863.68,925.3236363636365,1342.370909090909,38.45288656512275,70.70047428890697,958.8398283292644,10.0,8.67105770111084,,,,,15.0,19.0,19.0
2025-08-12 15:02:14,1865.5418181818181,925.3236363636365,1347.956363636364,38.607389919110574,70.32947173819205,958.8207797070155,10.0,8.692692756652832,,,,,15.0,19.0,19.0
2025-08-12 15:04:26,1871.1272727272728,927.1854545454546,1344.2327272727273,38.67949157394469,69.31165931102008,958.817462996718,10.0,8.722268104553223,,,,,14.0,18.0,19.0
2025-08-12 15:04:32,1871.1272727272728,929.0472727272728,1346.0945454545456,38.741293037775904,69.0417065416734,958.7985769473012,10.0,8.72656536102295,,,,,14.0,18.0,18.0
2025-08-12 15:04:35,1872.989090909091,934.6327272727274,1349.8181818181818,38.83399531210307,68.81497317130624,958.7702124037,10.0,8.7432279586792,,,,,14.0,19.0,19.0
2025-08-12 15:04:38,1872.989090909091,932.7709090909091,1347.956363636364,38.85974596059532,68.6082692569771,958.7810261261923,10.0,8.74450397491455,,,,,14.0,19.0,19.0
2025-08-12 15:04:41,1871.1272727272728,932.7709090909091,1347.956363636364,38.89064674839028,68.41964894512809,958.7715587562061,10.0,8.737010955810547,,,,,15.0,19.0,19.0
2025-08-12 15:04:44,1871.1272727272728,934.6327272727274,1344.2327272727273,38.710392300621606,68.24343501901187,958.7799782653105,10.0,8.719712257385254,,,,,15.0,19.0,19.0
2025-08-12 15:04:47,1872.989090909091,936.4945454545455,1346.0945454545456,38.61769015202299,68.50591498012334,958.7522098772662,10.0,8.722146987915039,,,,,15.0,19.0,20.0
2025-08-12 15:04:50,1872.989090909091,936.4945454545455,1346.0945454545456,38.48378721496556,68.90264354799565,958.7743514554916,10.0,8.711878776550293,,,,,14.0,19.0,21.0
2025-08-12 15:04:53,1874.8509090909092,936.4945454545455,1346.0945454545456,38.57133911308483,69.03226961352028,958.7663537708955,10.0,8.729904174804688,,,,,14.0,19.0,22.0
2025-08-12 15:04:56,1874.8509090909092,938.3563636363637,1347.956363636364,38.55073865890154,69.14401540286839,958.8193652132645,10.0,8.728232383728027,,,,,14.0,18.0,21.0
2025-08-12 15:04:59,1871.1272727272728,938.3563636363637,1347.956363636364,38.308683671057224,69.36208364552431,958.8182748716185,10.0,8.688628196716309,,,,,14.0,18.0,20.0
2025-08-12 15:05:02,1872.989090909091,938.3563636363637,1344.2327272727273,37.984227993671084,69.80063454119284,958.7765125925777,10.0,8.671096801757812,,,,,14.0,18.0,20.0
2025-08-12 15:05:05,1876.7127272727273,942.08,1349.8181818181818,37.984227993671084,70.39981727037653,958.7204869501556,10.0,8.693120956420898,,,,,13.0,17.0,20.0
2025-08-12 15:05:08,1876.7127272727273,943.9418181818181,1346.0945454545456,37.76792485048645,70.96216869968575,958.757794093406,10.0,8.676094055175781,,,,,14.0,19.0,22.0
2025-08-12 15:05:11,1874.8509090909092,942.08,1349.8181818181818,37.819425552297616,71.86040219370595,958.7235921919622,10.0,8.676124572753906,,,,,14.0,19.0,21.0
2025-08-12 15:05:14,1876.7127272727273,940.2181818181818,1349.8181818181818,37.87607635790482,71.90541279191109,958.7811793472898,10.0,8.690585136413574,,,,,15.0,20.0,21.0
2025-08-12 15:05:17,1872.989090909091,938.3563636363637,1347.956363636364,37.98937807476614,71.91837827659549,958.7842928895178,10.0,8.682156562805176,,,,,15.0,20.0,20.0
2025-08-12 15:05:23,1874.8509090909092,934.6327272727274,1346.0945454545456,38.24688250059262,71.4359743108957,958.7529667716553,10.0,8.712732315063477,,,,,15.0,21.0,21.0
2025-08-12 15:05:26,1874.8509090909092,934.6327272727274,1349.8181818181818,38.17478118801955,71.45531170966245,958.7281421934921,10.0,8.706439971923828,,,,,16.0,21.0,21.0
2025-08-12 15:05:29,1871.1272727272728,929.0472727272728,1346.0945454545456,38.26233278927975,71.16395295117198,958.8043250674494,10.0,8.693828582763672,,,,,16.0,22.0,22.0
2025-08-12 15:05:32,1874.8509090909092,930.909090909091,1353.5418181818184,38.200531650247285,71.17209125788227,958.795055722465,10.0,8.707060813903809,,,,,17.0,22.0,22.0
2025-08-12 15:05:38,1872.989090909091,927.1854545454546,1347.956363636364,38.37563498635427,70.94522201234429,958.7512094215577,10.0,8.712752342224121,,,,,17.0,22.0,22.0
2025-08-12 15:05:44,1872.989090909091,929.0472727272728,1347.956363636364,38.43228613771498,70.3073747567505,958.7806895424169,10.0,8.714438438415527,,,,,17.0,21.0,21.0
2025-08-12 15:05:47,1871.1272727272728,929.0472727272728,1344.2327272727273,38.28293317827047,70.49453317212206,958.7793861392096,10.0,8.692471504211426,,,,,17.0,21.0,21.0
2025-08-12 15:05:50,1871.1272727272728,932.7709090909091,1349.8181818181818,38.154180823476054,70.80737214919291,958.7530696294953,10.0,8.682435035705566,,,,,16.0,21.0,21.0
2025-08-12 15:05:53,1871.1272727272728,936.4945454545455,1347.956363636364,37.86577620881144,71.35937244365864,958.7936245959817,10.0,8.658750534057617,,,,,16.0,21.0,21.0
2025-08-12 15:05:56,1874.8509090909092,940.2181818181818,1347.956363636364,37.65462340894737,71.9153456644578,958.7825842522625,10.0,8.661186218261719,,,,,16.0,21.0,21.0
2025-08-12 15:05:59,1874.8509090909092,940.2181818181818,1344.2327272727273,37.48982156362035,72.63352081988475,958.7574628395324,10.0,8.650016784667969,,,,,15.0,20.0,20.0
2025-08-12 15:06:02,1876.7127272727273,942.08,1349.8181818181818,37.32502001631656,73.49896178961403,958.7322452823713,10.0,8.648929595947266,,,,,15.0,18.0,18.0
2025-08-12 15:06:05,1874.8509090909092,936.4945454545455,1346.0945454545456,37.4383210480737,73.70175705819415,958.791576731708,10.0,8.65062427520752,,,,,15.0,18.0,18.0
2025-08-12 15:06:08,1876.7127272727273,938.3563636363637,1347.956363636364,37.64947334676981,73.88746140457154,958.7748010513412,10.0,8.6801176071167,,,,,14.0,18.0,18.0
2025-08-12 15:06:11,1871.1272727272728,934.6327272727274,1349.8181818181818,37.92242704323144,73.45527510838576,958.7391707147073,10.0,8.674777030944824,,,,,15.0,19.0,19.0
2025-08-12 15:06:14,1874.8509090909092,930.909090909091,1347.956363636364,37.92242704323144,73.01673938442957,958.6831504374185,10.0,8.69179630279541,,,,,14.0,19.0,19.0
2025-08-12 15:06:20,1872.989090909091,934.6327272727274,1351.68,38.035728817718336,72.53198451247876,958.7422560950192,10.0,8.689781188964844,,,,,15.0,22.0,23.0
2025-08-12 15:06:23,1871.1272727272728,929.0472727272728,1346.0945454545456,38.25718269275967,72.2494143509215,958.7965469927076,10.0,8.698853492736816,,,,,13.0,22.0,23.0
2025-08-12 15:06:26,1872.989090909091,934.6327272727274,1351.68,38.36018467845861,71.72773998122203,958.8119665082867,10.0,8.714709281921387,,,,,14.0,23.0,23.0
2025-08-12 15:06:29,1871.1272727272728,929.0472727272728,1346.0945454545456,38.38593519307324,71.59281981675122,958.7387326894769,10.0,8.70755672454834,,,,,14.0,23.0,23.0
2025-08-12 15:06:32,1872.989090909091,932.7709090909091,1349.8181818181818,38.370484883431345,71.46130545461408,958.8275211232135,10.0,8.714262962341309,,,,,14.0,22.0,22.0
2025-08-12 15:06:35,1871.1272727272728,934.6327272727274,1347.956363636364,38.44258635083679,71.31729223853915,958.7682098397294,10.0,8.710966110229492,,,,,14.0,22.0,22.0
2025-08-12 15:06:38,1867.4036363636365,930.909090909091,1344.2327272727273,38.57133911308483,70.93316040408472,958.8224299569201,10.0,8.701689720153809,,,,,15.0,22.0,22.0
2025-08-12 15:06:44,1871.1272727272728,934.6327272727274,1349.8181818181818,38.669191334047355,70.26178438944896,958.8019139584494,10.0,8.72598934173584,,,,,15.0,20.0,20.0
2025-08-12 15:06:47,1872.989090909091,932.7709090909091,1347.956363636364,38.75159328582231,69.93380089636258,958.8141246666196,10.0,8.741175651550293,,,,,15.0,19.0,19.0
2025-08-12 15:06:50,1872.989090909091,936.4945454545455,1347.956363636364,38.77219378540758,69.69725664460948,958.7610801143627,10.0,8.742055892944336,,,,,14.0,18.0,18.0
2025-08-12 15:06:53,1872.989090909091,938.3563636363637,1349.8181818181818,38.75674341028207,69.44081106409448,958.8218985527956,10.0,8.738971710205078,,,,,15.0,17.0,17.0
2025-08-12 15:06:56,1872.989090909091,936.4945454545455,1347.956363636364,38.80824467088678,69.3426577660071,958.8154934202483,10.0,8.743224143981934,,,,,15.0,18.0,20.0
2025-08-12 15:06:59,1874.8509090909092,936.4945454545455,1349.8181818181818,38.700092057231814,69.31281503668052,958.9046486565734,10.0,8.742162704467773,,,,,15.0,19.0,20.0
2025-08-12 15:07:02,1872.989090909091,934.6327272727274,1346.0945454545456,38.76189353503287,69.35194453109679,958.801626156486,10.0,8.739211082458496,,,,,15.0,19.0,21.0
2025-08-12 15:07:05,1872.989090909091,936.4945454545455,1347.956363636364,38.844295570626855,69.17821783027223,958.7857580369537,10.0,8.745838165283203,,,,,15.0,19.0,21.0
2025-08-12 15:07:08,1871.1272727272728,936.4945454545455,1346.0945454545456,38.80824467088678,69.04542091899701,958.7593968734748,10.0,8.732666015625,,,,,15.0,20.0,21.0
2025-08-12 15:07:11,1874.8509090909092,940.2181818181818,1349.8181818181818,38.79794441643753,68.824882263707,958.7999466731374,10.0,8.749080657958984,,,,,15.0,19.0,22.0
2025-08-12 15:07:14,1872.989090909091,938.3563636363637,1349.8181818181818,38.828845183277735,68.90387407374425,958.8185379358933,10.0,8.742819786071777,,,,,15.0,19.0,22.0
2025-08-12 15:07:17,1874.8509090909092,938.3563636363637,1347.956363636364,38.586789456778206,69.12820127971369,958.7896790655587,10.0,8.731593132019043,,,,,15.0,20.0,23.0
2025-08-12 15:07:20,1872.989090909091,938.3563636363637,1346.0945454545456,38.56103888541111,69.43571773686203,958.8068789420789,10.0,8.721312522888184,,,,,14.0,20.0,24.0
2025-08-12 15:07:23,1874.8509090909092,938.3563636363637,1346.0945454545456,38.65374097638414,69.46471683656154,958.8346738221948,10.0,8.73908519744873,,,,,14.0,19.0,22.0
2025-08-12 15:07:26,1874.8509090909092,934.6327272727274,1344.2327272727273,38.81854492650018,69.29567846068133,958.7749427839407,10.0,8.753608703613281,,,,,14.0,17.0,20.0
2025-08-12 15:07:29,1872.989090909091,940.2181818181818,1347.956363636364,38.777343911031494,68.97237080476097,958.9090882937505,10.0,8.73791790008545,,,,,14.0,17.0,20.0
2025-08-12 15:07:32,1874.8509090909092,940.2181818181818,1349.8181818181818,38.50438765401486,69.38499645422763,958.8054552109298,10.0,8.7252779006958,,,,,14.0,17.0,20.0
2025-08-12 15:07:35,1874.8509090909092,936.4945454545455,1346.0945454545456,38.49923754381598,69.72329263085796,958.8257142506061,10.0,8.72650146484375,,,,,14.0,17.0,20.0
2025-08-12 15:07:38,1872.989090909091,934.6327272727274,1346.0945454545456,38.49923754381598,69.97275550510957,958.8257142506061,10.0,8.718406677246094,,,,,14.0,17.0,20.0
2025-08-12 15:07:41,1874.8509090909092,936.4945454545455,1346.0945454545456,38.530138209374854,70.08738964867541,958.7602263240739,10.0,8.731504440307617,,,,,15.0,18.0,21.0
2025-08-12 15:10:02,1858.0945454545456,919.7381818181818,1346.0945454545456,38.92154754666262,67.89194445743114,958.8462461233281,10.0,8.671316146850586,,,,,15.0,18.0,18.0
2025-08-12 15:10:08,1861.818181818182,917.8763636363637,1342.370909090909,38.895796880708076,68.85404771498655,958.8354351802134,10.0,8.69272518157959,,,,,15.0,18.0,18.0
2025-08-12 15:10:11,1858.0945454545456,916.0145454545454,1340.5090909090911,39.00394972661161,68.63396845536818,958.746156797894,10.0,8.68319034576416,,,,,15.0,18.0,18.0
2025-08-12 15:10:14,1861.818181818182,921.6000000000001,1342.370909090909,38.80824467088678,68.40329950755851,958.7874451371368,10.0,8.682709693908691,,,,,15.0,18.0,18.0
2025-08-12 15:10:17,1858.0945454545456,925.3236363636365,1340.5090909090911,38.59193957192474,68.63526107301745,958.8815712291292,10.0,8.644838333129883,,,,,14.0,17.0,17.0
2025-08-12 15:10:20,1863.68,929.0472727272728,1344.2327272727273,38.39623540095636,69.12944785781886,958.8383773677884,10.0,8.65794563293457,,,,,14.0,17.0,17.0
2025-08-12 15:10:23,1865.5418181818181,932.7709090909091,1344.2327272727273,38.26233278927975,69.62070402475504,958.8043250674494,10.0,8.657774925231934,,,,,14.0,16.0,16.0
2025-08-12 15:10:26,1863.68,932.7709090909091,1344.2327272727273,38.200531650247285,70.08016863889026,958.8791222662668,10.0,8.644660949707031,,,,,14.0,17.0,17.0
2025-08-12 15:10:29,1863.68,930.909090909091,1340.5090909090911,38.19538155721966,70.90476985757176,958.7872771824782,10.0,8.648913383483887,,,,,14.0,16.0,16.0
2025-08-12 15:10:32,1865.5418181818181,929.0472727272728,1342.370909090909,38.31383377048769,71.00681364946809,958.769998621634,10.0,8.669708251953125,,,,,13.0,17.0,17.0
2025-08-12 15:10:35,1867.4036363636365,927.1854545454546,1344.2327272727273,38.26233278927975,71.04526670180815,958.7763002617621,10.0,8.674650192260742,,,,,13.0,17.0,17.0
2025-08-12 15:10:38,1865.5418181818181,923.4618181818182,1344.2327272727273,38.57133911308483,70.73124189038722,958.7943918541902,10.0,8.691650390625,,,,,14.0,17.0,17.0
2025-08-12 15:10:41,1865.5418181818181,927.1854545454546,1347.956363636364,38.73099279089365,70.29508696043132,958.8391192356585,10.0,8.703554153442383,,,,,14.0,17.0,17.0
2025-08-12 15:10:44,1863.68,923.4618181818182,1342.370909090909,38.88034648462781,69.78663253954717,958.7279628248292,10.0,8.705876350402832,,,,,14.0,17.0,17.0
2025-08-12 15:10:50,1861.818181818182,919.7381818181818,1342.370909090909,39.168754310027,68.66674233223154,958.7703306281275,10.0,8.716827392578125,,,,,14.0,17.0,17.0
2025-08-12 15:10:56,1863.68,923.4618181818182,1342.370909090909,39.20480535237584,67.84739671466016,958.7685893992385,10.0,8.725276947021484,,,,,15.0,17.0,18.0
2025-08-12 15:10:59,1863.68,927.1854545454546,1347.956363636364,39.15330386767164,67.9041984292008,958.8592736137217,10.0,8.720270156860352,,,,,14.0,17.0,17.0
2025-08-12 15:11:02,1865.5418181818181,932.7709090909091,1346.0945454545456,38.92154754666262,67.98711918843402,958.7340335371023,10.0,8.709678649902344,,,,,15.0,17.0,18.0
2025-08-12 15:11:05,1865.5418181818181,936.4945454545455,1344.2327272727273,38.68464169432991,68.11720611421747,958.8252375424211,10.0,8.688240051269531,,,,,15.0,17.0,18.0
2025-08-12 15:11:08,1867.4036363636365,938.3563636363637,1340.5090909090911,38.20568174356595,68.70911126268199,958.7187672309407,10.0,8.657809257507324,,,,,15.0,17.0,18.0
2025-08-12 15:11:11,1869.2654545454548,938.3563636363637,1342.370909090909,37.97392783235409,69.79410908370335,958.732939675484,10.0,8.651589393615723,,,,,14.0,18.0,18.0
2025-08-12 15:11:14,1871.1272727272728,938.3563636363637,1344.2327272727273,37.71642417777912,70.73381685253543,958.7079760478404,10.0,8.642542839050293,,,,,15.0,19.0,19.0
2025-08-12 15:11:17,1871.1272727272728,936.4945454545455,1346.0945454545456,37.83487576851621,71.49383816175144,958.7749425731058,10.0,8.656737327575684,,,,,15.0,19.0,19.0
2025-08-12 15:11:20,1869.2654545454548,936.4945454545455,1346.0945454545456,38.05117907060776,71.81547049899201,958.7655948594067,10.0,8.66860580444336,,,,,15.0,18.0,18.0
2025-08-12 15:11:23,1871.1272727272728,932.7709090909091,1344.2327272727273,38.15933091417537,71.63826758167083,958.7888686196097,10.0,8.686871528625488,,,,,15.0,18.0,18.0
2025-08-12 15:11:26,1867.4036363636365,927.1854545454546,1344.2327272727273,38.37563498635427,71.61592922555681,958.723179781768,10.0,8.688085556030273,,,,,15.0,20.0,20.0
2025-08-12 15:11:29,1869.2654545454548,927.1854545454546,1346.0945454545456,38.49923754381598,71.3207219506406,958.7696442595662,10.0,8.706915855407715,,,,,15.0,19.0,19.0
2025-08-12 15:11:32,1867.4036363636365,921.6000000000001,1344.2327272727273,38.741293037775904,70.77694754729282,958.7985769473012,10.0,8.716692924499512,,,,,15.0,19.0,19.0
2025-08-12 15:11:35,1865.5418181818181,921.6000000000001,1346.0945454545456,38.93699794972781,70.08711632030729,958.7854026268491,10.0,8.721630096435547,,,,,15.0,19.0,19.0
2025-08-12 15:11:38,1863.68,921.6000000000001,1344.2327272727273,38.80824467088678,69.45560086699736,958.7313486292619,10.0,8.697717666625977,,,,,15.0,19.0,19.0
2025-08-12 15:11:41,1863.68,916.0145454545454,1344.2327272727273,38.88034648462781,69.477498186255,958.8121169085065,10.0,8.7040433883667,,,,,15.0,19.0,19.0
2025-08-12 15:11:47,1858.0945454545456,917.8763636363637,1340.5090909090911,38.80824467088678,68.98002528062874,958.7593968734748,10.0,8.66707992553711,,,,,15.0,19.0,19.0
2025-08-12 15:11:53,1859.9563636363637,914.1527272727274,1340.5090909090911,38.81339479854796,69.26566680410413,958.7391213488606,10.0,8.678600311279297,,,,,15.0,17.0,19.0
2025-08-12 15:11:59,1856.2327272727275,910.429090909091,1344.2327272727273,39.0863519810664,68.59681064828835,958.786316051536,10.0,8.680994987487793,,,,,14.0,17.0,19.0
2025-08-12 15:12:02,1856.2327272727275,912.2909090909092,1342.370909090909,38.98849931219593,68.47252535676635,958.77895553806,10.0,8.671503067016602,,,,,15.0,17.0,19.0
2025-08-12 15:12:05,1856.2327272727275,908.5672727272728,1338.6472727272728,39.194505053106695,68.20991307198125,958.7530503819266,10.0,8.689091682434082,,,,,14.0,17.0,18.0
2025-08-12 15:12:08,1852.509090909091,906.7054545454546,1342.370909090909,39.33355919146561,67.77677446792767,958.738265778318,10.0,8.68084716796875,,,,,14.0,16.0,18.0
2025-08-12 15:12:11,1852.509090909091,906.7054545454546,1338.6472727272728,39.37991061806679,67.58865233620351,958.752034113558,10.0,8.68402099609375,,,,,13.0,16.0,18.0
2025-08-12 15:12:14,1854.3709090909092,910.429090909091,1340.5090909090911,39.482913872692734,67.045987173002,958.767008008899,10.0,8.699825286865234,,,,,13.0,16.0,18.0
2025-08-12 15:12:17,1852.509090909091,912.2909090909092,1342.370909090909,39.40566142080934,66.92293344950018,958.7908735808865,10.0,8.682619094848633,,,,,14.0,16.0,17.0
2025-08-12 15:12:20,1852.509090909091,912.2909090909092,1340.5090909090911,39.354159822600195,66.70591167893942,958.8254820100087,10.0,8.67667293548584,,,,,14.0,16.0,18.0
2025-08-12 15:12:23,1850.647272727273,910.429090909091,1338.6472727272728,39.50351453758776,66.546565301992,958.7980763990471,10.0,8.680207252502441,,,,,13.0,15.0,17.0
2025-08-12 15:12:26,1852.509090909091,914.1527272727274,1342.370909090909,39.44686272033141,66.13860133776052,958.8249418647792,10.0,8.68216323852539,,,,,13.0,15.0,17.0
2025-08-12 15:12:29,1854.3709090909092,912.2909090909092,1336.7854545454545,39.38506077803322,66.45727501384758,958.7598019722832,10.0,8.687996864318848,,,,,13.0,15.0,17.0
2025-08-12 15:12:32,1854.3709090909092,912.2909090909092,1340.5090909090911,39.49836437092745,66.22454367578649,958.8183872325015,10.0,8.69674301147461,,,,,14.0,16.0,18.0
2025-08-12 15:12:35,1854.3709090909092,916.0145454545454,1342.370909090909,39.508664704539115,65.9926382013532,958.7777651487314,10.0,8.696647644042969,,,,,14.0,16.0,17.0
2025-08-12 15:12:38,1852.509090909091,912.2909090909092,1336.7854545454545,39.42111190594733,65.934762388906,958.7018790568437,10.0,8.679586410522461,,,,,14.0,16.0,17.0
2025-08-12 15:12:44,1852.509090909091,916.0145454545454,1338.6472727272728,39.508664704539115,65.9032452633311,958.7777651487314,10.0,8.686796188354492,,,,,14.0,16.0,21.0
2025-08-12 15:12:50,1854.3709090909092,914.1527272727274,1336.7854545454545,39.580767072417075,65.58484521962235,958.7180147698454,10.0,8.701530456542969,,,,,15.0,17.0,21.0
2025-08-12 15:12:56,1854.3709090909092,919.7381818181818,1340.5090909090911,39.658019672730006,65.43350434801069,958.7502493288489,10.0,8.707415580749512,,,,,14.0,17.0,22.0
2025-08-12 15:12:59,1854.3709090909092,919.7381818181818,1338.6472727272728,39.74557269891375,65.28854904335991,958.7979974816607,10.0,8.714339256286621,,,,,14.0,17.0,23.0
2025-08-12 15:13:05,1858.0945454545456,921.6000000000001,1338.6472727272728,39.76102324167732,64.93141712882489,958.8212925422858,10.0,8.732550621032715,,,,,14.0,18.0,24.0
2025-08-12 15:13:08,1854.3709090909092,921.6000000000001,1336.7854545454545,39.82797562392079,64.79729574458322,958.8379630455797,10.0,8.719043731689453,,,,,13.0,18.0,19.0
2025-08-12 15:13:11,1859.9563636363637,923.4618181818182,1338.6472727272728,39.848576366814086,64.60732300875404,958.784742444741,10.0,8.74841022491455,,,,,13.0,17.0,19.0
2025-08-12 15:13:14,1858.0945454545456,929.0472727272728,1342.370909090909,39.86402692703996,64.48272532546983,958.8080344524665,10.0,8.739493370056152,,,,,13.0,17.0,19.0
2025-08-12 15:13:17,1859.9563636363637,923.4618181818182,1338.6472727272728,39.76102324167732,64.53176583847447,958.7089356483467,10.0,8.740540504455566,,,,,13.0,17.0,19.0
2025-08-12 15:13:20,1861.818181818182,921.6000000000001,1336.7854545454545,39.75587306046509,64.57328912002804,958.7573494725835,10.0,8.749448776245117,,,,,14.0,18.0,18.0
2025-08-12 15:13:23,1861.818181818182,927.1854545454546,1338.6472727272728,39.53441554366145,64.67651837817799,958.7604409862159,10.0,8.729742050170898,,,,,14.0,18.0,18.0
2025-08-12 15:13:26,1861.818181818182,923.4618181818182,1334.9236363636362,39.544715881347656,64.82007977962752,958.7759741318644,10.0,8.731409072875977,,,,,14.0,18.0,18.0
2025-08-12 15:13:29,1865.5418181818181,929.0472727272728,1338.6472727272728,39.21510565280914,65.30531490325124,958.7560627322773,10.0,8.722750663757324,,,,,14.0,18.0,18.0
2025-08-12 15:13:35,1865.5418181818181,930.909090909091,1338.6472727272728,38.97304890039959,66.82364908041951,958.7556410796487,10.0,8.708416938781738,,,,,15.0,19.0,19.0
2025-08-12 15:13:41,1865.5418181818181,929.0472727272728,1336.7854545454545,39.246006561093964,66.80767083745137,958.7465448799117,10.0,8.733158111572266,,,,,17.0,22.0,22.0
2025-08-12 15:13:47,1865.5418181818181,927.1854545454546,1336.7854545454545,39.37476045839139,66.42102258989269,958.8004115125774,10.0,8.742610931396484,,,,,17.0,22.0,22.0
2025-08-12 15:13:53,1867.4036363636365,930.909090909091,1340.5090909090911,39.49836437092745,66.11132255498443,958.7622313380482,10.0,8.761760711669922,,,,,16.0,21.0,21.0
2025-08-12 15:13:59,1867.4036363636365,929.0472727272728,1338.6472727272728,39.570466730656335,65.90623181966949,958.8148072986277,10.0,8.767001152038574,,,,,17.0,21.0,21.0
2025-08-12 15:14:05,1869.2654545454548,929.0472727272728,1338.6472727272728,39.601367759431014,65.63947792219932,958.7771604804393,10.0,8.778078079223633,,,,,15.0,20.0,20.0
2025-08-12 15:14:08,1867.4036363636365,932.7709090909091,1340.5090909090911,39.518965039314935,65.7368662546925,958.8213778734873,10.0,8.761345863342285,,,,,15.0,19.0,19.0
2025-08-12 15:14:11,1869.2654545454548,932.7709090909091,1338.6472727272728,39.47776370719657,66.0030564839667,958.8434721620516,10.0,8.768218994140625,,,,,15.0,19.0,20.0
2025-08-12 15:14:14,1865.5418181818181,929.0472727272728,1336.7854545454545,39.539565712359035,65.89877872413423,958.7682075503911,10.0,8.755047798156738,,,,,15.0,19.0,20.0
2025-08-12 15:14:20,1871.1272727272728,925.3236363636365,1338.6472727272728,39.63226879868307,65.56941159654741,958.7675899725281,10.0,8.790083885192871,,,,,14.0,18.0,20.0
2025-08-12 15:14:26,1869.2654545454548,917.8763636363637,1338.6472727272728,39.40566142080934,65.6956763888704,958.7627996289467,10.0,8.761038780212402,,,,,14.0,18.0,19.0
2025-08-12 15:14:29,1869.2654545454548,919.7381818181818,1340.5090909090911,39.44686272033141,66.01943136261751,958.796866117673,10.0,8.766144752502441,,,,,15.0,18.0,20.0
2025-08-12 15:14:32,1869.2654545454548,921.6000000000001,1340.5090909090911,39.076051695185015,66.44788412332356,958.7427148970726,10.0,8.734979629516602,,,,,15.0,18.0,19.0
2025-08-12 15:14:38,1869.2654545454548,916.0145454545454,1338.6472727272728,39.45716304812231,66.48468145862194,958.7843252151673,10.0,8.769594192504883,,,,,15.0,19.0,19.0
2025-08-12 15:14:44,1867.4036363636365,916.0145454545454,1338.6472727272728,39.43656239370466,66.19172180745846,958.8094062017107,10.0,8.756710052490234,,,,,16.0,20.0,20.0
2025-08-12 15:14:50,1865.5418181818181,919.7381818181818,1340.5090909090911,39.42111190594733,66.12542648005248,958.8141774696611,10.0,8.745445251464844,,,,,14.0,19.0,19.0
2025-08-12 15:14:53,1865.5418181818181,923.4618181818182,1340.5090909090911,39.00394972661161,66.45620163833387,958.746156797894,10.0,8.709634780883789,,,,,14.0,20.0,20.0
2025-08-12 15:14:56,1865.5418181818181,919.7381818181818,1338.6472727272728,39.209955502446974,66.86539392269472,958.7482934067984,10.0,8.730433464050293,,,,,14.0,19.0,19.0
2025-08-12 15:15:02,1869.2654545454548,921.6000000000001,1338.6472727272728,39.23055610564188,66.94979474507105,958.7513043983205,10.0,8.751442909240723,,,,,14.0,21.0,21.0
2025-08-12 15:15:05,1863.68,921.6000000000001,1338.6472727272728,39.055451126914704,66.8635292040589,958.7958098732574,10.0,8.706707954406738,,,,,14.0,24.0,25.0
2025-08-12 15:15:11,1867.4036363636365,929.0472727272728,1338.6472727272728,38.79794441643753,67.74267100469844,958.7718988436479,10.0,8.706530570983887,,,,,14.0,23.0,24.0
2025-08-12 15:15:14,1867.4036363636365,925.3236363636365,1338.6472727272728,38.98334917463944,67.90116359467096,958.7711840343562,10.0,8.724223136901855,,,,,14.0,23.0,24.0
2025-08-12 15:15:20,1863.68,925.3236363636365,1338.6472727272728,39.1842047550017,67.41178905564377,958.793640279224,10.0,8.721027374267578,,,,,14.0,22.0,22.0
2025-08-12 15:15:26,1865.5418181818181,925.3236363636365,1336.7854545454545,39.2254059544066,67.03884372495521,958.7996676433563,10.0,8.732246398925781,,,,,14.0,21.0,21.0
2025-08-12 15:15:32,1863.68,932.7709090909091,1338.6472727272728,38.61769015202299,68.38704295333403,958.8363301342313,10.0,8.67417049407959,,,,,14.0,20.0,20.0
2025-08-12 15:15:38,1869.2654545454548,930.909090909091,1338.6472727272728,38.468336888734484,69.40672449562675,958.7510238258582,10.0,8.694506645202637,,,,,15.0,20.0,20.0
2025-08-12 15:15:41,1869.2654545454548,927.1854545454546,1338.6472727272728,38.71554242275306,69.57517800542115,958.7877522368096,10.0,8.717635154724121,,,,,14.0,18.0,18.0
2025-08-12 15:15:44,1865.5418181818181,923.4618181818182,1336.7854545454545,38.849445700325305,69.43414284982136,958.8215809387361,10.0,8.710160255432129,,,,,14.0,18.0,18.0
2025-08-12 15:15:47,1867.4036363636365,927.1854545454546,1340.5090909090911,38.81854492650018,68.94492343523497,958.7749427839407,10.0,8.714465141296387,,,,,14.0,18.0,18.0
2025-08-12 15:15:50,1867.4036363636365,934.6327272727274,1342.370909090909,38.48893732429133,69.33066273685691,958.8101619192837,10.0,8.686148643493652,,,,,14.0,18.0,18.0
2025-08-12 15:15:53,1867.4036363636365,930.909090909091,1340.5090909090911,38.23658230958972,69.91605363008622,958.7654348729016,10.0,8.666607856750488,,,,,14.0,20.0,20.0
2025-08-12 15:15:59,1869.2654545454548,930.909090909091,1340.5090909090911,38.24173240494565,71.00248997144024,958.7451889774533,10.0,8.682047843933105,,,,,14.0,23.0,24.0
2025-08-12 15:16:02,1865.5418181818181,923.4618181818182,1340.5090909090911,38.44773645783425,70.93765767415374,958.8600844495512,10.0,8.681117057800293,,,,,14.0,23.0,24.0
2025-08-12 15:16:08,1863.68,921.6000000000001,1342.370909090909,38.85974596059532,70.10643750078536,958.7529756527655,10.0,8.705526351928711,,,,,14.0,23.0,23.0
2025-08-12 15:16:11,1861.818181818182,919.7381818181818,1340.5090909090911,38.93184781508171,69.63498802679264,958.8056842089251,10.0,8.700028419494629,,,,,13.0,21.0,21.0
2025-08-12 15:16:17,1865.5418181818181,927.1854545454546,1342.370909090909,39.04000070376787,69.01662837690183,958.7724967717203,10.0,8.72550106048584,,,,,12.0,21.0,21.0
2025-08-12 15:16:20,1865.5418181818181,923.4618181818182,1342.370909090909,39.13270328193903,68.67072854356111,958.7720664402186,10.0,8.732260704040527,,,,,11.0,21.0,21.0
2025-08-12 15:16:26,1865.5418181818181,925.3236363636365,1340.5090909090911,39.06575141046778,68.13162744556047,958.8394113995648,10.0,8.723047256469727,,,,,14.0,22.0,22.0
2025-08-12 15:16:32,1863.68,927.1854545454546,1340.5090909090911,39.27690747985616,67.96430211785318,958.7931591051673,10.0,8.732145309448242,,,,,14.0,22.0,22.0
2025-08-12 15:16:38,1863.68,927.1854545454546,1340.5090909090911,39.240856408985564,67.81953192712913,958.7107090735823,10.0,8.728643417358398,,,,,15.0,22.0,23.0
2025-08-12 15:16:44,1865.5418181818181,927.1854545454546,1338.6472727272728,39.209955502446974,67.65123616324765,958.7763589340847,10.0,8.73400592803955,,,,,14.0,19.0,20.0
2025-08-12 15:16:50,1867.4036363636365,930.909090909091,1338.6472727272728,39.10695255632163,68.30638489511321,958.7893379111189,10.0,8.737186431884766,,,,,14.0,18.0,18.0
2025-08-12 15:16:56,1869.2654545454548,936.4945454545455,1344.2327272727273,38.96274862732389,68.72093833183953,958.7400981952233,10.0,8.73574447631836,,,,,14.0,18.0,19.0
2025-08-12 15:17:02,1867.4036363636365,932.7709090909091,1338.6472727272728,39.07090155268088,68.476984991196,958.7910635542663,10.0,8.734718322753906,,,,,13.0,17.0,17.0
2025-08-12 15:17:08,1867.4036363636365,932.7709090909091,1338.6472727272728,38.664041214535246,70.540699592448,958.7660973973044,10.0,8.708390235900879,,,,,13.0,18.0,18.0
2025-08-12 15:17:11,1871.1272727272728,934.6327272727274,1340.5090909090911,38.44773645783425,71.2404309539931,958.832051634598,10.0,8.710677146911621,,,,,14.0,18.0,18.0
2025-08-12 15:17:14,1871.1272727272728,936.4945454545455,1340.5090909090911,38.149030733067775,72.1299473901845,958.7733109376729,10.0,8.688387870788574,,,,,13.0,18.0,18.0
2025-08-12 15:17:17,1871.1272727272728,932.7709090909091,1342.370909090909,38.32928407052532,72.24206486380501,958.7092477979485,10.0,8.705755233764648,,,,,13.0,18.0,18.0
2025-08-12 15:17:23,1869.2654545454548,934.6327272727274,1342.370909090909,38.215981931076385,72.44257252485197,958.8183914500612,10.0,8.686416625976562,,,,,13.0,18.0,18.0
2025-08-12 15:17:29,1871.1272727272728,934.6327272727274,1342.370909090909,38.56103888541111,71.66289808075558,958.8349166106377,10.0,8.723042488098145,,,,,14.0,17.0,17.0
2025-08-12 15:17:35,1871.1272727272728,932.7709090909091,1340.5090909090911,38.3035335719178,71.78952696696437,958.7824705081543,10.0,8.700724601745605,,,,,15.0,18.0,18.0
2025-08-12 15:17:41,1869.2654545454548,932.7709090909091,1340.5090909090911,38.13873055312433,73.28563094586058,958.7857728068085,10.0,8.683894157409668,,,,,15.0,18.0,19.0
2025-08-12 15:17:47,1869.2654545454548,930.909090909091,1338.6472727272728,38.43228613771498,72.24257670423741,958.8087216575467,10.0,8.705156326293945,,,,,15.0,19.0,20.0
2025-08-12 15:17:53,1869.2654545454548,930.909090909091,1344.2327272727273,38.70524217878119,71.36288068215863,958.8563359023037,10.0,8.725172996520996,,,,,14.0,19.0,20.0
2025-08-12 15:17:59,1869.2654545454548,929.0472727272728,1342.370909090909,38.93184781508171,70.1105983752513,958.7776306184664,10.0,8.739906311035156,,,,,14.0,19.0,20.0
2025-08-12 15:18:05,1869.2654545454548,932.7709090909091,1344.2327272727273,38.88034648462781,69.20995508904407,958.784065527827,10.0,8.730579376220703,,,,,14.0,17.0,17.0
2025-08-12 15:18:08,1869.2654545454548,932.7709090909091,1344.2327272727273,38.85974596059532,69.28014961923228,958.8090766190717,10.0,8.728927612304688,,,,,14.0,17.0,17.0
2025-08-12 15:18:14,1871.1272727272728,930.909090909091,1344.2327272727273,38.81854492650018,69.0876078673961,958.802991501225,10.0,8.733709335327148,,,,,14.0,17.0,17.0
2025-08-12 15:18:20,1867.4036363636365,927.1854545454546,1344.2327272727273,39.17905460638576,68.51853860462846,958.7297419869469,10.0,8.745235443115234,,,,,14.0,18.0,18.0
2025-08-12 15:18:26,1869.2654545454548,925.3236363636365,1344.2327272727273,39.415961743943626,67.6143494525187,958.806409489377,10.0,8.771141052246094,,,,,14.0,19.0,19.0
2025-08-12 15:18:29,1865.5418181818181,927.1854545454546,1346.0945454545456,39.44171255687252,67.3953216437274,958.7610230035111,10.0,8.753792762756348,,,,,14.0,20.0,20.0
2025-08-12 15:18:32,1863.68,921.6000000000001,1338.6472727272728,39.56531656021252,67.12167161187674,958.807040630697,10.0,8.754103660583496,,,,,14.0,19.0,19.0
2025-08-12 15:18:38,1863.68,919.7381818181818,1336.7854545454545,39.621968451101566,66.33788852703596,958.7520585078048,10.0,8.755668640136719,,,,,14.0,19.0,20.0
2025-08-12 15:18:44,1865.5418181818181,921.6000000000001,1338.6472727272728,39.735272338526556,65.89630083486529,958.7824675272393,10.0,8.772873878479004,,,,,13.0,18.0,19.0
2025-08-12 15:18:50,1865.5418181818181,927.1854545454546,1338.6472727272728,39.72497197930352,65.00728704228086,958.7950253259945,10.0,8.767252922058105,,,,,13.0,16.0,20.0
2025-08-12 15:18:56,1867.4036363636365,927.1854545454546,1340.5090909090911,39.30265825349488,65.85753695537066,958.7758656881165,10.0,8.742792129516602,,,,,13.0,17.0,20.0
2025-08-12 15:19:02,1865.5418181818181,925.3236363636365,1338.6472727272728,39.42626206824207,66.36995339035582,958.8500203460521,10.0,8.746781349182129,,,,,14.0,18.0,20.0
2025-08-12 15:19:08,1867.4036363636365,929.0472727272728,1342.370909090909,39.539565712359035,66.2980760534971,958.8243669962304,10.0,8.766119003295898,,,,,14.0,18.0,22.0
2025-08-12 15:19:14,1865.5418181818181,925.3236363636365,1338.6472727272728,39.61166810468421,65.90822200041778,958.8207755448173,10.0,8.7614164352417,,,,,14.0,20.0,22.0
2025-08-12 15:19:17,1867.4036363636365,925.3236363636365,1340.5090909090911,39.74557269891375,65.556907446695,958.7979974816607,10.0,8.78131103515625,,,,,15.0,21.0,22.0
2025-08-12 15:19:23,1865.5418181818181,925.3236363636365,1338.6472727272728,39.714671621244634,65.10223050172772,958.8075823057286,10.0,8.766775131225586,,,,,15.0,19.0,20.0
2025-08-12 15:19:26,1865.5418181818181,927.1854545454546,1338.6472727272728,39.80737488568411,65.03496093818404,958.7788135920167,10.0,8.774943351745605,,,,,15.0,19.0,20.0
2025-08-12 15:19:29,1863.68,919.7381818181818,1334.9236363636362,39.78162396943662,65.15902395056615,958.7399923403877,10.0,8.764266967773438,,,,,14.0,19.0,20.0
2025-08-12 15:19:35,1863.68,921.6000000000001,1336.7854545454545,39.786774152104044,64.96839389591176,958.8039372327383,10.0,8.763359069824219,,,,,15.0,19.0,20.0
2025-08-12 15:19:41,1863.68,923.4618181818182,1333.0618181818184,39.786774152104044,64.55679355045385,958.8039372327383,10.0,8.761242866516113,,,,,14.0,17.0,18.0
2025-08-12 15:19:47,1865.5418181818181,927.1854545454546,1336.7854545454545,39.812525069806725,64.76079497808075,958.7584864507193,10.0,8.774150848388672,,,,,14.0,17.0,18.0
2025-08-12 15:19:53,1865.5418181818181,929.0472727272728,1334.9236363636362,39.714671621244634,64.89945896905637,958.8075823057286,10.0,8.765649795532227,,,,,14.0,18.0,19.0
2025-08-12 15:19:59,1867.4036363636365,930.909090909091,1336.7854545454545,39.71982180012856,64.82216186214656,958.8153476591863,10.0,8.775026321411133,,,,,16.0,19.0,19.0
2025-08-12 15:20:05,1869.2654545454548,936.4945454545455,1342.370909090909,39.817675254220376,64.59398883201423,958.7662505428885,10.0,8.792269706726074,,,,,15.0,19.0,19.0
2025-08-12 15:20:11,1871.1272727272728,934.6327272727274,1340.5090909090911,39.848576366814086,64.04644445050982,958.8128354562838,10.0,8.801499366760254,,,,,16.0,19.0,19.0
2025-08-12 15:20:17,1869.2654545454548,934.6327272727274,1338.6472727272728,39.9464299591491,63.806045249097345,958.7355803928065,10.0,8.800198554992676,,,,,15.0,19.0,20.0
2025-08-12 15:20:20,1872.989090909091,936.4945454545455,1340.5090909090911,40.00308208694332,63.617478671622926,958.7647719825029,10.0,8.822948455810547,,,,,16.0,22.0,23.0
2025-08-12 15:20:26,1871.1272727272728,934.6327272727274,1342.370909090909,39.812525069806725,64.06275228517558,958.7303950270856,10.0,8.798789024353027,,,,,16.0,27.0,28.0
2025-08-12 15:20:29,1871.1272727272728,930.909090909091,1338.6472727272728,39.874327301979065,63.88645207849162,958.7673743103331,10.0,8.803393363952637,,,,,15.0,26.0,28.0
2025-08-12 15:20:35,1869.2654545454548,930.909090909091,1338.6472727272728,40.05973424995318,63.38108412713883,958.7658536569646,10.0,8.80825138092041,,,,,14.0,25.0,26.0
2025-08-12 15:20:41,1867.4036363636365,929.0472727272728,1336.7854545454545,40.09063544461969,63.00019749348504,958.7562188783969,10.0,8.799846649169922,,,,,14.0,24.0,25.0
2025-08-12 15:20:44,1869.2654545454548,930.909090909091,1338.6472727272728,39.88977786657051,63.21863483925152,958.7906652140905,10.0,8.791903495788574,,,,,13.0,21.0,23.0
2025-08-12 15:20:50,1871.1272727272728,932.7709090909091,1338.6472727272728,39.797074518312,63.75179165006243,958.8194666235901,10.0,8.795367240905762,,,,,13.0,18.0,20.0
2025-08-12 15:20:56,1869.2654545454548,932.7709090909091,1340.5090909090911,39.678620377206244,64.24770416484479,958.7532253136746,10.0,8.778117179870605,,,,,14.0,19.0,20.0
2025-08-12 15:21:02,1869.2654545454548,934.6327272727274,1342.370909090909,39.77647378706024,64.12082056673206,958.7603180163493,10.0,8.786246299743652,,,,,14.0,18.0,19.0
2025-08-12 15:21:05,1871.1272727272728,934.6327272727274,1342.370909090909,39.714671621244634,64.06438863212857,958.7233206137,10.0,8.7899808883667,,,,,14.0,18.0,19.0
2025-08-12 15:21:08,1867.4036363636365,930.909090909091,1338.6472727272728,39.66832002438605,64.116019984959,958.7096096909431,10.0,8.767434120178223,,,,,14.0,19.0,20.0
2025-08-12 15:21:14,1869.2654545454548,930.909090909091,1338.6472727272728,39.66316984841251,64.0740376096955,958.7299297183649,10.0,8.776036262512207,,,,,15.0,20.0,21.0
2025-08-12 15:21:20,1867.4036363636365,930.909090909091,1340.5090909090911,39.76102324167732,64.01274483876702,958.7651140563037,10.0,8.774984359741211,,,,,14.0,18.0,18.0
2025-08-12 15:21:26,1865.5418181818181,930.909090909091,1342.370909090909,39.76617342318059,64.084566815748,958.7447892166424,10.0,8.766538619995117,,,,,14.0,19.0,19.0
2025-08-12 15:21:32,1869.2654545454548,932.7709090909091,1340.5090909090911,39.6271186247468,64.03665304847111,958.7317407791214,10.0,8.7725191116333,,,,,14.0,18.0,18.0
2025-08-12 15:21:38,1869.2654545454548,934.6327272727274,1342.370909090909,39.318108721170574,64.64874939229486,958.743031569254,10.0,8.747498512268066,,,,,13.0,17.0,17.0
2025-08-12 15:21:44,1871.1272727272728,940.2181818181818,1346.0945454545456,38.91124727940769,65.9100071774823,958.7745954440635,10.0,8.726051330566406,,,,,14.0,17.0,17.0
2025-08-12 15:21:50,1872.989090909091,940.2181818181818,1344.2327272727273,38.107830020278925,68.08626241547425,958.7390990472198,10.0,8.673842430114746,,,,,14.0,19.0,19.0
2025-08-12 15:21:56,1874.8509090909092,938.3563636363637,1340.5090909090911,38.16963109644712,69.86471137805617,958.6923432077378,10.0,8.698095321655273,,,,,14.0,18.0,18.0
2025-08-12 15:23:56,1863.68,923.4618181818182,1346.0945454545456,39.658019672730006,65.2963670433706,958.7221645544028,10.0,8.753772735595703,,,,,14.0,18.0,19.0
2025-08-12 15:24:02,1859.9563636363637,916.0145454545454,1340.5090909090911,39.714671621244634,64.62510156591918,958.7514078248728,10.0,8.736773490905762,,,,,15.0,17.0,19.0
2025-08-12 15:24:05,1859.9563636363637,916.0145454545454,1340.5090909090911,39.86402692703996,64.33952108062199,958.7799407798999,10.0,8.748695373535156,,,,,15.0,19.0,20.0
2025-08-12 15:24:11,1859.9563636363637,917.8763636363637,1342.370909090909,39.61681827774737,64.52523532762403,958.716209802588,10.0,8.727567672729492,,,,,14.0,18.0,20.0
2025-08-12 15:24:17,1861.818181818182,917.8763636363637,1344.2327272727273,39.80222470185254,64.13389595959306,958.7148673479376,10.0,8.751792907714844,,,,,14.0,19.0,21.0
2025-08-12 15:24:23,1859.9563636363637,912.2909090909092,1340.5090909090911,39.977331115398556,63.56263903393463,958.6978614653552,10.0,8.755634307861328,,,,,14.0,18.0,20.0
2025-08-12 15:24:29,1858.0945454545456,912.2909090909092,1338.6472727272728,39.95158015112975,63.23916259238976,958.687148350507,10.0,8.742347717285156,,,,,13.0,18.0,20.0
2025-08-12 15:24:35,1856.2327272727275,917.8763636363637,1340.5090909090911,40.10093584517017,63.0185451615768,958.7155344718882,10.0,8.745047569274902,,,,,13.0,18.0,19.0
2025-08-12 15:24:41,1858.0945454545456,914.1527272727274,1338.6472727272728,39.99793189205229,62.942580910074355,958.7289101474761,10.0,8.744757652282715,,,,,14.0,19.0,20.0
2025-08-12 15:24:47,1856.2327272727275,914.1527272727274,1338.6472727272728,40.00308208694332,63.28911006347092,958.6804731756772,10.0,8.737847328186035,,,,,14.0,19.0,20.0
2025-08-12 15:24:53,1858.0945454545456,919.7381818181818,1340.5090909090911,39.86402692703996,63.563725555725604,958.7518471268459,10.0,8.735457420349121,,,,,15.0,19.0,19.0
2025-08-12 15:24:59,1858.0945454545456,919.7381818181818,1340.5090909090911,39.97218092196272,63.33555927593956,958.7462958784666,10.0,8.744148254394531,,,,,15.0,19.0,19.0
2025-08-12 15:25:05,1858.0945454545456,919.7381818181818,1338.6472727272728,39.797074518312,63.51906488607923,958.70710353412,10.0,8.729432106018066,,,,,15.0,19.0,19.0
2025-08-12 15:25:11,1863.68,923.4618181818182,1342.370909090909,39.6271186247468,64.11418994906516,958.6755739327825,10.0,8.745309829711914,,,,,14.0,19.0,19.0
2025-08-12 15:25:17,1861.818181818182,921.6000000000001,1338.6472727272728,39.6271186247468,64.51377489149061,958.6755739327825,10.0,8.737971305847168,,,,,14.0,18.0,18.0
2025-08-12 15:25:23,1861.818181818182,921.6000000000001,1340.5090909090911,39.6271186247468,64.69864142839687,958.6755739327825,10.0,8.738908767700195,,,,,14.0,19.0,20.0
2025-08-12 15:25:29,1861.818181818182,925.3236363636365,1342.370909090909,39.53441554366145,64.72421495484853,958.6762026441576,10.0,8.730525970458984,,,,,13.0,19.0,20.0
2025-08-12 15:25:35,1863.68,923.4618181818182,1338.6472727272728,39.61166810468421,64.75160278661194,958.6803615878036,10.0,8.747079849243164,,,,,14.0,18.0,20.0
2025-08-12 15:25:41,1865.5418181818181,927.1854545454546,1338.6472727272728,39.678620377206244,64.49224951242924,958.6689683852779,10.0,8.761202812194824,,,,,14.0,19.0,21.0
2025-08-12 15:25:47,1865.5418181818181,929.0472727272728,1340.5090909090911,39.508664704539115,64.67534187776468,958.7216084249062,10.0,8.746376991271973,,,,,14.0,18.0,18.0
2025-08-12 15:31:53,1872.989090909091,936.4945454545455,1346.0945454545456,39.29750809818506,65.93472759524813,958.7400276876092,10.0,8.77085018157959,,,,,13.0,17.0,18.0
2025-08-12 15:31:59,1871.1272727272728,938.3563636363637,1346.0945454545456,39.28205763400183,65.99354375405778,958.7447909343541,10.0,8.760279655456543,,,,,14.0,17.0,18.0
2025-08-12 15:32:05,1871.1272727272728,940.2181818181818,1349.8181818181818,39.10695255632163,66.39583914652339,958.6770935972988,10.0,8.746785163879395,,,,,15.0,18.0,19.0
2025-08-12 15:32:11,1871.1272727272728,940.2181818181818,1344.2327272727273,39.15845401483239,66.6960904607273,958.7547909481095,10.0,8.752496719360352,,,,,15.0,18.0,20.0
2025-08-12 15:32:17,1871.1272727272728,940.2181818181818,1344.2327272727273,39.22025580346235,66.60392063905205,958.707700171762,10.0,8.757906913757324,,,,,15.0,20.0,21.0
2025-08-12 15:32:23,1871.1272727272728,943.9418181818181,1349.8181818181818,39.168754310027,66.68470010482397,958.7422668764849,10.0,8.753340721130371,,,,,16.0,21.0,21.0
2025-08-12 15:32:29,1874.8509090909092,943.9418181818181,1347.956363636364,39.060601268545724,66.29233783411242,958.7194036265504,10.0,8.760510444641113,,,,,16.0,22.0,22.0
2025-08-12 15:32:35,1874.8509090909092,940.2181818181818,1346.0945454545456,39.2511567134934,66.7960211140415,958.7262465904086,10.0,8.780353546142578,,,,,15.0,21.0,22.0
2025-08-12 15:32:41,1874.8509090909092,943.9418181818181,1351.68,39.32840903440956,66.52593972833694,958.7585682477464,10.0,8.785698890686035,,,,,15.0,20.0,21.0
2025-08-12 15:32:47,1872.989090909091,942.08,1349.8181818181818,39.415961743943626,66.26220645740366,958.750260697659,10.0,8.783007621765137,,,,,14.0,20.0,21.0
2025-08-12 15:32:53,1874.8509090909092,938.3563636363637,1347.956363636364,39.570466730656335,65.66184648705064,958.7586452087354,10.0,8.803430557250977,,,,,13.0,18.0,19.0
2025-08-12 15:32:59,1874.8509090909092,942.08,1351.68,39.45716304812231,65.54915900373798,958.7562490533717,10.0,8.792515754699707,,,,,14.0,18.0,18.0
2025-08-12 15:33:05,1872.989090909091,938.3563636363637,1349.8181818181818,39.6271186247468,65.27702919763902,958.7036573462028,10.0,8.79755687713623,,,,,13.0,18.0,18.0
2025-08-12 15:33:11,1872.989090909091,938.3563636363637,1351.68,39.601367759431014,65.20427683220517,958.6929134672521,10.0,8.794915199279785,,,,,14.0,19.0,19.0
2025-08-12 15:33:17,1874.8509090909092,947.6654545454545,1353.5418181818184,39.01425000434392,65.84357751175398,958.7336419532953,10.0,8.75386905670166,,,,,14.0,18.0,18.0
2025-08-12 15:33:23,1872.989090909091,940.2181818181818,1346.0945454545456,39.02455028324039,67.39757087647673,958.7491838280305,10.0,8.753332138061523,,,,,14.0,19.0,20.0
2025-08-12 15:33:29,1874.8509090909092,942.08,1349.8181818181818,38.81854492650018,67.60101427968334,958.7468940861061,10.0,8.745050430297852,,,,,14.0,19.0,21.0
2025-08-12 15:33:35,1874.8509090909092,949.5272727272728,1349.8181818181818,38.15933091417537,69.07464679029587,958.704807576984,10.0,8.692804336547852,,,,,13.0,17.0,19.0
2025-08-12 15:33:41,1878.5745454545456,943.9418181818181,1349.8181818181818,38.22628211975098,70.43778296771917,958.6658093243258,10.0,8.724894523620605,,,,,14.0,22.0,23.0
2025-08-12 15:33:47,1876.7127272727273,942.08,1351.68,38.803094543516636,69.59202465450338,958.7235759273126,10.0,8.763190269470215,,,,,14.0,22.0,22.0
2025-08-12 15:37:47,1861.818181818182,927.1854545454546,1344.2327272727273,39.78162396943662,67.13267881823415,958.6557221526526,10.0,8.765076637268066,,,,,14.0,19.0,20.0
2025-08-12 15:37:50,1861.818181818182,925.3236363636365,1342.370909090909,39.601367759431014,67.28438696207655,958.608666629535,10.0,8.749844551086426,,,,,15.0,21.0,22.0
2025-08-12 15:37:56,1861.818181818182,927.1854545454546,1344.2327272727273,39.70952144265175,66.74158761013015,958.6874689931487,10.0,8.756392478942871,,,,,14.0,22.0,22.0
2025-08-12 15:37:59,1859.9563636363637,925.3236363636365,1340.5090909090911,39.797074518312,66.2033959734678,958.5666501112213,10.0,8.752979278564453,,,,,13.0,21.0,21.0
2025-08-12 15:38:05,1861.818181818182,923.4618181818182,1338.6472727272728,39.94127976745949,65.63181327835828,958.5873331889118,10.0,8.772496223449707,,,,,13.0,21.0,21.0
2025-08-12 15:38:11,1863.68,921.6000000000001,1340.5090909090911,40.05458405186073,65.23737486037959,958.5894810122206,10.0,8.790212631225586,,,,,14.0,19.0,19.0
2025-08-12 15:38:17,1861.818181818182,919.7381818181818,1340.5090909090911,39.9464299591491,65.32779140216086,958.5669976925444,10.0,8.77165699005127,,,,,14.0,19.0,19.0
2025-08-12 15:38:23,1863.68,914.1527272727274,1340.5090909090911,40.106086045881966,64.51750954231518,958.6108796936493,10.0,8.791340827941895,,,,,14.0,18.0,18.0
2025-08-12 15:38:29,1861.818181818182,910.429090909091,1340.5090909090911,40.291493465338135,63.76730560703377,958.609141071805,10.0,8.795074462890625,,,,,14.0,18.0,18.0
2025-08-12 15:38:35,1861.818181818182,908.5672727272728,1340.5090909090911,40.40479818513268,63.090999576276296,958.5267837270176,10.0,8.802473068237305,,,,,14.0,18.0,18.0
2025-08-12 15:38:41,1861.818181818182,897.3963636363636,1338.6472727272728,40.47175104031339,62.31071732136484,958.599506047475,10.0,8.804503440856934,,,,,13.0,16.0,16.0
2025-08-12 15:38:44,1861.818181818182,895.5345454545455,1338.6472727272728,40.507802598091075,62.16866730817821,958.5975627010458,10.0,8.807114601135254,,,,,14.0,17.0,19.0
2025-08-12 15:38:50,1861.818181818182,889.949090909091,1338.6472727272728,40.53355371952057,61.834825048805584,958.6363460304156,10.0,8.807696342468262,,,,,14.0,17.0,19.0
2025-08-12 15:38:53,1861.818181818182,889.949090909091,1338.6472727272728,40.49235192872584,61.510304471818024,958.6024134533362,10.0,8.802531242370605,,,,,13.0,17.0,18.0
2025-08-12 15:38:56,1859.9563636363637,886.2254545454546,1336.7854545454545,40.55930484822602,61.53081698722838,958.6188828445547,10.0,8.79931354522705,,,,,14.0,20.0,21.0
2025-08-12 15:39:02,1859.9563636363637,878.7781818181818,1336.7854545454545,40.652008971810574,61.32499446972614,958.6459896825598,10.0,8.806718826293945,,,,,14.0,23.0,24.0
2025-08-12 15:39:05,1861.818181818182,876.9163636363637,1338.6472727272728,40.734412716381485,61.07081461087302,958.6012974039467,10.0,8.822617530822754,,,,,14.0,23.0,24.0
2025-08-12 15:39:11,1859.9563636363637,871.3309090909091,1333.0618181818184,40.85801847293624,60.47082504160588,958.6185954499006,10.0,8.821455001831055,,,,,16.0,23.0,23.0
2025-08-12 15:39:17,1859.9563636363637,871.3309090909091,1334.9236363636362,40.94042240377166,60.17438817056901,958.5175376816156,10.0,8.828010559082031,,,,,15.0,22.0,22.0
2025-08-12 15:39:20,1858.0945454545456,873.1927272727273,1334.9236363636362,40.89407018350903,60.40626268806008,958.6165958863274,10.0,8.81495189666748,,,,,16.0,23.0,23.0
2025-08-12 15:43:05,1861.818181818182,921.6000000000001,1334.9236363636362,41.07947920600418,57.87233052124354,958.5579762452086,10.0,8.836803436279297,,,,,14.0,19.0,19.0
2025-08-12 15:43:08,1861.818181818182,921.6000000000001,1329.3381818181817,41.15673307669931,57.706800609946754,958.561649802488,10.0,8.84294319152832,,,,,15.0,18.0,18.0
2025-08-12 15:43:11,1861.818181818182,927.1854545454546,1338.6472727272728,41.06402843972319,57.83589857155793,958.5910128974242,10.0,8.834870338439941,,,,,15.0,18.0,18.0
2025-08-12 15:43:17,1865.5418181818181,923.4618181818182,1336.7854545454545,41.228836748428876,57.40912268720103,958.6420069571664,10.0,8.866251945495605,,,,,13.0,16.0,16.0
2025-08-12 15:43:20,1863.68,921.6000000000001,1333.0618181818184,41.23913727761828,57.31946676007925,958.6293554124044,10.0,8.857466697692871,,,,,13.0,16.0,16.0
2025-08-12 15:43:23,1863.68,923.4618181818182,1334.9236363636362,41.20823569354252,57.28858553831047,958.5265508832459,10.0,8.85505485534668,,,,,13.0,16.0,16.0
2025-08-12 15:43:26,1861.818181818182,921.6000000000001,1333.0618181818184,41.167033597739646,57.4432924926761,958.5771509503311,10.0,8.842462539672852,,,,,13.0,16.0,16.0
2025-08-12 15:43:29,1861.818181818182,923.4618181818182,1334.9236363636362,41.177334119944135,57.50355583831872,958.592652164225,10.0,8.84355640411377,,,,,13.0,16.0,16.0
2025-08-12 15:43:32,1861.818181818182,923.4618181818182,1336.7854545454545,41.15673307669931,57.38303069732144,958.6742463594585,10.0,8.840609550476074,,,,,13.0,16.0,16.0
2025-08-12 15:43:35,1861.818181818182,917.8763636363637,1331.2,41.244287542649545,57.47554171952897,958.5807999916958,10.0,8.849702835083008,,,,,13.0,16.0,16.0
2025-08-12 15:43:38,1863.68,923.4618181818182,1334.9236363636362,41.1103807464242,57.23778350851356,958.5763367176819,10.0,8.845651626586914,,,,,13.0,16.0,16.0
2025-08-12 15:43:41,1861.818181818182,923.4618181818182,1334.9236363636362,40.99707514944021,57.63010104950296,958.5746698665695,10.0,8.827978134155273,,,,,13.0,16.0,16.0
2025-08-12 15:43:44,1863.68,925.3236363636365,1336.7854545454545,40.83741750186891,58.26037268023014,958.5594454909639,10.0,8.826120376586914,,,,,13.0,17.0,17.0
2025-08-12 15:43:47,1865.5418181818181,923.4618181818182,1331.2,40.791065333993174,58.678180102318045,958.6021991532824,10.0,8.833220481872559,,,,,14.0,17.0,17.0
2025-08-12 15:43:50,1865.5418181818181,927.1854545454546,1338.6472727272728,40.84256774419919,58.48816118037133,958.5953344879936,10.0,8.836867332458496,,,,,13.0,16.0,16.0
2025-08-12 15:43:53,1863.68,925.3236363636365,1334.9236363636362,40.68806060089264,58.79461690196333,958.5877642130914,10.0,8.81511402130127,,,,,14.0,17.0,17.0
2025-08-12 15:43:56,1865.5418181818181,927.1854545454546,1334.9236363636362,40.58505598420743,59.31202466169025,958.5732910860507,10.0,8.8178129196167,,,,,14.0,18.0,18.0
2025-08-12 15:43:59,1861.818181818182,923.4618181818182,1334.9236363636362,40.7962155737041,59.09156570512309,958.5255525026924,10.0,8.817412376403809,,,,,14.0,17.0,17.0
2025-08-12 15:44:02,1863.68,925.3236363636365,1336.7854545454545,40.85286822973285,58.8418872185358,958.6108417792658,10.0,8.830138206481934,,,,,14.0,18.0,18.0
2025-08-12 15:44:05,1863.68,923.4618181818182,1333.0618181818184,40.77561461660662,58.653727939141596,958.578936800133,10.0,8.822437286376953,,,,,16.0,20.0,20.0
2025-08-12 15:46:38,1833.8909090909092,899.2581818181819,1327.4763636363637,41.1515828166157,57.856527955031446,958.5538992533416,10.0,8.70295524597168,,,,,15.0,17.0,17.0
2025-08-12 15:46:41,1837.6145454545454,904.8436363636364,1329.3381818181817,41.084629462013254,58.14820958203146,958.509435505334,10.0,8.717253684997559,,,,,15.0,17.0,17.0
2025-08-12 15:46:44,1839.4763636363637,906.7054545454546,1327.4763636363637,41.084629462013254,58.14820958203146,958.5375814780568,10.0,8.726428985595703,,,,,15.0,19.0,19.0
2025-08-12 15:46:47,1841.338181818182,908.5672727272728,1329.3381818181817,41.15673307669931,58.31828138640326,958.561649802488,10.0,8.74301815032959,,,,,15.0,18.0,18.0
2025-08-12 15:46:50,1841.338181818182,908.5672727272728,1329.3381818181817,41.182484381482936,58.343063651896,958.5441023661812,10.0,8.745579719543457,,,,,15.0,18.0,18.0
2025-08-12 15:46:53,1845.0618181818181,910.429090909091,1327.4763636363637,41.084629462013254,58.687602715904895,958.509435505334,10.0,8.757391929626465,,,,,15.0,18.0,18.0
2025-08-12 15:46:56,1841.338181818182,910.429090909091,1329.3381818181817,41.012525904370705,58.51751566851391,958.5134975163654,10.0,8.731194496154785,,,,,15.0,18.0,18.0
2025-08-12 15:46:59,1846.9236363636364,910.429090909091,1327.4763636363637,40.971323897043476,58.791812058747325,958.5640507622281,10.0,8.756733894348145,,,,,15.0,19.0,19.0
2025-08-12 15:47:02,1846.9236363636364,912.2909090909092,1331.2,41.00222540079267,58.744877925910444,958.582421960934,10.0,8.759136199951172,,,,,15.0,19.0,19.0
2025-08-12 15:47:05,1845.0618181818181,912.2909090909092,1327.4763636363637,41.03827716840897,58.674132868213086,958.5522549997104,10.0,8.752825736999512,,,,,15.0,19.0,19.0
2025-08-12 15:47:08,1846.9236363636364,912.2909090909092,1334.9236363636362,41.1361320381111,58.83309176490449,958.5306477050323,10.0,8.772008895874023,,,,,14.0,18.0,18.0
2025-08-12 15:47:11,1846.9236363636364,906.7054545454546,1327.4763636363637,41.29063994102762,58.19054031371244,958.5660853578036,10.0,8.782716751098633,,,,,13.0,17.0,17.0
2025-08-12 15:47:14,1846.9236363636364,908.5672727272728,1329.3381818181817,41.1361320381111,58.545406534107585,958.5869441292961,10.0,8.770334243774414,,,,,14.0,18.0,18.0
2025-08-12 15:47:17,1845.0618181818181,906.7054545454546,1331.2,41.15673307669931,58.68991171031889,958.5053516415408,10.0,8.764058113098145,,,,,13.0,17.0,17.0
2025-08-12 15:47:20,1848.7854545454547,910.429090909091,1331.2,40.98162439712905,59.19353546668081,958.5514136830544,10.0,8.769152641296387,,,,,12.0,17.0,17.0
2025-08-12 15:47:23,1846.9236363636364,906.7054545454546,1327.4763636363637,41.15673307669931,58.52807772344727,958.5335007122197,10.0,8.772477149963379,,,,,13.0,17.0,17.0
2025-08-12 15:47:26,1845.0618181818181,908.5672727272728,1331.2,40.74471318969154,59.14973946538637,958.50428119341,10.0,8.729015350341797,,,,,14.0,17.0,17.0
2025-08-12 15:47:29,1846.9236363636364,908.5672727272728,1331.2,40.652008971810574,59.67341960956122,958.5334800244091,10.0,8.732479095458984,,,,,15.0,18.0,18.0
2025-08-12 15:47:32,1846.9236363636364,906.7054545454546,1329.3381818181817,40.71896200859919,59.77748496227142,958.4655125746889,10.0,8.739506721496582,,,,,14.0,18.0,18.0
2025-08-12 15:47:36,1845.0618181818181,902.9818181818183,1327.4763636363637,41.02797666192055,59.21903725304545,958.4804649045655,10.0,8.755306243896484,,,,,14.0,17.0,17.0
2025-08-12 15:47:42,1841.338181818182,901.12,1325.6145454545456,41.141282297321595,58.61150059137019,958.4821014049427,10.0,8.743768692016602,,,,,15.0,18.0,18.0
2025-08-12 15:47:45,1845.0618181818181,901.12,1329.3381818181817,41.19793516784557,58.16969116383071,958.4829004594208,10.0,8.765461921691895,,,,,15.0,17.0,18.0
2025-08-12 15:47:48,1843.2000000000003,902.9818181818183,1331.2,41.316391283646226,57.86150281439601,958.5203646520349,10.0,8.764971733093262,,,,,15.0,18.0,19.0
2025-08-12 15:47:51,1841.338181818182,901.12,1327.4763636363637,41.43999782949686,57.48727880418409,958.4528889166681,10.0,8.765332221984863,,,,,15.0,20.0,20.0
2025-08-12 15:47:54,1843.2000000000003,902.9818181818183,1333.0618181818184,41.496650885703275,57.15290739190435,958.5099448790943,10.0,8.777796745300293,,,,,14.0,20.0,20.0
2025-08-12 15:47:57,1841.338181818182,904.8436363636364,1333.0618181818184,41.51210172532592,57.021323025025495,958.5050219126633,10.0,8.76911449432373,,,,,15.0,23.0,23.0
2025-08-12 15:48:00,1843.2000000000003,902.9818181818183,1327.4763636363637,41.53785313051776,56.76397175336791,958.5155912817489,10.0,8.779540061950684,,,,,14.0,24.0,24.0
2025-08-12 15:48:03,1843.2000000000003,906.7054545454546,1331.2,41.661459976719925,56.42516563345905,958.5324936641756,10.0,8.788825035095215,,,,,14.0,22.0,22.0
2025-08-12 15:48:06,1843.2000000000003,902.9818181818183,1323.7527272727273,41.78506699056015,56.09214332129943,958.4929885926692,10.0,8.798680305480957,,,,,15.0,23.0,23.0
2025-08-12 15:48:09,1845.0618181818181,904.8436363636364,1327.4763636363637,41.80566817583167,55.83438272489858,958.5239662663596,10.0,8.808414459228516,,,,,14.0,22.0,22.0
2025-08-12 15:48:12,1843.2000000000003,904.8436363636364,1327.4763636363637,41.8674717595859,55.619668048690635,958.504182179765,10.0,8.80364990234375,,,,,13.0,21.0,21.0
2025-08-12 15:48:15,1841.338181818182,906.7054545454546,1327.4763636363637,41.96017721379758,55.41766003799013,958.4744701625478,10.0,8.801753044128418,,,,,14.0,21.0,21.0
2025-08-12 15:48:18,1843.2000000000003,902.9818181818183,1323.7527272727273,41.949876603117445,55.60971435191648,958.5435343663943,10.0,8.810881614685059,,,,,13.0,21.0,21.0
2025-08-12 15:48:21,1846.9236363636364,906.7054545454546,1327.4763636363637,41.9910790528229,55.292201005391604,958.4927415093553,10.0,8.832002639770508,,,,,13.0,20.0,21.0
2025-08-12 15:48:24,1843.2000000000003,902.9818181818183,1323.7527272727273,41.81596877021366,56.5914827327841,958.5112777743286,10.0,8.803878784179688,,,,,13.0,19.0,21.0
2025-08-12 15:48:27,1848.7854545454547,906.7054545454546,1325.6145454545456,41.445148105878616,58.213300339840956,958.5169589817372,10.0,8.806500434875488,,,,,14.0,19.0,21.0
2025-08-12 15:48:30,1846.9236363636364,908.5672727272728,1329.3381818181817,41.47604977028095,58.31023100319201,958.4789565921951,10.0,8.80056381225586,,,,,13.0,17.0,20.0
2025-08-12 15:48:33,1845.0618181818181,904.8436363636364,1325.6145454545456,41.55845425990992,58.08479597644961,958.546578537991,10.0,8.797203063964844,,,,,13.0,17.0,20.0
2025-08-12 15:48:36,1845.0618181818181,906.7054545454546,1329.3381818181817,41.60480681806803,57.52811016423923,958.4472907246715,10.0,8.799131393432617,,,,,13.0,17.0,19.0
2025-08-12 15:48:39,1846.9236363636364,906.7054545454546,1327.4763636363637,41.67176055480377,56.83972064078957,958.4916428789273,10.0,8.810873985290527,,,,,14.0,17.0,20.0
2025-08-12 15:48:45,1846.9236363636364,906.7054545454546,1329.3381818181817,41.939575993601466,56.168276611449755,958.4434996243124,10.0,8.832032203674316,,,,,15.0,22.0,22.0
2025-08-12 15:48:48,1845.0618181818181,904.8436363636364,1327.4763636363637,41.975628132000566,55.79064705085733,958.4413297279426,10.0,8.824065208435059,,,,,14.0,23.0,23.0
2025-08-12 15:48:51,1846.9236363636364,904.8436363636364,1325.6145454545456,41.89322326518595,55.57825259498407,958.4583588751436,10.0,8.824832916259766,,,,,14.0,23.0,23.0
2025-08-12 15:48:54,1846.9236363636364,902.9818181818183,1323.7527272727273,41.949876603117445,55.6577895808283,958.4589848611639,10.0,8.830415725708008,,,,,15.0,22.0,22.0
2025-08-12 15:48:57,1846.9236363636364,902.9818181818183,1325.6145454545456,41.949876603117445,55.62173322317472,958.4871680099369,10.0,8.830069541931152,,,,,15.0,22.0,22.0
2025-08-12 15:49:00,1843.2000000000003,899.2581818181819,1321.8909090909092,41.888072963483864,55.59615000656358,958.5069767349901,10.0,8.8055419921875,,,,,15.0,21.0,21.0
2025-08-12 15:49:03,1843.2000000000003,899.2581818181819,1323.7527272727273,42.05288276230567,55.36583849671527,958.4447150673363,10.0,8.819669723510742,,,,,14.0,21.0,21.0
2025-08-12 15:49:06,1843.2000000000003,897.3963636363636,1321.8909090909092,42.09923557192087,54.99421838208132,958.5425796873106,10.0,8.82148265838623,,,,,14.0,19.0,19.0
2025-08-12 15:49:09,1843.2000000000003,899.2581818181819,1323.7527272727273,42.19709158074693,54.65974250241968,958.464129125835,10.0,8.82906436920166,,,,,14.0,19.0,19.0
2025-08-12 15:49:12,1843.2000000000003,899.2581818181819,1325.6145454545456,42.10438588555553,54.52532937946215,958.4657522071741,10.0,8.819988250732422,,,,,14.0,19.0,19.0
2025-08-12 15:49:15,1837.6145454545454,893.6727272727273,1321.8909090909092,42.20739221936674,54.407360853707175,958.423221652369,10.0,8.800938606262207,,,,,13.0,17.0,17.0
2025-08-12 15:49:18,1839.4763636363637,897.3963636363636,1325.6145454545456,42.330999973608414,54.04308915569399,958.4961887023885,10.0,8.819164276123047,,,,,13.0,17.0,17.0
2025-08-12 15:49:21,1839.4763636363637,895.5345454545455,1321.8909090909092,42.45460789548815,53.612362372898176,958.512711878395,10.0,8.828147888183594,,,,,13.0,18.0,18.0
2025-08-12 15:49:24,1839.4763636363637,899.2581818181819,1323.7527272727273,42.444307228928665,53.41350510751994,958.5536437488594,10.0,8.825873374938965,,,,,13.0,18.0,18.0
2025-08-12 15:49:27,1839.4763636363637,897.3963636363636,1321.8909090909092,42.41340523623512,53.19016102796536,958.5072103169887,10.0,8.822271347045898,,,,,14.0,18.0,18.0
2025-08-12 15:49:30,1841.338181818182,901.12,1325.6145454545456,42.40310457433225,53.11772281526143,958.4917326336077,10.0,8.830361366271973,,,,,13.0,16.0,16.0
2025-08-12 15:49:36,1841.338181818182,899.2581818181819,1321.8909090909092,42.37220259560854,53.09304379181853,958.5017025912198,10.0,8.827434539794922,,,,,14.0,17.0,17.0
2025-08-12 15:49:42,1843.2000000000003,901.12,1323.7527272727273,42.346450954675674,53.08652447339522,958.4066065133478,10.0,8.83497142791748,,,,,15.0,18.0,18.0
2025-08-12 15:49:45,1843.2000000000003,902.9818181818183,1321.8909090909092,42.31039866959327,53.013600149604386,958.4370321493398,10.0,8.831109046936035,,,,,14.0,18.0,18.0
2025-08-12 15:49:48,1845.0618181818181,902.9818181818183,1323.7527272727273,42.29494769463781,52.98922803571861,958.4702104986086,10.0,8.838793754577637,,,,,14.0,18.0,18.0
2025-08-12 15:49:54,1848.7854545454547,908.5672727272728,1323.7527272727273,42.330999973608414,53.09224325202247,958.4961887023885,10.0,8.86106014251709,,,,,14.0,18.0,20.0
2025-08-12 15:49:57,1845.0618181818181,904.8436363636364,1321.8909090909092,42.30009801933193,53.019420143318435,958.42155374193,10.0,8.839634895324707,,,,,14.0,19.0,21.0
2025-08-12 15:50:00,1848.7854545454547,908.5672727272728,1323.7527272727273,42.30009801933193,52.977289785233076,958.4779501321867,10.0,8.8577880859375,,,,,14.0,19.0,20.0
2025-08-12 15:50:03,1848.7854545454547,906.7054545454546,1323.7527272727273,42.36190193836228,52.76778830608376,958.514425143481,10.0,8.862171173095703,,,,,13.0,17.0,19.0
2025-08-12 15:50:06,1848.7854545454547,910.429090909091,1325.6145454545456,42.42885623127222,52.71485451390775,958.502223181965,10.0,8.867941856384277,,,,,13.0,16.0,18.0
2025-08-12 15:50:09,1850.647272727273,914.1527272727274,1327.4763636363637,42.42370589930215,52.636488418600635,958.4944845115126,10.0,8.876419067382812,,,,,13.0,17.0,18.0
2025-08-12 15:50:12,1850.647272727273,910.429090909091,1323.7527272727273,42.418555567623116,52.54608033525023,958.4867458569636,10.0,8.87564754486084,,,,,14.0,18.0,20.0
2025-08-12 15:50:18,1852.509090909091,912.2909090909092,1321.8909090909092,42.2794967223017,52.8926355035352,958.5033863473,10.0,8.874041557312012,,,,,14.0,17.0,19.0
2025-08-12 15:50:21,1852.509090909091,912.2909090909092,1323.7527272727273,42.392803913593525,52.52152826824731,958.3916484997993,10.0,8.883095741271973,,,,,14.0,17.0,17.0
2025-08-12 15:50:24,1852.509090909091,914.1527272727274,1323.7527272727273,42.408254905138165,52.54589258072513,958.4994714673427,10.0,8.883928298950195,,,,,14.0,17.0,17.0
2025-08-12 15:50:27,1852.509090909091,912.2909090909092,1327.4763636363637,42.444307228928665,52.60676194699981,958.4972348482453,10.0,8.887561798095703,,,,,15.0,19.0,19.0
2025-08-12 15:50:30,1850.647272727273,908.5672727272728,1325.6145454545456,42.45975822920445,52.42037717699478,958.4922453157603,10.0,8.878762245178223,,,,,15.0,18.0,18.0
2025-08-12 15:50:33,1850.647272727273,899.2581818181819,1323.7527272727273,42.43915689608548,52.498285547501986,958.4894963570092,10.0,8.877559661865234,,,,,15.0,18.0,18.0
2025-08-12 15:50:36,1848.7854545454547,895.5345454545455,1321.8909090909092,42.516411919292295,52.294918869716156,958.5209526594801,10.0,8.87406063079834,,,,,15.0,19.0,20.0
2025-08-12 15:50:39,1845.0618181818181,897.3963636363636,1325.6145454545456,42.53701326987357,52.17482123451741,958.4954880763511,10.0,8.856629371643066,,,,,13.0,18.0,20.0
2025-08-12 15:50:42,1846.9236363636364,901.12,1327.4763636363637,42.59366700798273,51.9227921292518,958.4959705380186,10.0,8.86977767944336,,,,,14.0,20.0,21.0
2025-08-12 15:50:45,1845.0618181818181,897.3963636363636,1325.6145454545456,42.557614625111455,51.81375441452728,958.470020194858,10.0,8.856827735900879,,,,,14.0,21.0,24.0
2025-08-12 15:50:48,1845.0618181818181,895.5345454545455,1321.8909090909092,42.578215985005954,52.01289325917563,958.5009693608947,10.0,8.859563827514648,,,,,15.0,24.0,25.0
2025-08-12 15:50:54,1845.0618181818181,899.2581818181819,1323.7527272727273,42.583366325707175,51.850327717304026,958.4522858920961,10.0,8.859395027160645,,,,,15.0,23.0,24.0
2025-08-12 15:51:00,1845.0618181818181,895.5345454545455,1320.0290909090909,42.56791530447663,51.75970706209309,958.4854947462096,10.0,8.857447624206543,,,,,15.0,22.0,23.0
2025-08-12 15:58:54,1854.3709090909092,917.8763636363637,1334.9236363636362,42.392803913593525,50.67267828599942,958.3916484997993,10.0,8.883601188659668,,,,,13.0,18.0,19.0
2025-08-12 15:59:00,1856.2327272727275,914.1527272727274,1331.2,42.516411919292295,50.54789275863226,958.4081226231791,10.0,8.903542518615723,,,,,15.0,21.0,21.0
2025-08-12 15:59:06,1854.3709090909092,919.7381818181818,1331.2,42.35160128228017,50.358860106428246,958.35794444007,10.0,8.878652572631836,,,,,13.0,22.0,22.0
2025-08-12 15:59:09,1856.2327272727275,916.0145454545454,1331.2,42.38250325401896,50.54000524507163,958.4325757206234,10.0,8.891261100769043,,,,,13.0,22.0,22.0
2025-08-12 15:59:15,1856.2327272727275,917.8763636363637,1331.2,42.62456906179432,50.2178814800899,958.4013328547123,10.0,8.911861419677734,,,,,13.0,21.0,21.0
2025-08-12 15:59:21,1858.0945454545456,919.7381818181818,1331.2,42.598817349557066,50.06685394230055,958.3626525321654,10.0,8.918606758117676,,,,,14.0,21.0,21.0
2025-08-12 15:59:27,1858.0945454545456,923.4618181818182,1331.2,42.495810573367635,50.336707060665155,958.433587381355,10.0,8.91014575958252,,,,,14.0,20.0,22.0
2025-08-12 15:59:33,1859.9563636363637,923.4618181818182,1329.3381818181817,42.15073872136418,51.09667771044636,958.3944656676842,10.0,8.892276763916016,,,,,16.0,20.0,21.0
2025-08-12 15:59:36,1863.68,930.909090909091,1334.9236363636362,42.00137966815964,51.71420922094025,958.3672999187544,10.0,8.90096378326416,,,,,16.0,19.0,21.0
2025-08-12 15:59:39,1859.9563636363637,929.0472727272728,1334.9236363636362,42.05288276230567,51.516475032232805,958.4447150673363,10.0,8.885146141052246,,,,,15.0,20.0,21.0
2025-08-12 15:59:42,1861.818181818182,925.3236363636365,1333.0618181818184,42.124987143004546,51.46346894223887,958.3839549156828,10.0,8.901276588439941,,,,,15.0,19.0,21.0
2025-08-12 15:59:48,1861.818181818182,927.1854545454546,1334.9236363636362,42.14043808914721,51.156719571114614,958.3507938063915,10.0,8.901473045349121,,,,,16.0,19.0,21.0
2025-08-12 15:59:54,1865.5418181818181,927.1854545454546,1334.9236363636362,42.09923557192087,51.54129880937594,958.3734423154845,10.0,8.918420791625977,,,,,16.0,19.0,20.0
2025-08-12 16:00:00,1863.68,923.4618181818182,1334.9236363636362,42.320699321018765,51.057103967020915,958.3961124936932,10.0,8.92646598815918,,,,,13.0,17.0,18.0
2025-08-12 16:00:06,1865.5418181818181,921.6000000000001,1334.9236363636362,42.56791530447663,50.38588959416383,958.4290753078141,10.0,8.95493221282959,,,,,15.0,18.0,18.0
2025-08-12 16:00:12,1861.818181818182,917.8763636363637,1336.7854545454545,42.77907948801294,49.73748990594568,958.3794535544882,10.0,8.952244758605957,,,,,14.0,18.0,18.0
2025-08-12 16:00:18,1861.818181818182,917.8763636363637,1338.6472727272728,42.79968089796603,49.424116784814345,958.4668311687724,10.0,8.952059745788574,,,,,15.0,19.0,19.0
2025-08-12 16:00:24,1863.68,925.3236363636365,1336.7854545454545,42.04258214114816,50.155987299573226,958.3728577375035,10.0,8.897268295288086,,,,,16.0,21.0,21.0
2025-08-12 16:00:30,1865.5418181818181,925.3236363636365,1336.7854545454545,41.75931551551912,51.95673451792422,958.3415672621262,10.0,8.889822006225586,,,,,16.0,21.0,21.0
2025-08-12 16:00:36,1863.68,929.0472727272728,1342.370909090909,41.53785313051776,53.03463836806298,958.3465988846762,10.0,8.865403175354004,,,,,16.0,21.0,21.0
2025-08-12 16:04:54,1815.2727272727273,878.7781818181818,1318.1672727272728,42.485509902151534,51.764371697512104,958.3334940119556,10.0,8.701026916503906,,,,,13.0,17.0,18.0
2025-08-12 16:05:00,1817.1345454545456,884.3636363636365,1316.3054545454547,42.57306564459577,51.133200362461906,958.3521824626331,10.0,8.714913368225098,,,,,15.0,19.0,19.0
2025-08-12 16:05:06,1822.72,891.8109090909091,1321.8909090909092,42.56791530447663,50.801708839460034,958.3444462977773,10.0,8.740813255310059,,,,,15.0,19.0,19.0
2025-08-12 16:05:12,1828.3054545454547,895.5345454545455,1316.3054545454547,42.516411919292295,50.50571204248567,958.3517077230555,10.0,8.762711524963379,,,,,14.0,17.0,17.0
2025-08-12 16:05:18,1830.1672727272728,899.2581818181819,1316.3054545454547,42.65032078130753,50.29658395392676,958.3835871088263,10.0,8.782886505126953,,,,,15.0,19.0,19.0
2025-08-12 16:05:24,1835.7527272727275,902.9818181818183,1320.0290909090909,42.63486974872649,50.10348466568017,958.3039549689569,10.0,8.809069633483887,,,,,14.0,18.0,19.0
2025-08-12 16:05:30,1837.6145454545454,902.9818181818183,1318.1672727272728,42.39795424381737,50.046195507074586,958.3429819227524,10.0,8.79649829864502,,,,,14.0,18.0,19.0
2025-08-12 16:05:36,1837.6145454545454,904.8436363636364,1320.0290909090909,42.521562256501056,50.39731479580831,958.2466139383724,10.0,8.809959411621094,,,,,15.0,19.0,21.0
2025-08-12 16:05:42,1841.338181818182,904.8436363636364,1320.0290909090909,42.557614625111455,50.27726976326063,958.3007648387273,10.0,8.831099510192871,,,,,15.0,19.0,20.0
2025-08-12 16:05:48,1841.338181818182,906.7054545454546,1321.8909090909092,42.56276496464852,50.40992655306405,958.3085007450034,10.0,8.832135200500488,,,,,15.0,19.0,21.0
2025-08-12 16:05:54,1843.2000000000003,904.8436363636364,1320.0290909090909,42.66062147115008,50.10381627260704,958.314417689555,10.0,8.848873138427734,,,,,15.0,19.0,20.0
2025-08-12 16:06:00,1845.0618181818181,906.7054545454546,1320.0290909090909,42.70697458984796,49.863242352104166,958.2993871900582,10.0,8.861337661743164,,,,,14.0,18.0,19.0
2025-08-12 16:06:06,1848.7854545454547,910.429090909091,1321.8909090909092,42.73272633264423,49.7309016456783,958.3944935821112,10.0,8.881282806396484,,,,,13.0,18.0,18.0
2025-08-12 16:06:12,1848.7854545454547,912.2909090909092,1321.8909090909092,42.784229840064654,49.42394134530386,958.3025312632501,10.0,8.885122299194336,,,,,14.0,18.0,18.0
2025-08-12 16:06:18,1852.509090909091,917.8763636363637,1321.8909090909092,42.392803913593525,50.10035441890767,958.3070421626918,10.0,8.871962547302246,,,,,15.0,18.0,19.0
2025-08-12 16:06:24,1852.509090909091,921.6000000000001,1325.6145454545456,42.552464285865426,50.09036761981896,958.3494468678124,10.0,8.886117935180664,,,,,16.0,19.0,19.0
2025-08-12 16:06:30,1858.0945454545456,916.0145454545454,1321.8909090909092,42.70697458984796,49.94765384811045,958.2993871900582,10.0,8.928196907043457,,,,,17.0,19.0,19.0
2025-08-12 16:06:36,1856.2327272727275,916.0145454545454,1321.8909090909092,42.82028231257573,49.81035853189693,958.356668736913,10.0,8.927910804748535,,,,,16.0,19.0,20.0
2025-08-12 16:06:42,1858.0945454545456,919.7381818181818,1327.4763636363637,42.846034087386215,49.4608346365817,958.3388955954146,10.0,8.938267707824707,,,,,15.0,18.0,19.0
2025-08-12 16:06:48,1856.2327272727275,916.0145454545454,1325.6145454545456,42.68637320084963,50.09209004448241,958.2684491511376,10.0,8.917708396911621,,,,,14.0,18.0,18.0
2025-08-12 16:12:54,1854.3709090909092,916.0145454545454,1331.2,42.07863432029262,51.005290516823955,958.2861028706532,10.0,8.85743236541748,,,,,13.0,17.0,17.0
2025-08-12 16:13:00,1856.2327272727275,899.2581818181819,1327.4763636363637,42.24859478548751,50.91752130251356,958.2595750322914,10.0,8.882031440734863,,,,,13.0,16.0,16.0
2025-08-12 16:13:06,1854.3709090909092,901.12,1331.2,42.41340523623512,50.80550122869824,958.22518021523,10.0,8.887107849121094,,,,,13.0,16.0,16.0
2025-08-12 16:13:12,1858.0945454545456,910.429090909091,1334.9236363636362,42.181640625,51.4884555027806,958.2999426035537,10.0,8.887944221496582,,,,,14.0,21.0,22.0
2025-08-12 16:13:18,1858.0945454545456,902.9818181818183,1331.2,42.330999973608414,51.20781755953434,958.2141941195717,10.0,8.900673866271973,,,,,12.0,22.0,23.0
2025-08-12 16:13:24,1852.509090909091,901.12,1331.2,42.45460789548815,50.86031803904777,958.3152781689921,10.0,8.881104469299316,,,,,12.0,21.0,23.0
2025-08-12 16:13:30,1854.3709090909092,908.5672727272728,1333.0618181818184,42.18679094329127,50.874459620226986,958.2512954789283,10.0,8.866781234741211,,,,,14.0,22.0,22.0
2025-08-12 16:13:36,1854.3709090909092,902.9818181818183,1331.2,42.320699321018765,50.88245172501124,958.1705207725147,10.0,8.879471778869629,,,,,15.0,22.0,22.0
2025-08-12 16:13:42,1856.2327272727275,908.5672727272728,1329.3381818181817,42.35160128228017,50.9069976814409,958.2733434897838,10.0,8.8911714553833,,,,,14.0,23.0,24.0
2025-08-12 16:13:48,1856.2327272727275,910.429090909091,1331.2,42.24859478548751,51.23063257325344,958.2313791946834,10.0,8.883711814880371,,,,,13.0,21.0,24.0
2025-08-12 16:13:54,1854.3709090909092,895.5345454545455,1329.3381818181817,42.09923557192087,51.264431723742874,958.2888738947943,10.0,8.860657691955566,,,,,13.0,19.0,20.0
2025-08-12 16:14:00,1854.3709090909092,893.6727272727273,1334.9236363636362,42.2176928591507,51.272298810097574,958.2413397323195,10.0,8.871752738952637,,,,,13.0,19.0,21.0
2025-08-12 16:14:06,1858.0945454545456,889.949090909091,1327.4763636363637,42.2176928591507,51.48301389490263,958.2131452364833,10.0,8.891875267028809,,,,,14.0,18.0,20.0
2025-08-12 16:14:12,1858.0945454545456,899.2581818181819,1331.2,42.145588405110175,51.65641256163585,958.2457680798656,10.0,8.885896682739258,,,,,14.0,18.0,20.0
2025-08-12 16:14:18,1858.0945454545456,904.8436363636364,1331.2,42.25889542992809,51.36927731152228,958.1904629435265,10.0,8.895100593566895,,,,,16.0,18.0,21.0
2025-08-12 16:14:24,1856.2327272727275,908.5672727272728,1327.4763636363637,42.25889542992809,51.393361147359585,958.1904629435265,10.0,8.885713577270508,,,,,16.0,20.0,23.0
2025-08-12 16:14:30,1858.0945454545456,916.0145454545454,1333.0618181818184,42.2176928591507,51.06157063734178,958.2413397323195,10.0,8.889570236206055,,,,,15.0,18.0,20.0
2025-08-12 16:14:36,1859.9563636363637,921.6000000000001,1331.2,42.0322815211548,51.540212777058485,958.1882562311034,10.0,8.884982109069824,,,,,15.0,19.0,20.0
2025-08-12 16:14:42,1861.818181818182,921.6000000000001,1333.0618181818184,42.17649030699977,51.33787695836516,958.2922033378061,10.0,8.90589427947998,,,,,14.0,18.0,19.0
2025-08-12 16:14:48,1859.9563636363637,923.4618181818182,1331.2,42.24859478548751,51.326968689819346,958.2877708895546,10.0,8.902909278869629,,,,,14.0,18.0,18.0
2025-08-12 16:32:52,1854.3709090909092,914.1527272727274,1336.7854545454545,42.37735292466823,50.2085979281804,958.1992258189053,10.0,8.881245613098145,,,,,14.0,17.0,18.0
2025-08-12 16:32:55,1856.2327272727275,916.0145454545454,1336.7854545454545,42.08378463276313,50.34317450239043,958.1810879910903,10.0,8.864985466003418,,,,,13.0,17.0,18.0
2025-08-12 16:32:58,1854.3709090909092,919.7381818181818,1338.6472727272728,41.96017721379758,50.67852903038645,958.1926352168922,10.0,8.845846176147461,,,,,12.0,16.0,18.0
2025-08-12 16:33:01,1858.0945454545456,919.7381818181818,1336.7854545454545,41.74386463398696,51.34306010260299,958.1774664840764,10.0,8.848523139953613,,,,,12.0,17.0,19.0
2025-08-12 16:33:07,1856.2327272727275,914.1527272727274,1336.7854545454545,42.08378463276313,51.61326842829754,958.1810879910903,10.0,8.871004104614258,,,,,13.0,18.0,21.0
2025-08-12 16:33:13,1854.3709090909092,908.5672727272728,1333.0618181818184,42.06833369622473,52.01620259853971,958.1860585094331,10.0,8.862051010131836,,,,,13.0,18.0,21.0
2025-08-12 16:33:19,1850.647272727273,906.7054545454546,1331.2,42.2794967223017,51.128743615302604,958.2214138654695,10.0,8.857606887817383,,,,,14.0,18.0,22.0
2025-08-12 16:33:25,1852.509090909091,908.5672727272728,1333.0618181818184,42.46490856321179,50.426672519611756,958.1897263287118,10.0,8.880664825439453,,,,,15.0,19.0,23.0
2025-08-12 16:33:31,1850.647272727273,914.1527272727274,1334.9236363636362,42.47520923209959,49.89050485325095,958.1769924938195,10.0,8.869729995727539,,,,,15.0,18.0,18.0
2025-08-12 16:33:37,1858.0945454545456,925.3236363636365,1336.7854545454545,42.25374510756228,50.05638300834971,958.2109212781897,10.0,8.888428688049316,,,,,14.0,18.0,18.0
2025-08-12 16:33:43,1858.0945454545456,923.4618181818182,1333.0618181818184,42.15588903790922,50.44049876331155,958.2048627515029,10.0,8.881406784057617,,,,,15.0,18.0,18.0
2025-08-12 16:33:49,1861.818181818182,921.6000000000001,1333.0618181818184,42.18679094329127,50.47103380121657,958.2231023052088,10.0,8.903210639953613,,,,,15.0,18.0,18.0
2025-08-12 16:33:52,1861.818181818182,921.6000000000001,1336.7854545454545,42.31039866959327,50.3823949812561,958.2114437441285,10.0,8.914050102233887,,,,,15.0,17.0,17.0
2025-08-12 16:33:55,1861.818181818182,919.7381818181818,1336.7854545454545,42.444307228928665,50.13717604656468,958.1305789117686,10.0,8.925506591796875,,,,,15.0,18.0,18.0
2025-08-12 16:33:58,1861.818181818182,916.0145454545454,1336.7854545454545,42.22284317947924,50.08007403825774,958.1644941092761,10.0,8.904948234558105,,,,,15.0,18.0,18.0
2025-08-12 16:34:01,1859.9563636363637,910.429090909091,1333.0618181818184,42.47005889751017,49.99891297331524,958.1974621764556,10.0,8.917122840881348,,,,,15.0,18.0,18.0
2025-08-12 16:34:04,1861.818181818182,912.2909090909092,1334.9236363636362,42.38765358366072,49.88338412638375,958.2146992587536,10.0,8.918543815612793,,,,,15.0,18.0,18.0
2025-08-12 16:34:07,1859.9563636363637,912.2909090909092,1334.9236363636362,42.336150300339796,50.087569884441294,958.2501309655697,10.0,8.905113220214844,,,,,16.0,19.0,19.0
2025-08-12 16:34:10,1858.0945454545456,912.2909090909092,1334.9236363636362,42.24859478548751,50.616425525022315,958.2031833767304,10.0,8.890480995178223,,,,,14.0,18.0,18.0
2025-08-12 16:34:13,1858.0945454545456,914.1527272727274,1338.6472727272728,42.29494769463781,50.68333107736424,958.1882316027211,10.0,8.895102500915527,,,,,14.0,18.0,18.0
2025-08-12 16:34:16,1858.0945454545456,906.7054545454546,1334.9236363636362,42.42370589930215,50.49840647193296,958.2406534240408,10.0,8.905439376831055,,,,,15.0,18.0,18.0
2025-08-12 16:34:22,1852.509090909091,901.12,1331.2,42.552464285865426,49.97585156393081,958.2648200180373,10.0,8.88588809967041,,,,,14.0,18.0,18.0
2025-08-12 16:34:28,1848.7854545454547,899.2581818181819,1331.2,42.72242563465261,49.30262749119256,958.2097259588861,10.0,8.879429817199707,,,,,15.0,19.0,19.0
2025-08-12 16:34:31,1850.647272727273,904.8436363636364,1336.7854545454545,42.69667389476672,49.332492420824906,958.255703012639,10.0,8.886490821838379,,,,,14.0,19.0,19.0
2025-08-12 16:34:34,1850.647272727273,902.9818181818183,1334.9236363636362,42.74302703180001,49.02542243520053,958.3253121963415,10.0,8.888764381408691,,,,,14.0,18.0,18.0
2025-08-12 16:34:37,1850.647272727273,902.9818181818183,1331.2,42.74302703180001,48.916855085737616,958.2406608084476,10.0,8.888808250427246,,,,,14.0,18.0,20.0
2025-08-12 16:34:40,1846.9236363636364,904.8436363636364,1331.2,42.676072508096695,48.988533707986576,958.3094087228748,10.0,8.863665580749512,,,,,14.0,18.0,20.0
2025-08-12 16:34:43,1850.647272727273,908.5672727272728,1331.2,42.490660237614065,49.342231899937374,958.2284057261945,10.0,8.868144989013672,,,,,13.0,18.0,19.0
2025-08-12 16:34:46,1850.647272727273,906.7054545454546,1331.2,42.60396769142244,49.37968473594076,958.2575438855685,10.0,8.878352165222168,,,,,13.0,18.0,20.0
2025-08-12 16:34:49,1852.509090909091,910.429090909091,1334.9236363636362,42.56791530447663,49.409418111688005,958.1751888089083,10.0,8.8853178024292,,,,,12.0,18.0,19.0
2025-08-12 16:34:55,1854.3709090909092,908.5672727272728,1333.0618181818184,42.65032078130753,49.16313777644162,958.2425212942995,10.0,8.900654792785645,,,,,12.0,18.0,19.0
2025-08-12 16:35:01,1850.647272727273,906.7054545454546,1331.2,42.670922162156785,48.958326889729996,958.2452457875688,10.0,8.882500648498535,,,,,11.0,17.0,18.0
2025-08-12 16:35:07,1852.509090909091,910.429090909091,1333.0618181818184,42.72242563465261,48.910611746372716,958.2097259588861,10.0,8.896718978881836,,,,,12.0,17.0,18.0
2025-08-12 16:35:13,1854.3709090909092,910.429090909091,1333.0618181818184,42.79968089796603,48.62183914053352,958.1846352101591,10.0,8.912017822265625,,,,,12.0,15.0,17.0
2025-08-12 16:35:19,1850.647272727273,908.5672727272728,1331.2,42.7945305450412,48.344269039662976,958.2615603357593,10.0,8.890710830688477,,,,,12.0,16.0,18.0
2025-08-12 16:35:25,1854.3709090909092,910.429090909091,1331.2,42.763628433604026,48.48274357621577,958.2151599344517,10.0,8.907916069030762,,,,,13.0,17.0,18.0
2025-08-12 16:35:31,1854.3709090909092,914.1527272727274,1333.0618181818184,42.629719405114884,48.66241142185384,958.2397952580619,10.0,8.896538734436035,,,,,14.0,18.0,18.0
2025-08-12 16:35:37,1854.3709090909092,910.429090909091,1331.2,42.969642707757885,48.37602234947098,958.1857834981115,10.0,8.926219940185547,,,,,14.0,17.0,18.0
2025-08-12 16:35:43,1856.2327272727275,910.429090909091,1327.4763636363637,43.062349283049116,47.881810352677384,958.1555636589426,10.0,8.94198989868164,,,,,13.0,16.0,17.0
2025-08-12 16:35:49,1858.0945454545456,919.7381818181818,1336.7854545454545,43.03144708080799,47.929862479672785,958.2785597126141,10.0,8.948246955871582,,,,,13.0,16.0,16.0
2025-08-12 16:47:13,1856.2327272727275,906.7054545454546,1327.4763636363637,42.50096090941224,47.73859680530974,958.1592576128718,10.0,8.890498161315918,,,,,14.0,18.0,18.0
2025-08-12 16:47:19,1854.3709090909092,902.9818181818183,1329.3381818181817,42.835733376588905,47.42737418213774,958.210543995692,10.0,8.909412384033203,,,,,14.0,17.0,17.0
2025-08-12 16:47:25,1854.3709090909092,906.7054545454546,1325.6145454545456,42.77907948801294,47.20971724793518,958.2383600643245,10.0,8.903130531311035,,,,,15.0,18.0,18.0
2025-08-12 16:47:31,1856.2327272727275,916.0145454545454,1331.2,42.50611124574789,47.49740347114278,958.1669928909847,10.0,8.889898300170898,,,,,14.0,19.0,19.0
2025-08-12 16:47:37,1859.9563636363637,921.6000000000001,1331.2,42.233143821009435,48.27284715511352,958.0953844744831,10.0,8.888413429260254,,,,,12.0,18.0,18.0
2025-08-12 16:47:43,1861.818181818182,921.6000000000001,1333.0618181818184,41.95502690831199,49.227743304080136,958.1848948271218,10.0,8.87667465209961,,,,,13.0,21.0,21.0
2025-08-12 16:47:49,1861.818181818182,917.8763636363637,1331.2,42.06318338462734,49.49393037688087,958.206506969254,10.0,8.8875093460083,,,,,14.0,22.0,22.0
2025-08-12 16:47:55,1863.68,916.0145454545454,1333.0618181818184,42.135287773475284,49.63330081565699,958.2302897888181,10.0,8.904008865356445,,,,,12.0,18.0,18.0
2025-08-12 16:48:01,1859.9563636363637,917.8763636363637,1334.9236363636362,42.31039866959327,49.27390847637267,958.0986500133338,10.0,8.900026321411133,,,,,12.0,17.0,17.0
2025-08-12 16:48:07,1861.818181818182,908.5672727272728,1333.0618181818184,42.37220259560854,49.142024035040485,958.1914891228652,10.0,8.913774490356445,,,,,12.0,16.0,16.0
2025-08-12 16:48:13,1861.818181818182,893.6727272727273,1333.0618181818184,42.35160128228017,49.1598771632682,958.1041421200653,10.0,8.912373542785645,,,,,13.0,16.0,16.0
2025-08-12 16:48:19,1861.818181818182,891.8109090909091,1334.9236363636362,42.68637320084963,48.78358973045397,958.1273759850043,10.0,8.940703392028809,,,,,14.0,16.0,16.0
2025-08-12 16:48:25,1859.9563636363637,893.6727272727273,1333.0618181818184,42.65032078130753,48.24645789345534,958.1296689969032,10.0,8.925422668457031,,,,,14.0,15.0,15.0
2025-08-12 16:48:31,1859.9563636363637,897.3963636363636,1336.7854545454545,42.7378766820766,48.16277482100577,958.1482765424466,10.0,8.932872772216797,,,,,15.0,19.0,20.0
2025-08-12 16:48:37,1861.818181818182,904.8436363636364,1334.9236363636362,42.42885623127222,48.352995834270146,958.1355758393172,10.0,8.915511131286621,,,,,15.0,21.0,21.0
2025-08-12 16:48:43,1859.9563636363637,902.9818181818183,1334.9236363636362,42.65032078130753,48.33693072234105,958.1296689969032,10.0,8.925965309143066,,,,,14.0,19.0,19.0
2025-08-12 16:48:49,1858.0945454545456,897.3963636363636,1331.2,42.835733376588905,47.81362190757756,958.0976598886015,10.0,8.930906295776367,,,,,15.0,19.0,20.0
2025-08-12 16:48:55,1859.9563636363637,899.2581818181819,1333.0618181818184,42.985093797091395,47.50086992044489,958.2089773408156,10.0,8.951739311218262,,,,,15.0,18.0,20.0
2025-08-12 16:49:01,1858.0945454545456,904.8436363636364,1334.9236363636362,42.90783837661729,47.216600566597144,958.2341302087208,10.0,8.933820724487305,,,,,14.0,17.0,18.0
2025-08-12 16:49:07,1858.0945454545456,902.9818181818183,1333.0618181818184,43.08295075703063,46.86746061189,958.2147161839213,10.0,8.94811725616455,,,,,12.0,15.0,17.0
2025-08-12 16:49:13,1859.9563636363637,906.7054545454546,1333.0618181818184,43.16535669952282,46.692746146357315,958.0842884369198,10.0,8.965157508850098,,,,,12.0,15.0,18.0
2025-08-12 16:49:19,1863.68,912.2909090909092,1334.9236363636362,43.216860451415414,46.30632812054292,958.1615759424193,10.0,8.986578941345215,,,,,12.0,16.0,17.0
2025-08-12 16:49:25,1863.68,917.8763636363637,1334.9236363636362,43.14475520691485,45.94953902989053,958.2227797124085,10.0,8.978058815002441,,,,,14.0,18.0,20.0
2025-08-12 16:49:31,1863.68,919.7381818181818,1336.7854545454545,43.16535669952282,46.094629732012926,958.1125236024583,10.0,8.981345176696777,,,,,17.0,23.0,24.0
2025-08-12 16:49:37,1865.5418181818181,917.8763636363637,1334.9236363636362,43.24776271652081,46.034529141540425,958.1232329198839,10.0,8.997923851013184,,,,,16.0,23.0,24.0
2025-08-12 16:49:43,1867.4036363636365,927.1854545454546,1338.6472727272728,43.17565744757303,45.87110095431884,958.0997458137764,10.0,9.000418663024902,,,,,17.0,22.0,24.0
2025-08-12 16:49:49,1867.4036363636365,927.1854545454546,1333.0618181818184,43.062349283049116,45.83444798843364,958.0991021485913,10.0,8.990009307861328,,,,,16.0,20.0,22.0
2025-08-12 16:49:55,1871.1272727272728,929.0472727272728,1334.9236363636362,42.9387405369489,46.17221147344575,958.2240726645178,10.0,8.998641014099121,,,,,15.0,19.0,20.0
2025-08-12 16:50:01,1872.989090909091,934.6327272727274,1342.370909090909,42.50611124574789,47.03298024662125,958.2234066474124,10.0,8.973149299621582,,,,,13.0,17.0,17.0
2025-08-12 16:50:07,1872.989090909091,932.7709090909091,1338.6472727272728,42.46490856321179,47.768463687305726,958.1615212362719,10.0,8.97325611114502,,,,,13.0,15.0,17.0
2025-08-12 16:50:13,1871.1272727272728,929.0472727272728,1340.5090909090911,42.557614625111455,47.69682183202059,958.0750921322759,10.0,8.97231388092041,,,,,12.0,15.0,16.0
2025-08-12 16:50:19,1872.989090909091,934.6327272727274,1340.5090909090911,42.598817349557066,47.588564377858205,958.1087544882686,10.0,8.984891891479492,,,,,12.0,14.0,15.0
2025-08-12 16:50:25,1872.989090909091,930.909090909091,1340.5090909090911,42.57306564459577,47.72106760853101,958.154713872759,10.0,8.982829093933105,,,,,13.0,15.0,17.0
2025-08-12 16:50:31,1874.8509090909092,934.6327272727274,1344.2327272727273,42.65032078130753,47.293331138052196,958.1578820417335,10.0,8.997342109680176,,,,,13.0,16.0,18.0
2025-08-12 16:50:37,1874.8509090909092,934.6327272727274,1344.2327272727273,42.74817738181446,47.22761716840181,958.0790909544183,10.0,9.006396293640137,,,,,14.0,16.0,16.0
2025-08-12 16:50:43,1872.989090909091,934.6327272727274,1344.2327272727273,42.64517043682281,47.1907295328521,958.1501481357483,10.0,8.986937522888184,,,,,14.0,16.0,16.0
2025-08-12 16:50:49,1872.989090909091,934.6327272727274,1338.6472727272728,42.557614625111455,47.58222380067883,958.1597192496431,10.0,8.980803489685059,,,,,14.0,16.0,16.0
2025-08-12 16:50:55,1872.989090909091,930.909090909091,1342.370909090909,42.65032078130753,47.751830525863255,958.1578820417335,10.0,8.989937782287598,,,,,14.0,17.0,17.0
2025-08-12 16:51:01,1874.8509090909092,930.909090909091,1346.0945454545456,42.691523547662655,47.47462242377709,958.163324157284,10.0,9.001835823059082,,,,,15.0,17.0,19.0
2025-08-12 16:51:07,1872.989090909091,929.0472727272728,1344.2327272727273,42.74817738181446,47.40865277734945,958.1637426687317,10.0,8.997110366821289,,,,,15.0,17.0,19.0
2025-08-12 16:51:13,1871.1272727272728,921.6000000000001,1344.2327272727273,42.66062147115008,47.90272305571017,958.1451364024172,10.0,8.982035636901855,,,,,15.0,18.0,20.0
2025-08-12 16:51:19,1871.1272727272728,912.2909090909092,1347.956363636364,42.60396769142244,47.866071342583055,958.1446995209096,10.0,8.976628303527832,,,,,14.0,17.0,18.0
2025-08-12 16:51:25,1867.4036363636365,899.2581818181819,1342.370909090909,42.65032078130753,47.81215478997395,958.101455971752,10.0,8.961662292480469,,,,,12.0,15.0,15.0
2025-08-12 16:51:31,1863.68,893.6727272727273,1340.5090909090911,42.65032078130753,48.047409192363574,958.1578820417335,10.0,8.943313598632812,,,,,14.0,17.0,17.0
2025-08-12 16:51:37,1863.68,891.8109090909091,1342.370909090909,42.77907948801294,47.517494135246665,958.1537042064695,10.0,8.952470779418945,,,,,13.0,16.0,16.0
2025-08-12 16:51:43,1863.68,889.949090909091,1340.5090909090911,42.95419162104372,47.25916564146311,958.2190420910051,10.0,8.966636657714844,,,,,14.0,17.0,17.0
2025-08-12 16:51:49,1863.68,897.3963636363636,1340.5090909090911,42.9438908980228,46.69155625565023,958.1189017423077,10.0,8.963801383972168,,,,,15.0,17.0,17.0
2025-08-12 16:51:55,1863.68,904.8436363636364,1342.370909090909,42.95419162104372,46.72180344688064,958.1343636782415,10.0,8.964863777160645,,,,,14.0,17.0,17.0
2025-08-12 16:52:01,1859.9563636363637,904.8436363636364,1342.370909090909,42.85118444322143,46.89630307259013,958.17729860816,10.0,8.937074661254883,,,,,14.0,17.0,17.0
2025-08-12 16:52:07,1865.5418181818181,912.2909090909092,1340.5090909090911,42.784229840064654,47.25199724229915,958.18965576032,10.0,8.961226463317871,,,,,14.0,17.0,17.0
2025-08-12 16:52:13,1865.5418181818181,916.0145454545454,1342.370909090909,42.521562256501056,47.68448063538532,958.1055762911793,10.0,8.940109252929688,,,,,15.0,17.0,17.0
2025-08-12 16:52:19,1865.5418181818181,923.4618181818182,1342.370909090909,42.20739221936674,48.82694106245749,958.141280740766,10.0,8.9169282913208,,,,,15.0,18.0,18.0
2025-08-12 16:52:25,1869.2654545454548,927.1854545454546,1344.2327272727273,41.90352386946324,49.58233253645749,958.0793109261801,10.0,8.912466049194336,,,,,14.0,17.0,19.0
2025-08-12 16:52:31,1869.2654545454548,925.3236363636365,1344.2327272727273,41.8417202612618,50.34587901544959,958.1273232052133,10.0,8.910133361816406,,,,,15.0,19.0,22.0
2025-08-12 16:52:37,1871.1272727272728,925.3236363636365,1344.2327272727273,41.76446580994525,50.946400674406405,958.1520855292345,10.0,8.915308952331543,,,,,14.0,18.0,21.0
2025-08-12 16:52:43,1872.989090909091,930.909090909091,1344.2327272727273,41.51725200578221,51.345449597685366,958.1466310893504,10.0,8.904444694519043,,,,,14.0,17.0,20.0
2025-08-12 16:52:49,1872.989090909091,927.1854545454546,1342.370909090909,41.66661026561633,51.57634008925778,958.1740179732244,10.0,8.918801307678223,,,,,14.0,17.0,19.0
2025-08-12 16:52:55,1871.1272727272728,927.1854545454546,1347.956363636364,42.02713121159468,51.070718357119816,958.1241440276898,10.0,8.93984317779541,,,,,12.0,15.0,17.0
2025-08-12 16:53:01,1869.2654545454548,923.4618181818182,1344.2327272727273,42.17133998929057,50.43469066961277,958.1153091889681,10.0,8.940402030944824,,,,,14.0,17.0,18.0
2025-08-12 16:53:07,1869.2654545454548,919.7381818181818,1344.2327272727273,42.36190193836228,49.91921121179213,958.0914138797307,10.0,8.955312728881836,,,,,14.0,17.0,19.0
2025-08-12 16:53:13,1869.2654545454548,919.7381818181818,1344.2327272727273,42.557614625111455,49.553977419481875,958.131510190847,10.0,8.971031188964844,,,,,14.0,19.0,20.0
2025-08-12 16:53:19,1867.4036363636365,917.8763636363637,1344.2327272727273,42.40310457433225,49.03387736880315,958.1533021933059,10.0,8.944948196411133,,,,,15.0,18.0,18.0
2025-08-12 16:53:25,1869.2654545454548,919.7381818181818,1344.2327272727273,42.408254905138165,49.25692637323494,958.1610383041276,10.0,8.955944061279297,,,,,14.0,17.0,17.0
2025-08-12 16:53:31,1869.2654545454548,921.6000000000001,1346.0945454545456,42.27434639877174,49.592807679074774,958.1854791978556,10.0,8.94527530670166,,,,,14.0,17.0,17.0
2025-08-12 16:53:37,1869.2654545454548,917.8763636363637,1344.2327272727273,42.16618967187242,49.940825945214286,958.1639557506463,10.0,8.937227249145508,,,,,14.0,17.0,17.0
2025-08-12 16:53:43,1867.4036363636365,923.4618181818182,1344.2327272727273,41.84687056034454,50.49638273275006,958.1632426401961,10.0,8.901534080505371,,,,,14.0,18.0,18.0
2025-08-12 16:53:49,1869.2654545454548,923.4618181818182,1347.956363636364,41.8417202612618,51.356648880356786,958.1836797571137,10.0,8.914471626281738,,,,,14.0,17.0,18.0
2025-08-12 16:53:55,1867.4036363636365,914.1527272727274,1344.2327272727273,41.733564047754044,51.421079785881396,958.0774612895692,10.0,8.896113395690918,,,,,15.0,17.0,18.0
2025-08-12 16:54:01,1863.68,906.7054545454546,1344.2327272727273,42.05288276230567,51.40814845882779,958.1628404581605,10.0,8.905336380004883,,,,,15.0,20.0,22.0
2025-08-12 16:54:07,1859.9563636363637,891.8109090909091,1344.2327272727273,42.264045752584934,50.73708966880846,958.1418077509917,10.0,8.90235424041748,,,,,16.0,25.0,26.0
2025-08-12 16:54:13,1861.818181818182,893.6727272727273,1344.2327272727273,42.39795424381737,50.16669602019448,958.1455660983946,10.0,8.921149253845215,,,,,16.0,24.0,24.0
2025-08-12 16:54:19,1859.9563636363637,895.5345454545455,1342.370909090909,42.45975822920445,50.05301557088814,958.1819904968492,10.0,8.916433334350586,,,,,15.0,23.0,24.0
2025-08-12 16:54:25,1856.2327272727275,899.2581818181819,1340.5090909090911,42.233143821009435,50.35122922506788,958.2081649055197,10.0,8.878244400024414,,,,,15.0,22.0,23.0
2025-08-12 16:54:31,1858.0945454545456,904.8436363636364,1344.2327272727273,42.08893494552467,52.99728909487091,958.1606382734385,10.0,8.887839317321777,,,,,14.0,17.0,18.0
2025-08-12 16:54:37,1858.0945454545456,901.12,1338.6472727272728,42.35160128228017,52.147509563378875,958.1887427164489,10.0,8.907261848449707,,,,,14.0,17.0,19.0
2025-08-12 16:54:43,1858.0945454545456,901.12,1340.5090909090911,42.15588903790922,53.31143988776379,958.2048627515029,10.0,8.8951997756958,,,,,15.0,17.0,19.0
2025-08-12 16:54:49,1856.2327272727275,899.2581818181819,1338.6472727272728,42.25889542992809,52.45889971045485,958.1904629435265,10.0,8.890981674194336,,,,,15.0,17.0,18.0
2025-08-12 16:54:55,1858.0945454545456,902.9818181818183,1334.9236363636362,42.047732451581396,51.44417519431662,958.0987269075773,10.0,8.877013206481934,,,,,15.0,17.0,19.0
2025-08-12 16:55:01,1854.3709090909092,902.9818181818183,1336.7854545454545,42.10438588555553,51.7761023125581,958.1838553007493,10.0,8.864177703857422,,,,,15.0,18.0,18.0
2025-08-12 16:55:07,1856.2327272727275,895.5345454545455,1334.9236363636362,42.41340523623512,51.02235777416595,958.1405715681694,10.0,8.898244857788086,,,,,14.0,17.0,17.0
2025-08-12 17:10:41,1859.9563636363637,895.5345454545455,1323.7527272727273,41.862321459339,52.56594878187459,958.045570571577,10.0,8.875568389892578,,,,,12.0,16.0,16.0
2025-08-12 17:10:47,1858.0945454545456,895.5345454545455,1325.6145454545456,41.9910790528229,52.59239085925488,958.0699697010068,10.0,8.877666473388672,,,,,13.0,16.0,17.0
2025-08-12 17:10:50,1858.0945454545456,895.5345454545455,1325.6145454545456,42.28979737023474,52.026031312250566,958.095901649452,10.0,8.901734352111816,,,,,13.0,16.0,17.0
2025-08-12 17:10:53,1858.0945454545456,895.5345454545455,1327.4763636363637,42.24859478548751,51.68218447806662,958.0622045817919,10.0,8.896574974060059,,,,,13.0,16.0,17.0
2025-08-12 17:10:56,1856.2327272727275,889.949090909091,1325.6145454545456,42.47005889751017,51.402716102724945,958.1128462774129,10.0,8.90551471710205,,,,,12.0,15.0,17.0
2025-08-12 17:10:59,1854.3709090909092,888.0872727272728,1323.7527272727273,42.53186293179169,50.9216974563633,958.0364219149394,10.0,8.899797439575195,,,,,13.0,17.0,18.0
2025-08-12 17:11:02,1854.3709090909092,886.2254545454546,1325.6145454545456,42.526712594000855,50.79508922332198,958.0851032546577,10.0,8.898457527160645,,,,,14.0,17.0,18.0
2025-08-12 17:11:05,1852.509090909091,882.5018181818182,1321.8909090909092,42.66062147115008,50.71866134713476,958.1169229234401,10.0,8.900720596313477,,,,,14.0,18.0,20.0
2025-08-12 17:11:08,1848.7854545454547,884.3636363636365,1325.6145454545456,42.64517043682281,50.194039716558386,958.0655097410329,10.0,8.878137588500977,,,,,14.0,17.0,18.0
2025-08-12 17:11:11,1848.7854545454547,880.6400000000001,1323.7527272727273,42.7945305450412,50.15980742170604,958.1486831749926,10.0,8.891107559204102,,,,,14.0,18.0,19.0
2025-08-12 17:11:14,1846.9236363636364,878.7781818181818,1320.0290909090909,42.74302703180001,50.18928764636489,958.1277925668421,10.0,8.877371788024902,,,,,14.0,17.0,18.0
2025-08-12 17:11:20,1843.2000000000003,875.0545454545454,1321.8909090909092,43.01599598361645,49.378288400405324,958.114221440429,10.0,8.879410743713379,,,,,13.0,17.0,18.0
2025-08-12 17:11:26,1837.6145454545454,873.1927272727273,1318.1672727272728,43.02629671478644,49.12494601492476,958.1014528023093,10.0,8.851000785827637,,,,,14.0,18.0,18.0
2025-08-12 17:11:32,1837.6145454545454,876.9163636363637,1321.8909090909092,43.09325149576762,48.79970724018479,958.1454807678502,10.0,8.855069160461426,,,,,13.0,16.0,16.0
2025-08-12 17:11:38,1833.8909090909092,873.1927272727273,1316.3054545454547,43.185958196787396,48.37192718420409,958.0869671992502,10.0,8.842965126037598,,,,,13.0,16.0,16.0
2025-08-12 17:11:44,1832.0290909090909,875.0545454545454,1316.3054545454547,43.30956727816374,47.96228692935173,958.0747659146373,10.0,8.842726707458496,,,,,15.0,18.0,18.0
2025-08-12 17:11:47,1835.7527272727275,878.7781818181818,1316.3054545454547,43.39712381223217,47.84214711906745,958.1213965655635,10.0,8.8684663772583,,,,,15.0,17.0,17.0
2025-08-12 17:11:50,1833.8909090909092,882.5018181818182,1318.1672727272728,43.39712381223217,47.69713561876049,958.1496417259062,10.0,8.858071327209473,,,,,14.0,16.0,16.0
2025-08-12 17:11:53,1837.6145454545454,882.5018181818182,1318.1672727272728,43.51043239294086,47.2930151164481,958.1501410430247,10.0,8.885100364685059,,,,,14.0,16.0,16.0
2025-08-12 17:11:56,1835.7527272727275,882.5018181818182,1316.3054545454547,43.443477305496344,46.996431753148364,958.1061975616072,10.0,8.868425369262695,,,,,14.0,17.0,17.0
2025-08-12 17:11:59,1837.6145454545454,888.0872727272728,1318.1672727272728,43.340469574701274,47.019996627008396,958.0646445553632,10.0,8.868795394897461,,,,,14.0,17.0,17.0
2025-08-12 17:12:02,1839.4763636363637,888.0872727272728,1314.4436363636364,43.216860451415414,47.230690367878836,958.0486264004041,10.0,8.868131637573242,,,,,14.0,18.0,18.0
2025-08-12 17:12:05,1839.4763636363637,891.8109090909091,1318.1672727272728,43.17565744757303,47.327066042098416,958.1279814331631,10.0,8.864365577697754,,,,,14.0,17.0,17.0
2025-08-12 17:12:08,1839.4763636363637,893.6727272727273,1318.1672727272728,43.25291309505701,47.357786545241424,958.102722223663,10.0,8.871641159057617,,,,,13.0,17.0,17.0
2025-08-12 17:12:14,1843.2000000000003,895.5345454545455,1316.3054545454547,43.20655969870859,47.35143421317008,958.0614074925841,10.0,8.886455535888672,,,,,13.0,18.0,18.0
2025-08-12 17:12:17,1843.2000000000003,897.3963636363636,1316.3054545454547,43.448627695092,47.15360722690692,958.0856765500113,10.0,8.907269477844238,,,,,14.0,17.0,17.0
2025-08-12 17:12:23,1846.9236363636364,897.3963636363636,1318.1672727272728,43.36107111154706,46.832780822692,958.067308829339,10.0,8.91695499420166,,,,,13.0,17.0,17.0
2025-08-12 17:12:29,1846.9236363636364,902.9818181818183,1320.0290909090909,43.469229256385006,46.82733364280457,958.1165811528458,10.0,8.926454544067383,,,,,13.0,16.0,16.0
2025-08-12 17:12:35,1848.7854545454547,901.12,1316.3054545454547,43.422875750024104,46.8391670127312,958.103538594941,10.0,8.931888580322266,,,,,13.0,16.0,16.0
2025-08-12 17:12:41,1850.647272727273,901.12,1318.1672727272728,43.57223713269923,46.519532244267985,958.1015914898883,10.0,8.953410148620605,,,,,12.0,15.0,15.0
2025-08-12 17:12:44,1850.647272727273,902.9818181818183,1320.0290909090909,43.43317652717815,46.385873735753265,958.0624982596013,10.0,8.940491676330566,,,,,13.0,16.0,16.0
2025-08-12 17:12:47,1850.647272727273,902.9818181818183,1323.7527272727273,43.453778084978694,46.53709768747189,958.0934026776225,10.0,8.94285774230957,,,,,12.0,15.0,15.0
2025-08-12 17:12:50,1846.9236363636364,899.2581818181819,1318.1672727272728,43.47953003877774,46.61581242229299,958.0755361811821,10.0,8.926614761352539,,,,,13.0,16.0,16.0
2025-08-12 17:12:56,1848.7854545454547,904.8436363636364,1323.7527272727273,43.47437964743585,46.64601236672399,958.096058876385,10.0,8.93572998046875,,,,,14.0,16.0,16.0
2025-08-12 17:12:59,1850.647272727273,904.8436363636364,1320.0290909090909,43.422875750024104,46.59739306912809,958.103538594941,10.0,8.9403076171875,,,,,13.0,16.0,16.0
2025-08-12 17:13:02,1850.647272727273,902.9818181818183,1318.1672727272728,43.53618436274701,46.42866560583643,958.1887716232828,10.0,8.949172973632812,,,,,13.0,15.0,15.0
2025-08-12 17:13:05,1852.509090909091,908.5672727272728,1321.8909090909092,43.453778084978694,46.42828465261137,958.149897852679,10.0,8.951556205749512,,,,,13.0,16.0,16.0
2025-08-12 17:13:08,1854.3709090909092,910.429090909091,1320.0290909090909,43.35592072689906,46.433872680014495,958.1160687811919,10.0,8.952488899230957,,,,,13.0,16.0,16.0
2025-08-12 17:13:14,1854.3709090909092,910.429090909091,1320.0290909090909,43.09840186557267,47.16348991510489,958.1532105922557,10.0,8.932388305664062,,,,,13.0,16.0,16.0
2025-08-12 17:13:20,1852.509090909091,910.429090909091,1320.0290909090909,42.876936226763064,47.850157720880944,958.1312916599205,10.0,8.906224250793457,,,,,12.0,16.0,16.0
2025-08-12 17:22:23,1861.818181818182,914.1527272727274,1331.2,42.73272633264423,48.27735183844663,958.1123269258815,10.0,8.942896842956543,,,,,13.0,16.0,16.0
2025-08-12 17:22:29,1861.818181818182,908.5672727272728,1329.3381818181817,42.88723694221699,47.99508552249751,958.090308569629,10.0,8.955620765686035,,,,,14.0,16.0,16.0
2025-08-12 17:22:35,1859.9563636363637,910.429090909091,1333.0618181818184,42.68637320084963,48.717246796587695,958.0427323215004,10.0,8.931675910949707,,,,,12.0,16.0,16.0
2025-08-12 17:22:41,1859.9563636363637,906.7054545454546,1334.9236363636362,42.66062147115008,49.042645250899085,958.0322826045876,10.0,8.93089485168457,,,,,12.0,15.0,15.0
2025-08-12 17:22:47,1856.2327272727275,902.9818181818183,1327.4763636363637,42.90783837661729,48.29701145201634,958.0930095352034,10.0,8.930293083190918,,,,,12.0,16.0,16.0
2025-08-12 17:22:53,1858.0945454545456,906.7054545454546,1333.0618181818184,43.05204854780459,47.79116549534356,958.0836427335354,10.0,8.950569152832031,,,,,13.0,16.0,17.0
2025-08-12 17:22:59,1856.2327272727275,901.12,1327.4763636363637,43.299266514979536,46.989539638704855,958.0310704741578,10.0,8.959918975830078,,,,,13.0,16.0,18.0
2025-08-12 17:23:05,1856.2327272727275,897.3963636363636,1327.4763636363637,43.5207331799902,46.64020251388294,958.1090922721452,10.0,8.977740287780762,,,,,14.0,18.0,19.0
2025-08-12 17:23:11,1856.2327272727275,897.3963636363636,1333.0618181818184,43.55163554812316,45.9449794870235,958.0989428745789,10.0,8.977340698242188,,,,,14.0,16.0,16.0
2025-08-12 17:23:14,1856.2327272727275,893.6727272727273,1329.3381818181817,43.55678594383062,45.82404642946258,958.106668175058,10.0,8.97713565826416,,,,,13.0,16.0,16.0
2025-08-12 17:23:20,1852.509090909091,891.8109090909091,1331.2,43.489830822334625,45.88429215221662,958.0344895345421,10.0,8.952807426452637,,,,,13.0,18.0,19.0
2025-08-12 17:23:26,1854.3709090909092,884.3636363636365,1329.3381818181817,43.61344031582121,45.67301901702537,958.1351385242887,10.0,8.9717378616333,,,,,13.0,20.0,20.0
2025-08-12 17:23:32,1854.3709090909092,884.3636363636365,1327.4763636363637,43.68554593110457,45.77607274439668,958.1020023851223,10.0,8.978964805603027,,,,,13.0,19.0,19.0
2025-08-12 17:23:38,1856.2327272727275,891.8109090909091,1327.4763636363637,43.67524512542877,45.24366017931372,958.0865542105349,10.0,8.985228538513184,,,,,12.0,17.0,17.0
2025-08-12 17:23:44,1856.2327272727275,901.12,1327.4763636363637,43.43317652717815,45.478991960127914,958.0060049788872,10.0,8.965104103088379,,,,,13.0,16.0,16.0
2025-08-12 17:23:50,1858.0945454545456,899.2581818181819,1325.6145454545456,43.340469574701274,45.69033354362161,958.0081592468152,10.0,8.967174530029297,,,,,13.0,15.0,17.0
2025-08-12 17:23:56,1858.0945454545456,899.2581818181819,1327.4763636363637,43.448627695092,45.78740937841842,957.9444400922445,10.0,8.977829933166504,,,,,12.0,16.0,16.0
2025-08-12 17:24:02,1856.2327272727275,893.6727272727273,1323.7527272727273,43.55163554812316,45.666787933050614,957.9859359091085,10.0,8.976728439331055,,,,,12.0,16.0,19.0
2025-08-12 17:24:08,1854.3709090909092,888.0872727272728,1325.6145454545456,43.16020632593427,46.47523639468429,957.9918550742149,10.0,8.935521125793457,,,,,13.0,16.0,20.0
2025-08-12 17:24:14,1852.509090909091,884.3636363636365,1327.4763636363637,43.34561995847616,46.56074281535167,958.0723714936421,10.0,8.942594528198242,,,,,13.0,16.0,19.0
2025-08-12 17:42:08,1863.68,914.1527272727274,1329.3381818181817,41.92412508151028,51.4060925663827,957.8848173496134,10.0,8.895563125610352,,,,,13.0,16.0,16.0
2025-08-12 17:42:14,1865.5418181818181,916.0145454545454,1331.2,42.135287773475284,50.84359878847045,957.891999757678,10.0,8.92141342163086,,,,,12.0,16.0,17.0
2025-08-12 17:42:20,1865.5418181818181,921.6000000000001,1334.9236363636362,42.16618967187242,50.29612375821238,957.9948026845518,10.0,8.921035766601562,,,,,12.0,15.0,18.0
2025-08-12 17:42:26,1865.5418181818181,919.7381818181818,1331.2,42.09408525857725,50.3975004781763,957.886486862679,10.0,8.915682792663574,,,,,12.0,14.0,17.0
2025-08-12 17:42:32,1865.5418181818181,921.6000000000001,1331.2,42.31039866959327,49.96675494779468,957.8730634953664,10.0,8.933321952819824,,,,,12.0,14.0,17.0
2025-08-12 17:42:35,1865.5418181818181,925.3236363636365,1334.9236363636362,42.2794967223017,49.845884528099006,957.9112464058322,10.0,8.929757118225098,,,,,12.0,15.0,18.0
2025-08-12 17:42:38,1865.5418181818181,927.1854545454546,1334.9236363636362,42.2846470461227,49.78570810154279,957.9471788507147,10.0,8.929730415344238,,,,,13.0,15.0,16.0
2025-08-12 17:42:41,1869.2654545454548,927.1854545454546,1333.0618181818184,42.1610393547453,50.145510511180454,957.8742983257632,10.0,8.939738273620605,,,,,13.0,16.0,16.0
2025-08-12 17:42:47,1869.2654545454548,927.1854545454546,1333.0618181818184,42.2125425391132,50.067894645072386,957.9516594571629,10.0,8.943523406982422,,,,,13.0,16.0,16.0
2025-08-12 17:42:53,1867.4036363636365,923.4618181818182,1333.0618181818184,42.30524834431708,49.90042396086169,957.9217248795195,10.0,8.941761016845703,,,,,14.0,16.0,16.0
2025-08-12 17:42:59,1869.2654545454548,925.3236363636365,1336.7854545454545,42.516411919292295,49.21593432087174,957.9285984801992,10.0,8.967129707336426,,,,,14.0,16.0,16.0
2025-08-12 17:43:05,1865.5418181818181,923.4618181818182,1333.0618181818184,42.495810573367635,49.11925969996832,957.9540779994687,10.0,8.945599555969238,,,,,14.0,17.0,18.0
2025-08-12 17:43:11,1865.5418181818181,921.6000000000001,1333.0618181818184,42.444307228928665,48.871569984656524,957.9049461413343,10.0,8.940081596374512,,,,,15.0,18.0,19.0
2025-08-12 17:43:17,1865.5418181818181,923.4618181818182,1336.7854545454545,42.56791530447663,49.05371984904227,957.9777226337388,10.0,8.951655387878418,,,,,14.0,17.0,18.0
2025-08-12 17:43:20,1867.4036363636365,923.4618181818182,1334.9236363636362,42.588516666699434,48.740397725970816,957.9240248001345,10.0,8.961902618408203,,,,,14.0,17.0,17.0
2025-08-12 17:43:23,1867.4036363636365,925.3236363636365,1331.2,42.557614625111455,48.65567499867871,957.9058384287292,10.0,8.958854675292969,,,,,14.0,17.0,17.0
2025-08-12 17:43:26,1867.4036363636365,927.1854545454546,1336.7854545454545,42.41340523623512,48.63014573289297,957.9431520799684,10.0,8.945488929748535,,,,,14.0,19.0,19.0
2025-08-12 17:43:29,1867.4036363636365,925.3236363636365,1333.0618181818184,42.37735292466823,48.97936174440161,957.9172133704517,10.0,8.944011688232422,,,,,14.0,17.0,17.0
2025-08-12 17:43:32,1869.2654545454548,929.0472727272728,1334.9236363636362,42.19709158074693,49.423226544919274,957.7874841876202,10.0,8.940206527709961,,,,,15.0,17.0,17.0
2025-08-12 17:43:35,1869.2654545454548,930.909090909091,1334.9236363636362,41.8262693657598,49.906383756192085,957.9068579279082,10.0,8.908185005187988,,,,,14.0,17.0,17.0
2025-08-12 17:48:32,1867.4036363636365,923.4618181818182,1338.6472727272728,42.119836828205734,50.17507380449664,957.8124105744205,10.0,8.927003860473633,,,,,11.0,14.0,14.0
2025-08-12 17:48:35,1865.5418181818181,923.4618181818182,1338.6472727272728,42.31039866959327,50.00289957949062,957.8730634953664,10.0,8.933521270751953,,,,,11.0,14.0,14.0
2025-08-12 17:48:41,1865.5418181818181,917.8763636363637,1334.9236363636362,42.30524834431708,49.62329999581761,957.865328821785,10.0,8.931246757507324,,,,,13.0,15.0,15.0
2025-08-12 17:48:44,1865.5418181818181,919.7381818181818,1336.7854545454545,42.38765358366072,49.479665844103124,957.8762791108257,10.0,8.937981605529785,,,,,13.0,15.0,15.0
2025-08-12 17:48:47,1865.5418181818181,919.7381818181818,1334.9236363636362,42.330999973608414,49.45490411973281,957.9322015027575,10.0,8.932373046875,,,,,14.0,16.0,17.0
2025-08-12 17:48:50,1867.4036363636365,921.6000000000001,1338.6472727272728,42.27434639877174,49.616904925120615,957.8189211154655,10.0,8.93828296661377,,,,,13.0,15.0,17.0
2025-08-12 17:48:53,1867.4036363636365,925.3236363636365,1336.7854545454545,42.09408525857725,50.07839546597673,957.9146758146532,10.0,8.923579216003418,,,,,14.0,18.0,19.0
2025-08-12 17:48:56,1867.4036363636365,925.3236363636365,1338.6472727272728,42.02713121159468,50.24608318691412,957.8422827277042,10.0,8.918791770935059,,,,,13.0,19.0,20.0
2025-08-12 17:49:02,1867.4036363636365,919.7381818181818,1334.9236363636362,42.119836828205734,50.24130740295406,957.8406005822944,10.0,8.927080154418945,,,,,13.0,20.0,20.0
2025-08-12 17:49:05,1869.2654545454548,921.6000000000001,1336.7854545454545,42.16618967187242,50.06729214064077,957.8538423365187,10.0,8.939905166625977,,,,,13.0,19.0,19.0
2025-08-12 17:49:08,1869.2654545454548,923.4618181818182,1336.7854545454545,42.09923557192087,50.06039909293319,957.8378453039907,10.0,8.93393611907959,,,,,13.0,17.0,17.0
2025-08-12 17:49:11,1867.4036363636365,923.4618181818182,1334.9236363636362,42.10438588555553,50.12067859731248,957.8173922595394,10.0,8.925317764282227,,,,,13.0,17.0,17.0
2025-08-12 17:49:14,1869.2654545454548,929.0472727272728,1340.5090909090911,42.04258214114816,50.1680279308936,957.8373070281659,10.0,8.929401397705078,,,,,12.0,17.0,17.0
2025-08-12 17:49:17,1869.2654545454548,929.0472727272728,1340.5090909090911,42.02713121159468,50.414638052308455,957.8140967057356,10.0,8.929313659667969,,,,,13.0,17.0,17.0
2025-08-12 17:49:20,1869.2654545454548,925.3236363636365,1336.7854545454545,42.11468651369796,50.50013626328668,957.8328644586601,10.0,8.937459945678711,,,,,13.0,17.0,17.0
2025-08-12 17:49:23,1869.2654545454548,927.1854545454546,1338.6472727272728,41.949876603117445,50.76263426836996,957.8389605563654,10.0,8.92378044128418,,,,,13.0,17.0,17.0
2025-08-12 17:49:26,1869.2654545454548,925.3236363636365,1338.6472727272728,41.9910790528229,50.64888041284614,957.8726777026968,10.0,8.926722526550293,,,,,13.0,16.0,16.0
2025-08-12 17:49:29,1867.4036363636365,925.3236363636365,1336.7854545454545,42.04258214114816,50.57136440259618,957.921867195057,10.0,8.921183586120605,,,,,12.0,16.0,16.0
2025-08-12 17:49:32,1871.1272727272728,927.1854545454546,1340.5090909090911,41.9910790528229,50.51044555782008,957.9008622149652,10.0,8.935412406921387,,,,,13.0,16.0,16.0
2025-08-12 17:49:35,1869.2654545454548,929.0472727272728,1340.5090909090911,41.96017721379758,50.72065708232373,957.8826190448364,10.0,8.924250602722168,,,,,14.0,17.0,17.0
2025-08-12 17:53:39,1852.509090909091,899.2581818181819,1329.3381818181817,42.32584964716807,50.304297713388415,957.8398698175065,10.0,8.869887351989746,,,,,13.0,17.0,18.0
2025-08-12 17:53:45,1850.647272727273,893.6727272727273,1325.6145454545456,42.53701326987357,49.716482586936216,957.9877397621203,10.0,8.875638961791992,,,,,14.0,17.0,19.0
2025-08-12 17:53:48,1850.647272727273,893.6727272727273,1331.2,42.50611124574789,49.53529022584541,957.8849252890774,10.0,8.872664451599121,,,,,15.0,18.0,19.0
2025-08-12 17:53:51,1850.647272727273,893.6727272727273,1331.2,42.516411919292295,49.426912786195885,957.8721842488947,10.0,8.873147010803223,,,,,15.0,19.0,20.0
2025-08-12 17:53:54,1846.9236363636364,893.6727272727273,1325.6145454545456,42.36705226683989,49.17209928946642,957.873543849518,10.0,8.839432716369629,,,,,15.0,19.0,20.0
2025-08-12 17:54:00,1846.9236363636364,893.6727272727273,1325.6145454545456,42.2794967223017,49.743475820763194,957.8830494819886,10.0,8.834228515625,,,,,15.0,18.0,20.0
2025-08-12 17:54:06,1848.7854545454547,891.8109090909091,1325.6145454545456,42.3155489951605,49.852358693879076,957.8525997317178,10.0,8.847712516784668,,,,,15.0,18.0,18.0
2025-08-12 17:54:12,1848.7854545454547,891.8109090909091,1327.4763636363637,42.36190193836228,49.66013105534194,957.8376092449633,10.0,8.851076126098633,,,,,15.0,18.0,18.0
2025-08-12 17:54:18,1848.7854545454547,888.0872727272728,1325.6145454545456,42.43915689608548,49.606822967469995,957.9254162157489,10.0,8.857250213623047,,,,,15.0,18.0,18.0
2025-08-12 17:54:24,1845.0618181818181,886.2254545454546,1325.6145454545456,42.547313946910435,49.52371666564584,957.89037301718,10.0,8.84809398651123,,,,,15.0,18.0,18.0
2025-08-12 17:54:27,1846.9236363636364,888.0872727272728,1325.6145454545456,42.43400656353333,50.05871011906956,957.9176822785845,10.0,8.84970760345459,,,,,15.0,17.0,17.0
2025-08-12 17:54:30,1848.7854545454547,891.8109090909091,1323.7527272727273,42.30524834431708,50.09921635170776,957.865328821785,10.0,8.847899436950684,,,,,14.0,17.0,17.0
2025-08-12 17:54:36,1848.7854545454547,888.0872727272728,1320.0290909090909,42.20739221936674,50.34485702174058,957.8593417944242,10.0,8.840360641479492,,,,,15.0,18.0,18.0
2025-08-12 17:54:39,1848.7854545454547,893.6727272727273,1325.6145454545456,42.047732451581396,50.583476543239534,957.8450438344793,10.0,8.827116012573242,,,,,15.0,18.0,18.0
2025-08-12 17:54:42,1848.7854545454547,893.6727272727273,1321.8909090909092,41.92412508151028,50.96083698366942,957.8566357280507,10.0,8.817694664001465,,,,,13.0,17.0,17.0
2025-08-12 17:54:45,1852.509090909091,899.2581818181819,1323.7527272727273,41.8262693657598,51.476708498408236,957.8505030907047,10.0,8.830366134643555,,,,,13.0,17.0,17.0
2025-08-12 17:54:51,1850.647272727273,897.3963636363636,1323.7527272727273,41.89837356717908,52.14559729742256,957.8743068439486,10.0,8.830483436584473,,,,,12.0,16.0,17.0
2025-08-12 17:54:57,1852.509090909091,893.6727272727273,1321.8909090909092,42.08893494552467,51.38464799657091,957.8223727474043,10.0,8.853853225708008,,,,,12.0,15.0,16.0
2025-08-12 17:55:03,1852.509090909091,897.3963636363636,1325.6145454545456,42.14043808914721,51.602157073309094,957.8433543218033,10.0,8.859404563903809,,,,,11.0,16.0,18.0
2025-08-12 17:55:09,1852.509090909091,899.2581818181819,1325.6145454545456,42.181640625,50.94061250022054,957.905242586144,10.0,8.859504699707031,,,,,12.0,17.0,19.0
2025-08-12 18:28:45,1848.7854545454547,899.2581818181819,1327.4763636363637,41.022826409112895,57.433065486944514,957.6847097095555,10.0,8.76942253112793,,,,,11.0,16.0,17.0
2025-08-12 18:28:51,1846.9236363636364,893.6727272727273,1325.6145454545456,41.182484381482936,56.550185888005835,957.7277549409985,10.0,8.769948959350586,,,,,11.0,15.0,15.0
2025-08-12 18:28:57,1846.9236363636364,895.5345454545455,1325.6145454545456,41.32154155304306,56.09198825995072,957.6834373487909,10.0,8.780450820922852,,,,,11.0,15.0,15.0
2025-08-12 18:29:03,1845.0618181818181,895.5345454545455,1325.6145454545456,41.29063994102762,56.21117287920344,957.6651398127411,10.0,8.768950462341309,,,,,12.0,17.0,17.0
2025-08-12 18:29:09,1845.0618181818181,893.6727272727273,1323.7527272727273,41.403945902973646,55.77606259955543,957.7791524052145,10.0,8.776419639587402,,,,,12.0,17.0,17.0
2025-08-12 18:29:15,1845.0618181818181,895.5345454545455,1323.7527272727273,41.40909617731813,55.18793324799229,957.702416305779,10.0,8.77432918548584,,,,,13.0,17.0,17.0
2025-08-12 18:29:21,1846.9236363636364,899.2581818181819,1321.8909090909092,41.434847553406144,55.54875250086776,957.6284816150874,10.0,8.788193702697754,,,,,13.0,17.0,17.0
2025-08-12 18:29:27,1846.9236363636364,897.3963636363636,1325.6145454545456,41.51725200578221,55.022432977789535,957.6960045522937,10.0,8.792665481567383,,,,,13.0,16.0,16.0
2025-08-12 18:29:33,1846.9236363636364,889.949090909091,1320.0290909090909,41.38334480850608,56.32765626574194,957.6355513953546,10.0,8.787668228149414,,,,,12.0,15.0,17.0
2025-08-12 18:29:39,1845.0618181818181,888.0872727272728,1320.0290909090909,41.39364535515779,55.775798603467,957.679192236743,10.0,8.77621841430664,,,,,11.0,14.0,17.0
2025-08-12 18:29:45,1845.0618181818181,888.0872727272728,1321.8909090909092,41.38334480850608,55.607479640192,957.720026086187,10.0,8.774205207824707,,,,,11.0,14.0,17.0
2025-08-12 18:29:51,1846.9236363636364,886.2254545454546,1320.0290909090909,41.52240228652954,55.84513450796663,957.7037449237359,10.0,8.797532081604004,,,,,11.0,14.0,17.0
2025-08-12 18:29:57,1843.2000000000003,888.0872727272728,1321.8909090909092,41.52755256756791,55.10074401259539,957.7114853115118,10.0,8.775365829467773,,,,,12.0,15.0,16.0
2025-08-12 18:30:03,1846.9236363636364,891.8109090909091,1323.7527272727273,41.47604977028095,55.18956331754156,957.6904065815729,10.0,8.789972305297852,,,,,12.0,15.0,16.0
2025-08-12 18:30:09,1846.9236363636364,888.0872727272728,1316.3054545454547,41.429697277606465,55.25447235537286,957.7333819605933,10.0,8.785942077636719,,,,,12.0,16.0,17.0
2025-08-12 18:30:15,1846.9236363636364,895.5345454545455,1320.0290909090909,41.30609074572567,56.25958402639505,957.6320565083872,10.0,8.780191421508789,,,,,14.0,17.0,18.0
2025-08-12 18:30:21,1846.9236363636364,895.5345454545455,1320.0290909090909,41.46059893677011,55.63944636740762,957.723507726055,10.0,8.790525436401367,,,,,14.0,18.0,18.0
2025-08-12 18:30:27,1850.647272727273,897.3963636363636,1321.8909090909092,41.32154155304306,55.82795812971983,957.62712623525,10.0,8.79819107055664,,,,,15.0,18.0,18.0
2025-08-12 18:30:33,1850.647272727273,897.3963636363636,1320.0290909090909,41.17218385869637,55.89009190548037,957.6559694528187,10.0,8.784811019897461,,,,,15.0,18.0,18.0
2025-08-12 18:30:39,1852.509090909091,902.9818181818183,1321.8909090909092,41.37304426301853,55.92530914503692,957.7327004292993,10.0,8.811969757080078,,,,,13.0,16.0,17.0
2025-08-12 18:43:01,1854.3709090909092,904.8436363636364,1314.4436363636364,40.91982141407789,58.10716530380615,957.6423723158535,10.0,8.791760444641113,,,,,12.0,15.0,17.0
2025-08-12 18:43:07,1850.647272727273,880.6400000000001,1312.5818181818183,40.90437067486346,58.10069685273496,957.6191366176017,10.0,8.77235221862793,,,,,13.0,16.0,18.0
2025-08-12 18:43:13,1854.3709090909092,856.4363636363636,1310.72,40.83741750186891,57.63132882298672,957.6309890489617,10.0,8.802138328552246,,,,,14.0,17.0,19.0
2025-08-12 18:43:19,1859.9563636363637,862.0218181818183,1312.5818181818183,40.8168165354582,57.68463337963473,957.6562732527937,10.0,8.809618949890137,,,,,14.0,18.0,19.0
2025-08-12 18:43:25,1858.0945454545456,873.1927272727273,1306.9963636363636,40.70866153819952,57.801177452347744,957.5498631458365,10.0,8.791322708129883,,,,,15.0,19.0,19.0
2025-08-12 18:43:31,1863.68,895.5345454545455,1312.5818181818183,40.270892622327665,58.87077203712608,957.6223433469249,10.0,8.784218788146973,,,,,14.0,17.0,19.0
2025-08-12 18:43:37,1865.5418181818181,906.7054545454546,1312.5818181818183,40.01853267336264,59.39453683991084,957.6359630167706,10.0,8.773335456848145,,,,,12.0,15.0,19.0
2025-08-12 18:43:43,1869.2654545454548,919.7381818181818,1314.4436363636364,39.67347020065063,60.9712770599226,957.678227259674,10.0,8.768473625183105,,,,,12.0,16.0,20.0
2025-08-12 18:43:49,1871.1272727272728,929.0472727272728,1318.1672727272728,39.14815372080193,62.769894922832336,957.7009390637315,10.0,8.739049911499023,,,,,11.0,17.0,21.0
2025-08-12 18:43:55,1872.989090909091,932.7709090909091,1321.8909090909092,38.828845183277735,64.15599948659631,957.6965862710448,10.0,8.72644329071045,,,,,12.0,18.0,19.0
2025-08-12 18:44:01,1874.8509090909092,934.6327272727274,1321.8909090909092,38.81854492650018,65.75077343082536,957.6810579808333,10.0,8.742826461791992,,,,,14.0,19.0,19.0
2025-08-12 18:44:07,1869.2654545454548,910.429090909091,1320.0290909090909,39.16360416228417,65.31479599837613,957.5839095011066,10.0,8.744308471679688,,,,,13.0,20.0,20.0
2025-08-12 18:44:13,1865.5418181818181,899.2581818181819,1325.6145454545456,39.49321420455817,64.30499726515221,957.6313720147638,10.0,8.75031566619873,,,,,12.0,19.0,19.0
2025-08-12 18:44:16,1863.68,889.949090909091,1321.8909090909092,39.508664704539115,64.21029062709412,957.6265678934933,10.0,8.742135047912598,,,,,11.0,18.0,18.0
2025-08-12 18:44:22,1854.3709090909092,876.9163636363637,1318.1672727272728,39.61166810468421,63.98229053559189,957.613231443799,10.0,8.717693328857422,,,,,11.0,15.0,16.0
2025-08-12 18:44:28,1850.647272727273,869.4690909090909,1318.1672727272728,39.843426180654205,63.210701965485484,957.653283087687,10.0,8.737625122070312,,,,,12.0,16.0,19.0
2025-08-12 18:44:34,1846.9236363636364,875.0545454545454,1320.0290909090909,39.9464299591491,62.546354771603674,957.5836126113427,10.0,8.712409973144531,,,,,12.0,15.0,18.0
2025-08-12 18:44:40,1848.7854545454547,882.5018181818182,1318.1672727272728,39.89492805534974,62.10836987339411,957.6465501053833,10.0,8.691466331481934,,,,,13.0,17.0,19.0
2025-08-12 18:44:46,1854.3709090909092,902.9818181818183,1320.0290909090909,39.848576366814086,61.933361092570955,957.6329457708484,10.0,8.714088439941406,,,,,13.0,17.0,19.0
2025-08-12 18:44:52,1854.3709090909092,910.429090909091,1320.0290909090909,39.98763150314335,61.53268998875481,957.6737386684166,10.0,8.724225997924805,,,,,11.0,16.0,17.0
2025-08-12 18:44:58,1858.0945454545456,912.2909090909092,1320.0290909090909,40.08033504523337,60.93874838174051,957.6446960216559,10.0,8.748544692993164,,,,,11.0,14.0,15.0
2025-08-12 18:45:04,1858.0945454545456,912.2909090909092,1320.0290909090909,40.14213745901361,60.701984770633636,957.6534153219887,10.0,8.75290298461914,,,,,10.0,14.0,15.0
2025-08-12 18:45:07,1858.0945454545456,914.1527272727274,1320.0290909090909,40.09063544461969,60.71204040887317,957.6320988830782,10.0,8.748366355895996,,,,,11.0,15.0,16.0
2025-08-12 18:45:13,1859.9563636363637,917.8763636363637,1323.7527272727273,40.023682869417826,60.68566898356335,957.6437162245378,10.0,8.75148868560791,,,,,10.0,15.0,17.0
2025-08-12 18:45:19,1861.818181818182,912.2909090909092,1320.0290909090909,40.075184845976764,60.693542256170836,957.6369433069231,10.0,8.765734672546387,,,,,11.0,16.0,17.0
2025-08-12 18:45:25,1861.818181818182,917.8763636363637,1321.8909090909092,39.88977786657051,60.79423149281163,957.6107017692758,10.0,8.749639511108398,,,,,11.0,15.0,17.0
2025-08-12 18:45:31,1865.5418181818181,925.3236363636365,1327.4763636363637,39.678620377206244,61.74755161649798,957.6298140326824,10.0,8.754027366638184,,,,,11.0,16.0,18.0
2025-08-12 18:45:37,1863.68,916.0145454545454,1321.8909090909092,39.812525069806725,61.93193252394634,957.634844722625,10.0,8.75750732421875,,,,,12.0,15.0,16.0
2025-08-12 18:45:43,1859.9563636363637,912.2909090909092,1323.7527272727273,39.874327301979065,61.75523546687211,957.6155327344779,10.0,8.743561744689941,,,,,12.0,16.0,17.0
2025-08-12 18:45:49,1861.818181818182,916.0145454545454,1325.6145454545456,39.699221086339094,62.03488163917945,957.6046672146825,10.0,8.738486289978027,,,,,13.0,17.0,18.0
2025-08-12 18:45:55,1858.0945454545456,906.7054545454546,1321.8909090909092,39.797074518312,62.24773495839195,957.6958497749221,10.0,8.729330062866211,,,,,14.0,18.0,19.0
2025-08-12 18:46:01,1858.0945454545456,908.5672727272728,1321.8909090909092,39.90007824442,61.92345758016973,957.6262100695454,10.0,8.73737907409668,,,,,12.0,16.0,17.0
2025-08-12 18:46:07,1859.9563636363637,910.429090909091,1325.6145454545456,40.0133824775985,61.467972859083716,957.6563091207047,10.0,8.754517555236816,,,,,12.0,16.0,17.0
2025-08-12 18:46:13,1858.0945454545456,910.429090909091,1323.7527272727273,40.04428365654894,61.3735719227811,957.6185279733701,10.0,8.747672080993652,,,,,12.0,15.0,15.0
2025-08-12 18:46:19,1858.0945454545456,910.429090909091,1323.7527272727273,40.06488444833667,61.22498736571975,957.6214379285537,10.0,8.748766899108887,,,,,12.0,16.0,16.0
2025-08-12 18:46:25,1859.9563636363637,914.1527272727274,1325.6145454545456,40.05458405186073,60.80632338136038,957.6902358292364,10.0,8.75462818145752,,,,,12.0,16.0,16.0
2025-08-12 18:46:31,1858.0945454545456,914.1527272727274,1325.6145454545456,40.00308208694332,61.055354582181266,957.6689011972875,10.0,8.741943359375,,,,,12.0,15.0,15.0
2025-08-12 18:46:37,1859.9563636363637,910.429090909091,1325.6145454545456,40.0700346470112,60.95629043346256,957.6853940913362,10.0,8.756913185119629,,,,,12.0,16.0,16.0
2025-08-12 18:46:43,1859.9563636363637,906.7054545454546,1321.8909090909092,40.24514157511294,60.705775630837174,957.6398077546121,10.0,8.771882057189941,,,,,13.0,15.0,15.0
2025-08-12 18:46:49,1859.9563636363637,904.8436363636364,1325.6145454545456,40.30694410065189,60.3971188473135,957.6203759123913,10.0,8.776090621948242,,,,,12.0,15.0,15.0
2025-08-12 18:48:55,1867.4036363636365,929.0472727272728,1325.6145454545456,39.822825438925065,60.74993433961939,957.6222636802012,10.0,8.771750450134277,,,,,12.0,15.0,16.0
2025-08-12 18:49:01,1871.1272727272728,929.0472727272728,1327.4763636363637,40.023682869417826,60.58408381175454,957.6156164957413,10.0,8.808123588562012,,,,,11.0,14.0,17.0
2025-08-12 18:49:07,1869.2654545454548,932.7709090909091,1329.3381818181817,39.9927816974523,60.56502587523296,957.6533940279706,10.0,8.795478820800781,,,,,11.0,14.0,17.0
2025-08-12 18:49:13,1871.1272727272728,929.0472727272728,1327.4763636363637,40.00308208694332,60.517598881749095,957.6408023367981,10.0,8.805769920349121,,,,,11.0,13.0,16.0
2025-08-12 18:49:19,1871.1272727272728,932.7709090909091,1333.0618181818184,39.910378623433644,60.693439653641725,957.69790820786,10.0,8.797852516174316,,,,,10.0,13.0,15.0
2025-08-12 18:49:25,1871.1272727272728,930.909090909091,1329.3381818181817,39.93612957606092,60.75413325791919,957.6242976996297,10.0,8.80097484588623,,,,,11.0,14.0,15.0
2025-08-12 18:49:31,1871.1272727272728,929.0472727272728,1329.3381818181817,40.023682869417826,60.79322641998416,957.6156164957413,10.0,8.809135437011719,,,,,12.0,15.0,18.0
2025-08-12 18:49:37,1871.1272727272728,932.7709090909091,1333.0618181818184,39.86917711436399,60.66802416940792,957.635871514444,10.0,8.794426918029785,,,,,12.0,15.0,19.0
2025-08-12 18:49:43,1872.989090909091,930.909090909091,1329.3381818181817,39.7507228795439,61.24885924783418,957.6541377178168,10.0,8.795924186706543,,,,,12.0,16.0,19.0
2025-08-12 18:49:49,1872.989090909091,930.909090909091,1331.2,39.791924335062504,61.304175630646526,957.631914574982,10.0,8.800056457519531,,,,,12.0,17.0,19.0
2025-08-12 18:49:55,1874.8509090909092,938.3563636363637,1338.6472727272728,39.74557269891375,61.34419582107914,957.6463820150652,10.0,8.805440902709961,,,,,12.0,17.0,17.0
2025-08-12 18:50:01,1874.8509090909092,938.3563636363637,1334.9236363636362,39.66316984841251,61.54996269452814,957.6346298785637,10.0,8.79907512664795,,,,,12.0,16.0,16.0
2025-08-12 18:50:07,1874.8509090909092,932.7709090909091,1334.9236363636362,39.64256914742873,61.71032208360229,957.5755213979942,10.0,8.798397064208984,,,,,12.0,18.0,18.0
2025-08-12 18:50:13,1876.7127272727273,921.6000000000001,1336.7854545454545,39.70952144265175,61.641312047393015,957.6482650051701,10.0,8.81314754486084,,,,,14.0,18.0,18.0
2025-08-12 18:50:19,1878.5745454545456,916.0145454545454,1333.0618181818184,39.570466730656335,61.725395267803705,957.6354197865599,10.0,8.810585975646973,,,,,14.0,19.0,19.0
2025-08-12 18:50:25,1878.5745454545456,912.2909090909092,1336.7854545454545,39.37476045839139,62.433453559605766,957.6494496618025,10.0,8.796263694763184,,,,,14.0,20.0,20.0
2025-08-12 18:50:31,1876.7127272727273,901.12,1334.9236363636362,39.549866050627315,62.57783576651287,957.6043913259226,10.0,8.803609848022461,,,,,13.0,18.0,18.0
2025-08-12 18:50:37,1874.8509090909092,904.8436363636364,1334.9236363636362,39.482913872692734,63.08804505663478,957.6720094284354,10.0,8.790068626403809,,,,,12.0,18.0,18.0
2025-08-12 18:50:43,1874.8509090909092,912.2909090909092,1333.0618181818184,39.2511567134934,63.805432040496065,957.6597042504524,10.0,8.772680282592773,,,,,12.0,18.0,18.0
2025-08-12 18:50:49,1876.7127272727273,921.6000000000001,1334.9236363636362,38.828845183277735,64.60846688109982,957.7526831151646,10.0,8.747268676757812,,,,,12.0,18.0,18.0
2025-08-12 18:50:55,1878.5745454545456,930.909090909091,1338.6472727272728,38.416835820215056,66.62306767483702,957.6361189461245,10.0,8.730067253112793,,,,,11.0,17.0,17.0
2025-08-12 18:51:01,1876.7127272727273,930.909090909091,1334.9236363636362,38.38593519307324,67.52485058931612,957.6455741984814,10.0,8.722084045410156,,,,,12.0,17.0,17.0
2025-08-12 18:51:07,1876.7127272727273,927.1854545454546,1336.7854545454545,38.72069254517555,67.2688200878789,957.645717459674,10.0,8.751092910766602,,,,,13.0,16.0,16.0
2025-08-12 18:51:13,1876.7127272727273,917.8763636363637,1342.370909090909,38.91124727940769,66.63605818390776,957.6244513864079,10.0,8.765405654907227,,,,,12.0,15.0,15.0
2025-08-12 18:51:19,1874.8509090909092,914.1527272727274,1336.7854545454545,39.09665226811194,66.18099840793937,957.6513858597339,10.0,8.770288467407227,,,,,11.0,15.0,15.0
2025-08-12 18:51:25,1874.8509090909092,912.2909090909092,1338.6472727272728,39.10695255632163,65.46695742407829,957.6107881508204,10.0,8.768031120300293,,,,,13.0,17.0,17.0
2025-08-12 18:51:31,1874.8509090909092,916.0145454545454,1338.6472727272728,39.02455028324039,65.2546324288759,957.6830111062907,10.0,8.759064674377441,,,,,12.0,16.0,16.0
2025-08-12 18:51:37,1876.7127272727273,923.4618181818182,1338.6472727272728,38.80824467088678,65.72647188029948,957.6655297611604,10.0,8.7514066696167,,,,,11.0,15.0,15.0
2025-08-12 18:51:43,1876.7127272727273,919.7381818181818,1338.6472727272728,39.07090155268088,65.63792381400872,957.6406376029347,10.0,8.774881362915039,,,,,11.0,14.0,14.0
2025-08-12 18:51:49,1876.7127272727273,925.3236363636365,1340.5090909090911,39.26145701916539,65.28367220291763,957.619090663148,10.0,8.790501594543457,,,,,10.0,13.0,13.0
2025-08-12 18:51:55,1874.8509090909092,921.6000000000001,1340.5090909090911,39.19965520259575,64.8280177001988,957.6382321250342,10.0,8.773106575012207,,,,,10.0,14.0,14.0
2025-08-12 18:52:01,1874.8509090909092,923.4618181818182,1340.5090909090911,39.30265825349488,64.70763394487935,957.6250316372434,10.0,8.781908988952637,,,,,10.0,14.0,16.0
2025-08-12 18:52:07,1876.7127272727273,923.4618181818182,1338.6472727272728,39.23055610564188,64.60899426471717,957.6286637630297,10.0,8.784385681152344,,,,,11.0,14.0,15.0
2025-08-12 18:52:13,1874.8509090909092,927.1854545454546,1340.5090909090911,39.076051695185015,64.88186572221873,957.6483991982412,10.0,8.762113571166992,,,,,12.0,15.0,16.0
2025-08-12 18:52:19,1874.8509090909092,930.909090909091,1342.370909090909,39.0863519810664,65.31114503780907,957.6919819020518,10.0,8.764823913574219,,,,,11.0,14.0,15.0
2025-08-12 18:52:25,1876.7127272727273,929.0472727272728,1336.7854545454545,38.98849931219593,65.61610797655804,957.6006199739386,10.0,8.767577171325684,,,,,11.0,15.0,15.0
2025-08-12 18:52:31,1876.7127272727273,930.909090909091,1338.6472727272728,38.90094701331691,65.98687782558788,957.6930801203057,10.0,8.760828018188477,,,,,12.0,16.0,16.0
2025-08-12 18:52:37,1872.989090909091,925.3236363636365,1338.6472727272728,39.10695255632163,65.77065851921978,957.6669087892901,10.0,8.759597778320312,,,,,12.0,16.0,16.0
2025-08-12 18:52:43,1871.1272727272728,921.6000000000001,1336.7854545454545,39.26145701916539,65.241969356291,957.7032915957451,10.0,8.761256217956543,,,,,13.0,17.0,17.0
2025-08-12 18:52:49,1872.989090909091,925.3236363636365,1342.370909090909,39.168754310027,65.64857330935202,957.6477957497117,10.0,8.764716148376465,,,,,13.0,16.0,16.0
2025-08-12 18:52:55,1872.989090909091,919.7381818181818,1336.7854545454545,39.17390445806086,65.70242150061473,957.6555565432593,10.0,8.765403747558594,,,,,13.0,15.0,15.0
2025-08-12 18:53:01,1871.1272727272728,916.0145454545454,1334.9236363636362,39.05030098557472,66.48827221618937,957.6937650743073,10.0,8.748543739318848,,,,,13.0,16.0,16.0
2025-08-12 18:53:07,1867.4036363636365,908.5672727272728,1338.6472727272728,39.26660717243794,66.11787255617452,957.6549175946669,10.0,8.747907638549805,,,,,12.0,16.0,16.0
2025-08-12 18:53:13,1859.9563636363637,899.2581818181819,1334.9236363636362,39.30780840909574,65.83395746284035,957.6608600299807,10.0,8.71285343170166,,,,,11.0,15.0,15.0
2025-08-12 18:53:19,1859.9563636363637,902.9818181818183,1333.0618181818184,39.25630686618388,65.94464106005768,957.6113309339207,10.0,8.708928108215332,,,,,11.0,15.0,15.0
2025-08-12 18:53:25,1854.3709090909092,902.9818181818183,1336.7854545454545,39.343859506450826,65.2577613194419,957.6309665449195,10.0,8.685097694396973,,,,,12.0,15.0,15.0
2025-08-12 18:53:31,1858.0945454545456,906.7054545454546,1334.9236363636362,39.27690747985616,65.15332811270542,957.6423699553513,10.0,8.697141647338867,,,,,12.0,15.0,15.0
2025-08-12 18:53:37,1854.3709090909092,906.7054545454546,1331.2,39.29750809818506,64.7789049456061,957.6172722223383,10.0,8.678478240966797,,,,,13.0,16.0,16.0
2025-08-12 18:53:43,1858.0945454545456,910.429090909091,1336.7854545454545,39.168754310027,65.16017299891081,957.6477957497117,10.0,8.687244415283203,,,,,13.0,16.0,16.0
2025-08-12 18:53:49,1858.0945454545456,910.429090909091,1334.9236363636362,39.034850563301006,65.54688293142866,957.6704785624828,10.0,8.676931381225586,,,,,12.0,15.0,15.0
2025-08-12 18:53:55,1858.0945454545456,912.2909090909092,1333.0618181818184,38.885496616363525,65.89685100887725,957.6417388832876,10.0,8.665284156799316,,,,,12.0,14.0,14.0
2025-08-12 18:54:01,1861.818181818182,908.5672727272728,1334.9236363636362,38.95244835541234,66.40007360530781,957.7146085235819,10.0,8.692337989807129,,,,,12.0,15.0,15.0
2025-08-12 18:54:07,1859.9563636363637,902.9818181818183,1333.0618181818184,38.93184781508171,66.87511861925111,957.7116085984868,10.0,8.683640480041504,,,,,12.0,15.0,16.0
2025-08-12 18:54:13,1858.0945454545456,899.2581818181819,1333.0618181818184,39.034850563301006,66.76130401342677,957.6985358134692,10.0,8.683178901672363,,,,,12.0,15.0,16.0
2025-08-12 18:54:19,1856.2327272727275,895.5345454545455,1331.2,39.30265825349488,66.17920111678373,957.681169123952,10.0,8.695313453674316,,,,,11.0,15.0,17.0
2025-08-12 18:54:25,1854.3709090909092,899.2581818181819,1333.0618181818184,39.209955502446974,65.44803220852721,957.6537530318287,10.0,8.673905372619629,,,,,11.0,14.0,17.0
2025-08-12 18:54:31,1856.2327272727275,908.5672727272728,1329.3381818181817,39.12755313623347,65.50962588988374,957.613771208129,10.0,8.67612361907959,,,,,10.0,14.0,16.0
2025-08-12 18:54:37,1858.0945454545456,904.8436363636364,1327.4763636363637,39.26660717243794,65.57582360718882,957.5426489720485,10.0,8.698957443237305,,,,,10.0,14.0,15.0
2025-08-12 18:54:43,1858.0945454545456,902.9818181818183,1331.2,39.42626206824207,65.0888002115229,957.5866700936293,10.0,8.710765838623047,,,,,10.0,13.0,16.0
2025-08-12 18:54:49,1856.2327272727275,897.3963636363636,1325.6145454545456,39.606517931912094,64.50687854931608,957.6335566297607,10.0,8.714648246765137,,,,,11.0,13.0,16.0
2025-08-12 19:00:58,1869.2654545454548,921.6000000000001,1334.9236363636362,38.89064674839028,67.78918958223758,957.5934000995994,10.0,8.73165512084961,,,,,14.0,21.0,24.0
2025-08-12 19:01:04,1867.4036363636365,917.8763636363637,1333.0618181818184,38.72584266788908,68.30371904283498,957.5973943176803,10.0,8.709999084472656,,,,,13.0,20.0,22.0
2025-08-12 19:01:10,1869.2654545454548,919.7381818181818,1334.9236363636362,38.75674341028207,68.12106463421046,957.587889721544,10.0,8.721282958984375,,,,,12.0,18.0,21.0
2025-08-12 19:01:16,1865.5418181818181,914.1527272727274,1329.3381818181817,38.849445700325305,68.00707720308483,957.6995937629221,10.0,8.709808349609375,,,,,13.0,17.0,20.0
2025-08-12 19:01:22,1861.818181818182,917.8763636363637,1331.2,38.83914544121944,68.80336455793963,957.6560169582591,10.0,8.694233894348145,,,,,11.0,14.0,14.0
2025-08-12 19:01:28,1865.5418181818181,916.0145454545454,1327.4763636363637,38.93184781508171,67.74377032350176,957.6555029546523,10.0,8.71615219116211,,,,,11.0,13.0,13.0
2025-08-12 19:01:34,1865.5418181818181,916.0145454545454,1334.9236363636362,39.10695255632163,67.55062905228479,957.6669087892901,10.0,8.730973243713379,,,,,11.0,14.0,14.0
2025-08-12 19:01:40,1865.5418181818181,916.0145454545454,1331.2,39.08120183798019,67.02554354873317,957.5719832262735,10.0,8.726560592651367,,,,,12.0,14.0,14.0
2025-08-12 19:01:46,1861.818181818182,914.1527272727274,1329.3381818181817,39.18935490390868,67.17988788786052,957.5665836253038,10.0,8.718420028686523,,,,,12.0,14.0,14.0
2025-08-12 19:01:52,1863.68,917.8763636363637,1333.0618181818184,39.055451126914704,67.952578735412,957.6454110219289,10.0,8.719008445739746,,,,,12.0,14.0,14.0
2025-08-12 19:01:58,1865.5418181818181,916.0145454545454,1327.4763636363637,38.828845183277735,68.08329252690098,957.6404895047275,10.0,8.708625793457031,,,,,13.0,16.0,16.0
2025-08-12 19:02:04,1863.68,910.429090909091,1327.4763636363637,39.055451126914704,67.57174908627363,957.5612367808532,10.0,8.717796325683594,,,,,12.0,16.0,16.0
2025-08-12 19:02:10,1867.4036363636365,914.1527272727274,1333.0618181818184,38.83914544121944,68.00652913939403,957.5999193625476,10.0,8.71885871887207,,,,,12.0,16.0,17.0
2025-08-12 19:02:16,1863.68,906.7054545454546,1327.4763636363637,38.93184781508171,67.46416037648146,957.5713446348258,10.0,8.706101417541504,,,,,13.0,17.0,18.0
2025-08-12 19:02:22,1861.818181818182,906.7054545454546,1327.4763636363637,39.0863519810664,67.41267460095075,957.5797441761767,10.0,8.710391998291016,,,,,13.0,16.0,17.0
2025-08-12 19:02:28,1863.68,912.2909090909092,1331.2,39.117252845695475,66.96190206878819,957.6263102431268,10.0,8.719890594482422,,,,,12.0,16.0,17.0
2025-08-12 19:02:34,1859.9563636363637,908.5672727272728,1329.3381818181817,39.287207788438536,66.41072958050805,957.6017534447444,10.0,8.71396541595459,,,,,13.0,18.0,18.0
2025-08-12 19:02:40,1861.818181818182,910.429090909091,1329.3381818181817,39.246006561093964,66.5218372101146,957.5396790309351,10.0,8.720502853393555,,,,,13.0,17.0,18.0
2025-08-12 19:02:46,1861.818181818182,908.5672727272728,1327.4763636363637,39.2511567134934,66.30770015120666,957.575504737164,10.0,8.719736099243164,,,,,13.0,16.0,19.0
2025-08-12 19:02:52,1861.818181818182,908.5672727272728,1329.3381818181817,39.32325887764455,66.00746179857931,957.627999849465,10.0,8.724448204040527,,,,,13.0,17.0,19.0
2025-08-12 19:05:19,1841.338181818182,891.8109090909091,1325.6145454545456,39.42626206824207,65.5238511184167,957.5305221093748,10.0,8.639657020568848,,,,,13.0,17.0,19.0
2025-08-12 19:05:25,1839.4763636363637,888.0872727272728,1316.3054545454547,39.513814871781506,65.15249139316944,957.6062477255203,10.0,8.647856712341309,,,,,12.0,16.0,18.0
2025-08-12 19:05:31,1841.338181818182,891.8109090909091,1320.0290909090909,39.50351453758776,64.66914482269665,957.646887644618,10.0,8.637240409851074,,,,,12.0,15.0,16.0
2025-08-12 19:05:37,1845.0618181818181,906.7054545454546,1320.0290909090909,39.12755313623347,64.89020906453692,957.5857100303291,10.0,8.61684799194336,,,,,11.0,14.0,14.0
2025-08-12 19:05:43,1852.509090909091,917.8763636363637,1320.0290909090909,38.80824467088678,65.8871416560716,957.5252925272174,10.0,8.630574226379395,,,,,12.0,14.0,14.0
2025-08-12 19:05:49,1856.2327272727275,914.1527272727274,1321.8909090909092,39.04000070376787,65.96984976258437,957.6221258183665,10.0,8.670303344726562,,,,,12.0,15.0,15.0
2025-08-12 19:05:55,1858.0945454545456,916.0145454545454,1321.8909090909092,39.04515084452578,65.95224010948053,957.6298875353625,10.0,8.679983139038086,,,,,12.0,15.0,15.0
2025-08-12 19:06:01,1859.9563636363637,917.8763636363637,1321.8909090909092,39.05030098557472,65.89890796877675,957.5815335433156,10.0,8.68980598449707,,,,,12.0,16.0,16.0
2025-08-12 19:06:07,1861.818181818182,921.6000000000001,1325.6145454545456,39.23055610564188,65.44305399599017,957.6286637630297,10.0,8.712855339050293,,,,,12.0,16.0,16.0
2025-08-12 19:06:13,1865.5418181818181,929.0472727272728,1327.4763636363637,39.22025580346235,65.25790210531986,957.5850784608999,10.0,8.7299222946167,,,,,12.0,19.0,19.0
2025-08-12 19:06:19,1867.4036363636365,929.0472727272728,1325.6145454545456,39.19965520259575,64.9948241499458,957.5259750629511,10.0,8.736673355102539,,,,,12.0,20.0,20.0
2025-08-12 19:06:25,1867.4036363636365,929.0472727272728,1325.6145454545456,39.01425000434392,65.28987242322098,957.6113738011938,10.0,8.72078800201416,,,,,12.0,19.0,19.0
2025-08-12 19:06:31,1871.1272727272728,929.0472727272728,1327.4763636363637,39.11210270086303,65.47911306767571,957.6185491882269,10.0,8.749473571777344,,,,,13.0,19.0,19.0
2025-08-12 19:06:37,1871.1272727272728,925.3236363636365,1325.6145454545456,39.08120183798019,65.21561803260364,957.5158649337452,10.0,8.746115684509277,,,,,12.0,17.0,17.0
2025-08-12 19:06:43,1872.989090909091,927.1854545454546,1327.4763636363637,38.98849931219593,65.47322338649722,957.6286751836757,10.0,8.747713088989258,,,,,12.0,16.0,16.0
2025-08-12 19:06:49,1872.989090909091,925.3236363636365,1327.4763636363637,39.05030098557472,65.51189547337407,957.6376492698838,10.0,8.753421783447266,,,,,12.0,16.0,16.0
2025-08-12 19:06:55,1871.1272727272728,929.0472727272728,1329.3381818181817,39.00394972661161,65.83117192587562,957.5958501415432,10.0,8.741564750671387,,,,,12.0,15.0,15.0
2025-08-12 19:07:01,1872.989090909091,932.7709090909091,1333.0618181818184,38.895796880708076,66.1532654912983,957.5731116897889,10.0,8.743000984191895,,,,,13.0,16.0,16.0
2025-08-12 19:07:07,1872.989090909091,927.1854545454546,1331.2,38.99879958818201,65.86664117206026,957.61614398192,10.0,8.75063419342041,,,,,12.0,15.0,17.0
2025-08-12 19:07:13,1874.8509090909092,929.0472727272728,1331.2,38.93699794972781,65.92316435770877,957.6071598710565,10.0,8.75487232208252,,,,,13.0,15.0,19.0
2025-08-12 19:12:13,1882.2981818181818,945.8036363636364,1347.956363636364,38.02542865058058,70.04627143637315,957.5781156489912,10.0,8.730637550354004,,,,,14.0,17.0,17.0
2025-08-12 19:12:19,1882.2981818181818,943.9418181818181,1346.0945454545456,38.05117907060776,70.1130331243158,957.6169670102028,10.0,8.733028411865234,,,,,12.0,16.0,16.0
2025-08-12 19:12:25,1880.4363636363637,934.6327272727274,1344.2327272727273,38.20568174356595,69.84304325704026,957.5978899338202,10.0,8.736334800720215,,,,,13.0,17.0,17.0
2025-08-12 19:12:28,1882.2981818181818,919.7381818181818,1346.0945454545456,38.20568174356595,69.87865795181064,957.5978899338202,10.0,8.746042251586914,,,,,13.0,16.0,16.0
2025-08-12 19:12:31,1880.4363636363637,916.0145454545454,1346.0945454545456,38.252032596530626,69.78040692129522,957.5557158110635,10.0,8.740591049194336,,,,,12.0,15.0,15.0
2025-08-12 19:12:34,1880.4363636363637,914.1527272727274,1344.2327272727273,38.15933091417537,69.56734635142651,957.6120299202115,10.0,8.730849266052246,,,,,12.0,15.0,15.0
2025-08-12 19:12:40,1876.7127272727273,912.2909090909092,1342.370909090909,38.24173240494565,69.81543442965207,957.5682027718617,10.0,8.721068382263184,,,,,11.0,14.0,14.0
2025-08-12 19:12:46,1878.5745454545456,914.1527272727274,1342.370909090909,38.26233278927975,69.76912419632617,957.5432280341861,10.0,8.732192039489746,,,,,11.0,14.0,14.0
2025-08-12 19:12:53,1878.5745454545456,916.0145454545454,1342.370909090909,38.19023146448308,69.58097752793948,957.602604442432,10.0,8.724320411682129,,,,,11.0,13.0,15.0
2025-08-12 19:12:59,1876.7127272727273,921.6000000000001,1338.6472727272728,37.968777752132155,70.33959018403816,957.5486668532598,10.0,8.698841094970703,,,,,11.0,14.0,15.0
2025-08-12 19:13:05,1878.5745454545456,921.6000000000001,1338.6472727272728,37.99967823782936,70.64393614838602,957.5952900727109,10.0,8.712298393249512,,,,,12.0,16.0,17.0
2025-08-12 19:13:11,1878.5745454545456,925.3236363636365,1344.2327272727273,38.035728817718336,70.58082017510169,957.5936561394544,10.0,8.7151460647583,,,,,13.0,17.0,20.0
2025-08-12 19:13:17,1878.5745454545456,927.1854545454546,1344.2327272727273,37.87092628321261,71.2233208521305,957.597080543183,10.0,8.703381538391113,,,,,13.0,16.0,21.0
2025-08-12 19:13:23,1874.8509090909092,919.7381818181818,1342.370909090909,37.91727696591988,71.52853023432914,957.5549901934941,10.0,8.690768241882324,,,,,14.0,17.0,21.0
2025-08-12 19:13:26,1876.7127272727273,919.7381818181818,1342.370909090909,37.896676659584045,71.39090126772307,957.5239064090181,10.0,8.697794914245605,,,,,14.0,17.0,22.0
2025-08-12 19:13:29,1874.8509090909092,919.7381818181818,1344.2327272727273,37.92242704323144,71.46955355936441,957.5907705378617,10.0,8.690733909606934,,,,,13.0,18.0,22.0
2025-08-12 19:13:32,1874.8509090909092,914.1527272727274,1342.370909090909,38.06662932611653,71.24111511684474,957.5282158145042,10.0,8.703164100646973,,,,,14.0,18.0,23.0
2025-08-12 19:13:38,1874.8509090909092,914.1527272727274,1342.370909090909,38.07177941186819,70.91517256041008,957.5920168166194,10.0,8.701619148254395,,,,,14.0,18.0,21.0
2025-08-12 19:13:44,1874.8509090909092,914.1527272727274,1340.5090909090911,38.164481005165726,70.72491500908143,957.6197992632738,10.0,8.708888053894043,,,,,15.0,20.0,21.0
2025-08-12 19:13:50,1872.989090909091,910.429090909091,1338.6472727272728,38.24173240494565,70.1834665741956,957.5962258549273,10.0,8.70401668548584,,,,,14.0,19.0,19.0
2025-08-12 19:13:56,1874.8509090909092,917.8763636363637,1340.5090909090911,38.04087890172377,70.26076100403839,957.5734119593359,10.0,8.695536613464355,,,,,13.0,17.0,18.0
2025-08-12 19:14:02,1876.7127272727273,932.7709090909091,1338.6472727272728,37.469221353909234,71.4240239919374,957.6067140235232,10.0,8.658432006835938,,,,,13.0,19.0,21.0
2025-08-12 19:14:08,1878.5745454545456,940.2181818181818,1344.2327272727273,37.35077023843769,72.54175191615538,957.539825895082,10.0,8.663074493408203,,,,,12.0,18.0,22.0
2025-08-12 19:14:14,1882.2981818181818,942.08,1346.0945454545456,37.2220192005916,73.35017271277847,957.5692703655259,10.0,8.674147605895996,,,,,12.0,19.0,23.0
2025-08-12 19:14:17,1880.4363636363637,940.2181818181818,1344.2327272727273,37.23746931552887,73.75352660140712,957.5646219500528,10.0,8.668034553527832,,,,,13.0,23.0,25.0
2025-08-12 19:14:23,1876.7127272727273,927.1854545454546,1340.5090909090911,37.335320104291895,73.92571808971006,957.5164986285505,10.0,8.659538269042969,,,,,12.0,23.0,24.0
2025-08-12 19:14:26,1876.7127272727273,927.1854545454546,1342.370909090909,37.44862114885473,73.8681735376922,957.6036019768138,10.0,8.668991088867188,,,,,12.0,22.0,24.0
2025-08-12 19:14:32,1876.7127272727273,921.6000000000001,1342.370909090909,37.69582391684526,73.17389583354691,957.6128477109884,10.0,8.687987327575684,,,,,12.0,21.0,23.0
2025-08-12 19:14:38,1874.8509090909092,919.7381818181818,1340.5090909090911,37.76792485048645,72.76977871352865,957.5816629636254,10.0,8.68332290649414,,,,,12.0,19.0,21.0
2025-08-12 19:14:44,1874.8509090909092,921.6000000000001,1342.370909090909,37.76792485048645,72.44388830310307,957.6096656883212,10.0,8.681476593017578,,,,,12.0,15.0,15.0
2025-08-12 19:14:50,1874.8509090909092,927.1854545454546,1342.370909090909,37.7833750579739,72.25523704808228,957.576977154317,10.0,8.68195915222168,,,,,12.0,14.0,14.0
2025-08-12 19:14:56,1874.8509090909092,927.1854545454546,1340.5090909090911,37.850325987354154,72.17054370057821,957.5940000373013,10.0,8.687495231628418,,,,,12.0,14.0,14.0
2025-08-12 19:15:02,1874.8509090909092,921.6000000000001,1336.7854545454545,37.92757712083403,71.68924727875083,957.6265513732211,10.0,8.692045211791992,,,,,12.0,15.0,15.0
2025-08-12 19:15:08,1878.5745454545456,932.7709090909091,1344.2327272727273,37.64947334676981,72.33567192476625,957.5988832779271,10.0,8.688753128051758,,,,,12.0,15.0,15.0
2025-08-12 19:15:11,1878.5745454545456,930.909090909091,1340.5090909090911,37.742174510494806,72.47780830706078,957.5708022901251,10.0,8.69807243347168,,,,,11.0,15.0,15.0
2025-08-12 19:15:17,1876.7127272727273,929.0472727272728,1344.2327272727273,37.69582391684526,72.32674996278223,957.5848480833878,10.0,8.68368911743164,,,,,11.0,14.0,14.0
2025-08-12 19:15:23,1874.8509090909092,932.7709090909091,1342.370909090909,37.54647216433659,72.46538711193944,957.583379307165,10.0,8.661371231079102,,,,,12.0,14.0,14.0
2025-08-12 19:15:29,1874.8509090909092,930.909090909091,1344.2327272727273,37.48982156362035,72.74010879222085,957.5818337974891,10.0,8.657683372497559,,,,,12.0,14.0,14.0
2025-08-12 19:15:35,1874.8509090909092,927.1854545454546,1340.5090909090911,37.592822682025144,73.02507129368026,957.5973595436261,10.0,8.668452262878418,,,,,11.0,14.0,14.0
2025-08-12 19:15:41,1874.8509090909092,925.3236363636365,1340.5090909090911,37.62887310096994,73.17546852046709,957.5957854903203,10.0,8.672533988952637,,,,,12.0,15.0,15.0
2025-08-12 19:17:41,1882.2981818181818,947.6654545454545,1344.2327272727273,37.56707239151001,73.26619667180591,957.55848903256,10.0,8.704962730407715,,,,,13.0,17.0,17.0
2025-08-12 19:17:47,1882.2981818181818,943.9418181818181,1342.370909090909,37.55162222069339,73.27703151016553,957.6191471869613,10.0,8.70322036743164,,,,,13.0,16.0,16.0
2025-08-12 19:17:53,1884.16,945.8036363636364,1342.370909090909,37.23231927692541,73.72951885325878,957.528865327327,10.0,8.68666934967041,,,,,13.0,15.0,15.0
2025-08-12 19:17:59,1884.16,951.3890909090909,1346.0945454545456,37.32502001631656,74.11437664665831,957.5569144903009,10.0,8.696699142456055,,,,,12.0,15.0,15.0
2025-08-12 19:18:02,1884.16,949.5272727272728,1346.0945454545456,37.17566887149587,74.2817828688255,957.6111858273521,10.0,8.683661460876465,,,,,12.0,14.0,14.0
2025-08-12 19:18:08,1884.16,949.5272727272728,1346.0945454545456,37.191118978575105,74.59038754589402,957.5785636699637,10.0,8.686769485473633,,,,,12.0,14.0,15.0
2025-08-12 19:18:14,1884.16,947.6654545454545,1346.0945454545456,37.20141905141645,74.79217689051002,957.6220970512023,10.0,8.688392639160156,,,,,14.0,18.0,18.0
2025-08-12 19:18:20,1886.0218181818184,942.08,1347.956363636364,37.129318565974245,75.26615582142226,957.5971361747382,10.0,8.693852424621582,,,,,14.0,19.0,20.0
2025-08-12 19:18:26,1886.0218181818184,938.3563636363637,1344.2327272727273,37.386820561630884,75.0356452421983,957.5942568252351,10.0,8.716017723083496,,,,,15.0,19.0,20.0
2025-08-12 19:18:32,1886.0218181818184,942.08,1346.0945454545456,37.35077023843769,74.61311747496633,957.5678106596574,10.0,8.710886001586914,,,,,14.0,19.0,19.0
2025-08-12 19:18:38,1886.0218181818184,947.6654545454545,1347.956363636364,37.263219512911746,74.67812275072482,957.5195639909871,10.0,8.703609466552734,,,,,14.0,19.0,19.0
2025-08-12 19:18:44,1887.8836363636362,947.6654545454545,1346.0945454545456,37.03146799840033,75.2534146938779,957.5332673289647,10.0,8.694862365722656,,,,,13.0,17.0,17.0
2025-08-12 19:18:50,1884.16,947.6654545454545,1347.956363636364,37.20141905141645,75.34214447698832,957.5381619613764,10.0,8.691620826721191,,,,,13.0,16.0,16.0
2025-08-12 19:18:56,1887.8836363636362,949.5272727272728,1349.8181818181818,37.263219512911746,75.10398384107565,957.5755259851092,10.0,8.714773178100586,,,,,13.0,16.0,16.0
2025-08-12 19:19:02,1884.16,943.9418181818181,1346.0945454545456,37.26836955326144,75.12799864837189,957.5553215922548,10.0,8.696524620056152,,,,,13.0,16.0,16.0
2025-08-12 19:19:08,1886.0218181818184,945.8036363636364,1346.0945454545456,37.31471992950537,74.87686155054162,957.5133790406632,10.0,8.709269523620605,,,,,14.0,16.0,16.0
2025-08-12 19:19:11,1882.2981818181818,947.6654545454545,1351.68,37.263219512911746,74.89697480427544,957.4915830229621,10.0,8.685866355895996,,,,,13.0,16.0,16.0
2025-08-12 19:19:17,1886.0218181818184,947.6654545454545,1351.68,37.22716923861299,75.00685949608271,957.5770475125584,10.0,8.701552391052246,,,,,14.0,17.0,17.0
2025-08-12 19:19:23,1886.0218181818184,945.8036363636364,1347.956363636364,37.062368166283704,75.45064557197959,957.5519662617172,10.0,8.688992500305176,,,,,14.0,17.0,17.0
2025-08-12 19:19:29,1886.0218181818184,947.6654545454545,1349.8181818181818,37.09841837538988,75.51820380911647,957.5784414315498,10.0,8.692395210266113,,,,,13.0,16.0,16.0
2025-08-12 19:21:32,1865.5418181818181,925.3236363636365,1346.0945454545456,37.03146799840033,77.23895854882637,957.505296312531,10.0,8.592394828796387,,,,,14.0,20.0,20.0
2025-08-12 19:21:38,1863.68,930.909090909091,1346.0945454545456,36.88726735347882,77.44677648901207,957.5671595742639,10.0,8.570476531982422,,,,,14.0,19.0,19.0
2025-08-12 19:21:44,1869.2654545454548,930.909090909091,1342.370909090909,36.8409171946405,77.89795507124067,957.5530658237082,10.0,8.596823692321777,,,,,12.0,17.0,17.0
2025-08-12 19:21:50,1867.4036363636365,929.0472727272728,1347.956363636364,36.851217227900634,77.73341462803923,957.5686264698838,10.0,8.587483406066895,,,,,13.0,16.0,16.0
2025-08-12 19:21:56,1867.4036363636365,923.4618181818182,1344.2327272727273,36.99541781577864,77.38986945656187,957.5347572255814,10.0,8.599172592163086,,,,,13.0,15.0,15.0
2025-08-12 19:22:02,1867.4036363636365,919.7381818181818,1346.0945454545456,36.96451767059625,77.22218369649917,957.5160527647428,10.0,8.595741271972656,,,,,12.0,15.0,15.0
2025-08-12 19:22:08,1865.5418181818181,923.4618181818182,1347.956363636364,36.96966769406572,77.12805457124792,957.5238317098256,10.0,8.586185455322266,,,,,13.0,16.0,16.0
2025-08-12 19:22:14,1867.4036363636365,919.7381818181818,1342.370909090909,37.10871843775385,77.07923641686756,957.5100749558405,10.0,8.608110427856445,,,,,13.0,15.0,15.0
2025-08-12 19:22:20,1863.68,917.8763636363637,1342.370909090909,37.0366180256533,76.96757636653179,957.5690170968712,10.0,8.581942558288574,,,,,13.0,16.0,16.0
2025-08-12 19:22:26,1867.4036363636365,921.6000000000001,1344.2327272727273,36.95936764741782,77.23361549875489,957.5362417577458,10.0,8.595163345336914,,,,,13.0,16.0,17.0
2025-08-12 19:22:32,1865.5418181818181,919.7381818181818,1340.5090909090911,37.05206810915843,77.15186561202212,957.536409538078,10.0,8.593796730041504,,,,,13.0,16.0,17.0
2025-08-12 19:22:38,1863.68,917.8763636363637,1344.2327272727273,37.17051883638487,76.99514436626195,957.5474538936875,10.0,8.594334602355957,,,,,13.0,16.0,18.0
2025-08-12 19:22:44,1863.68,919.7381818181818,1342.370909090909,37.17051883638487,76.97741485067687,957.5194768908436,10.0,8.594353675842285,,,,,13.0,16.0,18.0
2025-08-12 19:22:50,1861.818181818182,916.0145454545454,1340.5090909090911,37.1550687327981,77.02355693391397,957.5520980968635,10.0,8.583697319030762,,,,,12.0,15.0,16.0
2025-08-12 19:22:56,1863.68,917.8763636363637,1340.5090909090911,37.16536880156491,76.81155840342069,957.5676532911199,10.0,8.59282398223877,,,,,12.0,16.0,16.0
2025-08-12 19:23:02,1865.5418181818181,917.8763636363637,1338.6472727272728,37.05206810915843,76.85054296076541,957.4804657493828,10.0,8.592663764953613,,,,,13.0,17.0,17.0
2025-08-12 19:23:08,1863.68,916.0145454545454,1342.370909090909,37.21686916286126,76.7443926370839,957.5335142321035,10.0,8.597403526306152,,,,,13.0,17.0,17.0
2025-08-12 19:23:14,1861.818181818182,912.2909090909092,1338.6472727272728,37.263219512911746,76.44036235147911,957.5475449783694,10.0,8.590691566467285,,,,,13.0,17.0,17.0
2025-08-12 19:23:20,1863.68,912.2909090909092,1334.9236363636362,37.14476866519544,76.38451853073175,957.5085670878071,10.0,8.58930778503418,,,,,14.0,19.0,20.0
2025-08-12 19:23:26,1861.818181818182,912.2909090909092,1342.370909090909,37.17566887149587,76.55225178671039,957.4712996794441,10.0,8.585756301879883,,,,,13.0,17.0,19.0
2025-08-12 19:23:32,1858.0945454545456,901.12,1336.7854545454545,37.263219512911746,76.44627434384135,957.5755259851092,10.0,8.613582611083984,,,,,13.0,16.0,18.0
2025-08-12 19:23:38,1856.2327272727275,893.6727272727273,1333.0618181818184,37.31471992950537,76.40860603324722,957.5133790406632,10.0,8.63452434539795,,,,,13.0,16.0,18.0
2025-08-12 19:23:44,1852.509090909091,891.8109090909091,1334.9236363636362,37.335320104291895,76.22678468641806,957.5164986285505,10.0,8.630568504333496,,,,,13.0,16.0,16.0
2025-08-12 19:23:50,1850.647272727273,882.5018181818182,1333.0618181818184,37.2220192005916,76.27186042070218,957.5133119218298,10.0,8.648900985717773,,,,,13.0,17.0,17.0
2025-08-12 19:23:56,1841.338181818182,875.0545454545454,1334.9236363636362,37.14991869885125,76.67449893906259,957.5443205273751,10.0,8.64661979675293,,,,,14.0,18.0,18.0
2025-08-12 19:24:02,1833.8909090909092,867.6072727272727,1333.0618181818184,37.1550687327981,76.4975634783083,957.4681691289683,10.0,8.650084495544434,,,,,14.0,19.0,19.0
2025-08-12 19:24:08,1830.1672727272728,867.6072727272727,1329.3381818181817,37.07781825415441,76.74015817341676,957.5193554296746,10.0,8.63779067993164,,,,,13.0,18.0,19.0
2025-08-12 19:24:14,1826.4436363636364,860.16,1327.4763636363637,37.191118978575105,76.74251479007506,957.5505857601668,10.0,8.656723976135254,,,,,13.0,17.0,19.0
2025-08-12 19:24:20,1824.5818181818183,860.16,1323.7527272727273,37.10871843775385,76.67740851429646,957.5100749558405,10.0,8.647600173950195,,,,,14.0,18.0,20.0
2025-08-12 19:24:26,1818.9963636363639,856.4363636363636,1325.6145454545456,37.16536880156491,76.75245706824249,957.427769507347,10.0,8.64870834350586,,,,,13.0,18.0,20.0
2025-08-12 19:24:32,1815.2727272727273,848.989090909091,1321.8909090909092,37.18081890689791,76.61764279580996,957.5350312886756,10.0,8.660913467407227,,,,,13.0,17.0,18.0
2025-08-12 19:24:38,1809.6872727272728,848.989090909091,1320.0290909090909,37.2220192005916,76.5319679658241,957.4853327290139,10.0,8.647832870483398,,,,,13.0,17.0,17.0
2025-08-12 19:24:44,1811.549090909091,854.5745454545455,1320.0290909090909,37.24261935442337,76.72853659595523,957.5444188063854,10.0,8.637782096862793,,,,,13.0,15.0,15.0
2025-08-12 19:24:50,1809.6872727272728,850.8509090909091,1316.3054545454547,37.30441984385834,76.44333827272266,957.4978273146443,10.0,8.645709991455078,,,,,13.0,14.0,14.0
2025-08-12 19:24:56,1811.549090909091,854.5745454545455,1316.3054545454547,37.24261935442337,76.22013278242122,957.51643870661,10.0,8.634840965270996,,,,,14.0,16.0,16.0
2025-08-12 19:25:02,1818.9963636363639,880.6400000000001,1321.8909090909092,37.11901850128197,76.81998899547341,957.5256302717273,10.0,8.571728706359863,,,,,14.0,16.0,16.0
2025-08-12 19:25:08,1822.72,875.0545454545454,1316.3054545454547,37.08296828402672,76.93553019438244,957.4711869890205,10.0,8.597713470458984,,,,,14.0,18.0,18.0
2025-08-12 19:25:14,1822.72,867.6072727272727,1316.3054545454547,37.03146799840033,77.02627811888604,957.505296312531,10.0,8.618292808532715,,,,,14.0,18.0,18.0
2025-08-12 19:25:20,1822.72,869.4690909090909,1320.0290909090909,37.1550687327981,77.1003805088358,957.496145432249,10.0,8.619457244873047,,,,,14.0,18.0,19.0
2025-08-12 19:25:26,1824.5818181818183,867.6072727272727,1314.4436363636364,37.26836955326144,76.88410971076375,957.4993591833648,10.0,8.63432502746582,,,,,15.0,19.0,20.0
2025-08-12 19:27:32,1856.2327272727275,862.0218181818183,1303.2727272727275,36.78941704580211,79.31645906516178,957.5871061929423,10.0,8.723133087158203,,,,,16.0,21.0,22.0
2025-08-12 19:27:38,1859.9563636363637,873.1927272727273,1308.858181818182,36.846067211125046,79.59237682341605,957.5608461375086,10.0,8.703238487243652,,,,,15.0,19.0,21.0
2025-08-12 19:27:44,1859.9563636363637,863.8836363636364,1306.9963636363636,36.88726735347882,79.36547300581024,957.539194732203,10.0,8.732629776000977,,,,,14.0,17.0,19.0
2025-08-12 19:27:50,1858.0945454545456,863.8836363636364,1305.1345454545456,36.83061716254451,79.30199749318655,957.5095428650926,10.0,8.72475814819336,,,,,14.0,17.0,19.0
2025-08-12 19:27:56,1859.9563636363637,869.4690909090909,1308.858181818182,36.95936764741782,79.15863922904101,957.5362417577458,10.0,8.717842102050781,,,,,14.0,18.0,20.0
2025-08-12 19:28:02,1861.818181818182,867.6072727272727,1305.1345454545456,36.96966769406572,78.7048519092143,957.5238317098256,10.0,8.726014137268066,,,,,14.0,17.0,19.0
2025-08-12 19:28:08,1861.818181818182,873.1927272727273,1305.1345454545456,37.11901850128197,78.45060457203236,957.58157987813,10.0,8.714448928833008,,,,,14.0,19.0,21.0
2025-08-12 19:28:14,1863.68,891.8109090909091,1306.9963636363636,36.96966769406572,78.39191391156083,957.4958633561375,10.0,8.65461254119873,,,,,14.0,18.0,18.0
2025-08-12 19:28:20,1865.5418181818181,891.8109090909091,1305.1345454545456,36.97481771782623,78.49859376217465,957.5316106734243,10.0,8.660077095031738,,,,,14.0,17.0,20.0
2025-08-12 19:28:26,1865.5418181818181,891.8109090909091,1308.858181818182,36.96451767059625,78.38561464277015,957.5719890766787,10.0,8.65853214263916,,,,,14.0,18.0,21.0
2025-08-12 19:28:32,1867.4036363636365,902.9818181818183,1312.5818181818183,36.99541781577864,78.35845580164441,957.506787757583,10.0,8.630864143371582,,,,,14.0,18.0,21.0
2025-08-12 19:28:38,1867.4036363636365,901.12,1310.72,37.072668224573135,78.18717729920117,957.4556319315011,10.0,8.639798164367676,,,,,14.0,17.0,20.0
2025-08-12 19:28:44,1867.4036363636365,902.9818181818183,1314.4436363636364,37.057218137575546,78.11512545541156,957.4882436484996,10.0,8.63258171081543,,,,,14.0,16.0,19.0
2025-08-12 19:28:50,1869.2654545454548,912.2909090909092,1316.3054545454547,36.93876755761448,78.40725945462235,957.561059413112,10.0,8.608702659606934,,,,,13.0,16.0,17.0
2025-08-12 19:28:56,1871.1272727272728,914.1527272727274,1314.4436363636364,36.78426703251898,78.93248307586241,957.4674835984787,10.0,8.607245445251465,,,,,13.0,15.0,17.0
2025-08-12 19:29:02,1869.2654545454548,912.2909090909092,1314.4436363636364,36.701866859570146,79.70482292316515,957.4268746529444,10.0,8.601296424865723,,,,,13.0,17.0,18.0
2025-08-12 19:29:08,1869.2654545454548,914.1527272727274,1314.4436363636364,36.74821694768616,79.86189762554741,957.5248585842396,10.0,8.598919868469238,,,,,14.0,17.0,17.0
2025-08-12 19:29:14,1867.4036363636365,912.2909090909092,1316.3054545454547,36.660666801035404,79.84310359303946,957.5044064964599,10.0,8.594747543334961,,,,,14.0,17.0,17.0
2025-08-12 19:29:20,1867.4036363636365,910.429090909091,1314.4436363636364,36.75336695893202,79.80921427527605,957.4767213630627,10.0,8.605198860168457,,,,,13.0,16.0,16.0
2025-08-12 19:29:26,1863.68,906.7054545454546,1314.4436363636364,36.737916926067555,79.63099829665404,957.4813384851601,10.0,8.605121612548828,,,,,12.0,15.0,15.0
2025-08-12 20:03:19,1865.5418181818181,921.6000000000001,1329.3381818181817,32.916689239122206,100.0,957.5497808196395,10.0,8.499802589416504,,,,,13.0,21.0,21.0
2025-08-12 20:03:46,1859.9563636363637,910.429090909091,1327.4763636363637,32.96818719935254,100.0,957.5167331208295,10.0,8.522685050964355,,,,,14.0,19.0,20.0
2025-08-12 20:03:52,1856.2327272727275,901.12,1325.6145454545456,32.83429256328964,100.0,957.5081359176683,10.0,8.534942626953125,,,,,14.0,18.0,18.0
2025-08-12 20:03:58,1852.509090909091,897.3963636363636,1325.6145454545456,32.85489172526286,100.0,957.5116007838072,10.0,8.53786849975586,,,,,14.0,19.0,19.0
2025-08-12 20:04:04,1852.509090909091,895.5345454545455,1325.6145454545456,32.81369340597303,100.0,957.4768798064827,10.0,8.541728019714355,,,,,13.0,17.0,17.0
2025-08-12 20:04:10,1846.9236363636364,891.8109090909091,1325.6145454545456,32.787944465875626,100.0,957.5489648289894,10.0,8.537016868591309,,,,,14.0,18.0,18.0
2025-08-12 20:04:16,1848.7854545454547,897.3963636363636,1327.4763636363637,32.849741934333,100.0,957.503786869999,10.0,8.528125762939453,,,,,14.0,18.0,19.0
2025-08-12 20:04:22,1848.7854545454547,902.9818181818183,1323.7527272727273,32.81884319486562,100.0,957.4569038168664,10.0,8.509721755981445,,,,,13.0,17.0,18.0
2025-08-12 20:04:28,1846.9236363636364,901.12,1321.8909090909092,32.720997255673865,100.0,957.4473742832149,10.0,8.50572395324707,,,,,13.0,16.0,16.0
2025-08-12 20:04:34,1846.9236363636364,904.8436363636364,1325.6145454545456,32.79309425331303,100.0,957.4456240229027,10.0,8.497997283935547,,,,,14.0,17.0,19.0
2025-08-12 20:04:40,1850.647272727273,908.5672727272728,1323.7527272727273,32.715847472311,100.0,957.4395597694112,10.0,8.492180824279785,,,,,14.0,16.0,19.0
2025-08-12 20:04:46,1854.3709090909092,912.2909090909092,1321.8909090909092,32.767345319036394,100.0,957.4899180328218,10.0,8.492558479309082,,,,,16.0,18.0,21.0
2025-08-12 20:04:52,1858.0945454545456,917.8763636363637,1325.6145454545456,32.839442353346385,100.0,957.4881591037617,10.0,8.488649368286133,,,,,15.0,19.0,21.0
2025-08-12 20:04:58,1854.3709090909092,916.0145454545454,1323.7527272727273,32.885790476953844,100.0,957.5306917834864,10.0,8.486896514892578,,,,,15.0,19.0,22.0
2025-08-12 20:05:04,1859.9563636363637,921.6000000000001,1325.6145454545456,32.9063896505686,100.0,957.5619472277534,10.0,8.484880447387695,,,,,14.0,22.0,25.0
2025-08-12 20:05:10,1859.9563636363637,919.7381818181818,1323.7527272727273,32.85489172526286,100.0,957.5116007838072,10.0,8.488325119018555,,,,,14.0,23.0,23.0
2025-08-12 20:05:16,1861.818181818182,919.7381818181818,1325.6145454545456,32.96818719935254,100.0,957.5167331208295,10.0,8.498865127563477,,,,,14.0,22.0,22.0
2025-08-12 20:05:22,1859.9563636363637,912.2909090909092,1321.8909090909092,32.942438215599395,100.0,957.4498730147465,10.0,8.516130447387695,,,,,14.0,22.0,22.0
2025-08-12 20:05:28,1858.0945454545456,914.1527272727274,1321.8909090909092,32.93728841972188,100.0,957.52544558726,10.0,8.504831314086914,,,,,15.0,21.0,21.0
2025-08-12 20:05:34,1861.818181818182,925.3236363636365,1327.4763636363637,32.890940269920975,100.0,957.5385056138955,10.0,8.477595329284668,,,,,15.0,19.0,19.0
2025-08-12 20:11:40,1874.8509090909092,930.909090909091,1336.7854545454545,32.370812649984146,100.0,957.4714453146946,10.0,8.467639923095703,,,,,15.0,24.0,24.0
2025-08-12 20:11:46,1874.8509090909092,930.909090909091,1336.7854545454545,32.25751791862422,100.0,957.4660568605522,10.0,8.461874008178711,,,,,14.0,22.0,22.0
2025-08-12 20:11:52,1876.7127272727273,936.4945454545455,1336.7854545454545,32.30901550632552,100.0,957.5164753369335,10.0,8.451763153076172,,,,,14.0,21.0,21.0
2025-08-12 20:11:58,1874.8509090909092,932.7709090909091,1336.7854545454545,32.35536336014047,100.0,957.4757625225096,10.0,8.461095809936523,,,,,14.0,19.0,19.0
2025-08-12 20:12:04,1876.7127272727273,934.6327272727274,1338.6472727272728,32.272967191878706,100.0,957.5450457771584,10.0,8.455429077148438,,,,,14.0,18.0,20.0
2025-08-12 20:12:10,1876.7127272727273,938.3563636363637,1336.7854545454545,32.25751791862422,100.0,957.4938227472239,10.0,8.443568229675293,,,,,14.0,17.0,19.0
2025-08-12 20:12:16,1874.8509090909092,936.4945454545455,1334.9236363636362,32.30901550632552,100.0,957.4609391286272,10.0,8.447397232055664,,,,,13.0,16.0,18.0
2025-08-12 20:12:22,1878.5745454545456,938.3563636363637,1340.5090909090911,32.36051312313066,100.0,957.4280397649841,10.0,8.454092979431152,,,,,13.0,16.0,18.0
2025-08-12 20:12:28,1874.8509090909092,936.4945454545455,1334.9236363636362,32.339914072916145,100.0,957.4800785764944,10.0,8.448836326599121,,,,,13.0,17.0,18.0
2025-08-12 20:12:34,1876.7127272727273,932.7709090909091,1334.9236363636362,32.38626194244716,100.0,957.5226698042719,10.0,8.46711254119873,,,,,14.0,18.0,19.0
2025-08-12 20:12:40,1878.5745454545456,934.6327272727274,1338.6472727272728,32.31931502735824,100.0,957.4488068113928,10.0,8.463269233703613,,,,,14.0,18.0,19.0
2025-08-12 20:12:46,1878.5745454545456,932.7709090909091,1338.6472727272728,32.30901550632552,100.0,957.4887072232485,10.0,8.468169212341309,,,,,16.0,20.0,21.0
2025-08-12 20:12:52,1878.5745454545456,930.909090909091,1334.9236363636362,32.345063835033216,100.0,957.4878965695182,10.0,8.47574234008789,,,,,15.0,20.0,23.0
2025-08-12 20:12:58,1878.5745454545456,936.4945454545455,1338.6472727272728,32.21631986941793,100.0,957.514565478767,10.0,8.451796531677246,,,,,14.0,19.0,22.0
2025-08-12 20:13:04,1878.5745454545456,932.7709090909091,1336.7854545454545,32.31931502735824,100.0,957.5598810401295,10.0,8.468184471130371,,,,,14.0,19.0,24.0
2025-08-12 20:13:10,1878.5745454545456,930.909090909091,1338.6472727272728,32.412010769039625,100.0,957.4784421282119,10.0,8.479241371154785,,,,,13.0,18.0,23.0
2025-08-12 20:13:16,1876.7127272727273,932.7709090909091,1338.6472727272728,32.49440706302994,100.0,957.5479703786925,10.0,8.472475051879883,,,,,13.0,18.0,23.0
2025-08-12 20:13:22,1876.7127272727273,932.7709090909091,1338.6472727272728,32.47895775223151,100.0,957.4967433241363,10.0,8.472050666809082,,,,,13.0,17.0,20.0
2025-08-12 20:13:28,1874.8509090909092,932.7709090909091,1338.6472727272728,32.45835867524147,100.0,957.5487992599001,10.0,8.465851783752441,,,,,13.0,19.0,19.0
2025-08-12 20:13:34,1878.5745454545456,936.4945454545455,1342.370909090909,32.46350844405242,100.0,957.501067289708,10.0,8.464559555053711,,,,,14.0,19.0,19.0
2025-08-12 20:13:40,1876.7127272727273,934.6327272727274,1338.6472727272728,32.47895775223151,100.0,957.4967433241363,10.0,8.466326713562012,,,,,13.0,18.0,18.0
2025-08-12 20:13:46,1878.5745454545456,934.6327272727274,1338.6472727272728,32.45320890672156,100.0,957.4854330918046,10.0,8.469867706298828,,,,,14.0,21.0,21.0
2025-08-12 20:13:52,1876.7127272727273,934.6327272727274,1336.7854545454545,32.36051312313066,100.0,957.4835803510927,10.0,8.46036434173584,,,,,14.0,19.0,19.0
2025-08-12 20:13:58,1878.5745454545456,938.3563636363637,1334.9236363636362,32.272967191878706,100.0,957.5172791918859,10.0,8.448966979980469,,,,,15.0,20.0,20.0
2025-08-12 20:14:04,1878.5745454545456,936.4945454545455,1334.9236363636362,32.28326670883689,100.0,957.5329169253082,10.0,8.45509147644043,,,,,14.0,20.0,20.0
2025-08-12 20:14:10,1880.4363636363637,940.2181818181818,1338.6472727272728,32.195720851799706,100.0,957.4832884553985,10.0,8.444292068481445,,,,,15.0,19.0,19.0
2025-08-12 20:14:16,1880.4363636363637,940.2181818181818,1334.9236363636362,32.16997208632529,100.0,957.4719547556401,10.0,8.443060874938965,,,,,15.0,19.0,19.0
2025-08-12 20:14:22,1878.5745454545456,936.4945454545455,1336.7854545454545,32.22661937997327,100.0,957.4746749644877,10.0,8.452604293823242,,,,,14.0,19.0,19.0
2025-08-12 20:14:28,1876.7127272727273,934.6327272727274,1338.6472727272728,32.262667676084675,100.0,957.4738754281944,10.0,8.455413818359375,,,,,14.0,17.0,17.0
2025-08-12 20:14:34,1878.5745454545456,932.7709090909091,1340.5090909090911,32.13907357736025,100.0,957.5360823111705,10.0,8.45911693572998,,,,,14.0,17.0,17.0
2025-08-12 20:14:40,1874.8509090909092,930.909090909091,1334.9236363636362,31.974281706498004,100.0,957.4801247863132,10.0,8.447261810302734,,,,,13.0,17.0,17.0
2025-08-12 20:14:46,1878.5745454545456,929.0472727272728,1338.6472727272728,31.95368274359498,100.0,957.5043464787631,10.0,8.461282730102539,,,,,13.0,19.0,19.0
2025-08-12 20:14:52,1878.5745454545456,929.0472727272728,1340.5090909090911,32.04122836809256,100.0,957.5262867339374,10.0,8.46561050415039,,,,,14.0,18.0,19.0
2025-08-12 20:14:58,1876.7127272727273,923.4618181818182,1336.7854545454545,32.16482233410352,100.0,957.4918973338371,10.0,8.484582901000977,,,,,14.0,19.0,21.0
2025-08-12 20:15:04,1874.8509090909092,923.4618181818182,1334.9236363636362,32.14422332812683,100.0,957.4883803470801,10.0,8.478782653808594,,,,,15.0,20.0,22.0
2025-08-12 20:15:10,1874.8509090909092,925.3236363636365,1338.6472727272728,32.16482233410352,100.0,957.4918973338371,10.0,8.47409439086914,,,,,14.0,19.0,21.0
2025-08-12 20:15:16,1872.989090909091,925.3236363636365,1333.0618181818184,32.1545228305331,100.0,957.504019760811,10.0,8.468708992004395,,,,,15.0,18.0,21.0
2025-08-12 20:15:22,1872.989090909091,923.4618181818182,1334.9236363636362,32.14937307918444,100.0,957.5239613069259,10.0,8.474020004272461,,,,,15.0,20.0,23.0
2025-08-12 20:15:28,1874.8509090909092,932.7709090909091,1342.370909090909,32.02062939005555,100.0,957.4672477641647,10.0,8.444008827209473,,,,,14.0,19.0,22.0
2025-08-12 20:15:34,1876.7127272727273,930.909090909091,1338.6472727272728,32.09787558170501,100.0,957.4457630129095,10.0,8.458609580993652,,,,,13.0,20.0,25.0
2025-08-12 20:33:13,1861.818181818182,914.1527272727274,1321.8909090909092,31.20697348230169,100.0,957.5624414866782,10.0,8.425430297851562,,,,,18.0,22.0,22.0
2025-08-12 20:33:19,1859.9563636363637,916.0145454545454,1321.8909090909092,31.227572276402498,100.0,957.4828672154878,10.0,8.4165678024292,,,,,17.0,22.0,22.0
2025-08-12 20:33:25,1863.68,916.0145454545454,1321.8909090909092,31.19667408699752,100.0,957.4913446172885,10.0,8.424459457397461,,,,,16.0,20.0,20.0
2025-08-12 20:33:31,1861.818181818182,912.2909090909092,1320.0290909090909,31.279069282027194,100.0,957.533417073523,10.0,8.435049057006836,,,,,16.0,20.0,20.0
2025-08-12 20:33:37,1861.818181818182,916.0145454545454,1323.7527272727273,31.248171075159917,100.0,957.5418990525382,10.0,8.421974182128906,,,,,16.0,21.0,21.0
2025-08-12 20:33:43,1856.2327272727275,908.5672727272728,1321.8909090909092,31.26876987857395,100.0,957.5454860683286,10.0,8.43156909942627,,,,,15.0,19.0,19.0
2025-08-12 20:33:49,1858.0945454545456,908.5672727272728,1320.0290909090909,31.340865727193886,100.0,957.4887127840891,10.0,8.440438270568848,,,,,14.0,19.0,19.0
2025-08-12 20:33:55,1859.9563636363637,910.429090909091,1323.7527272727273,31.29451838938985,100.0,957.5014497991033,10.0,8.437020301818848,,,,,14.0,19.0,19.0
2025-08-12 20:33:58,1858.0945454545456,910.429090909091,1318.1672727272728,31.273919580155052,100.0,957.4978661521981,10.0,8.43122673034668,,,,,14.0,19.0,19.0
2025-08-12 20:34:04,1858.0945454545456,910.429090909091,1320.0290909090909,31.30481779575348,100.0,957.5171035774587,10.0,8.432669639587402,,,,,13.0,17.0,17.0
2025-08-12 20:34:10,1858.0945454545456,910.429090909091,1320.0290909090909,31.335716021829285,100.0,957.5086127315835,10.0,8.43431282043457,,,,,14.0,19.0,20.0
2025-08-12 20:34:16,1859.9563636363637,912.2909090909092,1325.6145454545456,31.258470476284856,100.0,957.5021082136905,10.0,8.42944622039795,,,,,15.0,20.0,22.0
2025-08-12 20:34:22,1858.0945454545456,901.12,1318.1672727272728,31.23787167519913,100.0,957.4985218014496,10.0,8.457962036132812,,,,,15.0,20.0,21.0
2025-08-12 20:34:28,1858.0945454545456,899.2581818181819,1320.0290909090909,31.23787167519913,100.0,957.4985218014496,10.0,8.463680267333984,,,,,14.0,18.0,19.0
2025-08-12 20:34:34,1858.0945454545456,899.2581818181819,1323.7527272727273,31.31511720328126,100.0,957.4773065630411,10.0,8.467793464660645,,,,,13.0,17.0,17.0
2025-08-12 20:34:40,1859.9563636363637,906.7054545454546,1321.8909090909092,31.109129273914732,100.0,957.5522944592204,10.0,8.438591957092285,,,,,12.0,16.0,16.0
2025-08-12 20:34:46,1861.818181818182,902.9818181818183,1320.0290909090909,31.19667408699752,100.0,957.4636242825718,10.0,8.459922790527344,,,,,13.0,17.0,17.0
2025-08-12 20:34:52,1861.818181818182,904.8436363636364,1323.7527272727273,31.279069282027194,100.0,957.5611409935585,10.0,8.457727432250977,,,,,13.0,17.0,18.0
2025-08-12 20:34:58,1859.9563636363637,904.8436363636364,1323.7527272727273,31.1863746928575,100.0,957.4479695832633,10.0,8.449021339416504,,,,,13.0,18.0,18.0
2025-08-12 20:35:05,1858.0945454545456,901.12,1320.0290909090909,31.17607529988163,100.0,957.543192798477,10.0,8.45447063446045,,,,,13.0,19.0,19.0
2025-08-12 20:43:08,1867.4036363636365,923.4618181818182,1331.2,31.134877739619697,100.0,957.5637210810405,10.0,8.407439231872559,,,,,13.0,17.0,17.0
2025-08-12 20:43:14,1865.5418181818181,917.8763636363637,1329.3381818181817,31.11427896647365,100.0,957.5601232911,10.0,8.41878890991211,,,,,12.0,17.0,17.0
2025-08-12 20:43:20,1863.68,917.8763636363637,1327.4763636363637,31.042183297133306,100.0,957.5613764679026,10.0,8.410318374633789,,,,,12.0,17.0,18.0
2025-08-12 20:43:26,1865.5418181818181,919.7381818181818,1325.6145454545456,31.06278205398121,100.0,957.62040911442,10.0,8.410005569458008,,,,,13.0,19.0,20.0
2025-08-12 20:43:32,1865.5418181818181,921.6000000000001,1327.4763636363637,31.093680197984213,100.0,957.5565240488552,10.0,8.406325340270996,,,,,13.0,20.0,20.0
2025-08-12 20:43:38,1865.5418181818181,927.1854545454546,1329.3381818181817,30.923740535625257,100.0,957.5752650752953,10.0,8.380327224731445,,,,,12.0,17.0,17.0
2025-08-12 20:43:44,1865.5418181818181,927.1854545454546,1327.4763636363637,30.980387054529274,100.0,957.5782689197312,10.0,8.383203506469727,,,,,13.0,18.0,18.0
2025-08-12 20:43:50,1865.5418181818181,925.3236363636365,1327.4763636363637,30.985536739812233,100.0,957.5306763793159,10.0,8.389535903930664,,,,,13.0,19.0,19.0
2025-08-12 20:43:56,1863.68,921.6000000000001,1325.6145454545456,31.042183297133306,100.0,957.5890902370136,10.0,8.398686408996582,,,,,12.0,18.0,18.0
2025-08-12 20:44:02,1867.4036363636365,925.3236363636365,1325.6145454545456,30.944339265697636,100.0,957.717425937522,10.0,8.39084529876709,,,,,14.0,20.0,20.0
2025-08-12 20:44:08,1869.2654545454548,930.909090909091,1331.2,30.975237369537354,100.0,957.5427279478381,10.0,8.381301879882812,,,,,14.0,19.0,19.0
2025-08-12 20:44:14,1869.2654545454548,932.7709090909091,1323.7527272727273,30.800148252979852,100.0,957.6366681734705,10.0,8.365928649902344,,,,,14.0,18.0,20.0
2025-08-12 20:44:20,1871.1272727272728,932.7709090909091,1327.4763636363637,30.897992129583145,100.0,957.702358272603,10.0,8.375239372253418,,,,,13.0,17.0,19.0
2025-08-12 20:44:26,1872.989090909091,936.4945454545455,1329.3381818181817,30.81559727914282,100.0,957.6324603877362,10.0,8.36485767364502,,,,,13.0,15.0,19.0
2025-08-12 20:44:32,1874.8509090909092,938.3563636363637,1327.4763636363637,30.568413174856687,100.0,957.5611800300562,10.0,8.351750373840332,,,,,13.0,16.0,20.0
2025-08-12 20:44:38,1874.8509090909092,932.7709090909091,1327.4763636363637,30.54266486922279,100.0,957.6327827688493,10.0,8.367072105407715,,,,,13.0,17.0,19.0
2025-08-12 20:44:44,1874.8509090909092,934.6327272727274,1331.2,30.6353588035563,100.0,957.6907120004362,10.0,8.365679740905762,,,,,13.0,17.0,20.0
2025-08-12 20:44:50,1874.8509090909092,932.7709090909091,1331.2,30.52721588933491,100.0,957.6092803689556,10.0,8.36645221710205,,,,,13.0,17.0,20.0
2025-08-12 20:44:56,1872.989090909091,927.1854545454546,1333.0618181818184,30.589011824602494,100.0,957.6202080087487,10.0,8.381924629211426,,,,,13.0,19.0,21.0
2025-08-12 20:45:02,1871.1272727272728,927.1854545454546,1333.0618181818184,30.67140647015185,100.0,957.6901537430522,10.0,8.380873680114746,,,,,13.0,19.0,21.0
2025-08-12 20:49:08,1861.818181818182,916.0145454545454,1329.3381818181817,30.72290316145518,100.0,957.6853900287821,10.0,8.394011497497559,,,,,13.0,18.0,21.0
2025-08-12 20:49:14,1863.68,923.4618181818182,1333.0618181818184,30.692005143180722,100.0,957.6660905647966,10.0,8.374462127685547,,,,,13.0,17.0,18.0
2025-08-12 20:49:20,1865.5418181818181,925.3236363636365,1329.3381818181817,30.619909807952354,100.0,957.7226019227896,10.0,8.369418144226074,,,,,13.0,17.0,18.0
2025-08-12 20:49:26,1861.818181818182,925.3236363636365,1329.3381818181817,30.465419995976845,100.0,957.5706506838994,10.0,8.35305118560791,,,,,13.0,17.0,18.0
2025-08-12 20:49:32,1865.5418181818181,923.4618181818182,1333.0618181818184,30.583862161729485,100.0,957.6954567826533,10.0,8.3734769821167,,,,,13.0,18.0,19.0
2025-08-12 20:49:38,1863.68,919.7381818181818,1331.2,30.728052832186222,100.0,957.63782245517,10.0,8.387954711914062,,,,,13.0,19.0,19.0
2025-08-12 20:49:44,1865.5418181818181,919.7381818181818,1329.3381818181817,30.74865151802078,100.0,957.6968545688429,10.0,8.393352508544922,,,,,13.0,19.0,20.0
2025-08-12 20:49:50,1863.68,923.4618181818182,1334.9236363636362,30.712603820866207,100.0,957.6420241830356,10.0,8.375696182250977,,,,,13.0,18.0,19.0
2025-08-12 20:49:56,1861.818181818182,917.8763636363637,1331.2,30.753801190207014,100.0,957.6215832195055,10.0,8.390340805053711,,,,,12.0,17.0,18.0
2025-08-12 20:50:02,1863.68,919.7381818181818,1331.2,30.712603820866207,100.0,957.6420241830356,10.0,8.387130737304688,,,,,14.0,18.0,19.0
2025-08-12 20:50:08,1863.68,921.6000000000001,1329.3381818181817,30.692005143180722,100.0,957.6383917759205,10.0,8.38038444519043,,,,,13.0,17.0,18.0
2025-08-12 20:50:14,1863.68,925.3236363636365,1329.3381818181817,30.650807801779592,100.0,957.6865166646436,10.0,8.366486549377441,,,,,13.0,18.0,18.0
2025-08-12 20:50:20,1867.4036363636365,927.1854545454546,1329.3381818181817,30.650807801779592,100.0,957.7696078815234,10.0,8.369709014892578,,,,,14.0,20.0,20.0
2025-08-12 20:50:26,1867.4036363636365,923.4618181818182,1329.3381818181817,30.81559727914282,100.0,957.687868587579,10.0,8.390175819396973,,,,,13.0,19.0,21.0
2025-08-12 20:50:32,1865.5418181818181,919.7381818181818,1327.4763636363637,30.897992129583145,100.0,957.702358272603,10.0,8.400961875915527,,,,,13.0,18.0,20.0
2025-08-12 20:50:38,1863.68,921.6000000000001,1327.4763636363637,30.882543089450337,100.0,957.6511560017315,10.0,8.390053749084473,,,,,15.0,20.0,21.0
2025-08-12 20:50:44,1865.5418181818181,921.6000000000001,1327.4763636363637,30.897992129583145,100.0,957.6746506160989,10.0,8.395454406738281,,,,,15.0,19.0,21.0
2025-08-12 20:50:50,1865.5418181818181,919.7381818181818,1329.3381818181817,30.975237369537354,100.0,957.6535715908861,10.0,8.405279159545898,,,,,16.0,19.0,21.0
2025-08-12 20:50:56,1863.68,914.1527272727274,1327.4763636363637,31.0112851705926,100.0,957.6806748970336,10.0,8.419315338134766,,,,,16.0,19.0,19.0
2025-08-12 20:51:02,1863.68,917.8763636363637,1329.3381818181817,30.980387054529274,100.0,957.6891135444982,10.0,8.406235694885254,,,,,15.0,19.0,19.0
2025-08-12 20:51:08,1861.818181818182,916.0145454545454,1329.3381818181817,30.939189582742983,100.0,957.681884982133,10.0,8.405125617980957,,,,,15.0,20.0,20.0
2025-08-12 20:51:14,1861.818181818182,912.2909090909092,1323.7527272727273,30.897992129583145,100.0,957.702358272603,10.0,8.414299011230469,,,,,15.0,18.0,18.0
2025-08-12 20:51:20,1861.818181818182,912.2909090909092,1325.6145454545456,30.877393409988144,100.0,957.6433245063627,10.0,8.413676261901855,,,,,15.0,19.0,19.0
2025-08-12 20:51:26,1863.68,917.8763636363637,1327.4763636363637,30.733202503208304,100.0,957.7010562847188,10.0,8.393474578857422,,,,,14.0,19.0,19.0
2025-08-12 20:51:32,1861.818181818182,916.0145454545454,1325.6145454545456,30.753801190207014,100.0,957.7046875668848,10.0,8.395458221435547,,,,,14.0,19.0,21.0
2025-08-12 20:51:38,1861.818181818182,916.0145454545454,1323.7527272727273,30.78984890365973,100.0,957.6764100508633,10.0,8.39751148223877,,,,,16.0,21.0,23.0
2025-08-12 20:51:44,1865.5418181818181,917.8763636363637,1329.3381818181817,30.892842449247837,100.0,957.7499414037345,10.0,8.40607738494873,,,,,17.0,21.0,23.0
2025-08-12 20:51:50,1863.68,914.1527272727274,1325.6145454545456,30.918590853834758,100.0,957.6505600001901,10.0,8.414780616760254,,,,,16.0,21.0,24.0
2025-08-12 20:51:56,1865.5418181818181,912.2909090909092,1325.6145454545456,30.99068642538623,100.0,957.7324872558161,10.0,8.42837142944336,,,,,16.0,21.0,23.0
2025-08-12 20:52:02,1863.68,912.2909090909092,1325.6145454545456,31.07308143415139,100.0,957.6637838276906,10.0,8.428318977355957,,,,,16.0,21.0,23.0
2025-08-12 20:52:08,1861.818181818182,910.429090909091,1323.7527272727273,31.155476517422358,100.0,957.705910793806,10.0,8.43319034576416,,,,,15.0,20.0,22.0
2025-08-12 20:52:14,1863.68,910.429090909091,1325.6145454545456,31.170925603830256,100.0,957.6185225096294,10.0,8.439383506774902,,,,,15.0,20.0,21.0
2025-08-12 20:52:20,1861.818181818182,910.429090909091,1327.4763636363637,31.1863746928575,100.0,957.6697291696648,10.0,8.435040473937988,,,,,15.0,20.0,20.0
2025-08-12 20:52:26,1861.818181818182,904.8436363636364,1323.7527272727273,31.155476517422358,100.0,957.705910793806,10.0,8.450349807739258,,,,,16.0,19.0,19.0
2025-08-12 20:52:32,1859.9563636363637,908.5672727272728,1321.8909090909092,31.07308143415139,100.0,957.6914989934744,10.0,8.430017471313477,,,,,16.0,18.0,18.0
2025-08-12 20:52:38,1859.9563636363637,906.7054545454546,1320.0290909090909,31.119428659323603,100.0,957.67882061776,10.0,8.438202857971191,,,,,16.0,19.0,19.0
2025-08-12 20:52:44,1861.818181818182,912.2909090909092,1323.7527272727273,31.07823112467304,100.0,957.671613869315,10.0,8.423761367797852,,,,,16.0,21.0,21.0
2025-08-12 20:52:50,1861.818181818182,912.2909090909092,1321.8909090909092,31.031883920455584,100.0,957.7119977920379,10.0,8.42109203338623,,,,,17.0,23.0,23.0
2025-08-12 20:52:56,1859.9563636363637,917.8763636363637,1321.8909090909092,30.774399881862337,100.0,957.7083173995885,10.0,8.386000633239746,,,,,16.0,22.0,22.0
2025-08-12 20:53:02,1865.5418181818181,927.1854545454546,1325.6145454545456,30.522066229954362,100.0,957.6568292349352,10.0,8.359152793884277,,,,,15.0,22.0,22.0
2025-08-12 20:53:08,1867.4036363636365,927.1854545454546,1320.0290909090909,30.34182833498926,100.0,957.7148380542914,10.0,8.354267120361328,,,,,15.0,22.0,22.0
2025-08-12 20:53:14,1865.5418181818181,921.6000000000001,1321.8909090909092,30.558113851730013,100.0,957.6839784161225,10.0,8.37796401977539,,,,,15.0,21.0,21.0
2025-08-12 20:53:20,1869.2654545454548,921.6000000000001,1325.6145454545456,30.583862161729485,100.0,957.7785393965323,10.0,8.388137817382812,,,,,16.0,21.0,21.0
2025-08-12 20:53:26,1867.4036363636365,917.8763636363637,1323.7527272727273,30.702304481441388,100.0,957.6817570160985,10.0,8.401573181152344,,,,,17.0,22.0,22.0
2025-08-12 20:53:32,1867.4036363636365,917.8763636363637,1321.8909090909092,30.800148252979852,100.0,957.8028890387229,10.0,8.40571117401123,,,,,17.0,21.0,21.0
2025-08-12 20:53:38,1865.5418181818181,921.6000000000001,1325.6145454545456,30.861944373347796,100.0,957.7306545481438,10.0,8.393193244934082,,,,,17.0,25.0,26.0
2025-08-12 20:53:44,1865.5418181818181,917.8763636363637,1325.6145454545456,30.995836111251265,100.0,957.7680304436226,10.0,8.411223411560059,,,,,16.0,27.0,28.0
2025-08-12 20:53:50,1865.5418181818181,916.0145454545454,1325.6145454545456,31.06278205398121,100.0,957.7035532530731,10.0,8.420841217041016,,,,,16.0,26.0,28.0
2025-08-12 20:53:56,1863.68,910.429090909091,1321.8909090909092,31.134877739619697,100.0,957.7023100222333,10.0,8.436928749084473,,,,,13.0,24.0,25.0
2025-08-12 20:54:02,1861.818181818182,910.429090909091,1321.8909090909092,31.124578352464596,100.0,957.6866503979853,10.0,8.431750297546387,,,,,14.0,24.0,26.0
2025-08-12 20:54:08,1861.818181818182,919.7381818181818,1323.7527272727273,30.954638632480055,100.0,957.7607991805907,10.0,8.39391040802002,,,,,15.0,24.0,28.0
2025-08-12 20:54:14,1861.818181818182,917.8763636363637,1320.0290909090909,31.0112851705926,100.0,957.7638125270735,10.0,8.402510643005371,,,,,16.0,24.0,28.0
2025-08-12 20:54:20,1863.68,917.8763636363637,1325.6145454545456,31.02673423255328,100.0,957.7041670363163,10.0,8.408498764038086,,,,,15.0,22.0,26.0
2025-08-12 20:54:26,1861.818181818182,914.1527272727274,1325.6145454545456,31.093680197984213,100.0,957.6951041219065,10.0,8.418662071228027,,,,,14.0,22.0,23.0
2025-08-12 20:54:32,1859.9563636363637,914.1527272727274,1321.8909090909092,31.01643485762179,100.0,957.7162183396181,10.0,8.409782409667969,,,,,14.0,23.0,23.0
2025-08-12 20:54:38,1863.68,919.7381818181818,1323.7527272727273,30.908291491126874,100.0,957.7457300369587,10.0,8.396411895751953,,,,,18.0,27.0,27.0
2025-08-12 20:54:44,1859.9563636363637,917.8763636363637,1321.8909090909092,30.908291491126874,100.0,957.7180219085916,10.0,8.392786979675293,,,,,15.0,24.0,24.0
2025-08-12 20:54:50,1861.818181818182,916.0145454545454,1321.8909090909092,30.985536739812233,100.0,957.7800789084804,10.0,8.406786918640137,,,,,16.0,24.0,26.0
2025-08-12 20:54:56,1863.68,919.7381818181818,1323.7527272727273,30.923740535625257,100.0,957.741517522824,10.0,8.397229194641113,,,,,17.0,23.0,26.0
2025-08-12 20:55:02,1861.818181818182,917.8763636363637,1323.7527272727273,30.975237369537354,100.0,957.7367045225192,10.0,8.400862693786621,,,,,17.0,24.0,24.0
2025-08-12 20:57:08,1869.2654545454548,932.7709090909091,1325.6145454545456,30.1770397144428,100.0,957.7962013695939,10.0,8.332847595214844,,,,,14.0,19.0,19.0
2025-08-12 20:57:14,1871.1272727272728,929.0472727272728,1329.3381818181817,30.326379389152862,100.0,957.7190118009306,10.0,8.357257843017578,,,,,14.0,19.0,19.0
2025-08-12 20:57:20,1869.2654545454548,925.3236363636365,1325.6145454545456,30.424222757021198,100.0,957.729475181145,10.0,8.36886978149414,,,,,14.0,22.0,23.0
2025-08-12 20:57:26,1867.4036363636365,925.3236363636365,1329.3381818181817,30.552964190603234,100.0,957.7315296814136,10.0,8.370680809020996,,,,,14.0,26.0,27.0
2025-08-12 20:57:32,1865.5418181818181,921.6000000000001,1327.4763636363637,30.619909807952354,100.0,957.7779934450907,10.0,8.380453109741211,,,,,14.0,24.0,24.0
2025-08-12 20:57:38,1865.5418181818181,914.1527272727274,1323.7527272727273,30.686855474486947,100.0,957.6859559527619,10.0,8.407419204711914,,,,,14.0,23.0,24.0
2025-08-12 20:57:44,1865.5418181818181,921.6000000000001,1323.7527272727273,30.43452206501388,100.0,957.6897715305772,10.0,8.37158203125,,,,,14.0,19.0,21.0
2025-08-12 20:57:50,1865.5418181818181,925.3236363636365,1325.6145454545456,30.455120684491703,100.0,957.8318686209728,10.0,8.360179901123047,,,,,15.0,19.0,21.0
2025-08-12 20:57:56,1867.4036363636365,923.4618181818182,1325.6145454545456,30.547814529767493,100.0,957.751387461839,10.0,8.376002311706543,,,,,15.0,19.0,21.0
2025-08-12 20:58:02,1867.4036363636365,923.4618181818182,1325.6145454545456,30.568413174856687,100.0,957.7273408977863,10.0,8.377223014831543,,,,,15.0,19.0,20.0
2025-08-12 20:58:08,1865.5418181818181,925.3236363636365,1329.3381818181817,30.692005143180722,100.0,957.8045847937092,10.0,8.372518539428711,,,,,14.0,18.0,18.0
2025-08-12 20:58:14,1865.5418181818181,921.6000000000001,1323.7527272727273,30.67655613797251,100.0,957.7810818813361,10.0,8.383330345153809,,,,,14.0,18.0,18.0
2025-08-12 20:58:20,1865.5418181818181,923.4618181818182,1325.6145454545456,30.66625680262223,100.0,957.7654133804634,10.0,8.377197265625,,,,,17.0,20.0,20.0
2025-08-12 20:58:26,1865.5418181818181,921.6000000000001,1325.6145454545456,30.697154812165536,100.0,957.7570209394435,10.0,8.38455581665039,,,,,16.0,20.0,20.0
2025-08-12 20:58:32,1865.5418181818181,919.7381818181818,1321.8909090909092,30.72290316145518,100.0,957.7684905280532,10.0,8.391514778137207,,,,,16.0,22.0,22.0
2025-08-12 20:58:38,1865.5418181818181,923.4618181818182,1327.4763636363637,30.6353588035563,100.0,957.7738012363761,10.0,8.375551223754883,,,,,15.0,22.0,24.0
2025-08-12 20:58:44,1865.5418181818181,919.7381818181818,1321.8909090909092,30.72290316145518,100.0,957.740790342659,10.0,8.391716003417969,,,,,16.0,25.0,28.0
2025-08-12 20:58:50,1863.68,923.4618181818182,1327.4763636363637,30.74865151802078,100.0,957.7245558294818,10.0,8.37693977355957,,,,,14.0,23.0,27.0
2025-08-12 20:58:56,1863.68,921.6000000000001,1321.8909090909092,30.52721588933491,100.0,957.7754308235598,10.0,8.370950698852539,,,,,15.0,24.0,28.0
2025-08-12 20:59:02,1863.68,919.7381818181818,1323.7527272727273,30.547814529767493,100.0,957.6960021656101,10.0,8.378292083740234,,,,,16.0,22.0,25.0
2025-08-12 20:59:08,1863.68,919.7381818181818,1325.6145454545456,30.558113851730013,100.0,957.7670576905523,10.0,8.378308296203613,,,,,16.0,21.0,22.0
2025-08-12 20:59:14,1865.5418181818181,925.3236363636365,1325.6145454545456,30.295481505338103,100.0,957.699674050277,10.0,8.352951049804688,,,,,17.0,22.0,23.0
2025-08-12 20:59:20,1863.68,916.0145454545454,1325.6145454545456,30.346977984183468,100.0,957.7226745587634,10.0,8.37924861907959,,,,,15.0,19.0,21.0
2025-08-12 20:59:26,1861.818181818182,923.4618181818182,1323.7527272727273,30.213087199721485,100.0,957.7957148244683,10.0,8.344215393066406,,,,,14.0,19.0,20.0
2025-08-12 20:59:32,1861.818181818182,919.7381818181818,1325.6145454545456,30.259433987463126,100.0,957.7001777876616,10.0,8.358715057373047,,,,,14.0,19.0,20.0
2025-08-12 20:59:38,1861.818181818182,916.0145454545454,1323.7527272727273,30.28003256735974,100.0,957.7315261725524,10.0,8.370983123779297,,,,,13.0,18.0,19.0
2025-08-12 20:59:44,1861.818181818182,919.7381818181818,1321.8909090909092,30.166740435553947,100.0,957.7528480586979,10.0,8.353591918945312,,,,,14.0,18.0,18.0
2025-08-12 20:59:50,1863.68,929.0472727272728,1325.6145454545456,30.012251391919563,100.0,957.7390671776541,10.0,8.321946144104004,,,,,14.0,17.0,17.0
2025-08-12 20:59:56,1859.9563636363637,927.1854545454546,1323.7527272727273,30.037999547668733,100.0,957.7229229132707,10.0,8.31956672668457,,,,,15.0,18.0,18.0
2025-08-12 21:00:02,1863.68,927.1854545454546,1327.4763636363637,30.037999547668733,100.0,957.7505936871136,10.0,8.328904151916504,,,,,15.0,18.0,20.0
2025-08-12 21:00:08,1861.818181818182,921.6000000000001,1329.3381818181817,30.30578079877887,100.0,957.715347596983,10.0,8.35527229309082,,,,,14.0,17.0,21.0
2025-08-12 21:00:14,1863.68,925.3236363636365,1327.4763636363637,30.125543331640074,100.0,957.717817284404,10.0,8.339340209960938,,,,,14.0,17.0,21.0
2025-08-12 21:00:20,1865.5418181818181,921.6000000000001,1325.6145454545456,30.15644115782925,100.0,957.8201992663535,10.0,8.356389045715332,,,,,15.0,18.0,23.0
2025-08-12 21:00:26,1861.818181818182,917.8763636363637,1329.3381818181817,30.27488292194903,100.0,957.7790509467419,10.0,8.364659309387207,,,,,16.0,21.0,24.0
2025-08-12 21:00:32,1859.9563636363637,912.2909090909092,1323.7527272727273,30.300631151912967,100.0,957.7351928489265,10.0,8.378684043884277,,,,,15.0,19.0,23.0
2025-08-12 21:00:38,1859.9563636363637,914.1527272727274,1325.6145454545456,30.24913469926105,100.0,957.7675432119253,10.0,8.37009048461914,,,,,14.0,20.0,23.0
2025-08-12 21:00:44,1858.0945454545456,908.5672727272728,1329.3381818181817,30.326379389152862,100.0,957.7466949501418,10.0,8.386584281921387,,,,,15.0,23.0,28.0
2025-08-12 21:00:50,1858.0945454545456,895.5345454545455,1323.7527272727273,30.326379389152862,100.0,957.7190118009306,10.0,8.4268159866333,,,,,13.0,23.0,26.0
2025-08-12 21:00:56,1856.2327272727275,897.3963636363636,1327.4763636363637,30.352127633668715,100.0,957.7858796284291,10.0,8.417165756225586,,,,,12.0,22.0,24.0
2025-08-12 21:01:02,1854.3709090909092,893.6727272727273,1320.0290909090909,30.34182833498926,100.0,957.7702056922183,10.0,8.423417091369629,,,,,14.0,22.0,24.0
2025-08-12 21:01:08,1858.0945454545456,897.3963636363636,1325.6145454545456,30.300631151912967,100.0,957.7628749039931,10.0,8.419465065002441,,,,,14.0,21.0,23.0
2025-08-12 21:01:14,1856.2327272727275,897.3963636363636,1323.7527272727273,30.331529037473956,100.0,957.7822152370994,10.0,8.41613483428955,,,,,15.0,20.0,23.0
2025-08-12 21:01:20,1856.2327272727275,899.2581818181819,1323.7527272727273,30.403624144528294,100.0,957.808877534914,10.0,8.413921356201172,,,,,16.0,21.0,21.0
2025-08-12 21:01:26,1858.0945454545456,899.2581818181819,1327.4763636363637,30.43452206501388,100.0,957.7728349010159,10.0,8.420533180236816,,,,,16.0,21.0,22.0
2025-08-12 21:01:32,1858.0945454545456,902.9818181818183,1321.8909090909092,30.321229741122806,100.0,957.7665410211395,10.0,8.403337478637695,,,,,16.0,21.0,21.0
2025-08-12 21:01:38,1856.2327272727275,902.9818181818183,1323.7527272727273,30.238835412223125,100.0,957.751867877754,10.0,8.394452095031738,,,,,16.0,21.0,21.0
2025-08-12 21:01:44,1858.0945454545456,904.8436363636364,1325.6145454545456,30.27488292194903,100.0,957.8067319266119,10.0,8.394949913024902,,,,,15.0,20.0,20.0
2025-08-12 21:01:50,1858.0945454545456,908.5672727272728,1325.6145454545456,30.218236841639737,100.0,957.7481959779437,10.0,8.381028175354004,,,,,15.0,20.0,20.0
2025-08-12 21:01:56,1861.818181818182,914.1527272727274,1323.7527272727273,30.032849915936822,100.0,957.7704249758867,10.0,8.363754272460938,,,,,14.0,19.0,19.0
2025-08-12 21:02:02,1861.818181818182,914.1527272727274,1321.8909090909092,30.06374771069386,100.0,957.7621184958832,10.0,8.365400314331055,,,,,15.0,20.0,20.0
2025-08-12 21:02:08,1861.818181818182,904.8436363636364,1321.8909090909092,30.146141881268704,100.0,957.7491706578384,10.0,8.39830207824707,,,,,16.0,20.0,20.0
2025-08-12 21:02:14,1858.0945454545456,901.12,1320.0290909090909,30.171890074852854,100.0,957.7883628633516,10.0,8.401246070861816,,,,,14.0,19.0,19.0
2025-08-12 21:02:20,1858.0945454545456,902.9818181818183,1321.8909090909092,30.19763827571296,100.0,957.7998779330977,10.0,8.396764755249023,,,,,15.0,20.0,20.0
2025-08-12 21:02:26,1858.0945454545456,910.429090909091,1323.7527272727273,30.06374771069386,100.0,957.7621184958832,10.0,8.367298126220703,,,,,15.0,19.0,20.0
2025-08-12 21:02:32,1859.9563636363637,910.429090909091,1323.7527272727273,30.130692968610674,100.0,957.7810051226514,10.0,8.375359535217285,,,,,14.0,18.0,19.0
2025-08-12 21:02:38,1859.9563636363637,908.5672727272728,1323.7527272727273,30.15644115782925,100.0,957.7648474748945,10.0,8.382512092590332,,,,,14.0,17.0,18.0
2025-08-12 21:02:44,1861.818181818182,916.0145454545454,1325.6145454545456,29.924707716796547,100.0,957.799461640908,10.0,8.352283477783203,,,,,14.0,19.0,20.0
2025-08-12 21:02:50,1863.68,916.0145454545454,1323.7527272727273,29.89895959306159,100.0,957.8432533654949,10.0,8.355415344238281,,,,,13.0,19.0,19.0
2025-08-12 21:02:56,1861.818181818182,910.429090909091,1323.7527272727273,30.06374771069386,100.0,957.8174623264241,10.0,8.37644100189209,,,,,14.0,19.0,19.0
2025-08-12 21:03:02,1858.0945454545456,910.429090909091,1325.6145454545456,30.146141881268704,100.0,957.7491706578384,10.0,8.371612548828125,,,,,12.0,18.0,18.0
2025-08-12 21:03:08,1858.0945454545456,904.8436363636364,1321.8909090909092,30.223386483849026,100.0,957.8667489023637,10.0,8.391883850097656,,,,,13.0,19.0,19.0
2025-08-12 21:03:14,1858.0945454545456,904.8436363636364,1321.8909090909092,30.31608009338379,100.0,957.7863866799086,10.0,8.397209167480469,,,,,15.0,19.0,20.0
2025-08-12 21:03:20,1856.2327272727275,908.5672727272728,1327.4763636363637,30.326379389152862,100.0,957.8020613054061,10.0,8.381417274475098,,,,,13.0,19.0,21.0
2025-08-12 21:03:26,1854.3709090909092,906.7054545454546,1323.7527272727273,30.34182833498926,100.0,957.8255734059379,10.0,8.382993698120117,,,,,13.0,21.0,22.0
2025-08-12 21:03:32,1858.0945454545456,910.429090909091,1323.7527272727273,30.326379389152862,100.0,957.7743781183003,10.0,8.380670547485352,,,,,13.0,22.0,23.0
2025-08-12 21:03:38,1856.2327272727275,910.429090909091,1320.0290909090909,30.259433987463126,100.0,957.7832186327933,10.0,8.372406005859375,,,,,12.0,22.0,22.0
2025-08-12 21:03:44,1858.0945454545456,914.1527272727274,1323.7527272727273,30.218236841639737,100.0,957.7758745052541,10.0,8.363679885864258,,,,,14.0,24.0,25.0
2025-08-12 21:03:50,1858.0945454545456,914.1527272727274,1323.7527272727273,30.213087199721485,100.0,957.7957148244683,10.0,8.363271713256836,,,,,14.0,24.0,24.0
2025-08-12 21:03:56,1858.0945454545456,910.429090909091,1320.0290909090909,30.238835412223125,100.0,957.7795472917344,10.0,8.376143455505371,,,,,15.0,24.0,24.0
2025-08-12 21:04:02,1858.0945454545456,912.2909090909092,1321.8909090909092,30.207937558094272,100.0,957.7878766191224,10.0,8.368782997131348,,,,,16.0,23.0,23.0
2025-08-12 21:04:08,1859.9563636363637,912.2909090909092,1323.7527272727273,30.1770397144428,100.0,957.7962013695939,10.0,8.371914863586426,,,,,15.0,20.0,20.0
2025-08-12 21:04:14,1856.2327272727275,910.429090909091,1321.8909090909092,30.218236841639737,100.0,957.8035530515056,10.0,8.370145797729492,,,,,16.0,21.0,21.0
2025-08-12 21:04:20,1858.0945454545456,910.429090909091,1321.8909090909092,30.125543331640074,100.0,957.8008409248355,10.0,8.370183944702148,,,,,15.0,20.0,20.0
2025-08-12 21:04:26,1856.2327272727275,912.2909090909092,1323.7527272727273,30.228536126349354,100.0,957.8192295706444,10.0,8.364839553833008,,,,,16.0,20.0,20.0
2025-08-12 21:04:32,1856.2327272727275,912.2909090909092,1323.7527272727273,30.238835412223125,100.0,957.8072267246567,10.0,8.365458488464355,,,,,14.0,19.0,19.0
2025-08-12 21:04:38,1856.2327272727275,914.1527272727274,1321.8909090909092,30.218236841639737,100.0,957.8035530515056,10.0,8.358712196350098,,,,,15.0,19.0,19.0
2025-08-12 21:04:44,1858.0945454545456,916.0145454545454,1325.6145454545456,30.187338994495803,100.0,957.8949102380004,10.0,8.355518341064453,,,,,15.0,19.0,19.0
2025-08-12 21:04:50,1858.0945454545456,917.8763636363637,1323.7527272727273,30.213087199721485,100.0,957.7403582037108,10.0,8.352232933044434,,,,,14.0,17.0,17.0
2025-08-12 21:04:56,1859.9563636363637,917.8763636363637,1325.6145454545456,30.24913469926105,100.0,957.822902964444,10.0,8.358255386352539,,,,,13.0,18.0,19.0
2025-08-12 21:05:02,1861.818181818182,917.8763636363637,1323.7527272727273,30.23368576914072,100.0,957.827067862742,10.0,8.362202644348145,,,,,13.0,17.0,19.0
2025-08-12 21:11:02,1865.5418181818181,919.7381818181818,1325.6145454545456,29.857762610219652,100.0,957.8635138332191,10.0,8.34649658203125,,,,,16.0,20.0,20.0
2025-08-12 21:11:08,1863.68,916.0145454545454,1327.4763636363637,29.90925884168246,100.0,957.831270466909,10.0,8.356034278869629,,,,,14.0,18.0,18.0
2025-08-12 21:11:14,1859.9563636363637,914.1527272727274,1323.7527272727273,29.935006968327798,100.0,957.870475776378,10.0,8.353249549865723,,,,,15.0,19.0,19.0
2025-08-12 21:11:20,1859.9563636363637,919.7381818181818,1323.7527272727273,29.8114160267869,100.0,957.8759228160399,10.0,8.32972240447998,,,,,14.0,17.0,18.0
2025-08-12 21:11:26,1859.9563636363637,919.7381818181818,1325.6145454545456,29.826864885311807,100.0,957.8441258361681,10.0,8.330743789672852,,,,,14.0,19.0,20.0
2025-08-12 21:11:32,1863.68,927.1854545454546,1325.6145454545456,29.456093003653223,100.0,957.9154250144868,10.0,8.297891616821289,,,,,13.0,19.0,20.0
2025-08-12 21:11:38,1863.68,923.4618181818182,1323.7527272727273,29.425195414951304,100.0,957.8683529202692,10.0,8.308080673217773,,,,,15.0,19.0,20.0
2025-08-12 21:11:44,1863.68,925.3236363636365,1321.8909090909092,29.33250271170982,100.0,957.9482659213592,10.0,8.297039985656738,,,,,16.0,21.0,21.0
2025-08-12 21:11:50,1867.4036363636365,929.0472727272728,1323.7527272727273,29.141968006733805,100.0,957.9066444602494,10.0,8.285672187805176,,,,,16.0,21.0,21.0
2025-08-12 21:11:56,1865.5418181818181,927.1854545454546,1325.6145454545456,29.30160516491742,100.0,957.9011861415502,10.0,8.294844627380371,,,,,16.0,20.0,21.0
2025-08-12 21:12:02,1863.68,917.8763636363637,1321.8909090909092,29.425195414951304,100.0,957.9236420850035,10.0,8.324836730957031,,,,,15.0,20.0,21.0
2025-08-12 21:12:08,1863.68,923.4618181818182,1323.7527272727273,29.281006806209916,100.0,957.8974384501257,10.0,8.300483703613281,,,,,14.0,18.0,19.0
2025-08-12 21:12:14,1865.5418181818181,930.909090909091,1329.3381818181817,29.15226716978941,100.0,957.9499732302153,10.0,8.27540111541748,,,,,14.0,17.0,18.0
2025-08-12 21:12:20,1867.4036363636365,925.3236363636365,1323.7527272727273,29.172865499393083,100.0,957.8708310483869,10.0,8.29895305633545,,,,,14.0,17.0,18.0
2025-08-12 21:12:26,1865.5418181818181,921.6000000000001,1325.6145454545456,29.219211758027086,100.0,957.94145825906,10.0,8.307490348815918,,,,,14.0,17.0,17.0
2025-08-12 21:12:32,1867.4036363636365,923.4618181818182,1327.4763636363637,29.32735311985016,100.0,957.9127788316844,10.0,8.312287330627441,,,,,13.0,17.0,17.0
2025-08-12 21:12:38,1865.5418181818181,923.4618181818182,1325.6145454545456,29.260408452159027,100.0,957.9489643768082,10.0,8.303825378417969,,,,,13.0,16.0,16.0
2025-08-12 21:12:44,1865.5418181818181,917.8763636363637,1327.4763636363637,29.399447432369925,100.0,957.9120571617456,10.0,8.328375816345215,,,,,13.0,18.0,19.0
2025-08-12 21:12:47,1861.818181818182,916.0145454545454,1325.6145454545456,29.445793806255097,100.0,957.9826707199494,10.0,8.32641887664795,,,,,13.0,18.0,19.0
2025-08-12 21:12:53,1861.818181818182,916.0145454545454,1327.4763636363637,29.641478755889693,100.0,957.9766422662792,10.0,8.336498260498047,,,,,14.0,18.0,20.0
2025-08-12 21:14:56,1859.9563636363637,916.0145454545454,1323.7527272727273,29.806266407860676,100.0,957.8404197420289,10.0,8.341150283813477,,,,,13.0,18.0,18.0
2025-08-12 21:15:02,1859.9563636363637,916.0145454545454,1329.3381818181817,29.878361099312315,100.0,957.8672167648925,10.0,8.344654083251953,,,,,14.0,20.0,20.0
2025-08-12 21:15:08,1854.3709090909092,906.7054545454546,1320.0290909090909,29.924707716796547,100.0,957.9101256090084,10.0,8.361003875732422,,,,,13.0,19.0,19.0
2025-08-12 21:15:14,1854.3709090909092,910.429090909091,1323.7527272727273,29.976203986094333,100.0,957.8778689321562,10.0,8.352441787719727,,,,,13.0,20.0,20.0
2025-08-12 21:15:20,1854.3709090909092,912.2909090909092,1321.8909090909092,29.960755102249095,100.0,957.9650168227017,10.0,8.345295906066895,,,,,14.0,20.0,21.0
2025-08-12 21:15:26,1856.2327272727275,916.0145454545454,1323.7527272727273,29.84746336741955,100.0,957.9584813272959,10.0,8.332871437072754,,,,,14.0,20.0,20.0
2025-08-12 21:15:32,1856.2327272727275,917.8763636363637,1321.8909090909092,29.8114160267869,100.0,957.9589063333078,10.0,8.325304985046387,,,,,15.0,21.0,23.0
2025-08-12 21:15:38,1856.2327272727275,916.0145454545454,1321.8909090909092,29.826864885311807,100.0,957.8717876309785,10.0,8.33244514465332,,,,,13.0,20.0,22.0
2025-08-12 21:15:44,1856.2327272727275,925.3236363636365,1325.6145454545456,29.63117953753681,100.0,958.0162604889838,10.0,8.2927827835083,,,,,14.0,20.0,22.0
2025-08-12 21:15:50,1858.0945454545456,921.6000000000001,1321.8909090909092,29.569384251866722,100.0,957.9497752072285,10.0,8.306296348571777,,,,,14.0,19.0,21.0
2025-08-12 21:15:56,1859.9563636363637,919.7381818181818,1321.8909090909092,29.553935436997563,100.0,957.9538911403787,10.0,8.315959930419922,,,,,13.0,18.0,20.0
2025-08-12 21:16:02,1861.818181818182,921.6000000000001,1323.7527272727273,29.60543149674777,100.0,957.8940797047821,10.0,8.318085670471191,,,,,13.0,17.0,17.0
2025-08-12 21:16:08,1859.9563636363637,919.7381818181818,1323.7527272727273,29.765069466928253,100.0,957.8883215167817,10.0,8.32725715637207,,,,,15.0,18.0,19.0
2025-08-12 21:16:14,1858.0945454545456,916.0145454545454,1320.0290909090909,29.852612988674082,100.0,957.9663238944445,10.0,8.337850570678711,,,,,14.0,17.0,17.0
2025-08-12 21:16:20,1861.818181818182,925.3236363636365,1325.6145454545456,29.672376417933265,100.0,957.9130880795061,10.0,8.309944152832031,,,,,15.0,22.0,22.0
2025-08-12 21:16:26,1859.9563636363637,916.0145454545454,1321.8909090909092,29.749620618880726,100.0,957.947769176622,10.0,8.337475776672363,,,,,15.0,25.0,25.0
2025-08-12 21:16:32,1858.0945454545456,914.1527272727274,1321.8909090909092,29.80111678922549,100.0,957.9708814228043,10.0,8.34089183807373,,,,,14.0,23.0,23.0
2025-08-12 21:16:38,1858.0945454545456,914.1527272727274,1320.0290909090909,29.780518317595124,100.0,957.9671693148132,10.0,8.339869499206543,,,,,16.0,23.0,24.0
2025-08-12 21:16:44,1859.9563636363637,921.6000000000001,1323.7527272727273,29.569384251866722,100.0,957.9497752072285,10.0,8.311073303222656,,,,,16.0,23.0,25.0
2025-08-12 21:16:50,1858.0945454545456,923.4618181818182,1323.7527272727273,29.2552588643739,100.0,957.9963917747028,10.0,8.284144401550293,,,,,17.0,22.0,23.0
2025-08-12 21:16:56,1863.68,914.1527272727274,1321.8909090909092,29.141968006733805,100.0,957.9342769050916,10.0,8.321686744689941,,,,,16.0,21.0,24.0
2025-08-12 21:17:02,1863.68,910.429090909091,1321.8909090909092,29.23981010276475,100.0,957.9728487065571,10.0,8.337860107421875,,,,,16.0,22.0,24.0
2025-08-12 21:17:08,1863.68,904.8436363636364,1320.0290909090909,29.30160516491742,100.0,957.9841040729444,10.0,8.35810375213623,,,,,14.0,19.0,21.0
2025-08-12 21:17:14,1861.818181818182,901.12,1320.0290909090909,29.24495968967676,100.0,957.8977857419126,10.0,8.362492561340332,,,,,12.0,18.0,20.0
2025-08-12 21:17:20,1863.68,914.1527272727274,1323.7527272727273,29.18831424965174,100.0,957.949642121889,10.0,8.323951721191406,,,,,12.0,18.0,20.0
2025-08-12 21:17:26,1863.68,916.0145454545454,1323.7527272727273,29.20376300252974,100.0,957.9455507603421,10.0,8.31905460357666,,,,,13.0,19.0,20.0
2025-08-12 21:17:32,1865.5418181818181,914.1527272727274,1323.7527272727273,29.22951092981384,100.0,957.9295172213695,10.0,8.330977439880371,,,,,15.0,20.0,21.0
2025-08-12 21:17:39,1863.68,916.0145454545454,1327.4763636363637,29.25010927687981,100.0,957.9885440631805,10.0,8.321118354797363,,,,,16.0,22.0,23.0
2025-08-12 21:17:45,1861.818181818182,908.5672727272728,1320.0290909090909,29.353101082058856,100.0,957.9243698297743,10.0,8.344965934753418,,,,,16.0,22.0,23.0
2025-08-12 21:17:51,1861.818181818182,916.0145454545454,1323.7527272727273,29.260408452159027,100.0,957.9766019331433,10.0,8.316964149475098,,,,,16.0,22.0,22.0
2025-08-12 21:17:57,1863.68,917.8763636363637,1321.8909090909092,29.22951092981384,100.0,957.9295172213695,10.0,8.314769744873047,,,,,15.0,22.0,22.0
2025-08-12 21:18:03,1861.818181818182,917.8763636363637,1321.8909090909092,29.18316466594115,100.0,957.9141600278649,10.0,8.307740211486816,,,,,15.0,22.0,22.0
2025-08-12 21:18:09,1863.68,919.7381818181818,1323.7527272727273,29.219211758027086,100.0,957.94145825906,10.0,8.308441162109375,,,,,14.0,21.0,22.0
2025-08-12 21:18:15,1865.5418181818181,921.6000000000001,1323.7527272727273,28.961732841708,100.0,957.9082271567696,10.0,8.294533729553223,,,,,14.0,20.0,22.0
2025-08-12 21:18:21,1863.68,916.0145454545454,1321.8909090909092,29.013228566764155,100.0,957.8762145511309,10.0,8.309788703918457,,,,,15.0,20.0,22.0
2025-08-12 21:18:27,1861.818181818182,908.5672727272728,1320.0290909090909,29.111070524551906,100.0,957.8871884623296,10.0,8.3328275680542,,,,,16.0,21.0,23.0
2025-08-12 21:18:33,1859.9563636363637,908.5672727272728,1320.0290909090909,29.15741675175377,100.0,957.9578214260546,10.0,8.329930305480957,,,,,14.0,20.0,23.0
2025-08-12 21:18:39,1858.0945454545456,906.7054545454546,1321.8909090909092,29.275857217260636,100.0,957.9448681360096,10.0,8.337038040161133,,,,,14.0,24.0,25.0
2025-08-12 21:18:45,1856.2327272727275,904.8436363636364,1321.8909090909092,29.13681842564256,100.0,957.9264287758124,10.0,8.330997467041016,,,,,16.0,26.0,26.0
2025-08-12 21:18:51,1859.9563636363637,910.429090909091,1321.8909090909092,28.982331128238002,100.0,957.9119993338629,10.0,8.31556224822998,,,,,17.0,26.0,27.0
2025-08-12 21:18:57,1858.0945454545456,906.7054545454546,1321.8909090909092,29.141968006733805,100.0,957.9342769050916,10.0,8.330255508422852,,,,,17.0,25.0,28.0
2025-08-12 21:19:03,1858.0945454545456,904.8436363636364,1320.0290909090909,29.219211758027086,100.0,957.9967298446105,10.0,8.339483261108398,,,,,16.0,22.0,26.0
2025-08-12 21:19:09,1856.2327272727275,908.5672727272728,1320.0290909090909,29.23981010276475,100.0,957.9175753857753,10.0,8.32490062713623,,,,,15.0,21.0,25.0
2025-08-12 21:19:15,1858.0945454545456,908.5672727272728,1321.8909090909092,29.260408452159027,100.0,957.9213268393579,10.0,8.33069896697998,,,,,13.0,20.0,23.0
2025-08-12 21:19:21,1858.0945454545456,906.7054545454546,1323.7527272727273,29.383998646313557,100.0,957.9161625249408,10.0,8.342792510986328,,,,,14.0,22.0,22.0
2025-08-12 21:19:27,1854.3709090909092,901.12,1321.8909090909092,29.48184100224171,100.0,957.954652365886,10.0,8.355141639709473,,,,,14.0,23.0,25.0
2025-08-12 21:19:33,1852.509090909091,899.2581818181819,1320.0290909090909,29.517888212489197,100.0,957.954274345032,10.0,8.357937812805176,,,,,14.0,22.0,23.0
2025-08-12 21:19:39,1850.647272727273,897.3963636363636,1321.8909090909092,29.528187418036396,100.0,957.9423157992599,10.0,8.359508514404297,,,,,14.0,20.0,21.0
2025-08-12 21:19:45,1846.9236363636364,893.6727272727273,1318.1672727272728,29.553935436997563,100.0,957.9538911403787,10.0,8.362642288208008,,,,,13.0,19.0,20.0
2025-08-12 21:19:51,1845.0618181818181,895.5345454545455,1316.3054545454547,29.50758900810615,100.0,957.9385839354396,10.0,8.34989070892334,,,,,14.0,19.0,19.0
2025-08-12 21:19:57,1845.0618181818181,891.8109090909091,1316.3054545454547,29.569384251866722,100.0,957.9774260237693,10.0,8.364216804504395,,,,,13.0,19.0,19.0
2025-08-12 21:20:03,1846.9236363636364,895.5345454545455,1318.1672727272728,29.60543149674777,100.0,958.004689120183,10.0,8.359199523925781,,,,,14.0,20.0,20.0
2025-08-12 21:20:09,1846.9236363636364,901.12,1314.4436363636364,29.48699060283252,100.0,957.9072033805139,10.0,8.336676597595215,,,,,15.0,20.0,20.0
2025-08-12 21:20:15,1848.7854545454547,901.12,1320.0290909090909,29.589982675766805,100.0,957.8428961276804,10.0,8.347187042236328,,,,,15.0,19.0,19.0
2025-08-12 21:20:21,1846.9236363636364,904.8436363636364,1318.1672727272728,29.538486624747748,100.0,957.9580059322303,10.0,8.32751178741455,,,,,15.0,19.0,20.0
2025-08-12 21:20:27,1848.7854545454547,901.12,1314.4436363636364,29.564234646619298,100.0,957.9142798791966,10.0,8.345351219177246,,,,,16.0,19.0,19.0
2025-08-12 21:20:33,1846.9236363636364,901.12,1316.3054545454547,29.59513228246942,100.0,957.9336954808161,10.0,8.34201717376709,,,,,15.0,19.0,19.0
2025-08-12 21:20:39,1846.9236363636364,904.8436363636364,1318.1672727272728,29.55908504166291,100.0,957.9340857157035,10.0,8.32873821258545,,,,,15.0,21.0,21.0
2025-08-12 21:20:45,1848.7854545454547,908.5672727272728,1316.3054545454547,29.461242602788843,100.0,957.9232704406888,10.0,8.317137718200684,,,,,15.0,21.0,21.0
2025-08-12 21:20:51,1852.509090909091,910.429090909091,1318.1672727272728,29.33250271170982,100.0,957.9206252905674,10.0,8.314369201660156,,,,,14.0,19.0,19.0
2025-08-12 21:24:57,1858.0945454545456,912.2909090909092,1318.1672727272728,29.564234646619298,100.0,957.9695810406442,10.0,8.334480285644531,,,,,16.0,21.0,22.0
2025-08-12 21:25:03,1854.3709090909092,910.429090909091,1318.1672727272728,29.61573071219027,100.0,958.0480318612646,10.0,8.332732200622559,,,,,16.0,22.0,25.0
2025-08-12 21:25:09,1856.2327272727275,916.0145454545454,1323.7527272727273,29.60543149674777,100.0,958.0323415212956,10.0,8.319941520690918,,,,,16.0,26.0,28.0
2025-08-12 21:25:15,1852.509090909091,916.0145454545454,1320.0290909090909,29.584833069355227,100.0,958.0009611050881,10.0,8.309579849243164,,,,,15.0,25.0,26.0
2025-08-12 21:25:21,1852.509090909091,912.2909090909092,1316.3054545454547,29.60543149674777,100.0,957.9770367379753,10.0,8.322232246398926,,,,,15.0,24.0,24.0
2025-08-12 21:25:27,1852.509090909091,910.429090909091,1320.0290909090909,29.59513228246942,100.0,957.9336954808161,10.0,8.327742576599121,,,,,16.0,23.0,23.0
2025-08-12 21:25:33,1850.647272727273,908.5672727272728,1321.8909090909092,29.63117953753681,100.0,957.9886069938354,10.0,8.330138206481934,,,,,15.0,22.0,22.0
2025-08-12 21:25:39,1852.509090909091,919.7381818181818,1318.1672727272728,29.342801896302262,100.0,957.9363182746335,10.0,8.286195755004883,,,,,16.0,22.0,23.0
2025-08-12 21:25:45,1856.2327272727275,921.6000000000001,1318.1672727272728,29.15226716978941,100.0,957.9499732302153,10.0,8.280155181884766,,,,,16.0,21.0,23.0
2025-08-12 21:25:51,1859.9563636363637,927.1854545454546,1321.8909090909092,29.013228566764155,100.0,957.98672226315,10.0,8.265142440795898,,,,,16.0,23.0,27.0
2025-08-12 21:25:57,1859.9563636363637,923.4618181818182,1321.8909090909092,29.002929419424618,100.0,957.9986495863241,10.0,8.27596664428711,,,,,18.0,27.0,28.0
2025-08-12 21:26:03,1858.0945454545456,923.4618181818182,1320.0290909090909,28.879339742154116,100.0,957.975987650843,10.0,8.26502513885498,,,,,17.0,26.0,26.0
2025-08-12 21:26:09,1858.0945454545456,921.6000000000001,1320.0290909090909,28.863891044282354,100.0,958.0352975582297,10.0,8.269521713256836,,,,,17.0,26.0,26.0
2025-08-12 21:26:15,1859.9563636363637,923.4618181818182,1321.8909090909092,28.807245841162512,100.0,958.0594078366782,10.0,8.265495300292969,,,,,16.0,24.0,24.0
2025-08-12 21:26:21,1858.0945454545456,919.7381818181818,1320.0290909090909,28.961732841708,100.0,957.9358518686447,10.0,8.28097152709961,,,,,16.0,24.0,24.0
2025-08-12 21:26:27,1858.0945454545456,917.8763636363637,1320.0290909090909,29.126519264333183,100.0,957.9936279945662,10.0,8.29472827911377,,,,,14.0,21.0,21.0
2025-08-12 21:26:33,1858.0945454545456,921.6000000000001,1321.8909090909092,29.14711758811609,100.0,958.0802886956408,10.0,8.283720016479492,,,,,15.0,21.0,21.0
2025-08-12 21:26:39,1856.2327272727275,916.0145454545454,1318.1672727272728,29.214062172570266,100.0,957.9612462595536,10.0,8.300393104553223,,,,,15.0,20.0,20.0
2025-08-12 21:26:45,1854.3709090909092,910.429090909091,1318.1672727272728,29.22951092981384,100.0,957.9847896745353,10.0,8.313404083251953,,,,,16.0,21.0,21.0
2025-08-12 21:26:51,1852.509090909091,914.1527272727274,1321.8909090909092,29.219211758027086,100.0,957.9690940423941,10.0,8.296781539916992,,,,,17.0,21.0,21.0
2025-08-12 21:26:57,1854.3709090909092,916.0145454545454,1321.8909090909092,29.15226716978941,100.0,957.9499732302153,10.0,8.292534828186035,,,,,16.0,20.0,20.0
2025-08-12 21:27:03,1852.509090909091,912.2909090909092,1318.1672727272728,29.20376300252974,100.0,957.9731858835256,10.0,8.301680564880371,,,,,16.0,21.0,21.0
2025-08-12 21:27:09,1852.509090909091,914.1527272727274,1325.6145454545456,29.25010927687981,100.0,958.01618120459,10.0,8.298027038574219,,,,,16.0,22.0,22.0
2025-08-12 21:27:15,1852.509090909091,916.0145454545454,1320.0290909090909,29.167715916555608,100.0,958.0287850940057,10.0,8.287994384765625,,,,,16.0,21.0,21.0
2025-08-12 21:27:21,1854.3709090909092,914.1527272727274,1320.0290909090909,29.24495968967676,100.0,957.9254226003238,10.0,8.30318832397461,,,,,17.0,22.0,22.0
2025-08-12 21:27:27,1852.509090909091,916.0145454545454,1318.1672727272728,29.234660516143776,100.0,957.9926375238306,10.0,8.291683197021484,,,,,17.0,21.0,21.0
2025-08-12 21:27:33,1854.3709090909092,917.8763636363637,1316.3054545454547,29.111070524551906,100.0,958.0253441795281,10.0,8.284165382385254,,,,,17.0,21.0,22.0
2025-08-12 21:27:39,1858.0945454545456,923.4618181818182,1320.0290909090909,28.894788442645222,100.0,957.8890522139551,10.0,8.26644515991211,,,,,18.0,22.0,23.0
2025-08-12 21:27:45,1858.0945454545456,923.4618181818182,1321.8909090909092,28.82269452943001,100.0,958.000107150642,10.0,8.26194953918457,,,,,18.0,22.0,23.0
2025-08-12 21:27:51,1858.0945454545456,919.7381818181818,1318.1672727272728,28.94113455983461,100.0,957.9597012139924,10.0,8.279748916625977,,,,,17.0,21.0,23.0
2025-08-12 21:27:57,1856.2327272727275,917.8763636363637,1318.1672727272728,29.044126015767688,100.0,957.9785637853348,10.0,8.285845756530762,,,,,17.0,23.0,23.0
2025-08-12 21:28:03,1856.2327272727275,916.0145454545454,1318.1672727272728,29.064724320924142,100.0,957.9270736849185,10.0,8.29299259185791,,,,,16.0,21.0,22.0
2025-08-12 21:28:09,1858.0945454545456,917.8763636363637,1320.0290909090909,29.198613417946035,100.0,957.9929728565368,10.0,8.298420906066895,,,,,15.0,21.0,21.0
2025-08-12 21:28:15,1854.3709090909092,914.1527272727274,1321.8909090909092,29.342801896302262,100.0,957.9916004605133,10.0,8.307720184326172,,,,,15.0,20.0,21.0
2025-08-12 21:28:21,1854.3709090909092,912.2909090909092,1318.1672727272728,29.40974662452936,100.0,958.0106808174186,10.0,8.316739082336426,,,,,16.0,20.0,21.0
2025-08-12 21:28:27,1854.3709090909092,916.0145454545454,1321.8909090909092,29.38914824137464,100.0,958.0069377964309,10.0,8.304265022277832,,,,,16.0,20.0,20.0
2025-08-12 21:28:33,1852.509090909091,917.8763636363637,1316.3054545454547,29.178015082521597,100.0,957.9339463916332,10.0,8.283482551574707,,,,,16.0,20.0,21.0
2025-08-12 21:28:39,1856.2327272727275,919.7381818181818,1316.3054545454547,29.05957474419847,100.0,958.0021117935025,10.0,8.280746459960938,,,,,18.0,22.0,22.0
2025-08-12 21:28:45,1858.0945454545456,925.3236363636365,1320.0290909090909,28.930835420644144,100.0,957.9440012801736,10.0,8.26218318939209,,,,,17.0,21.0,22.0
2025-08-12 21:28:51,1859.9563636363637,923.4618181818182,1320.0290909090909,29.013228566764155,100.0,958.0143492383303,10.0,8.276382446289062,,,,,16.0,21.0,22.0
2025-08-12 21:36:57,1850.647272727273,910.429090909091,1316.3054545454547,29.342801896302262,100.0,957.9639593581286,10.0,8.309819221496582,,,,,17.0,24.0,24.0
2025-08-12 21:37:03,1848.7854545454547,904.8436363636364,1312.5818181818183,29.404597028304124,100.0,957.9199030244089,10.0,8.325691223144531,,,,,17.0,23.0,23.0
2025-08-12 21:37:09,1846.9236363636364,901.12,1316.3054545454547,29.383998646313557,100.0,958.0267339888894,10.0,8.330536842346191,,,,,18.0,23.0,23.0
2025-08-12 21:37:15,1846.9236363636364,902.9818181818183,1314.4436363636364,29.281006806209916,100.0,957.9803537219927,10.0,8.31987190246582,,,,,17.0,22.0,22.0
2025-08-12 21:37:21,1848.7854545454547,906.7054545454546,1314.4436363636364,29.18316466594115,100.0,957.9970627379394,10.0,8.308070182800293,,,,,16.0,21.0,21.0
2025-08-12 21:37:27,1848.7854545454547,908.5672727272728,1314.4436363636364,29.02867728995625,100.0,957.8997608010186,10.0,8.295135498046875,,,,,16.0,21.0,21.0
2025-08-12 21:37:33,1848.7854545454547,908.5672727272728,1314.4436363636364,29.064724320924142,100.0,957.9270736849185,10.0,8.296785354614258,,,,,15.0,21.0,21.0
2025-08-12 21:37:39,1848.7854545454547,914.1527272727274,1316.3054545454547,28.956583270803094,100.0,957.9556267585497,10.0,8.273880958557129,,,,,15.0,20.0,20.0
2025-08-12 21:37:45,1852.509090909091,914.1527272727274,1314.4436363636364,28.863891044282354,100.0,957.8971948395473,10.0,8.279091835021973,,,,,15.0,21.0,21.0
2025-08-12 21:37:51,1850.647272727273,914.1527272727274,1314.4436363636364,28.79179715551436,100.0,958.0082347530405,10.0,8.269824981689453,,,,,15.0,21.0,21.0
2025-08-12 21:37:57,1854.3709090909092,916.0145454545454,1318.1672727272728,28.910237145755673,100.0,957.9954692521939,10.0,8.279804229736328,,,,,16.0,21.0,21.0
2025-08-12 21:38:03,1852.509090909091,912.2909090909092,1314.4436363636364,28.899938010057667,100.0,957.9521461376373,10.0,8.286264419555664,,,,,17.0,22.0,22.0
2025-08-12 21:38:09,1852.509090909091,912.2909090909092,1314.4436363636364,28.771198912058026,100.0,957.9768285109344,10.0,8.279485702514648,,,,,17.0,22.0,22.0
2025-08-12 21:38:15,1850.647272727273,914.1527272727274,1320.0290909090909,28.832993656396866,100.0,958.0158097686406,10.0,8.271883964538574,,,,,17.0,22.0,22.0
2025-08-12 21:38:21,1852.509090909091,910.429090909091,1318.1672727272728,28.879339742154116,100.0,958.0036088735501,10.0,8.290555953979492,,,,,16.0,21.0,21.0
2025-08-12 21:38:27,1850.647272727273,910.429090909091,1314.4436363636364,28.910237145755673,100.0,957.9678467092629,10.0,8.287623405456543,,,,,15.0,21.0,21.0
2025-08-12 21:38:33,1848.7854545454547,914.1527272727274,1321.8909090909092,28.966882412903942,100.0,957.9437015054257,10.0,8.274493217468262,,,,,15.0,21.0,21.0
2025-08-12 21:38:39,1848.7854545454547,910.429090909091,1318.1672727272728,28.961732841708,100.0,957.9358518686447,10.0,8.285719871520996,,,,,18.0,23.0,23.0
2025-08-12 21:38:45,1850.647272727273,912.2909090909092,1316.3054545454547,28.894788442645222,100.0,957.9442958852751,10.0,8.28128433227539,,,,,18.0,24.0,24.0
2025-08-12 21:38:51,1850.647272727273,910.429090909091,1316.3054545454547,28.94113455983461,100.0,957.9873250771545,10.0,8.289067268371582,,,,,18.0,23.0,23.0
2025-08-12 21:38:57,1850.647272727273,912.2909090909092,1318.1672727272728,28.874190175905824,100.0,957.9128950988801,10.0,8.2804594039917,,,,,17.0,22.0,22.0
2025-08-12 21:39:03,1850.647272727273,910.429090909091,1318.1672727272728,29.008078992948867,100.0,958.0064994012012,10.0,8.29236125946045,,,,,16.0,22.0,22.0
2025-08-12 21:39:09,1850.647272727273,908.5672727272728,1318.1672727272728,29.06987389794085,100.0,957.9072930570311,10.0,8.301959037780762,,,,,16.0,22.0,22.0
2025-08-12 21:39:15,1848.7854545454547,906.7054545454546,1316.3054545454547,29.0750234752486,100.0,957.9704007514395,10.0,8.30272102355957,,,,,16.0,22.0,22.0
2025-08-12 21:39:21,1846.9236363636364,904.8436363636364,1312.5818181818183,28.961732841708,100.0,957.9911013489962,10.0,8.297707557678223,,,,,15.0,19.0,19.0
2025-08-12 21:39:27,1848.7854545454547,908.5672727272728,1312.5818181818183,28.910237145755673,100.0,957.9678467092629,10.0,8.288572311401367,,,,,16.0,19.0,19.0
2025-08-12 21:39:33,1850.647272727273,914.1527272727274,1318.1672727272728,28.74545111428597,100.0,957.9651866629788,10.0,8.267762184143066,,,,,15.0,20.0,20.0
2025-08-12 21:39:39,1852.509090909091,914.1527272727274,1318.1672727272728,28.62701133824885,100.0,957.9502669624761,10.0,8.266566276550293,,,,,15.0,22.0,22.0
2025-08-12 21:39:45,1852.509090909091,917.8763636363637,1321.8909090909092,28.47767444877536,100.0,957.970989704197,10.0,8.24732780456543,,,,,17.0,29.0,31.0
2025-08-12 21:39:51,1852.509090909091,914.1527272727274,1318.1672727272728,28.503422170877457,100.0,957.9550491002567,10.0,8.260197639465332,,,,,16.0,27.0,30.0
2025-08-12 21:39:57,1850.647272727273,910.429090909091,1314.4436363636364,28.462225819006562,100.0,958.0854449499493,10.0,8.263814926147461,,,,,16.0,26.0,28.0
2025-08-12 21:40:03,1852.509090909091,910.429090909091,1316.3054545454547,28.518870807631174,100.0,957.9786097559455,10.0,8.27225399017334,,,,,17.0,24.0,25.0
2025-08-12 21:40:09,1850.647272727273,906.7054545454546,1316.3054545454547,28.663058210309828,100.0,957.9776228789715,10.0,8.28632640838623,,,,,15.0,21.0,22.0
2025-08-12 21:40:15,1848.7854545454547,908.5672727272728,1321.8909090909092,28.79694671710604,100.0,958.0160863694518,10.0,8.282425880432129,,,,,15.0,21.0,23.0
2025-08-12 21:40:21,1846.9236363636364,906.7054545454546,1316.3054545454547,28.848442349029938,100.0,958.06698380334,10.0,8.285642623901367,,,,,16.0,30.0,33.0
2025-08-12 21:40:27,1846.9236363636364,901.12,1314.4436363636364,28.858741478907177,100.0,958.0274463304237,10.0,8.303609848022461,,,,,17.0,29.0,32.0
2025-08-12 21:40:33,1846.9236363636364,899.2581818181819,1314.4436363636364,28.961732841708,100.0,957.9358518686447,10.0,8.315271377563477,,,,,16.0,27.0,29.0
2025-08-12 21:40:39,1843.2000000000003,899.2581818181819,1314.4436363636364,28.910237145755673,100.0,957.9678467092629,10.0,8.302860260009766,,,,,15.0,24.0,25.0
2025-08-12 21:40:45,1841.338181818182,893.6727272727273,1312.5818181818183,28.951433700189227,100.0,958.0030255527577,10.0,8.317109107971191,,,,,15.0,21.0,21.0
2025-08-12 21:40:51,1843.2000000000003,891.8109090909091,1312.5818181818183,28.915386714041233,100.0,957.948074278129,10.0,8.326139450073242,,,,,16.0,21.0,21.0
2025-08-12 23:13:50,1811.549090909091,886.2254545454546,1299.5490909090909,27.833983760909177,100.0,958.0924766008443,10.0,8.205765724182129,,,,,20.0,26.0,27.0
2025-08-12 23:13:56,1809.6872727272728,882.5018181818182,1297.687272727273,27.833983760909177,100.0,958.0373237512053,10.0,8.212833404541016,,,,,18.0,24.0,25.0
2025-08-12 23:14:02,1805.9636363636366,882.5018181818182,1297.687272727273,27.880329338513548,100.0,958.0529044639463,10.0,8.20555305480957,,,,,17.0,23.0,23.0
2025-08-12 23:14:08,1805.9636363636366,882.5018181818182,1297.687272727273,27.859731301112333,100.0,958.0490446398283,10.0,8.20452880859375,,,,,18.0,24.0,25.0
2025-08-12 23:14:14,1804.1018181818183,882.5018181818182,1297.687272727273,27.818535240279743,100.0,958.0964722411202,10.0,8.197309494018555,,,,,18.0,23.0,26.0
2025-08-12 23:14:20,1804.1018181818183,880.6400000000001,1293.9636363636364,27.803086722269654,100.0,958.0453165381109,10.0,8.202600479125977,,,,,19.0,25.0,28.0
2025-08-12 23:14:26,1800.3781818181817,880.6400000000001,1295.8254545454547,27.756741183955455,100.0,958.0297241208295,10.0,8.190801620483398,,,,,19.0,26.0,28.0
2025-08-12 23:14:32,1802.24,886.2254545454546,1297.687272727273,27.607405720860697,100.0,957.994754386516,10.0,8.171014785766602,,,,,18.0,25.0,28.0
2025-08-12 23:14:38,1800.3781818181817,886.2254545454546,1297.687272727273,27.48896742417128,100.0,958.0068855590031,10.0,8.160090446472168,,,,,18.0,24.0,25.0
2025-08-12 23:14:44,1800.3781818181817,884.3636363636365,1295.8254545454547,27.48896742417128,100.0,958.0068855590031,10.0,8.165810585021973,,,,,16.0,23.0,23.0
2025-08-12 23:14:50,1802.24,884.3636363636365,1297.687272727273,27.530163335992256,100.0,958.0146568703279,10.0,8.172633171081543,,,,,16.0,22.0,22.0
2025-08-12 23:14:56,1800.3781818181817,880.6400000000001,1293.9636363636364,27.53531282627955,100.0,958.0500823728672,10.0,8.179308891296387,,,,,17.0,22.0,22.0
2025-08-12 23:15:02,1804.1018181818183,884.3636363636365,1295.8254545454547,27.39627669067704,100.0,958.0582733399212,10.0,8.1702299118042,,,,,17.0,22.0,22.0
2025-08-12 23:15:08,1802.24,886.2254545454546,1299.5490909090909,27.5610602820816,100.0,958.0618286674397,10.0,8.1681547164917,,,,,18.0,23.0,23.0
2025-08-12 23:15:14,1802.24,884.3636363636365,1295.8254545454547,27.504415888921358,100.0,958.0304721612961,10.0,8.171197891235352,,,,,19.0,24.0,24.0
2025-08-12 23:15:20,1802.24,882.5018181818182,1297.687272727273,27.59195723864832,100.0,958.0538691813448,10.0,8.181230545043945,,,,,19.0,24.0,24.0
2025-08-12 23:15:26,1800.3781818181817,884.3636363636365,1299.5490909090909,27.684648171212757,100.0,957.9748235876718,10.0,8.176067352294922,,,,,18.0,23.0,23.0
2025-08-12 23:15:32,1802.24,880.6400000000001,1295.8254545454547,27.767040190432454,100.0,958.0178710143861,10.0,8.196186065673828,,,,,18.0,23.0,23.0
2025-08-12 23:15:38,1800.3781818181817,882.5018181818182,1295.8254545454547,27.859731301112333,100.0,958.0490446398283,10.0,8.190223693847656,,,,,15.0,19.0,19.0
2025-08-12 23:15:44,1802.24,884.3636363636365,1295.8254545454547,27.79278771171812,100.0,958.0295966996362,10.0,8.18598747253418,,,,,17.0,25.0,25.0
2025-08-12 23:41:48,1837.6145454545454,906.7054545454546,1305.1345454545456,27.411725139711052,100.0,958.081863452762,10.0,8.188066482543945,,,,,18.0,28.0,28.0
2025-08-12 23:41:54,1835.7527272727275,910.429090909091,1305.1345454545456,27.447771530976752,100.0,958.1093479559588,10.0,8.17350959777832,,,,,19.0,29.0,30.0
2025-08-12 23:42:00,1837.6145454545454,908.5672727272728,1303.2727272727275,27.360230319784023,100.0,958.1410110897217,10.0,8.179277420043945,,,,,20.0,28.0,29.0
2025-08-12 23:42:06,1839.4763636363637,912.2909090909092,1299.5490909090909,27.16969973911182,100.0,958.125526305976,10.0,8.162956237792969,,,,,20.0,28.0,29.0
2025-08-12 23:42:12,1841.338181818182,916.0145454545454,1306.9963636363636,27.097607190866256,100.0,958.1806777224757,10.0,8.15219783782959,,,,,20.0,27.0,28.0
2025-08-12 23:42:18,1841.338181818182,914.1527272727274,1303.2727272727275,26.984319016017253,100.0,958.1453147813096,10.0,8.152362823486328,,,,,19.0,26.0,27.0
2025-08-12 23:42:24,1841.338181818182,910.429090909091,1303.2727272727275,27.128503990272293,100.0,958.1452398928755,10.0,8.171185493469238,,,,,18.0,25.0,25.0
2025-08-12 23:42:30,1843.2000000000003,917.8763636363637,1308.858181818182,27.07700933041633,100.0,958.0941229206945,10.0,8.150810241699219,,,,,18.0,25.0,25.0
2025-08-12 23:42:36,1841.338181818182,912.2909090909092,1305.1345454545456,27.03066416142974,100.0,958.1334959287128,10.0,8.160544395446777,,,,,18.0,26.0,26.0
2025-08-12 23:42:42,1839.4763636363637,908.5672727272728,1306.9963636363636,26.901927704602713,100.0,958.129585630853,10.0,8.160637855529785,,,,,18.0,26.0,27.0
2025-08-12 23:42:48,1839.4763636363637,908.5672727272728,1306.9963636363636,26.79378922143951,100.0,958.1846192903747,10.0,8.154701232910156,,,,,19.0,28.0,30.0
2025-08-12 23:42:54,1841.338181818182,910.429090909091,1305.1345454545456,26.798938670108328,100.0,958.1098922602038,10.0,8.15455436706543,,,,,20.0,28.0,30.0
2025-08-12 23:43:00,1839.4763636363637,904.8436363636364,1305.1345454545456,27.010066316113807,100.0,958.1295696301753,10.0,8.177623748779297,,,,,20.0,30.0,32.0
2025-08-12 23:43:06,1835.7527272727275,902.9818181818183,1305.1345454545456,27.07700933041633,100.0,958.1767549328408,10.0,8.176897048950195,,,,,19.0,30.0,34.0
2025-08-12 23:43:12,1833.8909090909092,899.2581818181819,1308.858181818182,27.2108955065778,100.0,958.1058035079533,10.0,8.190932273864746,,,,,19.0,31.0,34.0
2025-08-12 23:43:18,1832.0290909090909,895.5345454545455,1303.2727272727275,27.308735528960824,100.0,958.1174769983943,10.0,8.202532768249512,,,,,19.0,29.0,31.0
2025-08-12 23:43:24,1828.3054545454547,895.5345454545455,1305.1345454545456,27.34478187948116,100.0,958.1449737594853,10.0,8.194646835327148,,,,,20.0,30.0,32.0
2025-08-12 23:43:30,1826.4436363636364,897.3963636363636,1303.2727272727275,27.39112720824778,100.0,958.1330823556664,10.0,8.186613082885742,,,,,20.0,29.0,31.0
2025-08-12 23:43:36,1828.3054545454547,895.5345454545455,1299.5490909090909,27.339632399962284,100.0,958.1371093072345,10.0,8.194437980651855,,,,,21.0,29.0,32.0
2025-08-12 23:43:42,1828.3054545454547,901.12,1303.2727272727275,27.360230319784023,100.0,958.1961234377424,10.0,8.17790699005127,,,,,22.0,30.0,33.0
